cell_id,Library,Well,Hours,Media,Mapped.Fragments
CELL_0001,LIB_001,WELL_001,0,GM,4108406
CELL_0002,LIB_002,WELL_002,24,DM,3494515
CELL_0003,LIB_003,WELL_003,48,GM,4591473
CELL_0004,LIB_004,WELL_004,72,DM,3948867
CELL_0005,LIB_005,WELL_005,0,GM,3323283
CELL_0006,LIB_006,WELL_006,24,DM,1632051
CELL_0007,LIB_007,WELL_007,48,GM,4653571
CELL_0008,LIB_008,WELL_008,72,DM,1019205
CELL_0009,LIB_009,WELL_009,0,GM,4834257
CELL_0010,LIB_010,WELL_010,24,DM,2734084
CELL_0011,LIB_011,WELL_011,48,GM,3147764
CELL_0012,LIB_012,WELL_012,72,DM,1650824
CELL_0013,LIB_013,WELL_013,0,GM,4731664
CELL_0014,LIB_014,WELL_014,24,DM,4845094
CELL_0015,LIB_015,WELL_015,48,GM,3123430
CELL_0016,LIB_016,WELL_016,72,DM,3649430
CELL_0017,LIB_017,WELL_017,0,GM,2554788
CELL_0018,LIB_018,WELL_018,24,DM,4695265
CELL_0019,LIB_019,WELL_019,48,GM,3343292
CELL_0020,LIB_020,WELL_020,72,DM,4273465
CELL_0021,LIB_021,WELL_021,0,GM,4619388
CELL_0022,LIB_022,WELL_022,24,DM,2711559
CELL_0023,LIB_023,WELL_023,48,GM,3352248
CELL_0024,LIB_024,WELL_024,72,DM,2398069
CELL_0025,LIB_025,WELL_025,0,GM,1796616
CELL_0026,LIB_026,WELL_026,24,DM,2284867
CELL_0027,LIB_027,WELL_027,48,GM,2597710
CELL_0028,LIB_028,WELL_028,72,DM,1350488
CELL_0029,LIB_029,WELL_029,0,GM,1011832
CELL_0030,LIB_030,WELL_030,24,DM,1038561
CELL_0031,LIB_031,WELL_031,48,GM,3761673
CELL_0032,LIB_032,WELL_032,72,DM,2027869
CELL_0033,LIB_033,WELL_033,0,GM,4370740
CELL_0034,LIB_034,WELL_034,24,DM,4087161
CELL_0035,LIB_035,WELL_035,48,GM,3515607
CELL_0036,LIB_036,WELL_036,72,DM,2162139
CELL_0037,LIB_037,WELL_037,0,GM,4330809
CELL_0038,LIB_038,WELL_038,24,DM,4991152
CELL_0039,LIB_039,WELL_039,48,GM,2106284
CELL_0040,LIB_040,WELL_040,72,DM,3838455
CELL_0041,LIB_041,WELL_041,0,GM,4123322
CELL_0042,LIB_042,WELL_042,24,DM,4939873
CELL_0043,LIB_043,WELL_043,48,GM,3859217
CELL_0044,LIB_044,WELL_044,72,DM,2694585
CELL_0045,LIB_045,WELL_045,0,GM,1683230
CELL_0046,LIB_046,WELL_046,24,DM,3122460
CELL_0047,LIB_047,WELL_047,48,GM,4518088
CELL_0048,LIB_048,WELL_048,72,DM,1257769
CELL_0049,LIB_049,WELL_049,0,GM,3031195
CELL_0050,LIB_050,WELL_050,24,DM,2343499
CELL_0051,LIB_051,WELL_051,48,GM,4966496
CELL_0052,LIB_052,WELL_052,72,DM,3066525
CELL_0053,LIB_053,WELL_053,0,GM,2455514
CELL_0054,LIB_054,WELL_054,24,DM,1545276
CELL_0055,LIB_055,WELL_055,48,GM,4272792
CELL_0056,LIB_056,WELL_056,72,DM,2769101
CELL_0057,LIB_057,WELL_057,0,GM,2145140
CELL_0058,LIB_058,WELL_058,24,DM,2870904
CELL_0059,LIB_059,WELL_059,48,GM,4008448
CELL_0060,LIB_060,WELL_060,72,DM,4801024
CELL_0061,LIB_061,WELL_061,0,GM,1614881
CELL_0062,LIB_062,WELL_062,24,DM,3092849
CELL_0063,LIB_063,WELL_063,48,GM,2146638
CELL_0064,LIB_064,WELL_064,72,DM,2706350
CELL_0065,LIB_065,WELL_065,0,GM,2467232
CELL_0066,LIB_066,WELL_066,24,DM,3959609
CELL_0067,LIB_067,WELL_067,48,GM,1679043
CELL_0068,LIB_068,WELL_068,72,DM,4222061
CELL_0069,LIB_069,WELL_069,0,GM,3517220
CELL_0070,LIB_070,WELL_070,24,DM,4926537
CELL_0071,LIB_071,WELL_071,48,GM,2323259
CELL_0072,LIB_072,WELL_072,72,DM,4150959
CELL_0073,LIB_073,WELL_073,0,GM,3931975
CELL_0074,LIB_074,WELL_074,24,DM,2082383
CELL_0075,LIB_075,WELL_075,48,GM,2770140
CELL_0076,LIB_076,WELL_076,72,DM,2504576
CELL_0077,LIB_077,WELL_077,0,GM,1640779
CELL_0078,LIB_078,WELL_078,24,DM,2148795
CELL_0079,LIB_079,WELL_079,48,GM,2579029
CELL_0080,LIB_080,WELL_080,72,DM,3154487
CELL_0081,LIB_081,WELL_081,0,GM,2961229
CELL_0082,LIB_082,WELL_082,24,DM,4949797
CELL_0083,LIB_083,WELL_083,48,GM,4016961
CELL_0084,LIB_084,WELL_084,72,DM,1534818
CELL_0085,LIB_085,WELL_085,0,GM,2890123
CELL_0086,LIB_086,WELL_086,24,DM,4243613
CELL_0087,LIB_087,WELL_087,48,GM,4017426
CELL_0088,LIB_088,WELL_088,72,DM,3281249
CELL_0089,LIB_089,WELL_089,0,GM,4848267
CELL_0090,LIB_090,WELL_090,24,DM,1965440
CELL_0091,LIB_091,WELL_091,48,GM,2457281
CELL_0092,LIB_092,WELL_092,72,DM,2686034
CELL_0093,LIB_093,WELL_093,0,GM,1927146
CELL_0094,LIB_094,WELL_094,24,DM,2573709
CELL_0095,LIB_095,WELL_095,48,GM,3313630
CELL_0096,LIB_096,WELL_096,72,DM,3746953
CELL_0097,LIB_097,WELL_097,0,GM,3015892
CELL_0098,LIB_098,WELL_098,24,DM,1242573
CELL_0099,LIB_099,WELL_099,48,GM,2356772
CELL_0100,LIB_100,WELL_100,72,DM,1062228
CELL_0101,LIB_101,WELL_101,0,GM,2694343
CELL_0102,LIB_102,WELL_102,24,DM,3703175
CELL_0103,LIB_103,WELL_103,48,GM,4697821
CELL_0104,LIB_104,WELL_104,72,DM,4212521
CELL_0105,LIB_105,WELL_105,0,GM,2374853
CELL_0106,LIB_106,WELL_106,24,DM,1554288
CELL_0107,LIB_107,WELL_107,48,GM,4009357
CELL_0108,LIB_108,WELL_108,72,DM,2557322
CELL_0109,LIB_109,WELL_109,0,GM,4373571
CELL_0110,LIB_110,WELL_110,24,DM,3789601
CELL_0111,LIB_111,WELL_111,48,GM,3763290
CELL_0112,LIB_112,WELL_112,72,DM,3837816
CELL_0113,LIB_113,WELL_113,0,GM,2195838
CELL_0114,LIB_114,WELL_114,24,DM,1959223
CELL_0115,LIB_115,WELL_115,48,GM,1504940
CELL_0116,LIB_116,WELL_116,72,DM,3307782
CELL_0117,LIB_117,WELL_117,0,GM,1354162
CELL_0118,LIB_118,WELL_118,24,DM,4029425
CELL_0119,LIB_119,WELL_119,48,GM,2952409
CELL_0120,LIB_120,WELL_120,72,DM,3407663
CELL_0121,LIB_121,WELL_121,0,GM,3388999
CELL_0122,LIB_122,WELL_122,24,DM,4152291
CELL_0123,LIB_123,WELL_123,48,GM,3092228
CELL_0124,LIB_124,WELL_124,72,DM,4423362
CELL_0125,LIB_125,WELL_125,0,GM,3406764
CELL_0126,LIB_126,WELL_126,24,DM,4273946
CELL_0127,LIB_127,WELL_127,48,GM,1566404
CELL_0128,LIB_128,WELL_128,72,DM,2586535
CELL_0129,LIB_129,WELL_129,0,GM,2306383
CELL_0130,LIB_130,WELL_130,24,DM,3831852
CELL_0131,LIB_131,WELL_131,48,GM,2347073
CELL_0132,LIB_132,WELL_132,72,DM,1904406
CELL_0133,LIB_133,WELL_133,0,GM,3358562
CELL_0134,LIB_134,WELL_134,24,DM,2087553
CELL_0135,LIB_135,WELL_135,48,GM,3547848
CELL_0136,LIB_136,WELL_136,72,DM,3897608
CELL_0137,LIB_137,WELL_137,0,GM,3649587
CELL_0138,LIB_138,WELL_138,24,DM,1482542
CELL_0139,LIB_139,WELL_139,48,GM,1158211
CELL_0140,LIB_140,WELL_140,72,DM,2048679
CELL_0141,LIB_141,WELL_141,0,GM,2307758
CELL_0142,LIB_142,WELL_142,24,DM,4413036
CELL_0143,LIB_143,WELL_143,48,GM,3274927
CELL_0144,LIB_144,WELL_144,72,DM,1336629
CELL_0145,LIB_145,WELL_145,0,GM,2844108
CELL_0146,LIB_146,WELL_146,24,DM,3625969
CELL_0147,LIB_147,WELL_147,48,GM,3193549
CELL_0148,LIB_148,WELL_148,72,DM,3103591
CELL_0149,LIB_149,WELL_149,0,GM,4126974
CELL_0150,LIB_150,WELL_150,24,DM,2192657
CELL_0151,LIB_151,WELL_151,48,GM,2786568
CELL_0152,LIB_152,WELL_152,72,DM,1969185
CELL_0153,LIB_153,WELL_153,0,GM,4010768
CELL_0154,LIB_154,WELL_154,24,DM,4400448
CELL_0155,LIB_155,WELL_155,48,GM,1807003
CELL_0156,LIB_156,WELL_156,72,DM,2511371
CELL_0157,LIB_157,WELL_157,0,GM,4351993
CELL_0158,LIB_158,WELL_158,24,DM,1030263
CELL_0159,LIB_159,WELL_159,48,GM,4881526
CELL_0160,LIB_160,WELL_160,72,DM,3936155
CELL_0161,LIB_161,WELL_161,0,GM,3955022
CELL_0162,LIB_162,WELL_162,24,DM,4062632
CELL_0163,LIB_163,WELL_163,48,GM,3313515
CELL_0164,LIB_164,WELL_164,72,DM,4891893
CELL_0165,LIB_165,WELL_165,0,GM,3700201
CELL_0166,LIB_166,WELL_166,24,DM,4167447
CELL_0167,LIB_167,WELL_167,48,GM,1299863
CELL_0168,LIB_168,WELL_168,72,DM,3248329
CELL_0169,LIB_169,WELL_169,0,GM,4238567
CELL_0170,LIB_170,WELL_170,24,DM,1390210
CELL_0171,LIB_171,WELL_171,48,GM,3988975
CELL_0172,LIB_172,WELL_172,72,DM,2116245
CELL_0173,LIB_173,WELL_173,0,GM,3582235
CELL_0174,LIB_174,WELL_174,24,DM,4505962
CELL_0175,LIB_175,WELL_175,48,GM,2786993
CELL_0176,LIB_176,WELL_176,72,DM,2808921
CELL_0177,LIB_177,WELL_177,0,GM,1255479
CELL_0178,LIB_178,WELL_178,24,DM,3963729
CELL_0179,LIB_179,WELL_179,48,GM,2859508
CELL_0180,LIB_180,WELL_180,72,DM,4024118
CELL_0181,LIB_181,WELL_181,0,GM,4882418
CELL_0182,LIB_182,WELL_182,24,DM,2323976
CELL_0183,LIB_183,WELL_183,48,GM,4148080
CELL_0184,LIB_184,WELL_184,72,DM,4482282
CELL_0185,LIB_185,WELL_185,0,GM,4280919
CELL_0186,LIB_186,WELL_186,24,DM,1641027
CELL_0187,LIB_187,WELL_187,48,GM,3692357
CELL_0188,LIB_188,WELL_188,72,DM,1268860
CELL_0189,LIB_189,WELL_189,0,GM,3999589
CELL_0190,LIB_190,WELL_190,24,DM,4675774
CELL_0191,LIB_191,WELL_191,48,GM,2286767
CELL_0192,LIB_192,WELL_192,72,DM,1348765
CELL_0193,LIB_193,WELL_193,0,GM,4571411
CELL_0194,LIB_194,WELL_194,24,DM,1657842
CELL_0195,LIB_195,WELL_195,48,GM,4866397
CELL_0196,LIB_196,WELL_196,72,DM,4588198
CELL_0197,LIB_197,WELL_197,0,GM,4022196
CELL_0198,LIB_198,WELL_198,24,DM,2994846
CELL_0199,LIB_199,WELL_199,48,GM,2381404
CELL_0200,LIB_200,WELL_200,72,DM,2170125
CELL_0201,LIB_201,WELL_201,0,GM,2905967
CELL_0202,LIB_202,WELL_202,24,DM,2145100
CELL_0203,LIB_203,WELL_203,48,GM,4681289
CELL_0204,LIB_204,WELL_204,72,DM,1691735
CELL_0205,LIB_205,WELL_205,0,GM,2340092
CELL_0206,LIB_206,WELL_206,24,DM,1414050
CELL_0207,LIB_207,WELL_207,48,GM,1135897
CELL_0208,LIB_208,WELL_208,72,DM,4219094
CELL_0209,LIB_209,WELL_209,0,GM,1215178
CELL_0210,LIB_210,WELL_210,24,DM,1589341
CELL_0211,LIB_211,WELL_211,48,GM,1879655
CELL_0212,LIB_212,WELL_212,72,DM,1570262
CELL_0213,LIB_213,WELL_213,0,GM,2433109
CELL_0214,LIB_214,WELL_214,24,DM,3712798
CELL_0215,LIB_215,WELL_215,48,GM,2134653
CELL_0216,LIB_216,WELL_216,72,DM,2486832
CELL_0217,LIB_217,WELL_217,0,GM,4552910
CELL_0218,LIB_218,WELL_218,24,DM,3382146
CELL_0219,LIB_219,WELL_219,48,GM,4555210
CELL_0220,LIB_220,WELL_220,72,DM,1708603
CELL_0221,LIB_221,WELL_221,0,GM,2888595
CELL_0222,LIB_222,WELL_222,24,DM,3298802
CELL_0223,LIB_223,WELL_223,48,GM,4948666
CELL_0224,LIB_224,WELL_224,72,DM,3003043
CELL_0225,LIB_225,WELL_225,0,GM,3191847
CELL_0226,LIB_226,WELL_226,24,DM,2639061
CELL_0227,LIB_227,WELL_227,48,GM,4987709
CELL_0228,LIB_228,WELL_228,72,DM,3722978
CELL_0229,LIB_229,WELL_229,0,GM,3103004
CELL_0230,LIB_230,WELL_230,24,DM,4673580
CELL_0231,LIB_231,WELL_231,48,GM,2238032
CELL_0232,LIB_232,WELL_232,72,DM,4339667
CELL_0233,LIB_233,WELL_233,0,GM,4353312
CELL_0234,LIB_234,WELL_234,24,DM,2312828
CELL_0235,LIB_235,WELL_235,48,GM,1554131
CELL_0236,LIB_236,WELL_236,72,DM,1386986
CELL_0237,LIB_237,WELL_237,0,GM,2554293
CELL_0238,LIB_238,WELL_238,24,DM,3243837
CELL_0239,LIB_239,WELL_239,48,GM,4402981
CELL_0240,LIB_240,WELL_240,72,DM,1216345
CELL_0241,LIB_241,WELL_241,0,GM,3589742
CELL_0242,LIB_242,WELL_242,24,DM,4738702
CELL_0243,LIB_243,WELL_243,48,GM,4880208
CELL_0244,LIB_244,WELL_244,72,DM,4048788
CELL_0245,LIB_245,WELL_245,0,GM,1929804
CELL_0246,LIB_246,WELL_246,24,DM,3328613
CELL_0247,LIB_247,WELL_247,48,GM,1367797
CELL_0248,LIB_248,WELL_248,72,DM,1134496
CELL_0249,LIB_249,WELL_249,0,GM,4399810
CELL_0250,LIB_250,WELL_250,24,DM,1826333
CELL_0251,LIB_251,WELL_251,48,GM,1276069
CELL_0252,LIB_252,WELL_252,72,DM,2629548
CELL_0253,LIB_253,WELL_253,0,GM,2603703
CELL_0254,LIB_254,WELL_254,24,DM,3976476
CELL_0255,LIB_255,WELL_255,48,GM,1507207
CELL_0256,LIB_256,WELL_256,72,DM,3557531
CELL_0257,LIB_257,WELL_257,0,GM,2969211
CELL_0258,LIB_258,WELL_258,24,DM,1102009
CELL_0259,LIB_259,WELL_259,48,GM,3130940
CELL_0260,LIB_260,WELL_260,72,DM,1589066
CELL_0261,LIB_261,WELL_261,0,GM,2599321
CELL_0262,LIB_262,WELL_262,24,DM,2655505
CELL_0263,LIB_263,WELL_263,48,GM,4252622
CELL_0264,LIB_264,WELL_264,72,DM,4773639
CELL_0265,LIB_265,WELL_265,0,GM,4215719
CELL_0266,LIB_266,WELL_266,24,DM,2105964
CELL_0267,LIB_267,WELL_267,48,GM,4757313
CELL_0268,LIB_268,WELL_268,72,DM,2692325
CELL_0269,LIB_269,WELL_269,0,GM,1042609
CELL_0270,LIB_270,WELL_270,24,DM,2529869
CELL_0271,LIB_271,WELL_271,48,GM,2883536
CELL_0272,LIB_272,WELL_272,72,DM,1795434
CELL_0273,LIB_273,WELL_273,0,GM,3956776
CELL_0274,LIB_274,WELL_274,24,DM,1105319
CELL_0275,LIB_275,WELL_275,48,GM,4141575
CELL_0276,LIB_276,WELL_276,72,DM,1693428
CELL_0277,LIB_277,WELL_277,0,GM,2775224
CELL_0278,LIB_278,WELL_278,24,DM,4281074
CELL_0279,LIB_279,WELL_279,48,GM,1801738
CELL_0280,LIB_280,WELL_280,72,DM,3666409
CELL_0281,LIB_281,WELL_281,0,GM,2024744
CELL_0282,LIB_282,WELL_282,24,DM,4932453
CELL_0283,LIB_283,WELL_283,48,GM,3021250
CELL_0284,LIB_284,WELL_284,72,DM,4237809
CELL_0285,LIB_285,WELL_285,0,GM,2035406
CELL_0286,LIB_286,WELL_286,24,DM,3030524
CELL_0287,LIB_287,WELL_287,48,GM,4147875
CELL_0288,LIB_288,WELL_288,72,DM,1494504
CELL_0289,LIB_289,WELL_289,0,GM,3405896
CELL_0290,LIB_290,WELL_290,24,DM,1034840
CELL_0291,LIB_291,WELL_291,48,GM,1853300
CELL_0292,LIB_292,WELL_292,72,DM,3260308
CELL_0293,LIB_293,WELL_293,0,GM,1023383
CELL_0294,LIB_294,WELL_294,24,DM,3603669
CELL_0295,LIB_295,WELL_295,48,GM,3201545
CELL_0296,LIB_296,WELL_296,72,DM,4179017
CELL_0297,LIB_297,WELL_297,0,GM,3548712
CELL_0298,LIB_298,WELL_298,24,DM,1015888
CELL_0299,LIB_299,WELL_299,48,GM,3234622
CELL_0300,LIB_300,WELL_300,72,DM,1931392
CELL_0301,LIB_301,WELL_301,0,GM,1679216
CELL_0302,LIB_302,WELL_302,24,DM,4502890
CELL_0303,LIB_303,WELL_303,48,GM,1731831
CELL_0304,LIB_304,WELL_304,72,DM,3715535
CELL_0305,LIB_305,WELL_305,0,GM,1869511
CELL_0306,LIB_306,WELL_306,24,DM,4479537
CELL_0307,LIB_307,WELL_307,48,GM,3993148
CELL_0308,LIB_308,WELL_308,72,DM,3265147
CELL_0309,LIB_309,WELL_309,0,GM,1580331
CELL_0310,LIB_310,WELL_310,24,DM,2895071
CELL_0311,LIB_311,WELL_311,48,GM,3608305
CELL_0312,LIB_312,WELL_312,72,DM,3534828
CELL_0313,LIB_313,WELL_313,0,GM,2691354
CELL_0314,LIB_314,WELL_314,24,DM,3721577
CELL_0315,LIB_315,WELL_315,48,GM,4420401
CELL_0316,LIB_316,WELL_316,72,DM,3851221
CELL_0317,LIB_317,WELL_317,0,GM,3581025
CELL_0318,LIB_318,WELL_318,24,DM,3001619
CELL_0319,LIB_319,WELL_319,48,GM,2425205
CELL_0320,LIB_320,WELL_320,72,DM,4134623
CELL_0321,LIB_321,WELL_321,0,GM,3487811
CELL_0322,LIB_322,WELL_322,24,DM,3623081
CELL_0323,LIB_323,WELL_323,48,GM,4957824
CELL_0324,LIB_324,WELL_324,72,DM,3421544
CELL_0325,LIB_325,WELL_325,0,GM,1004848
CELL_0326,LIB_326,WELL_326,24,DM,4349005
CELL_0327,LIB_327,WELL_327,48,GM,3082528
CELL_0328,LIB_328,WELL_328,72,DM,2090021
CELL_0329,LIB_329,WELL_329,0,GM,3779003
CELL_0330,LIB_330,WELL_330,24,DM,2556644
CELL_0331,LIB_331,WELL_331,48,GM,3842812
CELL_0332,LIB_332,WELL_332,72,DM,3327120
CELL_0333,LIB_333,WELL_333,0,GM,4208666
CELL_0334,LIB_334,WELL_334,24,DM,4615422
CELL_0335,LIB_335,WELL_335,48,GM,3804114
CELL_0336,LIB_336,WELL_336,72,DM,1794009
CELL_0337,LIB_337,WELL_337,0,GM,3022694
CELL_0338,LIB_338,WELL_338,24,DM,3377201
CELL_0339,LIB_339,WELL_339,48,GM,4573000
CELL_0340,LIB_340,WELL_340,72,DM,3082607
CELL_0341,LIB_341,WELL_341,0,GM,2768079
CELL_0342,LIB_342,WELL_342,24,DM,2846273
CELL_0343,LIB_343,WELL_343,48,GM,4050367
CELL_0344,LIB_344,WELL_344,72,DM,1324748
CELL_0345,LIB_345,WELL_345,0,GM,3657889
CELL_0346,LIB_346,WELL_346,24,DM,3092408
CELL_0347,LIB_347,WELL_347,48,GM,2403218
CELL_0348,LIB_348,WELL_348,72,DM,2430033
CELL_0349,LIB_349,WELL_349,0,GM,4857586
CELL_0350,LIB_350,WELL_350,24,DM,4902922
CELL_0351,LIB_351,WELL_351,48,GM,2957021
CELL_0352,LIB_352,WELL_352,72,DM,2722032
CELL_0353,LIB_353,WELL_353,0,GM,4159901
CELL_0354,LIB_354,WELL_354,24,DM,1545405
CELL_0355,LIB_355,WELL_355,48,GM,4452783
CELL_0356,LIB_356,WELL_356,72,DM,2149279
CELL_0357,LIB_357,WELL_357,0,GM,1193500
CELL_0358,LIB_358,WELL_358,24,DM,1101506
CELL_0359,LIB_359,WELL_359,48,GM,4420757
CELL_0360,LIB_360,WELL_360,72,DM,1473901
CELL_0361,LIB_361,WELL_361,0,GM,4055148
CELL_0362,LIB_362,WELL_362,24,DM,1384513
CELL_0363,LIB_363,WELL_363,48,GM,2314484
CELL_0364,LIB_364,WELL_364,72,DM,4844828
CELL_0365,LIB_365,WELL_365,0,GM,4468003
CELL_0366,LIB_366,WELL_366,24,DM,2649143
CELL_0367,LIB_367,WELL_367,48,GM,1713593
CELL_0368,LIB_368,WELL_368,72,DM,2607104
CELL_0369,LIB_369,WELL_369,0,GM,4492230
CELL_0370,LIB_370,WELL_370,24,DM,2902233
CELL_0371,LIB_371,WELL_371,48,GM,1288613
CELL_0372,LIB_372,WELL_372,72,DM,3672692
CELL_0373,LIB_373,WELL_373,0,GM,4767881
CELL_0374,LIB_374,WELL_374,24,DM,2178585
CELL_0375,LIB_375,WELL_375,48,GM,1676677
CELL_0376,LIB_376,WELL_376,72,DM,4561431
CELL_0377,LIB_377,WELL_377,0,GM,1444168
CELL_0378,LIB_378,WELL_378,24,DM,2645285
CELL_0379,LIB_379,WELL_379,48,GM,1609157
CELL_0380,LIB_380,WELL_380,72,DM,4062896
CELL_0381,LIB_381,WELL_381,0,GM,4772581
CELL_0382,LIB_382,WELL_382,24,DM,4522899
CELL_0383,LIB_383,WELL_383,48,GM,2792601
CELL_0384,LIB_384,WELL_384,72,DM,1960724
CELL_0385,LIB_385,WELL_385,0,GM,3267478
CELL_0386,LIB_386,WELL_386,24,DM,2635246
CELL_0387,LIB_387,WELL_387,48,GM,4430354
CELL_0388,LIB_388,WELL_388,72,DM,3057523
CELL_0389,LIB_389,WELL_389,0,GM,1585373
CELL_0390,LIB_390,WELL_390,24,DM,3737273
CELL_0391,LIB_391,WELL_391,48,GM,3148319
CELL_0392,LIB_392,WELL_392,72,DM,1962259
CELL_0393,LIB_393,WELL_393,0,GM,4859150
CELL_0394,LIB_394,WELL_394,24,DM,4258821
CELL_0395,LIB_395,WELL_395,48,GM,4784946
CELL_0396,LIB_396,WELL_396,72,DM,1998816
CELL_0397,LIB_397,WELL_397,0,GM,1714979
CELL_0398,LIB_398,WELL_398,24,DM,1784531
CELL_0399,LIB_399,WELL_399,48,GM,3090970
CELL_0400,LIB_400,WELL_400,72,DM,3851599
CELL_0401,LIB_401,WELL_401,0,GM,1542992
CELL_0402,LIB_402,WELL_402,24,DM,4057446
CELL_0403,LIB_403,WELL_403,48,GM,2895576
CELL_0404,LIB_404,WELL_404,72,DM,4174320
CELL_0405,LIB_405,WELL_405,0,GM,4342340
CELL_0406,LIB_406,WELL_406,24,DM,3646830
CELL_0407,LIB_407,WELL_407,48,GM,4012172
CELL_0408,LIB_408,WELL_408,72,DM,1565511
CELL_0409,LIB_409,WELL_409,0,GM,2132264
CELL_0410,LIB_410,WELL_410,24,DM,4463390
CELL_0411,LIB_411,WELL_411,48,GM,1863177
CELL_0412,LIB_412,WELL_412,72,DM,2880415
CELL_0413,LIB_413,WELL_413,0,GM,4542448
CELL_0414,LIB_414,WELL_414,24,DM,3338524
CELL_0415,LIB_415,WELL_415,48,GM,2621878
CELL_0416,LIB_416,WELL_416,72,DM,1805768
CELL_0417,LIB_417,WELL_417,0,GM,3663436
CELL_0418,LIB_418,WELL_418,24,DM,2258956
CELL_0419,LIB_419,WELL_419,48,GM,2898377
CELL_0420,LIB_420,WELL_420,72,DM,4969120
CELL_0421,LIB_421,WELL_421,0,GM,2900381
CELL_0422,LIB_422,WELL_422,24,DM,3987747
CELL_0423,LIB_423,WELL_423,48,GM,2388816
CELL_0424,LIB_424,WELL_424,72,DM,2321705
CELL_0425,LIB_425,WELL_425,0,GM,4573046
CELL_0426,LIB_426,WELL_426,24,DM,3024729
CELL_0427,LIB_427,WELL_427,48,GM,2587964
CELL_0428,LIB_428,WELL_428,72,DM,2931658
CELL_0429,LIB_429,WELL_429,0,GM,2270214
CELL_0430,LIB_430,WELL_430,24,DM,3856132
CELL_0431,LIB_431,WELL_431,48,GM,1520057
CELL_0432,LIB_432,WELL_432,72,DM,3243583
CELL_0433,LIB_433,WELL_433,0,GM,4783479
CELL_0434,LIB_434,WELL_434,24,DM,2420848
CELL_0435,LIB_435,WELL_435,48,GM,1892068
CELL_0436,LIB_436,WELL_436,72,DM,3298369
CELL_0437,LIB_437,WELL_437,0,GM,2316530
CELL_0438,LIB_438,WELL_438,24,DM,3450395
CELL_0439,LIB_439,WELL_439,48,GM,1880225
CELL_0440,LIB_440,WELL_440,72,DM,3005142
CELL_0441,LIB_441,WELL_441,0,GM,1286575
CELL_0442,LIB_442,WELL_442,24,DM,1901189
CELL_0443,LIB_443,WELL_443,48,GM,2783433
CELL_0444,LIB_444,WELL_444,72,DM,4920801
CELL_0445,LIB_445,WELL_445,0,GM,1063433
CELL_0446,LIB_446,WELL_446,24,DM,1589751
CELL_0447,LIB_447,WELL_447,48,GM,4079660
CELL_0448,LIB_448,WELL_448,72,DM,2741386
CELL_0449,LIB_449,WELL_449,0,GM,1423201
CELL_0450,LIB_450,WELL_450,24,DM,2891839
CELL_0451,LIB_451,WELL_451,48,GM,1636906
CELL_0452,LIB_452,WELL_452,72,DM,3336265
CELL_0453,LIB_453,WELL_453,0,GM,1844335
CELL_0454,LIB_454,WELL_454,24,DM,3095755
CELL_0455,LIB_455,WELL_455,48,GM,4142627
CELL_0456,LIB_456,WELL_456,72,DM,2813945
CELL_0457,LIB_457,WELL_457,0,GM,2365902
CELL_0458,LIB_458,WELL_458,24,DM,4104906
CELL_0459,LIB_459,WELL_459,48,GM,1765099
CELL_0460,LIB_460,WELL_460,72,DM,3482864
CELL_0461,LIB_461,WELL_461,0,GM,2612734
CELL_0462,LIB_462,WELL_462,24,DM,3890454
CELL_0463,LIB_463,WELL_463,48,GM,1572865
CELL_0464,LIB_464,WELL_464,72,DM,4134932
CELL_0465,LIB_465,WELL_465,0,GM,4589358
CELL_0466,LIB_466,WELL_466,24,DM,3705137
CELL_0467,LIB_467,WELL_467,48,GM,1182074
CELL_0468,LIB_468,WELL_468,72,DM,3179150
CELL_0469,LIB_469,WELL_469,0,GM,3177343
CELL_0470,LIB_470,WELL_470,24,DM,2571599
CELL_0471,LIB_471,WELL_471,48,GM,3387660
CELL_0472,LIB_472,WELL_472,72,DM,2636784
CELL_0473,LIB_473,WELL_473,0,GM,2942269
CELL_0474,LIB_474,WELL_474,24,DM,4632121
CELL_0475,LIB_475,WELL_475,48,GM,1599387
CELL_0476,LIB_476,WELL_476,72,DM,2217250
CELL_0477,LIB_477,WELL_477,0,GM,2347223
CELL_0478,LIB_478,WELL_478,24,DM,4549000
CELL_0479,LIB_479,WELL_479,48,GM,4553501
CELL_0480,LIB_480,WELL_480,72,DM,2095056
CELL_0481,LIB_481,WELL_481,0,GM,3969661
CELL_0482,LIB_482,WELL_482,24,DM,2522012
CELL_0483,LIB_483,WELL_483,48,GM,2346121
CELL_0484,LIB_484,WELL_484,72,DM,1871582
CELL_0485,LIB_485,WELL_485,0,GM,3470638
CELL_0486,LIB_486,WELL_486,24,DM,3200221
CELL_0487,LIB_487,WELL_487,48,GM,3243495
CELL_0488,LIB_488,WELL_488,72,DM,4999570
CELL_0489,LIB_489,WELL_489,0,GM,1915121
CELL_0490,LIB_490,WELL_490,24,DM,4137515
CELL_0491,LIB_491,WELL_491,48,GM,1498578
CELL_0492,LIB_492,WELL_492,72,DM,4919639
CELL_0493,LIB_493,WELL_493,0,GM,1850172
CELL_0494,LIB_494,WELL_494,24,DM,1227149
CELL_0495,LIB_495,WELL_495,48,GM,2674046
CELL_0496,LIB_496,WELL_496,72,DM,2533893
CELL_0497,LIB_497,WELL_497,0,GM,1386223
CELL_0498,LIB_498,WELL_498,24,DM,1732407
CELL_0499,LIB_499,WELL_499,48,GM,3445540
CELL_0500,LIB_500,WELL_500,72,DM,2955317
CELL_0501,LIB_501,WELL_501,0,GM,1580236
CELL_0502,LIB_502,WELL_502,24,DM,3020494
CELL_0503,LIB_503,WELL_503,48,GM,2609176
CELL_0504,LIB_504,WELL_504,72,DM,4369247
CELL_0505,LIB_505,WELL_505,0,GM,2741798
CELL_0506,LIB_506,WELL_506,24,DM,3294268
CELL_0507,LIB_507,WELL_507,48,GM,3796500
CELL_0508,LIB_508,WELL_508,72,DM,1162900
CELL_0509,LIB_509,WELL_509,0,GM,3357674
CELL_0510,LIB_510,WELL_510,24,DM,1588459
CELL_0511,LIB_511,WELL_511,48,GM,4347349
CELL_0512,LIB_512,WELL_512,72,DM,2021860
CELL_0513,LIB_513,WELL_513,0,GM,3562304
CELL_0514,LIB_514,WELL_514,24,DM,1424519
CELL_0515,LIB_515,WELL_515,48,GM,2393248
CELL_0516,LIB_516,WELL_516,72,DM,4223244
CELL_0517,LIB_517,WELL_517,0,GM,1747885
CELL_0518,LIB_518,WELL_518,24,DM,2524488
CELL_0519,LIB_519,WELL_519,48,GM,2833971
CELL_0520,LIB_520,WELL_520,72,DM,2770778
CELL_0521,LIB_521,WELL_521,0,GM,4877756
CELL_0522,LIB_522,WELL_522,24,DM,3632792
CELL_0523,LIB_523,WELL_523,48,GM,3472651
CELL_0524,LIB_524,WELL_524,72,DM,3333496
CELL_0525,LIB_525,WELL_525,0,GM,2917603
CELL_0526,LIB_526,WELL_526,24,DM,1389439
CELL_0527,LIB_527,WELL_527,48,GM,2361719
CELL_0528,LIB_528,WELL_528,72,DM,3989010
CELL_0529,LIB_529,WELL_529,0,GM,4171479
CELL_0530,LIB_530,WELL_530,24,DM,3043891
CELL_0531,LIB_531,WELL_531,48,GM,4816479
CELL_0532,LIB_532,WELL_532,72,DM,1043285
CELL_0533,LIB_533,WELL_533,0,GM,1358322
CELL_0534,LIB_534,WELL_534,24,DM,2622508
CELL_0535,LIB_535,WELL_535,48,GM,3930858
CELL_0536,LIB_536,WELL_536,72,DM,3770178
CELL_0537,LIB_537,WELL_537,0,GM,4848213
CELL_0538,LIB_538,WELL_538,24,DM,1529719
CELL_0539,LIB_539,WELL_539,48,GM,1878530
CELL_0540,LIB_540,WELL_540,72,DM,2828104
CELL_0541,LIB_541,WELL_541,0,GM,3483572
CELL_0542,LIB_542,WELL_542,24,DM,1220842
CELL_0543,LIB_543,WELL_543,48,GM,4744198
CELL_0544,LIB_544,WELL_544,72,DM,4003405
CELL_0545,LIB_545,WELL_545,0,GM,4693186
CELL_0546,LIB_546,WELL_546,24,DM,1966824
CELL_0547,LIB_547,WELL_547,48,GM,2949304
CELL_0548,LIB_548,WELL_548,72,DM,2509815
CELL_0549,LIB_549,WELL_549,0,GM,1352156
CELL_0550,LIB_550,WELL_550,24,DM,1156653
CELL_0551,LIB_551,WELL_551,48,GM,4141296
CELL_0552,LIB_552,WELL_552,72,DM,2635062
CELL_0553,LIB_553,WELL_553,0,GM,4041299
CELL_0554,LIB_554,WELL_554,24,DM,1239939
CELL_0555,LIB_555,WELL_555,48,GM,3682330
CELL_0556,LIB_556,WELL_556,72,DM,3646800
CELL_0557,LIB_557,WELL_557,0,GM,2752505
CELL_0558,LIB_558,WELL_558,24,DM,4383098
CELL_0559,LIB_559,WELL_559,48,GM,2774177
CELL_0560,LIB_560,WELL_560,72,DM,2483701
CELL_0561,LIB_561,WELL_561,0,GM,3055806
CELL_0562,LIB_562,WELL_562,24,DM,3679247
CELL_0563,LIB_563,WELL_563,48,GM,2417471
CELL_0564,LIB_564,WELL_564,72,DM,2596240
CELL_0565,LIB_565,WELL_565,0,GM,1163585
CELL_0566,LIB_566,WELL_566,24,DM,3201625
CELL_0567,LIB_567,WELL_567,48,GM,4908876
CELL_0568,LIB_568,WELL_568,72,DM,2320226
CELL_0569,LIB_569,WELL_569,0,GM,1699171
CELL_0570,LIB_570,WELL_570,24,DM,4967205
CELL_0571,LIB_571,WELL_571,48,GM,1218121
CELL_0572,LIB_572,WELL_572,72,DM,4420453
CELL_0573,LIB_573,WELL_573,0,GM,1833790
CELL_0574,LIB_574,WELL_574,24,DM,1493877
CELL_0575,LIB_575,WELL_575,48,GM,1707211
CELL_0576,LIB_576,WELL_576,72,DM,1730819
CELL_0577,LIB_577,WELL_577,0,GM,4624630
CELL_0578,LIB_578,WELL_578,24,DM,4460670
CELL_0579,LIB_579,WELL_579,48,GM,1449967
CELL_0580,LIB_580,WELL_580,72,DM,4590916
CELL_0581,LIB_581,WELL_581,0,GM,2523387
CELL_0582,LIB_582,WELL_582,24,DM,3249836
CELL_0583,LIB_583,WELL_583,48,GM,1796174
CELL_0584,LIB_584,WELL_584,72,DM,2169717
CELL_0585,LIB_585,WELL_585,0,GM,2183919
CELL_0586,LIB_586,WELL_586,24,DM,4758842
CELL_0587,LIB_587,WELL_587,48,GM,4504382
CELL_0588,LIB_588,WELL_588,72,DM,2198066
CELL_0589,LIB_589,WELL_589,0,GM,3478542
CELL_0590,LIB_590,WELL_590,24,DM,3977521
CELL_0591,LIB_591,WELL_591,48,GM,2508113
CELL_0592,LIB_592,WELL_592,72,DM,4857381
CELL_0593,LIB_593,WELL_593,0,GM,3472643
CELL_0594,LIB_594,WELL_594,24,DM,4581622
CELL_0595,LIB_595,WELL_595,48,GM,3975339
CELL_0596,LIB_596,WELL_596,72,DM,4655582
CELL_0597,LIB_597,WELL_597,0,GM,2759919
CELL_0598,LIB_598,WELL_598,24,DM,2183604
CELL_0599,LIB_599,WELL_599,48,GM,3674848
CELL_0600,LIB_600,WELL_600,72,DM,2741958
CELL_0601,LIB_601,WELL_601,0,GM,4305458
CELL_0602,LIB_602,WELL_602,24,DM,1345416
CELL_0603,LIB_603,WELL_603,48,GM,3686368
CELL_0604,LIB_604,WELL_604,72,DM,1386760
CELL_0605,LIB_605,WELL_605,0,GM,4399944
CELL_0606,LIB_606,WELL_606,24,DM,1926293
CELL_0607,LIB_607,WELL_607,48,GM,2099857
CELL_0608,LIB_608,WELL_608,72,DM,4225942
CELL_0609,LIB_609,WELL_609,0,GM,3739758
CELL_0610,LIB_610,WELL_610,24,DM,2890783
CELL_0611,LIB_611,WELL_611,48,GM,1599101
CELL_0612,LIB_612,WELL_612,72,DM,1583460
CELL_0613,LIB_613,WELL_613,0,GM,3619543
CELL_0614,LIB_614,WELL_614,24,DM,4117922
CELL_0615,LIB_615,WELL_615,48,GM,4749652
CELL_0616,LIB_616,WELL_616,72,DM,3943447
CELL_0617,LIB_617,WELL_617,0,GM,4779880
CELL_0618,LIB_618,WELL_618,24,DM,1685699
CELL_0619,LIB_619,WELL_619,48,GM,1031130
CELL_0620,LIB_620,WELL_620,72,DM,1972449
CELL_0621,LIB_621,WELL_621,0,GM,2089109
CELL_0622,LIB_622,WELL_622,24,DM,3791703
CELL_0623,LIB_623,WELL_623,48,GM,4379598
CELL_0624,LIB_624,WELL_624,72,DM,1053209
CELL_0625,LIB_625,WELL_625,0,GM,1701864
CELL_0626,LIB_626,WELL_626,24,DM,2923108
CELL_0627,LIB_627,WELL_627,48,GM,4304524
CELL_0628,LIB_628,WELL_628,72,DM,2520148
CELL_0629,LIB_629,WELL_629,0,GM,3382773
CELL_0630,LIB_630,WELL_630,24,DM,3037662
CELL_0631,LIB_631,WELL_631,48,GM,1711417
CELL_0632,LIB_632,WELL_632,72,DM,1145480
CELL_0633,LIB_633,WELL_633,0,GM,1296218
CELL_0634,LIB_634,WELL_634,24,DM,2307209
CELL_0635,LIB_635,WELL_635,48,GM,2055420
CELL_0636,LIB_636,WELL_636,72,DM,4176670
CELL_0637,LIB_637,WELL_637,0,GM,3245840
CELL_0638,LIB_638,WELL_638,24,DM,2836726
CELL_0639,LIB_639,WELL_639,48,GM,1557695
CELL_0640,LIB_640,WELL_640,72,DM,2726931
CELL_0641,LIB_641,WELL_641,0,GM,4158997
CELL_0642,LIB_642,WELL_642,24,DM,1352505
CELL_0643,LIB_643,WELL_643,48,GM,4456616
CELL_0644,LIB_644,WELL_644,72,DM,2388533
CELL_0645,LIB_645,WELL_645,0,GM,2837764
CELL_0646,LIB_646,WELL_646,24,DM,4784896
CELL_0647,LIB_647,WELL_647,48,GM,4420424
CELL_0648,LIB_648,WELL_648,72,DM,4867072
CELL_0649,LIB_649,WELL_649,0,GM,3591541
CELL_0650,LIB_650,WELL_650,24,DM,1234839
CELL_0651,LIB_651,WELL_651,48,GM,4076484
CELL_0652,LIB_652,WELL_652,72,DM,4192003
CELL_0653,LIB_653,WELL_653,0,GM,3316717
CELL_0654,LIB_654,WELL_654,24,DM,4175863
CELL_0655,LIB_655,WELL_655,48,GM,3285947
CELL_0656,LIB_656,WELL_656,72,DM,4885812
CELL_0657,LIB_657,WELL_657,0,GM,4811741
CELL_0658,LIB_658,WELL_658,24,DM,2316232
CELL_0659,LIB_659,WELL_659,48,GM,1355472
CELL_0660,LIB_660,WELL_660,72,DM,1091757
CELL_0661,LIB_661,WELL_661,0,GM,3065344
CELL_0662,LIB_662,WELL_662,24,DM,3128254
CELL_0663,LIB_663,WELL_663,48,GM,3376233
CELL_0664,LIB_664,WELL_664,72,DM,2906081
CELL_0665,LIB_665,WELL_665,0,GM,1320568
CELL_0666,LIB_666,WELL_666,24,DM,4178101
CELL_0667,LIB_667,WELL_667,48,GM,1496683
CELL_0668,LIB_668,WELL_668,72,DM,1484922
CELL_0669,LIB_669,WELL_669,0,GM,3274509
CELL_0670,LIB_670,WELL_670,24,DM,2243125
CELL_0671,LIB_671,WELL_671,48,GM,1978117
CELL_0672,LIB_672,WELL_672,72,DM,4296706
CELL_0673,LIB_673,WELL_673,0,GM,4432161
CELL_0674,LIB_674,WELL_674,24,DM,2820074
CELL_0675,LIB_675,WELL_675,48,GM,3016665
CELL_0676,LIB_676,WELL_676,72,DM,3784652
CELL_0677,LIB_677,WELL_677,0,GM,2724169
CELL_0678,LIB_678,WELL_678,24,DM,4739679
CELL_0679,LIB_679,WELL_679,48,GM,2336338
CELL_0680,LIB_680,WELL_680,72,DM,4587889
CELL_0681,LIB_681,WELL_681,0,GM,4222717
CELL_0682,LIB_682,WELL_682,24,DM,4460366
CELL_0683,LIB_683,WELL_683,48,GM,4906955
CELL_0684,LIB_684,WELL_684,72,DM,1943275
CELL_0685,LIB_685,WELL_685,0,GM,3110235
CELL_0686,LIB_686,WELL_686,24,DM,3623539
CELL_0687,LIB_687,WELL_687,48,GM,1880303
CELL_0688,LIB_688,WELL_688,72,DM,1230006
CELL_0689,LIB_689,WELL_689,0,GM,3029506
CELL_0690,LIB_690,WELL_690,24,DM,4327424
CELL_0691,LIB_691,WELL_691,48,GM,3931955
CELL_0692,LIB_692,WELL_692,72,DM,2126027
CELL_0693,LIB_693,WELL_693,0,GM,1827986
CELL_0694,LIB_694,WELL_694,24,DM,4362926
CELL_0695,LIB_695,WELL_695,48,GM,4584070
CELL_0696,LIB_696,WELL_696,72,DM,4168497
CELL_0697,LIB_697,WELL_697,0,GM,3728232
CELL_0698,LIB_698,WELL_698,24,DM,1564957
CELL_0699,LIB_699,WELL_699,48,GM,4541014
CELL_0700,LIB_700,WELL_700,72,DM,2141065
CELL_0701,LIB_701,WELL_701,0,GM,2655496
CELL_0702,LIB_702,WELL_702,24,DM,2413306
CELL_0703,LIB_703,WELL_703,48,GM,1368008
CELL_0704,LIB_704,WELL_704,72,DM,1274222
CELL_0705,LIB_705,WELL_705,0,GM,4271494
CELL_0706,LIB_706,WELL_706,24,DM,2274516
CELL_0707,LIB_707,WELL_707,48,GM,3615186
CELL_0708,LIB_708,WELL_708,72,DM,4052479
CELL_0709,LIB_709,WELL_709,0,GM,1080268
CELL_0710,LIB_710,WELL_710,24,DM,3752502
CELL_0711,LIB_711,WELL_711,48,GM,4873916
CELL_0712,LIB_712,WELL_712,72,DM,2204960
CELL_0713,LIB_713,WELL_713,0,GM,4753637
CELL_0714,LIB_714,WELL_714,24,DM,3034266
CELL_0715,LIB_715,WELL_715,48,GM,3779156
CELL_0716,LIB_716,WELL_716,72,DM,4143263
CELL_0717,LIB_717,WELL_717,0,GM,3487719
CELL_0718,LIB_718,WELL_718,24,DM,2321575
CELL_0719,LIB_719,WELL_719,48,GM,4615013
CELL_0720,LIB_720,WELL_720,72,DM,1441226
CELL_0721,LIB_721,WELL_721,0,GM,1458996
CELL_0722,LIB_722,WELL_722,24,DM,4492461
CELL_0723,LIB_723,WELL_723,48,GM,1231933
CELL_0724,LIB_724,WELL_724,72,DM,1850443
CELL_0725,LIB_725,WELL_725,0,GM,3534315
CELL_0726,LIB_726,WELL_726,24,DM,4743899
CELL_0727,LIB_727,WELL_727,48,GM,1161943
CELL_0728,LIB_728,WELL_728,72,DM,1592269
CELL_0729,LIB_729,WELL_729,0,GM,2914464
CELL_0730,LIB_730,WELL_730,24,DM,3356342
CELL_0731,LIB_731,WELL_731,48,GM,2051084
CELL_0732,LIB_732,WELL_732,72,DM,3185438
CELL_0733,LIB_733,WELL_733,0,GM,3037628
CELL_0734,LIB_734,WELL_734,24,DM,1210414
CELL_0735,LIB_735,WELL_735,48,GM,1336672
CELL_0736,LIB_736,WELL_736,72,DM,4641654
CELL_0737,LIB_737,WELL_737,0,GM,1573839
CELL_0738,LIB_738,WELL_738,24,DM,2136216
CELL_0739,LIB_739,WELL_739,48,GM,2619191
CELL_0740,LIB_740,WELL_740,72,DM,3923589
CELL_0741,LIB_741,WELL_741,0,GM,4953568
CELL_0742,LIB_742,WELL_742,24,DM,4691510
CELL_0743,LIB_743,WELL_743,48,GM,1592788
CELL_0744,LIB_744,WELL_744,72,DM,4480613
CELL_0745,LIB_745,WELL_745,0,GM,1634752
CELL_0746,LIB_746,WELL_746,24,DM,4778204
CELL_0747,LIB_747,WELL_747,48,GM,1937022
CELL_0748,LIB_748,WELL_748,72,DM,3955142
CELL_0749,LIB_749,WELL_749,0,GM,1046182
CELL_0750,LIB_750,WELL_750,24,DM,2829649
CELL_0751,LIB_751,WELL_751,48,GM,4748073
CELL_0752,LIB_752,WELL_752,72,DM,1281539
CELL_0753,LIB_753,WELL_753,0,GM,4624122
CELL_0754,LIB_754,WELL_754,24,DM,1406462
CELL_0755,LIB_755,WELL_755,48,GM,3774729
CELL_0756,LIB_756,WELL_756,72,DM,2218429
CELL_0757,LIB_757,WELL_757,0,GM,3622501
CELL_0758,LIB_758,WELL_758,24,DM,3343522
CELL_0759,LIB_759,WELL_759,48,GM,1705260
CELL_0760,LIB_760,WELL_760,72,DM,4467402
CELL_0761,LIB_761,WELL_761,0,GM,1839794
CELL_0762,LIB_762,WELL_762,24,DM,1121519
CELL_0763,LIB_763,WELL_763,48,GM,3134548
CELL_0764,LIB_764,WELL_764,72,DM,2547643
CELL_0765,LIB_765,WELL_765,0,GM,2232553
CELL_0766,LIB_766,WELL_766,24,DM,1454548
CELL_0767,LIB_767,WELL_767,48,GM,4491047
CELL_0768,LIB_768,WELL_768,72,DM,3648644
CELL_0769,LIB_769,WELL_769,0,GM,3299311
CELL_0770,LIB_770,WELL_770,24,DM,2995368
CELL_0771,LIB_771,WELL_771,48,GM,3182146
CELL_0772,LIB_772,WELL_772,72,DM,2696460
CELL_0773,LIB_773,WELL_773,0,GM,2342219
CELL_0774,LIB_774,WELL_774,24,DM,1029479
CELL_0775,LIB_775,WELL_775,48,GM,1576056
CELL_0776,LIB_776,WELL_776,72,DM,2380187
CELL_0777,LIB_777,WELL_777,0,GM,2332168
CELL_0778,LIB_778,WELL_778,24,DM,3665959
CELL_0779,LIB_779,WELL_779,48,GM,1667399
CELL_0780,LIB_780,WELL_780,72,DM,4992227
CELL_0781,LIB_781,WELL_781,0,GM,2939519
CELL_0782,LIB_782,WELL_782,24,DM,1015526
CELL_0783,LIB_783,WELL_783,48,GM,4656689
CELL_0784,LIB_784,WELL_784,72,DM,1410797
CELL_0785,LIB_785,WELL_785,0,GM,3067654
CELL_0786,LIB_786,WELL_786,24,DM,4491061
CELL_0787,LIB_787,WELL_787,48,GM,4172469
CELL_0788,LIB_788,WELL_788,72,DM,3653580
CELL_0789,LIB_789,WELL_789,0,GM,2819331
CELL_0790,LIB_790,WELL_790,24,DM,3380099
CELL_0791,LIB_791,WELL_791,48,GM,2414428
CELL_0792,LIB_792,WELL_792,72,DM,4322615
CELL_0793,LIB_793,WELL_793,0,GM,3199426
CELL_0794,LIB_794,WELL_794,24,DM,4067587
CELL_0795,LIB_795,WELL_795,48,GM,2422895
CELL_0796,LIB_796,WELL_796,72,DM,3057584
CELL_0797,LIB_797,WELL_797,0,GM,3606510
CELL_0798,LIB_798,WELL_798,24,DM,4277800
CELL_0799,LIB_799,WELL_799,48,GM,3876728
CELL_0800,LIB_800,WELL_800,72,DM,1660737
CELL_0801,LIB_801,WELL_801,0,GM,2736974
CELL_0802,LIB_802,WELL_802,24,DM,4851606
CELL_0803,LIB_803,WELL_803,48,GM,2260923
CELL_0804,LIB_804,WELL_804,72,DM,4241824
CELL_0805,LIB_805,WELL_805,0,GM,4051490
CELL_0806,LIB_806,WELL_806,24,DM,2014425
CELL_0807,LIB_807,WELL_807,48,GM,4821880
CELL_0808,LIB_808,WELL_808,72,DM,3505330
CELL_0809,LIB_809,WELL_809,0,GM,3606617
CELL_0810,LIB_810,WELL_810,24,DM,1013148
CELL_0811,LIB_811,WELL_811,48,GM,2348464
CELL_0812,LIB_812,WELL_812,72,DM,3800579
CELL_0813,LIB_813,WELL_813,0,GM,2375749
CELL_0814,LIB_814,WELL_814,24,DM,4024084
CELL_0815,LIB_815,WELL_815,48,GM,2099383
CELL_0816,LIB_816,WELL_816,72,DM,2287663
CELL_0817,LIB_817,WELL_817,0,GM,3659927
CELL_0818,LIB_818,WELL_818,24,DM,2055674
CELL_0819,LIB_819,WELL_819,48,GM,3116412
CELL_0820,LIB_820,WELL_820,72,DM,3181867
CELL_0821,LIB_821,WELL_821,0,GM,4323303
CELL_0822,LIB_822,WELL_822,24,DM,3301717
CELL_0823,LIB_823,WELL_823,48,GM,3098682
CELL_0824,LIB_824,WELL_824,72,DM,3181322
CELL_0825,LIB_825,WELL_825,0,GM,4145759
CELL_0826,LIB_826,WELL_826,24,DM,3751616
CELL_0827,LIB_827,WELL_827,48,GM,1393136
CELL_0828,LIB_828,WELL_828,72,DM,4167986
CELL_0829,LIB_829,WELL_829,0,GM,1344964
CELL_0830,LIB_830,WELL_830,24,DM,4513919
CELL_0831,LIB_831,WELL_831,48,GM,2718301
CELL_0832,LIB_832,WELL_832,72,DM,2568597
CELL_0833,LIB_833,WELL_833,0,GM,1243851
CELL_0834,LIB_834,WELL_834,24,DM,1777385
CELL_0835,LIB_835,WELL_835,48,GM,3297070
CELL_0836,LIB_836,WELL_836,72,DM,4707260
CELL_0837,LIB_837,WELL_837,0,GM,2682621
CELL_0838,LIB_838,WELL_838,24,DM,4517519
CELL_0839,LIB_839,WELL_839,48,GM,1019972
CELL_0840,LIB_840,WELL_840,72,DM,2354115
CELL_0841,LIB_841,WELL_841,0,GM,3207782
CELL_0842,LIB_842,WELL_842,24,DM,3278675
CELL_0843,LIB_843,WELL_843,48,GM,4240946
CELL_0844,LIB_844,WELL_844,72,DM,2658773
CELL_0845,LIB_845,WELL_845,0,GM,2898380
CELL_0846,LIB_846,WELL_846,24,DM,1881374
CELL_0847,LIB_847,WELL_847,48,GM,1611136
CELL_0848,LIB_848,WELL_848,72,DM,4785719
CELL_0849,LIB_849,WELL_849,0,GM,2160420
CELL_0850,LIB_850,WELL_850,24,DM,1534629
CELL_0851,LIB_851,WELL_851,48,GM,2153917
CELL_0852,LIB_852,WELL_852,72,DM,3918686
CELL_0853,LIB_853,WELL_853,0,GM,2250425
CELL_0854,LIB_854,WELL_854,24,DM,2727427
CELL_0855,LIB_855,WELL_855,48,GM,3519702
CELL_0856,LIB_856,WELL_856,72,DM,2737472
CELL_0857,LIB_857,WELL_857,0,GM,2625558
CELL_0858,LIB_858,WELL_858,24,DM,2254630
CELL_0859,LIB_859,WELL_859,48,GM,4796976
CELL_0860,LIB_860,WELL_860,72,DM,4903375
CELL_0861,LIB_861,WELL_861,0,GM,1119379
CELL_0862,LIB_862,WELL_862,24,DM,1241211
CELL_0863,LIB_863,WELL_863,48,GM,2322291
CELL_0864,LIB_864,WELL_864,72,DM,1725925
CELL_0865,LIB_865,WELL_865,0,GM,3980106
CELL_0866,LIB_866,WELL_866,24,DM,3522551
CELL_0867,LIB_867,WELL_867,48,GM,4999551
CELL_0868,LIB_868,WELL_868,72,DM,4240513
CELL_0869,LIB_869,WELL_869,0,GM,2241563
CELL_0870,LIB_870,WELL_870,24,DM,3004300
CELL_0871,LIB_871,WELL_871,48,GM,4495497
CELL_0872,LIB_872,WELL_872,72,DM,3700455
CELL_0873,LIB_873,WELL_873,0,GM,3604554
CELL_0874,LIB_874,WELL_874,24,DM,4265585
CELL_0875,LIB_875,WELL_875,48,GM,1924965
CELL_0876,LIB_876,WELL_876,72,DM,2834810
CELL_0877,LIB_877,WELL_877,0,GM,3521814
CELL_0878,LIB_878,WELL_878,24,DM,4490557
CELL_0879,LIB_879,WELL_879,48,GM,1198977
CELL_0880,LIB_880,WELL_880,72,DM,2675076
CELL_0881,LIB_881,WELL_881,0,GM,1178545
CELL_0882,LIB_882,WELL_882,24,DM,1221557
CELL_0883,LIB_883,WELL_883,48,GM,4818243
CELL_0884,LIB_884,WELL_884,72,DM,1343917
CELL_0885,LIB_885,WELL_885,0,GM,1723727
CELL_0886,LIB_886,WELL_886,24,DM,1769100
CELL_0887,LIB_887,WELL_887,48,GM,4743257
CELL_0888,LIB_888,WELL_888,72,DM,3535868
CELL_0889,LIB_889,WELL_889,0,GM,1932070
CELL_0890,LIB_890,WELL_890,24,DM,4557661
CELL_0891,LIB_891,WELL_891,48,GM,2115423
CELL_0892,LIB_892,WELL_892,72,DM,3552350
CELL_0893,LIB_893,WELL_893,0,GM,1863266
CELL_0894,LIB_894,WELL_894,24,DM,4553281
CELL_0895,LIB_895,WELL_895,48,GM,2522793
CELL_0896,LIB_896,WELL_896,72,DM,2888950
CELL_0897,LIB_897,WELL_897,0,GM,1979556
CELL_0898,LIB_898,WELL_898,24,DM,4862883
CELL_0899,LIB_899,WELL_899,48,GM,1196877
CELL_0900,LIB_900,WELL_900,72,DM,2783844
CELL_0901,LIB_901,WELL_901,0,GM,4430611
CELL_0902,LIB_902,WELL_902,24,DM,4310595
CELL_0903,LIB_903,WELL_903,48,GM,3441639
CELL_0904,LIB_904,WELL_904,72,DM,3721612
CELL_0905,LIB_905,WELL_905,0,GM,2676670
CELL_0906,LIB_906,WELL_906,24,DM,2642430
CELL_0907,LIB_907,WELL_907,48,GM,2585493
CELL_0908,LIB_908,WELL_908,72,DM,1951605
CELL_0909,LIB_909,WELL_909,0,GM,4360580
CELL_0910,LIB_910,WELL_910,24,DM,3979424
CELL_0911,LIB_911,WELL_911,48,GM,2289069
CELL_0912,LIB_912,WELL_912,72,DM,1257196
CELL_0913,LIB_913,WELL_913,0,GM,2914196
CELL_0914,LIB_914,WELL_914,24,DM,2110972
CELL_0915,LIB_915,WELL_915,48,GM,3441897
CELL_0916,LIB_916,WELL_916,72,DM,2026135
CELL_0917,LIB_917,WELL_917,0,GM,3233950
CELL_0918,LIB_918,WELL_918,24,DM,2488480
CELL_0919,LIB_919,WELL_919,48,GM,4426495
CELL_0920,LIB_920,WELL_920,72,DM,4884381
CELL_0921,LIB_921,WELL_921,0,GM,1059845
CELL_0922,LIB_922,WELL_922,24,DM,3201145
CELL_0923,LIB_923,WELL_923,48,GM,3304328
CELL_0924,LIB_924,WELL_924,72,DM,4395597
CELL_0925,LIB_925,WELL_925,0,GM,2931593
CELL_0926,LIB_926,WELL_926,24,DM,3533832
CELL_0927,LIB_927,WELL_927,48,GM,1080610
CELL_0928,LIB_928,WELL_928,72,DM,4211051
CELL_0929,LIB_929,WELL_929,0,GM,3774129
CELL_0930,LIB_930,WELL_930,24,DM,1530446
CELL_0931,LIB_931,WELL_931,48,GM,4555291
CELL_0932,LIB_932,WELL_932,72,DM,4254412
CELL_0933,LIB_933,WELL_933,0,GM,2114600
CELL_0934,LIB_934,WELL_934,24,DM,3556311
CELL_0935,LIB_935,WELL_935,48,GM,2997620
CELL_0936,LIB_936,WELL_936,72,DM,4731503
CELL_0937,LIB_937,WELL_937,0,GM,2148008
CELL_0938,LIB_938,WELL_938,24,DM,4996090
CELL_0939,LIB_939,WELL_939,48,GM,2993523
CELL_0940,LIB_940,WELL_940,72,DM,3865009
CELL_0941,LIB_941,WELL_941,0,GM,4156957
CELL_0942,LIB_942,WELL_942,24,DM,2479747
CELL_0943,LIB_943,WELL_943,48,GM,2856077
CELL_0944,LIB_944,WELL_944,72,DM,4808114
CELL_0945,LIB_945,WELL_945,0,GM,2938176
CELL_0946,LIB_946,WELL_946,24,DM,4834896
CELL_0947,LIB_947,WELL_947,48,GM,2249538
CELL_0948,LIB_948,WELL_948,72,DM,3557742
CELL_0949,LIB_949,WELL_949,0,GM,4386146
CELL_0950,LIB_950,WELL_950,24,DM,3737429
CELL_0951,LIB_951,WELL_951,48,GM,3592821
CELL_0952,LIB_952,WELL_952,72,DM,3063422
CELL_0953,LIB_953,WELL_953,0,GM,4368682
CELL_0954,LIB_954,WELL_954,24,DM,3947632
CELL_0955,LIB_955,WELL_955,48,GM,1769421
CELL_0956,LIB_956,WELL_956,72,DM,1261374
CELL_0957,LIB_957,WELL_957,0,GM,2912626
CELL_0958,LIB_958,WELL_958,24,DM,1495880
CELL_0959,LIB_959,WELL_959,48,GM,1898569
CELL_0960,LIB_960,WELL_960,72,DM,4958148
CELL_0961,LIB_961,WELL_961,0,GM,1631719
CELL_0962,LIB_962,WELL_962,24,DM,1699080
CELL_0963,LIB_963,WELL_963,48,GM,3359264
CELL_0964,LIB_964,WELL_964,72,DM,4841943
CELL_0965,LIB_965,WELL_965,0,GM,2548933
CELL_0966,LIB_966,WELL_966,24,DM,1591311
CELL_0967,LIB_967,WELL_967,48,GM,3631594
CELL_0968,LIB_968,WELL_968,72,DM,3614201
CELL_0969,LIB_969,WELL_969,0,GM,2551627
CELL_0970,LIB_970,WELL_970,24,DM,1736490
CELL_0971,LIB_971,WELL_971,48,GM,4825061
CELL_0972,LIB_972,WELL_972,72,DM,4834706
CELL_0973,LIB_973,WELL_973,0,GM,1656005
CELL_0974,LIB_974,WELL_974,24,DM,2796513
CELL_0975,LIB_975,WELL_975,48,GM,1600378
CELL_0976,LIB_976,WELL_976,72,DM,2180035
CELL_0977,LIB_977,WELL_977,0,GM,1808941
CELL_0978,LIB_978,WELL_978,24,DM,4123711
CELL_0979,LIB_979,WELL_979,48,GM,2043963
CELL_0980,LIB_980,WELL_980,72,DM,3169277
CELL_0981,LIB_981,WELL_981,0,GM,4716512
CELL_0982,LIB_982,WELL_982,24,DM,1229125
CELL_0983,LIB_983,WELL_983,48,GM,2835164
CELL_0984,LIB_984,WELL_984,72,DM,4935022
CELL_0985,LIB_985,WELL_985,0,GM,2741637
CELL_0986,LIB_986,WELL_986,24,DM,2923313
CELL_0987,LIB_987,WELL_987,48,GM,2945271
CELL_0988,LIB_988,WELL_988,72,DM,2954683
CELL_0989,LIB_989,WELL_989,0,GM,4845266
CELL_0990,LIB_990,WELL_990,24,DM,3615511
CELL_0991,LIB_991,WELL_991,48,GM,4599096
CELL_0992,LIB_992,WELL_992,72,DM,2584471
CELL_0993,LIB_993,WELL_993,0,GM,2669959
CELL_0994,LIB_994,WELL_994,24,DM,1522780
CELL_0995,LIB_995,WELL_995,48,GM,4910335
CELL_0996,LIB_996,WELL_996,72,DM,2199341
CELL_0997,LIB_997,WELL_997,0,GM,2513150
CELL_0998,LIB_998,WELL_998,24,DM,4467606
CELL_0999,LIB_999,WELL_999,48,GM,4522106
CELL_1000,LIB_1000,WELL_1000,72,DM,4816966
CELL_1001,LIB_1001,WELL_1001,0,GM,2406834
CELL_1002,LIB_1002,WELL_1002,24,DM,1767470
CELL_1003,LIB_1003,WELL_1003,48,GM,3064897
CELL_1004,LIB_1004,WELL_1004,72,DM,2905369
CELL_1005,LIB_1005,WELL_1005,0,GM,3647921
CELL_1006,LIB_1006,WELL_1006,24,DM,4235637
CELL_1007,LIB_1007,WELL_1007,48,GM,2968878
CELL_1008,LIB_1008,WELL_1008,72,DM,3058057
CELL_1009,LIB_1009,WELL_1009,0,GM,3572500
CELL_1010,LIB_1010,WELL_1010,24,DM,2611177
CELL_1011,LIB_1011,WELL_1011,48,GM,3581919
CELL_1012,LIB_1012,WELL_1012,72,DM,4830496
CELL_1013,LIB_1013,WELL_1013,0,GM,1964794
CELL_1014,LIB_1014,WELL_1014,24,DM,2055546
CELL_1015,LIB_1015,WELL_1015,48,GM,4970748
CELL_1016,LIB_1016,WELL_1016,72,DM,4376459
CELL_1017,LIB_1017,WELL_1017,0,GM,3480628
CELL_1018,LIB_1018,WELL_1018,24,DM,2217967
CELL_1019,LIB_1019,WELL_1019,48,GM,4315064
CELL_1020,LIB_1020,WELL_1020,72,DM,3720726
CELL_1021,LIB_1021,WELL_1021,0,GM,4777216
CELL_1022,LIB_1022,WELL_1022,24,DM,3198393
CELL_1023,LIB_1023,WELL_1023,48,GM,2060062
CELL_1024,LIB_1024,WELL_1024,72,DM,1199070
CELL_1025,LIB_1025,WELL_1025,0,GM,3665087
CELL_1026,LIB_1026,WELL_1026,24,DM,1751680
CELL_1027,LIB_1027,WELL_1027,48,GM,1907960
CELL_1028,LIB_1028,WELL_1028,72,DM,4884802
CELL_1029,LIB_1029,WELL_1029,0,GM,3769401
CELL_1030,LIB_1030,WELL_1030,24,DM,1405589
CELL_1031,LIB_1031,WELL_1031,48,GM,1470997
CELL_1032,LIB_1032,WELL_1032,72,DM,2357206
CELL_1033,LIB_1033,WELL_1033,0,GM,1451900
CELL_1034,LIB_1034,WELL_1034,24,DM,3466049
CELL_1035,LIB_1035,WELL_1035,48,GM,4440397
CELL_1036,LIB_1036,WELL_1036,72,DM,4650586
CELL_1037,LIB_1037,WELL_1037,0,GM,3273250
CELL_1038,LIB_1038,WELL_1038,24,DM,4809613
CELL_1039,LIB_1039,WELL_1039,48,GM,1702878
CELL_1040,LIB_1040,WELL_1040,72,DM,1956181
CELL_1041,LIB_1041,WELL_1041,0,GM,3922623
CELL_1042,LIB_1042,WELL_1042,24,DM,3601758
CELL_1043,LIB_1043,WELL_1043,48,GM,3867450
CELL_1044,LIB_1044,WELL_1044,72,DM,2024457
CELL_1045,LIB_1045,WELL_1045,0,GM,3445248
CELL_1046,LIB_1046,WELL_1046,24,DM,2403363
CELL_1047,LIB_1047,WELL_1047,48,GM,2412715
CELL_1048,LIB_1048,WELL_1048,72,DM,1208151
CELL_1049,LIB_1049,WELL_1049,0,GM,4952724
CELL_1050,LIB_1050,WELL_1050,24,DM,2182822
CELL_1051,LIB_1051,WELL_1051,48,GM,4077417
CELL_1052,LIB_1052,WELL_1052,72,DM,1758665
CELL_1053,LIB_1053,WELL_1053,0,GM,1268223
CELL_1054,LIB_1054,WELL_1054,24,DM,2048972
CELL_1055,LIB_1055,WELL_1055,48,GM,1030729
CELL_1056,LIB_1056,WELL_1056,72,DM,1107249
CELL_1057,LIB_1057,WELL_1057,0,GM,2152040
CELL_1058,LIB_1058,WELL_1058,24,DM,1847982
CELL_1059,LIB_1059,WELL_1059,48,GM,1028918
CELL_1060,LIB_1060,WELL_1060,72,DM,4665001
CELL_1061,LIB_1061,WELL_1061,0,GM,3082160
CELL_1062,LIB_1062,WELL_1062,24,DM,3826958
CELL_1063,LIB_1063,WELL_1063,48,GM,1094720
CELL_1064,LIB_1064,WELL_1064,72,DM,2885878
CELL_1065,LIB_1065,WELL_1065,0,GM,4973157
CELL_1066,LIB_1066,WELL_1066,24,DM,1762286
CELL_1067,LIB_1067,WELL_1067,48,GM,3782007
CELL_1068,LIB_1068,WELL_1068,72,DM,2192990
CELL_1069,LIB_1069,WELL_1069,0,GM,4973492
CELL_1070,LIB_1070,WELL_1070,24,DM,3507718
CELL_1071,LIB_1071,WELL_1071,48,GM,3506933
CELL_1072,LIB_1072,WELL_1072,72,DM,1360329
CELL_1073,LIB_1073,WELL_1073,0,GM,2613657
CELL_1074,LIB_1074,WELL_1074,24,DM,3721825
CELL_1075,LIB_1075,WELL_1075,48,GM,1699092
CELL_1076,LIB_1076,WELL_1076,72,DM,1543515
CELL_1077,LIB_1077,WELL_1077,0,GM,2708324
CELL_1078,LIB_1078,WELL_1078,24,DM,1242102
CELL_1079,LIB_1079,WELL_1079,48,GM,3517377
CELL_1080,LIB_1080,WELL_1080,72,DM,1800127
CELL_1081,LIB_1081,WELL_1081,0,GM,3644893
CELL_1082,LIB_1082,WELL_1082,24,DM,1439158
CELL_1083,LIB_1083,WELL_1083,48,GM,3345887
CELL_1084,LIB_1084,WELL_1084,72,DM,2880682
CELL_1085,LIB_1085,WELL_1085,0,GM,1799030
CELL_1086,LIB_1086,WELL_1086,24,DM,2586086
CELL_1087,LIB_1087,WELL_1087,48,GM,3508755
CELL_1088,LIB_1088,WELL_1088,72,DM,2465079
CELL_1089,LIB_1089,WELL_1089,0,GM,4094151
CELL_1090,LIB_1090,WELL_1090,24,DM,3679862
CELL_1091,LIB_1091,WELL_1091,48,GM,1907240
CELL_1092,LIB_1092,WELL_1092,72,DM,2312536
CELL_1093,LIB_1093,WELL_1093,0,GM,1051097
CELL_1094,LIB_1094,WELL_1094,24,DM,1215069
CELL_1095,LIB_1095,WELL_1095,48,GM,3084528
CELL_1096,LIB_1096,WELL_1096,72,DM,4241188
CELL_1097,LIB_1097,WELL_1097,0,GM,4558111
CELL_1098,LIB_1098,WELL_1098,24,DM,1182225
CELL_1099,LIB_1099,WELL_1099,48,GM,2806521
CELL_1100,LIB_1100,WELL_1100,72,DM,1830365
CELL_1101,LIB_1101,WELL_1101,0,GM,1506340
CELL_1102,LIB_1102,WELL_1102,24,DM,3804074
CELL_1103,LIB_1103,WELL_1103,48,GM,1674258
CELL_1104,LIB_1104,WELL_1104,72,DM,2586017
CELL_1105,LIB_1105,WELL_1105,0,GM,4985732
CELL_1106,LIB_1106,WELL_1106,24,DM,3597392
CELL_1107,LIB_1107,WELL_1107,48,GM,4098209
CELL_1108,LIB_1108,WELL_1108,72,DM,3604750
CELL_1109,LIB_1109,WELL_1109,0,GM,1713179
CELL_1110,LIB_1110,WELL_1110,24,DM,3640231
CELL_1111,LIB_1111,WELL_1111,48,GM,4074493
CELL_1112,LIB_1112,WELL_1112,72,DM,3275095
CELL_1113,LIB_1113,WELL_1113,0,GM,1191854
CELL_1114,LIB_1114,WELL_1114,24,DM,3125385
CELL_1115,LIB_1115,WELL_1115,48,GM,2275463
CELL_1116,LIB_1116,WELL_1116,72,DM,2414298
CELL_1117,LIB_1117,WELL_1117,0,GM,2604108
CELL_1118,LIB_1118,WELL_1118,24,DM,4241368
CELL_1119,LIB_1119,WELL_1119,48,GM,1278727
CELL_1120,LIB_1120,WELL_1120,72,DM,1308899
CELL_1121,LIB_1121,WELL_1121,0,GM,2055611
CELL_1122,LIB_1122,WELL_1122,24,DM,2868315
CELL_1123,LIB_1123,WELL_1123,48,GM,4930986
CELL_1124,LIB_1124,WELL_1124,72,DM,4754887
CELL_1125,LIB_1125,WELL_1125,0,GM,1246839
CELL_1126,LIB_1126,WELL_1126,24,DM,4939281
CELL_1127,LIB_1127,WELL_1127,48,GM,4003868
CELL_1128,LIB_1128,WELL_1128,72,DM,1526621
CELL_1129,LIB_1129,WELL_1129,0,GM,3625987
CELL_1130,LIB_1130,WELL_1130,24,DM,4119028
CELL_1131,LIB_1131,WELL_1131,48,GM,2799827
CELL_1132,LIB_1132,WELL_1132,72,DM,1013207
CELL_1133,LIB_1133,WELL_1133,0,GM,1552135
CELL_1134,LIB_1134,WELL_1134,24,DM,3764409
CELL_1135,LIB_1135,WELL_1135,48,GM,2455131
CELL_1136,LIB_1136,WELL_1136,72,DM,3226794
CELL_1137,LIB_1137,WELL_1137,0,GM,1132125
CELL_1138,LIB_1138,WELL_1138,24,DM,3022827
CELL_1139,LIB_1139,WELL_1139,48,GM,3919690
CELL_1140,LIB_1140,WELL_1140,72,DM,4547949
CELL_1141,LIB_1141,WELL_1141,0,GM,4422825
CELL_1142,LIB_1142,WELL_1142,24,DM,4923583
CELL_1143,LIB_1143,WELL_1143,48,GM,2252842
CELL_1144,LIB_1144,WELL_1144,72,DM,1089973
CELL_1145,LIB_1145,WELL_1145,0,GM,1593167
CELL_1146,LIB_1146,WELL_1146,24,DM,2254165
CELL_1147,LIB_1147,WELL_1147,48,GM,1617598
CELL_1148,LIB_1148,WELL_1148,72,DM,2694596
CELL_1149,LIB_1149,WELL_1149,0,GM,1439651
CELL_1150,LIB_1150,WELL_1150,24,DM,4661452
CELL_1151,LIB_1151,WELL_1151,48,GM,2403030
CELL_1152,LIB_1152,WELL_1152,72,DM,2569805
CELL_1153,LIB_1153,WELL_1153,0,GM,4688795
CELL_1154,LIB_1154,WELL_1154,24,DM,3910172
CELL_1155,LIB_1155,WELL_1155,48,GM,2226721
CELL_1156,LIB_1156,WELL_1156,72,DM,3511094
CELL_1157,LIB_1157,WELL_1157,0,GM,4805210
CELL_1158,LIB_1158,WELL_1158,24,DM,3831153
CELL_1159,LIB_1159,WELL_1159,48,GM,4219248
CELL_1160,LIB_1160,WELL_1160,72,DM,1572684
CELL_1161,LIB_1161,WELL_1161,0,GM,2930445
CELL_1162,LIB_1162,WELL_1162,24,DM,3040217
CELL_1163,LIB_1163,WELL_1163,48,GM,1481995
CELL_1164,LIB_1164,WELL_1164,72,DM,1979140
CELL_1165,LIB_1165,WELL_1165,0,GM,1108677
CELL_1166,LIB_1166,WELL_1166,24,DM,1419536
CELL_1167,LIB_1167,WELL_1167,48,GM,1221873
CELL_1168,LIB_1168,WELL_1168,72,DM,4563570
CELL_1169,LIB_1169,WELL_1169,0,GM,4365752
CELL_1170,LIB_1170,WELL_1170,24,DM,2977555
CELL_1171,LIB_1171,WELL_1171,48,GM,3039120
CELL_1172,LIB_1172,WELL_1172,72,DM,1349427
CELL_1173,LIB_1173,WELL_1173,0,GM,1403561
CELL_1174,LIB_1174,WELL_1174,24,DM,2706749
CELL_1175,LIB_1175,WELL_1175,48,GM,1351274
CELL_1176,LIB_1176,WELL_1176,72,DM,4429061
CELL_1177,LIB_1177,WELL_1177,0,GM,4275195
CELL_1178,LIB_1178,WELL_1178,24,DM,2313194
CELL_1179,LIB_1179,WELL_1179,48,GM,3055877
CELL_1180,LIB_1180,WELL_1180,72,DM,1393117
CELL_1181,LIB_1181,WELL_1181,0,GM,3941791
CELL_1182,LIB_1182,WELL_1182,24,DM,3481288
CELL_1183,LIB_1183,WELL_1183,48,GM,1601147
CELL_1184,LIB_1184,WELL_1184,72,DM,2290156
CELL_1185,LIB_1185,WELL_1185,0,GM,3155140
CELL_1186,LIB_1186,WELL_1186,24,DM,4476338
CELL_1187,LIB_1187,WELL_1187,48,GM,2383592
CELL_1188,LIB_1188,WELL_1188,72,DM,2975705
CELL_1189,LIB_1189,WELL_1189,0,GM,1881969
CELL_1190,LIB_1190,WELL_1190,24,DM,3977857
CELL_1191,LIB_1191,WELL_1191,48,GM,3292355
CELL_1192,LIB_1192,WELL_1192,72,DM,2827738
CELL_1193,LIB_1193,WELL_1193,0,GM,2881706
CELL_1194,LIB_1194,WELL_1194,24,DM,1400180
CELL_1195,LIB_1195,WELL_1195,48,GM,4849104
CELL_1196,LIB_1196,WELL_1196,72,DM,2801219
CELL_1197,LIB_1197,WELL_1197,0,GM,3313286
CELL_1198,LIB_1198,WELL_1198,24,DM,3923009
CELL_1199,LIB_1199,WELL_1199,48,GM,1332770
CELL_1200,LIB_1200,WELL_1200,72,DM,2256028
CELL_1201,LIB_1201,WELL_1201,0,GM,4462811
CELL_1202,LIB_1202,WELL_1202,24,DM,3812020
CELL_1203,LIB_1203,WELL_1203,48,GM,3253002
CELL_1204,LIB_1204,WELL_1204,72,DM,4592787
CELL_1205,LIB_1205,WELL_1205,0,GM,1927412
CELL_1206,LIB_1206,WELL_1206,24,DM,3226044
CELL_1207,LIB_1207,WELL_1207,48,GM,2947276
CELL_1208,LIB_1208,WELL_1208,72,DM,1949470
CELL_1209,LIB_1209,WELL_1209,0,GM,1736342
CELL_1210,LIB_1210,WELL_1210,24,DM,1113040
CELL_1211,LIB_1211,WELL_1211,48,GM,4327746
CELL_1212,LIB_1212,WELL_1212,72,DM,3258156
CELL_1213,LIB_1213,WELL_1213,0,GM,4308280
CELL_1214,LIB_1214,WELL_1214,24,DM,1835374
CELL_1215,LIB_1215,WELL_1215,48,GM,2194975
CELL_1216,LIB_1216,WELL_1216,72,DM,2715764
CELL_1217,LIB_1217,WELL_1217,0,GM,2721753
CELL_1218,LIB_1218,WELL_1218,24,DM,3666869
CELL_1219,LIB_1219,WELL_1219,48,GM,1317850
CELL_1220,LIB_1220,WELL_1220,72,DM,4448292
CELL_1221,LIB_1221,WELL_1221,0,GM,3455338
CELL_1222,LIB_1222,WELL_1222,24,DM,2771653
CELL_1223,LIB_1223,WELL_1223,48,GM,1180925
CELL_1224,LIB_1224,WELL_1224,72,DM,3657798
CELL_1225,LIB_1225,WELL_1225,0,GM,1920219
CELL_1226,LIB_1226,WELL_1226,24,DM,2827301
CELL_1227,LIB_1227,WELL_1227,48,GM,3818503
CELL_1228,LIB_1228,WELL_1228,72,DM,3753914
CELL_1229,LIB_1229,WELL_1229,0,GM,2517337
CELL_1230,LIB_1230,WELL_1230,24,DM,1408323
CELL_1231,LIB_1231,WELL_1231,48,GM,3235661
CELL_1232,LIB_1232,WELL_1232,72,DM,3949711
CELL_1233,LIB_1233,WELL_1233,0,GM,2854916
CELL_1234,LIB_1234,WELL_1234,24,DM,4661213
CELL_1235,LIB_1235,WELL_1235,48,GM,2424614
CELL_1236,LIB_1236,WELL_1236,72,DM,3623581
CELL_1237,LIB_1237,WELL_1237,0,GM,4044884
CELL_1238,LIB_1238,WELL_1238,24,DM,4114113
CELL_1239,LIB_1239,WELL_1239,48,GM,1165168
CELL_1240,LIB_1240,WELL_1240,72,DM,3451206
CELL_1241,LIB_1241,WELL_1241,0,GM,1580491
CELL_1242,LIB_1242,WELL_1242,24,DM,1311049
CELL_1243,LIB_1243,WELL_1243,48,GM,1785088
CELL_1244,LIB_1244,WELL_1244,72,DM,2528509
CELL_1245,LIB_1245,WELL_1245,0,GM,2347563
CELL_1246,LIB_1246,WELL_1246,24,DM,4052849
CELL_1247,LIB_1247,WELL_1247,48,GM,4075970
CELL_1248,LIB_1248,WELL_1248,72,DM,3100192
CELL_1249,LIB_1249,WELL_1249,0,GM,3795086
CELL_1250,LIB_1250,WELL_1250,24,DM,3378331
CELL_1251,LIB_1251,WELL_1251,48,GM,3357490
CELL_1252,LIB_1252,WELL_1252,72,DM,1873416
CELL_1253,LIB_1253,WELL_1253,0,GM,1844081
CELL_1254,LIB_1254,WELL_1254,24,DM,4242535
CELL_1255,LIB_1255,WELL_1255,48,GM,4513290
CELL_1256,LIB_1256,WELL_1256,72,DM,2480461
CELL_1257,LIB_1257,WELL_1257,0,GM,4688857
CELL_1258,LIB_1258,WELL_1258,24,DM,2376229
CELL_1259,LIB_1259,WELL_1259,48,GM,2482455
CELL_1260,LIB_1260,WELL_1260,72,DM,3177745
CELL_1261,LIB_1261,WELL_1261,0,GM,3475096
CELL_1262,LIB_1262,WELL_1262,24,DM,2488826
CELL_1263,LIB_1263,WELL_1263,48,GM,4661025
CELL_1264,LIB_1264,WELL_1264,72,DM,1224433
CELL_1265,LIB_1265,WELL_1265,0,GM,1793539
CELL_1266,LIB_1266,WELL_1266,24,DM,2838806
CELL_1267,LIB_1267,WELL_1267,48,GM,3807515
CELL_1268,LIB_1268,WELL_1268,72,DM,3349884
CELL_1269,LIB_1269,WELL_1269,0,GM,1441015
CELL_1270,LIB_1270,WELL_1270,24,DM,3541755
CELL_1271,LIB_1271,WELL_1271,48,GM,2056891
CELL_1272,LIB_1272,WELL_1272,72,DM,3039991
CELL_1273,LIB_1273,WELL_1273,0,GM,3405916
CELL_1274,LIB_1274,WELL_1274,24,DM,3175133
CELL_1275,LIB_1275,WELL_1275,48,GM,1792464
CELL_1276,LIB_1276,WELL_1276,72,DM,2625505
CELL_1277,LIB_1277,WELL_1277,0,GM,1559233
CELL_1278,LIB_1278,WELL_1278,24,DM,3888319
CELL_1279,LIB_1279,WELL_1279,48,GM,4173443
CELL_1280,LIB_1280,WELL_1280,72,DM,3173072
CELL_1281,LIB_1281,WELL_1281,0,GM,4234867
CELL_1282,LIB_1282,WELL_1282,24,DM,3075860
CELL_1283,LIB_1283,WELL_1283,48,GM,1869506
CELL_1284,LIB_1284,WELL_1284,72,DM,2054031
CELL_1285,LIB_1285,WELL_1285,0,GM,4555716
CELL_1286,LIB_1286,WELL_1286,24,DM,4360973
CELL_1287,LIB_1287,WELL_1287,48,GM,3581605
CELL_1288,LIB_1288,WELL_1288,72,DM,4250754
CELL_1289,LIB_1289,WELL_1289,0,GM,3503061
CELL_1290,LIB_1290,WELL_1290,24,DM,4166745
CELL_1291,LIB_1291,WELL_1291,48,GM,3744739
CELL_1292,LIB_1292,WELL_1292,72,DM,4875436
CELL_1293,LIB_1293,WELL_1293,0,GM,1230697
CELL_1294,LIB_1294,WELL_1294,24,DM,1869287
CELL_1295,LIB_1295,WELL_1295,48,GM,3892618
CELL_1296,LIB_1296,WELL_1296,72,DM,3585334
CELL_1297,LIB_1297,WELL_1297,0,GM,3980902
CELL_1298,LIB_1298,WELL_1298,24,DM,1075507
CELL_1299,LIB_1299,WELL_1299,48,GM,2871597
CELL_1300,LIB_1300,WELL_1300,72,DM,2775769
CELL_1301,LIB_1301,WELL_1301,0,GM,2562574
CELL_1302,LIB_1302,WELL_1302,24,DM,1042911
CELL_1303,LIB_1303,WELL_1303,48,GM,1944922
CELL_1304,LIB_1304,WELL_1304,72,DM,1777409
CELL_1305,LIB_1305,WELL_1305,0,GM,2955238
CELL_1306,LIB_1306,WELL_1306,24,DM,1912362
CELL_1307,LIB_1307,WELL_1307,48,GM,2902425
CELL_1308,LIB_1308,WELL_1308,72,DM,3250531
CELL_1309,LIB_1309,WELL_1309,0,GM,2259558
CELL_1310,LIB_1310,WELL_1310,24,DM,4331716
CELL_1311,LIB_1311,WELL_1311,48,GM,4405795
CELL_1312,LIB_1312,WELL_1312,72,DM,4576570
CELL_1313,LIB_1313,WELL_1313,0,GM,4066014
CELL_1314,LIB_1314,WELL_1314,24,DM,4896173
CELL_1315,LIB_1315,WELL_1315,48,GM,2796777
CELL_1316,LIB_1316,WELL_1316,72,DM,2444430
CELL_1317,LIB_1317,WELL_1317,0,GM,1850917
CELL_1318,LIB_1318,WELL_1318,24,DM,4919023
CELL_1319,LIB_1319,WELL_1319,48,GM,3374081
CELL_1320,LIB_1320,WELL_1320,72,DM,3246312
CELL_1321,LIB_1321,WELL_1321,0,GM,3513658
CELL_1322,LIB_1322,WELL_1322,24,DM,4675866
CELL_1323,LIB_1323,WELL_1323,48,GM,4593848
CELL_1324,LIB_1324,WELL_1324,72,DM,2955220
CELL_1325,LIB_1325,WELL_1325,0,GM,4771115
CELL_1326,LIB_1326,WELL_1326,24,DM,4293254
CELL_1327,LIB_1327,WELL_1327,48,GM,1472995
CELL_1328,LIB_1328,WELL_1328,72,DM,1239648
CELL_1329,LIB_1329,WELL_1329,0,GM,4309365
CELL_1330,LIB_1330,WELL_1330,24,DM,4899872
CELL_1331,LIB_1331,WELL_1331,48,GM,4095112
CELL_1332,LIB_1332,WELL_1332,72,DM,1427623
CELL_1333,LIB_1333,WELL_1333,0,GM,2759651
CELL_1334,LIB_1334,WELL_1334,24,DM,2845761
CELL_1335,LIB_1335,WELL_1335,48,GM,4369017
CELL_1336,LIB_1336,WELL_1336,72,DM,3085557
CELL_1337,LIB_1337,WELL_1337,0,GM,4662614
CELL_1338,LIB_1338,WELL_1338,24,DM,4226758
CELL_1339,LIB_1339,WELL_1339,48,GM,3887886
CELL_1340,LIB_1340,WELL_1340,72,DM,4240945
CELL_1341,LIB_1341,WELL_1341,0,GM,4216827
CELL_1342,LIB_1342,WELL_1342,24,DM,1947826
CELL_1343,LIB_1343,WELL_1343,48,GM,1090101
CELL_1344,LIB_1344,WELL_1344,72,DM,2743683
CELL_1345,LIB_1345,WELL_1345,0,GM,3722622
CELL_1346,LIB_1346,WELL_1346,24,DM,2422996
CELL_1347,LIB_1347,WELL_1347,48,GM,4220529
CELL_1348,LIB_1348,WELL_1348,72,DM,2808304
CELL_1349,LIB_1349,WELL_1349,0,GM,1525170
CELL_1350,LIB_1350,WELL_1350,24,DM,1709311
CELL_1351,LIB_1351,WELL_1351,48,GM,2296936
CELL_1352,LIB_1352,WELL_1352,72,DM,3148203
CELL_1353,LIB_1353,WELL_1353,0,GM,4351040
CELL_1354,LIB_1354,WELL_1354,24,DM,2588159
CELL_1355,LIB_1355,WELL_1355,48,GM,3833920
CELL_1356,LIB_1356,WELL_1356,72,DM,1533561
CELL_1357,LIB_1357,WELL_1357,0,GM,4691422
CELL_1358,LIB_1358,WELL_1358,24,DM,1663880
CELL_1359,LIB_1359,WELL_1359,48,GM,3182750
CELL_1360,LIB_1360,WELL_1360,72,DM,3201953
CELL_1361,LIB_1361,WELL_1361,0,GM,1211055
CELL_1362,LIB_1362,WELL_1362,24,DM,4462180
CELL_1363,LIB_1363,WELL_1363,48,GM,4176994
CELL_1364,LIB_1364,WELL_1364,72,DM,1684476
CELL_1365,LIB_1365,WELL_1365,0,GM,1018092
CELL_1366,LIB_1366,WELL_1366,24,DM,1937396
CELL_1367,LIB_1367,WELL_1367,48,GM,1706327
CELL_1368,LIB_1368,WELL_1368,72,DM,2487084
CELL_1369,LIB_1369,WELL_1369,0,GM,2180680
CELL_1370,LIB_1370,WELL_1370,24,DM,4092705
CELL_1371,LIB_1371,WELL_1371,48,GM,2961142
CELL_1372,LIB_1372,WELL_1372,72,DM,4643757
CELL_1373,LIB_1373,WELL_1373,0,GM,1420651
CELL_1374,LIB_1374,WELL_1374,24,DM,4066155
CELL_1375,LIB_1375,WELL_1375,48,GM,4255315
CELL_1376,LIB_1376,WELL_1376,72,DM,3259501
CELL_1377,LIB_1377,WELL_1377,0,GM,2016747
CELL_1378,LIB_1378,WELL_1378,24,DM,4830434
CELL_1379,LIB_1379,WELL_1379,48,GM,4037494
CELL_1380,LIB_1380,WELL_1380,72,DM,3280073
CELL_1381,LIB_1381,WELL_1381,0,GM,1098091
CELL_1382,LIB_1382,WELL_1382,24,DM,2956117
CELL_1383,LIB_1383,WELL_1383,48,GM,4695006
CELL_1384,LIB_1384,WELL_1384,72,DM,4194095
CELL_1385,LIB_1385,WELL_1385,0,GM,4685844
CELL_1386,LIB_1386,WELL_1386,24,DM,4415559
CELL_1387,LIB_1387,WELL_1387,48,GM,2709655
CELL_1388,LIB_1388,WELL_1388,72,DM,3046870
CELL_1389,LIB_1389,WELL_1389,0,GM,2435399
CELL_1390,LIB_1390,WELL_1390,24,DM,1905436
CELL_1391,LIB_1391,WELL_1391,48,GM,1200452
CELL_1392,LIB_1392,WELL_1392,72,DM,1460824
CELL_1393,LIB_1393,WELL_1393,0,GM,2193061
CELL_1394,LIB_1394,WELL_1394,24,DM,2978333
CELL_1395,LIB_1395,WELL_1395,48,GM,2171003
CELL_1396,LIB_1396,WELL_1396,72,DM,3033297
CELL_1397,LIB_1397,WELL_1397,0,GM,2935560
CELL_1398,LIB_1398,WELL_1398,24,DM,4727574
CELL_1399,LIB_1399,WELL_1399,48,GM,4401142
CELL_1400,LIB_1400,WELL_1400,72,DM,4610005
CELL_1401,LIB_1401,WELL_1401,0,GM,1591340
CELL_1402,LIB_1402,WELL_1402,24,DM,3316637
CELL_1403,LIB_1403,WELL_1403,48,GM,4846750
CELL_1404,LIB_1404,WELL_1404,72,DM,1432820
CELL_1405,LIB_1405,WELL_1405,0,GM,2174021
CELL_1406,LIB_1406,WELL_1406,24,DM,3385750
CELL_1407,LIB_1407,WELL_1407,48,GM,3457467
CELL_1408,LIB_1408,WELL_1408,72,DM,3487144
CELL_1409,LIB_1409,WELL_1409,0,GM,1676940
CELL_1410,LIB_1410,WELL_1410,24,DM,2125998
CELL_1411,LIB_1411,WELL_1411,48,GM,3201867
CELL_1412,LIB_1412,WELL_1412,72,DM,2381288
CELL_1413,LIB_1413,WELL_1413,0,GM,4433500
CELL_1414,LIB_1414,WELL_1414,24,DM,4665333
CELL_1415,LIB_1415,WELL_1415,48,GM,3071340
CELL_1416,LIB_1416,WELL_1416,72,DM,1545054
CELL_1417,LIB_1417,WELL_1417,0,GM,4652807
CELL_1418,LIB_1418,WELL_1418,24,DM,1109743
CELL_1419,LIB_1419,WELL_1419,48,GM,3500958
CELL_1420,LIB_1420,WELL_1420,72,DM,3704596
CELL_1421,LIB_1421,WELL_1421,0,GM,3340390
CELL_1422,LIB_1422,WELL_1422,24,DM,4273982
CELL_1423,LIB_1423,WELL_1423,48,GM,2020257
CELL_1424,LIB_1424,WELL_1424,72,DM,1853189
CELL_1425,LIB_1425,WELL_1425,0,GM,3051645
CELL_1426,LIB_1426,WELL_1426,24,DM,1622754
CELL_1427,LIB_1427,WELL_1427,48,GM,3941719
CELL_1428,LIB_1428,WELL_1428,72,DM,3257505
CELL_1429,LIB_1429,WELL_1429,0,GM,3852091
CELL_1430,LIB_1430,WELL_1430,24,DM,3564602
CELL_1431,LIB_1431,WELL_1431,48,GM,1776509
CELL_1432,LIB_1432,WELL_1432,72,DM,4823158
CELL_1433,LIB_1433,WELL_1433,0,GM,4406987
CELL_1434,LIB_1434,WELL_1434,24,DM,3865881
CELL_1435,LIB_1435,WELL_1435,48,GM,2226875
CELL_1436,LIB_1436,WELL_1436,72,DM,1466822
CELL_1437,LIB_1437,WELL_1437,0,GM,1140060
CELL_1438,LIB_1438,WELL_1438,24,DM,2952335
CELL_1439,LIB_1439,WELL_1439,48,GM,4599682
CELL_1440,LIB_1440,WELL_1440,72,DM,1934357
CELL_1441,LIB_1441,WELL_1441,0,GM,4209320
CELL_1442,LIB_1442,WELL_1442,24,DM,2431112
CELL_1443,LIB_1443,WELL_1443,48,GM,1632114
CELL_1444,LIB_1444,WELL_1444,72,DM,1369573
CELL_1445,LIB_1445,WELL_1445,0,GM,2281832
CELL_1446,LIB_1446,WELL_1446,24,DM,1279836
CELL_1447,LIB_1447,WELL_1447,48,GM,3836391
CELL_1448,LIB_1448,WELL_1448,72,DM,1877482
CELL_1449,LIB_1449,WELL_1449,0,GM,1095312
CELL_1450,LIB_1450,WELL_1450,24,DM,4668578
CELL_1451,LIB_1451,WELL_1451,48,GM,3006930
CELL_1452,LIB_1452,WELL_1452,72,DM,4894936
CELL_1453,LIB_1453,WELL_1453,0,GM,2979198
CELL_1454,LIB_1454,WELL_1454,24,DM,1105622
CELL_1455,LIB_1455,WELL_1455,48,GM,3209476
CELL_1456,LIB_1456,WELL_1456,72,DM,3437721
CELL_1457,LIB_1457,WELL_1457,0,GM,3083513
CELL_1458,LIB_1458,WELL_1458,24,DM,1306052
CELL_1459,LIB_1459,WELL_1459,48,GM,3914465
CELL_1460,LIB_1460,WELL_1460,72,DM,1077609
CELL_1461,LIB_1461,WELL_1461,0,GM,4171093
CELL_1462,LIB_1462,WELL_1462,24,DM,1983211
CELL_1463,LIB_1463,WELL_1463,48,GM,3730689
CELL_1464,LIB_1464,WELL_1464,72,DM,2790881
CELL_1465,LIB_1465,WELL_1465,0,GM,3474356
CELL_1466,LIB_1466,WELL_1466,24,DM,3298042
CELL_1467,LIB_1467,WELL_1467,48,GM,3294927
CELL_1468,LIB_1468,WELL_1468,72,DM,3412700
CELL_1469,LIB_1469,WELL_1469,0,GM,1174634
CELL_1470,LIB_1470,WELL_1470,24,DM,1470997
CELL_1471,LIB_1471,WELL_1471,48,GM,4803787
CELL_1472,LIB_1472,WELL_1472,72,DM,4294322
CELL_1473,LIB_1473,WELL_1473,0,GM,1765987
CELL_1474,LIB_1474,WELL_1474,24,DM,3201137
CELL_1475,LIB_1475,WELL_1475,48,GM,3231166
CELL_1476,LIB_1476,WELL_1476,72,DM,4306653
CELL_1477,LIB_1477,WELL_1477,0,GM,1331010
CELL_1478,LIB_1478,WELL_1478,24,DM,1593402
CELL_1479,LIB_1479,WELL_1479,48,GM,3102746
CELL_1480,LIB_1480,WELL_1480,72,DM,2939664
CELL_1481,LIB_1481,WELL_1481,0,GM,2737297
CELL_1482,LIB_1482,WELL_1482,24,DM,1132323
CELL_1483,LIB_1483,WELL_1483,48,GM,4668171
CELL_1484,LIB_1484,WELL_1484,72,DM,1327715
CELL_1485,LIB_1485,WELL_1485,0,GM,4734362
CELL_1486,LIB_1486,WELL_1486,24,DM,1277474
CELL_1487,LIB_1487,WELL_1487,48,GM,2254508
CELL_1488,LIB_1488,WELL_1488,72,DM,1849196
CELL_1489,LIB_1489,WELL_1489,0,GM,2625529
CELL_1490,LIB_1490,WELL_1490,24,DM,1555849
CELL_1491,LIB_1491,WELL_1491,48,GM,1569134
CELL_1492,LIB_1492,WELL_1492,72,DM,4415893
CELL_1493,LIB_1493,WELL_1493,0,GM,1599322
CELL_1494,LIB_1494,WELL_1494,24,DM,3641910
CELL_1495,LIB_1495,WELL_1495,48,GM,1334706
CELL_1496,LIB_1496,WELL_1496,72,DM,3642253
CELL_1497,LIB_1497,WELL_1497,0,GM,2965313
CELL_1498,LIB_1498,WELL_1498,24,DM,4503885
CELL_1499,LIB_1499,WELL_1499,48,GM,3522205
CELL_1500,LIB_1500,WELL_1500,72,DM,3407219
CELL_1501,LIB_1501,WELL_1501,0,GM,1739796
CELL_1502,LIB_1502,WELL_1502,24,DM,2624411
CELL_1503,LIB_1503,WELL_1503,48,GM,4483773
CELL_1504,LIB_1504,WELL_1504,72,DM,1334086
CELL_1505,LIB_1505,WELL_1505,0,GM,3914569
CELL_1506,LIB_1506,WELL_1506,24,DM,3581785
CELL_1507,LIB_1507,WELL_1507,48,GM,4693998
CELL_1508,LIB_1508,WELL_1508,72,DM,4605082
CELL_1509,LIB_1509,WELL_1509,0,GM,1799217
CELL_1510,LIB_1510,WELL_1510,24,DM,2307623
CELL_1511,LIB_1511,WELL_1511,48,GM,4240244
CELL_1512,LIB_1512,WELL_1512,72,DM,1427260
CELL_1513,LIB_1513,WELL_1513,0,GM,1460587
CELL_1514,LIB_1514,WELL_1514,24,DM,4870698
CELL_1515,LIB_1515,WELL_1515,48,GM,1598389
CELL_1516,LIB_1516,WELL_1516,72,DM,3661529
CELL_1517,LIB_1517,WELL_1517,0,GM,2790461
CELL_1518,LIB_1518,WELL_1518,24,DM,2561617
CELL_1519,LIB_1519,WELL_1519,48,GM,3440402
CELL_1520,LIB_1520,WELL_1520,72,DM,3649754
CELL_1521,LIB_1521,WELL_1521,0,GM,2316209
CELL_1522,LIB_1522,WELL_1522,24,DM,3682787
CELL_1523,LIB_1523,WELL_1523,48,GM,2850138
CELL_1524,LIB_1524,WELL_1524,72,DM,1193671
CELL_1525,LIB_1525,WELL_1525,0,GM,1144108
CELL_1526,LIB_1526,WELL_1526,24,DM,3395930
CELL_1527,LIB_1527,WELL_1527,48,GM,3948685
CELL_1528,LIB_1528,WELL_1528,72,DM,3273632
CELL_1529,LIB_1529,WELL_1529,0,GM,4170278
CELL_1530,LIB_1530,WELL_1530,24,DM,2411302
CELL_1531,LIB_1531,WELL_1531,48,GM,4337992
CELL_1532,LIB_1532,WELL_1532,72,DM,1610746
CELL_1533,LIB_1533,WELL_1533,0,GM,2869751
CELL_1534,LIB_1534,WELL_1534,24,DM,3416725
CELL_1535,LIB_1535,WELL_1535,48,GM,1385860
CELL_1536,LIB_1536,WELL_1536,72,DM,3358409
CELL_1537,LIB_1537,WELL_1537,0,GM,3508210
CELL_1538,LIB_1538,WELL_1538,24,DM,3885701
CELL_1539,LIB_1539,WELL_1539,48,GM,2026144
CELL_1540,LIB_1540,WELL_1540,72,DM,1713349
CELL_1541,LIB_1541,WELL_1541,0,GM,2452424
CELL_1542,LIB_1542,WELL_1542,24,DM,3959061
CELL_1543,LIB_1543,WELL_1543,48,GM,3558857
CELL_1544,LIB_1544,WELL_1544,72,DM,2584810
CELL_1545,LIB_1545,WELL_1545,0,GM,3082705
CELL_1546,LIB_1546,WELL_1546,24,DM,4607403
CELL_1547,LIB_1547,WELL_1547,48,GM,1130867
CELL_1548,LIB_1548,WELL_1548,72,DM,4278373
CELL_1549,LIB_1549,WELL_1549,0,GM,3269035
CELL_1550,LIB_1550,WELL_1550,24,DM,2968725
CELL_1551,LIB_1551,WELL_1551,48,GM,1461793
CELL_1552,LIB_1552,WELL_1552,72,DM,2120906
CELL_1553,LIB_1553,WELL_1553,0,GM,3502943
CELL_1554,LIB_1554,WELL_1554,24,DM,4586026
CELL_1555,LIB_1555,WELL_1555,48,GM,2116840
CELL_1556,LIB_1556,WELL_1556,72,DM,4480628
CELL_1557,LIB_1557,WELL_1557,0,GM,4363740
CELL_1558,LIB_1558,WELL_1558,24,DM,4572268
CELL_1559,LIB_1559,WELL_1559,48,GM,4957852
CELL_1560,LIB_1560,WELL_1560,72,DM,3471896
CELL_1561,LIB_1561,WELL_1561,0,GM,2476310
CELL_1562,LIB_1562,WELL_1562,24,DM,4448792
CELL_1563,LIB_1563,WELL_1563,48,GM,1946959
CELL_1564,LIB_1564,WELL_1564,72,DM,2916842
CELL_1565,LIB_1565,WELL_1565,0,GM,3725056
CELL_1566,LIB_1566,WELL_1566,24,DM,3998600
CELL_1567,LIB_1567,WELL_1567,48,GM,4198256
CELL_1568,LIB_1568,WELL_1568,72,DM,3338794
CELL_1569,LIB_1569,WELL_1569,0,GM,3883432
CELL_1570,LIB_1570,WELL_1570,24,DM,2623262
CELL_1571,LIB_1571,WELL_1571,48,GM,2282595
CELL_1572,LIB_1572,WELL_1572,72,DM,3314508
CELL_1573,LIB_1573,WELL_1573,0,GM,1179864
CELL_1574,LIB_1574,WELL_1574,24,DM,3052187
CELL_1575,LIB_1575,WELL_1575,48,GM,2498375
CELL_1576,LIB_1576,WELL_1576,72,DM,3362678
CELL_1577,LIB_1577,WELL_1577,0,GM,3536837
CELL_1578,LIB_1578,WELL_1578,24,DM,2374955
CELL_1579,LIB_1579,WELL_1579,48,GM,2284133
CELL_1580,LIB_1580,WELL_1580,72,DM,2774900
CELL_1581,LIB_1581,WELL_1581,0,GM,4182709
CELL_1582,LIB_1582,WELL_1582,24,DM,4459795
CELL_1583,LIB_1583,WELL_1583,48,GM,3345949
CELL_1584,LIB_1584,WELL_1584,72,DM,1357084
CELL_1585,LIB_1585,WELL_1585,0,GM,3722315
CELL_1586,LIB_1586,WELL_1586,24,DM,4335223
CELL_1587,LIB_1587,WELL_1587,48,GM,4262875
CELL_1588,LIB_1588,WELL_1588,72,DM,4918641
CELL_1589,LIB_1589,WELL_1589,0,GM,3532937
CELL_1590,LIB_1590,WELL_1590,24,DM,3446657
CELL_1591,LIB_1591,WELL_1591,48,GM,2096000
CELL_1592,LIB_1592,WELL_1592,72,DM,2664598
CELL_1593,LIB_1593,WELL_1593,0,GM,2361478
CELL_1594,LIB_1594,WELL_1594,24,DM,3243817
CELL_1595,LIB_1595,WELL_1595,48,GM,2418584
CELL_1596,LIB_1596,WELL_1596,72,DM,2550690
CELL_1597,LIB_1597,WELL_1597,0,GM,1077849
CELL_1598,LIB_1598,WELL_1598,24,DM,2910317
CELL_1599,LIB_1599,WELL_1599,48,GM,3375829
CELL_1600,LIB_1600,WELL_1600,72,DM,4342573
CELL_1601,LIB_1601,WELL_1601,0,GM,4385315
CELL_1602,LIB_1602,WELL_1602,24,DM,2121771
CELL_1603,LIB_1603,WELL_1603,48,GM,1617581
CELL_1604,LIB_1604,WELL_1604,72,DM,1480023
CELL_1605,LIB_1605,WELL_1605,0,GM,1825925
CELL_1606,LIB_1606,WELL_1606,24,DM,3078672
CELL_1607,LIB_1607,WELL_1607,48,GM,1875119
CELL_1608,LIB_1608,WELL_1608,72,DM,4195017
CELL_1609,LIB_1609,WELL_1609,0,GM,2767852
CELL_1610,LIB_1610,WELL_1610,24,DM,4653193
CELL_1611,LIB_1611,WELL_1611,48,GM,2479050
CELL_1612,LIB_1612,WELL_1612,72,DM,3774481
CELL_1613,LIB_1613,WELL_1613,0,GM,3528652
CELL_1614,LIB_1614,WELL_1614,24,DM,3283498
CELL_1615,LIB_1615,WELL_1615,48,GM,2828182
CELL_1616,LIB_1616,WELL_1616,72,DM,1760191
CELL_1617,LIB_1617,WELL_1617,0,GM,4532269
CELL_1618,LIB_1618,WELL_1618,24,DM,3690645
CELL_1619,LIB_1619,WELL_1619,48,GM,2760791
CELL_1620,LIB_1620,WELL_1620,72,DM,3345517
CELL_1621,LIB_1621,WELL_1621,0,GM,3836942
CELL_1622,LIB_1622,WELL_1622,24,DM,3910281
CELL_1623,LIB_1623,WELL_1623,48,GM,2397975
CELL_1624,LIB_1624,WELL_1624,72,DM,1397570
CELL_1625,LIB_1625,WELL_1625,0,GM,2528463
CELL_1626,LIB_1626,WELL_1626,24,DM,1882223
CELL_1627,LIB_1627,WELL_1627,48,GM,4464805
CELL_1628,LIB_1628,WELL_1628,72,DM,1772480
CELL_1629,LIB_1629,WELL_1629,0,GM,2944462
CELL_1630,LIB_1630,WELL_1630,24,DM,1940429
CELL_1631,LIB_1631,WELL_1631,48,GM,1623659
CELL_1632,LIB_1632,WELL_1632,72,DM,2207075
CELL_1633,LIB_1633,WELL_1633,0,GM,3937989
CELL_1634,LIB_1634,WELL_1634,24,DM,4167632
CELL_1635,LIB_1635,WELL_1635,48,GM,4997143
CELL_1636,LIB_1636,WELL_1636,72,DM,1700264
CELL_1637,LIB_1637,WELL_1637,0,GM,1956332
CELL_1638,LIB_1638,WELL_1638,24,DM,2353436
CELL_1639,LIB_1639,WELL_1639,48,GM,3499765
CELL_1640,LIB_1640,WELL_1640,72,DM,2518884
CELL_1641,LIB_1641,WELL_1641,0,GM,4614876
CELL_1642,LIB_1642,WELL_1642,24,DM,2508730
CELL_1643,LIB_1643,WELL_1643,48,GM,3964557
CELL_1644,LIB_1644,WELL_1644,72,DM,2130816
CELL_1645,LIB_1645,WELL_1645,0,GM,1867452
CELL_1646,LIB_1646,WELL_1646,24,DM,2937601
CELL_1647,LIB_1647,WELL_1647,48,GM,3154475
CELL_1648,LIB_1648,WELL_1648,72,DM,3792045
CELL_1649,LIB_1649,WELL_1649,0,GM,4208050
CELL_1650,LIB_1650,WELL_1650,24,DM,4849534
CELL_1651,LIB_1651,WELL_1651,48,GM,4641310
CELL_1652,LIB_1652,WELL_1652,72,DM,4243193
CELL_1653,LIB_1653,WELL_1653,0,GM,1995793
CELL_1654,LIB_1654,WELL_1654,24,DM,3292386
CELL_1655,LIB_1655,WELL_1655,48,GM,2775627
CELL_1656,LIB_1656,WELL_1656,72,DM,4430173
CELL_1657,LIB_1657,WELL_1657,0,GM,3169973
CELL_1658,LIB_1658,WELL_1658,24,DM,3202463
CELL_1659,LIB_1659,WELL_1659,48,GM,1444390
CELL_1660,LIB_1660,WELL_1660,72,DM,1264258
CELL_1661,LIB_1661,WELL_1661,0,GM,2664150
CELL_1662,LIB_1662,WELL_1662,24,DM,1466799
CELL_1663,LIB_1663,WELL_1663,48,GM,4328857
CELL_1664,LIB_1664,WELL_1664,72,DM,2496729
CELL_1665,LIB_1665,WELL_1665,0,GM,4404197
CELL_1666,LIB_1666,WELL_1666,24,DM,2046868
CELL_1667,LIB_1667,WELL_1667,48,GM,1461607
CELL_1668,LIB_1668,WELL_1668,72,DM,1622321
CELL_1669,LIB_1669,WELL_1669,0,GM,4618580
CELL_1670,LIB_1670,WELL_1670,24,DM,4620420
CELL_1671,LIB_1671,WELL_1671,48,GM,4161140
CELL_1672,LIB_1672,WELL_1672,72,DM,4604625
CELL_1673,LIB_1673,WELL_1673,0,GM,1864139
CELL_1674,LIB_1674,WELL_1674,24,DM,4093464
CELL_1675,LIB_1675,WELL_1675,48,GM,1545460
CELL_1676,LIB_1676,WELL_1676,72,DM,3579861
CELL_1677,LIB_1677,WELL_1677,0,GM,4447770
CELL_1678,LIB_1678,WELL_1678,24,DM,1415399
CELL_1679,LIB_1679,WELL_1679,48,GM,4989641
CELL_1680,LIB_1680,WELL_1680,72,DM,4689091
CELL_1681,LIB_1681,WELL_1681,0,GM,4096996
CELL_1682,LIB_1682,WELL_1682,24,DM,4919892
CELL_1683,LIB_1683,WELL_1683,48,GM,4377092
CELL_1684,LIB_1684,WELL_1684,72,DM,2967418
CELL_1685,LIB_1685,WELL_1685,0,GM,3834976
CELL_1686,LIB_1686,WELL_1686,24,DM,4734659
CELL_1687,LIB_1687,WELL_1687,48,GM,1627390
CELL_1688,LIB_1688,WELL_1688,72,DM,3082734
CELL_1689,LIB_1689,WELL_1689,0,GM,2699598
CELL_1690,LIB_1690,WELL_1690,24,DM,4295686
CELL_1691,LIB_1691,WELL_1691,48,GM,4640951
CELL_1692,LIB_1692,WELL_1692,72,DM,1428787
CELL_1693,LIB_1693,WELL_1693,0,GM,3948816
CELL_1694,LIB_1694,WELL_1694,24,DM,4733353
CELL_1695,LIB_1695,WELL_1695,48,GM,4964635
CELL_1696,LIB_1696,WELL_1696,72,DM,1238652
CELL_1697,LIB_1697,WELL_1697,0,GM,3959432
CELL_1698,LIB_1698,WELL_1698,24,DM,3828393
CELL_1699,LIB_1699,WELL_1699,48,GM,1958954
CELL_1700,LIB_1700,WELL_1700,72,DM,3515703
CELL_1701,LIB_1701,WELL_1701,0,GM,4736003
CELL_1702,LIB_1702,WELL_1702,24,DM,3960590
CELL_1703,LIB_1703,WELL_1703,48,GM,2671433
CELL_1704,LIB_1704,WELL_1704,72,DM,3146626
CELL_1705,LIB_1705,WELL_1705,0,GM,1466061
CELL_1706,LIB_1706,WELL_1706,24,DM,3961812
CELL_1707,LIB_1707,WELL_1707,48,GM,2870046
CELL_1708,LIB_1708,WELL_1708,72,DM,1677957
CELL_1709,LIB_1709,WELL_1709,0,GM,1632633
CELL_1710,LIB_1710,WELL_1710,24,DM,1102379
CELL_1711,LIB_1711,WELL_1711,48,GM,2284549
CELL_1712,LIB_1712,WELL_1712,72,DM,2351062
CELL_1713,LIB_1713,WELL_1713,0,GM,2078163
CELL_1714,LIB_1714,WELL_1714,24,DM,4476733
CELL_1715,LIB_1715,WELL_1715,48,GM,4642728
CELL_1716,LIB_1716,WELL_1716,72,DM,3956558
CELL_1717,LIB_1717,WELL_1717,0,GM,1925265
CELL_1718,LIB_1718,WELL_1718,24,DM,1276549
CELL_1719,LIB_1719,WELL_1719,48,GM,2426007
CELL_1720,LIB_1720,WELL_1720,72,DM,4833850
CELL_1721,LIB_1721,WELL_1721,0,GM,2305917
CELL_1722,LIB_1722,WELL_1722,24,DM,2734785
CELL_1723,LIB_1723,WELL_1723,48,GM,2589779
CELL_1724,LIB_1724,WELL_1724,72,DM,1389477
CELL_1725,LIB_1725,WELL_1725,0,GM,3823551
CELL_1726,LIB_1726,WELL_1726,24,DM,2501102
CELL_1727,LIB_1727,WELL_1727,48,GM,3263126
CELL_1728,LIB_1728,WELL_1728,72,DM,3925521
CELL_1729,LIB_1729,WELL_1729,0,GM,1213748
CELL_1730,LIB_1730,WELL_1730,24,DM,3804194
CELL_1731,LIB_1731,WELL_1731,48,GM,4904708
CELL_1732,LIB_1732,WELL_1732,72,DM,3604254
CELL_1733,LIB_1733,WELL_1733,0,GM,2585837
CELL_1734,LIB_1734,WELL_1734,24,DM,3139002
CELL_1735,LIB_1735,WELL_1735,48,GM,1929468
CELL_1736,LIB_1736,WELL_1736,72,DM,3815615
CELL_1737,LIB_1737,WELL_1737,0,GM,2476969
CELL_1738,LIB_1738,WELL_1738,24,DM,1640278
CELL_1739,LIB_1739,WELL_1739,48,GM,2700804
CELL_1740,LIB_1740,WELL_1740,72,DM,2562177
CELL_1741,LIB_1741,WELL_1741,0,GM,2726127
CELL_1742,LIB_1742,WELL_1742,24,DM,1602968
CELL_1743,LIB_1743,WELL_1743,48,GM,2353847
CELL_1744,LIB_1744,WELL_1744,72,DM,2226826
CELL_1745,LIB_1745,WELL_1745,0,GM,1451970
CELL_1746,LIB_1746,WELL_1746,24,DM,2879945
CELL_1747,LIB_1747,WELL_1747,48,GM,3732888
CELL_1748,LIB_1748,WELL_1748,72,DM,2151335
CELL_1749,LIB_1749,WELL_1749,0,GM,2709992
CELL_1750,LIB_1750,WELL_1750,24,DM,1483009
CELL_1751,LIB_1751,WELL_1751,48,GM,2804919
CELL_1752,LIB_1752,WELL_1752,72,DM,1864881
CELL_1753,LIB_1753,WELL_1753,0,GM,4346156
CELL_1754,LIB_1754,WELL_1754,24,DM,2802293
CELL_1755,LIB_1755,WELL_1755,48,GM,1390282
CELL_1756,LIB_1756,WELL_1756,72,DM,1219431
CELL_1757,LIB_1757,WELL_1757,0,GM,2676044
CELL_1758,LIB_1758,WELL_1758,24,DM,2950436
CELL_1759,LIB_1759,WELL_1759,48,GM,4258066
CELL_1760,LIB_1760,WELL_1760,72,DM,1783826
CELL_1761,LIB_1761,WELL_1761,0,GM,4309494
CELL_1762,LIB_1762,WELL_1762,24,DM,3586394
CELL_1763,LIB_1763,WELL_1763,48,GM,2085255
CELL_1764,LIB_1764,WELL_1764,72,DM,2476287
CELL_1765,LIB_1765,WELL_1765,0,GM,4648875
CELL_1766,LIB_1766,WELL_1766,24,DM,2746456
CELL_1767,LIB_1767,WELL_1767,48,GM,3419999
CELL_1768,LIB_1768,WELL_1768,72,DM,4397336
CELL_1769,LIB_1769,WELL_1769,0,GM,1873041
CELL_1770,LIB_1770,WELL_1770,24,DM,1463233
CELL_1771,LIB_1771,WELL_1771,48,GM,4504613
CELL_1772,LIB_1772,WELL_1772,72,DM,2201822
CELL_1773,LIB_1773,WELL_1773,0,GM,1433019
CELL_1774,LIB_1774,WELL_1774,24,DM,3765408
CELL_1775,LIB_1775,WELL_1775,48,GM,2797966
CELL_1776,LIB_1776,WELL_1776,72,DM,1719600
CELL_1777,LIB_1777,WELL_1777,0,GM,3784861
CELL_1778,LIB_1778,WELL_1778,24,DM,1473849
CELL_1779,LIB_1779,WELL_1779,48,GM,4782355
CELL_1780,LIB_1780,WELL_1780,72,DM,1449850
CELL_1781,LIB_1781,WELL_1781,0,GM,2417143
CELL_1782,LIB_1782,WELL_1782,24,DM,4921070
CELL_1783,LIB_1783,WELL_1783,48,GM,4833375
CELL_1784,LIB_1784,WELL_1784,72,DM,2819716
CELL_1785,LIB_1785,WELL_1785,0,GM,1163245
CELL_1786,LIB_1786,WELL_1786,24,DM,2734235
CELL_1787,LIB_1787,WELL_1787,48,GM,1091042
CELL_1788,LIB_1788,WELL_1788,72,DM,3379897
CELL_1789,LIB_1789,WELL_1789,0,GM,4203846
CELL_1790,LIB_1790,WELL_1790,24,DM,1753990
CELL_1791,LIB_1791,WELL_1791,48,GM,3174267
CELL_1792,LIB_1792,WELL_1792,72,DM,1423938
CELL_1793,LIB_1793,WELL_1793,0,GM,1362863
CELL_1794,LIB_1794,WELL_1794,24,DM,3966501
CELL_1795,LIB_1795,WELL_1795,48,GM,4872410
CELL_1796,LIB_1796,WELL_1796,72,DM,1338421
CELL_1797,LIB_1797,WELL_1797,0,GM,4809373
CELL_1798,LIB_1798,WELL_1798,24,DM,3824784
CELL_1799,LIB_1799,WELL_1799,48,GM,3009134
CELL_1800,LIB_1800,WELL_1800,72,DM,1722261
CELL_1801,LIB_1801,WELL_1801,0,GM,2967812
CELL_1802,LIB_1802,WELL_1802,24,DM,4891574
CELL_1803,LIB_1803,WELL_1803,48,GM,4626311
CELL_1804,LIB_1804,WELL_1804,72,DM,1163275
CELL_1805,LIB_1805,WELL_1805,0,GM,2999399
CELL_1806,LIB_1806,WELL_1806,24,DM,2124174
CELL_1807,LIB_1807,WELL_1807,48,GM,4802078
CELL_1808,LIB_1808,WELL_1808,72,DM,4923565
CELL_1809,LIB_1809,WELL_1809,0,GM,3301273
CELL_1810,LIB_1810,WELL_1810,24,DM,3287198
CELL_1811,LIB_1811,WELL_1811,48,GM,4631730
CELL_1812,LIB_1812,WELL_1812,72,DM,4079136
CELL_1813,LIB_1813,WELL_1813,0,GM,4934323
CELL_1814,LIB_1814,WELL_1814,24,DM,3684255
CELL_1815,LIB_1815,WELL_1815,48,GM,1603999
CELL_1816,LIB_1816,WELL_1816,72,DM,1114384
CELL_1817,LIB_1817,WELL_1817,0,GM,1268095
CELL_1818,LIB_1818,WELL_1818,24,DM,1724405
CELL_1819,LIB_1819,WELL_1819,48,GM,3355593
CELL_1820,LIB_1820,WELL_1820,72,DM,2563258
CELL_1821,LIB_1821,WELL_1821,0,GM,4596541
CELL_1822,LIB_1822,WELL_1822,24,DM,1368474
CELL_1823,LIB_1823,WELL_1823,48,GM,2126595
CELL_1824,LIB_1824,WELL_1824,72,DM,4630740
CELL_1825,LIB_1825,WELL_1825,0,GM,4381521
CELL_1826,LIB_1826,WELL_1826,24,DM,3251179
CELL_1827,LIB_1827,WELL_1827,48,GM,1893392
CELL_1828,LIB_1828,WELL_1828,72,DM,1524199
CELL_1829,LIB_1829,WELL_1829,0,GM,4860738
CELL_1830,LIB_1830,WELL_1830,24,DM,4919181
CELL_1831,LIB_1831,WELL_1831,48,GM,3029065
CELL_1832,LIB_1832,WELL_1832,72,DM,2667012
CELL_1833,LIB_1833,WELL_1833,0,GM,4574485
CELL_1834,LIB_1834,WELL_1834,24,DM,4835016
CELL_1835,LIB_1835,WELL_1835,48,GM,1157750
CELL_1836,LIB_1836,WELL_1836,72,DM,3400483
CELL_1837,LIB_1837,WELL_1837,0,GM,4655844
CELL_1838,LIB_1838,WELL_1838,24,DM,2312511
CELL_1839,LIB_1839,WELL_1839,48,GM,3817315
CELL_1840,LIB_1840,WELL_1840,72,DM,4932169
CELL_1841,LIB_1841,WELL_1841,0,GM,4485351
CELL_1842,LIB_1842,WELL_1842,24,DM,4960546
CELL_1843,LIB_1843,WELL_1843,48,GM,3229761
CELL_1844,LIB_1844,WELL_1844,72,DM,3604621
CELL_1845,LIB_1845,WELL_1845,0,GM,2813552
CELL_1846,LIB_1846,WELL_1846,24,DM,4535886
CELL_1847,LIB_1847,WELL_1847,48,GM,4832761
CELL_1848,LIB_1848,WELL_1848,72,DM,3463372
CELL_1849,LIB_1849,WELL_1849,0,GM,4764533
CELL_1850,LIB_1850,WELL_1850,24,DM,3929420
CELL_1851,LIB_1851,WELL_1851,48,GM,1820498
CELL_1852,LIB_1852,WELL_1852,72,DM,4084192
CELL_1853,LIB_1853,WELL_1853,0,GM,2301386
CELL_1854,LIB_1854,WELL_1854,24,DM,4130815
CELL_1855,LIB_1855,WELL_1855,48,GM,4332973
CELL_1856,LIB_1856,WELL_1856,72,DM,4321288
CELL_1857,LIB_1857,WELL_1857,0,GM,3859463
CELL_1858,LIB_1858,WELL_1858,24,DM,4494566
CELL_1859,LIB_1859,WELL_1859,48,GM,2265950
CELL_1860,LIB_1860,WELL_1860,72,DM,1379303
CELL_1861,LIB_1861,WELL_1861,0,GM,4223727
CELL_1862,LIB_1862,WELL_1862,24,DM,4804302
CELL_1863,LIB_1863,WELL_1863,48,GM,3626548
CELL_1864,LIB_1864,WELL_1864,72,DM,4361766
CELL_1865,LIB_1865,WELL_1865,0,GM,4351650
CELL_1866,LIB_1866,WELL_1866,24,DM,4991234
CELL_1867,LIB_1867,WELL_1867,48,GM,2840470
CELL_1868,LIB_1868,WELL_1868,72,DM,2269869
CELL_1869,LIB_1869,WELL_1869,0,GM,1169015
CELL_1870,LIB_1870,WELL_1870,24,DM,3224210
CELL_1871,LIB_1871,WELL_1871,48,GM,4435497
CELL_1872,LIB_1872,WELL_1872,72,DM,1873759
CELL_1873,LIB_1873,WELL_1873,0,GM,1883039
CELL_1874,LIB_1874,WELL_1874,24,DM,3600923
CELL_1875,LIB_1875,WELL_1875,48,GM,1732582
CELL_1876,LIB_1876,WELL_1876,72,DM,4492472
CELL_1877,LIB_1877,WELL_1877,0,GM,3035288
CELL_1878,LIB_1878,WELL_1878,24,DM,3411985
CELL_1879,LIB_1879,WELL_1879,48,GM,3096969
CELL_1880,LIB_1880,WELL_1880,72,DM,2302374
CELL_1881,LIB_1881,WELL_1881,0,GM,4222046
CELL_1882,LIB_1882,WELL_1882,24,DM,2367521
CELL_1883,LIB_1883,WELL_1883,48,GM,1315337
CELL_1884,LIB_1884,WELL_1884,72,DM,2943717
CELL_1885,LIB_1885,WELL_1885,0,GM,2444935
CELL_1886,LIB_1886,WELL_1886,24,DM,2738421
CELL_1887,LIB_1887,WELL_1887,48,GM,4423395
CELL_1888,LIB_1888,WELL_1888,72,DM,2778449
CELL_1889,LIB_1889,WELL_1889,0,GM,2851281
CELL_1890,LIB_1890,WELL_1890,24,DM,2822961
CELL_1891,LIB_1891,WELL_1891,48,GM,1004477
CELL_1892,LIB_1892,WELL_1892,72,DM,4109488
CELL_1893,LIB_1893,WELL_1893,0,GM,3592707
CELL_1894,LIB_1894,WELL_1894,24,DM,3059616
CELL_1895,LIB_1895,WELL_1895,48,GM,3074335
CELL_1896,LIB_1896,WELL_1896,72,DM,4164298
CELL_1897,LIB_1897,WELL_1897,0,GM,2033251
CELL_1898,LIB_1898,WELL_1898,24,DM,1668784
CELL_1899,LIB_1899,WELL_1899,48,GM,3066057
CELL_1900,LIB_1900,WELL_1900,72,DM,3497687
CELL_1901,LIB_1901,WELL_1901,0,GM,2008828
CELL_1902,LIB_1902,WELL_1902,24,DM,1390697
CELL_1903,LIB_1903,WELL_1903,48,GM,3521212
CELL_1904,LIB_1904,WELL_1904,72,DM,3378497
CELL_1905,LIB_1905,WELL_1905,0,GM,4909962
CELL_1906,LIB_1906,WELL_1906,24,DM,1041688
CELL_1907,LIB_1907,WELL_1907,48,GM,4493745
CELL_1908,LIB_1908,WELL_1908,72,DM,4272569
CELL_1909,LIB_1909,WELL_1909,0,GM,3947348
CELL_1910,LIB_1910,WELL_1910,24,DM,2796829
CELL_1911,LIB_1911,WELL_1911,48,GM,4648562
CELL_1912,LIB_1912,WELL_1912,72,DM,4698350
CELL_1913,LIB_1913,WELL_1913,0,GM,1368887
CELL_1914,LIB_1914,WELL_1914,24,DM,2409755
CELL_1915,LIB_1915,WELL_1915,48,GM,4851596
CELL_1916,LIB_1916,WELL_1916,72,DM,4069899
CELL_1917,LIB_1917,WELL_1917,0,GM,1017358
CELL_1918,LIB_1918,WELL_1918,24,DM,3576223
CELL_1919,LIB_1919,WELL_1919,48,GM,4627672
CELL_1920,LIB_1920,WELL_1920,72,DM,4998675
CELL_1921,LIB_1921,WELL_1921,0,GM,3284288
CELL_1922,LIB_1922,WELL_1922,24,DM,1828020
CELL_1923,LIB_1923,WELL_1923,48,GM,3206019
CELL_1924,LIB_1924,WELL_1924,72,DM,1768205
CELL_1925,LIB_1925,WELL_1925,0,GM,4579425
CELL_1926,LIB_1926,WELL_1926,24,DM,2208332
CELL_1927,LIB_1927,WELL_1927,48,GM,1243069
CELL_1928,LIB_1928,WELL_1928,72,DM,4320866
CELL_1929,LIB_1929,WELL_1929,0,GM,1674888
CELL_1930,LIB_1930,WELL_1930,24,DM,4922782
CELL_1931,LIB_1931,WELL_1931,48,GM,4987122
CELL_1932,LIB_1932,WELL_1932,72,DM,2822195
CELL_1933,LIB_1933,WELL_1933,0,GM,2441219
CELL_1934,LIB_1934,WELL_1934,24,DM,4721812
CELL_1935,LIB_1935,WELL_1935,48,GM,2079602
CELL_1936,LIB_1936,WELL_1936,72,DM,4644274
CELL_1937,LIB_1937,WELL_1937,0,GM,2670863
CELL_1938,LIB_1938,WELL_1938,24,DM,1382636
CELL_1939,LIB_1939,WELL_1939,48,GM,3219974
CELL_1940,LIB_1940,WELL_1940,72,DM,4021059
CELL_1941,LIB_1941,WELL_1941,0,GM,1833706
CELL_1942,LIB_1942,WELL_1942,24,DM,3438515
CELL_1943,LIB_1943,WELL_1943,48,GM,1371000
CELL_1944,LIB_1944,WELL_1944,72,DM,4176507
CELL_1945,LIB_1945,WELL_1945,0,GM,2649427
CELL_1946,LIB_1946,WELL_1946,24,DM,4744168
CELL_1947,LIB_1947,WELL_1947,48,GM,3151329
CELL_1948,LIB_1948,WELL_1948,72,DM,1956782
CELL_1949,LIB_1949,WELL_1949,0,GM,3358587
CELL_1950,LIB_1950,WELL_1950,24,DM,1839593
CELL_1951,LIB_1951,WELL_1951,48,GM,1681601
CELL_1952,LIB_1952,WELL_1952,72,DM,4308767
CELL_1953,LIB_1953,WELL_1953,0,GM,1886506
CELL_1954,LIB_1954,WELL_1954,24,DM,1452628
CELL_1955,LIB_1955,WELL_1955,48,GM,1733170
CELL_1956,LIB_1956,WELL_1956,72,DM,1738570
CELL_1957,LIB_1957,WELL_1957,0,GM,3455128
CELL_1958,LIB_1958,WELL_1958,24,DM,4514396
CELL_1959,LIB_1959,WELL_1959,48,GM,4987414
CELL_1960,LIB_1960,WELL_1960,72,DM,1782104
CELL_1961,LIB_1961,WELL_1961,0,GM,2947896
CELL_1962,LIB_1962,WELL_1962,24,DM,4291845
CELL_1963,LIB_1963,WELL_1963,48,GM,2106523
CELL_1964,LIB_1964,WELL_1964,72,DM,3591104
CELL_1965,LIB_1965,WELL_1965,0,GM,2973651
CELL_1966,LIB_1966,WELL_1966,24,DM,2878650
CELL_1967,LIB_1967,WELL_1967,48,GM,3750574
CELL_1968,LIB_1968,WELL_1968,72,DM,4206735
CELL_1969,LIB_1969,WELL_1969,0,GM,4578912
CELL_1970,LIB_1970,WELL_1970,24,DM,1849462
CELL_1971,LIB_1971,WELL_1971,48,GM,3395180
CELL_1972,LIB_1972,WELL_1972,72,DM,4365927
CELL_1973,LIB_1973,WELL_1973,0,GM,1361019
CELL_1974,LIB_1974,WELL_1974,24,DM,4565895
CELL_1975,LIB_1975,WELL_1975,48,GM,2081782
CELL_1976,LIB_1976,WELL_1976,72,DM,1543998
CELL_1977,LIB_1977,WELL_1977,0,GM,4644393
CELL_1978,LIB_1978,WELL_1978,24,DM,4769347
CELL_1979,LIB_1979,WELL_1979,48,GM,4839108
CELL_1980,LIB_1980,WELL_1980,72,DM,3770958
CELL_1981,LIB_1981,WELL_1981,0,GM,2837044
CELL_1982,LIB_1982,WELL_1982,24,DM,2206146
CELL_1983,LIB_1983,WELL_1983,48,GM,2461542
CELL_1984,LIB_1984,WELL_1984,72,DM,1912365
CELL_1985,LIB_1985,WELL_1985,0,GM,1712509
CELL_1986,LIB_1986,WELL_1986,24,DM,3715144
CELL_1987,LIB_1987,WELL_1987,48,GM,2200292
CELL_1988,LIB_1988,WELL_1988,72,DM,1147922
CELL_1989,LIB_1989,WELL_1989,0,GM,4216461
CELL_1990,LIB_1990,WELL_1990,24,DM,1402329
CELL_1991,LIB_1991,WELL_1991,48,GM,2976569
CELL_1992,LIB_1992,WELL_1992,72,DM,3676797
CELL_1993,LIB_1993,WELL_1993,0,GM,1210746
CELL_1994,LIB_1994,WELL_1994,24,DM,2167920
CELL_1995,LIB_1995,WELL_1995,48,GM,3920727
CELL_1996,LIB_1996,WELL_1996,72,DM,3703175
CELL_1997,LIB_1997,WELL_1997,0,GM,4362978
CELL_1998,LIB_1998,WELL_1998,24,DM,1802395
CELL_1999,LIB_1999,WELL_1999,48,GM,2103219
CELL_2000,LIB_2000,WELL_2000,72,DM,2564914
CELL_2001,LIB_2001,WELL_2001,0,GM,3252935
CELL_2002,LIB_2002,WELL_2002,24,DM,4718557
CELL_2003,LIB_2003,WELL_2003,48,GM,2139631
CELL_2004,LIB_2004,WELL_2004,72,DM,3916446
CELL_2005,LIB_2005,WELL_2005,0,GM,1022421
CELL_2006,LIB_2006,WELL_2006,24,DM,4305526
CELL_2007,LIB_2007,WELL_2007,48,GM,3982360
CELL_2008,LIB_2008,WELL_2008,72,DM,4418354
CELL_2009,LIB_2009,WELL_2009,0,GM,2508470
CELL_2010,LIB_2010,WELL_2010,24,DM,4287164
CELL_2011,LIB_2011,WELL_2011,48,GM,3415238
CELL_2012,LIB_2012,WELL_2012,72,DM,3562688
CELL_2013,LIB_2013,WELL_2013,0,GM,3448625
CELL_2014,LIB_2014,WELL_2014,24,DM,3262964
CELL_2015,LIB_2015,WELL_2015,48,GM,2646760
CELL_2016,LIB_2016,WELL_2016,72,DM,4218090
CELL_2017,LIB_2017,WELL_2017,0,GM,2794178
CELL_2018,LIB_2018,WELL_2018,24,DM,1256372
CELL_2019,LIB_2019,WELL_2019,48,GM,3484958
CELL_2020,LIB_2020,WELL_2020,72,DM,3111405
CELL_2021,LIB_2021,WELL_2021,0,GM,2120430
CELL_2022,LIB_2022,WELL_2022,24,DM,1364025
CELL_2023,LIB_2023,WELL_2023,48,GM,1299181
CELL_2024,LIB_2024,WELL_2024,72,DM,2824468
CELL_2025,LIB_2025,WELL_2025,0,GM,4504275
CELL_2026,LIB_2026,WELL_2026,24,DM,4839175
CELL_2027,LIB_2027,WELL_2027,48,GM,4084500
CELL_2028,LIB_2028,WELL_2028,72,DM,4807735
CELL_2029,LIB_2029,WELL_2029,0,GM,1015870
CELL_2030,LIB_2030,WELL_2030,24,DM,2226243
CELL_2031,LIB_2031,WELL_2031,48,GM,4229760
CELL_2032,LIB_2032,WELL_2032,72,DM,2668444
CELL_2033,LIB_2033,WELL_2033,0,GM,1880488
CELL_2034,LIB_2034,WELL_2034,24,DM,2863007
CELL_2035,LIB_2035,WELL_2035,48,GM,1508626
CELL_2036,LIB_2036,WELL_2036,72,DM,2045917
CELL_2037,LIB_2037,WELL_2037,0,GM,4274167
CELL_2038,LIB_2038,WELL_2038,24,DM,1860335
CELL_2039,LIB_2039,WELL_2039,48,GM,3433183
CELL_2040,LIB_2040,WELL_2040,72,DM,4074298
CELL_2041,LIB_2041,WELL_2041,0,GM,1539907
CELL_2042,LIB_2042,WELL_2042,24,DM,4162780
CELL_2043,LIB_2043,WELL_2043,48,GM,1020695
CELL_2044,LIB_2044,WELL_2044,72,DM,1752737
CELL_2045,LIB_2045,WELL_2045,0,GM,4865907
CELL_2046,LIB_2046,WELL_2046,24,DM,1559908
CELL_2047,LIB_2047,WELL_2047,48,GM,4488971
CELL_2048,LIB_2048,WELL_2048,72,DM,3490219
CELL_2049,LIB_2049,WELL_2049,0,GM,1133192
CELL_2050,LIB_2050,WELL_2050,24,DM,4164209
CELL_2051,LIB_2051,WELL_2051,48,GM,3975386
CELL_2052,LIB_2052,WELL_2052,72,DM,4390304
CELL_2053,LIB_2053,WELL_2053,0,GM,1121532
CELL_2054,LIB_2054,WELL_2054,24,DM,1552198
CELL_2055,LIB_2055,WELL_2055,48,GM,3531620
CELL_2056,LIB_2056,WELL_2056,72,DM,2405041
CELL_2057,LIB_2057,WELL_2057,0,GM,4940301
CELL_2058,LIB_2058,WELL_2058,24,DM,1101282
CELL_2059,LIB_2059,WELL_2059,48,GM,4818329
CELL_2060,LIB_2060,WELL_2060,72,DM,2822141
CELL_2061,LIB_2061,WELL_2061,0,GM,4406869
CELL_2062,LIB_2062,WELL_2062,24,DM,2223106
CELL_2063,LIB_2063,WELL_2063,48,GM,3500097
CELL_2064,LIB_2064,WELL_2064,72,DM,1203173
CELL_2065,LIB_2065,WELL_2065,0,GM,4605584
CELL_2066,LIB_2066,WELL_2066,24,DM,3338384
CELL_2067,LIB_2067,WELL_2067,48,GM,1286786
CELL_2068,LIB_2068,WELL_2068,72,DM,2442454
CELL_2069,LIB_2069,WELL_2069,0,GM,4483468
CELL_2070,LIB_2070,WELL_2070,24,DM,3467080
CELL_2071,LIB_2071,WELL_2071,48,GM,1377900
CELL_2072,LIB_2072,WELL_2072,72,DM,3499188
CELL_2073,LIB_2073,WELL_2073,0,GM,2016550
CELL_2074,LIB_2074,WELL_2074,24,DM,4922590
CELL_2075,LIB_2075,WELL_2075,48,GM,3708394
CELL_2076,LIB_2076,WELL_2076,72,DM,1384850
CELL_2077,LIB_2077,WELL_2077,0,GM,1584924
CELL_2078,LIB_2078,WELL_2078,24,DM,3906941
CELL_2079,LIB_2079,WELL_2079,48,GM,2318716
CELL_2080,LIB_2080,WELL_2080,72,DM,2375965
CELL_2081,LIB_2081,WELL_2081,0,GM,2180523
CELL_2082,LIB_2082,WELL_2082,24,DM,2459931
CELL_2083,LIB_2083,WELL_2083,48,GM,3971130
CELL_2084,LIB_2084,WELL_2084,72,DM,3596579
CELL_2085,LIB_2085,WELL_2085,0,GM,1431775
CELL_2086,LIB_2086,WELL_2086,24,DM,1493542
CELL_2087,LIB_2087,WELL_2087,48,GM,3794888
CELL_2088,LIB_2088,WELL_2088,72,DM,1015323
CELL_2089,LIB_2089,WELL_2089,0,GM,3395209
CELL_2090,LIB_2090,WELL_2090,24,DM,2502345
CELL_2091,LIB_2091,WELL_2091,48,GM,1596866
CELL_2092,LIB_2092,WELL_2092,72,DM,2040634
CELL_2093,LIB_2093,WELL_2093,0,GM,2571909
CELL_2094,LIB_2094,WELL_2094,24,DM,2567709
CELL_2095,LIB_2095,WELL_2095,48,GM,1051837
CELL_2096,LIB_2096,WELL_2096,72,DM,3485145
CELL_2097,LIB_2097,WELL_2097,0,GM,1113554
CELL_2098,LIB_2098,WELL_2098,24,DM,2741352
CELL_2099,LIB_2099,WELL_2099,48,GM,4066310
CELL_2100,LIB_2100,WELL_2100,72,DM,1840667
CELL_2101,LIB_2101,WELL_2101,0,GM,3668687
CELL_2102,LIB_2102,WELL_2102,24,DM,3774793
CELL_2103,LIB_2103,WELL_2103,48,GM,3464756
CELL_2104,LIB_2104,WELL_2104,72,DM,2875296
CELL_2105,LIB_2105,WELL_2105,0,GM,1921044
CELL_2106,LIB_2106,WELL_2106,24,DM,1655372
CELL_2107,LIB_2107,WELL_2107,48,GM,1298791
CELL_2108,LIB_2108,WELL_2108,72,DM,4710453
CELL_2109,LIB_2109,WELL_2109,0,GM,1815624
CELL_2110,LIB_2110,WELL_2110,24,DM,2697600
CELL_2111,LIB_2111,WELL_2111,48,GM,4130912
CELL_2112,LIB_2112,WELL_2112,72,DM,3719160
CELL_2113,LIB_2113,WELL_2113,0,GM,2582590
CELL_2114,LIB_2114,WELL_2114,24,DM,4529946
CELL_2115,LIB_2115,WELL_2115,48,GM,4008024
CELL_2116,LIB_2116,WELL_2116,72,DM,1239637
CELL_2117,LIB_2117,WELL_2117,0,GM,1564086
CELL_2118,LIB_2118,WELL_2118,24,DM,2070322
CELL_2119,LIB_2119,WELL_2119,48,GM,3901323
CELL_2120,LIB_2120,WELL_2120,72,DM,4461043
CELL_2121,LIB_2121,WELL_2121,0,GM,3276684
CELL_2122,LIB_2122,WELL_2122,24,DM,2673615
CELL_2123,LIB_2123,WELL_2123,48,GM,1439730
CELL_2124,LIB_2124,WELL_2124,72,DM,2740138
CELL_2125,LIB_2125,WELL_2125,0,GM,4422210
CELL_2126,LIB_2126,WELL_2126,24,DM,4199670
CELL_2127,LIB_2127,WELL_2127,48,GM,4495310
CELL_2128,LIB_2128,WELL_2128,72,DM,3621234
CELL_2129,LIB_2129,WELL_2129,0,GM,2975788
CELL_2130,LIB_2130,WELL_2130,24,DM,2779405
CELL_2131,LIB_2131,WELL_2131,48,GM,2641536
CELL_2132,LIB_2132,WELL_2132,72,DM,4371483
CELL_2133,LIB_2133,WELL_2133,0,GM,3814211
CELL_2134,LIB_2134,WELL_2134,24,DM,3342098
CELL_2135,LIB_2135,WELL_2135,48,GM,1299837
CELL_2136,LIB_2136,WELL_2136,72,DM,3297910
CELL_2137,LIB_2137,WELL_2137,0,GM,4798785
CELL_2138,LIB_2138,WELL_2138,24,DM,3232266
CELL_2139,LIB_2139,WELL_2139,48,GM,4449770
CELL_2140,LIB_2140,WELL_2140,72,DM,4505169
CELL_2141,LIB_2141,WELL_2141,0,GM,1034378
CELL_2142,LIB_2142,WELL_2142,24,DM,2840441
CELL_2143,LIB_2143,WELL_2143,48,GM,1977822
CELL_2144,LIB_2144,WELL_2144,72,DM,3432730
CELL_2145,LIB_2145,WELL_2145,0,GM,2205118
CELL_2146,LIB_2146,WELL_2146,24,DM,3150406
CELL_2147,LIB_2147,WELL_2147,48,GM,1936492
CELL_2148,LIB_2148,WELL_2148,72,DM,1325207
CELL_2149,LIB_2149,WELL_2149,0,GM,2728497
CELL_2150,LIB_2150,WELL_2150,24,DM,1000620
CELL_2151,LIB_2151,WELL_2151,48,GM,4914392
CELL_2152,LIB_2152,WELL_2152,72,DM,4014902
CELL_2153,LIB_2153,WELL_2153,0,GM,2763924
CELL_2154,LIB_2154,WELL_2154,24,DM,4215852
CELL_2155,LIB_2155,WELL_2155,48,GM,3209639
CELL_2156,LIB_2156,WELL_2156,72,DM,4534768
CELL_2157,LIB_2157,WELL_2157,0,GM,3869313
CELL_2158,LIB_2158,WELL_2158,24,DM,1863969
CELL_2159,LIB_2159,WELL_2159,48,GM,3253925
CELL_2160,LIB_2160,WELL_2160,72,DM,4165715
CELL_2161,LIB_2161,WELL_2161,0,GM,2618236
CELL_2162,LIB_2162,WELL_2162,24,DM,1690854
CELL_2163,LIB_2163,WELL_2163,48,GM,3212361
CELL_2164,LIB_2164,WELL_2164,72,DM,1822910
CELL_2165,LIB_2165,WELL_2165,0,GM,3318678
CELL_2166,LIB_2166,WELL_2166,24,DM,2994813
CELL_2167,LIB_2167,WELL_2167,48,GM,2996932
CELL_2168,LIB_2168,WELL_2168,72,DM,1530303
CELL_2169,LIB_2169,WELL_2169,0,GM,1086231
CELL_2170,LIB_2170,WELL_2170,24,DM,3316114
CELL_2171,LIB_2171,WELL_2171,48,GM,4268058
CELL_2172,LIB_2172,WELL_2172,72,DM,3080435
CELL_2173,LIB_2173,WELL_2173,0,GM,2132908
CELL_2174,LIB_2174,WELL_2174,24,DM,1007943
CELL_2175,LIB_2175,WELL_2175,48,GM,4032130
CELL_2176,LIB_2176,WELL_2176,72,DM,4061045
CELL_2177,LIB_2177,WELL_2177,0,GM,3157398
CELL_2178,LIB_2178,WELL_2178,24,DM,1359834
CELL_2179,LIB_2179,WELL_2179,48,GM,3188324
CELL_2180,LIB_2180,WELL_2180,72,DM,1924428
CELL_2181,LIB_2181,WELL_2181,0,GM,2390331
CELL_2182,LIB_2182,WELL_2182,24,DM,1913848
CELL_2183,LIB_2183,WELL_2183,48,GM,3484524
CELL_2184,LIB_2184,WELL_2184,72,DM,4679336
CELL_2185,LIB_2185,WELL_2185,0,GM,4490643
CELL_2186,LIB_2186,WELL_2186,24,DM,2509357
CELL_2187,LIB_2187,WELL_2187,48,GM,3600698
CELL_2188,LIB_2188,WELL_2188,72,DM,2803242
CELL_2189,LIB_2189,WELL_2189,0,GM,1470228
CELL_2190,LIB_2190,WELL_2190,24,DM,2685516
CELL_2191,LIB_2191,WELL_2191,48,GM,3384392
CELL_2192,LIB_2192,WELL_2192,72,DM,4465011
CELL_2193,LIB_2193,WELL_2193,0,GM,2377997
CELL_2194,LIB_2194,WELL_2194,24,DM,1537944
CELL_2195,LIB_2195,WELL_2195,48,GM,3553025
CELL_2196,LIB_2196,WELL_2196,72,DM,3301520
CELL_2197,LIB_2197,WELL_2197,0,GM,2396097
CELL_2198,LIB_2198,WELL_2198,24,DM,3842040
CELL_2199,LIB_2199,WELL_2199,48,GM,3016455
CELL_2200,LIB_2200,WELL_2200,72,DM,2945173
CELL_2201,LIB_2201,WELL_2201,0,GM,1278662
CELL_2202,LIB_2202,WELL_2202,24,DM,1702679
CELL_2203,LIB_2203,WELL_2203,48,GM,1007924
CELL_2204,LIB_2204,WELL_2204,72,DM,2046495
CELL_2205,LIB_2205,WELL_2205,0,GM,4330400
CELL_2206,LIB_2206,WELL_2206,24,DM,4756870
CELL_2207,LIB_2207,WELL_2207,48,GM,1357790
CELL_2208,LIB_2208,WELL_2208,72,DM,4810882
CELL_2209,LIB_2209,WELL_2209,0,GM,3035976
CELL_2210,LIB_2210,WELL_2210,24,DM,1299463
CELL_2211,LIB_2211,WELL_2211,48,GM,2948841
CELL_2212,LIB_2212,WELL_2212,72,DM,1622755
CELL_2213,LIB_2213,WELL_2213,0,GM,4110372
CELL_2214,LIB_2214,WELL_2214,24,DM,3392032
CELL_2215,LIB_2215,WELL_2215,48,GM,4821070
CELL_2216,LIB_2216,WELL_2216,72,DM,4679464
CELL_2217,LIB_2217,WELL_2217,0,GM,1003628
CELL_2218,LIB_2218,WELL_2218,24,DM,3310700
CELL_2219,LIB_2219,WELL_2219,48,GM,1704527
CELL_2220,LIB_2220,WELL_2220,72,DM,3075371
CELL_2221,LIB_2221,WELL_2221,0,GM,1398535
CELL_2222,LIB_2222,WELL_2222,24,DM,2950721
CELL_2223,LIB_2223,WELL_2223,48,GM,3861757
CELL_2224,LIB_2224,WELL_2224,72,DM,1133967
CELL_2225,LIB_2225,WELL_2225,0,GM,2194591
CELL_2226,LIB_2226,WELL_2226,24,DM,2478990
CELL_2227,LIB_2227,WELL_2227,48,GM,2464226
CELL_2228,LIB_2228,WELL_2228,72,DM,2936117
CELL_2229,LIB_2229,WELL_2229,0,GM,3579139
CELL_2230,LIB_2230,WELL_2230,24,DM,4924740
CELL_2231,LIB_2231,WELL_2231,48,GM,3531019
CELL_2232,LIB_2232,WELL_2232,72,DM,3260921
CELL_2233,LIB_2233,WELL_2233,0,GM,1121705
CELL_2234,LIB_2234,WELL_2234,24,DM,1664118
CELL_2235,LIB_2235,WELL_2235,48,GM,2404326
CELL_2236,LIB_2236,WELL_2236,72,DM,2650801
CELL_2237,LIB_2237,WELL_2237,0,GM,3165271
CELL_2238,LIB_2238,WELL_2238,24,DM,4173564
CELL_2239,LIB_2239,WELL_2239,48,GM,2919199
CELL_2240,LIB_2240,WELL_2240,72,DM,3665703
CELL_2241,LIB_2241,WELL_2241,0,GM,3529257
CELL_2242,LIB_2242,WELL_2242,24,DM,3565917
CELL_2243,LIB_2243,WELL_2243,48,GM,3919420
CELL_2244,LIB_2244,WELL_2244,72,DM,2489706
CELL_2245,LIB_2245,WELL_2245,0,GM,4588530
CELL_2246,LIB_2246,WELL_2246,24,DM,4348403
CELL_2247,LIB_2247,WELL_2247,48,GM,3131211
CELL_2248,LIB_2248,WELL_2248,72,DM,4674440
CELL_2249,LIB_2249,WELL_2249,0,GM,4704176
CELL_2250,LIB_2250,WELL_2250,24,DM,4646000
CELL_2251,LIB_2251,WELL_2251,48,GM,1549877
CELL_2252,LIB_2252,WELL_2252,72,DM,2054089
CELL_2253,LIB_2253,WELL_2253,0,GM,2615057
CELL_2254,LIB_2254,WELL_2254,24,DM,2641199
CELL_2255,LIB_2255,WELL_2255,48,GM,1310208
CELL_2256,LIB_2256,WELL_2256,72,DM,4052180
CELL_2257,LIB_2257,WELL_2257,0,GM,2178032
CELL_2258,LIB_2258,WELL_2258,24,DM,2254849
CELL_2259,LIB_2259,WELL_2259,48,GM,3548969
CELL_2260,LIB_2260,WELL_2260,72,DM,2924812
CELL_2261,LIB_2261,WELL_2261,0,GM,4964682
CELL_2262,LIB_2262,WELL_2262,24,DM,1661082
CELL_2263,LIB_2263,WELL_2263,48,GM,2512576
CELL_2264,LIB_2264,WELL_2264,72,DM,4200039
CELL_2265,LIB_2265,WELL_2265,0,GM,2221717
CELL_2266,LIB_2266,WELL_2266,24,DM,4380433
CELL_2267,LIB_2267,WELL_2267,48,GM,3245063
CELL_2268,LIB_2268,WELL_2268,72,DM,1536260
CELL_2269,LIB_2269,WELL_2269,0,GM,2446274
CELL_2270,LIB_2270,WELL_2270,24,DM,4930950
CELL_2271,LIB_2271,WELL_2271,48,GM,3544824
CELL_2272,LIB_2272,WELL_2272,72,DM,3926331
CELL_2273,LIB_2273,WELL_2273,0,GM,3703774
CELL_2274,LIB_2274,WELL_2274,24,DM,1396013
CELL_2275,LIB_2275,WELL_2275,48,GM,2790198
CELL_2276,LIB_2276,WELL_2276,72,DM,1689914
CELL_2277,LIB_2277,WELL_2277,0,GM,2050888
CELL_2278,LIB_2278,WELL_2278,24,DM,4191817
CELL_2279,LIB_2279,WELL_2279,48,GM,3713666
CELL_2280,LIB_2280,WELL_2280,72,DM,1187829
CELL_2281,LIB_2281,WELL_2281,0,GM,3840596
CELL_2282,LIB_2282,WELL_2282,24,DM,2826008
CELL_2283,LIB_2283,WELL_2283,48,GM,1418369
CELL_2284,LIB_2284,WELL_2284,72,DM,1630134
CELL_2285,LIB_2285,WELL_2285,0,GM,4052557
CELL_2286,LIB_2286,WELL_2286,24,DM,1216607
CELL_2287,LIB_2287,WELL_2287,48,GM,3318433
CELL_2288,LIB_2288,WELL_2288,72,DM,2876710
CELL_2289,LIB_2289,WELL_2289,0,GM,2486154
CELL_2290,LIB_2290,WELL_2290,24,DM,1563380
CELL_2291,LIB_2291,WELL_2291,48,GM,4416315
CELL_2292,LIB_2292,WELL_2292,72,DM,2954369
CELL_2293,LIB_2293,WELL_2293,0,GM,1844261
CELL_2294,LIB_2294,WELL_2294,24,DM,3491035
CELL_2295,LIB_2295,WELL_2295,48,GM,4351773
CELL_2296,LIB_2296,WELL_2296,72,DM,3920485
CELL_2297,LIB_2297,WELL_2297,0,GM,4693409
CELL_2298,LIB_2298,WELL_2298,24,DM,2394593
CELL_2299,LIB_2299,WELL_2299,48,GM,3182698
CELL_2300,LIB_2300,WELL_2300,72,DM,1360591
CELL_2301,LIB_2301,WELL_2301,0,GM,3617626
CELL_2302,LIB_2302,WELL_2302,24,DM,1003893
CELL_2303,LIB_2303,WELL_2303,48,GM,2630803
CELL_2304,LIB_2304,WELL_2304,72,DM,2815412
CELL_2305,LIB_2305,WELL_2305,0,GM,2636198
CELL_2306,LIB_2306,WELL_2306,24,DM,4413599
CELL_2307,LIB_2307,WELL_2307,48,GM,2456520
CELL_2308,LIB_2308,WELL_2308,72,DM,2932948
CELL_2309,LIB_2309,WELL_2309,0,GM,3303211
CELL_2310,LIB_2310,WELL_2310,24,DM,3943815
CELL_2311,LIB_2311,WELL_2311,48,GM,2400051
CELL_2312,LIB_2312,WELL_2312,72,DM,2115104
CELL_2313,LIB_2313,WELL_2313,0,GM,3559838
CELL_2314,LIB_2314,WELL_2314,24,DM,2242348
CELL_2315,LIB_2315,WELL_2315,48,GM,1670341
CELL_2316,LIB_2316,WELL_2316,72,DM,2553497
CELL_2317,LIB_2317,WELL_2317,0,GM,1072570
CELL_2318,LIB_2318,WELL_2318,24,DM,2699134
CELL_2319,LIB_2319,WELL_2319,48,GM,4607671
CELL_2320,LIB_2320,WELL_2320,72,DM,3073671
CELL_2321,LIB_2321,WELL_2321,0,GM,2781593
CELL_2322,LIB_2322,WELL_2322,24,DM,3597510
CELL_2323,LIB_2323,WELL_2323,48,GM,4453553
CELL_2324,LIB_2324,WELL_2324,72,DM,1670925
CELL_2325,LIB_2325,WELL_2325,0,GM,2894333
CELL_2326,LIB_2326,WELL_2326,24,DM,1554133
CELL_2327,LIB_2327,WELL_2327,48,GM,4521152
CELL_2328,LIB_2328,WELL_2328,72,DM,2297801
CELL_2329,LIB_2329,WELL_2329,0,GM,2839568
CELL_2330,LIB_2330,WELL_2330,24,DM,2821418
CELL_2331,LIB_2331,WELL_2331,48,GM,3299805
CELL_2332,LIB_2332,WELL_2332,72,DM,2202191
CELL_2333,LIB_2333,WELL_2333,0,GM,3832974
CELL_2334,LIB_2334,WELL_2334,24,DM,3903804
CELL_2335,LIB_2335,WELL_2335,48,GM,4285159
CELL_2336,LIB_2336,WELL_2336,72,DM,4934493
CELL_2337,LIB_2337,WELL_2337,0,GM,1367805
CELL_2338,LIB_2338,WELL_2338,24,DM,2252227
CELL_2339,LIB_2339,WELL_2339,48,GM,2265008
CELL_2340,LIB_2340,WELL_2340,72,DM,3568619
CELL_2341,LIB_2341,WELL_2341,0,GM,2941765
CELL_2342,LIB_2342,WELL_2342,24,DM,4335110
CELL_2343,LIB_2343,WELL_2343,48,GM,4739764
CELL_2344,LIB_2344,WELL_2344,72,DM,1862128
CELL_2345,LIB_2345,WELL_2345,0,GM,4178046
CELL_2346,LIB_2346,WELL_2346,24,DM,1465584
CELL_2347,LIB_2347,WELL_2347,48,GM,4000137
CELL_2348,LIB_2348,WELL_2348,72,DM,3651754
CELL_2349,LIB_2349,WELL_2349,0,GM,3367404
CELL_2350,LIB_2350,WELL_2350,24,DM,1830499
CELL_2351,LIB_2351,WELL_2351,48,GM,1643832
CELL_2352,LIB_2352,WELL_2352,72,DM,2465267
CELL_2353,LIB_2353,WELL_2353,0,GM,4412910
CELL_2354,LIB_2354,WELL_2354,24,DM,3195743
CELL_2355,LIB_2355,WELL_2355,48,GM,4068103
CELL_2356,LIB_2356,WELL_2356,72,DM,2080467
CELL_2357,LIB_2357,WELL_2357,0,GM,3780937
CELL_2358,LIB_2358,WELL_2358,24,DM,2176030
CELL_2359,LIB_2359,WELL_2359,48,GM,2582524
CELL_2360,LIB_2360,WELL_2360,72,DM,2897329
CELL_2361,LIB_2361,WELL_2361,0,GM,2152239
CELL_2362,LIB_2362,WELL_2362,24,DM,2237015
CELL_2363,LIB_2363,WELL_2363,48,GM,1572290
CELL_2364,LIB_2364,WELL_2364,72,DM,1016410
CELL_2365,LIB_2365,WELL_2365,0,GM,4199697
CELL_2366,LIB_2366,WELL_2366,24,DM,3549640
CELL_2367,LIB_2367,WELL_2367,48,GM,3262204
CELL_2368,LIB_2368,WELL_2368,72,DM,3480033
CELL_2369,LIB_2369,WELL_2369,0,GM,3296441
CELL_2370,LIB_2370,WELL_2370,24,DM,1302207
CELL_2371,LIB_2371,WELL_2371,48,GM,2830548
CELL_2372,LIB_2372,WELL_2372,72,DM,3480546
CELL_2373,LIB_2373,WELL_2373,0,GM,1132053
CELL_2374,LIB_2374,WELL_2374,24,DM,4140619
CELL_2375,LIB_2375,WELL_2375,48,GM,3716319
CELL_2376,LIB_2376,WELL_2376,72,DM,2195873
CELL_2377,LIB_2377,WELL_2377,0,GM,4116018
CELL_2378,LIB_2378,WELL_2378,24,DM,1202433
CELL_2379,LIB_2379,WELL_2379,48,GM,1864409
CELL_2380,LIB_2380,WELL_2380,72,DM,2508215
CELL_2381,LIB_2381,WELL_2381,0,GM,3139376
CELL_2382,LIB_2382,WELL_2382,24,DM,3522000
CELL_2383,LIB_2383,WELL_2383,48,GM,3232556
CELL_2384,LIB_2384,WELL_2384,72,DM,4075942
CELL_2385,LIB_2385,WELL_2385,0,GM,1083476
CELL_2386,LIB_2386,WELL_2386,24,DM,4492542
CELL_2387,LIB_2387,WELL_2387,48,GM,2776701
CELL_2388,LIB_2388,WELL_2388,72,DM,3251291
CELL_2389,LIB_2389,WELL_2389,0,GM,4367014
CELL_2390,LIB_2390,WELL_2390,24,DM,3703387
CELL_2391,LIB_2391,WELL_2391,48,GM,4473219
CELL_2392,LIB_2392,WELL_2392,72,DM,2577087
CELL_2393,LIB_2393,WELL_2393,0,GM,2241114
CELL_2394,LIB_2394,WELL_2394,24,DM,1533920
CELL_2395,LIB_2395,WELL_2395,48,GM,2895540
CELL_2396,LIB_2396,WELL_2396,72,DM,2809667
CELL_2397,LIB_2397,WELL_2397,0,GM,1804364
CELL_2398,LIB_2398,WELL_2398,24,DM,2651651
CELL_2399,LIB_2399,WELL_2399,48,GM,4148554
CELL_2400,LIB_2400,WELL_2400,72,DM,4452147
CELL_2401,LIB_2401,WELL_2401,0,GM,3559154
CELL_2402,LIB_2402,WELL_2402,24,DM,2550280
CELL_2403,LIB_2403,WELL_2403,48,GM,3580105
CELL_2404,LIB_2404,WELL_2404,72,DM,4396427
CELL_2405,LIB_2405,WELL_2405,0,GM,2955379
CELL_2406,LIB_2406,WELL_2406,24,DM,1559586
CELL_2407,LIB_2407,WELL_2407,48,GM,3573751
CELL_2408,LIB_2408,WELL_2408,72,DM,1139335
CELL_2409,LIB_2409,WELL_2409,0,GM,2155053
CELL_2410,LIB_2410,WELL_2410,24,DM,4909262
CELL_2411,LIB_2411,WELL_2411,48,GM,3995012
CELL_2412,LIB_2412,WELL_2412,72,DM,3833649
CELL_2413,LIB_2413,WELL_2413,0,GM,2939344
CELL_2414,LIB_2414,WELL_2414,24,DM,3814947
CELL_2415,LIB_2415,WELL_2415,48,GM,2064081
CELL_2416,LIB_2416,WELL_2416,72,DM,4715139
CELL_2417,LIB_2417,WELL_2417,0,GM,1488382
CELL_2418,LIB_2418,WELL_2418,24,DM,1700032
CELL_2419,LIB_2419,WELL_2419,48,GM,3683035
CELL_2420,LIB_2420,WELL_2420,72,DM,1599786
CELL_2421,LIB_2421,WELL_2421,0,GM,2926747
CELL_2422,LIB_2422,WELL_2422,24,DM,3103883
CELL_2423,LIB_2423,WELL_2423,48,GM,4723323
CELL_2424,LIB_2424,WELL_2424,72,DM,1527910
CELL_2425,LIB_2425,WELL_2425,0,GM,2411081
CELL_2426,LIB_2426,WELL_2426,24,DM,1177043
CELL_2427,LIB_2427,WELL_2427,48,GM,3242828
CELL_2428,LIB_2428,WELL_2428,72,DM,4619641
CELL_2429,LIB_2429,WELL_2429,0,GM,4321744
CELL_2430,LIB_2430,WELL_2430,24,DM,1959842
CELL_2431,LIB_2431,WELL_2431,48,GM,4736657
CELL_2432,LIB_2432,WELL_2432,72,DM,3361491
CELL_2433,LIB_2433,WELL_2433,0,GM,4844174
CELL_2434,LIB_2434,WELL_2434,24,DM,3139268
CELL_2435,LIB_2435,WELL_2435,48,GM,1978127
CELL_2436,LIB_2436,WELL_2436,72,DM,1628251
CELL_2437,LIB_2437,WELL_2437,0,GM,1817157
CELL_2438,LIB_2438,WELL_2438,24,DM,1562711
CELL_2439,LIB_2439,WELL_2439,48,GM,3079229
CELL_2440,LIB_2440,WELL_2440,72,DM,1302310
CELL_2441,LIB_2441,WELL_2441,0,GM,2533488
CELL_2442,LIB_2442,WELL_2442,24,DM,2075700
CELL_2443,LIB_2443,WELL_2443,48,GM,3276680
CELL_2444,LIB_2444,WELL_2444,72,DM,3389899
CELL_2445,LIB_2445,WELL_2445,0,GM,2509718
CELL_2446,LIB_2446,WELL_2446,24,DM,2598025
CELL_2447,LIB_2447,WELL_2447,48,GM,4495544
CELL_2448,LIB_2448,WELL_2448,72,DM,2882046
CELL_2449,LIB_2449,WELL_2449,0,GM,2335605
CELL_2450,LIB_2450,WELL_2450,24,DM,4002305
CELL_2451,LIB_2451,WELL_2451,48,GM,2906850
CELL_2452,LIB_2452,WELL_2452,72,DM,2073854
CELL_2453,LIB_2453,WELL_2453,0,GM,2699095
CELL_2454,LIB_2454,WELL_2454,24,DM,2231691
CELL_2455,LIB_2455,WELL_2455,48,GM,2233542
CELL_2456,LIB_2456,WELL_2456,72,DM,2100345
CELL_2457,LIB_2457,WELL_2457,0,GM,3861597
CELL_2458,LIB_2458,WELL_2458,24,DM,3557045
CELL_2459,LIB_2459,WELL_2459,48,GM,3263769
CELL_2460,LIB_2460,WELL_2460,72,DM,3476987
CELL_2461,LIB_2461,WELL_2461,0,GM,2384155
CELL_2462,LIB_2462,WELL_2462,24,DM,3788942
CELL_2463,LIB_2463,WELL_2463,48,GM,2949197
CELL_2464,LIB_2464,WELL_2464,72,DM,3820615
CELL_2465,LIB_2465,WELL_2465,0,GM,4919609
CELL_2466,LIB_2466,WELL_2466,24,DM,1184631
CELL_2467,LIB_2467,WELL_2467,48,GM,3799438
CELL_2468,LIB_2468,WELL_2468,72,DM,2040797
CELL_2469,LIB_2469,WELL_2469,0,GM,3563820
CELL_2470,LIB_2470,WELL_2470,24,DM,4487760
CELL_2471,LIB_2471,WELL_2471,48,GM,3711511
CELL_2472,LIB_2472,WELL_2472,72,DM,4914245
CELL_2473,LIB_2473,WELL_2473,0,GM,4874628
CELL_2474,LIB_2474,WELL_2474,24,DM,1314986
CELL_2475,LIB_2475,WELL_2475,48,GM,2848985
CELL_2476,LIB_2476,WELL_2476,72,DM,2048522
CELL_2477,LIB_2477,WELL_2477,0,GM,3358255
CELL_2478,LIB_2478,WELL_2478,24,DM,1798363
CELL_2479,LIB_2479,WELL_2479,48,GM,1806704
CELL_2480,LIB_2480,WELL_2480,72,DM,2279367
CELL_2481,LIB_2481,WELL_2481,0,GM,2870548
CELL_2482,LIB_2482,WELL_2482,24,DM,3800426
CELL_2483,LIB_2483,WELL_2483,48,GM,3899155
CELL_2484,LIB_2484,WELL_2484,72,DM,2192142
CELL_2485,LIB_2485,WELL_2485,0,GM,3235611
CELL_2486,LIB_2486,WELL_2486,24,DM,3126070
CELL_2487,LIB_2487,WELL_2487,48,GM,1159404
CELL_2488,LIB_2488,WELL_2488,72,DM,1294231
CELL_2489,LIB_2489,WELL_2489,0,GM,4096483
CELL_2490,LIB_2490,WELL_2490,24,DM,4786718
CELL_2491,LIB_2491,WELL_2491,48,GM,1838214
CELL_2492,LIB_2492,WELL_2492,72,DM,3544493
CELL_2493,LIB_2493,WELL_2493,0,GM,1871851
CELL_2494,LIB_2494,WELL_2494,24,DM,1276861
CELL_2495,LIB_2495,WELL_2495,48,GM,3034460
CELL_2496,LIB_2496,WELL_2496,72,DM,1872892
CELL_2497,LIB_2497,WELL_2497,0,GM,3039890
CELL_2498,LIB_2498,WELL_2498,24,DM,2624042
CELL_2499,LIB_2499,WELL_2499,48,GM,3224153
CELL_2500,LIB_2500,WELL_2500,72,DM,2434924
CELL_2501,LIB_2501,WELL_2501,0,GM,2044603
CELL_2502,LIB_2502,WELL_2502,24,DM,2726947
CELL_2503,LIB_2503,WELL_2503,48,GM,2109407
CELL_2504,LIB_2504,WELL_2504,72,DM,1547443
CELL_2505,LIB_2505,WELL_2505,0,GM,2779661
CELL_2506,LIB_2506,WELL_2506,24,DM,4407905
CELL_2507,LIB_2507,WELL_2507,48,GM,3837252
CELL_2508,LIB_2508,WELL_2508,72,DM,3021151
CELL_2509,LIB_2509,WELL_2509,0,GM,2015488
CELL_2510,LIB_2510,WELL_2510,24,DM,3810542
CELL_2511,LIB_2511,WELL_2511,48,GM,1883057
CELL_2512,LIB_2512,WELL_2512,72,DM,1420890
CELL_2513,LIB_2513,WELL_2513,0,GM,3424523
CELL_2514,LIB_2514,WELL_2514,24,DM,2438051
CELL_2515,LIB_2515,WELL_2515,48,GM,4946438
CELL_2516,LIB_2516,WELL_2516,72,DM,3926110
CELL_2517,LIB_2517,WELL_2517,0,GM,3864562
CELL_2518,LIB_2518,WELL_2518,24,DM,2609307
CELL_2519,LIB_2519,WELL_2519,48,GM,2099949
CELL_2520,LIB_2520,WELL_2520,72,DM,1693590
CELL_2521,LIB_2521,WELL_2521,0,GM,1541963
CELL_2522,LIB_2522,WELL_2522,24,DM,4971588
CELL_2523,LIB_2523,WELL_2523,48,GM,1402409
CELL_2524,LIB_2524,WELL_2524,72,DM,2803597
CELL_2525,LIB_2525,WELL_2525,0,GM,4547407
CELL_2526,LIB_2526,WELL_2526,24,DM,1888454
CELL_2527,LIB_2527,WELL_2527,48,GM,4255922
CELL_2528,LIB_2528,WELL_2528,72,DM,4324227
CELL_2529,LIB_2529,WELL_2529,0,GM,2570283
CELL_2530,LIB_2530,WELL_2530,24,DM,4871420
CELL_2531,LIB_2531,WELL_2531,48,GM,2029582
CELL_2532,LIB_2532,WELL_2532,72,DM,1554020
CELL_2533,LIB_2533,WELL_2533,0,GM,3930901
CELL_2534,LIB_2534,WELL_2534,24,DM,3507593
CELL_2535,LIB_2535,WELL_2535,48,GM,2953859
CELL_2536,LIB_2536,WELL_2536,72,DM,1394038
CELL_2537,LIB_2537,WELL_2537,0,GM,4035565
CELL_2538,LIB_2538,WELL_2538,24,DM,2777899
CELL_2539,LIB_2539,WELL_2539,48,GM,4196691
CELL_2540,LIB_2540,WELL_2540,72,DM,2262016
CELL_2541,LIB_2541,WELL_2541,0,GM,1971987
CELL_2542,LIB_2542,WELL_2542,24,DM,3130625
CELL_2543,LIB_2543,WELL_2543,48,GM,1756115
CELL_2544,LIB_2544,WELL_2544,72,DM,4477199
CELL_2545,LIB_2545,WELL_2545,0,GM,4884661
CELL_2546,LIB_2546,WELL_2546,24,DM,2895794
CELL_2547,LIB_2547,WELL_2547,48,GM,3613311
CELL_2548,LIB_2548,WELL_2548,72,DM,3651125
CELL_2549,LIB_2549,WELL_2549,0,GM,3754611
CELL_2550,LIB_2550,WELL_2550,24,DM,3305383
CELL_2551,LIB_2551,WELL_2551,48,GM,4104344
CELL_2552,LIB_2552,WELL_2552,72,DM,2829014
CELL_2553,LIB_2553,WELL_2553,0,GM,3025041
CELL_2554,LIB_2554,WELL_2554,24,DM,3455639
CELL_2555,LIB_2555,WELL_2555,48,GM,2078440
CELL_2556,LIB_2556,WELL_2556,72,DM,2863973
CELL_2557,LIB_2557,WELL_2557,0,GM,4212242
CELL_2558,LIB_2558,WELL_2558,24,DM,1707901
CELL_2559,LIB_2559,WELL_2559,48,GM,2246871
CELL_2560,LIB_2560,WELL_2560,72,DM,4004950
CELL_2561,LIB_2561,WELL_2561,0,GM,3251833
CELL_2562,LIB_2562,WELL_2562,24,DM,3218878
CELL_2563,LIB_2563,WELL_2563,48,GM,4405805
CELL_2564,LIB_2564,WELL_2564,72,DM,1430370
CELL_2565,LIB_2565,WELL_2565,0,GM,3903483
CELL_2566,LIB_2566,WELL_2566,24,DM,3976056
CELL_2567,LIB_2567,WELL_2567,48,GM,3259413
CELL_2568,LIB_2568,WELL_2568,72,DM,4063173
CELL_2569,LIB_2569,WELL_2569,0,GM,2660180
CELL_2570,LIB_2570,WELL_2570,24,DM,1491507
CELL_2571,LIB_2571,WELL_2571,48,GM,3962845
CELL_2572,LIB_2572,WELL_2572,72,DM,1200848
CELL_2573,LIB_2573,WELL_2573,0,GM,4866893
CELL_2574,LIB_2574,WELL_2574,24,DM,4521181
CELL_2575,LIB_2575,WELL_2575,48,GM,2623234
CELL_2576,LIB_2576,WELL_2576,72,DM,2829710
CELL_2577,LIB_2577,WELL_2577,0,GM,4265439
CELL_2578,LIB_2578,WELL_2578,24,DM,4503586
CELL_2579,LIB_2579,WELL_2579,48,GM,2429697
CELL_2580,LIB_2580,WELL_2580,72,DM,1368634
CELL_2581,LIB_2581,WELL_2581,0,GM,2024287
CELL_2582,LIB_2582,WELL_2582,24,DM,3516805
CELL_2583,LIB_2583,WELL_2583,48,GM,2285758
CELL_2584,LIB_2584,WELL_2584,72,DM,2914110
CELL_2585,LIB_2585,WELL_2585,0,GM,2596372
CELL_2586,LIB_2586,WELL_2586,24,DM,4033020
CELL_2587,LIB_2587,WELL_2587,48,GM,2345675
CELL_2588,LIB_2588,WELL_2588,72,DM,3096103
CELL_2589,LIB_2589,WELL_2589,0,GM,3641774
CELL_2590,LIB_2590,WELL_2590,24,DM,1045452
CELL_2591,LIB_2591,WELL_2591,48,GM,1547703
CELL_2592,LIB_2592,WELL_2592,72,DM,4737556
CELL_2593,LIB_2593,WELL_2593,0,GM,4603023
CELL_2594,LIB_2594,WELL_2594,24,DM,2322009
CELL_2595,LIB_2595,WELL_2595,48,GM,1726003
CELL_2596,LIB_2596,WELL_2596,72,DM,3171578
CELL_2597,LIB_2597,WELL_2597,0,GM,3270419
CELL_2598,LIB_2598,WELL_2598,24,DM,3045334
CELL_2599,LIB_2599,WELL_2599,48,GM,3117432
CELL_2600,LIB_2600,WELL_2600,72,DM,3453473
CELL_2601,LIB_2601,WELL_2601,0,GM,3167344
CELL_2602,LIB_2602,WELL_2602,24,DM,2684388
CELL_2603,LIB_2603,WELL_2603,48,GM,1420874
CELL_2604,LIB_2604,WELL_2604,72,DM,2666794
CELL_2605,LIB_2605,WELL_2605,0,GM,1668331
CELL_2606,LIB_2606,WELL_2606,24,DM,1675736
CELL_2607,LIB_2607,WELL_2607,48,GM,1489848
CELL_2608,LIB_2608,WELL_2608,72,DM,3593330
CELL_2609,LIB_2609,WELL_2609,0,GM,2657549
CELL_2610,LIB_2610,WELL_2610,24,DM,4371158
CELL_2611,LIB_2611,WELL_2611,48,GM,3383601
CELL_2612,LIB_2612,WELL_2612,72,DM,4107267
CELL_2613,LIB_2613,WELL_2613,0,GM,1970898
CELL_2614,LIB_2614,WELL_2614,24,DM,3247564
CELL_2615,LIB_2615,WELL_2615,48,GM,2707148
CELL_2616,LIB_2616,WELL_2616,72,DM,3469645
CELL_2617,LIB_2617,WELL_2617,0,GM,2856080
CELL_2618,LIB_2618,WELL_2618,24,DM,2583636
CELL_2619,LIB_2619,WELL_2619,48,GM,2174685
CELL_2620,LIB_2620,WELL_2620,72,DM,3624432
CELL_2621,LIB_2621,WELL_2621,0,GM,2518516
CELL_2622,LIB_2622,WELL_2622,24,DM,3522863
CELL_2623,LIB_2623,WELL_2623,48,GM,2901428
CELL_2624,LIB_2624,WELL_2624,72,DM,1466500
CELL_2625,LIB_2625,WELL_2625,0,GM,3063663
CELL_2626,LIB_2626,WELL_2626,24,DM,1266530
CELL_2627,LIB_2627,WELL_2627,48,GM,4293483
CELL_2628,LIB_2628,WELL_2628,72,DM,1081445
CELL_2629,LIB_2629,WELL_2629,0,GM,2829892
CELL_2630,LIB_2630,WELL_2630,24,DM,2287057
CELL_2631,LIB_2631,WELL_2631,48,GM,2446067
CELL_2632,LIB_2632,WELL_2632,72,DM,1292980
CELL_2633,LIB_2633,WELL_2633,0,GM,1870079
CELL_2634,LIB_2634,WELL_2634,24,DM,2390499
CELL_2635,LIB_2635,WELL_2635,48,GM,2805044
CELL_2636,LIB_2636,WELL_2636,72,DM,3911612
CELL_2637,LIB_2637,WELL_2637,0,GM,4514739
CELL_2638,LIB_2638,WELL_2638,24,DM,4467169
CELL_2639,LIB_2639,WELL_2639,48,GM,2721051
CELL_2640,LIB_2640,WELL_2640,72,DM,4897501
CELL_2641,LIB_2641,WELL_2641,0,GM,2231862
CELL_2642,LIB_2642,WELL_2642,24,DM,2296370
CELL_2643,LIB_2643,WELL_2643,48,GM,4662186
CELL_2644,LIB_2644,WELL_2644,72,DM,4093693
CELL_2645,LIB_2645,WELL_2645,0,GM,4815951
CELL_2646,LIB_2646,WELL_2646,24,DM,1389718
CELL_2647,LIB_2647,WELL_2647,48,GM,4185818
CELL_2648,LIB_2648,WELL_2648,72,DM,4582203
CELL_2649,LIB_2649,WELL_2649,0,GM,1775816
CELL_2650,LIB_2650,WELL_2650,24,DM,4070503
CELL_2651,LIB_2651,WELL_2651,48,GM,4201039
CELL_2652,LIB_2652,WELL_2652,72,DM,1808836
CELL_2653,LIB_2653,WELL_2653,0,GM,3350069
CELL_2654,LIB_2654,WELL_2654,24,DM,2469066
CELL_2655,LIB_2655,WELL_2655,48,GM,4359355
CELL_2656,LIB_2656,WELL_2656,72,DM,3819195
CELL_2657,LIB_2657,WELL_2657,0,GM,3284219
CELL_2658,LIB_2658,WELL_2658,24,DM,3546390
CELL_2659,LIB_2659,WELL_2659,48,GM,1520347
CELL_2660,LIB_2660,WELL_2660,72,DM,1900840
CELL_2661,LIB_2661,WELL_2661,0,GM,1684505
CELL_2662,LIB_2662,WELL_2662,24,DM,4045871
CELL_2663,LIB_2663,WELL_2663,48,GM,4060366
CELL_2664,LIB_2664,WELL_2664,72,DM,4577069
CELL_2665,LIB_2665,WELL_2665,0,GM,1666367
CELL_2666,LIB_2666,WELL_2666,24,DM,4423906
CELL_2667,LIB_2667,WELL_2667,48,GM,1145655
CELL_2668,LIB_2668,WELL_2668,72,DM,3194895
CELL_2669,LIB_2669,WELL_2669,0,GM,3810048
CELL_2670,LIB_2670,WELL_2670,24,DM,3178780
CELL_2671,LIB_2671,WELL_2671,48,GM,2304616
CELL_2672,LIB_2672,WELL_2672,72,DM,4471969
CELL_2673,LIB_2673,WELL_2673,0,GM,1162939
CELL_2674,LIB_2674,WELL_2674,24,DM,3345800
CELL_2675,LIB_2675,WELL_2675,48,GM,3042391
CELL_2676,LIB_2676,WELL_2676,72,DM,2420846
CELL_2677,LIB_2677,WELL_2677,0,GM,4371300
CELL_2678,LIB_2678,WELL_2678,24,DM,4317837
CELL_2679,LIB_2679,WELL_2679,48,GM,3996629
CELL_2680,LIB_2680,WELL_2680,72,DM,2186065
CELL_2681,LIB_2681,WELL_2681,0,GM,2585310
CELL_2682,LIB_2682,WELL_2682,24,DM,3210942
CELL_2683,LIB_2683,WELL_2683,48,GM,1746065
CELL_2684,LIB_2684,WELL_2684,72,DM,4728498
CELL_2685,LIB_2685,WELL_2685,0,GM,1230600
CELL_2686,LIB_2686,WELL_2686,24,DM,3345700
CELL_2687,LIB_2687,WELL_2687,48,GM,4159379
CELL_2688,LIB_2688,WELL_2688,72,DM,2364777
CELL_2689,LIB_2689,WELL_2689,0,GM,2316976
CELL_2690,LIB_2690,WELL_2690,24,DM,4823208
CELL_2691,LIB_2691,WELL_2691,48,GM,2187104
CELL_2692,LIB_2692,WELL_2692,72,DM,4396373
CELL_2693,LIB_2693,WELL_2693,0,GM,1959004
CELL_2694,LIB_2694,WELL_2694,24,DM,1794146
CELL_2695,LIB_2695,WELL_2695,48,GM,4702498
CELL_2696,LIB_2696,WELL_2696,72,DM,4029211
CELL_2697,LIB_2697,WELL_2697,0,GM,2247919
CELL_2698,LIB_2698,WELL_2698,24,DM,3949182
CELL_2699,LIB_2699,WELL_2699,48,GM,4575218
CELL_2700,LIB_2700,WELL_2700,72,DM,4614072
CELL_2701,LIB_2701,WELL_2701,0,GM,1993795
CELL_2702,LIB_2702,WELL_2702,24,DM,3948308
CELL_2703,LIB_2703,WELL_2703,48,GM,3184422
CELL_2704,LIB_2704,WELL_2704,72,DM,2845857
CELL_2705,LIB_2705,WELL_2705,0,GM,3129572
CELL_2706,LIB_2706,WELL_2706,24,DM,1877060
CELL_2707,LIB_2707,WELL_2707,48,GM,2718764
CELL_2708,LIB_2708,WELL_2708,72,DM,1765863
CELL_2709,LIB_2709,WELL_2709,0,GM,4973652
CELL_2710,LIB_2710,WELL_2710,24,DM,2288264
CELL_2711,LIB_2711,WELL_2711,48,GM,3035462
CELL_2712,LIB_2712,WELL_2712,72,DM,4451737
CELL_2713,LIB_2713,WELL_2713,0,GM,2454897
CELL_2714,LIB_2714,WELL_2714,24,DM,3916878
CELL_2715,LIB_2715,WELL_2715,48,GM,4699505
CELL_2716,LIB_2716,WELL_2716,72,DM,3254587
CELL_2717,LIB_2717,WELL_2717,0,GM,1196995
CELL_2718,LIB_2718,WELL_2718,24,DM,4001989
CELL_2719,LIB_2719,WELL_2719,48,GM,1653875
CELL_2720,LIB_2720,WELL_2720,72,DM,2685439
CELL_2721,LIB_2721,WELL_2721,0,GM,3412737
CELL_2722,LIB_2722,WELL_2722,24,DM,2458042
CELL_2723,LIB_2723,WELL_2723,48,GM,4222969
CELL_2724,LIB_2724,WELL_2724,72,DM,1041835
CELL_2725,LIB_2725,WELL_2725,0,GM,3899781
CELL_2726,LIB_2726,WELL_2726,24,DM,4745171
CELL_2727,LIB_2727,WELL_2727,48,GM,3500327
CELL_2728,LIB_2728,WELL_2728,72,DM,1110981
CELL_2729,LIB_2729,WELL_2729,0,GM,3636843
CELL_2730,LIB_2730,WELL_2730,24,DM,4758687
CELL_2731,LIB_2731,WELL_2731,48,GM,4773782
CELL_2732,LIB_2732,WELL_2732,72,DM,2523779
CELL_2733,LIB_2733,WELL_2733,0,GM,4070897
CELL_2734,LIB_2734,WELL_2734,24,DM,4402966
CELL_2735,LIB_2735,WELL_2735,48,GM,2103170
CELL_2736,LIB_2736,WELL_2736,72,DM,2447566
CELL_2737,LIB_2737,WELL_2737,0,GM,4188222
CELL_2738,LIB_2738,WELL_2738,24,DM,2750939
CELL_2739,LIB_2739,WELL_2739,48,GM,3787026
CELL_2740,LIB_2740,WELL_2740,72,DM,3981368
CELL_2741,LIB_2741,WELL_2741,0,GM,3610220
CELL_2742,LIB_2742,WELL_2742,24,DM,1683289
CELL_2743,LIB_2743,WELL_2743,48,GM,3379025
CELL_2744,LIB_2744,WELL_2744,72,DM,2606197
CELL_2745,LIB_2745,WELL_2745,0,GM,3807972
CELL_2746,LIB_2746,WELL_2746,24,DM,4974466
CELL_2747,LIB_2747,WELL_2747,48,GM,1336570
CELL_2748,LIB_2748,WELL_2748,72,DM,3103907
CELL_2749,LIB_2749,WELL_2749,0,GM,1566702
CELL_2750,LIB_2750,WELL_2750,24,DM,4341828
CELL_2751,LIB_2751,WELL_2751,48,GM,3941297
CELL_2752,LIB_2752,WELL_2752,72,DM,2510084
CELL_2753,LIB_2753,WELL_2753,0,GM,1988872
CELL_2754,LIB_2754,WELL_2754,24,DM,1170929
CELL_2755,LIB_2755,WELL_2755,48,GM,4811421
CELL_2756,LIB_2756,WELL_2756,72,DM,2613963
CELL_2757,LIB_2757,WELL_2757,0,GM,3007710
CELL_2758,LIB_2758,WELL_2758,24,DM,3788992
CELL_2759,LIB_2759,WELL_2759,48,GM,1240722
CELL_2760,LIB_2760,WELL_2760,72,DM,3195117
CELL_2761,LIB_2761,WELL_2761,0,GM,2960375
CELL_2762,LIB_2762,WELL_2762,24,DM,4044084
CELL_2763,LIB_2763,WELL_2763,48,GM,3456901
CELL_2764,LIB_2764,WELL_2764,72,DM,1626963
CELL_2765,LIB_2765,WELL_2765,0,GM,2366561
CELL_2766,LIB_2766,WELL_2766,24,DM,2625471
CELL_2767,LIB_2767,WELL_2767,48,GM,1605862
CELL_2768,LIB_2768,WELL_2768,72,DM,1645176
CELL_2769,LIB_2769,WELL_2769,0,GM,4839986
CELL_2770,LIB_2770,WELL_2770,24,DM,3742000
CELL_2771,LIB_2771,WELL_2771,48,GM,3365845
CELL_2772,LIB_2772,WELL_2772,72,DM,3301000
CELL_2773,LIB_2773,WELL_2773,0,GM,1510065
CELL_2774,LIB_2774,WELL_2774,24,DM,4693700
CELL_2775,LIB_2775,WELL_2775,48,GM,1014945
CELL_2776,LIB_2776,WELL_2776,72,DM,4151729
CELL_2777,LIB_2777,WELL_2777,0,GM,4571562
CELL_2778,LIB_2778,WELL_2778,24,DM,2285777
CELL_2779,LIB_2779,WELL_2779,48,GM,1859239
CELL_2780,LIB_2780,WELL_2780,72,DM,4973430
CELL_2781,LIB_2781,WELL_2781,0,GM,3449924
CELL_2782,LIB_2782,WELL_2782,24,DM,1978781
CELL_2783,LIB_2783,WELL_2783,48,GM,2241945
CELL_2784,LIB_2784,WELL_2784,72,DM,2513107
CELL_2785,LIB_2785,WELL_2785,0,GM,3905085
CELL_2786,LIB_2786,WELL_2786,24,DM,4888481
CELL_2787,LIB_2787,WELL_2787,48,GM,2338967
CELL_2788,LIB_2788,WELL_2788,72,DM,4795085
CELL_2789,LIB_2789,WELL_2789,0,GM,4696003
CELL_2790,LIB_2790,WELL_2790,24,DM,3056597
CELL_2791,LIB_2791,WELL_2791,48,GM,3851034
CELL_2792,LIB_2792,WELL_2792,72,DM,3450098
CELL_2793,LIB_2793,WELL_2793,0,GM,4241192
CELL_2794,LIB_2794,WELL_2794,24,DM,1508332
CELL_2795,LIB_2795,WELL_2795,48,GM,2267821
CELL_2796,LIB_2796,WELL_2796,72,DM,2125961
CELL_2797,LIB_2797,WELL_2797,0,GM,3820948
CELL_2798,LIB_2798,WELL_2798,24,DM,1801271
CELL_2799,LIB_2799,WELL_2799,48,GM,4217856
CELL_2800,LIB_2800,WELL_2800,72,DM,3587307
CELL_2801,LIB_2801,WELL_2801,0,GM,4785280
CELL_2802,LIB_2802,WELL_2802,24,DM,1816082
CELL_2803,LIB_2803,WELL_2803,48,GM,1566666
CELL_2804,LIB_2804,WELL_2804,72,DM,4305464
CELL_2805,LIB_2805,WELL_2805,0,GM,4689129
CELL_2806,LIB_2806,WELL_2806,24,DM,1491154
CELL_2807,LIB_2807,WELL_2807,48,GM,4219570
CELL_2808,LIB_2808,WELL_2808,72,DM,2051467
CELL_2809,LIB_2809,WELL_2809,0,GM,2204500
CELL_2810,LIB_2810,WELL_2810,24,DM,1708447
CELL_2811,LIB_2811,WELL_2811,48,GM,4483166
CELL_2812,LIB_2812,WELL_2812,72,DM,4206700
CELL_2813,LIB_2813,WELL_2813,0,GM,3409138
CELL_2814,LIB_2814,WELL_2814,24,DM,4171318
CELL_2815,LIB_2815,WELL_2815,48,GM,1996549
CELL_2816,LIB_2816,WELL_2816,72,DM,3568388
CELL_2817,LIB_2817,WELL_2817,0,GM,3189033
CELL_2818,LIB_2818,WELL_2818,24,DM,4819550
CELL_2819,LIB_2819,WELL_2819,48,GM,2562561
CELL_2820,LIB_2820,WELL_2820,72,DM,3880210
CELL_2821,LIB_2821,WELL_2821,0,GM,1473514
CELL_2822,LIB_2822,WELL_2822,24,DM,3392070
CELL_2823,LIB_2823,WELL_2823,48,GM,3753557
CELL_2824,LIB_2824,WELL_2824,72,DM,2827693
CELL_2825,LIB_2825,WELL_2825,0,GM,1538430
CELL_2826,LIB_2826,WELL_2826,24,DM,1615342
CELL_2827,LIB_2827,WELL_2827,48,GM,2053855
CELL_2828,LIB_2828,WELL_2828,72,DM,2244125
CELL_2829,LIB_2829,WELL_2829,0,GM,3650107
CELL_2830,LIB_2830,WELL_2830,24,DM,4304219
CELL_2831,LIB_2831,WELL_2831,48,GM,2232770
CELL_2832,LIB_2832,WELL_2832,72,DM,4835417
CELL_2833,LIB_2833,WELL_2833,0,GM,1747499
CELL_2834,LIB_2834,WELL_2834,24,DM,1840277
CELL_2835,LIB_2835,WELL_2835,48,GM,2129761
CELL_2836,LIB_2836,WELL_2836,72,DM,3570363
CELL_2837,LIB_2837,WELL_2837,0,GM,4714267
CELL_2838,LIB_2838,WELL_2838,24,DM,2475000
CELL_2839,LIB_2839,WELL_2839,48,GM,1873480
CELL_2840,LIB_2840,WELL_2840,72,DM,1148704
CELL_2841,LIB_2841,WELL_2841,0,GM,4398345
CELL_2842,LIB_2842,WELL_2842,24,DM,1236527
CELL_2843,LIB_2843,WELL_2843,48,GM,1989519
CELL_2844,LIB_2844,WELL_2844,72,DM,3575167
CELL_2845,LIB_2845,WELL_2845,0,GM,3251531
CELL_2846,LIB_2846,WELL_2846,24,DM,1597497
CELL_2847,LIB_2847,WELL_2847,48,GM,4552233
CELL_2848,LIB_2848,WELL_2848,72,DM,1966821
CELL_2849,LIB_2849,WELL_2849,0,GM,3450110
CELL_2850,LIB_2850,WELL_2850,24,DM,3166454
CELL_2851,LIB_2851,WELL_2851,48,GM,4755836
CELL_2852,LIB_2852,WELL_2852,72,DM,1621564
CELL_2853,LIB_2853,WELL_2853,0,GM,3589315
CELL_2854,LIB_2854,WELL_2854,24,DM,4910566
CELL_2855,LIB_2855,WELL_2855,48,GM,2419368
CELL_2856,LIB_2856,WELL_2856,72,DM,2252672
CELL_2857,LIB_2857,WELL_2857,0,GM,1137124
CELL_2858,LIB_2858,WELL_2858,24,DM,4590156
CELL_2859,LIB_2859,WELL_2859,48,GM,2398304
CELL_2860,LIB_2860,WELL_2860,72,DM,1035722
CELL_2861,LIB_2861,WELL_2861,0,GM,2762975
CELL_2862,LIB_2862,WELL_2862,24,DM,1029047
CELL_2863,LIB_2863,WELL_2863,48,GM,4962085
CELL_2864,LIB_2864,WELL_2864,72,DM,3572358
CELL_2865,LIB_2865,WELL_2865,0,GM,1580383
CELL_2866,LIB_2866,WELL_2866,24,DM,1909876
CELL_2867,LIB_2867,WELL_2867,48,GM,4912893
CELL_2868,LIB_2868,WELL_2868,72,DM,3472185
CELL_2869,LIB_2869,WELL_2869,0,GM,4132281
CELL_2870,LIB_2870,WELL_2870,24,DM,4401073
CELL_2871,LIB_2871,WELL_2871,48,GM,4196066
CELL_2872,LIB_2872,WELL_2872,72,DM,1786276
CELL_2873,LIB_2873,WELL_2873,0,GM,1928055
CELL_2874,LIB_2874,WELL_2874,24,DM,3724490
CELL_2875,LIB_2875,WELL_2875,48,GM,1382576
CELL_2876,LIB_2876,WELL_2876,72,DM,2530922
CELL_2877,LIB_2877,WELL_2877,0,GM,1441958
CELL_2878,LIB_2878,WELL_2878,24,DM,1903886
CELL_2879,LIB_2879,WELL_2879,48,GM,1725323
CELL_2880,LIB_2880,WELL_2880,72,DM,1768017
CELL_2881,LIB_2881,WELL_2881,0,GM,2483683
CELL_2882,LIB_2882,WELL_2882,24,DM,2630289
CELL_2883,LIB_2883,WELL_2883,48,GM,1013538
CELL_2884,LIB_2884,WELL_2884,72,DM,1050797
CELL_2885,LIB_2885,WELL_2885,0,GM,1533124
CELL_2886,LIB_2886,WELL_2886,24,DM,1437136
CELL_2887,LIB_2887,WELL_2887,48,GM,1285409
CELL_2888,LIB_2888,WELL_2888,72,DM,3934138
CELL_2889,LIB_2889,WELL_2889,0,GM,2184816
CELL_2890,LIB_2890,WELL_2890,24,DM,4146487
CELL_2891,LIB_2891,WELL_2891,48,GM,2867963
CELL_2892,LIB_2892,WELL_2892,72,DM,1621547
CELL_2893,LIB_2893,WELL_2893,0,GM,4369735
CELL_2894,LIB_2894,WELL_2894,24,DM,2466202
CELL_2895,LIB_2895,WELL_2895,48,GM,3049828
CELL_2896,LIB_2896,WELL_2896,72,DM,3016567
CELL_2897,LIB_2897,WELL_2897,0,GM,1881485
CELL_2898,LIB_2898,WELL_2898,24,DM,3954764
CELL_2899,LIB_2899,WELL_2899,48,GM,4544496
CELL_2900,LIB_2900,WELL_2900,72,DM,2097427
CELL_2901,LIB_2901,WELL_2901,0,GM,3836459
CELL_2902,LIB_2902,WELL_2902,24,DM,3042474
CELL_2903,LIB_2903,WELL_2903,48,GM,4279947
CELL_2904,LIB_2904,WELL_2904,72,DM,2361226
CELL_2905,LIB_2905,WELL_2905,0,GM,1731276
CELL_2906,LIB_2906,WELL_2906,24,DM,3541481
CELL_2907,LIB_2907,WELL_2907,48,GM,3552258
CELL_2908,LIB_2908,WELL_2908,72,DM,4197516
CELL_2909,LIB_2909,WELL_2909,0,GM,4386297
CELL_2910,LIB_2910,WELL_2910,24,DM,2743743
CELL_2911,LIB_2911,WELL_2911,48,GM,3550482
CELL_2912,LIB_2912,WELL_2912,72,DM,2121546
CELL_2913,LIB_2913,WELL_2913,0,GM,4604429
CELL_2914,LIB_2914,WELL_2914,24,DM,3761070
CELL_2915,LIB_2915,WELL_2915,48,GM,2354715
CELL_2916,LIB_2916,WELL_2916,72,DM,1927796
CELL_2917,LIB_2917,WELL_2917,0,GM,4275649
CELL_2918,LIB_2918,WELL_2918,24,DM,4527330
CELL_2919,LIB_2919,WELL_2919,48,GM,1154793
CELL_2920,LIB_2920,WELL_2920,72,DM,2990257
CELL_2921,LIB_2921,WELL_2921,0,GM,3556935
CELL_2922,LIB_2922,WELL_2922,24,DM,3604067
CELL_2923,LIB_2923,WELL_2923,48,GM,3731246
CELL_2924,LIB_2924,WELL_2924,72,DM,2087328
CELL_2925,LIB_2925,WELL_2925,0,GM,3795938
CELL_2926,LIB_2926,WELL_2926,24,DM,4188667
CELL_2927,LIB_2927,WELL_2927,48,GM,2815162
CELL_2928,LIB_2928,WELL_2928,72,DM,3301598
CELL_2929,LIB_2929,WELL_2929,0,GM,3125449
CELL_2930,LIB_2930,WELL_2930,24,DM,1120268
CELL_2931,LIB_2931,WELL_2931,48,GM,4264092
CELL_2932,LIB_2932,WELL_2932,72,DM,1535914
CELL_2933,LIB_2933,WELL_2933,0,GM,1957658
CELL_2934,LIB_2934,WELL_2934,24,DM,2292641
CELL_2935,LIB_2935,WELL_2935,48,GM,1926709
CELL_2936,LIB_2936,WELL_2936,72,DM,2451286
CELL_2937,LIB_2937,WELL_2937,0,GM,2815928
CELL_2938,LIB_2938,WELL_2938,24,DM,4062880
CELL_2939,LIB_2939,WELL_2939,48,GM,2969100
CELL_2940,LIB_2940,WELL_2940,72,DM,4243253
CELL_2941,LIB_2941,WELL_2941,0,GM,1559000
CELL_2942,LIB_2942,WELL_2942,24,DM,4080341
CELL_2943,LIB_2943,WELL_2943,48,GM,3781165
CELL_2944,LIB_2944,WELL_2944,72,DM,1669573
CELL_2945,LIB_2945,WELL_2945,0,GM,4762145
CELL_2946,LIB_2946,WELL_2946,24,DM,4162629
CELL_2947,LIB_2947,WELL_2947,48,GM,3600010
CELL_2948,LIB_2948,WELL_2948,72,DM,1037907
CELL_2949,LIB_2949,WELL_2949,0,GM,4016811
CELL_2950,LIB_2950,WELL_2950,24,DM,4591305
CELL_2951,LIB_2951,WELL_2951,48,GM,2499503
CELL_2952,LIB_2952,WELL_2952,72,DM,3501049
CELL_2953,LIB_2953,WELL_2953,0,GM,4051805
CELL_2954,LIB_2954,WELL_2954,24,DM,2699121
CELL_2955,LIB_2955,WELL_2955,48,GM,4117673
CELL_2956,LIB_2956,WELL_2956,72,DM,1209350
CELL_2957,LIB_2957,WELL_2957,0,GM,4702164
CELL_2958,LIB_2958,WELL_2958,24,DM,2191773
CELL_2959,LIB_2959,WELL_2959,48,GM,1275363
CELL_2960,LIB_2960,WELL_2960,72,DM,3006041
CELL_2961,LIB_2961,WELL_2961,0,GM,2004929
CELL_2962,LIB_2962,WELL_2962,24,DM,4426734
CELL_2963,LIB_2963,WELL_2963,48,GM,1320078
CELL_2964,LIB_2964,WELL_2964,72,DM,1343347
CELL_2965,LIB_2965,WELL_2965,0,GM,4404205
CELL_2966,LIB_2966,WELL_2966,24,DM,4479258
CELL_2967,LIB_2967,WELL_2967,48,GM,2768179
CELL_2968,LIB_2968,WELL_2968,72,DM,3297018
CELL_2969,LIB_2969,WELL_2969,0,GM,3948996
CELL_2970,LIB_2970,WELL_2970,24,DM,4561978
CELL_2971,LIB_2971,WELL_2971,48,GM,3281497
CELL_2972,LIB_2972,WELL_2972,72,DM,3976667
CELL_2973,LIB_2973,WELL_2973,0,GM,4795259
CELL_2974,LIB_2974,WELL_2974,24,DM,4341652
CELL_2975,LIB_2975,WELL_2975,48,GM,3881990
CELL_2976,LIB_2976,WELL_2976,72,DM,3158767
CELL_2977,LIB_2977,WELL_2977,0,GM,1618171
CELL_2978,LIB_2978,WELL_2978,24,DM,4958332
CELL_2979,LIB_2979,WELL_2979,48,GM,4295353
CELL_2980,LIB_2980,WELL_2980,72,DM,4917627
CELL_2981,LIB_2981,WELL_2981,0,GM,2543949
CELL_2982,LIB_2982,WELL_2982,24,DM,3783536
CELL_2983,LIB_2983,WELL_2983,48,GM,2475592
CELL_2984,LIB_2984,WELL_2984,72,DM,3664312
CELL_2985,LIB_2985,WELL_2985,0,GM,2048790
CELL_2986,LIB_2986,WELL_2986,24,DM,3657631
CELL_2987,LIB_2987,WELL_2987,48,GM,1198352
CELL_2988,LIB_2988,WELL_2988,72,DM,2788493
CELL_2989,LIB_2989,WELL_2989,0,GM,3193283
CELL_2990,LIB_2990,WELL_2990,24,DM,3917160
CELL_2991,LIB_2991,WELL_2991,48,GM,2771627
CELL_2992,LIB_2992,WELL_2992,72,DM,1760512
CELL_2993,LIB_2993,WELL_2993,0,GM,3663779
CELL_2994,LIB_2994,WELL_2994,24,DM,1363677
CELL_2995,LIB_2995,WELL_2995,48,GM,2685945
CELL_2996,LIB_2996,WELL_2996,72,DM,1978753
CELL_2997,LIB_2997,WELL_2997,0,GM,1067581
CELL_2998,LIB_2998,WELL_2998,24,DM,2858366
CELL_2999,LIB_2999,WELL_2999,48,GM,1595181
CELL_3000,LIB_3000,WELL_3000,72,DM,1142411
CELL_3001,LIB_3001,WELL_3001,0,GM,2161234
CELL_3002,LIB_3002,WELL_3002,24,DM,1728307
CELL_3003,LIB_3003,WELL_3003,48,GM,4670584
CELL_3004,LIB_3004,WELL_3004,72,DM,1532250
CELL_3005,LIB_3005,WELL_3005,0,GM,4967991
CELL_3006,LIB_3006,WELL_3006,24,DM,2956086
CELL_3007,LIB_3007,WELL_3007,48,GM,3275830
CELL_3008,LIB_3008,WELL_3008,72,DM,2441949
CELL_3009,LIB_3009,WELL_3009,0,GM,3504331
CELL_3010,LIB_3010,WELL_3010,24,DM,3426349
CELL_3011,LIB_3011,WELL_3011,48,GM,1165304
CELL_3012,LIB_3012,WELL_3012,72,DM,1041287
CELL_3013,LIB_3013,WELL_3013,0,GM,2750747
CELL_3014,LIB_3014,WELL_3014,24,DM,2684835
CELL_3015,LIB_3015,WELL_3015,48,GM,4329163
CELL_3016,LIB_3016,WELL_3016,72,DM,2743948
CELL_3017,LIB_3017,WELL_3017,0,GM,3877104
CELL_3018,LIB_3018,WELL_3018,24,DM,3110405
CELL_3019,LIB_3019,WELL_3019,48,GM,1456098
CELL_3020,LIB_3020,WELL_3020,72,DM,3411071
CELL_3021,LIB_3021,WELL_3021,0,GM,2832214
CELL_3022,LIB_3022,WELL_3022,24,DM,3894121
CELL_3023,LIB_3023,WELL_3023,48,GM,1128787
CELL_3024,LIB_3024,WELL_3024,72,DM,4925948
CELL_3025,LIB_3025,WELL_3025,0,GM,1652379
CELL_3026,LIB_3026,WELL_3026,24,DM,4019394
CELL_3027,LIB_3027,WELL_3027,48,GM,2672665
CELL_3028,LIB_3028,WELL_3028,72,DM,2674548
CELL_3029,LIB_3029,WELL_3029,0,GM,2026524
CELL_3030,LIB_3030,WELL_3030,24,DM,2849237
CELL_3031,LIB_3031,WELL_3031,48,GM,4162324
CELL_3032,LIB_3032,WELL_3032,72,DM,3727037
CELL_3033,LIB_3033,WELL_3033,0,GM,1893820
CELL_3034,LIB_3034,WELL_3034,24,DM,4996855
CELL_3035,LIB_3035,WELL_3035,48,GM,4762782
CELL_3036,LIB_3036,WELL_3036,72,DM,1101981
CELL_3037,LIB_3037,WELL_3037,0,GM,2697518
CELL_3038,LIB_3038,WELL_3038,24,DM,2337425
CELL_3039,LIB_3039,WELL_3039,48,GM,4194215
CELL_3040,LIB_3040,WELL_3040,72,DM,4547465
CELL_3041,LIB_3041,WELL_3041,0,GM,2588816
CELL_3042,LIB_3042,WELL_3042,24,DM,3993294
CELL_3043,LIB_3043,WELL_3043,48,GM,4024627
CELL_3044,LIB_3044,WELL_3044,72,DM,4549285
CELL_3045,LIB_3045,WELL_3045,0,GM,4473305
CELL_3046,LIB_3046,WELL_3046,24,DM,4206325
CELL_3047,LIB_3047,WELL_3047,48,GM,2162469
CELL_3048,LIB_3048,WELL_3048,72,DM,2314541
CELL_3049,LIB_3049,WELL_3049,0,GM,4938164
CELL_3050,LIB_3050,WELL_3050,24,DM,2193292
CELL_3051,LIB_3051,WELL_3051,48,GM,1630521
CELL_3052,LIB_3052,WELL_3052,72,DM,3899225
CELL_3053,LIB_3053,WELL_3053,0,GM,4234693
CELL_3054,LIB_3054,WELL_3054,24,DM,2506352
CELL_3055,LIB_3055,WELL_3055,48,GM,2248751
CELL_3056,LIB_3056,WELL_3056,72,DM,4229352
CELL_3057,LIB_3057,WELL_3057,0,GM,3161742
CELL_3058,LIB_3058,WELL_3058,24,DM,2240721
CELL_3059,LIB_3059,WELL_3059,48,GM,1330580
CELL_3060,LIB_3060,WELL_3060,72,DM,4914791
CELL_3061,LIB_3061,WELL_3061,0,GM,4046344
CELL_3062,LIB_3062,WELL_3062,24,DM,2404173
CELL_3063,LIB_3063,WELL_3063,48,GM,3964256
CELL_3064,LIB_3064,WELL_3064,72,DM,1451754
CELL_3065,LIB_3065,WELL_3065,0,GM,1327231
CELL_3066,LIB_3066,WELL_3066,24,DM,3474049
CELL_3067,LIB_3067,WELL_3067,48,GM,2783066
CELL_3068,LIB_3068,WELL_3068,72,DM,2374189
CELL_3069,LIB_3069,WELL_3069,0,GM,1760870
CELL_3070,LIB_3070,WELL_3070,24,DM,2423009
CELL_3071,LIB_3071,WELL_3071,48,GM,3280039
CELL_3072,LIB_3072,WELL_3072,72,DM,2545368
CELL_3073,LIB_3073,WELL_3073,0,GM,3714971
CELL_3074,LIB_3074,WELL_3074,24,DM,3646047
CELL_3075,LIB_3075,WELL_3075,48,GM,1433391
CELL_3076,LIB_3076,WELL_3076,72,DM,4963242
CELL_3077,LIB_3077,WELL_3077,0,GM,3415792
CELL_3078,LIB_3078,WELL_3078,24,DM,4578676
CELL_3079,LIB_3079,WELL_3079,48,GM,3470388
CELL_3080,LIB_3080,WELL_3080,72,DM,3469268
CELL_3081,LIB_3081,WELL_3081,0,GM,3958114
CELL_3082,LIB_3082,WELL_3082,24,DM,4181434
CELL_3083,LIB_3083,WELL_3083,48,GM,3938906
CELL_3084,LIB_3084,WELL_3084,72,DM,2730723
CELL_3085,LIB_3085,WELL_3085,0,GM,2080333
CELL_3086,LIB_3086,WELL_3086,24,DM,3038638
CELL_3087,LIB_3087,WELL_3087,48,GM,2172700
CELL_3088,LIB_3088,WELL_3088,72,DM,4522879
CELL_3089,LIB_3089,WELL_3089,0,GM,3740537
CELL_3090,LIB_3090,WELL_3090,24,DM,3025508
CELL_3091,LIB_3091,WELL_3091,48,GM,3436071
CELL_3092,LIB_3092,WELL_3092,72,DM,3105358
CELL_3093,LIB_3093,WELL_3093,0,GM,1126106
CELL_3094,LIB_3094,WELL_3094,24,DM,3233681
CELL_3095,LIB_3095,WELL_3095,48,GM,4616726
CELL_3096,LIB_3096,WELL_3096,72,DM,3367910
CELL_3097,LIB_3097,WELL_3097,0,GM,4881849
CELL_3098,LIB_3098,WELL_3098,24,DM,2763821
CELL_3099,LIB_3099,WELL_3099,48,GM,2768403
CELL_3100,LIB_3100,WELL_3100,72,DM,2692981
CELL_3101,LIB_3101,WELL_3101,0,GM,4804579
CELL_3102,LIB_3102,WELL_3102,24,DM,1412381
CELL_3103,LIB_3103,WELL_3103,48,GM,1016336
CELL_3104,LIB_3104,WELL_3104,72,DM,3908482
CELL_3105,LIB_3105,WELL_3105,0,GM,3239558
CELL_3106,LIB_3106,WELL_3106,24,DM,1387464
CELL_3107,LIB_3107,WELL_3107,48,GM,1866707
CELL_3108,LIB_3108,WELL_3108,72,DM,4073195
CELL_3109,LIB_3109,WELL_3109,0,GM,4506783
CELL_3110,LIB_3110,WELL_3110,24,DM,1259787
CELL_3111,LIB_3111,WELL_3111,48,GM,1032855
CELL_3112,LIB_3112,WELL_3112,72,DM,4006421
CELL_3113,LIB_3113,WELL_3113,0,GM,4322751
CELL_3114,LIB_3114,WELL_3114,24,DM,4881754
CELL_3115,LIB_3115,WELL_3115,48,GM,1150591
CELL_3116,LIB_3116,WELL_3116,72,DM,1221498
CELL_3117,LIB_3117,WELL_3117,0,GM,3192308
CELL_3118,LIB_3118,WELL_3118,24,DM,2699801
CELL_3119,LIB_3119,WELL_3119,48,GM,1950643
CELL_3120,LIB_3120,WELL_3120,72,DM,2270130
CELL_3121,LIB_3121,WELL_3121,0,GM,2254921
CELL_3122,LIB_3122,WELL_3122,24,DM,4591482
CELL_3123,LIB_3123,WELL_3123,48,GM,1542726
CELL_3124,LIB_3124,WELL_3124,72,DM,1964803
CELL_3125,LIB_3125,WELL_3125,0,GM,4987485
CELL_3126,LIB_3126,WELL_3126,24,DM,1940888
CELL_3127,LIB_3127,WELL_3127,48,GM,2946275
CELL_3128,LIB_3128,WELL_3128,72,DM,4438859
CELL_3129,LIB_3129,WELL_3129,0,GM,4071552
CELL_3130,LIB_3130,WELL_3130,24,DM,3752653
CELL_3131,LIB_3131,WELL_3131,48,GM,4966266
CELL_3132,LIB_3132,WELL_3132,72,DM,2238483
CELL_3133,LIB_3133,WELL_3133,0,GM,4345951
CELL_3134,LIB_3134,WELL_3134,24,DM,1214737
CELL_3135,LIB_3135,WELL_3135,48,GM,2747053
CELL_3136,LIB_3136,WELL_3136,72,DM,1223030
CELL_3137,LIB_3137,WELL_3137,0,GM,3292171
CELL_3138,LIB_3138,WELL_3138,24,DM,4907749
CELL_3139,LIB_3139,WELL_3139,48,GM,2905050
CELL_3140,LIB_3140,WELL_3140,72,DM,3002439
CELL_3141,LIB_3141,WELL_3141,0,GM,2553375
CELL_3142,LIB_3142,WELL_3142,24,DM,3081658
CELL_3143,LIB_3143,WELL_3143,48,GM,1569809
CELL_3144,LIB_3144,WELL_3144,72,DM,3123746
CELL_3145,LIB_3145,WELL_3145,0,GM,2107586
CELL_3146,LIB_3146,WELL_3146,24,DM,3345340
CELL_3147,LIB_3147,WELL_3147,48,GM,2461639
CELL_3148,LIB_3148,WELL_3148,72,DM,1231232
CELL_3149,LIB_3149,WELL_3149,0,GM,4837558
CELL_3150,LIB_3150,WELL_3150,24,DM,2816440
CELL_3151,LIB_3151,WELL_3151,48,GM,4128842
CELL_3152,LIB_3152,WELL_3152,72,DM,2405369
CELL_3153,LIB_3153,WELL_3153,0,GM,3598322
CELL_3154,LIB_3154,WELL_3154,24,DM,1398272
CELL_3155,LIB_3155,WELL_3155,48,GM,4627496
CELL_3156,LIB_3156,WELL_3156,72,DM,1000019
CELL_3157,LIB_3157,WELL_3157,0,GM,2375738
CELL_3158,LIB_3158,WELL_3158,24,DM,4007721
CELL_3159,LIB_3159,WELL_3159,48,GM,1694071
CELL_3160,LIB_3160,WELL_3160,72,DM,1042119
CELL_3161,LIB_3161,WELL_3161,0,GM,2405882
CELL_3162,LIB_3162,WELL_3162,24,DM,4486820
CELL_3163,LIB_3163,WELL_3163,48,GM,1773647
CELL_3164,LIB_3164,WELL_3164,72,DM,3809830
CELL_3165,LIB_3165,WELL_3165,0,GM,1320568
CELL_3166,LIB_3166,WELL_3166,24,DM,1481604
CELL_3167,LIB_3167,WELL_3167,48,GM,1323793
CELL_3168,LIB_3168,WELL_3168,72,DM,2676062
CELL_3169,LIB_3169,WELL_3169,0,GM,2273827
CELL_3170,LIB_3170,WELL_3170,24,DM,4051669
CELL_3171,LIB_3171,WELL_3171,48,GM,2270693
CELL_3172,LIB_3172,WELL_3172,72,DM,3163362
CELL_3173,LIB_3173,WELL_3173,0,GM,3381662
CELL_3174,LIB_3174,WELL_3174,24,DM,3248508
CELL_3175,LIB_3175,WELL_3175,48,GM,1351539
CELL_3176,LIB_3176,WELL_3176,72,DM,3009472
CELL_3177,LIB_3177,WELL_3177,0,GM,2803871
CELL_3178,LIB_3178,WELL_3178,24,DM,1896869
CELL_3179,LIB_3179,WELL_3179,48,GM,4128409
CELL_3180,LIB_3180,WELL_3180,72,DM,4312814
CELL_3181,LIB_3181,WELL_3181,0,GM,3236067
CELL_3182,LIB_3182,WELL_3182,24,DM,4007210
CELL_3183,LIB_3183,WELL_3183,48,GM,3410061
CELL_3184,LIB_3184,WELL_3184,72,DM,2848263
CELL_3185,LIB_3185,WELL_3185,0,GM,1956207
CELL_3186,LIB_3186,WELL_3186,24,DM,1010348
CELL_3187,LIB_3187,WELL_3187,48,GM,1607288
CELL_3188,LIB_3188,WELL_3188,72,DM,1034466
CELL_3189,LIB_3189,WELL_3189,0,GM,1845560
CELL_3190,LIB_3190,WELL_3190,24,DM,2773126
CELL_3191,LIB_3191,WELL_3191,48,GM,1302821
CELL_3192,LIB_3192,WELL_3192,72,DM,2122228
CELL_3193,LIB_3193,WELL_3193,0,GM,2556167
CELL_3194,LIB_3194,WELL_3194,24,DM,4732367
CELL_3195,LIB_3195,WELL_3195,48,GM,4844174
CELL_3196,LIB_3196,WELL_3196,72,DM,4082442
CELL_3197,LIB_3197,WELL_3197,0,GM,3805668
CELL_3198,LIB_3198,WELL_3198,24,DM,3966776
CELL_3199,LIB_3199,WELL_3199,48,GM,1381831
CELL_3200,LIB_3200,WELL_3200,72,DM,4335298
CELL_3201,LIB_3201,WELL_3201,0,GM,4703150
CELL_3202,LIB_3202,WELL_3202,24,DM,1601622
CELL_3203,LIB_3203,WELL_3203,48,GM,4398202
CELL_3204,LIB_3204,WELL_3204,72,DM,3061180
CELL_3205,LIB_3205,WELL_3205,0,GM,4994168
CELL_3206,LIB_3206,WELL_3206,24,DM,4048955
CELL_3207,LIB_3207,WELL_3207,48,GM,4002026
CELL_3208,LIB_3208,WELL_3208,72,DM,3807781
CELL_3209,LIB_3209,WELL_3209,0,GM,4913999
CELL_3210,LIB_3210,WELL_3210,24,DM,1909181
CELL_3211,LIB_3211,WELL_3211,48,GM,3577634
CELL_3212,LIB_3212,WELL_3212,72,DM,3176640
CELL_3213,LIB_3213,WELL_3213,0,GM,1633765
CELL_3214,LIB_3214,WELL_3214,24,DM,1005160
CELL_3215,LIB_3215,WELL_3215,48,GM,4142376
CELL_3216,LIB_3216,WELL_3216,72,DM,3720941
CELL_3217,LIB_3217,WELL_3217,0,GM,4644354
CELL_3218,LIB_3218,WELL_3218,24,DM,4320991
CELL_3219,LIB_3219,WELL_3219,48,GM,4441114
CELL_3220,LIB_3220,WELL_3220,72,DM,3835377
CELL_3221,LIB_3221,WELL_3221,0,GM,4610441
CELL_3222,LIB_3222,WELL_3222,24,DM,3241873
CELL_3223,LIB_3223,WELL_3223,48,GM,3014866
CELL_3224,LIB_3224,WELL_3224,72,DM,2598629
CELL_3225,LIB_3225,WELL_3225,0,GM,2287863
CELL_3226,LIB_3226,WELL_3226,24,DM,3733508
CELL_3227,LIB_3227,WELL_3227,48,GM,3837872
CELL_3228,LIB_3228,WELL_3228,72,DM,1811167
CELL_3229,LIB_3229,WELL_3229,0,GM,2373871
CELL_3230,LIB_3230,WELL_3230,24,DM,4608668
CELL_3231,LIB_3231,WELL_3231,48,GM,3410404
CELL_3232,LIB_3232,WELL_3232,72,DM,1596417
CELL_3233,LIB_3233,WELL_3233,0,GM,2928767
CELL_3234,LIB_3234,WELL_3234,24,DM,4672197
CELL_3235,LIB_3235,WELL_3235,48,GM,1252733
CELL_3236,LIB_3236,WELL_3236,72,DM,1037104
CELL_3237,LIB_3237,WELL_3237,0,GM,4284773
CELL_3238,LIB_3238,WELL_3238,24,DM,2626700
CELL_3239,LIB_3239,WELL_3239,48,GM,1460953
CELL_3240,LIB_3240,WELL_3240,72,DM,1692178
CELL_3241,LIB_3241,WELL_3241,0,GM,3669337
CELL_3242,LIB_3242,WELL_3242,24,DM,1487008
CELL_3243,LIB_3243,WELL_3243,48,GM,1507076
CELL_3244,LIB_3244,WELL_3244,72,DM,1732034
CELL_3245,LIB_3245,WELL_3245,0,GM,4169785
CELL_3246,LIB_3246,WELL_3246,24,DM,4534370
CELL_3247,LIB_3247,WELL_3247,48,GM,2562314
CELL_3248,LIB_3248,WELL_3248,72,DM,3218670
CELL_3249,LIB_3249,WELL_3249,0,GM,1094646
CELL_3250,LIB_3250,WELL_3250,24,DM,4085026
CELL_3251,LIB_3251,WELL_3251,48,GM,4490659
CELL_3252,LIB_3252,WELL_3252,72,DM,4915101
CELL_3253,LIB_3253,WELL_3253,0,GM,3083435
CELL_3254,LIB_3254,WELL_3254,24,DM,4835655
CELL_3255,LIB_3255,WELL_3255,48,GM,2721165
CELL_3256,LIB_3256,WELL_3256,72,DM,2259802
CELL_3257,LIB_3257,WELL_3257,0,GM,1729474
CELL_3258,LIB_3258,WELL_3258,24,DM,2759340
CELL_3259,LIB_3259,WELL_3259,48,GM,3352543
CELL_3260,LIB_3260,WELL_3260,72,DM,3362523
CELL_3261,LIB_3261,WELL_3261,0,GM,2612631
CELL_3262,LIB_3262,WELL_3262,24,DM,1598369
CELL_3263,LIB_3263,WELL_3263,48,GM,4783536
CELL_3264,LIB_3264,WELL_3264,72,DM,2205255
CELL_3265,LIB_3265,WELL_3265,0,GM,1758503
CELL_3266,LIB_3266,WELL_3266,24,DM,3976894
CELL_3267,LIB_3267,WELL_3267,48,GM,2044186
CELL_3268,LIB_3268,WELL_3268,72,DM,4630106
CELL_3269,LIB_3269,WELL_3269,0,GM,4869853
CELL_3270,LIB_3270,WELL_3270,24,DM,3658804
CELL_3271,LIB_3271,WELL_3271,48,GM,1378643
CELL_3272,LIB_3272,WELL_3272,72,DM,4588397
CELL_3273,LIB_3273,WELL_3273,0,GM,1036129
CELL_3274,LIB_3274,WELL_3274,24,DM,1118617
CELL_3275,LIB_3275,WELL_3275,48,GM,3682709
CELL_3276,LIB_3276,WELL_3276,72,DM,2035662
CELL_3277,LIB_3277,WELL_3277,0,GM,1429105
CELL_3278,LIB_3278,WELL_3278,24,DM,2612593
CELL_3279,LIB_3279,WELL_3279,48,GM,3299673
CELL_3280,LIB_3280,WELL_3280,72,DM,4574166
CELL_3281,LIB_3281,WELL_3281,0,GM,4471910
CELL_3282,LIB_3282,WELL_3282,24,DM,3537531
CELL_3283,LIB_3283,WELL_3283,48,GM,4386193
CELL_3284,LIB_3284,WELL_3284,72,DM,1711377
CELL_3285,LIB_3285,WELL_3285,0,GM,3830492
CELL_3286,LIB_3286,WELL_3286,24,DM,2321190
CELL_3287,LIB_3287,WELL_3287,48,GM,4925240
CELL_3288,LIB_3288,WELL_3288,72,DM,3400535
CELL_3289,LIB_3289,WELL_3289,0,GM,2080578
CELL_3290,LIB_3290,WELL_3290,24,DM,3104697
CELL_3291,LIB_3291,WELL_3291,48,GM,2135338
CELL_3292,LIB_3292,WELL_3292,72,DM,3126405
CELL_3293,LIB_3293,WELL_3293,0,GM,4157429
CELL_3294,LIB_3294,WELL_3294,24,DM,3566500
CELL_3295,LIB_3295,WELL_3295,48,GM,2607155
CELL_3296,LIB_3296,WELL_3296,72,DM,4281919
CELL_3297,LIB_3297,WELL_3297,0,GM,1995596
CELL_3298,LIB_3298,WELL_3298,24,DM,2092365
CELL_3299,LIB_3299,WELL_3299,48,GM,2338405
CELL_3300,LIB_3300,WELL_3300,72,DM,3415262
CELL_3301,LIB_3301,WELL_3301,0,GM,2870688
CELL_3302,LIB_3302,WELL_3302,24,DM,2098682
CELL_3303,LIB_3303,WELL_3303,48,GM,4454591
CELL_3304,LIB_3304,WELL_3304,72,DM,1580951
CELL_3305,LIB_3305,WELL_3305,0,GM,4236236
CELL_3306,LIB_3306,WELL_3306,24,DM,2853184
CELL_3307,LIB_3307,WELL_3307,48,GM,1916487
CELL_3308,LIB_3308,WELL_3308,72,DM,3054624
CELL_3309,LIB_3309,WELL_3309,0,GM,2477832
CELL_3310,LIB_3310,WELL_3310,24,DM,3125057
CELL_3311,LIB_3311,WELL_3311,48,GM,4444343
CELL_3312,LIB_3312,WELL_3312,72,DM,2975123
CELL_3313,LIB_3313,WELL_3313,0,GM,1619684
CELL_3314,LIB_3314,WELL_3314,24,DM,4474338
CELL_3315,LIB_3315,WELL_3315,48,GM,2750483
CELL_3316,LIB_3316,WELL_3316,72,DM,4153473
CELL_3317,LIB_3317,WELL_3317,0,GM,4636650
CELL_3318,LIB_3318,WELL_3318,24,DM,3861986
CELL_3319,LIB_3319,WELL_3319,48,GM,2728853
CELL_3320,LIB_3320,WELL_3320,72,DM,2824900
CELL_3321,LIB_3321,WELL_3321,0,GM,3076426
CELL_3322,LIB_3322,WELL_3322,24,DM,2236500
CELL_3323,LIB_3323,WELL_3323,48,GM,1489685
CELL_3324,LIB_3324,WELL_3324,72,DM,4266826
CELL_3325,LIB_3325,WELL_3325,0,GM,3837489
CELL_3326,LIB_3326,WELL_3326,24,DM,1475096
CELL_3327,LIB_3327,WELL_3327,48,GM,4321439
CELL_3328,LIB_3328,WELL_3328,72,DM,1033094
CELL_3329,LIB_3329,WELL_3329,0,GM,3197101
CELL_3330,LIB_3330,WELL_3330,24,DM,4474271
CELL_3331,LIB_3331,WELL_3331,48,GM,4740712
CELL_3332,LIB_3332,WELL_3332,72,DM,3886756
CELL_3333,LIB_3333,WELL_3333,0,GM,1972128
CELL_3334,LIB_3334,WELL_3334,24,DM,2092286
CELL_3335,LIB_3335,WELL_3335,48,GM,4483095
CELL_3336,LIB_3336,WELL_3336,72,DM,3664537
CELL_3337,LIB_3337,WELL_3337,0,GM,1662483
CELL_3338,LIB_3338,WELL_3338,24,DM,2596515
CELL_3339,LIB_3339,WELL_3339,48,GM,1796539
CELL_3340,LIB_3340,WELL_3340,72,DM,4213504
CELL_3341,LIB_3341,WELL_3341,0,GM,4627474
CELL_3342,LIB_3342,WELL_3342,24,DM,1757576
CELL_3343,LIB_3343,WELL_3343,48,GM,1363311
CELL_3344,LIB_3344,WELL_3344,72,DM,4521915
CELL_3345,LIB_3345,WELL_3345,0,GM,4657170
CELL_3346,LIB_3346,WELL_3346,24,DM,4231647
CELL_3347,LIB_3347,WELL_3347,48,GM,1601576
CELL_3348,LIB_3348,WELL_3348,72,DM,1304615
CELL_3349,LIB_3349,WELL_3349,0,GM,4289898
CELL_3350,LIB_3350,WELL_3350,24,DM,2007403
CELL_3351,LIB_3351,WELL_3351,48,GM,4768745
CELL_3352,LIB_3352,WELL_3352,72,DM,2565158
CELL_3353,LIB_3353,WELL_3353,0,GM,3227574
CELL_3354,LIB_3354,WELL_3354,24,DM,2076450
CELL_3355,LIB_3355,WELL_3355,48,GM,4570446
CELL_3356,LIB_3356,WELL_3356,72,DM,3669753
CELL_3357,LIB_3357,WELL_3357,0,GM,2962434
CELL_3358,LIB_3358,WELL_3358,24,DM,2273442
CELL_3359,LIB_3359,WELL_3359,48,GM,2331577
CELL_3360,LIB_3360,WELL_3360,72,DM,4712978
CELL_3361,LIB_3361,WELL_3361,0,GM,1464082
CELL_3362,LIB_3362,WELL_3362,24,DM,3131793
CELL_3363,LIB_3363,WELL_3363,48,GM,4083096
CELL_3364,LIB_3364,WELL_3364,72,DM,4390467
CELL_3365,LIB_3365,WELL_3365,0,GM,3536390
CELL_3366,LIB_3366,WELL_3366,24,DM,1102046
CELL_3367,LIB_3367,WELL_3367,48,GM,1944350
CELL_3368,LIB_3368,WELL_3368,72,DM,2120157
CELL_3369,LIB_3369,WELL_3369,0,GM,3774275
CELL_3370,LIB_3370,WELL_3370,24,DM,1312877
CELL_3371,LIB_3371,WELL_3371,48,GM,4297205
CELL_3372,LIB_3372,WELL_3372,72,DM,3376346
CELL_3373,LIB_3373,WELL_3373,0,GM,3243613
CELL_3374,LIB_3374,WELL_3374,24,DM,2081300
CELL_3375,LIB_3375,WELL_3375,48,GM,1859459
CELL_3376,LIB_3376,WELL_3376,72,DM,1533683
CELL_3377,LIB_3377,WELL_3377,0,GM,2889111
CELL_3378,LIB_3378,WELL_3378,24,DM,4350909
CELL_3379,LIB_3379,WELL_3379,48,GM,2425823
CELL_3380,LIB_3380,WELL_3380,72,DM,4872457
CELL_3381,LIB_3381,WELL_3381,0,GM,1419690
CELL_3382,LIB_3382,WELL_3382,24,DM,2747654
CELL_3383,LIB_3383,WELL_3383,48,GM,1155765
CELL_3384,LIB_3384,WELL_3384,72,DM,1510431
CELL_3385,LIB_3385,WELL_3385,0,GM,2461676
CELL_3386,LIB_3386,WELL_3386,24,DM,4229509
CELL_3387,LIB_3387,WELL_3387,48,GM,3116621
CELL_3388,LIB_3388,WELL_3388,72,DM,4626493
CELL_3389,LIB_3389,WELL_3389,0,GM,4922834
CELL_3390,LIB_3390,WELL_3390,24,DM,4382151
CELL_3391,LIB_3391,WELL_3391,48,GM,4003601
CELL_3392,LIB_3392,WELL_3392,72,DM,3505989
CELL_3393,LIB_3393,WELL_3393,0,GM,4930491
CELL_3394,LIB_3394,WELL_3394,24,DM,4780880
CELL_3395,LIB_3395,WELL_3395,48,GM,2264008
CELL_3396,LIB_3396,WELL_3396,72,DM,1403800
CELL_3397,LIB_3397,WELL_3397,0,GM,1549649
CELL_3398,LIB_3398,WELL_3398,24,DM,1863601
CELL_3399,LIB_3399,WELL_3399,48,GM,1492175
CELL_3400,LIB_3400,WELL_3400,72,DM,3102034
CELL_3401,LIB_3401,WELL_3401,0,GM,1649413
CELL_3402,LIB_3402,WELL_3402,24,DM,2065058
CELL_3403,LIB_3403,WELL_3403,48,GM,1524528
CELL_3404,LIB_3404,WELL_3404,72,DM,3556941
CELL_3405,LIB_3405,WELL_3405,0,GM,3273117
CELL_3406,LIB_3406,WELL_3406,24,DM,3864280
CELL_3407,LIB_3407,WELL_3407,48,GM,1749696
CELL_3408,LIB_3408,WELL_3408,72,DM,4095686
CELL_3409,LIB_3409,WELL_3409,0,GM,3524552
CELL_3410,LIB_3410,WELL_3410,24,DM,4369829
CELL_3411,LIB_3411,WELL_3411,48,GM,4647155
CELL_3412,LIB_3412,WELL_3412,72,DM,3912011
CELL_3413,LIB_3413,WELL_3413,0,GM,1554304
CELL_3414,LIB_3414,WELL_3414,24,DM,4498273
CELL_3415,LIB_3415,WELL_3415,48,GM,4885509
CELL_3416,LIB_3416,WELL_3416,72,DM,2672523
CELL_3417,LIB_3417,WELL_3417,0,GM,1422105
CELL_3418,LIB_3418,WELL_3418,24,DM,1083011
CELL_3419,LIB_3419,WELL_3419,48,GM,3371358
CELL_3420,LIB_3420,WELL_3420,72,DM,4312326
CELL_3421,LIB_3421,WELL_3421,0,GM,3999456
CELL_3422,LIB_3422,WELL_3422,24,DM,1684341
CELL_3423,LIB_3423,WELL_3423,48,GM,4049028
CELL_3424,LIB_3424,WELL_3424,72,DM,3017668
CELL_3425,LIB_3425,WELL_3425,0,GM,1114906
CELL_3426,LIB_3426,WELL_3426,24,DM,2871579
CELL_3427,LIB_3427,WELL_3427,48,GM,4962266
CELL_3428,LIB_3428,WELL_3428,72,DM,1355685
CELL_3429,LIB_3429,WELL_3429,0,GM,4970038
CELL_3430,LIB_3430,WELL_3430,24,DM,1329633
CELL_3431,LIB_3431,WELL_3431,48,GM,1295684
CELL_3432,LIB_3432,WELL_3432,72,DM,1496310
CELL_3433,LIB_3433,WELL_3433,0,GM,3290015
CELL_3434,LIB_3434,WELL_3434,24,DM,1198678
CELL_3435,LIB_3435,WELL_3435,48,GM,1310573
CELL_3436,LIB_3436,WELL_3436,72,DM,4807066
CELL_3437,LIB_3437,WELL_3437,0,GM,4036114
CELL_3438,LIB_3438,WELL_3438,24,DM,4789782
CELL_3439,LIB_3439,WELL_3439,48,GM,1161469
CELL_3440,LIB_3440,WELL_3440,72,DM,1730519
CELL_3441,LIB_3441,WELL_3441,0,GM,1881189
CELL_3442,LIB_3442,WELL_3442,24,DM,3490633
CELL_3443,LIB_3443,WELL_3443,48,GM,2735350
CELL_3444,LIB_3444,WELL_3444,72,DM,3745570
CELL_3445,LIB_3445,WELL_3445,0,GM,2583636
CELL_3446,LIB_3446,WELL_3446,24,DM,2418678
CELL_3447,LIB_3447,WELL_3447,48,GM,3838964
CELL_3448,LIB_3448,WELL_3448,72,DM,3844615
CELL_3449,LIB_3449,WELL_3449,0,GM,1863378
CELL_3450,LIB_3450,WELL_3450,24,DM,1206228
CELL_3451,LIB_3451,WELL_3451,48,GM,4120625
CELL_3452,LIB_3452,WELL_3452,72,DM,2556117
CELL_3453,LIB_3453,WELL_3453,0,GM,4312465
CELL_3454,LIB_3454,WELL_3454,24,DM,4371886
CELL_3455,LIB_3455,WELL_3455,48,GM,3224597
CELL_3456,LIB_3456,WELL_3456,72,DM,4019460
CELL_3457,LIB_3457,WELL_3457,0,GM,2041398
CELL_3458,LIB_3458,WELL_3458,24,DM,2168119
CELL_3459,LIB_3459,WELL_3459,48,GM,4073917
CELL_3460,LIB_3460,WELL_3460,72,DM,2983696
CELL_3461,LIB_3461,WELL_3461,0,GM,2499086
CELL_3462,LIB_3462,WELL_3462,24,DM,2137326
CELL_3463,LIB_3463,WELL_3463,48,GM,1414260
CELL_3464,LIB_3464,WELL_3464,72,DM,3414967
CELL_3465,LIB_3465,WELL_3465,0,GM,3627204
CELL_3466,LIB_3466,WELL_3466,24,DM,2538941
CELL_3467,LIB_3467,WELL_3467,48,GM,4533973
CELL_3468,LIB_3468,WELL_3468,72,DM,3224034
CELL_3469,LIB_3469,WELL_3469,0,GM,1837878
CELL_3470,LIB_3470,WELL_3470,24,DM,1956977
CELL_3471,LIB_3471,WELL_3471,48,GM,4078454
CELL_3472,LIB_3472,WELL_3472,72,DM,2947712
CELL_3473,LIB_3473,WELL_3473,0,GM,4547661
CELL_3474,LIB_3474,WELL_3474,24,DM,1316601
CELL_3475,LIB_3475,WELL_3475,48,GM,2348161
CELL_3476,LIB_3476,WELL_3476,72,DM,1980665
CELL_3477,LIB_3477,WELL_3477,0,GM,4380216
CELL_3478,LIB_3478,WELL_3478,24,DM,4462597
CELL_3479,LIB_3479,WELL_3479,48,GM,1841531
CELL_3480,LIB_3480,WELL_3480,72,DM,2179376
CELL_3481,LIB_3481,WELL_3481,0,GM,3149805
CELL_3482,LIB_3482,WELL_3482,24,DM,2390830
CELL_3483,LIB_3483,WELL_3483,48,GM,3866591
CELL_3484,LIB_3484,WELL_3484,72,DM,2387784
CELL_3485,LIB_3485,WELL_3485,0,GM,2980877
CELL_3486,LIB_3486,WELL_3486,24,DM,3022740
CELL_3487,LIB_3487,WELL_3487,48,GM,2065673
CELL_3488,LIB_3488,WELL_3488,72,DM,4381999
CELL_3489,LIB_3489,WELL_3489,0,GM,4691937
CELL_3490,LIB_3490,WELL_3490,24,DM,3575775
CELL_3491,LIB_3491,WELL_3491,48,GM,1924583
CELL_3492,LIB_3492,WELL_3492,72,DM,2068980
CELL_3493,LIB_3493,WELL_3493,0,GM,3210159
CELL_3494,LIB_3494,WELL_3494,24,DM,2602108
CELL_3495,LIB_3495,WELL_3495,48,GM,3036716
CELL_3496,LIB_3496,WELL_3496,72,DM,4054082
CELL_3497,LIB_3497,WELL_3497,0,GM,4292206
CELL_3498,LIB_3498,WELL_3498,24,DM,1460532
CELL_3499,LIB_3499,WELL_3499,48,GM,2545366
CELL_3500,LIB_3500,WELL_3500,72,DM,3119349
CELL_3501,LIB_3501,WELL_3501,0,GM,3039111
CELL_3502,LIB_3502,WELL_3502,24,DM,4460399
CELL_3503,LIB_3503,WELL_3503,48,GM,4538056
CELL_3504,LIB_3504,WELL_3504,72,DM,4377099
CELL_3505,LIB_3505,WELL_3505,0,GM,1204286
CELL_3506,LIB_3506,WELL_3506,24,DM,4934768
CELL_3507,LIB_3507,WELL_3507,48,GM,3382245
CELL_3508,LIB_3508,WELL_3508,72,DM,1325810
CELL_3509,LIB_3509,WELL_3509,0,GM,1754826
CELL_3510,LIB_3510,WELL_3510,24,DM,3641549
CELL_3511,LIB_3511,WELL_3511,48,GM,3619598
CELL_3512,LIB_3512,WELL_3512,72,DM,3643293
CELL_3513,LIB_3513,WELL_3513,0,GM,4183139
CELL_3514,LIB_3514,WELL_3514,24,DM,2669301
CELL_3515,LIB_3515,WELL_3515,48,GM,1460420
CELL_3516,LIB_3516,WELL_3516,72,DM,3948069
CELL_3517,LIB_3517,WELL_3517,0,GM,1566639
CELL_3518,LIB_3518,WELL_3518,24,DM,1678076
CELL_3519,LIB_3519,WELL_3519,48,GM,2327329
CELL_3520,LIB_3520,WELL_3520,72,DM,1318669
CELL_3521,LIB_3521,WELL_3521,0,GM,1494612
CELL_3522,LIB_3522,WELL_3522,24,DM,3489987
CELL_3523,LIB_3523,WELL_3523,48,GM,2729694
CELL_3524,LIB_3524,WELL_3524,72,DM,1934080
CELL_3525,LIB_3525,WELL_3525,0,GM,3468210
CELL_3526,LIB_3526,WELL_3526,24,DM,2704777
CELL_3527,LIB_3527,WELL_3527,48,GM,1398947
CELL_3528,LIB_3528,WELL_3528,72,DM,1546604
CELL_3529,LIB_3529,WELL_3529,0,GM,3704338
CELL_3530,LIB_3530,WELL_3530,24,DM,1311149
CELL_3531,LIB_3531,WELL_3531,48,GM,2282629
CELL_3532,LIB_3532,WELL_3532,72,DM,3515350
CELL_3533,LIB_3533,WELL_3533,0,GM,3396282
CELL_3534,LIB_3534,WELL_3534,24,DM,2204882
CELL_3535,LIB_3535,WELL_3535,48,GM,4801236
CELL_3536,LIB_3536,WELL_3536,72,DM,1085056
CELL_3537,LIB_3537,WELL_3537,0,GM,2076790
CELL_3538,LIB_3538,WELL_3538,24,DM,4999387
CELL_3539,LIB_3539,WELL_3539,48,GM,1640941
CELL_3540,LIB_3540,WELL_3540,72,DM,4337232
CELL_3541,LIB_3541,WELL_3541,0,GM,3589967
CELL_3542,LIB_3542,WELL_3542,24,DM,2144142
CELL_3543,LIB_3543,WELL_3543,48,GM,2124566
CELL_3544,LIB_3544,WELL_3544,72,DM,1391051
CELL_3545,LIB_3545,WELL_3545,0,GM,1727177
CELL_3546,LIB_3546,WELL_3546,24,DM,4720431
CELL_3547,LIB_3547,WELL_3547,48,GM,4166374
CELL_3548,LIB_3548,WELL_3548,72,DM,3287724
CELL_3549,LIB_3549,WELL_3549,0,GM,3702091
CELL_3550,LIB_3550,WELL_3550,24,DM,3238946
CELL_3551,LIB_3551,WELL_3551,48,GM,4729842
CELL_3552,LIB_3552,WELL_3552,72,DM,2188425
CELL_3553,LIB_3553,WELL_3553,0,GM,4221166
CELL_3554,LIB_3554,WELL_3554,24,DM,2681358
CELL_3555,LIB_3555,WELL_3555,48,GM,3174535
CELL_3556,LIB_3556,WELL_3556,72,DM,3756668
CELL_3557,LIB_3557,WELL_3557,0,GM,3642098
CELL_3558,LIB_3558,WELL_3558,24,DM,1586606
CELL_3559,LIB_3559,WELL_3559,48,GM,4425076
CELL_3560,LIB_3560,WELL_3560,72,DM,4453975
CELL_3561,LIB_3561,WELL_3561,0,GM,2011716
CELL_3562,LIB_3562,WELL_3562,24,DM,4412783
CELL_3563,LIB_3563,WELL_3563,48,GM,1750066
CELL_3564,LIB_3564,WELL_3564,72,DM,3539167
CELL_3565,LIB_3565,WELL_3565,0,GM,1989514
CELL_3566,LIB_3566,WELL_3566,24,DM,3285209
CELL_3567,LIB_3567,WELL_3567,48,GM,1358534
CELL_3568,LIB_3568,WELL_3568,72,DM,4488828
CELL_3569,LIB_3569,WELL_3569,0,GM,1994728
CELL_3570,LIB_3570,WELL_3570,24,DM,3663245
CELL_3571,LIB_3571,WELL_3571,48,GM,2201462
CELL_3572,LIB_3572,WELL_3572,72,DM,2642160
CELL_3573,LIB_3573,WELL_3573,0,GM,2686842
CELL_3574,LIB_3574,WELL_3574,24,DM,2755368
CELL_3575,LIB_3575,WELL_3575,48,GM,2600443
CELL_3576,LIB_3576,WELL_3576,72,DM,3674385
CELL_3577,LIB_3577,WELL_3577,0,GM,2533148
CELL_3578,LIB_3578,WELL_3578,24,DM,3981100
CELL_3579,LIB_3579,WELL_3579,48,GM,4173162
CELL_3580,LIB_3580,WELL_3580,72,DM,2442539
CELL_3581,LIB_3581,WELL_3581,0,GM,3022832
CELL_3582,LIB_3582,WELL_3582,24,DM,2821938
CELL_3583,LIB_3583,WELL_3583,48,GM,4718674
CELL_3584,LIB_3584,WELL_3584,72,DM,4251946
CELL_3585,LIB_3585,WELL_3585,0,GM,2626736
CELL_3586,LIB_3586,WELL_3586,24,DM,1860766
CELL_3587,LIB_3587,WELL_3587,48,GM,4787739
CELL_3588,LIB_3588,WELL_3588,72,DM,1744679
CELL_3589,LIB_3589,WELL_3589,0,GM,1708062
CELL_3590,LIB_3590,WELL_3590,24,DM,3145765
CELL_3591,LIB_3591,WELL_3591,48,GM,1988987
CELL_3592,LIB_3592,WELL_3592,72,DM,2877176
CELL_3593,LIB_3593,WELL_3593,0,GM,1543201
CELL_3594,LIB_3594,WELL_3594,24,DM,1385988
CELL_3595,LIB_3595,WELL_3595,48,GM,2683669
CELL_3596,LIB_3596,WELL_3596,72,DM,2840990
CELL_3597,LIB_3597,WELL_3597,0,GM,2546506
CELL_3598,LIB_3598,WELL_3598,24,DM,1561606
CELL_3599,LIB_3599,WELL_3599,48,GM,1210367
CELL_3600,LIB_3600,WELL_3600,72,DM,3672269
CELL_3601,LIB_3601,WELL_3601,0,GM,3008539
CELL_3602,LIB_3602,WELL_3602,24,DM,1117179
CELL_3603,LIB_3603,WELL_3603,48,GM,2542598
CELL_3604,LIB_3604,WELL_3604,72,DM,2973430
CELL_3605,LIB_3605,WELL_3605,0,GM,3627585
CELL_3606,LIB_3606,WELL_3606,24,DM,2087581
CELL_3607,LIB_3607,WELL_3607,48,GM,1192040
CELL_3608,LIB_3608,WELL_3608,72,DM,1892999
CELL_3609,LIB_3609,WELL_3609,0,GM,1576599
CELL_3610,LIB_3610,WELL_3610,24,DM,1175626
CELL_3611,LIB_3611,WELL_3611,48,GM,3411241
CELL_3612,LIB_3612,WELL_3612,72,DM,4893975
CELL_3613,LIB_3613,WELL_3613,0,GM,4696563
CELL_3614,LIB_3614,WELL_3614,24,DM,4655163
CELL_3615,LIB_3615,WELL_3615,48,GM,3607303
CELL_3616,LIB_3616,WELL_3616,72,DM,3542338
CELL_3617,LIB_3617,WELL_3617,0,GM,4079458
CELL_3618,LIB_3618,WELL_3618,24,DM,2796340
CELL_3619,LIB_3619,WELL_3619,48,GM,2680350
CELL_3620,LIB_3620,WELL_3620,72,DM,1816229
CELL_3621,LIB_3621,WELL_3621,0,GM,1392891
CELL_3622,LIB_3622,WELL_3622,24,DM,2384347
CELL_3623,LIB_3623,WELL_3623,48,GM,4702174
CELL_3624,LIB_3624,WELL_3624,72,DM,4852932
CELL_3625,LIB_3625,WELL_3625,0,GM,4626971
CELL_3626,LIB_3626,WELL_3626,24,DM,1589617
CELL_3627,LIB_3627,WELL_3627,48,GM,2563760
CELL_3628,LIB_3628,WELL_3628,72,DM,2877557
CELL_3629,LIB_3629,WELL_3629,0,GM,3296873
CELL_3630,LIB_3630,WELL_3630,24,DM,1848776
CELL_3631,LIB_3631,WELL_3631,48,GM,2649781
CELL_3632,LIB_3632,WELL_3632,72,DM,1412048
CELL_3633,LIB_3633,WELL_3633,0,GM,2377195
CELL_3634,LIB_3634,WELL_3634,24,DM,1737219
CELL_3635,LIB_3635,WELL_3635,48,GM,3241549
CELL_3636,LIB_3636,WELL_3636,72,DM,1655130
CELL_3637,LIB_3637,WELL_3637,0,GM,4268100
CELL_3638,LIB_3638,WELL_3638,24,DM,4375268
CELL_3639,LIB_3639,WELL_3639,48,GM,4288030
CELL_3640,LIB_3640,WELL_3640,72,DM,1556154
CELL_3641,LIB_3641,WELL_3641,0,GM,4393497
CELL_3642,LIB_3642,WELL_3642,24,DM,3731292
CELL_3643,LIB_3643,WELL_3643,48,GM,3447156
CELL_3644,LIB_3644,WELL_3644,72,DM,2648500
CELL_3645,LIB_3645,WELL_3645,0,GM,3889336
CELL_3646,LIB_3646,WELL_3646,24,DM,4158760
CELL_3647,LIB_3647,WELL_3647,48,GM,3418529
CELL_3648,LIB_3648,WELL_3648,72,DM,2706614
CELL_3649,LIB_3649,WELL_3649,0,GM,1901122
CELL_3650,LIB_3650,WELL_3650,24,DM,1951588
CELL_3651,LIB_3651,WELL_3651,48,GM,3778926
CELL_3652,LIB_3652,WELL_3652,72,DM,4207320
CELL_3653,LIB_3653,WELL_3653,0,GM,4630582
CELL_3654,LIB_3654,WELL_3654,24,DM,2991324
CELL_3655,LIB_3655,WELL_3655,48,GM,2887626
CELL_3656,LIB_3656,WELL_3656,72,DM,1718850
CELL_3657,LIB_3657,WELL_3657,0,GM,2939657
CELL_3658,LIB_3658,WELL_3658,24,DM,4487527
CELL_3659,LIB_3659,WELL_3659,48,GM,1783032
CELL_3660,LIB_3660,WELL_3660,72,DM,3086608
CELL_3661,LIB_3661,WELL_3661,0,GM,1164649
CELL_3662,LIB_3662,WELL_3662,24,DM,4638739
CELL_3663,LIB_3663,WELL_3663,48,GM,4971339
CELL_3664,LIB_3664,WELL_3664,72,DM,4767250
CELL_3665,LIB_3665,WELL_3665,0,GM,2923491
CELL_3666,LIB_3666,WELL_3666,24,DM,1561526
CELL_3667,LIB_3667,WELL_3667,48,GM,2124955
CELL_3668,LIB_3668,WELL_3668,72,DM,3755451
CELL_3669,LIB_3669,WELL_3669,0,GM,1341424
CELL_3670,LIB_3670,WELL_3670,24,DM,3635400
CELL_3671,LIB_3671,WELL_3671,48,GM,2001580
CELL_3672,LIB_3672,WELL_3672,72,DM,4379193
CELL_3673,LIB_3673,WELL_3673,0,GM,1298262
CELL_3674,LIB_3674,WELL_3674,24,DM,1505885
CELL_3675,LIB_3675,WELL_3675,48,GM,1398113
CELL_3676,LIB_3676,WELL_3676,72,DM,2989940
CELL_3677,LIB_3677,WELL_3677,0,GM,1559966
CELL_3678,LIB_3678,WELL_3678,24,DM,4378597
CELL_3679,LIB_3679,WELL_3679,48,GM,4969856
CELL_3680,LIB_3680,WELL_3680,72,DM,2495972
CELL_3681,LIB_3681,WELL_3681,0,GM,1538106
CELL_3682,LIB_3682,WELL_3682,24,DM,1524279
CELL_3683,LIB_3683,WELL_3683,48,GM,2455556
CELL_3684,LIB_3684,WELL_3684,72,DM,2576883
CELL_3685,LIB_3685,WELL_3685,0,GM,1882278
CELL_3686,LIB_3686,WELL_3686,24,DM,2589388
CELL_3687,LIB_3687,WELL_3687,48,GM,3028259
CELL_3688,LIB_3688,WELL_3688,72,DM,1069172
CELL_3689,LIB_3689,WELL_3689,0,GM,3656640
CELL_3690,LIB_3690,WELL_3690,24,DM,2233079
CELL_3691,LIB_3691,WELL_3691,48,GM,1827991
CELL_3692,LIB_3692,WELL_3692,72,DM,1173853
CELL_3693,LIB_3693,WELL_3693,0,GM,1675799
CELL_3694,LIB_3694,WELL_3694,24,DM,4935507
CELL_3695,LIB_3695,WELL_3695,48,GM,1715292
CELL_3696,LIB_3696,WELL_3696,72,DM,2881909
CELL_3697,LIB_3697,WELL_3697,0,GM,4893235
CELL_3698,LIB_3698,WELL_3698,24,DM,2931509
CELL_3699,LIB_3699,WELL_3699,48,GM,3452708
CELL_3700,LIB_3700,WELL_3700,72,DM,1107701
CELL_3701,LIB_3701,WELL_3701,0,GM,4096682
CELL_3702,LIB_3702,WELL_3702,24,DM,2018175
CELL_3703,LIB_3703,WELL_3703,48,GM,3211246
CELL_3704,LIB_3704,WELL_3704,72,DM,1729194
CELL_3705,LIB_3705,WELL_3705,0,GM,2476103
CELL_3706,LIB_3706,WELL_3706,24,DM,2526426
CELL_3707,LIB_3707,WELL_3707,48,GM,2557364
CELL_3708,LIB_3708,WELL_3708,72,DM,4871757
CELL_3709,LIB_3709,WELL_3709,0,GM,1679450
CELL_3710,LIB_3710,WELL_3710,24,DM,3848945
CELL_3711,LIB_3711,WELL_3711,48,GM,1516288
CELL_3712,LIB_3712,WELL_3712,72,DM,1469390
CELL_3713,LIB_3713,WELL_3713,0,GM,2338923
CELL_3714,LIB_3714,WELL_3714,24,DM,2999716
CELL_3715,LIB_3715,WELL_3715,48,GM,1498124
CELL_3716,LIB_3716,WELL_3716,72,DM,3970534
CELL_3717,LIB_3717,WELL_3717,0,GM,2984229
CELL_3718,LIB_3718,WELL_3718,24,DM,2430816
CELL_3719,LIB_3719,WELL_3719,48,GM,1066228
CELL_3720,LIB_3720,WELL_3720,72,DM,4430464
CELL_3721,LIB_3721,WELL_3721,0,GM,2449849
CELL_3722,LIB_3722,WELL_3722,24,DM,1448279
CELL_3723,LIB_3723,WELL_3723,48,GM,4945146
CELL_3724,LIB_3724,WELL_3724,72,DM,1886317
CELL_3725,LIB_3725,WELL_3725,0,GM,4771581
CELL_3726,LIB_3726,WELL_3726,24,DM,1490234
CELL_3727,LIB_3727,WELL_3727,48,GM,2942594
CELL_3728,LIB_3728,WELL_3728,72,DM,2695603
CELL_3729,LIB_3729,WELL_3729,0,GM,3800182
CELL_3730,LIB_3730,WELL_3730,24,DM,2999373
CELL_3731,LIB_3731,WELL_3731,48,GM,4319809
CELL_3732,LIB_3732,WELL_3732,72,DM,2708556
CELL_3733,LIB_3733,WELL_3733,0,GM,1539084
CELL_3734,LIB_3734,WELL_3734,24,DM,4706304
CELL_3735,LIB_3735,WELL_3735,48,GM,1526498
CELL_3736,LIB_3736,WELL_3736,72,DM,4335399
CELL_3737,LIB_3737,WELL_3737,0,GM,3174044
CELL_3738,LIB_3738,WELL_3738,24,DM,2995864
CELL_3739,LIB_3739,WELL_3739,48,GM,4072517
CELL_3740,LIB_3740,WELL_3740,72,DM,1934905
CELL_3741,LIB_3741,WELL_3741,0,GM,4774936
CELL_3742,LIB_3742,WELL_3742,24,DM,4583416
CELL_3743,LIB_3743,WELL_3743,48,GM,3317521
CELL_3744,LIB_3744,WELL_3744,72,DM,3716501
CELL_3745,LIB_3745,WELL_3745,0,GM,2346773
CELL_3746,LIB_3746,WELL_3746,24,DM,2822334
CELL_3747,LIB_3747,WELL_3747,48,GM,2903809
CELL_3748,LIB_3748,WELL_3748,72,DM,4165330
CELL_3749,LIB_3749,WELL_3749,0,GM,4068175
CELL_3750,LIB_3750,WELL_3750,24,DM,3851577
CELL_3751,LIB_3751,WELL_3751,48,GM,3809137
CELL_3752,LIB_3752,WELL_3752,72,DM,2051511
CELL_3753,LIB_3753,WELL_3753,0,GM,3751688
CELL_3754,LIB_3754,WELL_3754,24,DM,3767921
CELL_3755,LIB_3755,WELL_3755,48,GM,2377739
CELL_3756,LIB_3756,WELL_3756,72,DM,3528231
CELL_3757,LIB_3757,WELL_3757,0,GM,1475656
CELL_3758,LIB_3758,WELL_3758,24,DM,2075805
CELL_3759,LIB_3759,WELL_3759,48,GM,3553684
CELL_3760,LIB_3760,WELL_3760,72,DM,3785373
CELL_3761,LIB_3761,WELL_3761,0,GM,1756519
CELL_3762,LIB_3762,WELL_3762,24,DM,1603868
CELL_3763,LIB_3763,WELL_3763,48,GM,2341491
CELL_3764,LIB_3764,WELL_3764,72,DM,4548579
CELL_3765,LIB_3765,WELL_3765,0,GM,4766895
CELL_3766,LIB_3766,WELL_3766,24,DM,1708388
CELL_3767,LIB_3767,WELL_3767,48,GM,3613983
CELL_3768,LIB_3768,WELL_3768,72,DM,1510426
CELL_3769,LIB_3769,WELL_3769,0,GM,1050450
CELL_3770,LIB_3770,WELL_3770,24,DM,4055410
CELL_3771,LIB_3771,WELL_3771,48,GM,2986980
CELL_3772,LIB_3772,WELL_3772,72,DM,3848463
CELL_3773,LIB_3773,WELL_3773,0,GM,4674884
CELL_3774,LIB_3774,WELL_3774,24,DM,1678703
CELL_3775,LIB_3775,WELL_3775,48,GM,2852037
CELL_3776,LIB_3776,WELL_3776,72,DM,4484827
CELL_3777,LIB_3777,WELL_3777,0,GM,3285308
CELL_3778,LIB_3778,WELL_3778,24,DM,4516036
CELL_3779,LIB_3779,WELL_3779,48,GM,1173289
CELL_3780,LIB_3780,WELL_3780,72,DM,1686300
CELL_3781,LIB_3781,WELL_3781,0,GM,3140267
CELL_3782,LIB_3782,WELL_3782,24,DM,4034843
CELL_3783,LIB_3783,WELL_3783,48,GM,1030290
CELL_3784,LIB_3784,WELL_3784,72,DM,2520682
CELL_3785,LIB_3785,WELL_3785,0,GM,3279805
CELL_3786,LIB_3786,WELL_3786,24,DM,3661302
CELL_3787,LIB_3787,WELL_3787,48,GM,3727099
CELL_3788,LIB_3788,WELL_3788,72,DM,3976669
CELL_3789,LIB_3789,WELL_3789,0,GM,1190230
CELL_3790,LIB_3790,WELL_3790,24,DM,4670526
CELL_3791,LIB_3791,WELL_3791,48,GM,2508459
CELL_3792,LIB_3792,WELL_3792,72,DM,4363971
CELL_3793,LIB_3793,WELL_3793,0,GM,3899125
CELL_3794,LIB_3794,WELL_3794,24,DM,2806215
CELL_3795,LIB_3795,WELL_3795,48,GM,1453239
CELL_3796,LIB_3796,WELL_3796,72,DM,4422891
CELL_3797,LIB_3797,WELL_3797,0,GM,3277703
CELL_3798,LIB_3798,WELL_3798,24,DM,3697213
CELL_3799,LIB_3799,WELL_3799,48,GM,4550079
CELL_3800,LIB_3800,WELL_3800,72,DM,4511569
CELL_3801,LIB_3801,WELL_3801,0,GM,3360244
CELL_3802,LIB_3802,WELL_3802,24,DM,3432865
CELL_3803,LIB_3803,WELL_3803,48,GM,1692238
CELL_3804,LIB_3804,WELL_3804,72,DM,2993616
CELL_3805,LIB_3805,WELL_3805,0,GM,4030244
CELL_3806,LIB_3806,WELL_3806,24,DM,3455056
CELL_3807,LIB_3807,WELL_3807,48,GM,2069187
CELL_3808,LIB_3808,WELL_3808,72,DM,2710574
CELL_3809,LIB_3809,WELL_3809,0,GM,2202795
CELL_3810,LIB_3810,WELL_3810,24,DM,1384516
CELL_3811,LIB_3811,WELL_3811,48,GM,3249965
CELL_3812,LIB_3812,WELL_3812,72,DM,3762742
CELL_3813,LIB_3813,WELL_3813,0,GM,3510491
CELL_3814,LIB_3814,WELL_3814,24,DM,1840926
CELL_3815,LIB_3815,WELL_3815,48,GM,1937479
CELL_3816,LIB_3816,WELL_3816,72,DM,4310684
CELL_3817,LIB_3817,WELL_3817,0,GM,1327295
CELL_3818,LIB_3818,WELL_3818,24,DM,2003463
CELL_3819,LIB_3819,WELL_3819,48,GM,3257931
CELL_3820,LIB_3820,WELL_3820,72,DM,2355527
CELL_3821,LIB_3821,WELL_3821,0,GM,2351605
CELL_3822,LIB_3822,WELL_3822,24,DM,3253565
CELL_3823,LIB_3823,WELL_3823,48,GM,2882758
CELL_3824,LIB_3824,WELL_3824,72,DM,3482268
CELL_3825,LIB_3825,WELL_3825,0,GM,2877965
CELL_3826,LIB_3826,WELL_3826,24,DM,1243077
CELL_3827,LIB_3827,WELL_3827,48,GM,2658994
CELL_3828,LIB_3828,WELL_3828,72,DM,1340220
CELL_3829,LIB_3829,WELL_3829,0,GM,1726503
CELL_3830,LIB_3830,WELL_3830,24,DM,3483608
CELL_3831,LIB_3831,WELL_3831,48,GM,1020222
CELL_3832,LIB_3832,WELL_3832,72,DM,3454896
CELL_3833,LIB_3833,WELL_3833,0,GM,3366075
CELL_3834,LIB_3834,WELL_3834,24,DM,2806042
CELL_3835,LIB_3835,WELL_3835,48,GM,3419082
CELL_3836,LIB_3836,WELL_3836,72,DM,1941550
CELL_3837,LIB_3837,WELL_3837,0,GM,3732450
CELL_3838,LIB_3838,WELL_3838,24,DM,3372591
CELL_3839,LIB_3839,WELL_3839,48,GM,3166555
CELL_3840,LIB_3840,WELL_3840,72,DM,1344913
CELL_3841,LIB_3841,WELL_3841,0,GM,2130294
CELL_3842,LIB_3842,WELL_3842,24,DM,1855396
CELL_3843,LIB_3843,WELL_3843,48,GM,1246736
CELL_3844,LIB_3844,WELL_3844,72,DM,2304368
CELL_3845,LIB_3845,WELL_3845,0,GM,1813236
CELL_3846,LIB_3846,WELL_3846,24,DM,4236017
CELL_3847,LIB_3847,WELL_3847,48,GM,4162395
CELL_3848,LIB_3848,WELL_3848,72,DM,2501484
CELL_3849,LIB_3849,WELL_3849,0,GM,4608404
CELL_3850,LIB_3850,WELL_3850,24,DM,3094154
CELL_3851,LIB_3851,WELL_3851,48,GM,3014862
CELL_3852,LIB_3852,WELL_3852,72,DM,4965407
CELL_3853,LIB_3853,WELL_3853,0,GM,1083130
CELL_3854,LIB_3854,WELL_3854,24,DM,3568532
CELL_3855,LIB_3855,WELL_3855,48,GM,4584464
CELL_3856,LIB_3856,WELL_3856,72,DM,1821941
CELL_3857,LIB_3857,WELL_3857,0,GM,3356914
CELL_3858,LIB_3858,WELL_3858,24,DM,3691775
CELL_3859,LIB_3859,WELL_3859,48,GM,2099395
CELL_3860,LIB_3860,WELL_3860,72,DM,3869773
CELL_3861,LIB_3861,WELL_3861,0,GM,4618939
CELL_3862,LIB_3862,WELL_3862,24,DM,2428561
CELL_3863,LIB_3863,WELL_3863,48,GM,4965594
CELL_3864,LIB_3864,WELL_3864,72,DM,4893060
CELL_3865,LIB_3865,WELL_3865,0,GM,1448823
CELL_3866,LIB_3866,WELL_3866,24,DM,1428658
CELL_3867,LIB_3867,WELL_3867,48,GM,2311440
CELL_3868,LIB_3868,WELL_3868,72,DM,1315730
CELL_3869,LIB_3869,WELL_3869,0,GM,2609585
CELL_3870,LIB_3870,WELL_3870,24,DM,3188355
CELL_3871,LIB_3871,WELL_3871,48,GM,1925902
CELL_3872,LIB_3872,WELL_3872,72,DM,4127777
CELL_3873,LIB_3873,WELL_3873,0,GM,1231650
CELL_3874,LIB_3874,WELL_3874,24,DM,2412749
CELL_3875,LIB_3875,WELL_3875,48,GM,4163090
CELL_3876,LIB_3876,WELL_3876,72,DM,2515621
CELL_3877,LIB_3877,WELL_3877,0,GM,1205520
CELL_3878,LIB_3878,WELL_3878,24,DM,1375511
CELL_3879,LIB_3879,WELL_3879,48,GM,1264558
CELL_3880,LIB_3880,WELL_3880,72,DM,4467110
CELL_3881,LIB_3881,WELL_3881,0,GM,1832002
CELL_3882,LIB_3882,WELL_3882,24,DM,3492490
CELL_3883,LIB_3883,WELL_3883,48,GM,3759302
CELL_3884,LIB_3884,WELL_3884,72,DM,2328264
CELL_3885,LIB_3885,WELL_3885,0,GM,4302876
CELL_3886,LIB_3886,WELL_3886,24,DM,4001841
CELL_3887,LIB_3887,WELL_3887,48,GM,4716730
CELL_3888,LIB_3888,WELL_3888,72,DM,4699642
CELL_3889,LIB_3889,WELL_3889,0,GM,1483750
CELL_3890,LIB_3890,WELL_3890,24,DM,3401902
CELL_3891,LIB_3891,WELL_3891,48,GM,2550495
CELL_3892,LIB_3892,WELL_3892,72,DM,4358594
CELL_3893,LIB_3893,WELL_3893,0,GM,3783973
CELL_3894,LIB_3894,WELL_3894,24,DM,2857605
CELL_3895,LIB_3895,WELL_3895,48,GM,4102385
CELL_3896,LIB_3896,WELL_3896,72,DM,2570899
CELL_3897,LIB_3897,WELL_3897,0,GM,1908259
CELL_3898,LIB_3898,WELL_3898,24,DM,4085861
CELL_3899,LIB_3899,WELL_3899,48,GM,1402002
CELL_3900,LIB_3900,WELL_3900,72,DM,4180555
CELL_3901,LIB_3901,WELL_3901,0,GM,2978697
CELL_3902,LIB_3902,WELL_3902,24,DM,1739535
CELL_3903,LIB_3903,WELL_3903,48,GM,2779050
CELL_3904,LIB_3904,WELL_3904,72,DM,1384758
CELL_3905,LIB_3905,WELL_3905,0,GM,4524462
CELL_3906,LIB_3906,WELL_3906,24,DM,2346243
CELL_3907,LIB_3907,WELL_3907,48,GM,4304277
CELL_3908,LIB_3908,WELL_3908,72,DM,1163128
CELL_3909,LIB_3909,WELL_3909,0,GM,4970205
CELL_3910,LIB_3910,WELL_3910,24,DM,3799763
CELL_3911,LIB_3911,WELL_3911,48,GM,4537620
CELL_3912,LIB_3912,WELL_3912,72,DM,4449015
CELL_3913,LIB_3913,WELL_3913,0,GM,4414907
CELL_3914,LIB_3914,WELL_3914,24,DM,4186996
CELL_3915,LIB_3915,WELL_3915,48,GM,4424547
CELL_3916,LIB_3916,WELL_3916,72,DM,4169329
CELL_3917,LIB_3917,WELL_3917,0,GM,2178266
CELL_3918,LIB_3918,WELL_3918,24,DM,1980109
CELL_3919,LIB_3919,WELL_3919,48,GM,4801330
CELL_3920,LIB_3920,WELL_3920,72,DM,3114372
CELL_3921,LIB_3921,WELL_3921,0,GM,1421615
CELL_3922,LIB_3922,WELL_3922,24,DM,4104438
CELL_3923,LIB_3923,WELL_3923,48,GM,3302671
CELL_3924,LIB_3924,WELL_3924,72,DM,3042109
CELL_3925,LIB_3925,WELL_3925,0,GM,2139867
CELL_3926,LIB_3926,WELL_3926,24,DM,1860448
CELL_3927,LIB_3927,WELL_3927,48,GM,3803963
CELL_3928,LIB_3928,WELL_3928,72,DM,1065992
CELL_3929,LIB_3929,WELL_3929,0,GM,3813882
CELL_3930,LIB_3930,WELL_3930,24,DM,4767689
CELL_3931,LIB_3931,WELL_3931,48,GM,3459395
CELL_3932,LIB_3932,WELL_3932,72,DM,4142524
CELL_3933,LIB_3933,WELL_3933,0,GM,1780478
CELL_3934,LIB_3934,WELL_3934,24,DM,3778599
CELL_3935,LIB_3935,WELL_3935,48,GM,2133652
CELL_3936,LIB_3936,WELL_3936,72,DM,4677822
CELL_3937,LIB_3937,WELL_3937,0,GM,2014648
CELL_3938,LIB_3938,WELL_3938,24,DM,2415780
CELL_3939,LIB_3939,WELL_3939,48,GM,3920123
CELL_3940,LIB_3940,WELL_3940,72,DM,4174963
CELL_3941,LIB_3941,WELL_3941,0,GM,1174864
CELL_3942,LIB_3942,WELL_3942,24,DM,1052483
CELL_3943,LIB_3943,WELL_3943,48,GM,2866007
CELL_3944,LIB_3944,WELL_3944,72,DM,3993906
CELL_3945,LIB_3945,WELL_3945,0,GM,2679720
CELL_3946,LIB_3946,WELL_3946,24,DM,1931778
CELL_3947,LIB_3947,WELL_3947,48,GM,3819005
CELL_3948,LIB_3948,WELL_3948,72,DM,4582503
CELL_3949,LIB_3949,WELL_3949,0,GM,3959785
CELL_3950,LIB_3950,WELL_3950,24,DM,3453672
CELL_3951,LIB_3951,WELL_3951,48,GM,3844661
CELL_3952,LIB_3952,WELL_3952,72,DM,4998049
CELL_3953,LIB_3953,WELL_3953,0,GM,2136109
CELL_3954,LIB_3954,WELL_3954,24,DM,3031215
CELL_3955,LIB_3955,WELL_3955,48,GM,3078360
CELL_3956,LIB_3956,WELL_3956,72,DM,4311116
CELL_3957,LIB_3957,WELL_3957,0,GM,3090279
CELL_3958,LIB_3958,WELL_3958,24,DM,3732457
CELL_3959,LIB_3959,WELL_3959,48,GM,3371410
CELL_3960,LIB_3960,WELL_3960,72,DM,1330413
CELL_3961,LIB_3961,WELL_3961,0,GM,4020620
CELL_3962,LIB_3962,WELL_3962,24,DM,2356196
CELL_3963,LIB_3963,WELL_3963,48,GM,1166958
CELL_3964,LIB_3964,WELL_3964,72,DM,3729980
CELL_3965,LIB_3965,WELL_3965,0,GM,3901544
CELL_3966,LIB_3966,WELL_3966,24,DM,2396543
CELL_3967,LIB_3967,WELL_3967,48,GM,4283063
CELL_3968,LIB_3968,WELL_3968,72,DM,4915398
CELL_3969,LIB_3969,WELL_3969,0,GM,1414567
CELL_3970,LIB_3970,WELL_3970,24,DM,3866185
CELL_3971,LIB_3971,WELL_3971,48,GM,4127772
CELL_3972,LIB_3972,WELL_3972,72,DM,3478393
CELL_3973,LIB_3973,WELL_3973,0,GM,2914793
CELL_3974,LIB_3974,WELL_3974,24,DM,3631172
CELL_3975,LIB_3975,WELL_3975,48,GM,2397972
CELL_3976,LIB_3976,WELL_3976,72,DM,2174356
CELL_3977,LIB_3977,WELL_3977,0,GM,4504064
CELL_3978,LIB_3978,WELL_3978,24,DM,2440942
CELL_3979,LIB_3979,WELL_3979,48,GM,3268951
CELL_3980,LIB_3980,WELL_3980,72,DM,4124793
CELL_3981,LIB_3981,WELL_3981,0,GM,1183831
CELL_3982,LIB_3982,WELL_3982,24,DM,4693626
CELL_3983,LIB_3983,WELL_3983,48,GM,2041597
CELL_3984,LIB_3984,WELL_3984,72,DM,3467091
CELL_3985,LIB_3985,WELL_3985,0,GM,1209829
CELL_3986,LIB_3986,WELL_3986,24,DM,4330778
CELL_3987,LIB_3987,WELL_3987,48,GM,2710647
CELL_3988,LIB_3988,WELL_3988,72,DM,3658698
CELL_3989,LIB_3989,WELL_3989,0,GM,1324556
CELL_3990,LIB_3990,WELL_3990,24,DM,4896095
CELL_3991,LIB_3991,WELL_3991,48,GM,3334690
CELL_3992,LIB_3992,WELL_3992,72,DM,4870143
CELL_3993,LIB_3993,WELL_3993,0,GM,3787595
CELL_3994,LIB_3994,WELL_3994,24,DM,1532752
CELL_3995,LIB_3995,WELL_3995,48,GM,1980814
CELL_3996,LIB_3996,WELL_3996,72,DM,2895167
CELL_3997,LIB_3997,WELL_3997,0,GM,4369306
CELL_3998,LIB_3998,WELL_3998,24,DM,1673814
CELL_3999,LIB_3999,WELL_3999,48,GM,4127727
CELL_4000,LIB_4000,WELL_4000,72,DM,4278468
CELL_4001,LIB_4001,WELL_4001,0,GM,4553738
CELL_4002,LIB_4002,WELL_4002,24,DM,3601431
CELL_4003,LIB_4003,WELL_4003,48,GM,2743507
CELL_4004,LIB_4004,WELL_4004,72,DM,1046130
CELL_4005,LIB_4005,WELL_4005,0,GM,4205233
CELL_4006,LIB_4006,WELL_4006,24,DM,4051853
CELL_4007,LIB_4007,WELL_4007,48,GM,3890411
CELL_4008,LIB_4008,WELL_4008,72,DM,3640099
CELL_4009,LIB_4009,WELL_4009,0,GM,2282570
CELL_4010,LIB_4010,WELL_4010,24,DM,2583365
CELL_4011,LIB_4011,WELL_4011,48,GM,4728201
CELL_4012,LIB_4012,WELL_4012,72,DM,1298143
CELL_4013,LIB_4013,WELL_4013,0,GM,1648069
CELL_4014,LIB_4014,WELL_4014,24,DM,3795644
CELL_4015,LIB_4015,WELL_4015,48,GM,4617605
CELL_4016,LIB_4016,WELL_4016,72,DM,3197871
CELL_4017,LIB_4017,WELL_4017,0,GM,4255703
CELL_4018,LIB_4018,WELL_4018,24,DM,4367293
CELL_4019,LIB_4019,WELL_4019,48,GM,1109457
CELL_4020,LIB_4020,WELL_4020,72,DM,4314855
CELL_4021,LIB_4021,WELL_4021,0,GM,1989696
CELL_4022,LIB_4022,WELL_4022,24,DM,4057688
CELL_4023,LIB_4023,WELL_4023,48,GM,2040498
CELL_4024,LIB_4024,WELL_4024,72,DM,4607124
CELL_4025,LIB_4025,WELL_4025,0,GM,4086200
CELL_4026,LIB_4026,WELL_4026,24,DM,3572739
CELL_4027,LIB_4027,WELL_4027,48,GM,4336386
CELL_4028,LIB_4028,WELL_4028,72,DM,4699489
CELL_4029,LIB_4029,WELL_4029,0,GM,1495054
CELL_4030,LIB_4030,WELL_4030,24,DM,4508001
CELL_4031,LIB_4031,WELL_4031,48,GM,4578474
CELL_4032,LIB_4032,WELL_4032,72,DM,4956148
CELL_4033,LIB_4033,WELL_4033,0,GM,2905547
CELL_4034,LIB_4034,WELL_4034,24,DM,3382495
CELL_4035,LIB_4035,WELL_4035,48,GM,2918746
CELL_4036,LIB_4036,WELL_4036,72,DM,1857770
CELL_4037,LIB_4037,WELL_4037,0,GM,2165552
CELL_4038,LIB_4038,WELL_4038,24,DM,2524341
CELL_4039,LIB_4039,WELL_4039,48,GM,2233595
CELL_4040,LIB_4040,WELL_4040,72,DM,3298559
CELL_4041,LIB_4041,WELL_4041,0,GM,4191140
CELL_4042,LIB_4042,WELL_4042,24,DM,4607169
CELL_4043,LIB_4043,WELL_4043,48,GM,3502093
CELL_4044,LIB_4044,WELL_4044,72,DM,2736366
CELL_4045,LIB_4045,WELL_4045,0,GM,4235888
CELL_4046,LIB_4046,WELL_4046,24,DM,1072887
CELL_4047,LIB_4047,WELL_4047,48,GM,2523963
CELL_4048,LIB_4048,WELL_4048,72,DM,1695794
CELL_4049,LIB_4049,WELL_4049,0,GM,2281853
CELL_4050,LIB_4050,WELL_4050,24,DM,2219420
CELL_4051,LIB_4051,WELL_4051,48,GM,3100761
CELL_4052,LIB_4052,WELL_4052,72,DM,3980456
CELL_4053,LIB_4053,WELL_4053,0,GM,2834564
CELL_4054,LIB_4054,WELL_4054,24,DM,3954142
CELL_4055,LIB_4055,WELL_4055,48,GM,2019739
CELL_4056,LIB_4056,WELL_4056,72,DM,4294820
CELL_4057,LIB_4057,WELL_4057,0,GM,2172733
CELL_4058,LIB_4058,WELL_4058,24,DM,2366549
CELL_4059,LIB_4059,WELL_4059,48,GM,4621281
CELL_4060,LIB_4060,WELL_4060,72,DM,2520316
CELL_4061,LIB_4061,WELL_4061,0,GM,4142703
CELL_4062,LIB_4062,WELL_4062,24,DM,3906841
CELL_4063,LIB_4063,WELL_4063,48,GM,4235076
CELL_4064,LIB_4064,WELL_4064,72,DM,1035092
CELL_4065,LIB_4065,WELL_4065,0,GM,1370076
CELL_4066,LIB_4066,WELL_4066,24,DM,1831402
CELL_4067,LIB_4067,WELL_4067,48,GM,1386418
CELL_4068,LIB_4068,WELL_4068,72,DM,1779955
CELL_4069,LIB_4069,WELL_4069,0,GM,1710759
CELL_4070,LIB_4070,WELL_4070,24,DM,2259787
CELL_4071,LIB_4071,WELL_4071,48,GM,3911511
CELL_4072,LIB_4072,WELL_4072,72,DM,4335142
CELL_4073,LIB_4073,WELL_4073,0,GM,4324820
CELL_4074,LIB_4074,WELL_4074,24,DM,4957151
CELL_4075,LIB_4075,WELL_4075,48,GM,1767414
CELL_4076,LIB_4076,WELL_4076,72,DM,1551872
CELL_4077,LIB_4077,WELL_4077,0,GM,2115878
CELL_4078,LIB_4078,WELL_4078,24,DM,3203271
CELL_4079,LIB_4079,WELL_4079,48,GM,1394855
CELL_4080,LIB_4080,WELL_4080,72,DM,2688809
CELL_4081,LIB_4081,WELL_4081,0,GM,2550520
CELL_4082,LIB_4082,WELL_4082,24,DM,1711774
CELL_4083,LIB_4083,WELL_4083,48,GM,2747495
CELL_4084,LIB_4084,WELL_4084,72,DM,2974252
CELL_4085,LIB_4085,WELL_4085,0,GM,1396281
CELL_4086,LIB_4086,WELL_4086,24,DM,3929481
CELL_4087,LIB_4087,WELL_4087,48,GM,2098095
CELL_4088,LIB_4088,WELL_4088,72,DM,4470965
CELL_4089,LIB_4089,WELL_4089,0,GM,1129360
CELL_4090,LIB_4090,WELL_4090,24,DM,4953051
CELL_4091,LIB_4091,WELL_4091,48,GM,3670286
CELL_4092,LIB_4092,WELL_4092,72,DM,1918069
CELL_4093,LIB_4093,WELL_4093,0,GM,2433104
CELL_4094,LIB_4094,WELL_4094,24,DM,1618204
CELL_4095,LIB_4095,WELL_4095,48,GM,3829470
CELL_4096,LIB_4096,WELL_4096,72,DM,2360254
CELL_4097,LIB_4097,WELL_4097,0,GM,2305371
CELL_4098,LIB_4098,WELL_4098,24,DM,3610868
CELL_4099,LIB_4099,WELL_4099,48,GM,1388130
CELL_4100,LIB_4100,WELL_4100,72,DM,3752068
CELL_4101,LIB_4101,WELL_4101,0,GM,3317439
CELL_4102,LIB_4102,WELL_4102,24,DM,1867517
CELL_4103,LIB_4103,WELL_4103,48,GM,3957535
CELL_4104,LIB_4104,WELL_4104,72,DM,2862604
CELL_4105,LIB_4105,WELL_4105,0,GM,1638486
CELL_4106,LIB_4106,WELL_4106,24,DM,3309418
CELL_4107,LIB_4107,WELL_4107,48,GM,2859802
CELL_4108,LIB_4108,WELL_4108,72,DM,1060896
CELL_4109,LIB_4109,WELL_4109,0,GM,3125117
CELL_4110,LIB_4110,WELL_4110,24,DM,4842631
CELL_4111,LIB_4111,WELL_4111,48,GM,3416432
CELL_4112,LIB_4112,WELL_4112,72,DM,3090548
CELL_4113,LIB_4113,WELL_4113,0,GM,3153877
CELL_4114,LIB_4114,WELL_4114,24,DM,4604226
CELL_4115,LIB_4115,WELL_4115,48,GM,2072604
CELL_4116,LIB_4116,WELL_4116,72,DM,4155000
CELL_4117,LIB_4117,WELL_4117,0,GM,1732201
CELL_4118,LIB_4118,WELL_4118,24,DM,1754147
CELL_4119,LIB_4119,WELL_4119,48,GM,1333772
CELL_4120,LIB_4120,WELL_4120,72,DM,2308380
CELL_4121,LIB_4121,WELL_4121,0,GM,4271981
CELL_4122,LIB_4122,WELL_4122,24,DM,1570340
CELL_4123,LIB_4123,WELL_4123,48,GM,1314726
CELL_4124,LIB_4124,WELL_4124,72,DM,3392272
CELL_4125,LIB_4125,WELL_4125,0,GM,3020726
CELL_4126,LIB_4126,WELL_4126,24,DM,3026969
CELL_4127,LIB_4127,WELL_4127,48,GM,2212402
CELL_4128,LIB_4128,WELL_4128,72,DM,4114476
CELL_4129,LIB_4129,WELL_4129,0,GM,2201493
CELL_4130,LIB_4130,WELL_4130,24,DM,2232641
CELL_4131,LIB_4131,WELL_4131,48,GM,2178170
CELL_4132,LIB_4132,WELL_4132,72,DM,3063013
CELL_4133,LIB_4133,WELL_4133,0,GM,1732377
CELL_4134,LIB_4134,WELL_4134,24,DM,2265272
CELL_4135,LIB_4135,WELL_4135,48,GM,2402881
CELL_4136,LIB_4136,WELL_4136,72,DM,4402943
CELL_4137,LIB_4137,WELL_4137,0,GM,3357955
CELL_4138,LIB_4138,WELL_4138,24,DM,3664479
CELL_4139,LIB_4139,WELL_4139,48,GM,2679750
CELL_4140,LIB_4140,WELL_4140,72,DM,4286776
CELL_4141,LIB_4141,WELL_4141,0,GM,3879429
CELL_4142,LIB_4142,WELL_4142,24,DM,4980541
CELL_4143,LIB_4143,WELL_4143,48,GM,1990913
CELL_4144,LIB_4144,WELL_4144,72,DM,3821200
CELL_4145,LIB_4145,WELL_4145,0,GM,3433848
CELL_4146,LIB_4146,WELL_4146,24,DM,4773654
CELL_4147,LIB_4147,WELL_4147,48,GM,2596619
CELL_4148,LIB_4148,WELL_4148,72,DM,4265634
CELL_4149,LIB_4149,WELL_4149,0,GM,3792426
CELL_4150,LIB_4150,WELL_4150,24,DM,3549774
CELL_4151,LIB_4151,WELL_4151,48,GM,3565487
CELL_4152,LIB_4152,WELL_4152,72,DM,1675402
CELL_4153,LIB_4153,WELL_4153,0,GM,3204255
CELL_4154,LIB_4154,WELL_4154,24,DM,1891547
CELL_4155,LIB_4155,WELL_4155,48,GM,3079296
CELL_4156,LIB_4156,WELL_4156,72,DM,2968171
CELL_4157,LIB_4157,WELL_4157,0,GM,2347530
CELL_4158,LIB_4158,WELL_4158,24,DM,1655531
CELL_4159,LIB_4159,WELL_4159,48,GM,1506145
CELL_4160,LIB_4160,WELL_4160,72,DM,3697706
CELL_4161,LIB_4161,WELL_4161,0,GM,2280041
CELL_4162,LIB_4162,WELL_4162,24,DM,1979476
CELL_4163,LIB_4163,WELL_4163,48,GM,4349443
CELL_4164,LIB_4164,WELL_4164,72,DM,4618941
CELL_4165,LIB_4165,WELL_4165,0,GM,3488770
CELL_4166,LIB_4166,WELL_4166,24,DM,1085182
CELL_4167,LIB_4167,WELL_4167,48,GM,2296800
CELL_4168,LIB_4168,WELL_4168,72,DM,2072136
CELL_4169,LIB_4169,WELL_4169,0,GM,1275691
CELL_4170,LIB_4170,WELL_4170,24,DM,1701091
CELL_4171,LIB_4171,WELL_4171,48,GM,2118802
CELL_4172,LIB_4172,WELL_4172,72,DM,3445489
CELL_4173,LIB_4173,WELL_4173,0,GM,1336669
CELL_4174,LIB_4174,WELL_4174,24,DM,3184172
CELL_4175,LIB_4175,WELL_4175,48,GM,1768159
CELL_4176,LIB_4176,WELL_4176,72,DM,2437006
CELL_4177,LIB_4177,WELL_4177,0,GM,4283330
CELL_4178,LIB_4178,WELL_4178,24,DM,2946247
CELL_4179,LIB_4179,WELL_4179,48,GM,2364228
CELL_4180,LIB_4180,WELL_4180,72,DM,4518286
CELL_4181,LIB_4181,WELL_4181,0,GM,1231084
CELL_4182,LIB_4182,WELL_4182,24,DM,4685293
CELL_4183,LIB_4183,WELL_4183,48,GM,3666859
CELL_4184,LIB_4184,WELL_4184,72,DM,4523704
CELL_4185,LIB_4185,WELL_4185,0,GM,1831418
CELL_4186,LIB_4186,WELL_4186,24,DM,1223868
CELL_4187,LIB_4187,WELL_4187,48,GM,4618312
CELL_4188,LIB_4188,WELL_4188,72,DM,3992662
CELL_4189,LIB_4189,WELL_4189,0,GM,1849611
CELL_4190,LIB_4190,WELL_4190,24,DM,3480107
CELL_4191,LIB_4191,WELL_4191,48,GM,4942458
CELL_4192,LIB_4192,WELL_4192,72,DM,3919971
CELL_4193,LIB_4193,WELL_4193,0,GM,4249969
CELL_4194,LIB_4194,WELL_4194,24,DM,2456495
CELL_4195,LIB_4195,WELL_4195,48,GM,4167043
CELL_4196,LIB_4196,WELL_4196,72,DM,1448499
CELL_4197,LIB_4197,WELL_4197,0,GM,1281866
CELL_4198,LIB_4198,WELL_4198,24,DM,3279920
CELL_4199,LIB_4199,WELL_4199,48,GM,1612082
CELL_4200,LIB_4200,WELL_4200,72,DM,2912624
CELL_4201,LIB_4201,WELL_4201,0,GM,4835177
CELL_4202,LIB_4202,WELL_4202,24,DM,3140325
CELL_4203,LIB_4203,WELL_4203,48,GM,2439206
CELL_4204,LIB_4204,WELL_4204,72,DM,4518387
CELL_4205,LIB_4205,WELL_4205,0,GM,4925246
CELL_4206,LIB_4206,WELL_4206,24,DM,1616254
CELL_4207,LIB_4207,WELL_4207,48,GM,3435226
CELL_4208,LIB_4208,WELL_4208,72,DM,1638455
CELL_4209,LIB_4209,WELL_4209,0,GM,4875418
CELL_4210,LIB_4210,WELL_4210,24,DM,3672535
CELL_4211,LIB_4211,WELL_4211,48,GM,1123113
CELL_4212,LIB_4212,WELL_4212,72,DM,1349536
CELL_4213,LIB_4213,WELL_4213,0,GM,1275534
CELL_4214,LIB_4214,WELL_4214,24,DM,4421904
CELL_4215,LIB_4215,WELL_4215,48,GM,4970440
CELL_4216,LIB_4216,WELL_4216,72,DM,1954801
CELL_4217,LIB_4217,WELL_4217,0,GM,3816082
CELL_4218,LIB_4218,WELL_4218,24,DM,2209055
CELL_4219,LIB_4219,WELL_4219,48,GM,4061533
CELL_4220,LIB_4220,WELL_4220,72,DM,3304417
CELL_4221,LIB_4221,WELL_4221,0,GM,2030164
CELL_4222,LIB_4222,WELL_4222,24,DM,2677408
CELL_4223,LIB_4223,WELL_4223,48,GM,3033861
CELL_4224,LIB_4224,WELL_4224,72,DM,2319179
CELL_4225,LIB_4225,WELL_4225,0,GM,4821153
CELL_4226,LIB_4226,WELL_4226,24,DM,4863403
CELL_4227,LIB_4227,WELL_4227,48,GM,2819718
CELL_4228,LIB_4228,WELL_4228,72,DM,2060540
CELL_4229,LIB_4229,WELL_4229,0,GM,2581108
CELL_4230,LIB_4230,WELL_4230,24,DM,4752645
CELL_4231,LIB_4231,WELL_4231,48,GM,3726637
CELL_4232,LIB_4232,WELL_4232,72,DM,2784151
CELL_4233,LIB_4233,WELL_4233,0,GM,1763756
CELL_4234,LIB_4234,WELL_4234,24,DM,1952863
CELL_4235,LIB_4235,WELL_4235,48,GM,2288456
CELL_4236,LIB_4236,WELL_4236,72,DM,3527171
CELL_4237,LIB_4237,WELL_4237,0,GM,4403714
CELL_4238,LIB_4238,WELL_4238,24,DM,1640195
CELL_4239,LIB_4239,WELL_4239,48,GM,3343461
CELL_4240,LIB_4240,WELL_4240,72,DM,1183292
CELL_4241,LIB_4241,WELL_4241,0,GM,4193949
CELL_4242,LIB_4242,WELL_4242,24,DM,3239133
CELL_4243,LIB_4243,WELL_4243,48,GM,2392832
CELL_4244,LIB_4244,WELL_4244,72,DM,4968438
CELL_4245,LIB_4245,WELL_4245,0,GM,2132412
CELL_4246,LIB_4246,WELL_4246,24,DM,1910947
CELL_4247,LIB_4247,WELL_4247,48,GM,1878077
CELL_4248,LIB_4248,WELL_4248,72,DM,2849016
CELL_4249,LIB_4249,WELL_4249,0,GM,4865641
CELL_4250,LIB_4250,WELL_4250,24,DM,1125036
CELL_4251,LIB_4251,WELL_4251,48,GM,3907068
CELL_4252,LIB_4252,WELL_4252,72,DM,4938123
CELL_4253,LIB_4253,WELL_4253,0,GM,1938652
CELL_4254,LIB_4254,WELL_4254,24,DM,2414485
CELL_4255,LIB_4255,WELL_4255,48,GM,2872382
CELL_4256,LIB_4256,WELL_4256,72,DM,3324087
CELL_4257,LIB_4257,WELL_4257,0,GM,3964402
CELL_4258,LIB_4258,WELL_4258,24,DM,3585845
CELL_4259,LIB_4259,WELL_4259,48,GM,4812138
CELL_4260,LIB_4260,WELL_4260,72,DM,1915561
CELL_4261,LIB_4261,WELL_4261,0,GM,4433082
CELL_4262,LIB_4262,WELL_4262,24,DM,1635757
CELL_4263,LIB_4263,WELL_4263,48,GM,4305679
CELL_4264,LIB_4264,WELL_4264,72,DM,2687732
CELL_4265,LIB_4265,WELL_4265,0,GM,3344559
CELL_4266,LIB_4266,WELL_4266,24,DM,4745967
CELL_4267,LIB_4267,WELL_4267,48,GM,1028398
CELL_4268,LIB_4268,WELL_4268,72,DM,1658914
CELL_4269,LIB_4269,WELL_4269,0,GM,3211496
CELL_4270,LIB_4270,WELL_4270,24,DM,3994485
CELL_4271,LIB_4271,WELL_4271,48,GM,3665481
CELL_4272,LIB_4272,WELL_4272,72,DM,4541757
CELL_4273,LIB_4273,WELL_4273,0,GM,4971138
CELL_4274,LIB_4274,WELL_4274,24,DM,3793586
CELL_4275,LIB_4275,WELL_4275,48,GM,1681526
CELL_4276,LIB_4276,WELL_4276,72,DM,2404882
CELL_4277,LIB_4277,WELL_4277,0,GM,1263028
CELL_4278,LIB_4278,WELL_4278,24,DM,2773985
CELL_4279,LIB_4279,WELL_4279,48,GM,4949198
CELL_4280,LIB_4280,WELL_4280,72,DM,1014470
CELL_4281,LIB_4281,WELL_4281,0,GM,1395576
CELL_4282,LIB_4282,WELL_4282,24,DM,2265811
CELL_4283,LIB_4283,WELL_4283,48,GM,3203560
CELL_4284,LIB_4284,WELL_4284,72,DM,3009979
CELL_4285,LIB_4285,WELL_4285,0,GM,1316103
CELL_4286,LIB_4286,WELL_4286,24,DM,2331338
CELL_4287,LIB_4287,WELL_4287,48,GM,1199261
CELL_4288,LIB_4288,WELL_4288,72,DM,3916167
CELL_4289,LIB_4289,WELL_4289,0,GM,2859875
CELL_4290,LIB_4290,WELL_4290,24,DM,4002375
CELL_4291,LIB_4291,WELL_4291,48,GM,2474216
CELL_4292,LIB_4292,WELL_4292,72,DM,1421755
CELL_4293,LIB_4293,WELL_4293,0,GM,1168032
CELL_4294,LIB_4294,WELL_4294,24,DM,4365852
CELL_4295,LIB_4295,WELL_4295,48,GM,4351834
CELL_4296,LIB_4296,WELL_4296,72,DM,2438598
CELL_4297,LIB_4297,WELL_4297,0,GM,3490185
CELL_4298,LIB_4298,WELL_4298,24,DM,1077419
CELL_4299,LIB_4299,WELL_4299,48,GM,2364989
CELL_4300,LIB_4300,WELL_4300,72,DM,2361994
CELL_4301,LIB_4301,WELL_4301,0,GM,3508504
CELL_4302,LIB_4302,WELL_4302,24,DM,1423726
CELL_4303,LIB_4303,WELL_4303,48,GM,4725163
CELL_4304,LIB_4304,WELL_4304,72,DM,1659421
CELL_4305,LIB_4305,WELL_4305,0,GM,3518656
CELL_4306,LIB_4306,WELL_4306,24,DM,3889678
CELL_4307,LIB_4307,WELL_4307,48,GM,1939793
CELL_4308,LIB_4308,WELL_4308,72,DM,2865235
CELL_4309,LIB_4309,WELL_4309,0,GM,1267282
CELL_4310,LIB_4310,WELL_4310,24,DM,3222241
CELL_4311,LIB_4311,WELL_4311,48,GM,4438252
CELL_4312,LIB_4312,WELL_4312,72,DM,4728991
CELL_4313,LIB_4313,WELL_4313,0,GM,4086314
CELL_4314,LIB_4314,WELL_4314,24,DM,4390130
CELL_4315,LIB_4315,WELL_4315,48,GM,4576590
CELL_4316,LIB_4316,WELL_4316,72,DM,1920018
CELL_4317,LIB_4317,WELL_4317,0,GM,3464957
CELL_4318,LIB_4318,WELL_4318,24,DM,3474389
CELL_4319,LIB_4319,WELL_4319,48,GM,3224808
CELL_4320,LIB_4320,WELL_4320,72,DM,3034770
CELL_4321,LIB_4321,WELL_4321,0,GM,3888058
CELL_4322,LIB_4322,WELL_4322,24,DM,3075634
CELL_4323,LIB_4323,WELL_4323,48,GM,2330204
CELL_4324,LIB_4324,WELL_4324,72,DM,4710927
CELL_4325,LIB_4325,WELL_4325,0,GM,3668868
CELL_4326,LIB_4326,WELL_4326,24,DM,4079355
CELL_4327,LIB_4327,WELL_4327,48,GM,4913524
CELL_4328,LIB_4328,WELL_4328,72,DM,2432038
CELL_4329,LIB_4329,WELL_4329,0,GM,2200335
CELL_4330,LIB_4330,WELL_4330,24,DM,3298477
CELL_4331,LIB_4331,WELL_4331,48,GM,4279794
CELL_4332,LIB_4332,WELL_4332,72,DM,2919713
CELL_4333,LIB_4333,WELL_4333,0,GM,4749929
CELL_4334,LIB_4334,WELL_4334,24,DM,2496950
CELL_4335,LIB_4335,WELL_4335,48,GM,1625080
CELL_4336,LIB_4336,WELL_4336,72,DM,1090087
CELL_4337,LIB_4337,WELL_4337,0,GM,3828481
CELL_4338,LIB_4338,WELL_4338,24,DM,2757396
CELL_4339,LIB_4339,WELL_4339,48,GM,1705062
CELL_4340,LIB_4340,WELL_4340,72,DM,1307310
CELL_4341,LIB_4341,WELL_4341,0,GM,3214031
CELL_4342,LIB_4342,WELL_4342,24,DM,2971248
CELL_4343,LIB_4343,WELL_4343,48,GM,4511278
CELL_4344,LIB_4344,WELL_4344,72,DM,2757683
CELL_4345,LIB_4345,WELL_4345,0,GM,3559875
CELL_4346,LIB_4346,WELL_4346,24,DM,1092285
CELL_4347,LIB_4347,WELL_4347,48,GM,1871970
CELL_4348,LIB_4348,WELL_4348,72,DM,3745853
CELL_4349,LIB_4349,WELL_4349,0,GM,2466558
CELL_4350,LIB_4350,WELL_4350,24,DM,3610603
CELL_4351,LIB_4351,WELL_4351,48,GM,2996348
CELL_4352,LIB_4352,WELL_4352,72,DM,1903583
CELL_4353,LIB_4353,WELL_4353,0,GM,4498311
CELL_4354,LIB_4354,WELL_4354,24,DM,4174458
CELL_4355,LIB_4355,WELL_4355,48,GM,1357588
CELL_4356,LIB_4356,WELL_4356,72,DM,2754753
CELL_4357,LIB_4357,WELL_4357,0,GM,4148333
CELL_4358,LIB_4358,WELL_4358,24,DM,3390725
CELL_4359,LIB_4359,WELL_4359,48,GM,2052073
CELL_4360,LIB_4360,WELL_4360,72,DM,2003002
CELL_4361,LIB_4361,WELL_4361,0,GM,1659271
CELL_4362,LIB_4362,WELL_4362,24,DM,3653752
CELL_4363,LIB_4363,WELL_4363,48,GM,1028149
CELL_4364,LIB_4364,WELL_4364,72,DM,1763875
CELL_4365,LIB_4365,WELL_4365,0,GM,1489309
CELL_4366,LIB_4366,WELL_4366,24,DM,2713119
CELL_4367,LIB_4367,WELL_4367,48,GM,1603170
CELL_4368,LIB_4368,WELL_4368,72,DM,2549322
CELL_4369,LIB_4369,WELL_4369,0,GM,1750207
CELL_4370,LIB_4370,WELL_4370,24,DM,3657118
CELL_4371,LIB_4371,WELL_4371,48,GM,4481594
CELL_4372,LIB_4372,WELL_4372,72,DM,3652056
CELL_4373,LIB_4373,WELL_4373,0,GM,2267557
CELL_4374,LIB_4374,WELL_4374,24,DM,2167561
CELL_4375,LIB_4375,WELL_4375,48,GM,2054484
CELL_4376,LIB_4376,WELL_4376,72,DM,4824627
CELL_4377,LIB_4377,WELL_4377,0,GM,3937142
CELL_4378,LIB_4378,WELL_4378,24,DM,1129562
CELL_4379,LIB_4379,WELL_4379,48,GM,2899010
CELL_4380,LIB_4380,WELL_4380,72,DM,3210333
CELL_4381,LIB_4381,WELL_4381,0,GM,2969948
CELL_4382,LIB_4382,WELL_4382,24,DM,3395711
CELL_4383,LIB_4383,WELL_4383,48,GM,1147975
CELL_4384,LIB_4384,WELL_4384,72,DM,3142413
CELL_4385,LIB_4385,WELL_4385,0,GM,3301732
CELL_4386,LIB_4386,WELL_4386,24,DM,1834545
CELL_4387,LIB_4387,WELL_4387,48,GM,4367545
CELL_4388,LIB_4388,WELL_4388,72,DM,1414929
CELL_4389,LIB_4389,WELL_4389,0,GM,3306363
CELL_4390,LIB_4390,WELL_4390,24,DM,4879008
CELL_4391,LIB_4391,WELL_4391,48,GM,4277338
CELL_4392,LIB_4392,WELL_4392,72,DM,1744748
CELL_4393,LIB_4393,WELL_4393,0,GM,3887576
CELL_4394,LIB_4394,WELL_4394,24,DM,1726191
CELL_4395,LIB_4395,WELL_4395,48,GM,2706169
CELL_4396,LIB_4396,WELL_4396,72,DM,1970827
CELL_4397,LIB_4397,WELL_4397,0,GM,2441653
CELL_4398,LIB_4398,WELL_4398,24,DM,4685549
CELL_4399,LIB_4399,WELL_4399,48,GM,1768330
CELL_4400,LIB_4400,WELL_4400,72,DM,4171713
CELL_4401,LIB_4401,WELL_4401,0,GM,2222398
CELL_4402,LIB_4402,WELL_4402,24,DM,3275783
CELL_4403,LIB_4403,WELL_4403,48,GM,1511375
CELL_4404,LIB_4404,WELL_4404,72,DM,2398866
CELL_4405,LIB_4405,WELL_4405,0,GM,1761210
CELL_4406,LIB_4406,WELL_4406,24,DM,2044532
CELL_4407,LIB_4407,WELL_4407,48,GM,4985934
CELL_4408,LIB_4408,WELL_4408,72,DM,3353345
CELL_4409,LIB_4409,WELL_4409,0,GM,4904704
CELL_4410,LIB_4410,WELL_4410,24,DM,2225338
CELL_4411,LIB_4411,WELL_4411,48,GM,4594889
CELL_4412,LIB_4412,WELL_4412,72,DM,3297476
CELL_4413,LIB_4413,WELL_4413,0,GM,1126532
CELL_4414,LIB_4414,WELL_4414,24,DM,2328790
CELL_4415,LIB_4415,WELL_4415,48,GM,4873706
CELL_4416,LIB_4416,WELL_4416,72,DM,3747225
CELL_4417,LIB_4417,WELL_4417,0,GM,3726442
CELL_4418,LIB_4418,WELL_4418,24,DM,4617003
CELL_4419,LIB_4419,WELL_4419,48,GM,1572213
CELL_4420,LIB_4420,WELL_4420,72,DM,1357143
CELL_4421,LIB_4421,WELL_4421,0,GM,2825957
CELL_4422,LIB_4422,WELL_4422,24,DM,4821594
CELL_4423,LIB_4423,WELL_4423,48,GM,2334177
CELL_4424,LIB_4424,WELL_4424,72,DM,1027839
CELL_4425,LIB_4425,WELL_4425,0,GM,3682155
CELL_4426,LIB_4426,WELL_4426,24,DM,1117026
CELL_4427,LIB_4427,WELL_4427,48,GM,4677089
CELL_4428,LIB_4428,WELL_4428,72,DM,1970808
CELL_4429,LIB_4429,WELL_4429,0,GM,4500140
CELL_4430,LIB_4430,WELL_4430,24,DM,1389350
CELL_4431,LIB_4431,WELL_4431,48,GM,3303642
CELL_4432,LIB_4432,WELL_4432,72,DM,3339101
CELL_4433,LIB_4433,WELL_4433,0,GM,1547587
CELL_4434,LIB_4434,WELL_4434,24,DM,2647692
CELL_4435,LIB_4435,WELL_4435,48,GM,4110052
CELL_4436,LIB_4436,WELL_4436,72,DM,4897448
CELL_4437,LIB_4437,WELL_4437,0,GM,4510339
CELL_4438,LIB_4438,WELL_4438,24,DM,3912009
CELL_4439,LIB_4439,WELL_4439,48,GM,1608268
CELL_4440,LIB_4440,WELL_4440,72,DM,2741601
CELL_4441,LIB_4441,WELL_4441,0,GM,2809229
CELL_4442,LIB_4442,WELL_4442,24,DM,4294208
CELL_4443,LIB_4443,WELL_4443,48,GM,3917145
CELL_4444,LIB_4444,WELL_4444,72,DM,3705590
CELL_4445,LIB_4445,WELL_4445,0,GM,2835136
CELL_4446,LIB_4446,WELL_4446,24,DM,4569683
CELL_4447,LIB_4447,WELL_4447,48,GM,2760780
CELL_4448,LIB_4448,WELL_4448,72,DM,1181095
CELL_4449,LIB_4449,WELL_4449,0,GM,3191590
CELL_4450,LIB_4450,WELL_4450,24,DM,4903250
CELL_4451,LIB_4451,WELL_4451,48,GM,3379878
CELL_4452,LIB_4452,WELL_4452,72,DM,3626779
CELL_4453,LIB_4453,WELL_4453,0,GM,1169003
CELL_4454,LIB_4454,WELL_4454,24,DM,1728103
CELL_4455,LIB_4455,WELL_4455,48,GM,1329709
CELL_4456,LIB_4456,WELL_4456,72,DM,4778379
CELL_4457,LIB_4457,WELL_4457,0,GM,3101119
CELL_4458,LIB_4458,WELL_4458,24,DM,1520166
CELL_4459,LIB_4459,WELL_4459,48,GM,4516046
CELL_4460,LIB_4460,WELL_4460,72,DM,3678748
CELL_4461,LIB_4461,WELL_4461,0,GM,1871109
CELL_4462,LIB_4462,WELL_4462,24,DM,4387895
CELL_4463,LIB_4463,WELL_4463,48,GM,3556485
CELL_4464,LIB_4464,WELL_4464,72,DM,4928069
CELL_4465,LIB_4465,WELL_4465,0,GM,2977976
CELL_4466,LIB_4466,WELL_4466,24,DM,4899227
CELL_4467,LIB_4467,WELL_4467,48,GM,3031449
CELL_4468,LIB_4468,WELL_4468,72,DM,1061319
CELL_4469,LIB_4469,WELL_4469,0,GM,4572943
CELL_4470,LIB_4470,WELL_4470,24,DM,2297895
CELL_4471,LIB_4471,WELL_4471,48,GM,4275862
CELL_4472,LIB_4472,WELL_4472,72,DM,1510321
CELL_4473,LIB_4473,WELL_4473,0,GM,1798846
CELL_4474,LIB_4474,WELL_4474,24,DM,3928808
CELL_4475,LIB_4475,WELL_4475,48,GM,1456550
CELL_4476,LIB_4476,WELL_4476,72,DM,3602045
CELL_4477,LIB_4477,WELL_4477,0,GM,2609330
CELL_4478,LIB_4478,WELL_4478,24,DM,3494839
CELL_4479,LIB_4479,WELL_4479,48,GM,2375816
CELL_4480,LIB_4480,WELL_4480,72,DM,3772368
CELL_4481,LIB_4481,WELL_4481,0,GM,2040236
CELL_4482,LIB_4482,WELL_4482,24,DM,1892066
CELL_4483,LIB_4483,WELL_4483,48,GM,3881219
CELL_4484,LIB_4484,WELL_4484,72,DM,3483527
CELL_4485,LIB_4485,WELL_4485,0,GM,1831876
CELL_4486,LIB_4486,WELL_4486,24,DM,3157061
CELL_4487,LIB_4487,WELL_4487,48,GM,1840849
CELL_4488,LIB_4488,WELL_4488,72,DM,3016803
CELL_4489,LIB_4489,WELL_4489,0,GM,2025866
CELL_4490,LIB_4490,WELL_4490,24,DM,2536534
CELL_4491,LIB_4491,WELL_4491,48,GM,3700666
CELL_4492,LIB_4492,WELL_4492,72,DM,4035852
CELL_4493,LIB_4493,WELL_4493,0,GM,2324342
CELL_4494,LIB_4494,WELL_4494,24,DM,2532331
CELL_4495,LIB_4495,WELL_4495,48,GM,3112633
CELL_4496,LIB_4496,WELL_4496,72,DM,3475637
CELL_4497,LIB_4497,WELL_4497,0,GM,4746654
CELL_4498,LIB_4498,WELL_4498,24,DM,3623884
CELL_4499,LIB_4499,WELL_4499,48,GM,2925080
CELL_4500,LIB_4500,WELL_4500,72,DM,2759710
CELL_4501,LIB_4501,WELL_4501,0,GM,1235109
CELL_4502,LIB_4502,WELL_4502,24,DM,2430002
CELL_4503,LIB_4503,WELL_4503,48,GM,4553727
CELL_4504,LIB_4504,WELL_4504,72,DM,2844383
CELL_4505,LIB_4505,WELL_4505,0,GM,4781930
CELL_4506,LIB_4506,WELL_4506,24,DM,1527583
CELL_4507,LIB_4507,WELL_4507,48,GM,1995964
CELL_4508,LIB_4508,WELL_4508,72,DM,1170057
CELL_4509,LIB_4509,WELL_4509,0,GM,3059038
CELL_4510,LIB_4510,WELL_4510,24,DM,1244829
CELL_4511,LIB_4511,WELL_4511,48,GM,1168639
