	cell_id	n_peaks	total_peaks
Cell_0000	Cell_0000	457	457
Cell_0001	Cell_0001	429	429
Cell_0002	Cell_0002	482	482
Cell_0003	Cell_0003	474	474
Cell_0004	Cell_0004	435	435
Cell_0005	Cell_0005	488	488
Cell_0006	Cell_0006	488	488
Cell_0007	Cell_0007	459	459
Cell_0008	Cell_0008	478	478
Cell_0009	Cell_0009	499	499
Cell_0010	Cell_0010	473	473
Cell_0011	Cell_0011	454	454
Cell_0012	Cell_0012	471	471
Cell_0013	Cell_0013	462	462
Cell_0014	Cell_0014	457	457
Cell_0015	Cell_0015	484	484
Cell_0016	Cell_0016	480	480
Cell_0017	Cell_0017	464	464
Cell_0018	Cell_0018	450	450
Cell_0019	Cell_0019	464	464
Cell_0020	Cell_0020	474	474
Cell_0021	Cell_0021	440	440
Cell_0022	Cell_0022	480	480
Cell_0023	Cell_0023	497	497
Cell_0024	Cell_0024	440	440
Cell_0025	Cell_0025	485	485
Cell_0026	Cell_0026	455	455
Cell_0027	Cell_0027	459	459
Cell_0028	Cell_0028	458	458
Cell_0029	Cell_0029	483	483
Cell_0030	Cell_0030	496	496
Cell_0031	Cell_0031	463	463
Cell_0032	Cell_0032	488	488
Cell_0033	Cell_0033	466	466
Cell_0034	Cell_0034	488	488
Cell_0035	Cell_0035	444	444
Cell_0036	Cell_0036	473	473
Cell_0037	Cell_0037	464	464
Cell_0038	Cell_0038	453	453
Cell_0039	Cell_0039	430	430
Cell_0040	Cell_0040	485	485
Cell_0041	Cell_0041	475	475
Cell_0042	Cell_0042	497	497
Cell_0043	Cell_0043	463	463
Cell_0044	Cell_0044	468	468
Cell_0045	Cell_0045	485	485
Cell_0046	Cell_0046	450	450
Cell_0047	Cell_0047	430	430
Cell_0048	Cell_0048	449	449
Cell_0049	Cell_0049	474	474
Cell_0050	Cell_0050	451	451
Cell_0051	Cell_0051	450	450
Cell_0052	Cell_0052	465	465
Cell_0053	Cell_0053	446	446
Cell_0054	Cell_0054	452	452
Cell_0055	Cell_0055	470	470
Cell_0056	Cell_0056	488	488
Cell_0057	Cell_0057	453	453
Cell_0058	Cell_0058	471	471
Cell_0059	Cell_0059	453	453
Cell_0060	Cell_0060	446	446
Cell_0061	Cell_0061	441	441
Cell_0062	Cell_0062	477	477
Cell_0063	Cell_0063	446	446
Cell_0064	Cell_0064	449	449
Cell_0065	Cell_0065	476	476
Cell_0066	Cell_0066	487	487
Cell_0067	Cell_0067	489	489
Cell_0068	Cell_0068	431	431
Cell_0069	Cell_0069	446	446
Cell_0070	Cell_0070	491	491
Cell_0071	Cell_0071	492	492
Cell_0072	Cell_0072	488	488
Cell_0073	Cell_0073	471	471
Cell_0074	Cell_0074	464	464
Cell_0075	Cell_0075	472	472
Cell_0076	Cell_0076	479	479
Cell_0077	Cell_0077	456	456
Cell_0078	Cell_0078	478	478
Cell_0079	Cell_0079	469	469
Cell_0080	Cell_0080	475	475
Cell_0081	Cell_0081	483	483
Cell_0082	Cell_0082	490	490
Cell_0083	Cell_0083	478	478
Cell_0084	Cell_0084	470	470
Cell_0085	Cell_0085	454	454
Cell_0086	Cell_0086	483	483
Cell_0087	Cell_0087	476	476
Cell_0088	Cell_0088	459	459
Cell_0089	Cell_0089	450	450
Cell_0090	Cell_0090	436	436
Cell_0091	Cell_0091	455	455
Cell_0092	Cell_0092	465	465
Cell_0093	Cell_0093	443	443
Cell_0094	Cell_0094	467	467
Cell_0095	Cell_0095	485	485
Cell_0096	Cell_0096	470	470
Cell_0097	Cell_0097	516	516
Cell_0098	Cell_0098	465	465
Cell_0099	Cell_0099	425	425
Cell_0100	Cell_0100	470	470
Cell_0101	Cell_0101	458	458
Cell_0102	Cell_0102	445	445
Cell_0103	Cell_0103	460	460
Cell_0104	Cell_0104	477	477
Cell_0105	Cell_0105	459	459
Cell_0106	Cell_0106	466	466
Cell_0107	Cell_0107	479	479
Cell_0108	Cell_0108	489	489
Cell_0109	Cell_0109	489	489
Cell_0110	Cell_0110	488	488
Cell_0111	Cell_0111	457	457
Cell_0112	Cell_0112	476	476
Cell_0113	Cell_0113	466	466
Cell_0114	Cell_0114	478	478
Cell_0115	Cell_0115	471	471
Cell_0116	Cell_0116	458	458
Cell_0117	Cell_0117	478	478
Cell_0118	Cell_0118	487	487
Cell_0119	Cell_0119	457	457
Cell_0120	Cell_0120	467	467
Cell_0121	Cell_0121	458	458
Cell_0122	Cell_0122	477	477
Cell_0123	Cell_0123	501	501
Cell_0124	Cell_0124	444	444
Cell_0125	Cell_0125	434	434
Cell_0126	Cell_0126	462	462
Cell_0127	Cell_0127	455	455
Cell_0128	Cell_0128	476	476
Cell_0129	Cell_0129	452	452
Cell_0130	Cell_0130	478	478
Cell_0131	Cell_0131	488	488
Cell_0132	Cell_0132	433	433
Cell_0133	Cell_0133	500	500
Cell_0134	Cell_0134	497	497
Cell_0135	Cell_0135	452	452
Cell_0136	Cell_0136	464	464
Cell_0137	Cell_0137	464	464
Cell_0138	Cell_0138	474	474
Cell_0139	Cell_0139	479	479
Cell_0140	Cell_0140	480	480
Cell_0141	Cell_0141	479	479
Cell_0142	Cell_0142	437	437
Cell_0143	Cell_0143	484	484
Cell_0144	Cell_0144	454	454
Cell_0145	Cell_0145	496	496
Cell_0146	Cell_0146	471	471
Cell_0147	Cell_0147	446	446
Cell_0148	Cell_0148	446	446
Cell_0149	Cell_0149	472	472
Cell_0150	Cell_0150	454	454
Cell_0151	Cell_0151	479	479
Cell_0152	Cell_0152	463	463
Cell_0153	Cell_0153	459	459
Cell_0154	Cell_0154	455	455
Cell_0155	Cell_0155	447	447
Cell_0156	Cell_0156	431	431
Cell_0157	Cell_0157	437	437
Cell_0158	Cell_0158	436	436
Cell_0159	Cell_0159	460	460
Cell_0160	Cell_0160	457	457
Cell_0161	Cell_0161	476	476
Cell_0162	Cell_0162	435	435
Cell_0163	Cell_0163	475	475
Cell_0164	Cell_0164	474	474
Cell_0165	Cell_0165	434	434
Cell_0166	Cell_0166	458	458
Cell_0167	Cell_0167	467	467
Cell_0168	Cell_0168	470	470
Cell_0169	Cell_0169	457	457
Cell_0170	Cell_0170	468	468
Cell_0171	Cell_0171	490	490
Cell_0172	Cell_0172	465	465
Cell_0173	Cell_0173	476	476
Cell_0174	Cell_0174	455	455
Cell_0175	Cell_0175	475	475
Cell_0176	Cell_0176	474	474
Cell_0177	Cell_0177	467	467
Cell_0178	Cell_0178	474	474
Cell_0179	Cell_0179	491	491
Cell_0180	Cell_0180	482	482
Cell_0181	Cell_0181	474	474
Cell_0182	Cell_0182	446	446
Cell_0183	Cell_0183	464	464
Cell_0184	Cell_0184	495	495
Cell_0185	Cell_0185	467	467
Cell_0186	Cell_0186	487	487
Cell_0187	Cell_0187	487	487
Cell_0188	Cell_0188	465	465
Cell_0189	Cell_0189	474	474
Cell_0190	Cell_0190	467	467
Cell_0191	Cell_0191	473	473
Cell_0192	Cell_0192	435	435
Cell_0193	Cell_0193	470	470
Cell_0194	Cell_0194	447	447
Cell_0195	Cell_0195	471	471
Cell_0196	Cell_0196	480	480
Cell_0197	Cell_0197	433	433
Cell_0198	Cell_0198	477	477
Cell_0199	Cell_0199	443	443
Cell_0200	Cell_0200	457	457
Cell_0201	Cell_0201	486	486
Cell_0202	Cell_0202	488	488
Cell_0203	Cell_0203	468	468
Cell_0204	Cell_0204	455	455
Cell_0205	Cell_0205	458	458
Cell_0206	Cell_0206	461	461
Cell_0207	Cell_0207	482	482
Cell_0208	Cell_0208	442	442
Cell_0209	Cell_0209	480	480
Cell_0210	Cell_0210	450	450
Cell_0211	Cell_0211	466	466
Cell_0212	Cell_0212	452	452
Cell_0213	Cell_0213	450	450
Cell_0214	Cell_0214	461	461
Cell_0215	Cell_0215	451	451
Cell_0216	Cell_0216	436	436
Cell_0217	Cell_0217	474	474
Cell_0218	Cell_0218	488	488
Cell_0219	Cell_0219	479	479
Cell_0220	Cell_0220	494	494
Cell_0221	Cell_0221	467	467
Cell_0222	Cell_0222	480	480
Cell_0223	Cell_0223	455	455
Cell_0224	Cell_0224	459	459
Cell_0225	Cell_0225	471	471
Cell_0226	Cell_0226	432	432
Cell_0227	Cell_0227	462	462
Cell_0228	Cell_0228	489	489
Cell_0229	Cell_0229	470	470
Cell_0230	Cell_0230	417	417
Cell_0231	Cell_0231	476	476
Cell_0232	Cell_0232	469	469
Cell_0233	Cell_0233	463	463
Cell_0234	Cell_0234	479	479
Cell_0235	Cell_0235	448	448
Cell_0236	Cell_0236	445	445
Cell_0237	Cell_0237	487	487
Cell_0238	Cell_0238	459	459
Cell_0239	Cell_0239	440	440
Cell_0240	Cell_0240	482	482
Cell_0241	Cell_0241	465	465
Cell_0242	Cell_0242	451	451
Cell_0243	Cell_0243	481	481
Cell_0244	Cell_0244	468	468
Cell_0245	Cell_0245	482	482
Cell_0246	Cell_0246	470	470
Cell_0247	Cell_0247	512	512
Cell_0248	Cell_0248	434	434
Cell_0249	Cell_0249	464	464
Cell_0250	Cell_0250	427	427
Cell_0251	Cell_0251	486	486
Cell_0252	Cell_0252	479	479
Cell_0253	Cell_0253	436	436
Cell_0254	Cell_0254	507	507
Cell_0255	Cell_0255	440	440
Cell_0256	Cell_0256	478	478
Cell_0257	Cell_0257	450	450
Cell_0258	Cell_0258	468	468
Cell_0259	Cell_0259	451	451
Cell_0260	Cell_0260	446	446
Cell_0261	Cell_0261	461	461
Cell_0262	Cell_0262	480	480
Cell_0263	Cell_0263	453	453
Cell_0264	Cell_0264	468	468
Cell_0265	Cell_0265	475	475
Cell_0266	Cell_0266	516	516
Cell_0267	Cell_0267	457	457
Cell_0268	Cell_0268	470	470
Cell_0269	Cell_0269	480	480
Cell_0270	Cell_0270	485	485
Cell_0271	Cell_0271	459	459
Cell_0272	Cell_0272	489	489
Cell_0273	Cell_0273	469	469
Cell_0274	Cell_0274	474	474
Cell_0275	Cell_0275	449	449
Cell_0276	Cell_0276	462	462
Cell_0277	Cell_0277	492	492
Cell_0278	Cell_0278	436	436
Cell_0279	Cell_0279	489	489
Cell_0280	Cell_0280	458	458
Cell_0281	Cell_0281	491	491
Cell_0282	Cell_0282	466	466
Cell_0283	Cell_0283	473	473
Cell_0284	Cell_0284	435	435
Cell_0285	Cell_0285	442	442
Cell_0286	Cell_0286	437	437
Cell_0287	Cell_0287	471	471
Cell_0288	Cell_0288	456	456
Cell_0289	Cell_0289	471	471
Cell_0290	Cell_0290	467	467
Cell_0291	Cell_0291	433	433
Cell_0292	Cell_0292	464	464
Cell_0293	Cell_0293	437	437
Cell_0294	Cell_0294	456	456
Cell_0295	Cell_0295	475	475
Cell_0296	Cell_0296	461	461
Cell_0297	Cell_0297	479	479
Cell_0298	Cell_0298	477	477
Cell_0299	Cell_0299	447	447
Cell_0300	Cell_0300	468	468
Cell_0301	Cell_0301	443	443
Cell_0302	Cell_0302	463	463
Cell_0303	Cell_0303	446	446
Cell_0304	Cell_0304	449	449
Cell_0305	Cell_0305	491	491
Cell_0306	Cell_0306	458	458
Cell_0307	Cell_0307	450	450
Cell_0308	Cell_0308	450	450
Cell_0309	Cell_0309	466	466
Cell_0310	Cell_0310	487	487
Cell_0311	Cell_0311	485	485
Cell_0312	Cell_0312	490	490
Cell_0313	Cell_0313	462	462
Cell_0314	Cell_0314	486	486
Cell_0315	Cell_0315	489	489
Cell_0316	Cell_0316	471	471
Cell_0317	Cell_0317	461	461
Cell_0318	Cell_0318	490	490
Cell_0319	Cell_0319	456	456
Cell_0320	Cell_0320	518	518
Cell_0321	Cell_0321	466	466
Cell_0322	Cell_0322	465	465
Cell_0323	Cell_0323	497	497
Cell_0324	Cell_0324	483	483
Cell_0325	Cell_0325	469	469
Cell_0326	Cell_0326	458	458
Cell_0327	Cell_0327	476	476
Cell_0328	Cell_0328	470	470
Cell_0329	Cell_0329	455	455
Cell_0330	Cell_0330	447	447
Cell_0331	Cell_0331	466	466
Cell_0332	Cell_0332	510	510
Cell_0333	Cell_0333	480	480
Cell_0334	Cell_0334	449	449
Cell_0335	Cell_0335	460	460
Cell_0336	Cell_0336	464	464
Cell_0337	Cell_0337	507	507
Cell_0338	Cell_0338	466	466
Cell_0339	Cell_0339	491	491
Cell_0340	Cell_0340	484	484
Cell_0341	Cell_0341	474	474
Cell_0342	Cell_0342	482	482
Cell_0343	Cell_0343	479	479
Cell_0344	Cell_0344	476	476
Cell_0345	Cell_0345	509	509
Cell_0346	Cell_0346	476	476
Cell_0347	Cell_0347	466	466
Cell_0348	Cell_0348	454	454
Cell_0349	Cell_0349	462	462
Cell_0350	Cell_0350	510	510
Cell_0351	Cell_0351	477	477
Cell_0352	Cell_0352	440	440
Cell_0353	Cell_0353	462	462
Cell_0354	Cell_0354	481	481
Cell_0355	Cell_0355	476	476
Cell_0356	Cell_0356	471	471
Cell_0357	Cell_0357	470	470
Cell_0358	Cell_0358	469	469
Cell_0359	Cell_0359	425	425
Cell_0360	Cell_0360	444	444
Cell_0361	Cell_0361	466	466
Cell_0362	Cell_0362	466	466
Cell_0363	Cell_0363	501	501
Cell_0364	Cell_0364	457	457
Cell_0365	Cell_0365	469	469
Cell_0366	Cell_0366	439	439
Cell_0367	Cell_0367	492	492
Cell_0368	Cell_0368	466	466
Cell_0369	Cell_0369	442	442
Cell_0370	Cell_0370	486	486
Cell_0371	Cell_0371	491	491
Cell_0372	Cell_0372	488	488
Cell_0373	Cell_0373	455	455
Cell_0374	Cell_0374	479	479
Cell_0375	Cell_0375	475	475
Cell_0376	Cell_0376	454	454
Cell_0377	Cell_0377	475	475
Cell_0378	Cell_0378	493	493
Cell_0379	Cell_0379	454	454
Cell_0380	Cell_0380	474	474
Cell_0381	Cell_0381	471	471
Cell_0382	Cell_0382	444	444
Cell_0383	Cell_0383	463	463
Cell_0384	Cell_0384	480	480
Cell_0385	Cell_0385	458	458
Cell_0386	Cell_0386	460	460
Cell_0387	Cell_0387	463	463
Cell_0388	Cell_0388	487	487
Cell_0389	Cell_0389	481	481
Cell_0390	Cell_0390	476	476
Cell_0391	Cell_0391	486	486
Cell_0392	Cell_0392	443	443
Cell_0393	Cell_0393	481	481
Cell_0394	Cell_0394	482	482
Cell_0395	Cell_0395	432	432
Cell_0396	Cell_0396	431	431
Cell_0397	Cell_0397	452	452
Cell_0398	Cell_0398	470	470
Cell_0399	Cell_0399	446	446
Cell_0400	Cell_0400	436	436
Cell_0401	Cell_0401	472	472
Cell_0402	Cell_0402	474	474
Cell_0403	Cell_0403	497	497
Cell_0404	Cell_0404	468	468
Cell_0405	Cell_0405	457	457
Cell_0406	Cell_0406	482	482
Cell_0407	Cell_0407	488	488
Cell_0408	Cell_0408	479	479
Cell_0409	Cell_0409	482	482
Cell_0410	Cell_0410	453	453
Cell_0411	Cell_0411	457	457
Cell_0412	Cell_0412	453	453
Cell_0413	Cell_0413	444	444
Cell_0414	Cell_0414	515	515
Cell_0415	Cell_0415	462	462
Cell_0416	Cell_0416	448	448
Cell_0417	Cell_0417	476	476
Cell_0418	Cell_0418	484	484
Cell_0419	Cell_0419	458	458
Cell_0420	Cell_0420	470	470
Cell_0421	Cell_0421	450	450
Cell_0422	Cell_0422	459	459
Cell_0423	Cell_0423	486	486
Cell_0424	Cell_0424	472	472
Cell_0425	Cell_0425	455	455
Cell_0426	Cell_0426	496	496
Cell_0427	Cell_0427	470	470
Cell_0428	Cell_0428	505	505
Cell_0429	Cell_0429	435	435
Cell_0430	Cell_0430	467	467
Cell_0431	Cell_0431	446	446
Cell_0432	Cell_0432	474	474
Cell_0433	Cell_0433	463	463
Cell_0434	Cell_0434	456	456
Cell_0435	Cell_0435	460	460
Cell_0436	Cell_0436	451	451
Cell_0437	Cell_0437	477	477
Cell_0438	Cell_0438	455	455
Cell_0439	Cell_0439	438	438
Cell_0440	Cell_0440	488	488
Cell_0441	Cell_0441	476	476
Cell_0442	Cell_0442	469	469
Cell_0443	Cell_0443	480	480
Cell_0444	Cell_0444	461	461
Cell_0445	Cell_0445	447	447
Cell_0446	Cell_0446	458	458
Cell_0447	Cell_0447	453	453
Cell_0448	Cell_0448	488	488
Cell_0449	Cell_0449	475	475
Cell_0450	Cell_0450	457	457
Cell_0451	Cell_0451	464	464
Cell_0452	Cell_0452	467	467
Cell_0453	Cell_0453	432	432
Cell_0454	Cell_0454	475	475
Cell_0455	Cell_0455	439	439
Cell_0456	Cell_0456	462	462
Cell_0457	Cell_0457	501	501
Cell_0458	Cell_0458	471	471
Cell_0459	Cell_0459	442	442
Cell_0460	Cell_0460	487	487
Cell_0461	Cell_0461	448	448
Cell_0462	Cell_0462	453	453
Cell_0463	Cell_0463	462	462
Cell_0464	Cell_0464	464	464
Cell_0465	Cell_0465	481	481
Cell_0466	Cell_0466	452	452
Cell_0467	Cell_0467	456	456
Cell_0468	Cell_0468	431	431
Cell_0469	Cell_0469	445	445
Cell_0470	Cell_0470	460	460
Cell_0471	Cell_0471	465	465
Cell_0472	Cell_0472	460	460
Cell_0473	Cell_0473	435	435
Cell_0474	Cell_0474	460	460
Cell_0475	Cell_0475	489	489
Cell_0476	Cell_0476	463	463
Cell_0477	Cell_0477	454	454
Cell_0478	Cell_0478	438	438
Cell_0479	Cell_0479	487	487
Cell_0480	Cell_0480	477	477
Cell_0481	Cell_0481	465	465
Cell_0482	Cell_0482	473	473
Cell_0483	Cell_0483	468	468
Cell_0484	Cell_0484	463	463
Cell_0485	Cell_0485	451	451
Cell_0486	Cell_0486	448	448
Cell_0487	Cell_0487	475	475
Cell_0488	Cell_0488	469	469
Cell_0489	Cell_0489	447	447
Cell_0490	Cell_0490	437	437
Cell_0491	Cell_0491	464	464
Cell_0492	Cell_0492	476	476
Cell_0493	Cell_0493	482	482
Cell_0494	Cell_0494	457	457
Cell_0495	Cell_0495	487	487
Cell_0496	Cell_0496	443	443
Cell_0497	Cell_0497	467	467
Cell_0498	Cell_0498	499	499
Cell_0499	Cell_0499	454	454
Cell_0500	Cell_0500	473	473
Cell_0501	Cell_0501	444	444
Cell_0502	Cell_0502	462	462
Cell_0503	Cell_0503	472	472
Cell_0504	Cell_0504	456	456
Cell_0505	Cell_0505	476	476
Cell_0506	Cell_0506	477	477
Cell_0507	Cell_0507	456	456
Cell_0508	Cell_0508	459	459
Cell_0509	Cell_0509	488	488
Cell_0510	Cell_0510	483	483
Cell_0511	Cell_0511	439	439
Cell_0512	Cell_0512	455	455
Cell_0513	Cell_0513	473	473
Cell_0514	Cell_0514	471	471
Cell_0515	Cell_0515	460	460
Cell_0516	Cell_0516	476	476
Cell_0517	Cell_0517	465	465
Cell_0518	Cell_0518	462	462
Cell_0519	Cell_0519	495	495
Cell_0520	Cell_0520	492	492
Cell_0521	Cell_0521	465	465
Cell_0522	Cell_0522	462	462
Cell_0523	Cell_0523	451	451
Cell_0524	Cell_0524	485	485
Cell_0525	Cell_0525	461	461
Cell_0526	Cell_0526	462	462
Cell_0527	Cell_0527	480	480
Cell_0528	Cell_0528	481	481
Cell_0529	Cell_0529	451	451
Cell_0530	Cell_0530	484	484
Cell_0531	Cell_0531	500	500
Cell_0532	Cell_0532	443	443
Cell_0533	Cell_0533	476	476
Cell_0534	Cell_0534	491	491
Cell_0535	Cell_0535	479	479
Cell_0536	Cell_0536	440	440
Cell_0537	Cell_0537	485	485
Cell_0538	Cell_0538	491	491
Cell_0539	Cell_0539	473	473
Cell_0540	Cell_0540	464	464
Cell_0541	Cell_0541	447	447
Cell_0542	Cell_0542	457	457
Cell_0543	Cell_0543	484	484
Cell_0544	Cell_0544	478	478
Cell_0545	Cell_0545	482	482
Cell_0546	Cell_0546	454	454
Cell_0547	Cell_0547	444	444
Cell_0548	Cell_0548	449	449
Cell_0549	Cell_0549	478	478
Cell_0550	Cell_0550	449	449
Cell_0551	Cell_0551	466	466
Cell_0552	Cell_0552	472	472
Cell_0553	Cell_0553	467	467
Cell_0554	Cell_0554	446	446
Cell_0555	Cell_0555	431	431
Cell_0556	Cell_0556	466	466
Cell_0557	Cell_0557	443	443
Cell_0558	Cell_0558	475	475
Cell_0559	Cell_0559	465	465
Cell_0560	Cell_0560	460	460
Cell_0561	Cell_0561	436	436
Cell_0562	Cell_0562	450	450
Cell_0563	Cell_0563	447	447
Cell_0564	Cell_0564	476	476
Cell_0565	Cell_0565	448	448
Cell_0566	Cell_0566	471	471
Cell_0567	Cell_0567	481	481
Cell_0568	Cell_0568	461	461
Cell_0569	Cell_0569	463	463
Cell_0570	Cell_0570	464	464
Cell_0571	Cell_0571	499	499
Cell_0572	Cell_0572	443	443
Cell_0573	Cell_0573	458	458
Cell_0574	Cell_0574	482	482
Cell_0575	Cell_0575	478	478
Cell_0576	Cell_0576	455	455
Cell_0577	Cell_0577	458	458
Cell_0578	Cell_0578	467	467
Cell_0579	Cell_0579	477	477
Cell_0580	Cell_0580	454	454
Cell_0581	Cell_0581	453	453
Cell_0582	Cell_0582	460	460
Cell_0583	Cell_0583	492	492
Cell_0584	Cell_0584	465	465
Cell_0585	Cell_0585	485	485
Cell_0586	Cell_0586	450	450
Cell_0587	Cell_0587	457	457
Cell_0588	Cell_0588	490	490
Cell_0589	Cell_0589	436	436
Cell_0590	Cell_0590	494	494
Cell_0591	Cell_0591	456	456
Cell_0592	Cell_0592	462	462
Cell_0593	Cell_0593	463	463
Cell_0594	Cell_0594	449	449
Cell_0595	Cell_0595	477	477
Cell_0596	Cell_0596	477	477
Cell_0597	Cell_0597	439	439
Cell_0598	Cell_0598	438	438
Cell_0599	Cell_0599	433	433
Cell_0600	Cell_0600	498	498
Cell_0601	Cell_0601	460	460
Cell_0602	Cell_0602	489	489
Cell_0603	Cell_0603	444	444
Cell_0604	Cell_0604	417	417
Cell_0605	Cell_0605	481	481
Cell_0606	Cell_0606	471	471
Cell_0607	Cell_0607	420	420
Cell_0608	Cell_0608	485	485
Cell_0609	Cell_0609	462	462
Cell_0610	Cell_0610	487	487
Cell_0611	Cell_0611	449	449
Cell_0612	Cell_0612	462	462
Cell_0613	Cell_0613	478	478
Cell_0614	Cell_0614	463	463
Cell_0615	Cell_0615	462	462
Cell_0616	Cell_0616	436	436
Cell_0617	Cell_0617	482	482
Cell_0618	Cell_0618	441	441
Cell_0619	Cell_0619	445	445
Cell_0620	Cell_0620	474	474
Cell_0621	Cell_0621	484	484
Cell_0622	Cell_0622	474	474
Cell_0623	Cell_0623	470	470
Cell_0624	Cell_0624	478	478
Cell_0625	Cell_0625	479	479
Cell_0626	Cell_0626	445	445
Cell_0627	Cell_0627	487	487
Cell_0628	Cell_0628	478	478
Cell_0629	Cell_0629	453	453
Cell_0630	Cell_0630	506	506
Cell_0631	Cell_0631	457	457
Cell_0632	Cell_0632	455	455
Cell_0633	Cell_0633	437	437
Cell_0634	Cell_0634	457	457
Cell_0635	Cell_0635	437	437
Cell_0636	Cell_0636	455	455
Cell_0637	Cell_0637	480	480
Cell_0638	Cell_0638	472	472
Cell_0639	Cell_0639	484	484
Cell_0640	Cell_0640	487	487
Cell_0641	Cell_0641	458	458
Cell_0642	Cell_0642	470	470
Cell_0643	Cell_0643	459	459
Cell_0644	Cell_0644	462	462
Cell_0645	Cell_0645	463	463
Cell_0646	Cell_0646	494	494
Cell_0647	Cell_0647	479	479
Cell_0648	Cell_0648	455	455
Cell_0649	Cell_0649	454	454
Cell_0650	Cell_0650	460	460
Cell_0651	Cell_0651	485	485
Cell_0652	Cell_0652	454	454
Cell_0653	Cell_0653	439	439
Cell_0654	Cell_0654	486	486
Cell_0655	Cell_0655	452	452
Cell_0656	Cell_0656	438	438
Cell_0657	Cell_0657	470	470
Cell_0658	Cell_0658	448	448
Cell_0659	Cell_0659	461	461
Cell_0660	Cell_0660	473	473
Cell_0661	Cell_0661	476	476
Cell_0662	Cell_0662	465	465
Cell_0663	Cell_0663	460	460
Cell_0664	Cell_0664	456	456
Cell_0665	Cell_0665	441	441
Cell_0666	Cell_0666	484	484
Cell_0667	Cell_0667	437	437
Cell_0668	Cell_0668	467	467
Cell_0669	Cell_0669	493	493
Cell_0670	Cell_0670	474	474
Cell_0671	Cell_0671	481	481
Cell_0672	Cell_0672	466	466
Cell_0673	Cell_0673	480	480
Cell_0674	Cell_0674	486	486
Cell_0675	Cell_0675	482	482
Cell_0676	Cell_0676	469	469
Cell_0677	Cell_0677	452	452
Cell_0678	Cell_0678	455	455
Cell_0679	Cell_0679	483	483
Cell_0680	Cell_0680	435	435
Cell_0681	Cell_0681	443	443
Cell_0682	Cell_0682	452	452
Cell_0683	Cell_0683	442	442
Cell_0684	Cell_0684	468	468
Cell_0685	Cell_0685	436	436
Cell_0686	Cell_0686	485	485
Cell_0687	Cell_0687	426	426
Cell_0688	Cell_0688	454	454
Cell_0689	Cell_0689	494	494
Cell_0690	Cell_0690	484	484
Cell_0691	Cell_0691	458	458
Cell_0692	Cell_0692	449	449
Cell_0693	Cell_0693	455	455
Cell_0694	Cell_0694	473	473
Cell_0695	Cell_0695	467	467
Cell_0696	Cell_0696	433	433
Cell_0697	Cell_0697	467	467
Cell_0698	Cell_0698	463	463
Cell_0699	Cell_0699	454	454
Cell_0700	Cell_0700	469	469
Cell_0701	Cell_0701	494	494
Cell_0702	Cell_0702	490	490
Cell_0703	Cell_0703	495	495
Cell_0704	Cell_0704	434	434
Cell_0705	Cell_0705	489	489
Cell_0706	Cell_0706	461	461
Cell_0707	Cell_0707	458	458
Cell_0708	Cell_0708	471	471
Cell_0709	Cell_0709	488	488
Cell_0710	Cell_0710	488	488
Cell_0711	Cell_0711	463	463
Cell_0712	Cell_0712	469	469
Cell_0713	Cell_0713	426	426
Cell_0714	Cell_0714	492	492
Cell_0715	Cell_0715	461	461
Cell_0716	Cell_0716	459	459
Cell_0717	Cell_0717	451	451
Cell_0718	Cell_0718	489	489
Cell_0719	Cell_0719	447	447
Cell_0720	Cell_0720	462	462
Cell_0721	Cell_0721	458	458
Cell_0722	Cell_0722	456	456
Cell_0723	Cell_0723	448	448
Cell_0724	Cell_0724	451	451
Cell_0725	Cell_0725	456	456
Cell_0726	Cell_0726	440	440
Cell_0727	Cell_0727	461	461
Cell_0728	Cell_0728	457	457
Cell_0729	Cell_0729	453	453
Cell_0730	Cell_0730	451	451
Cell_0731	Cell_0731	445	445
Cell_0732	Cell_0732	468	468
Cell_0733	Cell_0733	474	474
Cell_0734	Cell_0734	448	448
Cell_0735	Cell_0735	476	476
Cell_0736	Cell_0736	464	464
Cell_0737	Cell_0737	454	454
Cell_0738	Cell_0738	463	463
Cell_0739	Cell_0739	483	483
Cell_0740	Cell_0740	486	486
Cell_0741	Cell_0741	465	465
Cell_0742	Cell_0742	468	468
Cell_0743	Cell_0743	442	442
Cell_0744	Cell_0744	479	479
Cell_0745	Cell_0745	480	480
Cell_0746	Cell_0746	460	460
Cell_0747	Cell_0747	488	488
Cell_0748	Cell_0748	460	460
Cell_0749	Cell_0749	483	483
Cell_0750	Cell_0750	471	471
Cell_0751	Cell_0751	514	514
Cell_0752	Cell_0752	486	486
Cell_0753	Cell_0753	452	452
Cell_0754	Cell_0754	457	457
Cell_0755	Cell_0755	425	425
Cell_0756	Cell_0756	466	466
Cell_0757	Cell_0757	476	476
Cell_0758	Cell_0758	455	455
Cell_0759	Cell_0759	470	470
Cell_0760	Cell_0760	483	483
Cell_0761	Cell_0761	483	483
Cell_0762	Cell_0762	477	477
Cell_0763	Cell_0763	494	494
Cell_0764	Cell_0764	473	473
Cell_0765	Cell_0765	494	494
Cell_0766	Cell_0766	455	455
Cell_0767	Cell_0767	469	469
Cell_0768	Cell_0768	478	478
Cell_0769	Cell_0769	490	490
Cell_0770	Cell_0770	496	496
Cell_0771	Cell_0771	481	481
Cell_0772	Cell_0772	460	460
Cell_0773	Cell_0773	476	476
Cell_0774	Cell_0774	456	456
Cell_0775	Cell_0775	469	469
Cell_0776	Cell_0776	506	506
Cell_0777	Cell_0777	465	465
Cell_0778	Cell_0778	464	464
Cell_0779	Cell_0779	477	477
Cell_0780	Cell_0780	478	478
Cell_0781	Cell_0781	485	485
Cell_0782	Cell_0782	464	464
Cell_0783	Cell_0783	461	461
Cell_0784	Cell_0784	512	512
Cell_0785	Cell_0785	428	428
Cell_0786	Cell_0786	505	505
Cell_0787	Cell_0787	515	515
Cell_0788	Cell_0788	475	475
Cell_0789	Cell_0789	500	500
Cell_0790	Cell_0790	473	473
Cell_0791	Cell_0791	457	457
Cell_0792	Cell_0792	460	460
Cell_0793	Cell_0793	487	487
Cell_0794	Cell_0794	454	454
Cell_0795	Cell_0795	490	490
Cell_0796	Cell_0796	491	491
Cell_0797	Cell_0797	472	472
Cell_0798	Cell_0798	457	457
Cell_0799	Cell_0799	480	480
Cell_0800	Cell_0800	461	461
Cell_0801	Cell_0801	480	480
Cell_0802	Cell_0802	472	472
Cell_0803	Cell_0803	505	505
Cell_0804	Cell_0804	494	494
Cell_0805	Cell_0805	471	471
Cell_0806	Cell_0806	447	447
Cell_0807	Cell_0807	443	443
Cell_0808	Cell_0808	485	485
Cell_0809	Cell_0809	458	458
Cell_0810	Cell_0810	454	454
Cell_0811	Cell_0811	471	471
Cell_0812	Cell_0812	458	458
Cell_0813	Cell_0813	498	498
Cell_0814	Cell_0814	490	490
Cell_0815	Cell_0815	476	476
Cell_0816	Cell_0816	458	458
Cell_0817	Cell_0817	431	431
Cell_0818	Cell_0818	479	479
Cell_0819	Cell_0819	435	435
Cell_0820	Cell_0820	451	451
Cell_0821	Cell_0821	436	436
Cell_0822	Cell_0822	434	434
Cell_0823	Cell_0823	463	463
Cell_0824	Cell_0824	461	461
Cell_0825	Cell_0825	470	470
Cell_0826	Cell_0826	461	461
Cell_0827	Cell_0827	460	460
Cell_0828	Cell_0828	452	452
Cell_0829	Cell_0829	444	444
Cell_0830	Cell_0830	446	446
Cell_0831	Cell_0831	452	452
Cell_0832	Cell_0832	453	453
Cell_0833	Cell_0833	473	473
Cell_0834	Cell_0834	430	430
Cell_0835	Cell_0835	452	452
Cell_0836	Cell_0836	440	440
Cell_0837	Cell_0837	479	479
Cell_0838	Cell_0838	442	442
Cell_0839	Cell_0839	415	415
Cell_0840	Cell_0840	483	483
Cell_0841	Cell_0841	479	479
Cell_0842	Cell_0842	475	475
Cell_0843	Cell_0843	490	490
Cell_0844	Cell_0844	511	511
Cell_0845	Cell_0845	490	490
Cell_0846	Cell_0846	446	446
Cell_0847	Cell_0847	456	456
Cell_0848	Cell_0848	481	481
Cell_0849	Cell_0849	460	460
Cell_0850	Cell_0850	458	458
Cell_0851	Cell_0851	431	431
Cell_0852	Cell_0852	473	473
Cell_0853	Cell_0853	484	484
Cell_0854	Cell_0854	477	477
Cell_0855	Cell_0855	458	458
Cell_0856	Cell_0856	462	462
Cell_0857	Cell_0857	517	517
Cell_0858	Cell_0858	487	487
Cell_0859	Cell_0859	479	479
Cell_0860	Cell_0860	460	460
Cell_0861	Cell_0861	473	473
Cell_0862	Cell_0862	458	458
Cell_0863	Cell_0863	477	477
Cell_0864	Cell_0864	448	448
Cell_0865	Cell_0865	477	477
Cell_0866	Cell_0866	457	457
Cell_0867	Cell_0867	485	485
Cell_0868	Cell_0868	453	453
Cell_0869	Cell_0869	488	488
Cell_0870	Cell_0870	456	456
Cell_0871	Cell_0871	456	456
Cell_0872	Cell_0872	445	445
Cell_0873	Cell_0873	473	473
Cell_0874	Cell_0874	442	442
Cell_0875	Cell_0875	482	482
Cell_0876	Cell_0876	491	491
Cell_0877	Cell_0877	492	492
Cell_0878	Cell_0878	461	461
Cell_0879	Cell_0879	489	489
Cell_0880	Cell_0880	447	447
Cell_0881	Cell_0881	484	484
Cell_0882	Cell_0882	464	464
Cell_0883	Cell_0883	490	490
Cell_0884	Cell_0884	441	441
Cell_0885	Cell_0885	471	471
Cell_0886	Cell_0886	480	480
Cell_0887	Cell_0887	460	460
Cell_0888	Cell_0888	492	492
Cell_0889	Cell_0889	457	457
Cell_0890	Cell_0890	465	465
Cell_0891	Cell_0891	469	469
Cell_0892	Cell_0892	490	490
Cell_0893	Cell_0893	455	455
Cell_0894	Cell_0894	464	464
Cell_0895	Cell_0895	486	486
Cell_0896	Cell_0896	471	471
Cell_0897	Cell_0897	472	472
Cell_0898	Cell_0898	477	477
Cell_0899	Cell_0899	499	499
Cell_0900	Cell_0900	484	484
Cell_0901	Cell_0901	439	439
Cell_0902	Cell_0902	485	485
Cell_0903	Cell_0903	451	451
Cell_0904	Cell_0904	462	462
Cell_0905	Cell_0905	495	495
Cell_0906	Cell_0906	490	490
Cell_0907	Cell_0907	447	447
Cell_0908	Cell_0908	473	473
Cell_0909	Cell_0909	456	456
Cell_0910	Cell_0910	465	465
Cell_0911	Cell_0911	452	452
Cell_0912	Cell_0912	477	477
Cell_0913	Cell_0913	484	484
Cell_0914	Cell_0914	474	474
Cell_0915	Cell_0915	461	461
Cell_0916	Cell_0916	467	467
Cell_0917	Cell_0917	450	450
Cell_0918	Cell_0918	492	492
Cell_0919	Cell_0919	469	469
Cell_0920	Cell_0920	458	458
Cell_0921	Cell_0921	471	471
Cell_0922	Cell_0922	429	429
Cell_0923	Cell_0923	466	466
Cell_0924	Cell_0924	472	472
Cell_0925	Cell_0925	487	487
Cell_0926	Cell_0926	455	455
Cell_0927	Cell_0927	461	461
Cell_0928	Cell_0928	455	455
Cell_0929	Cell_0929	497	497
Cell_0930	Cell_0930	435	435
Cell_0931	Cell_0931	480	480
Cell_0932	Cell_0932	450	450
Cell_0933	Cell_0933	444	444
Cell_0934	Cell_0934	466	466
Cell_0935	Cell_0935	491	491
Cell_0936	Cell_0936	456	456
Cell_0937	Cell_0937	481	481
Cell_0938	Cell_0938	437	437
Cell_0939	Cell_0939	466	466
Cell_0940	Cell_0940	482	482
Cell_0941	Cell_0941	457	457
Cell_0942	Cell_0942	407	407
Cell_0943	Cell_0943	489	489
Cell_0944	Cell_0944	440	440
Cell_0945	Cell_0945	450	450
Cell_0946	Cell_0946	444	444
Cell_0947	Cell_0947	478	478
Cell_0948	Cell_0948	455	455
Cell_0949	Cell_0949	454	454
Cell_0950	Cell_0950	440	440
Cell_0951	Cell_0951	453	453
Cell_0952	Cell_0952	485	485
Cell_0953	Cell_0953	464	464
Cell_0954	Cell_0954	461	461
Cell_0955	Cell_0955	465	465
Cell_0956	Cell_0956	500	500
Cell_0957	Cell_0957	443	443
Cell_0958	Cell_0958	470	470
Cell_0959	Cell_0959	505	505
Cell_0960	Cell_0960	469	469
Cell_0961	Cell_0961	480	480
Cell_0962	Cell_0962	469	469
Cell_0963	Cell_0963	461	461
Cell_0964	Cell_0964	462	462
Cell_0965	Cell_0965	475	475
Cell_0966	Cell_0966	504	504
Cell_0967	Cell_0967	453	453
Cell_0968	Cell_0968	440	440
Cell_0969	Cell_0969	482	482
Cell_0970	Cell_0970	460	460
Cell_0971	Cell_0971	452	452
Cell_0972	Cell_0972	459	459
Cell_0973	Cell_0973	491	491
Cell_0974	Cell_0974	466	466
Cell_0975	Cell_0975	466	466
Cell_0976	Cell_0976	452	452
Cell_0977	Cell_0977	462	462
Cell_0978	Cell_0978	482	482
Cell_0979	Cell_0979	442	442
Cell_0980	Cell_0980	472	472
Cell_0981	Cell_0981	448	448
Cell_0982	Cell_0982	460	460
Cell_0983	Cell_0983	495	495
Cell_0984	Cell_0984	461	461
Cell_0985	Cell_0985	488	488
Cell_0986	Cell_0986	463	463
Cell_0987	Cell_0987	478	478
Cell_0988	Cell_0988	450	450
Cell_0989	Cell_0989	467	467
Cell_0990	Cell_0990	457	457
Cell_0991	Cell_0991	487	487
Cell_0992	Cell_0992	469	469
Cell_0993	Cell_0993	469	469
Cell_0994	Cell_0994	418	418
Cell_0995	Cell_0995	470	470
Cell_0996	Cell_0996	446	446
Cell_0997	Cell_0997	504	504
Cell_0998	Cell_0998	469	469
Cell_0999	Cell_0999	447	447
Cell_1000	Cell_1000	466	466
Cell_1001	Cell_1001	491	491
Cell_1002	Cell_1002	470	470
Cell_1003	Cell_1003	497	497
Cell_1004	Cell_1004	456	456
Cell_1005	Cell_1005	497	497
Cell_1006	Cell_1006	467	467
Cell_1007	Cell_1007	479	479
Cell_1008	Cell_1008	478	478
Cell_1009	Cell_1009	455	455
Cell_1010	Cell_1010	483	483
Cell_1011	Cell_1011	472	472
Cell_1012	Cell_1012	446	446
Cell_1013	Cell_1013	488	488
Cell_1014	Cell_1014	505	505
Cell_1015	Cell_1015	489	489
Cell_1016	Cell_1016	474	474
Cell_1017	Cell_1017	482	482
Cell_1018	Cell_1018	469	469
Cell_1019	Cell_1019	436	436
Cell_1020	Cell_1020	456	456
Cell_1021	Cell_1021	474	474
Cell_1022	Cell_1022	467	467
Cell_1023	Cell_1023	453	453
Cell_1024	Cell_1024	445	445
Cell_1025	Cell_1025	497	497
Cell_1026	Cell_1026	481	481
Cell_1027	Cell_1027	435	435
Cell_1028	Cell_1028	452	452
Cell_1029	Cell_1029	474	474
Cell_1030	Cell_1030	483	483
Cell_1031	Cell_1031	444	444
Cell_1032	Cell_1032	477	477
Cell_1033	Cell_1033	480	480
Cell_1034	Cell_1034	453	453
Cell_1035	Cell_1035	485	485
Cell_1036	Cell_1036	443	443
Cell_1037	Cell_1037	451	451
Cell_1038	Cell_1038	461	461
Cell_1039	Cell_1039	474	474
Cell_1040	Cell_1040	458	458
Cell_1041	Cell_1041	452	452
Cell_1042	Cell_1042	483	483
Cell_1043	Cell_1043	454	454
Cell_1044	Cell_1044	457	457
Cell_1045	Cell_1045	444	444
Cell_1046	Cell_1046	473	473
Cell_1047	Cell_1047	482	482
Cell_1048	Cell_1048	462	462
Cell_1049	Cell_1049	430	430
Cell_1050	Cell_1050	476	476
Cell_1051	Cell_1051	459	459
Cell_1052	Cell_1052	461	461
Cell_1053	Cell_1053	445	445
Cell_1054	Cell_1054	468	468
Cell_1055	Cell_1055	458	458
Cell_1056	Cell_1056	482	482
Cell_1057	Cell_1057	454	454
Cell_1058	Cell_1058	483	483
Cell_1059	Cell_1059	474	474
Cell_1060	Cell_1060	476	476
Cell_1061	Cell_1061	486	486
Cell_1062	Cell_1062	482	482
Cell_1063	Cell_1063	457	457
Cell_1064	Cell_1064	458	458
Cell_1065	Cell_1065	470	470
Cell_1066	Cell_1066	473	473
Cell_1067	Cell_1067	488	488
Cell_1068	Cell_1068	470	470
Cell_1069	Cell_1069	482	482
Cell_1070	Cell_1070	444	444
Cell_1071	Cell_1071	446	446
Cell_1072	Cell_1072	444	444
Cell_1073	Cell_1073	483	483
Cell_1074	Cell_1074	469	469
Cell_1075	Cell_1075	461	461
Cell_1076	Cell_1076	495	495
Cell_1077	Cell_1077	486	486
Cell_1078	Cell_1078	458	458
Cell_1079	Cell_1079	446	446
Cell_1080	Cell_1080	449	449
Cell_1081	Cell_1081	438	438
Cell_1082	Cell_1082	452	452
Cell_1083	Cell_1083	442	442
Cell_1084	Cell_1084	472	472
Cell_1085	Cell_1085	469	469
Cell_1086	Cell_1086	461	461
Cell_1087	Cell_1087	455	455
Cell_1088	Cell_1088	487	487
Cell_1089	Cell_1089	417	417
Cell_1090	Cell_1090	476	476
Cell_1091	Cell_1091	500	500
Cell_1092	Cell_1092	449	449
Cell_1093	Cell_1093	452	452
Cell_1094	Cell_1094	475	475
Cell_1095	Cell_1095	496	496
Cell_1096	Cell_1096	458	458
Cell_1097	Cell_1097	457	457
Cell_1098	Cell_1098	471	471
Cell_1099	Cell_1099	449	449
Cell_1100	Cell_1100	494	494
Cell_1101	Cell_1101	435	435
Cell_1102	Cell_1102	459	459
Cell_1103	Cell_1103	452	452
Cell_1104	Cell_1104	478	478
Cell_1105	Cell_1105	463	463
Cell_1106	Cell_1106	473	473
Cell_1107	Cell_1107	432	432
Cell_1108	Cell_1108	475	475
Cell_1109	Cell_1109	458	458
Cell_1110	Cell_1110	493	493
Cell_1111	Cell_1111	443	443
Cell_1112	Cell_1112	475	475
Cell_1113	Cell_1113	483	483
Cell_1114	Cell_1114	447	447
Cell_1115	Cell_1115	464	464
Cell_1116	Cell_1116	457	457
Cell_1117	Cell_1117	475	475
Cell_1118	Cell_1118	464	464
Cell_1119	Cell_1119	489	489
Cell_1120	Cell_1120	456	456
Cell_1121	Cell_1121	487	487
Cell_1122	Cell_1122	460	460
Cell_1123	Cell_1123	484	484
Cell_1124	Cell_1124	479	479
Cell_1125	Cell_1125	498	498
Cell_1126	Cell_1126	463	463
Cell_1127	Cell_1127	481	481
Cell_1128	Cell_1128	438	438
Cell_1129	Cell_1129	486	486
Cell_1130	Cell_1130	470	470
Cell_1131	Cell_1131	486	486
Cell_1132	Cell_1132	474	474
Cell_1133	Cell_1133	471	471
Cell_1134	Cell_1134	489	489
Cell_1135	Cell_1135	449	449
Cell_1136	Cell_1136	467	467
Cell_1137	Cell_1137	485	485
Cell_1138	Cell_1138	445	445
Cell_1139	Cell_1139	474	474
Cell_1140	Cell_1140	429	429
Cell_1141	Cell_1141	480	480
Cell_1142	Cell_1142	439	439
Cell_1143	Cell_1143	441	441
Cell_1144	Cell_1144	452	452
Cell_1145	Cell_1145	469	469
Cell_1146	Cell_1146	461	461
Cell_1147	Cell_1147	428	428
Cell_1148	Cell_1148	456	456
Cell_1149	Cell_1149	471	471
Cell_1150	Cell_1150	491	491
Cell_1151	Cell_1151	454	454
Cell_1152	Cell_1152	450	450
Cell_1153	Cell_1153	462	462
Cell_1154	Cell_1154	467	467
Cell_1155	Cell_1155	457	457
Cell_1156	Cell_1156	457	457
Cell_1157	Cell_1157	463	463
Cell_1158	Cell_1158	473	473
Cell_1159	Cell_1159	461	461
Cell_1160	Cell_1160	438	438
Cell_1161	Cell_1161	465	465
Cell_1162	Cell_1162	449	449
Cell_1163	Cell_1163	444	444
Cell_1164	Cell_1164	430	430
Cell_1165	Cell_1165	484	484
Cell_1166	Cell_1166	475	475
Cell_1167	Cell_1167	458	458
Cell_1168	Cell_1168	464	464
Cell_1169	Cell_1169	459	459
Cell_1170	Cell_1170	469	469
Cell_1171	Cell_1171	453	453
Cell_1172	Cell_1172	429	429
Cell_1173	Cell_1173	475	475
Cell_1174	Cell_1174	489	489
Cell_1175	Cell_1175	461	461
Cell_1176	Cell_1176	466	466
Cell_1177	Cell_1177	440	440
Cell_1178	Cell_1178	472	472
Cell_1179	Cell_1179	474	474
Cell_1180	Cell_1180	467	467
Cell_1181	Cell_1181	426	426
Cell_1182	Cell_1182	493	493
Cell_1183	Cell_1183	486	486
Cell_1184	Cell_1184	471	471
Cell_1185	Cell_1185	448	448
Cell_1186	Cell_1186	481	481
Cell_1187	Cell_1187	476	476
Cell_1188	Cell_1188	426	426
Cell_1189	Cell_1189	451	451
Cell_1190	Cell_1190	499	499
Cell_1191	Cell_1191	453	453
Cell_1192	Cell_1192	487	487
Cell_1193	Cell_1193	458	458
Cell_1194	Cell_1194	473	473
Cell_1195	Cell_1195	447	447
Cell_1196	Cell_1196	463	463
Cell_1197	Cell_1197	489	489
Cell_1198	Cell_1198	488	488
Cell_1199	Cell_1199	473	473
Cell_1200	Cell_1200	482	482
Cell_1201	Cell_1201	486	486
Cell_1202	Cell_1202	464	464
Cell_1203	Cell_1203	461	461
Cell_1204	Cell_1204	451	451
Cell_1205	Cell_1205	482	482
Cell_1206	Cell_1206	444	444
Cell_1207	Cell_1207	446	446
Cell_1208	Cell_1208	479	479
Cell_1209	Cell_1209	486	486
Cell_1210	Cell_1210	482	482
Cell_1211	Cell_1211	457	457
Cell_1212	Cell_1212	455	455
Cell_1213	Cell_1213	440	440
Cell_1214	Cell_1214	479	479
Cell_1215	Cell_1215	489	489
Cell_1216	Cell_1216	475	475
Cell_1217	Cell_1217	475	475
Cell_1218	Cell_1218	451	451
Cell_1219	Cell_1219	458	458
Cell_1220	Cell_1220	466	466
Cell_1221	Cell_1221	473	473
Cell_1222	Cell_1222	509	509
Cell_1223	Cell_1223	468	468
Cell_1224	Cell_1224	458	458
Cell_1225	Cell_1225	454	454
Cell_1226	Cell_1226	463	463
Cell_1227	Cell_1227	485	485
Cell_1228	Cell_1228	440	440
Cell_1229	Cell_1229	462	462
Cell_1230	Cell_1230	471	471
Cell_1231	Cell_1231	489	489
Cell_1232	Cell_1232	491	491
Cell_1233	Cell_1233	486	486
Cell_1234	Cell_1234	452	452
Cell_1235	Cell_1235	505	505
Cell_1236	Cell_1236	465	465
Cell_1237	Cell_1237	469	469
Cell_1238	Cell_1238	468	468
Cell_1239	Cell_1239	482	482
Cell_1240	Cell_1240	470	470
Cell_1241	Cell_1241	472	472
Cell_1242	Cell_1242	447	447
Cell_1243	Cell_1243	489	489
Cell_1244	Cell_1244	445	445
Cell_1245	Cell_1245	458	458
Cell_1246	Cell_1246	481	481
Cell_1247	Cell_1247	478	478
Cell_1248	Cell_1248	454	454
Cell_1249	Cell_1249	421	421
Cell_1250	Cell_1250	468	468
Cell_1251	Cell_1251	463	463
Cell_1252	Cell_1252	475	475
Cell_1253	Cell_1253	471	471
Cell_1254	Cell_1254	457	457
Cell_1255	Cell_1255	449	449
Cell_1256	Cell_1256	471	471
Cell_1257	Cell_1257	464	464
Cell_1258	Cell_1258	433	433
Cell_1259	Cell_1259	504	504
Cell_1260	Cell_1260	475	475
Cell_1261	Cell_1261	469	469
Cell_1262	Cell_1262	482	482
Cell_1263	Cell_1263	429	429
Cell_1264	Cell_1264	490	490
Cell_1265	Cell_1265	475	475
Cell_1266	Cell_1266	455	455
Cell_1267	Cell_1267	464	464
Cell_1268	Cell_1268	476	476
Cell_1269	Cell_1269	483	483
Cell_1270	Cell_1270	464	464
Cell_1271	Cell_1271	470	470
Cell_1272	Cell_1272	469	469
Cell_1273	Cell_1273	449	449
Cell_1274	Cell_1274	472	472
Cell_1275	Cell_1275	469	469
Cell_1276	Cell_1276	496	496
Cell_1277	Cell_1277	506	506
Cell_1278	Cell_1278	474	474
Cell_1279	Cell_1279	461	461
Cell_1280	Cell_1280	482	482
Cell_1281	Cell_1281	480	480
Cell_1282	Cell_1282	470	470
Cell_1283	Cell_1283	448	448
Cell_1284	Cell_1284	440	440
Cell_1285	Cell_1285	458	458
Cell_1286	Cell_1286	451	451
Cell_1287	Cell_1287	459	459
Cell_1288	Cell_1288	470	470
Cell_1289	Cell_1289	457	457
Cell_1290	Cell_1290	480	480
Cell_1291	Cell_1291	472	472
Cell_1292	Cell_1292	479	479
Cell_1293	Cell_1293	432	432
Cell_1294	Cell_1294	462	462
Cell_1295	Cell_1295	463	463
Cell_1296	Cell_1296	460	460
Cell_1297	Cell_1297	461	461
Cell_1298	Cell_1298	501	501
Cell_1299	Cell_1299	476	476
Cell_1300	Cell_1300	467	467
Cell_1301	Cell_1301	459	459
Cell_1302	Cell_1302	467	467
Cell_1303	Cell_1303	438	438
Cell_1304	Cell_1304	474	474
Cell_1305	Cell_1305	471	471
Cell_1306	Cell_1306	481	481
Cell_1307	Cell_1307	481	481
Cell_1308	Cell_1308	442	442
Cell_1309	Cell_1309	457	457
Cell_1310	Cell_1310	436	436
Cell_1311	Cell_1311	467	467
Cell_1312	Cell_1312	460	460
Cell_1313	Cell_1313	481	481
Cell_1314	Cell_1314	474	474
Cell_1315	Cell_1315	495	495
Cell_1316	Cell_1316	444	444
Cell_1317	Cell_1317	464	464
Cell_1318	Cell_1318	480	480
Cell_1319	Cell_1319	469	469
Cell_1320	Cell_1320	445	445
Cell_1321	Cell_1321	460	460
Cell_1322	Cell_1322	473	473
Cell_1323	Cell_1323	468	468
Cell_1324	Cell_1324	455	455
Cell_1325	Cell_1325	466	466
Cell_1326	Cell_1326	474	474
Cell_1327	Cell_1327	457	457
Cell_1328	Cell_1328	440	440
Cell_1329	Cell_1329	450	450
Cell_1330	Cell_1330	491	491
Cell_1331	Cell_1331	447	447
Cell_1332	Cell_1332	482	482
Cell_1333	Cell_1333	448	448
Cell_1334	Cell_1334	448	448
Cell_1335	Cell_1335	468	468
Cell_1336	Cell_1336	473	473
Cell_1337	Cell_1337	452	452
Cell_1338	Cell_1338	468	468
Cell_1339	Cell_1339	464	464
Cell_1340	Cell_1340	503	503
Cell_1341	Cell_1341	432	432
Cell_1342	Cell_1342	476	476
Cell_1343	Cell_1343	496	496
Cell_1344	Cell_1344	456	456
Cell_1345	Cell_1345	483	483
Cell_1346	Cell_1346	455	455
Cell_1347	Cell_1347	470	470
Cell_1348	Cell_1348	417	417
Cell_1349	Cell_1349	454	454
Cell_1350	Cell_1350	489	489
Cell_1351	Cell_1351	435	435
Cell_1352	Cell_1352	483	483
Cell_1353	Cell_1353	461	461
Cell_1354	Cell_1354	467	467
Cell_1355	Cell_1355	460	460
Cell_1356	Cell_1356	453	453
Cell_1357	Cell_1357	463	463
Cell_1358	Cell_1358	475	475
Cell_1359	Cell_1359	452	452
Cell_1360	Cell_1360	507	507
Cell_1361	Cell_1361	469	469
Cell_1362	Cell_1362	463	463
Cell_1363	Cell_1363	474	474
Cell_1364	Cell_1364	459	459
Cell_1365	Cell_1365	455	455
Cell_1366	Cell_1366	466	466
Cell_1367	Cell_1367	454	454
Cell_1368	Cell_1368	444	444
Cell_1369	Cell_1369	456	456
Cell_1370	Cell_1370	482	482
Cell_1371	Cell_1371	488	488
Cell_1372	Cell_1372	479	479
Cell_1373	Cell_1373	459	459
Cell_1374	Cell_1374	464	464
Cell_1375	Cell_1375	459	459
Cell_1376	Cell_1376	459	459
Cell_1377	Cell_1377	451	451
Cell_1378	Cell_1378	469	469
Cell_1379	Cell_1379	513	513
Cell_1380	Cell_1380	456	456
Cell_1381	Cell_1381	469	469
Cell_1382	Cell_1382	456	456
Cell_1383	Cell_1383	496	496
Cell_1384	Cell_1384	443	443
Cell_1385	Cell_1385	482	482
Cell_1386	Cell_1386	474	474
Cell_1387	Cell_1387	452	452
Cell_1388	Cell_1388	493	493
Cell_1389	Cell_1389	436	436
Cell_1390	Cell_1390	487	487
Cell_1391	Cell_1391	459	459
Cell_1392	Cell_1392	443	443
Cell_1393	Cell_1393	482	482
Cell_1394	Cell_1394	435	435
Cell_1395	Cell_1395	442	442
Cell_1396	Cell_1396	464	464
Cell_1397	Cell_1397	430	430
Cell_1398	Cell_1398	473	473
Cell_1399	Cell_1399	454	454
Cell_1400	Cell_1400	466	466
Cell_1401	Cell_1401	447	447
Cell_1402	Cell_1402	469	469
Cell_1403	Cell_1403	473	473
Cell_1404	Cell_1404	474	474
Cell_1405	Cell_1405	487	487
Cell_1406	Cell_1406	487	487
Cell_1407	Cell_1407	509	509
Cell_1408	Cell_1408	456	456
Cell_1409	Cell_1409	489	489
Cell_1410	Cell_1410	464	464
Cell_1411	Cell_1411	406	406
Cell_1412	Cell_1412	472	472
Cell_1413	Cell_1413	494	494
Cell_1414	Cell_1414	482	482
Cell_1415	Cell_1415	450	450
Cell_1416	Cell_1416	460	460
Cell_1417	Cell_1417	461	461
Cell_1418	Cell_1418	478	478
Cell_1419	Cell_1419	472	472
Cell_1420	Cell_1420	434	434
Cell_1421	Cell_1421	479	479
Cell_1422	Cell_1422	482	482
Cell_1423	Cell_1423	463	463
Cell_1424	Cell_1424	460	460
Cell_1425	Cell_1425	434	434
Cell_1426	Cell_1426	446	446
Cell_1427	Cell_1427	467	467
Cell_1428	Cell_1428	436	436
Cell_1429	Cell_1429	448	448
Cell_1430	Cell_1430	484	484
Cell_1431	Cell_1431	470	470
Cell_1432	Cell_1432	485	485
Cell_1433	Cell_1433	450	450
Cell_1434	Cell_1434	451	451
Cell_1435	Cell_1435	477	477
Cell_1436	Cell_1436	450	450
Cell_1437	Cell_1437	491	491
Cell_1438	Cell_1438	504	504
Cell_1439	Cell_1439	471	471
Cell_1440	Cell_1440	461	461
Cell_1441	Cell_1441	459	459
Cell_1442	Cell_1442	479	479
Cell_1443	Cell_1443	454	454
Cell_1444	Cell_1444	474	474
Cell_1445	Cell_1445	459	459
Cell_1446	Cell_1446	463	463
Cell_1447	Cell_1447	480	480
Cell_1448	Cell_1448	475	475
Cell_1449	Cell_1449	485	485
Cell_1450	Cell_1450	473	473
Cell_1451	Cell_1451	475	475
Cell_1452	Cell_1452	443	443
Cell_1453	Cell_1453	485	485
Cell_1454	Cell_1454	436	436
Cell_1455	Cell_1455	448	448
Cell_1456	Cell_1456	486	486
Cell_1457	Cell_1457	486	486
Cell_1458	Cell_1458	486	486
Cell_1459	Cell_1459	454	454
Cell_1460	Cell_1460	476	476
Cell_1461	Cell_1461	475	475
Cell_1462	Cell_1462	477	477
Cell_1463	Cell_1463	499	499
Cell_1464	Cell_1464	458	458
Cell_1465	Cell_1465	476	476
Cell_1466	Cell_1466	453	453
Cell_1467	Cell_1467	487	487
Cell_1468	Cell_1468	490	490
Cell_1469	Cell_1469	475	475
Cell_1470	Cell_1470	454	454
Cell_1471	Cell_1471	485	485
Cell_1472	Cell_1472	488	488
Cell_1473	Cell_1473	432	432
Cell_1474	Cell_1474	441	441
Cell_1475	Cell_1475	496	496
Cell_1476	Cell_1476	409	409
Cell_1477	Cell_1477	470	470
Cell_1478	Cell_1478	482	482
Cell_1479	Cell_1479	429	429
Cell_1480	Cell_1480	452	452
Cell_1481	Cell_1481	516	516
Cell_1482	Cell_1482	485	485
Cell_1483	Cell_1483	445	445
Cell_1484	Cell_1484	489	489
Cell_1485	Cell_1485	462	462
Cell_1486	Cell_1486	483	483
Cell_1487	Cell_1487	460	460
Cell_1488	Cell_1488	494	494
Cell_1489	Cell_1489	485	485
Cell_1490	Cell_1490	458	458
Cell_1491	Cell_1491	469	469
Cell_1492	Cell_1492	488	488
Cell_1493	Cell_1493	448	448
Cell_1494	Cell_1494	465	465
Cell_1495	Cell_1495	472	472
Cell_1496	Cell_1496	479	479
Cell_1497	Cell_1497	486	486
Cell_1498	Cell_1498	476	476
Cell_1499	Cell_1499	478	478
Cell_1500	Cell_1500	480	480
Cell_1501	Cell_1501	478	478
Cell_1502	Cell_1502	435	435
Cell_1503	Cell_1503	450	450
Cell_1504	Cell_1504	484	484
Cell_1505	Cell_1505	472	472
Cell_1506	Cell_1506	465	465
Cell_1507	Cell_1507	481	481
Cell_1508	Cell_1508	501	501
Cell_1509	Cell_1509	469	469
Cell_1510	Cell_1510	441	441
Cell_1511	Cell_1511	456	456
Cell_1512	Cell_1512	448	448
Cell_1513	Cell_1513	465	465
Cell_1514	Cell_1514	463	463
Cell_1515	Cell_1515	504	504
Cell_1516	Cell_1516	466	466
Cell_1517	Cell_1517	481	481
Cell_1518	Cell_1518	462	462
Cell_1519	Cell_1519	469	469
Cell_1520	Cell_1520	467	467
Cell_1521	Cell_1521	494	494
Cell_1522	Cell_1522	449	449
Cell_1523	Cell_1523	471	471
Cell_1524	Cell_1524	466	466
Cell_1525	Cell_1525	497	497
Cell_1526	Cell_1526	459	459
Cell_1527	Cell_1527	454	454
Cell_1528	Cell_1528	462	462
Cell_1529	Cell_1529	456	456
Cell_1530	Cell_1530	481	481
Cell_1531	Cell_1531	462	462
Cell_1532	Cell_1532	462	462
Cell_1533	Cell_1533	492	492
Cell_1534	Cell_1534	449	449
Cell_1535	Cell_1535	439	439
Cell_1536	Cell_1536	477	477
Cell_1537	Cell_1537	469	469
Cell_1538	Cell_1538	460	460
Cell_1539	Cell_1539	452	452
Cell_1540	Cell_1540	434	434
Cell_1541	Cell_1541	469	469
Cell_1542	Cell_1542	477	477
Cell_1543	Cell_1543	478	478
Cell_1544	Cell_1544	458	458
Cell_1545	Cell_1545	475	475
Cell_1546	Cell_1546	460	460
Cell_1547	Cell_1547	454	454
Cell_1548	Cell_1548	485	485
Cell_1549	Cell_1549	447	447
Cell_1550	Cell_1550	477	477
Cell_1551	Cell_1551	484	484
Cell_1552	Cell_1552	455	455
Cell_1553	Cell_1553	462	462
Cell_1554	Cell_1554	472	472
Cell_1555	Cell_1555	525	525
Cell_1556	Cell_1556	469	469
Cell_1557	Cell_1557	475	475
Cell_1558	Cell_1558	465	465
Cell_1559	Cell_1559	478	478
Cell_1560	Cell_1560	462	462
Cell_1561	Cell_1561	433	433
Cell_1562	Cell_1562	474	474
Cell_1563	Cell_1563	461	461
Cell_1564	Cell_1564	492	492
Cell_1565	Cell_1565	495	495
Cell_1566	Cell_1566	428	428
Cell_1567	Cell_1567	485	485
Cell_1568	Cell_1568	460	460
Cell_1569	Cell_1569	460	460
Cell_1570	Cell_1570	478	478
Cell_1571	Cell_1571	454	454
Cell_1572	Cell_1572	442	442
Cell_1573	Cell_1573	451	451
Cell_1574	Cell_1574	460	460
Cell_1575	Cell_1575	449	449
Cell_1576	Cell_1576	490	490
Cell_1577	Cell_1577	468	468
Cell_1578	Cell_1578	485	485
Cell_1579	Cell_1579	432	432
Cell_1580	Cell_1580	500	500
Cell_1581	Cell_1581	438	438
Cell_1582	Cell_1582	458	458
Cell_1583	Cell_1583	481	481
Cell_1584	Cell_1584	470	470
Cell_1585	Cell_1585	464	464
Cell_1586	Cell_1586	487	487
Cell_1587	Cell_1587	444	444
Cell_1588	Cell_1588	516	516
Cell_1589	Cell_1589	468	468
Cell_1590	Cell_1590	455	455
Cell_1591	Cell_1591	487	487
Cell_1592	Cell_1592	470	470
Cell_1593	Cell_1593	459	459
Cell_1594	Cell_1594	491	491
Cell_1595	Cell_1595	474	474
Cell_1596	Cell_1596	470	470
Cell_1597	Cell_1597	477	477
Cell_1598	Cell_1598	410	410
Cell_1599	Cell_1599	429	429
Cell_1600	Cell_1600	493	493
Cell_1601	Cell_1601	447	447
Cell_1602	Cell_1602	464	464
Cell_1603	Cell_1603	467	467
Cell_1604	Cell_1604	470	470
Cell_1605	Cell_1605	475	475
Cell_1606	Cell_1606	478	478
Cell_1607	Cell_1607	501	501
Cell_1608	Cell_1608	448	448
Cell_1609	Cell_1609	499	499
Cell_1610	Cell_1610	452	452
Cell_1611	Cell_1611	490	490
Cell_1612	Cell_1612	458	458
Cell_1613	Cell_1613	459	459
Cell_1614	Cell_1614	477	477
Cell_1615	Cell_1615	450	450
Cell_1616	Cell_1616	456	456
Cell_1617	Cell_1617	462	462
Cell_1618	Cell_1618	502	502
Cell_1619	Cell_1619	468	468
Cell_1620	Cell_1620	460	460
Cell_1621	Cell_1621	425	425
Cell_1622	Cell_1622	478	478
Cell_1623	Cell_1623	472	472
Cell_1624	Cell_1624	502	502
Cell_1625	Cell_1625	461	461
Cell_1626	Cell_1626	468	468
Cell_1627	Cell_1627	447	447
Cell_1628	Cell_1628	440	440
Cell_1629	Cell_1629	474	474
Cell_1630	Cell_1630	460	460
Cell_1631	Cell_1631	496	496
Cell_1632	Cell_1632	456	456
Cell_1633	Cell_1633	481	481
Cell_1634	Cell_1634	474	474
Cell_1635	Cell_1635	457	457
Cell_1636	Cell_1636	448	448
Cell_1637	Cell_1637	453	453
Cell_1638	Cell_1638	449	449
Cell_1639	Cell_1639	485	485
Cell_1640	Cell_1640	510	510
Cell_1641	Cell_1641	466	466
Cell_1642	Cell_1642	450	450
Cell_1643	Cell_1643	471	471
Cell_1644	Cell_1644	466	466
Cell_1645	Cell_1645	489	489
Cell_1646	Cell_1646	472	472
Cell_1647	Cell_1647	462	462
Cell_1648	Cell_1648	454	454
Cell_1649	Cell_1649	438	438
Cell_1650	Cell_1650	510	510
Cell_1651	Cell_1651	459	459
Cell_1652	Cell_1652	456	456
Cell_1653	Cell_1653	464	464
Cell_1654	Cell_1654	472	472
Cell_1655	Cell_1655	451	451
Cell_1656	Cell_1656	472	472
Cell_1657	Cell_1657	458	458
Cell_1658	Cell_1658	477	477
Cell_1659	Cell_1659	459	459
Cell_1660	Cell_1660	490	490
Cell_1661	Cell_1661	477	477
Cell_1662	Cell_1662	460	460
Cell_1663	Cell_1663	460	460
Cell_1664	Cell_1664	452	452
Cell_1665	Cell_1665	482	482
Cell_1666	Cell_1666	443	443
Cell_1667	Cell_1667	453	453
Cell_1668	Cell_1668	446	446
Cell_1669	Cell_1669	475	475
Cell_1670	Cell_1670	492	492
Cell_1671	Cell_1671	494	494
Cell_1672	Cell_1672	480	480
Cell_1673	Cell_1673	449	449
Cell_1674	Cell_1674	469	469
Cell_1675	Cell_1675	447	447
Cell_1676	Cell_1676	448	448
Cell_1677	Cell_1677	446	446
Cell_1678	Cell_1678	461	461
Cell_1679	Cell_1679	446	446
Cell_1680	Cell_1680	444	444
Cell_1681	Cell_1681	489	489
Cell_1682	Cell_1682	464	464
Cell_1683	Cell_1683	465	465
Cell_1684	Cell_1684	493	493
Cell_1685	Cell_1685	464	464
Cell_1686	Cell_1686	492	492
Cell_1687	Cell_1687	500	500
Cell_1688	Cell_1688	494	494
Cell_1689	Cell_1689	481	481
Cell_1690	Cell_1690	462	462
Cell_1691	Cell_1691	446	446
Cell_1692	Cell_1692	465	465
Cell_1693	Cell_1693	451	451
Cell_1694	Cell_1694	484	484
Cell_1695	Cell_1695	448	448
Cell_1696	Cell_1696	458	458
Cell_1697	Cell_1697	450	450
Cell_1698	Cell_1698	452	452
Cell_1699	Cell_1699	469	469
Cell_1700	Cell_1700	461	461
Cell_1701	Cell_1701	471	471
Cell_1702	Cell_1702	496	496
Cell_1703	Cell_1703	482	482
Cell_1704	Cell_1704	491	491
Cell_1705	Cell_1705	445	445
Cell_1706	Cell_1706	447	447
Cell_1707	Cell_1707	477	477
Cell_1708	Cell_1708	486	486
Cell_1709	Cell_1709	491	491
Cell_1710	Cell_1710	501	501
Cell_1711	Cell_1711	414	414
Cell_1712	Cell_1712	463	463
Cell_1713	Cell_1713	460	460
Cell_1714	Cell_1714	445	445
Cell_1715	Cell_1715	470	470
Cell_1716	Cell_1716	487	487
Cell_1717	Cell_1717	469	469
Cell_1718	Cell_1718	471	471
Cell_1719	Cell_1719	495	495
Cell_1720	Cell_1720	438	438
Cell_1721	Cell_1721	495	495
Cell_1722	Cell_1722	459	459
Cell_1723	Cell_1723	444	444
Cell_1724	Cell_1724	460	460
Cell_1725	Cell_1725	438	438
Cell_1726	Cell_1726	439	439
Cell_1727	Cell_1727	467	467
Cell_1728	Cell_1728	483	483
Cell_1729	Cell_1729	451	451
Cell_1730	Cell_1730	501	501
Cell_1731	Cell_1731	473	473
Cell_1732	Cell_1732	461	461
Cell_1733	Cell_1733	411	411
Cell_1734	Cell_1734	475	475
Cell_1735	Cell_1735	506	506
Cell_1736	Cell_1736	476	476
Cell_1737	Cell_1737	471	471
Cell_1738	Cell_1738	490	490
Cell_1739	Cell_1739	484	484
Cell_1740	Cell_1740	460	460
Cell_1741	Cell_1741	469	469
Cell_1742	Cell_1742	427	427
Cell_1743	Cell_1743	494	494
Cell_1744	Cell_1744	452	452
Cell_1745	Cell_1745	489	489
Cell_1746	Cell_1746	477	477
Cell_1747	Cell_1747	514	514
Cell_1748	Cell_1748	469	469
Cell_1749	Cell_1749	487	487
Cell_1750	Cell_1750	425	425
Cell_1751	Cell_1751	448	448
Cell_1752	Cell_1752	446	446
Cell_1753	Cell_1753	446	446
Cell_1754	Cell_1754	501	501
Cell_1755	Cell_1755	480	480
Cell_1756	Cell_1756	467	467
Cell_1757	Cell_1757	443	443
Cell_1758	Cell_1758	473	473
Cell_1759	Cell_1759	459	459
Cell_1760	Cell_1760	441	441
Cell_1761	Cell_1761	457	457
Cell_1762	Cell_1762	433	433
Cell_1763	Cell_1763	466	466
Cell_1764	Cell_1764	435	435
Cell_1765	Cell_1765	449	449
Cell_1766	Cell_1766	452	452
Cell_1767	Cell_1767	488	488
Cell_1768	Cell_1768	470	470
Cell_1769	Cell_1769	452	452
Cell_1770	Cell_1770	460	460
Cell_1771	Cell_1771	456	456
Cell_1772	Cell_1772	461	461
Cell_1773	Cell_1773	482	482
Cell_1774	Cell_1774	488	488
Cell_1775	Cell_1775	474	474
Cell_1776	Cell_1776	455	455
Cell_1777	Cell_1777	451	451
Cell_1778	Cell_1778	451	451
Cell_1779	Cell_1779	463	463
Cell_1780	Cell_1780	474	474
Cell_1781	Cell_1781	451	451
Cell_1782	Cell_1782	461	461
Cell_1783	Cell_1783	446	446
Cell_1784	Cell_1784	477	477
Cell_1785	Cell_1785	448	448
Cell_1786	Cell_1786	469	469
Cell_1787	Cell_1787	482	482
Cell_1788	Cell_1788	463	463
Cell_1789	Cell_1789	462	462
Cell_1790	Cell_1790	484	484
Cell_1791	Cell_1791	463	463
Cell_1792	Cell_1792	475	475
Cell_1793	Cell_1793	500	500
Cell_1794	Cell_1794	479	479
Cell_1795	Cell_1795	470	470
Cell_1796	Cell_1796	469	469
Cell_1797	Cell_1797	419	419
Cell_1798	Cell_1798	479	479
Cell_1799	Cell_1799	475	475
Cell_1800	Cell_1800	444	444
Cell_1801	Cell_1801	483	483
Cell_1802	Cell_1802	477	477
Cell_1803	Cell_1803	468	468
Cell_1804	Cell_1804	468	468
Cell_1805	Cell_1805	448	448
Cell_1806	Cell_1806	498	498
Cell_1807	Cell_1807	452	452
Cell_1808	Cell_1808	455	455
Cell_1809	Cell_1809	452	452
Cell_1810	Cell_1810	448	448
Cell_1811	Cell_1811	495	495
Cell_1812	Cell_1812	461	461
Cell_1813	Cell_1813	463	463
Cell_1814	Cell_1814	457	457
Cell_1815	Cell_1815	457	457
Cell_1816	Cell_1816	507	507
Cell_1817	Cell_1817	463	463
Cell_1818	Cell_1818	482	482
Cell_1819	Cell_1819	477	477
Cell_1820	Cell_1820	458	458
Cell_1821	Cell_1821	461	461
Cell_1822	Cell_1822	471	471
Cell_1823	Cell_1823	475	475
Cell_1824	Cell_1824	472	472
Cell_1825	Cell_1825	497	497
Cell_1826	Cell_1826	466	466
Cell_1827	Cell_1827	436	436
Cell_1828	Cell_1828	487	487
Cell_1829	Cell_1829	467	467
Cell_1830	Cell_1830	432	432
Cell_1831	Cell_1831	463	463
Cell_1832	Cell_1832	499	499
Cell_1833	Cell_1833	468	468
Cell_1834	Cell_1834	470	470
Cell_1835	Cell_1835	481	481
Cell_1836	Cell_1836	439	439
Cell_1837	Cell_1837	444	444
Cell_1838	Cell_1838	459	459
Cell_1839	Cell_1839	465	465
Cell_1840	Cell_1840	493	493
Cell_1841	Cell_1841	460	460
Cell_1842	Cell_1842	502	502
Cell_1843	Cell_1843	460	460
Cell_1844	Cell_1844	463	463
Cell_1845	Cell_1845	473	473
Cell_1846	Cell_1846	426	426
Cell_1847	Cell_1847	455	455
Cell_1848	Cell_1848	475	475
Cell_1849	Cell_1849	466	466
Cell_1850	Cell_1850	480	480
Cell_1851	Cell_1851	458	458
Cell_1852	Cell_1852	472	472
Cell_1853	Cell_1853	494	494
Cell_1854	Cell_1854	433	433
Cell_1855	Cell_1855	464	464
Cell_1856	Cell_1856	475	475
Cell_1857	Cell_1857	454	454
Cell_1858	Cell_1858	469	469
Cell_1859	Cell_1859	495	495
Cell_1860	Cell_1860	467	467
Cell_1861	Cell_1861	459	459
Cell_1862	Cell_1862	468	468
Cell_1863	Cell_1863	433	433
Cell_1864	Cell_1864	463	463
Cell_1865	Cell_1865	447	447
Cell_1866	Cell_1866	436	436
Cell_1867	Cell_1867	478	478
Cell_1868	Cell_1868	464	464
Cell_1869	Cell_1869	437	437
Cell_1870	Cell_1870	454	454
Cell_1871	Cell_1871	482	482
Cell_1872	Cell_1872	507	507
Cell_1873	Cell_1873	479	479
Cell_1874	Cell_1874	453	453
Cell_1875	Cell_1875	462	462
Cell_1876	Cell_1876	460	460
Cell_1877	Cell_1877	482	482
Cell_1878	Cell_1878	430	430
Cell_1879	Cell_1879	473	473
Cell_1880	Cell_1880	470	470
Cell_1881	Cell_1881	479	479
Cell_1882	Cell_1882	495	495
Cell_1883	Cell_1883	456	456
Cell_1884	Cell_1884	500	500
Cell_1885	Cell_1885	437	437
Cell_1886	Cell_1886	466	466
Cell_1887	Cell_1887	446	446
Cell_1888	Cell_1888	450	450
Cell_1889	Cell_1889	456	456
Cell_1890	Cell_1890	439	439
Cell_1891	Cell_1891	481	481
Cell_1892	Cell_1892	452	452
Cell_1893	Cell_1893	432	432
Cell_1894	Cell_1894	467	467
Cell_1895	Cell_1895	465	465
Cell_1896	Cell_1896	468	468
Cell_1897	Cell_1897	461	461
Cell_1898	Cell_1898	485	485
Cell_1899	Cell_1899	452	452
Cell_1900	Cell_1900	492	492
Cell_1901	Cell_1901	479	479
Cell_1902	Cell_1902	453	453
Cell_1903	Cell_1903	456	456
Cell_1904	Cell_1904	457	457
Cell_1905	Cell_1905	466	466
Cell_1906	Cell_1906	471	471
Cell_1907	Cell_1907	454	454
Cell_1908	Cell_1908	456	456
Cell_1909	Cell_1909	500	500
Cell_1910	Cell_1910	470	470
Cell_1911	Cell_1911	448	448
Cell_1912	Cell_1912	443	443
Cell_1913	Cell_1913	478	478
Cell_1914	Cell_1914	441	441
Cell_1915	Cell_1915	474	474
Cell_1916	Cell_1916	474	474
Cell_1917	Cell_1917	454	454
Cell_1918	Cell_1918	502	502
Cell_1919	Cell_1919	524	524
Cell_1920	Cell_1920	493	493
Cell_1921	Cell_1921	489	489
Cell_1922	Cell_1922	437	437
Cell_1923	Cell_1923	462	462
Cell_1924	Cell_1924	497	497
Cell_1925	Cell_1925	456	456
Cell_1926	Cell_1926	473	473
Cell_1927	Cell_1927	438	438
Cell_1928	Cell_1928	451	451
Cell_1929	Cell_1929	442	442
Cell_1930	Cell_1930	470	470
Cell_1931	Cell_1931	476	476
Cell_1932	Cell_1932	442	442
Cell_1933	Cell_1933	492	492
Cell_1934	Cell_1934	467	467
Cell_1935	Cell_1935	506	506
Cell_1936	Cell_1936	482	482
Cell_1937	Cell_1937	490	490
Cell_1938	Cell_1938	464	464
Cell_1939	Cell_1939	452	452
Cell_1940	Cell_1940	493	493
Cell_1941	Cell_1941	471	471
Cell_1942	Cell_1942	461	461
Cell_1943	Cell_1943	428	428
Cell_1944	Cell_1944	455	455
Cell_1945	Cell_1945	472	472
Cell_1946	Cell_1946	477	477
Cell_1947	Cell_1947	454	454
Cell_1948	Cell_1948	451	451
Cell_1949	Cell_1949	456	456
Cell_1950	Cell_1950	455	455
Cell_1951	Cell_1951	471	471
Cell_1952	Cell_1952	454	454
Cell_1953	Cell_1953	454	454
Cell_1954	Cell_1954	464	464
Cell_1955	Cell_1955	451	451
Cell_1956	Cell_1956	470	470
Cell_1957	Cell_1957	467	467
Cell_1958	Cell_1958	448	448
Cell_1959	Cell_1959	440	440
Cell_1960	Cell_1960	449	449
Cell_1961	Cell_1961	463	463
Cell_1962	Cell_1962	453	453
Cell_1963	Cell_1963	479	479
Cell_1964	Cell_1964	465	465
Cell_1965	Cell_1965	453	453
Cell_1966	Cell_1966	488	488
Cell_1967	Cell_1967	451	451
Cell_1968	Cell_1968	481	481
Cell_1969	Cell_1969	453	453
Cell_1970	Cell_1970	456	456
Cell_1971	Cell_1971	478	478
Cell_1972	Cell_1972	468	468
Cell_1973	Cell_1973	478	478
Cell_1974	Cell_1974	489	489
Cell_1975	Cell_1975	454	454
Cell_1976	Cell_1976	483	483
Cell_1977	Cell_1977	439	439
Cell_1978	Cell_1978	479	479
Cell_1979	Cell_1979	463	463
Cell_1980	Cell_1980	476	476
Cell_1981	Cell_1981	445	445
Cell_1982	Cell_1982	469	469
Cell_1983	Cell_1983	446	446
Cell_1984	Cell_1984	472	472
Cell_1985	Cell_1985	495	495
Cell_1986	Cell_1986	453	453
Cell_1987	Cell_1987	437	437
Cell_1988	Cell_1988	467	467
Cell_1989	Cell_1989	462	462
Cell_1990	Cell_1990	476	476
Cell_1991	Cell_1991	429	429
Cell_1992	Cell_1992	445	445
Cell_1993	Cell_1993	473	473
Cell_1994	Cell_1994	447	447
Cell_1995	Cell_1995	434	434
Cell_1996	Cell_1996	472	472
Cell_1997	Cell_1997	471	471
Cell_1998	Cell_1998	484	484
Cell_1999	Cell_1999	476	476
Cell_2000	Cell_2000	452	452
Cell_2001	Cell_2001	457	457
Cell_2002	Cell_2002	466	466
Cell_2003	Cell_2003	463	463
Cell_2004	Cell_2004	428	428
Cell_2005	Cell_2005	476	476
Cell_2006	Cell_2006	461	461
Cell_2007	Cell_2007	474	474
Cell_2008	Cell_2008	492	492
Cell_2009	Cell_2009	448	448
Cell_2010	Cell_2010	472	472
Cell_2011	Cell_2011	466	466
Cell_2012	Cell_2012	464	464
Cell_2013	Cell_2013	466	466
Cell_2014	Cell_2014	477	477
Cell_2015	Cell_2015	488	488
Cell_2016	Cell_2016	453	453
Cell_2017	Cell_2017	495	495
Cell_2018	Cell_2018	478	478
Cell_2019	Cell_2019	471	471
Cell_2020	Cell_2020	516	516
Cell_2021	Cell_2021	448	448
Cell_2022	Cell_2022	453	453
Cell_2023	Cell_2023	445	445
Cell_2024	Cell_2024	497	497
Cell_2025	Cell_2025	445	445
Cell_2026	Cell_2026	484	484
Cell_2027	Cell_2027	472	472
Cell_2028	Cell_2028	506	506
Cell_2029	Cell_2029	500	500
Cell_2030	Cell_2030	489	489
Cell_2031	Cell_2031	464	464
Cell_2032	Cell_2032	484	484
Cell_2033	Cell_2033	484	484
Cell_2034	Cell_2034	469	469
Cell_2035	Cell_2035	478	478
Cell_2036	Cell_2036	469	469
Cell_2037	Cell_2037	460	460
Cell_2038	Cell_2038	486	486
Cell_2039	Cell_2039	434	434
Cell_2040	Cell_2040	462	462
Cell_2041	Cell_2041	467	467
Cell_2042	Cell_2042	456	456
Cell_2043	Cell_2043	460	460
Cell_2044	Cell_2044	449	449
Cell_2045	Cell_2045	451	451
Cell_2046	Cell_2046	441	441
Cell_2047	Cell_2047	433	433
Cell_2048	Cell_2048	474	474
Cell_2049	Cell_2049	477	477
Cell_2050	Cell_2050	460	460
Cell_2051	Cell_2051	483	483
Cell_2052	Cell_2052	485	485
Cell_2053	Cell_2053	492	492
Cell_2054	Cell_2054	487	487
Cell_2055	Cell_2055	454	454
Cell_2056	Cell_2056	472	472
Cell_2057	Cell_2057	461	461
Cell_2058	Cell_2058	470	470
Cell_2059	Cell_2059	470	470
Cell_2060	Cell_2060	471	471
Cell_2061	Cell_2061	470	470
Cell_2062	Cell_2062	489	489
Cell_2063	Cell_2063	447	447
Cell_2064	Cell_2064	456	456
Cell_2065	Cell_2065	446	446
Cell_2066	Cell_2066	423	423
Cell_2067	Cell_2067	455	455
Cell_2068	Cell_2068	479	479
Cell_2069	Cell_2069	469	469
Cell_2070	Cell_2070	439	439
Cell_2071	Cell_2071	441	441
Cell_2072	Cell_2072	477	477
Cell_2073	Cell_2073	440	440
Cell_2074	Cell_2074	472	472
Cell_2075	Cell_2075	480	480
Cell_2076	Cell_2076	444	444
Cell_2077	Cell_2077	466	466
Cell_2078	Cell_2078	439	439
Cell_2079	Cell_2079	463	463
Cell_2080	Cell_2080	431	431
Cell_2081	Cell_2081	481	481
Cell_2082	Cell_2082	444	444
Cell_2083	Cell_2083	482	482
Cell_2084	Cell_2084	428	428
Cell_2085	Cell_2085	446	446
Cell_2086	Cell_2086	464	464
Cell_2087	Cell_2087	486	486
Cell_2088	Cell_2088	463	463
Cell_2089	Cell_2089	460	460
Cell_2090	Cell_2090	492	492
Cell_2091	Cell_2091	470	470
Cell_2092	Cell_2092	452	452
Cell_2093	Cell_2093	466	466
Cell_2094	Cell_2094	473	473
Cell_2095	Cell_2095	471	471
Cell_2096	Cell_2096	493	493
Cell_2097	Cell_2097	472	472
Cell_2098	Cell_2098	435	435
Cell_2099	Cell_2099	462	462
Cell_2100	Cell_2100	440	440
Cell_2101	Cell_2101	429	429
Cell_2102	Cell_2102	459	459
Cell_2103	Cell_2103	481	481
Cell_2104	Cell_2104	455	455
Cell_2105	Cell_2105	443	443
Cell_2106	Cell_2106	465	465
Cell_2107	Cell_2107	462	462
Cell_2108	Cell_2108	461	461
Cell_2109	Cell_2109	499	499
Cell_2110	Cell_2110	430	430
Cell_2111	Cell_2111	418	418
Cell_2112	Cell_2112	456	456
Cell_2113	Cell_2113	456	456
Cell_2114	Cell_2114	452	452
Cell_2115	Cell_2115	440	440
Cell_2116	Cell_2116	460	460
Cell_2117	Cell_2117	446	446
Cell_2118	Cell_2118	474	474
Cell_2119	Cell_2119	483	483
Cell_2120	Cell_2120	473	473
Cell_2121	Cell_2121	450	450
Cell_2122	Cell_2122	464	464
Cell_2123	Cell_2123	454	454
Cell_2124	Cell_2124	472	472
Cell_2125	Cell_2125	460	460
Cell_2126	Cell_2126	466	466
Cell_2127	Cell_2127	445	445
Cell_2128	Cell_2128	500	500
Cell_2129	Cell_2129	477	477
Cell_2130	Cell_2130	437	437
Cell_2131	Cell_2131	426	426
Cell_2132	Cell_2132	480	480
Cell_2133	Cell_2133	481	481
Cell_2134	Cell_2134	429	429
Cell_2135	Cell_2135	468	468
Cell_2136	Cell_2136	437	437
Cell_2137	Cell_2137	445	445
Cell_2138	Cell_2138	461	461
Cell_2139	Cell_2139	467	467
Cell_2140	Cell_2140	451	451
Cell_2141	Cell_2141	425	425
Cell_2142	Cell_2142	467	467
Cell_2143	Cell_2143	467	467
Cell_2144	Cell_2144	469	469
Cell_2145	Cell_2145	486	486
Cell_2146	Cell_2146	431	431
Cell_2147	Cell_2147	460	460
Cell_2148	Cell_2148	485	485
Cell_2149	Cell_2149	474	474
Cell_2150	Cell_2150	444	444
Cell_2151	Cell_2151	479	479
Cell_2152	Cell_2152	449	449
Cell_2153	Cell_2153	464	464
Cell_2154	Cell_2154	458	458
Cell_2155	Cell_2155	479	479
Cell_2156	Cell_2156	438	438
Cell_2157	Cell_2157	473	473
Cell_2158	Cell_2158	465	465
Cell_2159	Cell_2159	456	456
Cell_2160	Cell_2160	472	472
Cell_2161	Cell_2161	465	465
Cell_2162	Cell_2162	467	467
Cell_2163	Cell_2163	440	440
Cell_2164	Cell_2164	495	495
Cell_2165	Cell_2165	456	456
Cell_2166	Cell_2166	477	477
Cell_2167	Cell_2167	466	466
Cell_2168	Cell_2168	475	475
Cell_2169	Cell_2169	455	455
Cell_2170	Cell_2170	470	470
Cell_2171	Cell_2171	442	442
Cell_2172	Cell_2172	488	488
Cell_2173	Cell_2173	496	496
Cell_2174	Cell_2174	460	460
Cell_2175	Cell_2175	461	461
Cell_2176	Cell_2176	448	448
Cell_2177	Cell_2177	466	466
Cell_2178	Cell_2178	454	454
Cell_2179	Cell_2179	433	433
Cell_2180	Cell_2180	486	486
Cell_2181	Cell_2181	437	437
Cell_2182	Cell_2182	488	488
Cell_2183	Cell_2183	490	490
Cell_2184	Cell_2184	447	447
Cell_2185	Cell_2185	468	468
Cell_2186	Cell_2186	468	468
Cell_2187	Cell_2187	469	469
Cell_2188	Cell_2188	457	457
Cell_2189	Cell_2189	444	444
Cell_2190	Cell_2190	457	457
Cell_2191	Cell_2191	498	498
Cell_2192	Cell_2192	481	481
Cell_2193	Cell_2193	484	484
Cell_2194	Cell_2194	452	452
Cell_2195	Cell_2195	462	462
Cell_2196	Cell_2196	448	448
Cell_2197	Cell_2197	447	447
Cell_2198	Cell_2198	455	455
Cell_2199	Cell_2199	463	463
Cell_2200	Cell_2200	457	457
Cell_2201	Cell_2201	416	416
Cell_2202	Cell_2202	447	447
Cell_2203	Cell_2203	476	476
Cell_2204	Cell_2204	468	468
Cell_2205	Cell_2205	476	476
Cell_2206	Cell_2206	480	480
Cell_2207	Cell_2207	478	478
Cell_2208	Cell_2208	487	487
Cell_2209	Cell_2209	469	469
Cell_2210	Cell_2210	483	483
Cell_2211	Cell_2211	458	458
Cell_2212	Cell_2212	462	462
Cell_2213	Cell_2213	453	453
Cell_2214	Cell_2214	487	487
Cell_2215	Cell_2215	484	484
Cell_2216	Cell_2216	479	479
Cell_2217	Cell_2217	468	468
Cell_2218	Cell_2218	475	475
Cell_2219	Cell_2219	480	480
Cell_2220	Cell_2220	421	421
Cell_2221	Cell_2221	464	464
Cell_2222	Cell_2222	484	484
Cell_2223	Cell_2223	504	504
Cell_2224	Cell_2224	486	486
Cell_2225	Cell_2225	471	471
Cell_2226	Cell_2226	486	486
Cell_2227	Cell_2227	459	459
Cell_2228	Cell_2228	471	471
Cell_2229	Cell_2229	432	432
Cell_2230	Cell_2230	448	448
Cell_2231	Cell_2231	443	443
Cell_2232	Cell_2232	465	465
Cell_2233	Cell_2233	441	441
Cell_2234	Cell_2234	503	503
Cell_2235	Cell_2235	485	485
Cell_2236	Cell_2236	445	445
Cell_2237	Cell_2237	497	497
Cell_2238	Cell_2238	465	465
Cell_2239	Cell_2239	449	449
Cell_2240	Cell_2240	516	516
Cell_2241	Cell_2241	485	485
Cell_2242	Cell_2242	487	487
Cell_2243	Cell_2243	459	459
Cell_2244	Cell_2244	485	485
Cell_2245	Cell_2245	462	462
Cell_2246	Cell_2246	467	467
Cell_2247	Cell_2247	425	425
Cell_2248	Cell_2248	469	469
Cell_2249	Cell_2249	458	458
Cell_2250	Cell_2250	454	454
Cell_2251	Cell_2251	481	481
Cell_2252	Cell_2252	487	487
Cell_2253	Cell_2253	459	459
Cell_2254	Cell_2254	468	468
Cell_2255	Cell_2255	500	500
Cell_2256	Cell_2256	463	463
Cell_2257	Cell_2257	464	464
Cell_2258	Cell_2258	476	476
Cell_2259	Cell_2259	434	434
Cell_2260	Cell_2260	426	426
Cell_2261	Cell_2261	454	454
Cell_2262	Cell_2262	450	450
Cell_2263	Cell_2263	475	475
Cell_2264	Cell_2264	463	463
Cell_2265	Cell_2265	456	456
Cell_2266	Cell_2266	491	491
Cell_2267	Cell_2267	461	461
Cell_2268	Cell_2268	463	463
Cell_2269	Cell_2269	480	480
Cell_2270	Cell_2270	466	466
Cell_2271	Cell_2271	476	476
Cell_2272	Cell_2272	470	470
Cell_2273	Cell_2273	466	466
Cell_2274	Cell_2274	485	485
Cell_2275	Cell_2275	477	477
Cell_2276	Cell_2276	494	494
Cell_2277	Cell_2277	430	430
Cell_2278	Cell_2278	471	471
Cell_2279	Cell_2279	475	475
Cell_2280	Cell_2280	440	440
Cell_2281	Cell_2281	475	475
Cell_2282	Cell_2282	462	462
Cell_2283	Cell_2283	482	482
Cell_2284	Cell_2284	455	455
Cell_2285	Cell_2285	449	449
Cell_2286	Cell_2286	478	478
Cell_2287	Cell_2287	468	468
Cell_2288	Cell_2288	440	440
Cell_2289	Cell_2289	466	466
Cell_2290	Cell_2290	481	481
Cell_2291	Cell_2291	454	454
Cell_2292	Cell_2292	444	444
Cell_2293	Cell_2293	488	488
Cell_2294	Cell_2294	459	459
Cell_2295	Cell_2295	450	450
Cell_2296	Cell_2296	475	475
Cell_2297	Cell_2297	458	458
Cell_2298	Cell_2298	464	464
Cell_2299	Cell_2299	478	478
Cell_2300	Cell_2300	451	451
Cell_2301	Cell_2301	455	455
Cell_2302	Cell_2302	488	488
Cell_2303	Cell_2303	447	447
Cell_2304	Cell_2304	499	499
Cell_2305	Cell_2305	487	487
Cell_2306	Cell_2306	434	434
Cell_2307	Cell_2307	453	453
Cell_2308	Cell_2308	457	457
Cell_2309	Cell_2309	471	471
Cell_2310	Cell_2310	480	480
Cell_2311	Cell_2311	457	457
Cell_2312	Cell_2312	496	496
Cell_2313	Cell_2313	495	495
Cell_2314	Cell_2314	459	459
Cell_2315	Cell_2315	454	454
Cell_2316	Cell_2316	475	475
Cell_2317	Cell_2317	453	453
Cell_2318	Cell_2318	458	458
Cell_2319	Cell_2319	477	477
Cell_2320	Cell_2320	457	457
Cell_2321	Cell_2321	440	440
Cell_2322	Cell_2322	466	466
Cell_2323	Cell_2323	450	450
Cell_2324	Cell_2324	452	452
Cell_2325	Cell_2325	491	491
Cell_2326	Cell_2326	468	468
Cell_2327	Cell_2327	505	505
Cell_2328	Cell_2328	453	453
Cell_2329	Cell_2329	470	470
Cell_2330	Cell_2330	479	479
Cell_2331	Cell_2331	456	456
Cell_2332	Cell_2332	500	500
Cell_2333	Cell_2333	517	517
Cell_2334	Cell_2334	476	476
Cell_2335	Cell_2335	464	464
Cell_2336	Cell_2336	468	468
Cell_2337	Cell_2337	503	503
Cell_2338	Cell_2338	451	451
Cell_2339	Cell_2339	460	460
Cell_2340	Cell_2340	488	488
Cell_2341	Cell_2341	459	459
Cell_2342	Cell_2342	462	462
Cell_2343	Cell_2343	489	489
Cell_2344	Cell_2344	449	449
Cell_2345	Cell_2345	500	500
Cell_2346	Cell_2346	454	454
Cell_2347	Cell_2347	484	484
Cell_2348	Cell_2348	448	448
Cell_2349	Cell_2349	470	470
Cell_2350	Cell_2350	449	449
Cell_2351	Cell_2351	457	457
Cell_2352	Cell_2352	448	448
Cell_2353	Cell_2353	475	475
Cell_2354	Cell_2354	487	487
Cell_2355	Cell_2355	481	481
Cell_2356	Cell_2356	475	475
Cell_2357	Cell_2357	480	480
Cell_2358	Cell_2358	486	486
Cell_2359	Cell_2359	472	472
Cell_2360	Cell_2360	443	443
Cell_2361	Cell_2361	454	454
Cell_2362	Cell_2362	475	475
Cell_2363	Cell_2363	471	471
Cell_2364	Cell_2364	485	485
Cell_2365	Cell_2365	490	490
Cell_2366	Cell_2366	474	474
Cell_2367	Cell_2367	438	438
Cell_2368	Cell_2368	464	464
Cell_2369	Cell_2369	470	470
Cell_2370	Cell_2370	463	463
Cell_2371	Cell_2371	474	474
Cell_2372	Cell_2372	453	453
Cell_2373	Cell_2373	458	458
Cell_2374	Cell_2374	479	479
Cell_2375	Cell_2375	443	443
Cell_2376	Cell_2376	452	452
Cell_2377	Cell_2377	484	484
Cell_2378	Cell_2378	466	466
Cell_2379	Cell_2379	472	472
Cell_2380	Cell_2380	443	443
Cell_2381	Cell_2381	483	483
Cell_2382	Cell_2382	478	478
Cell_2383	Cell_2383	467	467
Cell_2384	Cell_2384	510	510
Cell_2385	Cell_2385	451	451
Cell_2386	Cell_2386	479	479
Cell_2387	Cell_2387	454	454
Cell_2388	Cell_2388	466	466
Cell_2389	Cell_2389	474	474
Cell_2390	Cell_2390	419	419
Cell_2391	Cell_2391	495	495
Cell_2392	Cell_2392	497	497
Cell_2393	Cell_2393	493	493
Cell_2394	Cell_2394	469	469
Cell_2395	Cell_2395	472	472
Cell_2396	Cell_2396	464	464
Cell_2397	Cell_2397	448	448
Cell_2398	Cell_2398	471	471
Cell_2399	Cell_2399	455	455
Cell_2400	Cell_2400	465	465
Cell_2401	Cell_2401	455	455
Cell_2402	Cell_2402	483	483
Cell_2403	Cell_2403	468	468
Cell_2404	Cell_2404	458	458
Cell_2405	Cell_2405	437	437
Cell_2406	Cell_2406	452	452
Cell_2407	Cell_2407	454	454
Cell_2408	Cell_2408	463	463
Cell_2409	Cell_2409	482	482
Cell_2410	Cell_2410	421	421
Cell_2411	Cell_2411	484	484
Cell_2412	Cell_2412	470	470
Cell_2413	Cell_2413	481	481
Cell_2414	Cell_2414	450	450
Cell_2415	Cell_2415	457	457
Cell_2416	Cell_2416	463	463
Cell_2417	Cell_2417	467	467
Cell_2418	Cell_2418	488	488
Cell_2419	Cell_2419	464	464
Cell_2420	Cell_2420	447	447
Cell_2421	Cell_2421	466	466
Cell_2422	Cell_2422	446	446
Cell_2423	Cell_2423	442	442
Cell_2424	Cell_2424	457	457
Cell_2425	Cell_2425	439	439
Cell_2426	Cell_2426	440	440
Cell_2427	Cell_2427	435	435
Cell_2428	Cell_2428	462	462
Cell_2429	Cell_2429	473	473
Cell_2430	Cell_2430	472	472
Cell_2431	Cell_2431	504	504
Cell_2432	Cell_2432	485	485
Cell_2433	Cell_2433	477	477
Cell_2434	Cell_2434	439	439
Cell_2435	Cell_2435	463	463
Cell_2436	Cell_2436	483	483
Cell_2437	Cell_2437	452	452
Cell_2438	Cell_2438	449	449
Cell_2439	Cell_2439	446	446
Cell_2440	Cell_2440	500	500
Cell_2441	Cell_2441	468	468
Cell_2442	Cell_2442	434	434
Cell_2443	Cell_2443	473	473
Cell_2444	Cell_2444	461	461
Cell_2445	Cell_2445	472	472
Cell_2446	Cell_2446	479	479
Cell_2447	Cell_2447	502	502
Cell_2448	Cell_2448	478	478
Cell_2449	Cell_2449	471	471
Cell_2450	Cell_2450	479	479
Cell_2451	Cell_2451	481	481
Cell_2452	Cell_2452	470	470
Cell_2453	Cell_2453	478	478
Cell_2454	Cell_2454	460	460
Cell_2455	Cell_2455	448	448
Cell_2456	Cell_2456	457	457
Cell_2457	Cell_2457	479	479
Cell_2458	Cell_2458	451	451
Cell_2459	Cell_2459	466	466
Cell_2460	Cell_2460	461	461
Cell_2461	Cell_2461	471	471
Cell_2462	Cell_2462	515	515
Cell_2463	Cell_2463	474	474
Cell_2464	Cell_2464	469	469
Cell_2465	Cell_2465	453	453
Cell_2466	Cell_2466	463	463
Cell_2467	Cell_2467	469	469
Cell_2468	Cell_2468	449	449
Cell_2469	Cell_2469	476	476
Cell_2470	Cell_2470	501	501
Cell_2471	Cell_2471	462	462
Cell_2472	Cell_2472	465	465
Cell_2473	Cell_2473	462	462
Cell_2474	Cell_2474	494	494
Cell_2475	Cell_2475	475	475
Cell_2476	Cell_2476	469	469
Cell_2477	Cell_2477	453	453
Cell_2478	Cell_2478	492	492
Cell_2479	Cell_2479	480	480
Cell_2480	Cell_2480	508	508
Cell_2481	Cell_2481	497	497
Cell_2482	Cell_2482	460	460
Cell_2483	Cell_2483	485	485
Cell_2484	Cell_2484	441	441
Cell_2485	Cell_2485	486	486
Cell_2486	Cell_2486	496	496
Cell_2487	Cell_2487	468	468
Cell_2488	Cell_2488	474	474
Cell_2489	Cell_2489	463	463
Cell_2490	Cell_2490	484	484
Cell_2491	Cell_2491	453	453
Cell_2492	Cell_2492	462	462
Cell_2493	Cell_2493	418	418
Cell_2494	Cell_2494	494	494
Cell_2495	Cell_2495	461	461
Cell_2496	Cell_2496	450	450
Cell_2497	Cell_2497	452	452
Cell_2498	Cell_2498	487	487
Cell_2499	Cell_2499	453	453
Cell_2500	Cell_2500	494	494
Cell_2501	Cell_2501	446	446
Cell_2502	Cell_2502	445	445
Cell_2503	Cell_2503	483	483
Cell_2504	Cell_2504	456	456
Cell_2505	Cell_2505	466	466
Cell_2506	Cell_2506	452	452
Cell_2507	Cell_2507	457	457
Cell_2508	Cell_2508	440	440
Cell_2509	Cell_2509	450	450
Cell_2510	Cell_2510	464	464
Cell_2511	Cell_2511	456	456
Cell_2512	Cell_2512	466	466
Cell_2513	Cell_2513	502	502
Cell_2514	Cell_2514	473	473
Cell_2515	Cell_2515	473	473
Cell_2516	Cell_2516	458	458
Cell_2517	Cell_2517	458	458
Cell_2518	Cell_2518	465	465
Cell_2519	Cell_2519	486	486
Cell_2520	Cell_2520	486	486
Cell_2521	Cell_2521	456	456
Cell_2522	Cell_2522	424	424
Cell_2523	Cell_2523	470	470
Cell_2524	Cell_2524	464	464
Cell_2525	Cell_2525	449	449
Cell_2526	Cell_2526	445	445
Cell_2527	Cell_2527	439	439
Cell_2528	Cell_2528	463	463
Cell_2529	Cell_2529	454	454
Cell_2530	Cell_2530	474	474
Cell_2531	Cell_2531	449	449
Cell_2532	Cell_2532	447	447
Cell_2533	Cell_2533	457	457
Cell_2534	Cell_2534	441	441
Cell_2535	Cell_2535	466	466
Cell_2536	Cell_2536	500	500
Cell_2537	Cell_2537	467	467
Cell_2538	Cell_2538	478	478
Cell_2539	Cell_2539	457	457
Cell_2540	Cell_2540	484	484
Cell_2541	Cell_2541	483	483
Cell_2542	Cell_2542	496	496
Cell_2543	Cell_2543	475	475
Cell_2544	Cell_2544	471	471
Cell_2545	Cell_2545	468	468
Cell_2546	Cell_2546	458	458
Cell_2547	Cell_2547	475	475
Cell_2548	Cell_2548	452	452
Cell_2549	Cell_2549	439	439
Cell_2550	Cell_2550	448	448
Cell_2551	Cell_2551	439	439
Cell_2552	Cell_2552	481	481
Cell_2553	Cell_2553	464	464
Cell_2554	Cell_2554	477	477
Cell_2555	Cell_2555	426	426
Cell_2556	Cell_2556	439	439
Cell_2557	Cell_2557	458	458
Cell_2558	Cell_2558	450	450
Cell_2559	Cell_2559	459	459
Cell_2560	Cell_2560	444	444
Cell_2561	Cell_2561	461	461
Cell_2562	Cell_2562	455	455
Cell_2563	Cell_2563	449	449
Cell_2564	Cell_2564	476	476
Cell_2565	Cell_2565	480	480
Cell_2566	Cell_2566	458	458
Cell_2567	Cell_2567	480	480
Cell_2568	Cell_2568	463	463
Cell_2569	Cell_2569	460	460
Cell_2570	Cell_2570	495	495
Cell_2571	Cell_2571	486	486
Cell_2572	Cell_2572	457	457
Cell_2573	Cell_2573	453	453
Cell_2574	Cell_2574	442	442
Cell_2575	Cell_2575	454	454
Cell_2576	Cell_2576	470	470
Cell_2577	Cell_2577	449	449
Cell_2578	Cell_2578	503	503
Cell_2579	Cell_2579	469	469
Cell_2580	Cell_2580	457	457
Cell_2581	Cell_2581	497	497
Cell_2582	Cell_2582	446	446
Cell_2583	Cell_2583	488	488
Cell_2584	Cell_2584	481	481
Cell_2585	Cell_2585	464	464
Cell_2586	Cell_2586	479	479
Cell_2587	Cell_2587	457	457
Cell_2588	Cell_2588	494	494
Cell_2589	Cell_2589	474	474
Cell_2590	Cell_2590	449	449
Cell_2591	Cell_2591	474	474
Cell_2592	Cell_2592	466	466
Cell_2593	Cell_2593	445	445
Cell_2594	Cell_2594	503	503
Cell_2595	Cell_2595	492	492
Cell_2596	Cell_2596	469	469
Cell_2597	Cell_2597	476	476
Cell_2598	Cell_2598	457	457
Cell_2599	Cell_2599	462	462
Cell_2600	Cell_2600	467	467
Cell_2601	Cell_2601	455	455
Cell_2602	Cell_2602	482	482
Cell_2603	Cell_2603	470	470
Cell_2604	Cell_2604	469	469
Cell_2605	Cell_2605	491	491
Cell_2606	Cell_2606	453	453
Cell_2607	Cell_2607	472	472
Cell_2608	Cell_2608	505	505
Cell_2609	Cell_2609	464	464
Cell_2610	Cell_2610	458	458
Cell_2611	Cell_2611	436	436
Cell_2612	Cell_2612	438	438
Cell_2613	Cell_2613	459	459
Cell_2614	Cell_2614	455	455
Cell_2615	Cell_2615	453	453
Cell_2616	Cell_2616	458	458
Cell_2617	Cell_2617	419	419
Cell_2618	Cell_2618	441	441
Cell_2619	Cell_2619	459	459
Cell_2620	Cell_2620	452	452
Cell_2621	Cell_2621	451	451
Cell_2622	Cell_2622	476	476
Cell_2623	Cell_2623	459	459
Cell_2624	Cell_2624	485	485
Cell_2625	Cell_2625	470	470
Cell_2626	Cell_2626	492	492
Cell_2627	Cell_2627	461	461
Cell_2628	Cell_2628	463	463
Cell_2629	Cell_2629	482	482
Cell_2630	Cell_2630	475	475
Cell_2631	Cell_2631	474	474
Cell_2632	Cell_2632	425	425
Cell_2633	Cell_2633	471	471
Cell_2634	Cell_2634	456	456
Cell_2635	Cell_2635	473	473
Cell_2636	Cell_2636	494	494
Cell_2637	Cell_2637	499	499
Cell_2638	Cell_2638	447	447
Cell_2639	Cell_2639	472	472
Cell_2640	Cell_2640	466	466
Cell_2641	Cell_2641	465	465
Cell_2642	Cell_2642	456	456
Cell_2643	Cell_2643	456	456
Cell_2644	Cell_2644	454	454
Cell_2645	Cell_2645	461	461
Cell_2646	Cell_2646	458	458
Cell_2647	Cell_2647	489	489
Cell_2648	Cell_2648	470	470
Cell_2649	Cell_2649	436	436
Cell_2650	Cell_2650	464	464
Cell_2651	Cell_2651	476	476
Cell_2652	Cell_2652	454	454
Cell_2653	Cell_2653	463	463
Cell_2654	Cell_2654	438	438
Cell_2655	Cell_2655	505	505
Cell_2656	Cell_2656	470	470
Cell_2657	Cell_2657	467	467
Cell_2658	Cell_2658	476	476
Cell_2659	Cell_2659	457	457
Cell_2660	Cell_2660	469	469
Cell_2661	Cell_2661	473	473
Cell_2662	Cell_2662	457	457
Cell_2663	Cell_2663	468	468
Cell_2664	Cell_2664	507	507
Cell_2665	Cell_2665	467	467
Cell_2666	Cell_2666	495	495
Cell_2667	Cell_2667	464	464
Cell_2668	Cell_2668	489	489
Cell_2669	Cell_2669	472	472
Cell_2670	Cell_2670	475	475
Cell_2671	Cell_2671	482	482
Cell_2672	Cell_2672	482	482
Cell_2673	Cell_2673	453	453
Cell_2674	Cell_2674	434	434
Cell_2675	Cell_2675	412	412
Cell_2676	Cell_2676	450	450
Cell_2677	Cell_2677	467	467
Cell_2678	Cell_2678	465	465
Cell_2679	Cell_2679	438	438
Cell_2680	Cell_2680	496	496
Cell_2681	Cell_2681	459	459
Cell_2682	Cell_2682	482	482
Cell_2683	Cell_2683	440	440
Cell_2684	Cell_2684	468	468
Cell_2685	Cell_2685	492	492
Cell_2686	Cell_2686	459	459
Cell_2687	Cell_2687	452	452
Cell_2688	Cell_2688	459	459
Cell_2689	Cell_2689	467	467
Cell_2690	Cell_2690	460	460
Cell_2691	Cell_2691	497	497
Cell_2692	Cell_2692	460	460
Cell_2693	Cell_2693	473	473
Cell_2694	Cell_2694	450	450
Cell_2695	Cell_2695	450	450
Cell_2696	Cell_2696	471	471
Cell_2697	Cell_2697	451	451
Cell_2698	Cell_2698	469	469
Cell_2699	Cell_2699	481	481
Cell_2700	Cell_2700	504	504
Cell_2701	Cell_2701	452	452
Cell_2702	Cell_2702	459	459
Cell_2703	Cell_2703	461	461
Cell_2704	Cell_2704	471	471
Cell_2705	Cell_2705	453	453
Cell_2706	Cell_2706	478	478
Cell_2707	Cell_2707	478	478
Cell_2708	Cell_2708	477	477
Cell_2709	Cell_2709	458	458
Cell_2710	Cell_2710	447	447
Cell_2711	Cell_2711	480	480
Cell_2712	Cell_2712	492	492
Cell_2713	Cell_2713	453	453
Cell_2714	Cell_2714	485	485
Cell_2715	Cell_2715	482	482
Cell_2716	Cell_2716	498	498
Cell_2717	Cell_2717	452	452
Cell_2718	Cell_2718	436	436
Cell_2719	Cell_2719	434	434
Cell_2720	Cell_2720	477	477
Cell_2721	Cell_2721	452	452
Cell_2722	Cell_2722	462	462
Cell_2723	Cell_2723	467	467
Cell_2724	Cell_2724	443	443
Cell_2725	Cell_2725	473	473
Cell_2726	Cell_2726	480	480
Cell_2727	Cell_2727	471	471
Cell_2728	Cell_2728	435	435
Cell_2729	Cell_2729	451	451
Cell_2730	Cell_2730	451	451
Cell_2731	Cell_2731	467	467
Cell_2732	Cell_2732	461	461
Cell_2733	Cell_2733	480	480
Cell_2734	Cell_2734	461	461
Cell_2735	Cell_2735	484	484
Cell_2736	Cell_2736	465	465
Cell_2737	Cell_2737	479	479
Cell_2738	Cell_2738	445	445
Cell_2739	Cell_2739	473	473
Cell_2740	Cell_2740	424	424
Cell_2741	Cell_2741	491	491
Cell_2742	Cell_2742	433	433
Cell_2743	Cell_2743	460	460
Cell_2744	Cell_2744	457	457
Cell_2745	Cell_2745	486	486
Cell_2746	Cell_2746	477	477
Cell_2747	Cell_2747	448	448
Cell_2748	Cell_2748	473	473
Cell_2749	Cell_2749	466	466
Cell_2750	Cell_2750	454	454
Cell_2751	Cell_2751	480	480
Cell_2752	Cell_2752	461	461
Cell_2753	Cell_2753	483	483
Cell_2754	Cell_2754	422	422
Cell_2755	Cell_2755	454	454
Cell_2756	Cell_2756	455	455
Cell_2757	Cell_2757	473	473
Cell_2758	Cell_2758	488	488
Cell_2759	Cell_2759	460	460
Cell_2760	Cell_2760	477	477
Cell_2761	Cell_2761	496	496
Cell_2762	Cell_2762	467	467
Cell_2763	Cell_2763	461	461
Cell_2764	Cell_2764	487	487
Cell_2765	Cell_2765	475	475
Cell_2766	Cell_2766	471	471
Cell_2767	Cell_2767	472	472
Cell_2768	Cell_2768	442	442
Cell_2769	Cell_2769	463	463
Cell_2770	Cell_2770	450	450
Cell_2771	Cell_2771	472	472
Cell_2772	Cell_2772	456	456
Cell_2773	Cell_2773	507	507
Cell_2774	Cell_2774	493	493
Cell_2775	Cell_2775	484	484
Cell_2776	Cell_2776	484	484
Cell_2777	Cell_2777	463	463
Cell_2778	Cell_2778	496	496
Cell_2779	Cell_2779	467	467
Cell_2780	Cell_2780	453	453
Cell_2781	Cell_2781	451	451
Cell_2782	Cell_2782	440	440
Cell_2783	Cell_2783	465	465
Cell_2784	Cell_2784	457	457
Cell_2785	Cell_2785	477	477
Cell_2786	Cell_2786	466	466
Cell_2787	Cell_2787	455	455
Cell_2788	Cell_2788	498	498
Cell_2789	Cell_2789	464	464
Cell_2790	Cell_2790	504	504
Cell_2791	Cell_2791	504	504
Cell_2792	Cell_2792	443	443
Cell_2793	Cell_2793	454	454
Cell_2794	Cell_2794	467	467
Cell_2795	Cell_2795	448	448
Cell_2796	Cell_2796	476	476
Cell_2797	Cell_2797	502	502
Cell_2798	Cell_2798	461	461
Cell_2799	Cell_2799	445	445
Cell_2800	Cell_2800	465	465
Cell_2801	Cell_2801	469	469
Cell_2802	Cell_2802	472	472
Cell_2803	Cell_2803	468	468
Cell_2804	Cell_2804	461	461
Cell_2805	Cell_2805	476	476
Cell_2806	Cell_2806	478	478
Cell_2807	Cell_2807	481	481
Cell_2808	Cell_2808	429	429
Cell_2809	Cell_2809	475	475
Cell_2810	Cell_2810	460	460
Cell_2811	Cell_2811	474	474
Cell_2812	Cell_2812	473	473
Cell_2813	Cell_2813	463	463
Cell_2814	Cell_2814	476	476
Cell_2815	Cell_2815	435	435
Cell_2816	Cell_2816	454	454
Cell_2817	Cell_2817	438	438
Cell_2818	Cell_2818	497	497
Cell_2819	Cell_2819	464	464
Cell_2820	Cell_2820	458	458
Cell_2821	Cell_2821	440	440
Cell_2822	Cell_2822	468	468
Cell_2823	Cell_2823	469	469
Cell_2824	Cell_2824	477	477
Cell_2825	Cell_2825	483	483
Cell_2826	Cell_2826	467	467
Cell_2827	Cell_2827	475	475
Cell_2828	Cell_2828	495	495
Cell_2829	Cell_2829	482	482
Cell_2830	Cell_2830	459	459
Cell_2831	Cell_2831	473	473
Cell_2832	Cell_2832	462	462
Cell_2833	Cell_2833	474	474
Cell_2834	Cell_2834	478	478
Cell_2835	Cell_2835	469	469
Cell_2836	Cell_2836	473	473
Cell_2837	Cell_2837	464	464
Cell_2838	Cell_2838	482	482
Cell_2839	Cell_2839	445	445
Cell_2840	Cell_2840	480	480
Cell_2841	Cell_2841	475	475
Cell_2842	Cell_2842	465	465
Cell_2843	Cell_2843	473	473
Cell_2844	Cell_2844	448	448
Cell_2845	Cell_2845	502	502
Cell_2846	Cell_2846	476	476
Cell_2847	Cell_2847	451	451
Cell_2848	Cell_2848	471	471
Cell_2849	Cell_2849	458	458
Cell_2850	Cell_2850	488	488
Cell_2851	Cell_2851	474	474
Cell_2852	Cell_2852	468	468
Cell_2853	Cell_2853	490	490
Cell_2854	Cell_2854	490	490
Cell_2855	Cell_2855	455	455
Cell_2856	Cell_2856	479	479
Cell_2857	Cell_2857	473	473
Cell_2858	Cell_2858	440	440
Cell_2859	Cell_2859	448	448
Cell_2860	Cell_2860	468	468
Cell_2861	Cell_2861	479	479
Cell_2862	Cell_2862	457	457
Cell_2863	Cell_2863	455	455
Cell_2864	Cell_2864	453	453
Cell_2865	Cell_2865	488	488
Cell_2866	Cell_2866	433	433
Cell_2867	Cell_2867	451	451
Cell_2868	Cell_2868	476	476
Cell_2869	Cell_2869	479	479
Cell_2870	Cell_2870	447	447
Cell_2871	Cell_2871	490	490
Cell_2872	Cell_2872	461	461
Cell_2873	Cell_2873	447	447
Cell_2874	Cell_2874	471	471
Cell_2875	Cell_2875	420	420
Cell_2876	Cell_2876	450	450
Cell_2877	Cell_2877	495	495
Cell_2878	Cell_2878	454	454
Cell_2879	Cell_2879	488	488
Cell_2880	Cell_2880	465	465
Cell_2881	Cell_2881	469	469
Cell_2882	Cell_2882	455	455
Cell_2883	Cell_2883	445	445
Cell_2884	Cell_2884	490	490
Cell_2885	Cell_2885	456	456
Cell_2886	Cell_2886	486	486
Cell_2887	Cell_2887	437	437
Cell_2888	Cell_2888	481	481
Cell_2889	Cell_2889	479	479
Cell_2890	Cell_2890	497	497
Cell_2891	Cell_2891	489	489
Cell_2892	Cell_2892	495	495
Cell_2893	Cell_2893	478	478
Cell_2894	Cell_2894	510	510
Cell_2895	Cell_2895	448	448
Cell_2896	Cell_2896	487	487
Cell_2897	Cell_2897	461	461
Cell_2898	Cell_2898	451	451
Cell_2899	Cell_2899	464	464
Cell_2900	Cell_2900	459	459
Cell_2901	Cell_2901	467	467
Cell_2902	Cell_2902	467	467
Cell_2903	Cell_2903	478	478
Cell_2904	Cell_2904	460	460
Cell_2905	Cell_2905	489	489
Cell_2906	Cell_2906	457	457
Cell_2907	Cell_2907	458	458
Cell_2908	Cell_2908	464	464
Cell_2909	Cell_2909	445	445
Cell_2910	Cell_2910	472	472
Cell_2911	Cell_2911	464	464
Cell_2912	Cell_2912	489	489
Cell_2913	Cell_2913	470	470
Cell_2914	Cell_2914	498	498
Cell_2915	Cell_2915	441	441
Cell_2916	Cell_2916	498	498
Cell_2917	Cell_2917	450	450
Cell_2918	Cell_2918	490	490
Cell_2919	Cell_2919	468	468
Cell_2920	Cell_2920	508	508
Cell_2921	Cell_2921	436	436
Cell_2922	Cell_2922	465	465
Cell_2923	Cell_2923	508	508
Cell_2924	Cell_2924	466	466
Cell_2925	Cell_2925	481	481
Cell_2926	Cell_2926	441	441
Cell_2927	Cell_2927	474	474
Cell_2928	Cell_2928	485	485
Cell_2929	Cell_2929	458	458
Cell_2930	Cell_2930	455	455
Cell_2931	Cell_2931	452	452
Cell_2932	Cell_2932	475	475
Cell_2933	Cell_2933	471	471
Cell_2934	Cell_2934	444	444
Cell_2935	Cell_2935	498	498
Cell_2936	Cell_2936	451	451
Cell_2937	Cell_2937	468	468
Cell_2938	Cell_2938	435	435
Cell_2939	Cell_2939	461	461
Cell_2940	Cell_2940	510	510
Cell_2941	Cell_2941	457	457
Cell_2942	Cell_2942	511	511
Cell_2943	Cell_2943	489	489
Cell_2944	Cell_2944	467	467
Cell_2945	Cell_2945	437	437
Cell_2946	Cell_2946	486	486
Cell_2947	Cell_2947	510	510
Cell_2948	Cell_2948	480	480
Cell_2949	Cell_2949	462	462
Cell_2950	Cell_2950	493	493
Cell_2951	Cell_2951	442	442
Cell_2952	Cell_2952	463	463
Cell_2953	Cell_2953	488	488
Cell_2954	Cell_2954	482	482
Cell_2955	Cell_2955	460	460
Cell_2956	Cell_2956	482	482
Cell_2957	Cell_2957	455	455
Cell_2958	Cell_2958	461	461
Cell_2959	Cell_2959	494	494
Cell_2960	Cell_2960	484	484
Cell_2961	Cell_2961	494	494
Cell_2962	Cell_2962	485	485
Cell_2963	Cell_2963	479	479
Cell_2964	Cell_2964	476	476
Cell_2965	Cell_2965	455	455
Cell_2966	Cell_2966	462	462
Cell_2967	Cell_2967	456	456
Cell_2968	Cell_2968	468	468
Cell_2969	Cell_2969	426	426
Cell_2970	Cell_2970	475	475
Cell_2971	Cell_2971	470	470
Cell_2972	Cell_2972	491	491
Cell_2973	Cell_2973	454	454
Cell_2974	Cell_2974	457	457
Cell_2975	Cell_2975	497	497
Cell_2976	Cell_2976	470	470
Cell_2977	Cell_2977	433	433
Cell_2978	Cell_2978	480	480
Cell_2979	Cell_2979	461	461
Cell_2980	Cell_2980	472	472
Cell_2981	Cell_2981	478	478
Cell_2982	Cell_2982	447	447
Cell_2983	Cell_2983	447	447
Cell_2984	Cell_2984	466	466
Cell_2985	Cell_2985	457	457
Cell_2986	Cell_2986	468	468
Cell_2987	Cell_2987	458	458
Cell_2988	Cell_2988	463	463
Cell_2989	Cell_2989	418	418
Cell_2990	Cell_2990	454	454
Cell_2991	Cell_2991	446	446
Cell_2992	Cell_2992	469	469
Cell_2993	Cell_2993	474	474
Cell_2994	Cell_2994	460	460
Cell_2995	Cell_2995	440	440
Cell_2996	Cell_2996	458	458
Cell_2997	Cell_2997	468	468
Cell_2998	Cell_2998	469	469
Cell_2999	Cell_2999	465	465
Cell_3000	Cell_3000	453	453
Cell_3001	Cell_3001	483	483
Cell_3002	Cell_3002	483	483
Cell_3003	Cell_3003	481	481
Cell_3004	Cell_3004	500	500
Cell_3005	Cell_3005	496	496
Cell_3006	Cell_3006	458	458
Cell_3007	Cell_3007	473	473
Cell_3008	Cell_3008	472	472
Cell_3009	Cell_3009	467	467
Cell_3010	Cell_3010	476	476
Cell_3011	Cell_3011	477	477
Cell_3012	Cell_3012	493	493
Cell_3013	Cell_3013	477	477
Cell_3014	Cell_3014	445	445
Cell_3015	Cell_3015	447	447
Cell_3016	Cell_3016	432	432
Cell_3017	Cell_3017	457	457
Cell_3018	Cell_3018	465	465
Cell_3019	Cell_3019	476	476
Cell_3020	Cell_3020	470	470
Cell_3021	Cell_3021	463	463
Cell_3022	Cell_3022	483	483
Cell_3023	Cell_3023	448	448
Cell_3024	Cell_3024	466	466
Cell_3025	Cell_3025	460	460
Cell_3026	Cell_3026	504	504
Cell_3027	Cell_3027	445	445
Cell_3028	Cell_3028	492	492
Cell_3029	Cell_3029	464	464
Cell_3030	Cell_3030	462	462
Cell_3031	Cell_3031	454	454
Cell_3032	Cell_3032	442	442
Cell_3033	Cell_3033	505	505
Cell_3034	Cell_3034	440	440
Cell_3035	Cell_3035	438	438
Cell_3036	Cell_3036	490	490
Cell_3037	Cell_3037	461	461
Cell_3038	Cell_3038	452	452
Cell_3039	Cell_3039	474	474
Cell_3040	Cell_3040	473	473
Cell_3041	Cell_3041	457	457
Cell_3042	Cell_3042	485	485
Cell_3043	Cell_3043	478	478
Cell_3044	Cell_3044	480	480
Cell_3045	Cell_3045	481	481
Cell_3046	Cell_3046	463	463
Cell_3047	Cell_3047	488	488
Cell_3048	Cell_3048	461	461
Cell_3049	Cell_3049	477	477
Cell_3050	Cell_3050	468	468
Cell_3051	Cell_3051	471	471
Cell_3052	Cell_3052	486	486
Cell_3053	Cell_3053	469	469
Cell_3054	Cell_3054	461	461
Cell_3055	Cell_3055	496	496
Cell_3056	Cell_3056	496	496
Cell_3057	Cell_3057	477	477
Cell_3058	Cell_3058	483	483
Cell_3059	Cell_3059	466	466
Cell_3060	Cell_3060	463	463
Cell_3061	Cell_3061	471	471
Cell_3062	Cell_3062	469	469
Cell_3063	Cell_3063	449	449
Cell_3064	Cell_3064	417	417
Cell_3065	Cell_3065	474	474
Cell_3066	Cell_3066	486	486
Cell_3067	Cell_3067	475	475
Cell_3068	Cell_3068	480	480
Cell_3069	Cell_3069	462	462
Cell_3070	Cell_3070	475	475
Cell_3071	Cell_3071	486	486
Cell_3072	Cell_3072	469	469
Cell_3073	Cell_3073	498	498
Cell_3074	Cell_3074	466	466
Cell_3075	Cell_3075	478	478
Cell_3076	Cell_3076	486	486
Cell_3077	Cell_3077	467	467
Cell_3078	Cell_3078	444	444
Cell_3079	Cell_3079	474	474
Cell_3080	Cell_3080	462	462
Cell_3081	Cell_3081	477	477
Cell_3082	Cell_3082	476	476
Cell_3083	Cell_3083	466	466
Cell_3084	Cell_3084	446	446
Cell_3085	Cell_3085	461	461
Cell_3086	Cell_3086	434	434
Cell_3087	Cell_3087	473	473
Cell_3088	Cell_3088	499	499
Cell_3089	Cell_3089	492	492
Cell_3090	Cell_3090	463	463
Cell_3091	Cell_3091	483	483
Cell_3092	Cell_3092	489	489
Cell_3093	Cell_3093	458	458
Cell_3094	Cell_3094	484	484
Cell_3095	Cell_3095	466	466
Cell_3096	Cell_3096	472	472
Cell_3097	Cell_3097	448	448
Cell_3098	Cell_3098	455	455
Cell_3099	Cell_3099	469	469
Cell_3100	Cell_3100	460	460
Cell_3101	Cell_3101	466	466
Cell_3102	Cell_3102	429	429
Cell_3103	Cell_3103	463	463
Cell_3104	Cell_3104	492	492
Cell_3105	Cell_3105	455	455
Cell_3106	Cell_3106	471	471
Cell_3107	Cell_3107	468	468
Cell_3108	Cell_3108	472	472
Cell_3109	Cell_3109	463	463
Cell_3110	Cell_3110	459	459
Cell_3111	Cell_3111	453	453
Cell_3112	Cell_3112	495	495
Cell_3113	Cell_3113	482	482
Cell_3114	Cell_3114	503	503
Cell_3115	Cell_3115	466	466
Cell_3116	Cell_3116	457	457
Cell_3117	Cell_3117	478	478
Cell_3118	Cell_3118	457	457
Cell_3119	Cell_3119	450	450
Cell_3120	Cell_3120	456	456
Cell_3121	Cell_3121	470	470
Cell_3122	Cell_3122	475	475
Cell_3123	Cell_3123	473	473
Cell_3124	Cell_3124	446	446
Cell_3125	Cell_3125	440	440
Cell_3126	Cell_3126	456	456
Cell_3127	Cell_3127	469	469
Cell_3128	Cell_3128	465	465
Cell_3129	Cell_3129	483	483
Cell_3130	Cell_3130	479	479
Cell_3131	Cell_3131	473	473
Cell_3132	Cell_3132	470	470
Cell_3133	Cell_3133	493	493
Cell_3134	Cell_3134	470	470
Cell_3135	Cell_3135	470	470
Cell_3136	Cell_3136	470	470
Cell_3137	Cell_3137	463	463
Cell_3138	Cell_3138	447	447
Cell_3139	Cell_3139	513	513
Cell_3140	Cell_3140	500	500
Cell_3141	Cell_3141	471	471
Cell_3142	Cell_3142	456	456
Cell_3143	Cell_3143	459	459
Cell_3144	Cell_3144	494	494
Cell_3145	Cell_3145	459	459
Cell_3146	Cell_3146	473	473
Cell_3147	Cell_3147	428	428
Cell_3148	Cell_3148	470	470
Cell_3149	Cell_3149	484	484
Cell_3150	Cell_3150	418	418
Cell_3151	Cell_3151	471	471
Cell_3152	Cell_3152	450	450
Cell_3153	Cell_3153	468	468
Cell_3154	Cell_3154	429	429
Cell_3155	Cell_3155	442	442
Cell_3156	Cell_3156	468	468
Cell_3157	Cell_3157	454	454
Cell_3158	Cell_3158	472	472
Cell_3159	Cell_3159	448	448
Cell_3160	Cell_3160	460	460
Cell_3161	Cell_3161	454	454
Cell_3162	Cell_3162	451	451
Cell_3163	Cell_3163	505	505
Cell_3164	Cell_3164	459	459
Cell_3165	Cell_3165	458	458
Cell_3166	Cell_3166	474	474
Cell_3167	Cell_3167	445	445
Cell_3168	Cell_3168	486	486
Cell_3169	Cell_3169	459	459
Cell_3170	Cell_3170	470	470
Cell_3171	Cell_3171	457	457
Cell_3172	Cell_3172	471	471
Cell_3173	Cell_3173	464	464
Cell_3174	Cell_3174	464	464
Cell_3175	Cell_3175	490	490
Cell_3176	Cell_3176	454	454
Cell_3177	Cell_3177	477	477
Cell_3178	Cell_3178	444	444
Cell_3179	Cell_3179	481	481
Cell_3180	Cell_3180	474	474
Cell_3181	Cell_3181	453	453
Cell_3182	Cell_3182	453	453
Cell_3183	Cell_3183	469	469
Cell_3184	Cell_3184	453	453
Cell_3185	Cell_3185	463	463
Cell_3186	Cell_3186	457	457
Cell_3187	Cell_3187	442	442
Cell_3188	Cell_3188	464	464
Cell_3189	Cell_3189	449	449
Cell_3190	Cell_3190	469	469
Cell_3191	Cell_3191	504	504
Cell_3192	Cell_3192	470	470
Cell_3193	Cell_3193	453	453
Cell_3194	Cell_3194	449	449
Cell_3195	Cell_3195	486	486
Cell_3196	Cell_3196	470	470
Cell_3197	Cell_3197	464	464
Cell_3198	Cell_3198	447	447
Cell_3199	Cell_3199	479	479
Cell_3200	Cell_3200	478	478
Cell_3201	Cell_3201	458	458
Cell_3202	Cell_3202	468	468
Cell_3203	Cell_3203	454	454
Cell_3204	Cell_3204	482	482
Cell_3205	Cell_3205	492	492
Cell_3206	Cell_3206	491	491
Cell_3207	Cell_3207	484	484
Cell_3208	Cell_3208	456	456
Cell_3209	Cell_3209	447	447
Cell_3210	Cell_3210	468	468
Cell_3211	Cell_3211	469	469
Cell_3212	Cell_3212	451	451
Cell_3213	Cell_3213	464	464
Cell_3214	Cell_3214	437	437
Cell_3215	Cell_3215	509	509
Cell_3216	Cell_3216	436	436
Cell_3217	Cell_3217	508	508
Cell_3218	Cell_3218	458	458
Cell_3219	Cell_3219	466	466
Cell_3220	Cell_3220	464	464
Cell_3221	Cell_3221	482	482
Cell_3222	Cell_3222	444	444
Cell_3223	Cell_3223	448	448
Cell_3224	Cell_3224	474	474
Cell_3225	Cell_3225	489	489
Cell_3226	Cell_3226	463	463
Cell_3227	Cell_3227	445	445
Cell_3228	Cell_3228	466	466
Cell_3229	Cell_3229	441	441
Cell_3230	Cell_3230	489	489
Cell_3231	Cell_3231	448	448
Cell_3232	Cell_3232	461	461
Cell_3233	Cell_3233	476	476
Cell_3234	Cell_3234	497	497
Cell_3235	Cell_3235	498	498
Cell_3236	Cell_3236	483	483
Cell_3237	Cell_3237	484	484
Cell_3238	Cell_3238	461	461
Cell_3239	Cell_3239	475	475
Cell_3240	Cell_3240	465	465
Cell_3241	Cell_3241	465	465
Cell_3242	Cell_3242	460	460
Cell_3243	Cell_3243	454	454
Cell_3244	Cell_3244	447	447
Cell_3245	Cell_3245	477	477
Cell_3246	Cell_3246	461	461
Cell_3247	Cell_3247	486	486
Cell_3248	Cell_3248	496	496
Cell_3249	Cell_3249	437	437
Cell_3250	Cell_3250	472	472
Cell_3251	Cell_3251	462	462
Cell_3252	Cell_3252	479	479
Cell_3253	Cell_3253	483	483
Cell_3254	Cell_3254	496	496
Cell_3255	Cell_3255	468	468
Cell_3256	Cell_3256	451	451
Cell_3257	Cell_3257	483	483
Cell_3258	Cell_3258	473	473
Cell_3259	Cell_3259	466	466
Cell_3260	Cell_3260	434	434
Cell_3261	Cell_3261	524	524
Cell_3262	Cell_3262	488	488
Cell_3263	Cell_3263	436	436
Cell_3264	Cell_3264	440	440
Cell_3265	Cell_3265	467	467
Cell_3266	Cell_3266	472	472
Cell_3267	Cell_3267	449	449
Cell_3268	Cell_3268	453	453
Cell_3269	Cell_3269	454	454
Cell_3270	Cell_3270	484	484
Cell_3271	Cell_3271	459	459
Cell_3272	Cell_3272	452	452
Cell_3273	Cell_3273	453	453
Cell_3274	Cell_3274	478	478
Cell_3275	Cell_3275	426	426
Cell_3276	Cell_3276	453	453
Cell_3277	Cell_3277	453	453
Cell_3278	Cell_3278	482	482
Cell_3279	Cell_3279	446	446
Cell_3280	Cell_3280	457	457
Cell_3281	Cell_3281	447	447
Cell_3282	Cell_3282	475	475
Cell_3283	Cell_3283	470	470
Cell_3284	Cell_3284	486	486
Cell_3285	Cell_3285	459	459
Cell_3286	Cell_3286	445	445
Cell_3287	Cell_3287	440	440
Cell_3288	Cell_3288	463	463
Cell_3289	Cell_3289	496	496
Cell_3290	Cell_3290	482	482
Cell_3291	Cell_3291	457	457
Cell_3292	Cell_3292	476	476
Cell_3293	Cell_3293	476	476
Cell_3294	Cell_3294	433	433
Cell_3295	Cell_3295	435	435
Cell_3296	Cell_3296	451	451
Cell_3297	Cell_3297	478	478
Cell_3298	Cell_3298	462	462
Cell_3299	Cell_3299	466	466
Cell_3300	Cell_3300	484	484
Cell_3301	Cell_3301	478	478
Cell_3302	Cell_3302	467	467
Cell_3303	Cell_3303	457	457
Cell_3304	Cell_3304	445	445
Cell_3305	Cell_3305	499	499
Cell_3306	Cell_3306	503	503
Cell_3307	Cell_3307	482	482
Cell_3308	Cell_3308	473	473
Cell_3309	Cell_3309	481	481
Cell_3310	Cell_3310	444	444
Cell_3311	Cell_3311	488	488
Cell_3312	Cell_3312	452	452
Cell_3313	Cell_3313	441	441
Cell_3314	Cell_3314	454	454
Cell_3315	Cell_3315	456	456
Cell_3316	Cell_3316	475	475
Cell_3317	Cell_3317	471	471
Cell_3318	Cell_3318	448	448
Cell_3319	Cell_3319	486	486
Cell_3320	Cell_3320	452	452
Cell_3321	Cell_3321	466	466
Cell_3322	Cell_3322	458	458
Cell_3323	Cell_3323	453	453
Cell_3324	Cell_3324	474	474
Cell_3325	Cell_3325	438	438
Cell_3326	Cell_3326	518	518
Cell_3327	Cell_3327	477	477
Cell_3328	Cell_3328	451	451
Cell_3329	Cell_3329	459	459
Cell_3330	Cell_3330	463	463
Cell_3331	Cell_3331	490	490
Cell_3332	Cell_3332	460	460
Cell_3333	Cell_3333	494	494
Cell_3334	Cell_3334	454	454
Cell_3335	Cell_3335	458	458
Cell_3336	Cell_3336	444	444
Cell_3337	Cell_3337	484	484
Cell_3338	Cell_3338	467	467
Cell_3339	Cell_3339	456	456
Cell_3340	Cell_3340	477	477
Cell_3341	Cell_3341	445	445
Cell_3342	Cell_3342	490	490
Cell_3343	Cell_3343	505	505
Cell_3344	Cell_3344	475	475
Cell_3345	Cell_3345	504	504
Cell_3346	Cell_3346	465	465
Cell_3347	Cell_3347	447	447
Cell_3348	Cell_3348	446	446
Cell_3349	Cell_3349	475	475
Cell_3350	Cell_3350	487	487
Cell_3351	Cell_3351	450	450
Cell_3352	Cell_3352	423	423
Cell_3353	Cell_3353	494	494
Cell_3354	Cell_3354	459	459
Cell_3355	Cell_3355	454	454
Cell_3356	Cell_3356	472	472
Cell_3357	Cell_3357	484	484
Cell_3358	Cell_3358	519	519
Cell_3359	Cell_3359	453	453
Cell_3360	Cell_3360	476	476
Cell_3361	Cell_3361	472	472
Cell_3362	Cell_3362	447	447
Cell_3363	Cell_3363	456	456
Cell_3364	Cell_3364	509	509
Cell_3365	Cell_3365	444	444
Cell_3366	Cell_3366	482	482
Cell_3367	Cell_3367	480	480
Cell_3368	Cell_3368	508	508
Cell_3369	Cell_3369	481	481
Cell_3370	Cell_3370	473	473
Cell_3371	Cell_3371	479	479
Cell_3372	Cell_3372	449	449
Cell_3373	Cell_3373	456	456
Cell_3374	Cell_3374	465	465
Cell_3375	Cell_3375	453	453
Cell_3376	Cell_3376	456	456
Cell_3377	Cell_3377	464	464
Cell_3378	Cell_3378	471	471
Cell_3379	Cell_3379	443	443
Cell_3380	Cell_3380	469	469
Cell_3381	Cell_3381	495	495
Cell_3382	Cell_3382	465	465
Cell_3383	Cell_3383	479	479
Cell_3384	Cell_3384	436	436
Cell_3385	Cell_3385	471	471
Cell_3386	Cell_3386	492	492
Cell_3387	Cell_3387	471	471
Cell_3388	Cell_3388	451	451
Cell_3389	Cell_3389	492	492
Cell_3390	Cell_3390	474	474
Cell_3391	Cell_3391	460	460
Cell_3392	Cell_3392	425	425
Cell_3393	Cell_3393	463	463
Cell_3394	Cell_3394	486	486
Cell_3395	Cell_3395	449	449
Cell_3396	Cell_3396	472	472
Cell_3397	Cell_3397	490	490
Cell_3398	Cell_3398	467	467
Cell_3399	Cell_3399	494	494
Cell_3400	Cell_3400	460	460
Cell_3401	Cell_3401	472	472
Cell_3402	Cell_3402	464	464
Cell_3403	Cell_3403	484	484
Cell_3404	Cell_3404	482	482
Cell_3405	Cell_3405	468	468
Cell_3406	Cell_3406	449	449
Cell_3407	Cell_3407	494	494
Cell_3408	Cell_3408	445	445
Cell_3409	Cell_3409	491	491
Cell_3410	Cell_3410	460	460
Cell_3411	Cell_3411	475	475
Cell_3412	Cell_3412	471	471
Cell_3413	Cell_3413	493	493
Cell_3414	Cell_3414	494	494
Cell_3415	Cell_3415	479	479
Cell_3416	Cell_3416	473	473
Cell_3417	Cell_3417	457	457
Cell_3418	Cell_3418	444	444
Cell_3419	Cell_3419	458	458
Cell_3420	Cell_3420	455	455
Cell_3421	Cell_3421	492	492
Cell_3422	Cell_3422	477	477
Cell_3423	Cell_3423	511	511
Cell_3424	Cell_3424	464	464
Cell_3425	Cell_3425	495	495
Cell_3426	Cell_3426	502	502
Cell_3427	Cell_3427	472	472
Cell_3428	Cell_3428	470	470
Cell_3429	Cell_3429	457	457
Cell_3430	Cell_3430	471	471
Cell_3431	Cell_3431	455	455
Cell_3432	Cell_3432	474	474
Cell_3433	Cell_3433	449	449
Cell_3434	Cell_3434	482	482
Cell_3435	Cell_3435	438	438
Cell_3436	Cell_3436	456	456
Cell_3437	Cell_3437	446	446
Cell_3438	Cell_3438	473	473
Cell_3439	Cell_3439	481	481
Cell_3440	Cell_3440	478	478
Cell_3441	Cell_3441	476	476
Cell_3442	Cell_3442	462	462
Cell_3443	Cell_3443	456	456
Cell_3444	Cell_3444	451	451
Cell_3445	Cell_3445	439	439
Cell_3446	Cell_3446	470	470
Cell_3447	Cell_3447	429	429
Cell_3448	Cell_3448	427	427
Cell_3449	Cell_3449	460	460
Cell_3450	Cell_3450	489	489
Cell_3451	Cell_3451	470	470
Cell_3452	Cell_3452	475	475
Cell_3453	Cell_3453	495	495
Cell_3454	Cell_3454	498	498
Cell_3455	Cell_3455	471	471
Cell_3456	Cell_3456	476	476
Cell_3457	Cell_3457	476	476
Cell_3458	Cell_3458	482	482
Cell_3459	Cell_3459	519	519
Cell_3460	Cell_3460	431	431
Cell_3461	Cell_3461	447	447
Cell_3462	Cell_3462	463	463
Cell_3463	Cell_3463	464	464
Cell_3464	Cell_3464	434	434
Cell_3465	Cell_3465	446	446
Cell_3466	Cell_3466	456	456
Cell_3467	Cell_3467	454	454
Cell_3468	Cell_3468	459	459
Cell_3469	Cell_3469	432	432
Cell_3470	Cell_3470	474	474
Cell_3471	Cell_3471	448	448
Cell_3472	Cell_3472	477	477
Cell_3473	Cell_3473	485	485
Cell_3474	Cell_3474	453	453
Cell_3475	Cell_3475	471	471
Cell_3476	Cell_3476	468	468
Cell_3477	Cell_3477	467	467
Cell_3478	Cell_3478	457	457
Cell_3479	Cell_3479	452	452
Cell_3480	Cell_3480	470	470
Cell_3481	Cell_3481	497	497
Cell_3482	Cell_3482	487	487
Cell_3483	Cell_3483	455	455
Cell_3484	Cell_3484	466	466
Cell_3485	Cell_3485	479	479
Cell_3486	Cell_3486	444	444
Cell_3487	Cell_3487	466	466
Cell_3488	Cell_3488	468	468
Cell_3489	Cell_3489	470	470
Cell_3490	Cell_3490	470	470
Cell_3491	Cell_3491	482	482
Cell_3492	Cell_3492	462	462
Cell_3493	Cell_3493	455	455
Cell_3494	Cell_3494	455	455
Cell_3495	Cell_3495	501	501
Cell_3496	Cell_3496	466	466
Cell_3497	Cell_3497	465	465
Cell_3498	Cell_3498	443	443
Cell_3499	Cell_3499	454	454
Cell_3500	Cell_3500	466	466
Cell_3501	Cell_3501	498	498
Cell_3502	Cell_3502	459	459
Cell_3503	Cell_3503	485	485
Cell_3504	Cell_3504	445	445
Cell_3505	Cell_3505	495	495
Cell_3506	Cell_3506	459	459
Cell_3507	Cell_3507	468	468
Cell_3508	Cell_3508	465	465
Cell_3509	Cell_3509	432	432
Cell_3510	Cell_3510	470	470
Cell_3511	Cell_3511	480	480
Cell_3512	Cell_3512	466	466
Cell_3513	Cell_3513	447	447
Cell_3514	Cell_3514	464	464
Cell_3515	Cell_3515	495	495
Cell_3516	Cell_3516	487	487
Cell_3517	Cell_3517	495	495
Cell_3518	Cell_3518	488	488
Cell_3519	Cell_3519	460	460
Cell_3520	Cell_3520	441	441
Cell_3521	Cell_3521	489	489
Cell_3522	Cell_3522	486	486
Cell_3523	Cell_3523	455	455
Cell_3524	Cell_3524	468	468
Cell_3525	Cell_3525	480	480
Cell_3526	Cell_3526	478	478
Cell_3527	Cell_3527	480	480
Cell_3528	Cell_3528	448	448
Cell_3529	Cell_3529	465	465
Cell_3530	Cell_3530	474	474
Cell_3531	Cell_3531	458	458
Cell_3532	Cell_3532	453	453
Cell_3533	Cell_3533	471	471
Cell_3534	Cell_3534	486	486
Cell_3535	Cell_3535	454	454
Cell_3536	Cell_3536	475	475
Cell_3537	Cell_3537	449	449
Cell_3538	Cell_3538	441	441
Cell_3539	Cell_3539	459	459
Cell_3540	Cell_3540	471	471
Cell_3541	Cell_3541	453	453
Cell_3542	Cell_3542	468	468
Cell_3543	Cell_3543	464	464
Cell_3544	Cell_3544	477	477
Cell_3545	Cell_3545	477	477
Cell_3546	Cell_3546	458	458
Cell_3547	Cell_3547	462	462
Cell_3548	Cell_3548	486	486
Cell_3549	Cell_3549	473	473
Cell_3550	Cell_3550	455	455
Cell_3551	Cell_3551	483	483
Cell_3552	Cell_3552	485	485
Cell_3553	Cell_3553	476	476
Cell_3554	Cell_3554	449	449
Cell_3555	Cell_3555	458	458
Cell_3556	Cell_3556	489	489
Cell_3557	Cell_3557	462	462
Cell_3558	Cell_3558	467	467
Cell_3559	Cell_3559	458	458
Cell_3560	Cell_3560	470	470
Cell_3561	Cell_3561	456	456
Cell_3562	Cell_3562	462	462
Cell_3563	Cell_3563	469	469
Cell_3564	Cell_3564	487	487
Cell_3565	Cell_3565	474	474
Cell_3566	Cell_3566	485	485
Cell_3567	Cell_3567	442	442
Cell_3568	Cell_3568	442	442
Cell_3569	Cell_3569	460	460
Cell_3570	Cell_3570	485	485
Cell_3571	Cell_3571	485	485
Cell_3572	Cell_3572	469	469
Cell_3573	Cell_3573	483	483
Cell_3574	Cell_3574	455	455
Cell_3575	Cell_3575	461	461
Cell_3576	Cell_3576	461	461
Cell_3577	Cell_3577	470	470
Cell_3578	Cell_3578	481	481
Cell_3579	Cell_3579	475	475
Cell_3580	Cell_3580	437	437
Cell_3581	Cell_3581	480	480
Cell_3582	Cell_3582	508	508
Cell_3583	Cell_3583	461	461
Cell_3584	Cell_3584	418	418
Cell_3585	Cell_3585	432	432
Cell_3586	Cell_3586	473	473
Cell_3587	Cell_3587	493	493
Cell_3588	Cell_3588	484	484
Cell_3589	Cell_3589	458	458
Cell_3590	Cell_3590	491	491
Cell_3591	Cell_3591	479	479
Cell_3592	Cell_3592	500	500
Cell_3593	Cell_3593	453	453
Cell_3594	Cell_3594	483	483
Cell_3595	Cell_3595	488	488
Cell_3596	Cell_3596	484	484
Cell_3597	Cell_3597	473	473
Cell_3598	Cell_3598	445	445
Cell_3599	Cell_3599	486	486
Cell_3600	Cell_3600	470	470
Cell_3601	Cell_3601	463	463
Cell_3602	Cell_3602	449	449
Cell_3603	Cell_3603	452	452
Cell_3604	Cell_3604	464	464
Cell_3605	Cell_3605	453	453
Cell_3606	Cell_3606	499	499
Cell_3607	Cell_3607	470	470
Cell_3608	Cell_3608	474	474
Cell_3609	Cell_3609	426	426
Cell_3610	Cell_3610	474	474
Cell_3611	Cell_3611	490	490
Cell_3612	Cell_3612	459	459
Cell_3613	Cell_3613	430	430
Cell_3614	Cell_3614	446	446
Cell_3615	Cell_3615	472	472
Cell_3616	Cell_3616	510	510
Cell_3617	Cell_3617	498	498
Cell_3618	Cell_3618	442	442
Cell_3619	Cell_3619	483	483
Cell_3620	Cell_3620	480	480
Cell_3621	Cell_3621	496	496
Cell_3622	Cell_3622	429	429
Cell_3623	Cell_3623	477	477
Cell_3624	Cell_3624	499	499
Cell_3625	Cell_3625	478	478
Cell_3626	Cell_3626	445	445
Cell_3627	Cell_3627	490	490
Cell_3628	Cell_3628	469	469
Cell_3629	Cell_3629	475	475
Cell_3630	Cell_3630	464	464
Cell_3631	Cell_3631	449	449
Cell_3632	Cell_3632	469	469
Cell_3633	Cell_3633	435	435
Cell_3634	Cell_3634	470	470
Cell_3635	Cell_3635	475	475
Cell_3636	Cell_3636	438	438
Cell_3637	Cell_3637	429	429
Cell_3638	Cell_3638	489	489
Cell_3639	Cell_3639	471	471
Cell_3640	Cell_3640	474	474
Cell_3641	Cell_3641	471	471
Cell_3642	Cell_3642	494	494
Cell_3643	Cell_3643	458	458
Cell_3644	Cell_3644	446	446
Cell_3645	Cell_3645	447	447
Cell_3646	Cell_3646	474	474
Cell_3647	Cell_3647	451	451
Cell_3648	Cell_3648	445	445
Cell_3649	Cell_3649	467	467
Cell_3650	Cell_3650	442	442
Cell_3651	Cell_3651	488	488
Cell_3652	Cell_3652	454	454
Cell_3653	Cell_3653	465	465
Cell_3654	Cell_3654	454	454
Cell_3655	Cell_3655	469	469
Cell_3656	Cell_3656	478	478
Cell_3657	Cell_3657	453	453
Cell_3658	Cell_3658	488	488
Cell_3659	Cell_3659	490	490
Cell_3660	Cell_3660	463	463
Cell_3661	Cell_3661	481	481
Cell_3662	Cell_3662	461	461
Cell_3663	Cell_3663	509	509
Cell_3664	Cell_3664	486	486
Cell_3665	Cell_3665	465	465
Cell_3666	Cell_3666	458	458
Cell_3667	Cell_3667	459	459
Cell_3668	Cell_3668	485	485
Cell_3669	Cell_3669	461	461
Cell_3670	Cell_3670	440	440
Cell_3671	Cell_3671	457	457
Cell_3672	Cell_3672	476	476
Cell_3673	Cell_3673	446	446
Cell_3674	Cell_3674	499	499
Cell_3675	Cell_3675	456	456
Cell_3676	Cell_3676	441	441
Cell_3677	Cell_3677	472	472
Cell_3678	Cell_3678	448	448
Cell_3679	Cell_3679	479	479
Cell_3680	Cell_3680	479	479
Cell_3681	Cell_3681	468	468
Cell_3682	Cell_3682	439	439
Cell_3683	Cell_3683	518	518
Cell_3684	Cell_3684	455	455
Cell_3685	Cell_3685	442	442
Cell_3686	Cell_3686	512	512
Cell_3687	Cell_3687	484	484
Cell_3688	Cell_3688	472	472
Cell_3689	Cell_3689	448	448
Cell_3690	Cell_3690	473	473
Cell_3691	Cell_3691	477	477
Cell_3692	Cell_3692	449	449
Cell_3693	Cell_3693	465	465
Cell_3694	Cell_3694	470	470
Cell_3695	Cell_3695	483	483
Cell_3696	Cell_3696	454	454
Cell_3697	Cell_3697	466	466
Cell_3698	Cell_3698	471	471
Cell_3699	Cell_3699	444	444
Cell_3700	Cell_3700	479	479
Cell_3701	Cell_3701	438	438
Cell_3702	Cell_3702	506	506
Cell_3703	Cell_3703	460	460
Cell_3704	Cell_3704	456	456
Cell_3705	Cell_3705	450	450
Cell_3706	Cell_3706	465	465
Cell_3707	Cell_3707	501	501
Cell_3708	Cell_3708	475	475
Cell_3709	Cell_3709	477	477
Cell_3710	Cell_3710	496	496
Cell_3711	Cell_3711	456	456
Cell_3712	Cell_3712	473	473
Cell_3713	Cell_3713	480	480
Cell_3714	Cell_3714	482	482
Cell_3715	Cell_3715	476	476
Cell_3716	Cell_3716	471	471
Cell_3717	Cell_3717	435	435
Cell_3718	Cell_3718	462	462
Cell_3719	Cell_3719	461	461
Cell_3720	Cell_3720	464	464
Cell_3721	Cell_3721	481	481
Cell_3722	Cell_3722	473	473
Cell_3723	Cell_3723	460	460
Cell_3724	Cell_3724	446	446
Cell_3725	Cell_3725	482	482
Cell_3726	Cell_3726	498	498
Cell_3727	Cell_3727	476	476
Cell_3728	Cell_3728	483	483
Cell_3729	Cell_3729	434	434
Cell_3730	Cell_3730	462	462
Cell_3731	Cell_3731	459	459
Cell_3732	Cell_3732	436	436
Cell_3733	Cell_3733	436	436
Cell_3734	Cell_3734	455	455
Cell_3735	Cell_3735	450	450
Cell_3736	Cell_3736	453	453
Cell_3737	Cell_3737	442	442
Cell_3738	Cell_3738	459	459
Cell_3739	Cell_3739	434	434
Cell_3740	Cell_3740	479	479
Cell_3741	Cell_3741	489	489
Cell_3742	Cell_3742	462	462
Cell_3743	Cell_3743	482	482
Cell_3744	Cell_3744	444	444
Cell_3745	Cell_3745	499	499
Cell_3746	Cell_3746	445	445
Cell_3747	Cell_3747	440	440
Cell_3748	Cell_3748	511	511
Cell_3749	Cell_3749	455	455
Cell_3750	Cell_3750	453	453
Cell_3751	Cell_3751	454	454
Cell_3752	Cell_3752	461	461
Cell_3753	Cell_3753	483	483
Cell_3754	Cell_3754	470	470
Cell_3755	Cell_3755	487	487
Cell_3756	Cell_3756	492	492
Cell_3757	Cell_3757	444	444
Cell_3758	Cell_3758	479	479
Cell_3759	Cell_3759	464	464
Cell_3760	Cell_3760	453	453
Cell_3761	Cell_3761	477	477
Cell_3762	Cell_3762	462	462
Cell_3763	Cell_3763	464	464
Cell_3764	Cell_3764	465	465
Cell_3765	Cell_3765	474	474
Cell_3766	Cell_3766	481	481
Cell_3767	Cell_3767	477	477
Cell_3768	Cell_3768	485	485
Cell_3769	Cell_3769	460	460
Cell_3770	Cell_3770	475	475
Cell_3771	Cell_3771	457	457
Cell_3772	Cell_3772	476	476
Cell_3773	Cell_3773	442	442
Cell_3774	Cell_3774	487	487
Cell_3775	Cell_3775	433	433
Cell_3776	Cell_3776	456	456
Cell_3777	Cell_3777	444	444
Cell_3778	Cell_3778	478	478
Cell_3779	Cell_3779	487	487
Cell_3780	Cell_3780	457	457
Cell_3781	Cell_3781	507	507
Cell_3782	Cell_3782	459	459
Cell_3783	Cell_3783	472	472
Cell_3784	Cell_3784	485	485
Cell_3785	Cell_3785	458	458
Cell_3786	Cell_3786	453	453
Cell_3787	Cell_3787	500	500
Cell_3788	Cell_3788	464	464
Cell_3789	Cell_3789	461	461
Cell_3790	Cell_3790	488	488
Cell_3791	Cell_3791	477	477
Cell_3792	Cell_3792	481	481
Cell_3793	Cell_3793	443	443
Cell_3794	Cell_3794	494	494
Cell_3795	Cell_3795	453	453
Cell_3796	Cell_3796	463	463
Cell_3797	Cell_3797	430	430
Cell_3798	Cell_3798	474	474
Cell_3799	Cell_3799	484	484
Cell_3800	Cell_3800	455	455
Cell_3801	Cell_3801	459	459
Cell_3802	Cell_3802	458	458
Cell_3803	Cell_3803	446	446
Cell_3804	Cell_3804	448	448
Cell_3805	Cell_3805	462	462
Cell_3806	Cell_3806	504	504
Cell_3807	Cell_3807	502	502
Cell_3808	Cell_3808	485	485
Cell_3809	Cell_3809	459	459
Cell_3810	Cell_3810	463	463
Cell_3811	Cell_3811	481	481
Cell_3812	Cell_3812	457	457
Cell_3813	Cell_3813	470	470
Cell_3814	Cell_3814	440	440
Cell_3815	Cell_3815	468	468
Cell_3816	Cell_3816	462	462
Cell_3817	Cell_3817	498	498
Cell_3818	Cell_3818	465	465
Cell_3819	Cell_3819	479	479
Cell_3820	Cell_3820	451	451
Cell_3821	Cell_3821	460	460
Cell_3822	Cell_3822	451	451
Cell_3823	Cell_3823	450	450
Cell_3824	Cell_3824	477	477
Cell_3825	Cell_3825	450	450
Cell_3826	Cell_3826	475	475
Cell_3827	Cell_3827	469	469
Cell_3828	Cell_3828	491	491
Cell_3829	Cell_3829	466	466
Cell_3830	Cell_3830	465	465
Cell_3831	Cell_3831	473	473
Cell_3832	Cell_3832	449	449
Cell_3833	Cell_3833	426	426
Cell_3834	Cell_3834	458	458
Cell_3835	Cell_3835	484	484
Cell_3836	Cell_3836	457	457
Cell_3837	Cell_3837	515	515
Cell_3838	Cell_3838	454	454
Cell_3839	Cell_3839	447	447
Cell_3840	Cell_3840	458	458
Cell_3841	Cell_3841	473	473
Cell_3842	Cell_3842	429	429
Cell_3843	Cell_3843	479	479
Cell_3844	Cell_3844	453	453
Cell_3845	Cell_3845	461	461
Cell_3846	Cell_3846	474	474
Cell_3847	Cell_3847	429	429
Cell_3848	Cell_3848	464	464
Cell_3849	Cell_3849	452	452
Cell_3850	Cell_3850	490	490
Cell_3851	Cell_3851	458	458
Cell_3852	Cell_3852	473	473
Cell_3853	Cell_3853	458	458
Cell_3854	Cell_3854	459	459
Cell_3855	Cell_3855	486	486
Cell_3856	Cell_3856	464	464
Cell_3857	Cell_3857	476	476
Cell_3858	Cell_3858	445	445
Cell_3859	Cell_3859	496	496
Cell_3860	Cell_3860	507	507
Cell_3861	Cell_3861	459	459
Cell_3862	Cell_3862	471	471
Cell_3863	Cell_3863	482	482
Cell_3864	Cell_3864	438	438
Cell_3865	Cell_3865	439	439
Cell_3866	Cell_3866	484	484
Cell_3867	Cell_3867	461	461
Cell_3868	Cell_3868	452	452
Cell_3869	Cell_3869	485	485
Cell_3870	Cell_3870	464	464
Cell_3871	Cell_3871	446	446
Cell_3872	Cell_3872	482	482
Cell_3873	Cell_3873	467	467
Cell_3874	Cell_3874	458	458
Cell_3875	Cell_3875	464	464
Cell_3876	Cell_3876	470	470
Cell_3877	Cell_3877	440	440
Cell_3878	Cell_3878	435	435
Cell_3879	Cell_3879	479	479
Cell_3880	Cell_3880	446	446
Cell_3881	Cell_3881	451	451
Cell_3882	Cell_3882	478	478
Cell_3883	Cell_3883	465	465
Cell_3884	Cell_3884	457	457
Cell_3885	Cell_3885	473	473
Cell_3886	Cell_3886	468	468
Cell_3887	Cell_3887	428	428
Cell_3888	Cell_3888	497	497
Cell_3889	Cell_3889	495	495
Cell_3890	Cell_3890	444	444
Cell_3891	Cell_3891	471	471
Cell_3892	Cell_3892	466	466
Cell_3893	Cell_3893	445	445
Cell_3894	Cell_3894	507	507
Cell_3895	Cell_3895	480	480
Cell_3896	Cell_3896	487	487
Cell_3897	Cell_3897	497	497
Cell_3898	Cell_3898	513	513
Cell_3899	Cell_3899	486	486
Cell_3900	Cell_3900	474	474
Cell_3901	Cell_3901	452	452
Cell_3902	Cell_3902	472	472
Cell_3903	Cell_3903	494	494
Cell_3904	Cell_3904	473	473
Cell_3905	Cell_3905	462	462
Cell_3906	Cell_3906	470	470
Cell_3907	Cell_3907	492	492
Cell_3908	Cell_3908	464	464
Cell_3909	Cell_3909	446	446
Cell_3910	Cell_3910	484	484
Cell_3911	Cell_3911	455	455
Cell_3912	Cell_3912	459	459
Cell_3913	Cell_3913	479	479
Cell_3914	Cell_3914	503	503
Cell_3915	Cell_3915	471	471
Cell_3916	Cell_3916	479	479
Cell_3917	Cell_3917	432	432
Cell_3918	Cell_3918	462	462
Cell_3919	Cell_3919	477	477
Cell_3920	Cell_3920	446	446
Cell_3921	Cell_3921	451	451
Cell_3922	Cell_3922	473	473
Cell_3923	Cell_3923	456	456
Cell_3924	Cell_3924	454	454
Cell_3925	Cell_3925	451	451
Cell_3926	Cell_3926	473	473
Cell_3927	Cell_3927	458	458
Cell_3928	Cell_3928	459	459
Cell_3929	Cell_3929	469	469
Cell_3930	Cell_3930	468	468
Cell_3931	Cell_3931	475	475
Cell_3932	Cell_3932	465	465
Cell_3933	Cell_3933	471	471
Cell_3934	Cell_3934	465	465
Cell_3935	Cell_3935	469	469
Cell_3936	Cell_3936	436	436
Cell_3937	Cell_3937	469	469
Cell_3938	Cell_3938	459	459
Cell_3939	Cell_3939	453	453
Cell_3940	Cell_3940	475	475
Cell_3941	Cell_3941	450	450
Cell_3942	Cell_3942	473	473
Cell_3943	Cell_3943	458	458
Cell_3944	Cell_3944	456	456
Cell_3945	Cell_3945	479	479
Cell_3946	Cell_3946	478	478
Cell_3947	Cell_3947	471	471
Cell_3948	Cell_3948	472	472
Cell_3949	Cell_3949	471	471
Cell_3950	Cell_3950	428	428
Cell_3951	Cell_3951	473	473
Cell_3952	Cell_3952	456	456
Cell_3953	Cell_3953	450	450
Cell_3954	Cell_3954	456	456
Cell_3955	Cell_3955	429	429
Cell_3956	Cell_3956	449	449
Cell_3957	Cell_3957	473	473
Cell_3958	Cell_3958	457	457
Cell_3959	Cell_3959	464	464
Cell_3960	Cell_3960	476	476
Cell_3961	Cell_3961	455	455
Cell_3962	Cell_3962	454	454
Cell_3963	Cell_3963	461	461
Cell_3964	Cell_3964	462	462
Cell_3965	Cell_3965	450	450
Cell_3966	Cell_3966	464	464
Cell_3967	Cell_3967	459	459
Cell_3968	Cell_3968	464	464
Cell_3969	Cell_3969	467	467
Cell_3970	Cell_3970	470	470
Cell_3971	Cell_3971	438	438
Cell_3972	Cell_3972	470	470
Cell_3973	Cell_3973	480	480
Cell_3974	Cell_3974	452	452
Cell_3975	Cell_3975	494	494
Cell_3976	Cell_3976	466	466
Cell_3977	Cell_3977	453	453
Cell_3978	Cell_3978	443	443
Cell_3979	Cell_3979	466	466
Cell_3980	Cell_3980	458	458
Cell_3981	Cell_3981	448	448
Cell_3982	Cell_3982	474	474
Cell_3983	Cell_3983	461	461
Cell_3984	Cell_3984	423	423
Cell_3985	Cell_3985	464	464
Cell_3986	Cell_3986	509	509
Cell_3987	Cell_3987	477	477
Cell_3988	Cell_3988	434	434
Cell_3989	Cell_3989	472	472
Cell_3990	Cell_3990	434	434
Cell_3991	Cell_3991	449	449
Cell_3992	Cell_3992	485	485
Cell_3993	Cell_3993	461	461
Cell_3994	Cell_3994	457	457
Cell_3995	Cell_3995	505	505
Cell_3996	Cell_3996	486	486
Cell_3997	Cell_3997	488	488
Cell_3998	Cell_3998	448	448
Cell_3999	Cell_3999	451	451
Cell_4000	Cell_4000	462	462
Cell_4001	Cell_4001	453	453
Cell_4002	Cell_4002	475	475
Cell_4003	Cell_4003	449	449
Cell_4004	Cell_4004	469	469
Cell_4005	Cell_4005	487	487
Cell_4006	Cell_4006	470	470
Cell_4007	Cell_4007	450	450
Cell_4008	Cell_4008	464	464
Cell_4009	Cell_4009	469	469
Cell_4010	Cell_4010	441	441
Cell_4011	Cell_4011	450	450
Cell_4012	Cell_4012	455	455
Cell_4013	Cell_4013	490	490
Cell_4014	Cell_4014	455	455
Cell_4015	Cell_4015	473	473
Cell_4016	Cell_4016	507	507
Cell_4017	Cell_4017	437	437
Cell_4018	Cell_4018	459	459
Cell_4019	Cell_4019	473	473
Cell_4020	Cell_4020	460	460
Cell_4021	Cell_4021	445	445
Cell_4022	Cell_4022	472	472
Cell_4023	Cell_4023	470	470
Cell_4024	Cell_4024	481	481
Cell_4025	Cell_4025	482	482
Cell_4026	Cell_4026	484	484
Cell_4027	Cell_4027	498	498
Cell_4028	Cell_4028	453	453
Cell_4029	Cell_4029	474	474
Cell_4030	Cell_4030	474	474
Cell_4031	Cell_4031	450	450
Cell_4032	Cell_4032	475	475
Cell_4033	Cell_4033	463	463
Cell_4034	Cell_4034	460	460
Cell_4035	Cell_4035	471	471
Cell_4036	Cell_4036	467	467
Cell_4037	Cell_4037	457	457
Cell_4038	Cell_4038	493	493
Cell_4039	Cell_4039	475	475
Cell_4040	Cell_4040	454	454
Cell_4041	Cell_4041	462	462
Cell_4042	Cell_4042	462	462
Cell_4043	Cell_4043	487	487
Cell_4044	Cell_4044	435	435
Cell_4045	Cell_4045	470	470
Cell_4046	Cell_4046	483	483
Cell_4047	Cell_4047	469	469
Cell_4048	Cell_4048	492	492
Cell_4049	Cell_4049	453	453
Cell_4050	Cell_4050	480	480
Cell_4051	Cell_4051	437	437
Cell_4052	Cell_4052	478	478
Cell_4053	Cell_4053	456	456
Cell_4054	Cell_4054	471	471
Cell_4055	Cell_4055	470	470
Cell_4056	Cell_4056	462	462
Cell_4057	Cell_4057	485	485
Cell_4058	Cell_4058	458	458
Cell_4059	Cell_4059	474	474
Cell_4060	Cell_4060	510	510
Cell_4061	Cell_4061	478	478
Cell_4062	Cell_4062	462	462
Cell_4063	Cell_4063	473	473
Cell_4064	Cell_4064	459	459
Cell_4065	Cell_4065	470	470
Cell_4066	Cell_4066	465	465
Cell_4067	Cell_4067	486	486
Cell_4068	Cell_4068	462	462
Cell_4069	Cell_4069	489	489
Cell_4070	Cell_4070	459	459
Cell_4071	Cell_4071	511	511
Cell_4072	Cell_4072	471	471
Cell_4073	Cell_4073	455	455
Cell_4074	Cell_4074	488	488
Cell_4075	Cell_4075	466	466
Cell_4076	Cell_4076	444	444
Cell_4077	Cell_4077	487	487
Cell_4078	Cell_4078	478	478
Cell_4079	Cell_4079	457	457
Cell_4080	Cell_4080	486	486
Cell_4081	Cell_4081	495	495
Cell_4082	Cell_4082	456	456
Cell_4083	Cell_4083	458	458
Cell_4084	Cell_4084	472	472
Cell_4085	Cell_4085	486	486
Cell_4086	Cell_4086	482	482
Cell_4087	Cell_4087	479	479
Cell_4088	Cell_4088	483	483
Cell_4089	Cell_4089	458	458
Cell_4090	Cell_4090	453	453
Cell_4091	Cell_4091	480	480
Cell_4092	Cell_4092	481	481
Cell_4093	Cell_4093	447	447
Cell_4094	Cell_4094	475	475
Cell_4095	Cell_4095	447	447
Cell_4096	Cell_4096	428	428
Cell_4097	Cell_4097	472	472
Cell_4098	Cell_4098	472	472
Cell_4099	Cell_4099	437	437
Cell_4100	Cell_4100	480	480
Cell_4101	Cell_4101	490	490
Cell_4102	Cell_4102	453	453
Cell_4103	Cell_4103	480	480
Cell_4104	Cell_4104	493	493
Cell_4105	Cell_4105	456	456
Cell_4106	Cell_4106	479	479
Cell_4107	Cell_4107	491	491
Cell_4108	Cell_4108	479	479
Cell_4109	Cell_4109	461	461
Cell_4110	Cell_4110	520	520
Cell_4111	Cell_4111	504	504
Cell_4112	Cell_4112	457	457
Cell_4113	Cell_4113	459	459
Cell_4114	Cell_4114	468	468
Cell_4115	Cell_4115	487	487
Cell_4116	Cell_4116	448	448
Cell_4117	Cell_4117	483	483
Cell_4118	Cell_4118	464	464
Cell_4119	Cell_4119	458	458
Cell_4120	Cell_4120	471	471
Cell_4121	Cell_4121	436	436
Cell_4122	Cell_4122	470	470
Cell_4123	Cell_4123	470	470
Cell_4124	Cell_4124	483	483
Cell_4125	Cell_4125	452	452
Cell_4126	Cell_4126	471	471
Cell_4127	Cell_4127	469	469
Cell_4128	Cell_4128	445	445
Cell_4129	Cell_4129	450	450
Cell_4130	Cell_4130	459	459
Cell_4131	Cell_4131	462	462
Cell_4132	Cell_4132	460	460
Cell_4133	Cell_4133	461	461
Cell_4134	Cell_4134	484	484
Cell_4135	Cell_4135	473	473
Cell_4136	Cell_4136	481	481
Cell_4137	Cell_4137	435	435
Cell_4138	Cell_4138	472	472
Cell_4139	Cell_4139	492	492
Cell_4140	Cell_4140	444	444
Cell_4141	Cell_4141	456	456
Cell_4142	Cell_4142	485	485
Cell_4143	Cell_4143	464	464
Cell_4144	Cell_4144	442	442
Cell_4145	Cell_4145	450	450
Cell_4146	Cell_4146	467	467
Cell_4147	Cell_4147	467	467
Cell_4148	Cell_4148	473	473
Cell_4149	Cell_4149	455	455
Cell_4150	Cell_4150	469	469
Cell_4151	Cell_4151	483	483
Cell_4152	Cell_4152	472	472
Cell_4153	Cell_4153	435	435
Cell_4154	Cell_4154	453	453
Cell_4155	Cell_4155	497	497
Cell_4156	Cell_4156	440	440
Cell_4157	Cell_4157	468	468
Cell_4158	Cell_4158	497	497
Cell_4159	Cell_4159	483	483
Cell_4160	Cell_4160	497	497
Cell_4161	Cell_4161	443	443
Cell_4162	Cell_4162	465	465
Cell_4163	Cell_4163	472	472
Cell_4164	Cell_4164	454	454
Cell_4165	Cell_4165	467	467
Cell_4166	Cell_4166	466	466
Cell_4167	Cell_4167	443	443
Cell_4168	Cell_4168	468	468
Cell_4169	Cell_4169	442	442
Cell_4170	Cell_4170	446	446
Cell_4171	Cell_4171	464	464
Cell_4172	Cell_4172	477	477
Cell_4173	Cell_4173	451	451
Cell_4174	Cell_4174	417	417
Cell_4175	Cell_4175	447	447
Cell_4176	Cell_4176	452	452
Cell_4177	Cell_4177	474	474
Cell_4178	Cell_4178	465	465
Cell_4179	Cell_4179	482	482
Cell_4180	Cell_4180	461	461
Cell_4181	Cell_4181	504	504
Cell_4182	Cell_4182	461	461
Cell_4183	Cell_4183	466	466
Cell_4184	Cell_4184	472	472
Cell_4185	Cell_4185	467	467
Cell_4186	Cell_4186	474	474
Cell_4187	Cell_4187	465	465
Cell_4188	Cell_4188	449	449
Cell_4189	Cell_4189	469	469
Cell_4190	Cell_4190	502	502
Cell_4191	Cell_4191	480	480
Cell_4192	Cell_4192	483	483
Cell_4193	Cell_4193	478	478
Cell_4194	Cell_4194	468	468
Cell_4195	Cell_4195	459	459
Cell_4196	Cell_4196	449	449
Cell_4197	Cell_4197	446	446
Cell_4198	Cell_4198	461	461
Cell_4199	Cell_4199	496	496
Cell_4200	Cell_4200	464	464
Cell_4201	Cell_4201	457	457
Cell_4202	Cell_4202	445	445
Cell_4203	Cell_4203	468	468
Cell_4204	Cell_4204	443	443
Cell_4205	Cell_4205	463	463
Cell_4206	Cell_4206	464	464
Cell_4207	Cell_4207	463	463
Cell_4208	Cell_4208	472	472
Cell_4209	Cell_4209	454	454
Cell_4210	Cell_4210	456	456
Cell_4211	Cell_4211	467	467
Cell_4212	Cell_4212	474	474
Cell_4213	Cell_4213	490	490
Cell_4214	Cell_4214	491	491
Cell_4215	Cell_4215	453	453
Cell_4216	Cell_4216	461	461
Cell_4217	Cell_4217	433	433
Cell_4218	Cell_4218	461	461
Cell_4219	Cell_4219	456	456
Cell_4220	Cell_4220	479	479
Cell_4221	Cell_4221	472	472
Cell_4222	Cell_4222	474	474
Cell_4223	Cell_4223	456	456
Cell_4224	Cell_4224	449	449
Cell_4225	Cell_4225	495	495
Cell_4226	Cell_4226	478	478
Cell_4227	Cell_4227	463	463
Cell_4228	Cell_4228	467	467
Cell_4229	Cell_4229	494	494
Cell_4230	Cell_4230	475	475
Cell_4231	Cell_4231	487	487
Cell_4232	Cell_4232	455	455
Cell_4233	Cell_4233	463	463
Cell_4234	Cell_4234	459	459
Cell_4235	Cell_4235	496	496
Cell_4236	Cell_4236	443	443
Cell_4237	Cell_4237	496	496
Cell_4238	Cell_4238	464	464
Cell_4239	Cell_4239	463	463
Cell_4240	Cell_4240	451	451
Cell_4241	Cell_4241	455	455
Cell_4242	Cell_4242	469	469
Cell_4243	Cell_4243	463	463
Cell_4244	Cell_4244	473	473
Cell_4245	Cell_4245	452	452
Cell_4246	Cell_4246	485	485
Cell_4247	Cell_4247	474	474
Cell_4248	Cell_4248	467	467
Cell_4249	Cell_4249	453	453
Cell_4250	Cell_4250	440	440
Cell_4251	Cell_4251	452	452
Cell_4252	Cell_4252	463	463
Cell_4253	Cell_4253	469	469
Cell_4254	Cell_4254	439	439
Cell_4255	Cell_4255	488	488
Cell_4256	Cell_4256	482	482
Cell_4257	Cell_4257	484	484
Cell_4258	Cell_4258	507	507
Cell_4259	Cell_4259	442	442
Cell_4260	Cell_4260	483	483
Cell_4261	Cell_4261	458	458
Cell_4262	Cell_4262	495	495
Cell_4263	Cell_4263	449	449
Cell_4264	Cell_4264	478	478
Cell_4265	Cell_4265	454	454
Cell_4266	Cell_4266	438	438
Cell_4267	Cell_4267	458	458
Cell_4268	Cell_4268	457	457
Cell_4269	Cell_4269	464	464
Cell_4270	Cell_4270	446	446
Cell_4271	Cell_4271	453	453
Cell_4272	Cell_4272	491	491
Cell_4273	Cell_4273	462	462
Cell_4274	Cell_4274	462	462
Cell_4275	Cell_4275	418	418
Cell_4276	Cell_4276	433	433
Cell_4277	Cell_4277	457	457
Cell_4278	Cell_4278	445	445
Cell_4279	Cell_4279	431	431
Cell_4280	Cell_4280	486	486
Cell_4281	Cell_4281	469	469
Cell_4282	Cell_4282	453	453
Cell_4283	Cell_4283	463	463
Cell_4284	Cell_4284	489	489
Cell_4285	Cell_4285	439	439
Cell_4286	Cell_4286	453	453
Cell_4287	Cell_4287	455	455
Cell_4288	Cell_4288	442	442
Cell_4289	Cell_4289	459	459
Cell_4290	Cell_4290	448	448
Cell_4291	Cell_4291	453	453
Cell_4292	Cell_4292	478	478
Cell_4293	Cell_4293	447	447
Cell_4294	Cell_4294	503	503
Cell_4295	Cell_4295	470	470
Cell_4296	Cell_4296	458	458
Cell_4297	Cell_4297	482	482
Cell_4298	Cell_4298	470	470
Cell_4299	Cell_4299	477	477
Cell_4300	Cell_4300	485	485
Cell_4301	Cell_4301	462	462
Cell_4302	Cell_4302	468	468
Cell_4303	Cell_4303	470	470
Cell_4304	Cell_4304	485	485
Cell_4305	Cell_4305	447	447
Cell_4306	Cell_4306	470	470
Cell_4307	Cell_4307	464	464
Cell_4308	Cell_4308	475	475
Cell_4309	Cell_4309	473	473
Cell_4310	Cell_4310	440	440
Cell_4311	Cell_4311	480	480
Cell_4312	Cell_4312	413	413
Cell_4313	Cell_4313	474	474
Cell_4314	Cell_4314	467	467
Cell_4315	Cell_4315	444	444
Cell_4316	Cell_4316	485	485
Cell_4317	Cell_4317	478	478
Cell_4318	Cell_4318	456	456
Cell_4319	Cell_4319	471	471
Cell_4320	Cell_4320	448	448
Cell_4321	Cell_4321	479	479
Cell_4322	Cell_4322	467	467
Cell_4323	Cell_4323	458	458
Cell_4324	Cell_4324	482	482
Cell_4325	Cell_4325	472	472
Cell_4326	Cell_4326	465	465
Cell_4327	Cell_4327	476	476
Cell_4328	Cell_4328	467	467
Cell_4329	Cell_4329	485	485
Cell_4330	Cell_4330	480	480
Cell_4331	Cell_4331	450	450
Cell_4332	Cell_4332	491	491
Cell_4333	Cell_4333	489	489
Cell_4334	Cell_4334	465	465
Cell_4335	Cell_4335	499	499
Cell_4336	Cell_4336	453	453
Cell_4337	Cell_4337	465	465
Cell_4338	Cell_4338	458	458
Cell_4339	Cell_4339	477	477
Cell_4340	Cell_4340	468	468
Cell_4341	Cell_4341	483	483
Cell_4342	Cell_4342	502	502
Cell_4343	Cell_4343	482	482
Cell_4344	Cell_4344	452	452
Cell_4345	Cell_4345	479	479
Cell_4346	Cell_4346	463	463
Cell_4347	Cell_4347	482	482
Cell_4348	Cell_4348	485	485
Cell_4349	Cell_4349	521	521
Cell_4350	Cell_4350	460	460
Cell_4351	Cell_4351	456	456
Cell_4352	Cell_4352	480	480
Cell_4353	Cell_4353	459	459
Cell_4354	Cell_4354	497	497
Cell_4355	Cell_4355	468	468
Cell_4356	Cell_4356	436	436
Cell_4357	Cell_4357	465	465
Cell_4358	Cell_4358	445	445
Cell_4359	Cell_4359	468	468
Cell_4360	Cell_4360	441	441
Cell_4361	Cell_4361	489	489
Cell_4362	Cell_4362	443	443
Cell_4363	Cell_4363	480	480
Cell_4364	Cell_4364	452	452
Cell_4365	Cell_4365	469	469
Cell_4366	Cell_4366	471	471
Cell_4367	Cell_4367	466	466
Cell_4368	Cell_4368	442	442
Cell_4369	Cell_4369	467	467
Cell_4370	Cell_4370	467	467
Cell_4371	Cell_4371	481	481
Cell_4372	Cell_4372	465	465
Cell_4373	Cell_4373	463	463
Cell_4374	Cell_4374	469	469
Cell_4375	Cell_4375	480	480
Cell_4376	Cell_4376	472	472
Cell_4377	Cell_4377	438	438
Cell_4378	Cell_4378	479	479
Cell_4379	Cell_4379	445	445
Cell_4380	Cell_4380	460	460
Cell_4381	Cell_4381	493	493
Cell_4382	Cell_4382	481	481
Cell_4383	Cell_4383	490	490
Cell_4384	Cell_4384	465	465
Cell_4385	Cell_4385	449	449
Cell_4386	Cell_4386	444	444
Cell_4387	Cell_4387	434	434
Cell_4388	Cell_4388	455	455
Cell_4389	Cell_4389	505	505
Cell_4390	Cell_4390	448	448
Cell_4391	Cell_4391	485	485
Cell_4392	Cell_4392	448	448
Cell_4393	Cell_4393	440	440
Cell_4394	Cell_4394	472	472
Cell_4395	Cell_4395	456	456
Cell_4396	Cell_4396	452	452
Cell_4397	Cell_4397	482	482
Cell_4398	Cell_4398	441	441
Cell_4399	Cell_4399	488	488
Cell_4400	Cell_4400	446	446
Cell_4401	Cell_4401	476	476
Cell_4402	Cell_4402	478	478
Cell_4403	Cell_4403	481	481
Cell_4404	Cell_4404	485	485
Cell_4405	Cell_4405	519	519
Cell_4406	Cell_4406	469	469
Cell_4407	Cell_4407	449	449
Cell_4408	Cell_4408	453	453
Cell_4409	Cell_4409	475	475
Cell_4410	Cell_4410	459	459
Cell_4411	Cell_4411	489	489
Cell_4412	Cell_4412	491	491
Cell_4413	Cell_4413	461	461
Cell_4414	Cell_4414	503	503
Cell_4415	Cell_4415	460	460
Cell_4416	Cell_4416	473	473
Cell_4417	Cell_4417	481	481
Cell_4418	Cell_4418	496	496
Cell_4419	Cell_4419	494	494
Cell_4420	Cell_4420	440	440
Cell_4421	Cell_4421	493	493
Cell_4422	Cell_4422	431	431
Cell_4423	Cell_4423	487	487
Cell_4424	Cell_4424	484	484
Cell_4425	Cell_4425	462	462
Cell_4426	Cell_4426	468	468
Cell_4427	Cell_4427	506	506
Cell_4428	Cell_4428	493	493
Cell_4429	Cell_4429	477	477
Cell_4430	Cell_4430	464	464
Cell_4431	Cell_4431	463	463
Cell_4432	Cell_4432	446	446
Cell_4433	Cell_4433	434	434
Cell_4434	Cell_4434	463	463
Cell_4435	Cell_4435	434	434
Cell_4436	Cell_4436	456	456
Cell_4437	Cell_4437	454	454
Cell_4438	Cell_4438	466	466
Cell_4439	Cell_4439	443	443
Cell_4440	Cell_4440	455	455
Cell_4441	Cell_4441	485	485
Cell_4442	Cell_4442	449	449
Cell_4443	Cell_4443	503	503
Cell_4444	Cell_4444	495	495
Cell_4445	Cell_4445	476	476
Cell_4446	Cell_4446	449	449
Cell_4447	Cell_4447	482	482
Cell_4448	Cell_4448	461	461
Cell_4449	Cell_4449	475	475
Cell_4450	Cell_4450	432	432
Cell_4451	Cell_4451	428	428
Cell_4452	Cell_4452	463	463
Cell_4453	Cell_4453	460	460
Cell_4454	Cell_4454	483	483
Cell_4455	Cell_4455	487	487
Cell_4456	Cell_4456	450	450
Cell_4457	Cell_4457	500	500
Cell_4458	Cell_4458	490	490
Cell_4459	Cell_4459	473	473
Cell_4460	Cell_4460	471	471
Cell_4461	Cell_4461	444	444
Cell_4462	Cell_4462	448	448
Cell_4463	Cell_4463	454	454
Cell_4464	Cell_4464	461	461
Cell_4465	Cell_4465	479	479
Cell_4466	Cell_4466	473	473
Cell_4467	Cell_4467	448	448
Cell_4468	Cell_4468	460	460
Cell_4469	Cell_4469	496	496
Cell_4470	Cell_4470	483	483
Cell_4471	Cell_4471	467	467
Cell_4472	Cell_4472	481	481
Cell_4473	Cell_4473	502	502
Cell_4474	Cell_4474	460	460
Cell_4475	Cell_4475	458	458
Cell_4476	Cell_4476	465	465
Cell_4477	Cell_4477	438	438
Cell_4478	Cell_4478	442	442
Cell_4479	Cell_4479	461	461
Cell_4480	Cell_4480	487	487
Cell_4481	Cell_4481	483	483
Cell_4482	Cell_4482	450	450
Cell_4483	Cell_4483	457	457
Cell_4484	Cell_4484	461	461
Cell_4485	Cell_4485	460	460
Cell_4486	Cell_4486	498	498
Cell_4487	Cell_4487	442	442
Cell_4488	Cell_4488	480	480
Cell_4489	Cell_4489	464	464
Cell_4490	Cell_4490	465	465
Cell_4491	Cell_4491	475	475
Cell_4492	Cell_4492	435	435
Cell_4493	Cell_4493	484	484
Cell_4494	Cell_4494	458	458
Cell_4495	Cell_4495	502	502
Cell_4496	Cell_4496	472	472
Cell_4497	Cell_4497	459	459
Cell_4498	Cell_4498	499	499
Cell_4499	Cell_4499	501	501
Cell_4500	Cell_4500	465	465
Cell_4501	Cell_4501	479	479
Cell_4502	Cell_4502	464	464
Cell_4503	Cell_4503	477	477
Cell_4504	Cell_4504	453	453
Cell_4505	Cell_4505	466	466
Cell_4506	Cell_4506	481	481
Cell_4507	Cell_4507	470	470
Cell_4508	Cell_4508	473	473
Cell_4509	Cell_4509	303	303
