	cell_id	n_genes	total_counts
G2	G2	805	6764.4223
G3	G3	805	7985.8505000000005
G4	G4	805	6024.359
G5	G5	805	6199.065100000001
G6	G6	805	7037.441999999999
G7	G7	805	8643.2009
G8	G8	805	6819.0183
G9	G9	805	6020.0668000000005
G10	G10	805	5256.859399999999
G11	G11	805	6567.803099999999
G12	G12	805	5672.6398
G13	G13	805	6279.744500000001
G14	G14	805	6915.0915
G15	G15	805	8046.0911
G16	G16	805	5960.080599999999
G17	G17	805	8527.9452
G18	G18	805	6202.054899999999
G19	G19	805	6750.1126
G20	G20	805	9559.7121
G21	G21	805	6696.855100000001
G22	G22	805	7318.020200000001
G23	G23	805	8424.4239
G24	G24	805	7899.255499999999
G25	G25	805	6997.542100000001
G26	G26	805	7513.0503
G27	G27	805	8475.5766
G28	G28	805	8399.182099999998
G29	G29	805	7720.8631000000005
G30	G30	805	7063.6365
G31	G31	805	5924.7071000000005
G32	G32	805	6903.111
G33	G33	805	5930.3229
G34	G34	805	7272.8018999999995
G35	G35	805	7107.9029
G36	G36	805	6841.1482
G37	G37	805	6425.2426
G38	G38	805	6760.8944
G39	G39	805	7318.7906
G40	G40	805	4396.5689
G41	G41	805	5836.4673999999995
G42	G42	805	8277.601200000001
G43	G43	805	6846.7965
G44	G44	805	6669.2999
G45	G45	805	6674.9032
G46	G46	805	6669.7711
G47	G47	805	6096.901400000001
G48	G48	805	6760.3804
G49	G49	805	6712.2796
G50	G50	805	7693.0258
G51	G51	805	6211.247300000001
G52	G52	805	7039.3425
G53	G53	805	7603.887999999999
G54	G54	805	6705.2933
G55	G55	805	9059.5199
G56	G56	805	3802.065
G57	G57	805	6762.7128999999995
G58	G58	805	7000.3472
G59	G59	805	6270.9208
G60	G60	805	6780.233200000001
G61	G61	805	6908.529
G62	G62	805	6668.2780999999995
G63	G63	805	8626.2376
G64	G64	805	6836.616999999999
G65	G65	805	7098.093500000001
G66	G66	805	6954.7348999999995
G67	G67	805	6220.427299999999
G68	G68	805	7586.423400000001
G69	G69	805	6598.5859
G70	G70	805	6153.955499999999
G71	G71	805	6674.4197
G72	G72	805	6714.379999999999
G73	G73	805	7916.0680999999995
G74	G74	805	7097.4006
G75	G75	805	5378.126
G76	G76	805	6941.7253
G77	G77	805	7751.9841
G78	G78	805	7478.840700000001
G79	G79	805	6877.5821
G80	G80	805	7656.6318
G81	G81	805	7627.4811
G82	G82	805	6525.1273
G83	G83	805	6323.6343
G84	G84	805	7985.8212
G85	G85	805	7063.9822
G86	G86	805	8009.6479
G87	G87	805	7606.6718
G88	G88	805	5930.2942
G89	G89	805	7258.8015
G90	G90	805	6557.2909
G91	G91	805	6454.7937
G92	G92	805	8125.5039
G93	G93	805	7791.8151
G94	G94	805	6707.4971000000005
G95	G95	805	6796.6255
G96	G96	805	6310.0383999999995
G97	G97	805	7268.3318
G98	G98	805	6814.975
G99	G99	805	6821.946599999999
G100	G100	805	6356.0102
G101	G101	805	7333.3514
G102	G102	805	6851.4033
G103	G103	805	5888.2298
G104	G104	805	5538.713299999999
G105	G105	805	6284.7842
G106	G106	805	5962.339
G107	G107	805	7656.1546
G108	G108	805	6648.4249
G109	G109	805	7278.937800000001
G110	G110	805	7227.091
G111	G111	805	7005.8414999999995
G112	G112	805	6348.459699999999
G113	G113	805	8596.6042
G114	G114	805	4945.8532000000005
G115	G115	805	7591.2304
G116	G116	805	8481.3056
G117	G117	805	6496.661599999999
G118	G118	805	7350.793299999999
G119	G119	805	7441.6908
G120	G120	805	6839.2973
G121	G121	805	7192.9465
G122	G122	805	7207.2278
G123	G123	805	4305.2835
G124	G124	805	6740.7124
G125	G125	805	8263.484199999999
G126	G126	805	7277.5064999999995
G127	G127	805	7527.4299
G128	G128	805	5894.697700000001
G129	G129	805	6640.649299999999
G130	G130	805	7711.3624
G131	G131	805	4959.1485
G132	G132	805	6012.2474999999995
G133	G133	805	6949.2558
G134	G134	805	6649.0740000000005
G135	G135	805	6311.8948
G136	G136	805	3699.1572
G137	G137	805	6195.4944
G138	G138	805	6512.9436
G139	G139	805	8009.013
G140	G140	805	6486.6057
G141	G141	805	4195.826
G142	G142	805	6590.2205
G143	G143	805	5747.7011999999995
G144	G144	805	7170.432599999999
G145	G145	805	6952.438099999999
G146	G146	805	5863.2486
G147	G147	805	7501.6559
G148	G148	805	6049.4235
G149	G149	805	6425.1661
G150	G150	805	5513.3857
G151	G151	805	6357.1321
G152	G152	805	6729.6548
G153	G153	805	5871.0916
G154	G154	805	7849.3112
G155	G155	805	7080.1987
G156	G156	805	6852.540999999999
G157	G157	805	5799.4169
G158	G158	805	6100.1982
G159	G159	805	8475.4486
G160	G160	805	6176.8256
G161	G161	805	7231.0698999999995
G162	G162	805	7258.6759999999995
G163	G163	805	6497.552
G164	G164	805	6832.5075
G165	G165	805	6455.7959
G166	G166	805	6619.1216
G167	G167	805	6028.3321000000005
G168	G168	805	7539.6602
G169	G169	805	6231.533
G170	G170	805	7278.1048
G171	G171	805	5472.2749
G172	G172	805	7878.4884
G173	G173	805	6879.1237
G174	G174	805	6752.704
G175	G175	805	6214.6342
G176	G176	805	6447.4535
G177	G177	805	6852.205400000001
G178	G178	805	7515.801299999999
G179	G179	805	7965.5684
G180	G180	805	6058.4283000000005
G181	G181	805	6559.7872
G182	G182	805	6232.9102
G183	G183	805	9322.9961
G184	G184	805	5672.3014
G185	G185	805	6312.0054
G186	G186	805	6370.7922
G187	G187	805	6661.011
G188	G188	805	5807.7588
G189	G189	805	6745.939
G190	G190	805	4230.7441
G191	G191	805	6766.7907
G192	G192	805	7402.0147
G193	G193	805	7250.286400000001
G194	G194	805	7676.004800000001
G195	G195	805	7833.4684
G196	G196	805	6435.336499999999
G197	G197	805	6327.155400000001
G198	G198	805	6250.015899999999
G199	G199	805	7292.8455
G200	G200	805	7035.3228
G201	G201	805	8165.759899999999
G202	G202	805	8117.0479
G203	G203	805	7311.325999999999
G204	G204	805	7509.4941
G205	G205	805	6863.2509
G206	G206	805	6126.3419
G207	G207	805	7166.522
G208	G208	805	7309.2301
G209	G209	805	6811.816999999999
G210	G210	805	7590.0257
G211	G211	805	6976.5527
G212	G212	805	6555.158299999999
G213	G213	805	6429.3095
G214	G214	805	6626.9083
G215	G215	805	6606.8904999999995
G216	G216	805	7901.7395
G217	G217	805	5886.5069
G218	G218	805	3936.9809
G219	G219	805	7004.2296
G220	G220	805	7344.663500000001
G221	G221	805	6441.3186000000005
G222	G222	805	5521.731400000001
G223	G223	805	7203.773300000001
G224	G224	805	6568.9400000000005
G225	G225	805	6351.6144
G226	G226	805	5509.1387
G227	G227	805	7310.3614
G228	G228	805	6853.8944
G229	G229	805	5701.4429
G230	G230	805	6988.459500000001
G231	G231	805	6250.895600000001
G232	G232	805	5981.4445
G233	G233	805	6147.7436
G234	G234	805	6899.3616
G235	G235	805	7183.6371
G236	G236	805	5957.1723999999995
G237	G237	805	6926.6911
G238	G238	805	4800.5836
G239	G239	805	6074.184
G240	G240	805	8868.417300000001
G241	G241	805	6485.710499999999
G242	G242	805	8228.644199999999
G243	G243	805	7030.110699999999
G244	G244	805	8062.099
G245	G245	805	6933.4727
G246	G246	805	6754.7426
G247	G247	805	6732.9852
G248	G248	805	6694.1986
G249	G249	805	6879.7921
G250	G250	805	6114.026
G251	G251	805	4695.6181
G252	G252	805	6753.6719
G253	G253	805	6907.8116
G254	G254	805	6466.6275000000005
G255	G255	805	6529.3561
G256	G256	805	6524.7778
G257	G257	805	7392.5298
G258	G258	805	7582.8793000000005
G259	G259	805	6008.6448
G260	G260	805	7472.334
G261	G261	805	7088.2327000000005
G262	G262	805	4737.0574
G263	G263	805	6285.598599999999
G264	G264	805	6740.6756000000005
G265	G265	805	6968.4517
G266	G266	805	4828.808999999999
G267	G267	805	7067.414500000001
G268	G268	805	8841.4681
G269	G269	805	6598.3308
G270	G270	805	4031.6040000000003
G271	G271	805	4664.867
G272	G272	805	5703.8967
G273	G273	805	5815.3548
G274	G274	805	8111.683799999999
G275	G275	805	6209.9631
G276	G276	805	6605.764
G277	G277	805	7239.0537
G278	G278	805	7896.946400000001
G279	G279	805	5694.1577
G280	G280	805	7376.0977
G281	G281	805	10042.408800000001
G282	G282	805	6953.5537
G283	G283	805	7366.813099999999
G284	G284	805	6784.1462
G285	G285	805	5647.751399999999
G286	G286	805	7069.9067
G287	G287	805	5981.3742
G288	G288	805	7519.4861
G289	G289	805	7698.1984
G290	G290	805	7430.2508
G291	G291	805	7032.0977
G292	G292	805	6139.2826000000005
G293	G293	805	10071.828999999998
G294	G294	805	5258.777
G295	G295	805	7637.4423
G296	G296	805	6685.9269
G297	G297	805	8673.6169
G298	G298	805	6192.9721
G299	G299	805	7161.9992
G300	G300	805	6653.268900000001
G301	G301	805	6128.6377
G302	G302	805	6441.5901
G303	G303	805	7370.5671
G304	G304	805	6665.801100000001
G305	G305	805	8464.3681
G306	G306	805	6866.980799999999
G307	G307	805	6894.3978
G308	G308	805	6655.1927
G309	G309	805	7213.637699999999
G310	G310	805	5041.9055
G311	G311	805	6156.2359
G312	G312	805	5542.6841
G313	G313	805	8408.1438
G314	G314	805	6209.1652
G315	G315	805	6688.5544
G316	G316	805	8882.915099999998
G317	G317	805	6306.111500000001
G318	G318	805	7214.5879
G319	G319	805	3889.1961
G320	G320	805	7634.383099999999
G321	G321	805	6158.3342
G322	G322	805	6440.5963
G323	G323	805	6569.7343
G324	G324	805	6726.9962
G325	G325	805	8888.2639
G326	G326	805	7583.2149
G327	G327	805	6634.8125
G328	G328	805	6681.304099999999
G329	G329	805	7233.6021
G330	G330	805	7433.9418000000005
G331	G331	805	7635.7653
G332	G332	805	7185.3150000000005
G333	G333	805	8901.319499999998
G334	G334	805	6308.3603
G335	G335	805	7026.7276
G336	G336	805	10324.4697
G337	G337	805	7517.1107
G338	G338	805	10021.139500000001
G339	G339	805	5414.3684
G340	G340	805	7125.389999999999
G341	G341	805	7051.9117
G342	G342	805	7773.1807
G343	G343	805	6011.2941
G344	G344	805	6199.3739000000005
G345	G345	805	6618.409299999999
G346	G346	805	6480.2065
G347	G347	805	5599.768999999999
G348	G348	805	8826.3735
G349	G349	805	7441.3202
G350	G350	805	8125.1159
G351	G351	805	7008.467000000001
G352	G352	805	5328.106900000001
G353	G353	805	7747.2925
G354	G354	805	5930.6314
G355	G355	805	5752.758400000001
G356	G356	805	6394.9762
G357	G357	805	6054.0228
G358	G358	805	5471.6147
G359	G359	805	5613.5147
G360	G360	805	7292.4369
G361	G361	805	7624.6026
G362	G362	805	4874.5823
G363	G363	805	6872.1539999999995
G364	G364	805	5220.4784
G365	G365	805	10053.174900000002
G366	G366	805	7027.9671
G367	G367	805	6636.8626
G368	G368	805	7611.7586
G369	G369	805	6087.6149000000005
G370	G370	805	6811.7623
G371	G371	805	6341.6595
G372	G372	805	5635.5927
G373	G373	805	4220.9002
G374	G374	805	6040.6929
G375	G375	805	7020.997599999999
G376	G376	805	5158.5281
G377	G377	805	7520.377199999999
G378	G378	805	5967.569799999999
G379	G379	805	7109.088599999999
G380	G380	805	6135.5438
G381	G381	805	7163.9808
G382	G382	805	7273.3045
G383	G383	805	9896.1541
G384	G384	805	5676.0875
G385	G385	805	6443.5208999999995
G386	G386	805	6957.3217
G387	G387	805	8059.7417000000005
G388	G388	805	5568.4452
G389	G389	805	5729.7477
G390	G390	805	7563.636
G391	G391	805	5799.875399999999
G392	G392	805	6466.4618
G393	G393	805	5966.8391
G394	G394	805	7417.2501
G395	G395	805	6592.0953
G396	G396	805	5642.5560000000005
G397	G397	805	6140.5444
G398	G398	805	7046.8729
G399	G399	805	8820.1026
G400	G400	805	6648.078100000001
G401	G401	805	7527.9373
G402	G402	805	10597.5492
G403	G403	805	7041.3812
G404	G404	805	5921.808800000001
G405	G405	805	7964.197400000001
G406	G406	805	7276.7457
G407	G407	805	8074.1728
G408	G408	805	5496.911099999999
G409	G409	805	5556.3369
G410	G410	805	7588.4478
G411	G411	805	6080.9673999999995
G412	G412	805	5527.624
G413	G413	805	6580.217000000001
G414	G414	805	6666.628699999999
G415	G415	805	4740.5972
G416	G416	805	6297.4956
G417	G417	805	7242.8122
G418	G418	805	5666.0365
G419	G419	805	6627.638599999999
G420	G420	805	7233.392599999999
G421	G421	805	7562.0818
G422	G422	805	6608.0684
G423	G423	805	9136.7667
G424	G424	805	6363.2403
G425	G425	805	7166.9890000000005
G426	G426	805	6726.4912
G427	G427	805	6803.1175
G428	G428	805	6634.0725
G429	G429	805	5047.003700000001
G430	G430	805	7798.9727
G431	G431	805	7845.0373
G432	G432	805	6541.7475
G433	G433	805	8313.995099999998
G434	G434	805	7452.657999999999
G435	G435	805	6692.4048
G436	G436	805	6531.2186
G437	G437	805	5949.1191
G438	G438	805	5372.8742999999995
G439	G439	805	6459.9403
G440	G440	805	6953.9391
G441	G441	805	7329.268900000001
G442	G442	805	6947.7562
G443	G443	805	7367.1609
G444	G444	805	6983.2274
G445	G445	805	5294.275799999999
G446	G446	805	4974.5071
G447	G447	805	5613.8704
G448	G448	805	6670.8571
G449	G449	805	6236.5851999999995
G450	G450	805	7805.502399999999
G451	G451	805	8105.302299999999
G452	G452	805	8025.009300000001
G453	G453	805	6887.9382000000005
G454	G454	805	6173.8475
G455	G455	805	5593.815699999999
G456	G456	805	7449.957
G457	G457	805	6491.415800000001
G458	G458	805	7178.6915
G459	G459	805	7650.049800000001
G460	G460	805	6859.576300000001
G461	G461	805	6338.0287
G462	G462	805	7507.3087
G463	G463	805	6785.1075
G464	G464	805	9949.766
G465	G465	805	7428.8491
G466	G466	805	6787.1772
G467	G467	805	5926.1704
G468	G468	805	6161.959500000001
G469	G469	805	6284.6273
G470	G470	805	5669.5849
G471	G471	805	6712.1547
G472	G472	805	8336.713800000001
G473	G473	805	6605.6034
G474	G474	805	7774.8396
G475	G475	805	7457.3778
G476	G476	805	7431.375099999999
G477	G477	805	6512.799800000001
G478	G478	805	6403.223400000001
G479	G479	805	5861.9241999999995
G480	G480	805	8265.6773
G481	G481	805	7121.720299999999
G482	G482	805	7195.8728
G483	G483	805	7493.9904
G484	G484	805	6332.274399999999
G485	G485	805	4480.632099999999
G486	G486	805	6153.4745
G487	G487	805	7400.9513
G488	G488	805	8651.192599999998
G489	G489	805	7064.8273
G490	G490	805	8135.8659
G491	G491	805	5529.991
G492	G492	805	6555.4624
G493	G493	805	6878.4
G494	G494	805	7276.8928000000005
G495	G495	805	7893.7094
G496	G496	805	4520.740100000001
G497	G497	805	5584.1705999999995
G498	G498	805	5780.3979
G499	G499	805	9384.6014
G500	G500	805	7897.460999999999
G501	G501	805	7451.081899999999
G502	G502	805	6004.009999999999
G503	G503	805	7073.656800000001
G504	G504	805	7258.8646
G505	G505	805	8219.5842
G506	G506	805	4823.171
G507	G507	805	7562.3027999999995
G508	G508	805	6450.9698
G509	G509	805	4385.6505
G510	G510	805	6488.2420999999995
G511	G511	805	5750.5527
G512	G512	805	7969.9337000000005
G513	G513	805	7622.4365
G514	G514	805	6609.6531
G515	G515	805	5645.5077
G516	G516	805	4961.357599999999
G517	G517	805	5624.4741
G518	G518	805	6859.4733
G519	G519	805	8200.7719
G520	G520	805	6024.8239
G521	G521	805	7939.8418
G522	G522	805	7416.6401000000005
G523	G523	805	4877.963400000001
G524	G524	805	7033.8691
G525	G525	805	9123.1415
G526	G526	805	7355.9061
G527	G527	805	5917.592500000001
G528	G528	805	6300.5511
G529	G529	805	6179.1236
G530	G530	805	6200.9139
G531	G531	805	6872.2346
G532	G532	805	8164.4838
G533	G533	805	6252.241099999999
G534	G534	805	8886.3669
G535	G535	805	7483.448899999999
G536	G536	805	7197.2255000000005
G537	G537	805	7982.474999999999
G538	G538	805	5896.4665
G539	G539	805	7020.7854
G540	G540	805	6178.9624
G541	G541	805	7110.848199999999
G542	G542	805	7039.5519
G543	G543	805	7955.693
G544	G544	805	6772.734399999999
G545	G545	805	6365.079299999999
G546	G546	805	7751.8191
G547	G547	805	6352.4223
G548	G548	805	6984.8236
G549	G549	805	7302.761
G550	G550	805	6352.423699999999
G551	G551	805	7099.63
G552	G552	805	6327.8462
G553	G553	805	5857.3022
G554	G554	805	6275.9643
G555	G555	805	6389.815
G556	G556	805	6719.4323
G557	G557	805	6335.237
G558	G558	805	6782.408
G559	G559	805	6892.0347
G560	G560	805	6952.3925
G561	G561	805	5719.806199999999
G562	G562	805	7297.5247
G563	G563	805	5816.1439
G564	G564	805	6803.1431999999995
G565	G565	805	7266.9441
G566	G566	805	6837.3784000000005
G567	G567	805	5607.846600000001
G568	G568	805	6944.7925
G569	G569	805	7985.5392
G570	G570	805	7483.3017
G571	G571	805	5874.6202
G572	G572	805	10997.912400000001
G573	G573	805	6383.9842
G574	G574	805	7633.9208
G575	G575	805	8120.4188
G576	G576	805	5960.957700000001
G577	G577	805	9076.204600000001
G578	G578	805	6943.2973999999995
G579	G579	805	6709.2041
G580	G580	805	6530.0634
G581	G581	805	6439.337100000001
G582	G582	805	5546.6209
G583	G583	805	7184.280699999999
G584	G584	805	6824.8091
G585	G585	805	6844.8264
G586	G586	805	6550.924999999999
G587	G587	805	6288.116
G588	G588	805	3704.9593999999997
G589	G589	805	6805.0563
G590	G590	805	6150.8385
G591	G591	805	6513.868399999999
G592	G592	805	7534.747899999999
G593	G593	805	9294.8018
G594	G594	805	7408.816699999999
G595	G595	805	6755.8615
G596	G596	805	7262.403
G597	G597	805	6433.7279
G598	G598	805	7625.2985
G599	G599	805	7817.5625
G600	G600	805	7593.6209
G601	G601	805	6616.0879
G602	G602	805	6898.759399999999
G603	G603	805	8875.8881
G604	G604	805	5942.9401
G605	G605	805	7309.4197
G606	G606	805	5442.9792
G607	G607	805	7661.857300000001
G608	G608	805	7032.856899999999
G609	G609	805	7810.970300000001
G610	G610	805	5532.7153
G611	G611	805	6495.6982
G612	G612	805	6223.668
G613	G613	805	7206.1613
G614	G614	805	6972.8498
G615	G615	805	6460.9342
G616	G616	805	7437.052000000001
G617	G617	805	6350.4977
G618	G618	805	3931.1357
G619	G619	805	7066.431500000001
G620	G620	805	6846.492399999999
G621	G621	805	5994.237
G622	G622	805	6342.971600000001
G623	G623	805	7172.774299999999
G624	G624	805	7058.894
G625	G625	805	4561.3574
G626	G626	805	5211.092699999999
G627	G627	805	5580.486199999999
G628	G628	805	8080.9439999999995
G629	G629	805	7110.2262
G630	G630	805	5691.5422
G631	G631	805	6471.0094
G632	G632	805	6872.651
G633	G633	805	7148.1134
G634	G634	805	5980.536599999999
G635	G635	805	8259.6829
G636	G636	805	7369.759599999999
G637	G637	805	5515.8591
G638	G638	805	6290.1748
G639	G639	805	7032.6559
G640	G640	805	6242.1924
G641	G641	805	6701.9897
G642	G642	805	7695.065
G643	G643	805	5640.6272
G644	G644	805	7098.769
G645	G645	805	6271.3184
G646	G646	805	4133.4091
G647	G647	805	6232.3677
G648	G648	805	7182.109600000001
G649	G649	805	4255.0917
G650	G650	805	8022.4408
G651	G651	805	3451.5416
G652	G652	805	6136.2873
G653	G653	805	6830.3488
G654	G654	805	6441.8498
G655	G655	805	8122.171899999999
G656	G656	805	7598.5501
G657	G657	805	7587.4245
G658	G658	805	8107.6419
G659	G659	805	8566.910800000001
G660	G660	805	8189.3372
G661	G661	805	6685.5313
G662	G662	805	8357.311099999999
G663	G663	805	7068.6746
G664	G664	805	6721.4952
G665	G665	805	6584.4918
G666	G666	805	7144.5165
G667	G667	805	7108.232300000001
G668	G668	805	8934.214100000001
G669	G669	805	6162.4317
G670	G670	805	7746.939700000001
G671	G671	805	7657.6852
G672	G672	805	5375.5348
G673	G673	805	8125.5366
G674	G674	805	8045.3471
G675	G675	805	7710.9573
G676	G676	805	10064.7788
G677	G677	805	5921.1446
G678	G678	805	6204.0874
G679	G679	805	5894.4709
G680	G680	805	6386.7528999999995
G681	G681	805	7059.8411
G682	G682	805	7422.198899999999
G683	G683	805	6849.4122
G684	G684	805	8617.304
G685	G685	805	6006.357599999999
G686	G686	805	5708.466
G687	G687	805	6822.659100000001
G688	G688	805	6885.763999999999
G689	G689	805	6764.6337
G690	G690	805	7541.5082999999995
G691	G691	805	7206.7759
G692	G692	805	7992.4121
G693	G693	805	6096.985000000001
G694	G694	805	6615.5885
G695	G695	805	5891.2082
G696	G696	805	4692.5056
G697	G697	805	6799.3691
G698	G698	805	6797.4508
G699	G699	805	7565.8862
G700	G700	805	7242.840699999999
G701	G701	805	7498.3247
G702	G702	805	8134.3504
G703	G703	805	7018.1008
G704	G704	805	6633.3277
G705	G705	805	7465.0595
G706	G706	805	7267.1883
G707	G707	805	7164.7572
G708	G708	805	6996.1831
G709	G709	805	4464.6779
G710	G710	805	7325.811
G711	G711	805	3374.182
G712	G712	805	5939.522999999999
G713	G713	805	6980.6522
G714	G714	805	7600.6497
G715	G715	805	6520.2582999999995
G716	G716	805	10251.0208
G717	G717	805	7218.8557
G718	G718	805	6642.187800000001
G719	G719	805	8430.9355
G720	G720	805	6417.3567
G721	G721	805	6488.9101
G722	G722	805	6706.3087
G723	G723	805	7211.862
G724	G724	805	7952.5329
G725	G725	805	8832.9499
G726	G726	805	7414.494
G727	G727	805	5439.5806
G728	G728	805	6921.2246
G729	G729	805	6568.9064
G730	G730	805	6277.3532
G731	G731	805	7776.8467
G732	G732	805	7793.555
G733	G733	805	8042.938699999999
G734	G734	805	7222.5214
G735	G735	805	7062.2489000000005
G736	G736	805	6461.8495
G737	G737	805	8573.9227
G738	G738	805	7817.3063999999995
G739	G739	805	5399.645
G740	G740	805	6678.0581
G741	G741	805	7037.7107
G742	G742	805	3830.2254
G743	G743	805	7467.029199999999
G744	G744	805	5517.1199
G745	G745	805	5694.5226
G746	G746	805	7476.2886
G747	G747	805	7585.3813
G748	G748	805	5765.7356
G749	G749	805	7068.3452
G750	G750	805	6563.9578
G751	G751	805	5080.2137999999995
G752	G752	805	5069.975
G753	G753	805	7392.1612000000005
G754	G754	805	7934.3681
G755	G755	805	10220.503800000002
G756	G756	805	6106.5972
G757	G757	805	6789.9503
G758	G758	805	6055.0882
G759	G759	805	6984.6649
G760	G760	805	4756.4246
G761	G761	805	5506.7688
G762	G762	805	9233.461899999998
G763	G763	805	5280.4836
G764	G764	805	7570.4954
G765	G765	805	8162.0563
G766	G766	805	6874.1379
G767	G767	805	7847.713400000001
G768	G768	805	6414.8523000000005
G769	G769	805	6618.128900000001
G770	G770	805	7385.023
G771	G771	805	4036.2289
G772	G772	805	7130.8585
G773	G773	805	6123.3161
G774	G774	805	6752.410600000001
G775	G775	805	7666.3165
G776	G776	805	6335.0749
G777	G777	805	6279.4666
G778	G778	805	6580.24
G779	G779	805	6672.711899999999
G780	G780	805	7002.0333
G781	G781	805	7122.8639
G782	G782	805	6299.0596000000005
G783	G783	805	7583.0784
G784	G784	805	9536.766800000001
G785	G785	805	7696.3575
G786	G786	805	8525.1867
G787	G787	805	6952.0754
G788	G788	805	8164.9531
G789	G789	805	5883.609
G790	G790	805	4997.3465
G791	G791	805	7389.7312
G792	G792	805	7552.7128
G793	G793	805	8903.137600000002
G794	G794	805	6288.2891
G795	G795	805	6711.4917
G796	G796	805	4729.5984
G797	G797	805	7011.1227
G798	G798	805	8041.4254
G799	G799	805	6860.3031
G800	G800	805	6622.6754
G801	G801	805	7982.2929
G802	G802	805	6216.6975
G803	G803	805	7134.1149000000005
G804	G804	805	8733.316200000001
G805	G805	805	7286.450999999999
G806	G806	805	5728.0752
G807	G807	805	7019.018399999999
G808	G808	805	6227.6094
G809	G809	805	8421.688600000001
G810	G810	805	9916.294399999999
G811	G811	805	6317.086300000001
G812	G812	805	7582.9597
G813	G813	805	6506.2988
G814	G814	805	6812.272199999999
G815	G815	805	6277.2415
G816	G816	805	7024.5934
G817	G817	805	7129.2025
G818	G818	805	7418.221600000001
G819	G819	805	6803.340400000001
G820	G820	805	6891.812
G821	G821	805	7437.6624
G822	G822	805	5105.2221
G823	G823	805	6188.7581
G824	G824	805	6532.0019
G825	G825	805	6097.232
G826	G826	805	7761.2209
G827	G827	805	7314.9026
G828	G828	805	6950.8329
G829	G829	805	7591.5598
G830	G830	805	8546.104599999999
G831	G831	805	7499.0191
G832	G832	805	7642.9461
G833	G833	805	6260.0339
G834	G834	805	6737.0007000000005
G835	G835	805	6879.311299999999
G836	G836	805	6161.4123
G837	G837	805	6752.1985
G838	G838	805	6918.1748
G839	G839	805	6406.6875
G840	G840	805	6282.365900000001
G841	G841	805	5364.287700000001
G842	G842	805	7110.0043000000005
G843	G843	805	5974.854600000001
G844	G844	805	7463.9289
G845	G845	805	8766.437600000001
G846	G846	805	8757.106899999999
G847	G847	805	8967.924200000001
G848	G848	805	6129.0352
G849	G849	805	6011.6863
G850	G850	805	7644.648499999999
G851	G851	805	6233.2523
G852	G852	805	6320.831700000001
G853	G853	805	8358.8466
G854	G854	805	6381.721500000001
G855	G855	805	6768.1743
G856	G856	805	8759.501
G857	G857	805	8174.5221
G858	G858	805	6058.8627
G859	G859	805	6789.8986
G860	G860	805	8893.657600000002
G861	G861	805	4039.0978000000005
G862	G862	805	7968.5193
G863	G863	805	6514.7925
G864	G864	805	6384.8756
G865	G865	805	6107.785900000001
G866	G866	805	6890.8832999999995
G867	G867	805	7868.6412
G868	G868	805	6209.398499999999
G869	G869	805	6064.747300000001
G870	G870	805	8254.3528
G871	G871	805	7076.437099999999
G872	G872	805	8849.310000000001
G873	G873	805	7750.0103
G874	G874	805	5979.3167
G875	G875	805	6730.999199999999
G876	G876	805	7047.9256000000005
G877	G877	805	7529.2712
G878	G878	805	6655.0589
G879	G879	805	8600.637299999999
G880	G880	805	5918.968199999999
G881	G881	805	6947.3857
G882	G882	805	8280.389
G883	G883	805	7343.818
G884	G884	805	6754.1529
G885	G885	805	6085.1421
G886	G886	805	7417.7829
G887	G887	805	7134.0985
G888	G888	805	5631.1567
G889	G889	805	4478.8964
G890	G890	805	9085.6533
G891	G891	805	7622.1848
G892	G892	805	4924.9164
G893	G893	805	6137.4611
G894	G894	805	7345.2510999999995
G895	G895	805	4937.6505
G896	G896	805	6831.7796
G897	G897	805	8214.7929
G898	G898	805	7554.23
G899	G899	805	7140.4838
G900	G900	805	7362.5026
G901	G901	805	6253.1269
G902	G902	805	6716.3323
G903	G903	805	5690.2359
G904	G904	805	5817.8646
G905	G905	805	7040.6019
G906	G906	805	6495.6759
G907	G907	805	6741.9054
G908	G908	805	6814.1148
G909	G909	805	4405.7587
G910	G910	805	7289.186900000001
G911	G911	805	6946.5867
G912	G912	805	7265.6954000000005
G913	G913	805	7563.784
G914	G914	805	7547.8141
G915	G915	805	7273.8351
G916	G916	805	6134.814899999999
G917	G917	805	6535.0505
G918	G918	805	7623.918000000001
G919	G919	805	5846.378699999999
G920	G920	805	7151.0129
G921	G921	805	6865.547699999999
G922	G922	805	5394.9082
G923	G923	805	4293.5549
G924	G924	805	6923.0998
G925	G925	805	5008.9747
G926	G926	805	6504.9816
G927	G927	805	5996.7057
G928	G928	805	5920.5112
G929	G929	805	6878.025
G930	G930	805	5510.3358
G931	G931	805	7580.476299999999
G932	G932	805	7994.2567
G933	G933	805	5726.5378
G934	G934	805	7200.14
G935	G935	805	6518.608
G936	G936	805	7498.004500000001
G937	G937	805	6424.2044000000005
G938	G938	805	7817.8366000000005
G939	G939	805	6336.5166
G940	G940	805	5572.658799999999
G941	G941	805	6517.5436
G942	G942	805	8758.4886
G943	G943	805	8893.716699999999
G944	G944	805	7907.9701000000005
G945	G945	805	7123.179700000001
G946	G946	805	7496.9041
G947	G947	805	7069.0839
G948	G948	805	7243.6725
G949	G949	805	7293.2112
G950	G950	805	6097.276900000001
G951	G951	805	10786.3693
G952	G952	805	6421.041
G953	G953	805	7537.6539
G954	G954	805	6437.4636
G955	G955	805	7020.5426
G956	G956	805	9350.4938
G957	G957	805	6140.0856
G958	G958	805	8396.4028
G959	G959	805	4010.2866000000004
G960	G960	805	7706.1411
G961	G961	805	7054.0633
G962	G962	805	6226.6623
G963	G963	805	6023.3471
G964	G964	805	5038.8547
G965	G965	805	8794.6525
G966	G966	805	7161.8117999999995
G967	G967	805	7344.7758
G968	G968	805	6594.496700000001
G969	G969	805	5443.4599
G970	G970	805	6220.9348
G971	G971	805	6877.9127
G972	G972	805	7845.6821
G973	G973	805	5850.911399999999
G974	G974	805	6255.4782
G975	G975	805	6876.0352
G976	G976	805	6696.143
G977	G977	805	6558.920400000001
G978	G978	805	7161.3153
G979	G979	805	8244.9128
G980	G980	805	6015.3233
G981	G981	805	7461.6368999999995
G982	G982	805	7249.3369
G983	G983	805	5988.2623
G984	G984	805	6354.3663
G985	G985	805	6344.701599999999
G986	G986	805	7209.9951
G987	G987	805	6448.817300000001
G988	G988	805	7546.7792
G989	G989	805	5932.044
G990	G990	805	6538.5612
G991	G991	805	5340.1221000000005
G992	G992	805	8382.170800000002
G993	G993	805	5260.9779
G994	G994	805	6654.7279
G995	G995	805	8117.7896
G996	G996	805	7482.463400000001
G997	G997	805	6970.2961
G998	G998	805	5819.718
G999	G999	805	10261.32
G1000	G1000	805	7102.2492999999995
G1001	G1001	805	7783.6828
G1002	G1002	805	5972.1449999999995
G1003	G1003	805	6867.013
G1004	G1004	805	8540.1558
G1005	G1005	805	4854.763000000001
G1006	G1006	805	6309.4472
G1007	G1007	805	6070.473
G1008	G1008	805	6843.4979
G1009	G1009	805	6720.8803
G1010	G1010	805	5524.4642
G1011	G1011	805	6817.0685
G1012	G1012	805	7486.216899999999
G1013	G1013	805	6724.0470000000005
G1014	G1014	805	6767.4838
G1015	G1015	805	4885.9734
G1016	G1016	805	7233.4465
G1017	G1017	805	6174.9937
G1018	G1018	805	7600.3429
G1019	G1019	805	8483.6947
G1020	G1020	805	8594.8058
G1021	G1021	805	6813.9527
G1022	G1022	805	6123.7571
G1023	G1023	805	8482.4665
G1024	G1024	805	8072.793
G1025	G1025	805	4098.4452
G1026	G1026	805	7594.7995
G1027	G1027	805	7454.0232
G1028	G1028	805	7446.476299999999
G1029	G1029	805	6448.3732
G1030	G1030	805	9138.926599999999
G1031	G1031	805	5595.7836
G1032	G1032	805	6930.8697
G1033	G1033	805	7195.6726
G1034	G1034	805	6575.7322
G1035	G1035	805	9599.5814
G1036	G1036	805	6517.3955000000005
G1037	G1037	805	5869.2665
G1038	G1038	805	8148.241400000001
G1039	G1039	805	7266.0085
G1040	G1040	805	6086.4431
G1041	G1041	805	7963.033299999999
G1042	G1042	805	6810.3093
G1043	G1043	805	5964.0831
G1044	G1044	805	6804.012000000001
G1045	G1045	805	7453.9566
G1046	G1046	805	6964.341
G1047	G1047	805	7087.313300000001
G1048	G1048	805	6337.128100000001
G1049	G1049	805	7841.0751
G1050	G1050	805	7206.183300000001
G1051	G1051	805	7575.5743999999995
G1052	G1052	805	5285.1735
G1053	G1053	805	6003.0196
G1054	G1054	805	7465.2641
G1055	G1055	805	5682.8634
G1056	G1056	805	6031.988399999999
G1057	G1057	805	4983.2811
G1058	G1058	805	7761.8055
G1059	G1059	805	6477.0371
G1060	G1060	805	7505.1466
G1061	G1061	805	6572.764999999999
G1062	G1062	805	9384.4287
G1063	G1063	805	7334.7268
G1064	G1064	805	5600.7005
G1065	G1065	805	7928.6974
G1066	G1066	805	7553.6855
G1067	G1067	805	7033.361000000001
G1068	G1068	805	6699.637199999999
G1069	G1069	805	6652.644
G1070	G1070	805	6364.5953
G1071	G1071	805	6044.2953
G1072	G1072	805	6581.1909
G1073	G1073	805	6441.4586
G1074	G1074	805	7096.291300000001
G1075	G1075	805	7954.681700000001
G1076	G1076	805	6341.6758
G1077	G1077	805	3645.4678999999996
G1078	G1078	805	5309.8727
G1079	G1079	805	6820.5434000000005
G1080	G1080	805	7285.4133
G1081	G1081	805	7098.4748
G1082	G1082	805	6310.885899999999
G1083	G1083	805	6738.8762
G1084	G1084	805	5330.943200000001
G1085	G1085	805	6089.737800000001
G1086	G1086	805	7794.8566
G1087	G1087	805	7176.821
G1088	G1088	805	5957.402099999999
G1089	G1089	805	7730.630999999999
G1090	G1090	805	4833.990400000001
G1091	G1091	805	6572.1663
G1092	G1092	805	9292.300899999998
G1093	G1093	805	6824.1968
G1094	G1094	805	6253.5775
G1095	G1095	805	7691.0278
G1096	G1096	805	6409.0773
G1097	G1097	805	6934.5825
G1098	G1098	805	5487.7934
G1099	G1099	805	7904.6695
G1100	G1100	805	7684.215899999999
G1101	G1101	805	6453.928100000001
G1102	G1102	805	6817.9655
G1103	G1103	805	6961.2251
G1104	G1104	805	6329.5596000000005
G1105	G1105	805	6430.0188
G1106	G1106	805	5516.5712
G1107	G1107	805	5396.5347
G1108	G1108	805	5438.9689
G1109	G1109	805	7450.910599999999
G1110	G1110	805	5415.8994
G1111	G1111	805	6804.915499999999
G1112	G1112	805	6417.017900000001
G1113	G1113	805	6600.8853
G1114	G1114	805	9751.9644
G1115	G1115	805	7224.1421
G1116	G1116	805	6667.9239
G1117	G1117	805	7221.579599999999
G1118	G1118	805	4710.7354
G1119	G1119	805	6218.8272
G1120	G1120	805	7293.5841
G1121	G1121	805	8092.0898
G1122	G1122	805	6893.24
G1123	G1123	805	7433.717299999999
G1124	G1124	805	7496.8308
G1125	G1125	805	6940.8788
G1126	G1126	805	5251.8981
G1127	G1127	805	8812.0157
G1128	G1128	805	5890.8411
G1129	G1129	805	8156.2158
G1130	G1130	805	5682.8881
G1131	G1131	805	7028.9083
G1132	G1132	805	6324.7673
G1133	G1133	805	5295.3033000000005
G1134	G1134	805	8702.8174
G1135	G1135	805	8610.8471
G1136	G1136	805	6551.9509
G1137	G1137	805	5722.4279
G1138	G1138	805	9423.549500000001
G1139	G1139	805	7533.2341
G1140	G1140	805	7292.5644
G1141	G1141	805	7225.2281
G1142	G1142	805	6036.6343
G1143	G1143	805	7537.6173
G1144	G1144	805	3963.1287
G1145	G1145	805	7291.7506
G1146	G1146	805	6534.77
G1147	G1147	805	6972.956899999999
G1148	G1148	805	7472.0357
G1149	G1149	805	6658.4419
G1150	G1150	805	5971.3312000000005
G1151	G1151	805	7115.95
G1152	G1152	805	6097.544400000001
G1153	G1153	805	6173.1813999999995
G1154	G1154	805	7425.4598000000005
G1155	G1155	805	5554.191699999999
G1156	G1156	805	6313.758900000001
G1157	G1157	805	8353.6481
G1158	G1158	805	4615.137000000001
G1159	G1159	805	7278.9558
G1160	G1160	805	6797.4798
G1161	G1161	805	6219.1014
G1162	G1162	805	6315.3268
G1163	G1163	805	5964.2526
G1164	G1164	805	7210.605299999999
G1165	G1165	805	5448.079299999999
G1166	G1166	805	7675.9173
G1167	G1167	805	5858.134999999999
G1168	G1168	805	7156.3083
G1169	G1169	805	4019.0474
G1170	G1170	805	7456.5712
G1171	G1171	805	6668.6525
G1172	G1172	805	8137.1926
G1173	G1173	805	8817.1898
G1174	G1174	805	6628.0975
G1175	G1175	805	6151.097900000001
G1176	G1176	805	7199.6095000000005
G1177	G1177	805	6920.5483
G1178	G1178	805	6161.6613
G1179	G1179	805	6834.1661
G1180	G1180	805	7769.5739
G1181	G1181	805	6156.6638
G1182	G1182	805	6590.4486
G1183	G1183	805	8443.9313
G1184	G1184	805	5500.2232
G1185	G1185	805	6181.8243
G1186	G1186	805	6966.3330000000005
G1187	G1187	805	5410.367200000001
G1188	G1188	805	5888.1601
G1189	G1189	805	5340.9326
G1190	G1190	805	4966.2139
G1191	G1191	805	6164.0235999999995
G1192	G1192	805	8270.969099999998
G1193	G1193	805	6542.4401
G1194	G1194	805	6715.7413
G1195	G1195	805	6741.4221
G1196	G1196	805	7863.993
G1197	G1197	805	6094.503299999999
G1198	G1198	805	7291.4847
G1199	G1199	805	9093.9859
G1200	G1200	805	5849.7315
G1201	G1201	805	6457.8827
G1202	G1202	805	6250.9423
G1203	G1203	805	7573.9234
G1204	G1204	805	7974.5517
G1205	G1205	805	5771.7148
G1206	G1206	805	5446.5159
G1207	G1207	805	6960.1648000000005
G1208	G1208	805	5647.9295
G1209	G1209	805	7330.9539
G1210	G1210	805	6799.2464
G1211	G1211	805	6246.6623
G1212	G1212	805	6352.9023
G1213	G1213	805	6754.1319
G1214	G1214	805	6309.5367
G1215	G1215	805	8145.662499999999
G1216	G1216	805	6816.2912
G1217	G1217	805	7938.496300000001
G1218	G1218	805	5924.448
G1219	G1219	805	7954.5194
G1220	G1220	805	7425.2014
G1221	G1221	805	6094.6725
G1222	G1222	805	6341.596299999999
G1223	G1223	805	5762.055399999999
G1224	G1224	805	5566.287799999999
G1225	G1225	805	6311.0337
G1226	G1226	805	6199.8808
G1227	G1227	805	9005.091100000001
G1228	G1228	805	6205.8894
G1229	G1229	805	4981.9991
G1230	G1230	805	6867.3991000000005
G1231	G1231	805	6904.0457
G1232	G1232	805	6890.1457
G1233	G1233	805	6589.3892000000005
G1234	G1234	805	8276.7778
G1235	G1235	805	6589.5969000000005
G1236	G1236	805	6637.5279
G1237	G1237	805	8468.5311
G1238	G1238	805	6943.3125
G1239	G1239	805	7901.2531
G1240	G1240	805	6300.1227
G1241	G1241	805	6419.956399999999
G1242	G1242	805	8385.5743
G1243	G1243	805	7458.2899
G1244	G1244	805	6093.6165
G1245	G1245	805	6286.782200000001
G1246	G1246	805	6584.912
G1247	G1247	805	6939.0918
G1248	G1248	805	7106.824199999999
G1249	G1249	805	6339.8907
G1250	G1250	805	5496.5895
G1251	G1251	805	6959.8228
G1252	G1252	805	6259.3055
G1253	G1253	805	6905.636399999999
G1254	G1254	805	7178.387000000001
G1255	G1255	805	7224.7915
G1256	G1256	805	6703.9434
G1257	G1257	805	6599.2399000000005
G1258	G1258	805	6850.511
G1259	G1259	805	5909.4336
G1260	G1260	805	4460.699
G1261	G1261	805	6794.6404
G1262	G1262	805	6315.0249
G1263	G1263	805	8621.4941
G1264	G1264	805	6406.1709
G1265	G1265	805	7972.0458
G1266	G1266	805	7715.7811
G1267	G1267	805	8033.025099999999
G1268	G1268	805	6736.508
G1269	G1269	805	7206.6427
G1270	G1270	805	7902.630300000001
G1271	G1271	805	7220.0803
G1272	G1272	805	7435.7771
G1273	G1273	805	6684.1574
G1274	G1274	805	5943.2793
G1275	G1275	805	8289.8802
G1276	G1276	805	5020.8894
G1277	G1277	805	7486.840700000001
G1278	G1278	805	7065.2847
G1279	G1279	805	6674.4564
G1280	G1280	805	6343.2033
G1281	G1281	805	7104.7519999999995
G1282	G1282	805	7254.6476
G1283	G1283	805	6237.889
G1284	G1284	805	9216.394100000001
G1285	G1285	805	6944.5409
G1286	G1286	805	5693.6328
G1287	G1287	805	5534.1224999999995
G1288	G1288	805	7633.7081
G1289	G1289	805	6187.5484
G1290	G1290	805	9252.971899999999
G1291	G1291	805	7158.948
G1292	G1292	805	6856.563
G1293	G1293	805	6414.417100000001
G1294	G1294	805	6456.6762
G1295	G1295	805	5888.6375
G1296	G1296	805	7301.6902
G1297	G1297	805	8006.7251
G1298	G1298	805	4249.2565
G1299	G1299	805	7104.112
G1300	G1300	805	6954.4439
G1301	G1301	805	6627.9546
G1302	G1302	805	6870.089300000001
G1303	G1303	805	6729.376899999999
G1304	G1304	805	8015.588100000001
G1305	G1305	805	9666.0
G1306	G1306	805	6400.308800000001
G1307	G1307	805	8281.1358
G1308	G1308	805	7745.1009
G1309	G1309	805	8112.0931
G1310	G1310	805	6845.916300000001
G1311	G1311	805	5496.9265
G1312	G1312	805	6626.3567
G1313	G1313	805	6855.7217
G1314	G1314	805	7909.807999999999
G1315	G1315	805	8153.6831999999995
G1316	G1316	805	6812.407300000001
G1317	G1317	805	5905.2329
G1318	G1318	805	7392.9451
G1319	G1319	805	5612.0998
G1320	G1320	805	6511.0917
G1321	G1321	805	5820.0166
G1322	G1322	805	9013.897100000002
G1323	G1323	805	7611.1717
G1324	G1324	805	7289.308300000001
G1325	G1325	805	6156.6025
G1326	G1326	805	6010.736000000001
G1327	G1327	805	6486.7229
G1328	G1328	805	7010.4851
G1329	G1329	805	7383.3806
G1330	G1330	805	6617.8969
G1331	G1331	805	7092.0052
G1332	G1332	805	6888.2328
G1333	G1333	805	6903.4097
G1334	G1334	805	7506.3655
G1335	G1335	805	10420.3552
G1336	G1336	805	7616.070900000001
G1337	G1337	805	6659.4231
G1338	G1338	805	6132.3838
G1339	G1339	805	7588.994600000001
G1340	G1340	805	6622.4907
G1341	G1341	805	10444.7745
G1342	G1342	805	6246.8517
G1343	G1343	805	7093.9895
G1344	G1344	805	7710.815500000001
G1345	G1345	805	7783.106
G1346	G1346	805	7961.5116
G1347	G1347	805	6413.9467
G1348	G1348	805	8549.553899999999
G1349	G1349	805	5833.048
G1350	G1350	805	7413.4295999999995
G1351	G1351	805	7526.1384
G1352	G1352	805	6387.4403
G1353	G1353	805	7440.2384
G1354	G1354	805	8622.984799999998
G1355	G1355	805	6577.6474
G1356	G1356	805	5081.112
G1357	G1357	805	6215.1114
G1358	G1358	805	7045.111199999999
G1359	G1359	805	6180.359
G1360	G1360	805	6001.7484
G1361	G1361	805	6080.9894
G1362	G1362	805	6982.3507
G1363	G1363	805	5307.8529
G1364	G1364	805	5881.6098
G1365	G1365	805	7457.8669
G1366	G1366	805	6592.004199999999
G1367	G1367	805	7869.3113
G1368	G1368	805	6600.9983999999995
G1369	G1369	805	7025.4869
G1370	G1370	805	7128.1427
G1371	G1371	805	6905.963400000001
G1372	G1372	805	6784.2587
G1373	G1373	805	6844.2289
G1374	G1374	805	5266.6089
G1375	G1375	805	7696.607599999999
G1376	G1376	805	6716.003200000001
G1377	G1377	805	5292.973399999999
G1378	G1378	805	7895.9523
G1379	G1379	805	6105.2336
G1380	G1380	805	7938.267900000001
G1381	G1381	805	5749.271000000001
G1382	G1382	805	7351.5957
G1383	G1383	805	7516.9189
G1384	G1384	805	8071.9545
G1385	G1385	805	7084.7835000000005
G1386	G1386	805	8352.776300000001
G1387	G1387	805	6537.1517
G1388	G1388	805	6128.8217
G1389	G1389	805	7135.3162
G1390	G1390	805	6013.767600000001
G1391	G1391	805	7283.3369999999995
G1392	G1392	805	5534.3484
G1393	G1393	805	4765.6617
G1394	G1394	805	6283.6197
G1395	G1395	805	6607.104
G1396	G1396	805	6523.8625
G1397	G1397	805	6500.2348999999995
G1398	G1398	805	6876.8449
G1399	G1399	805	5575.8854
G1400	G1400	805	8340.056700000001
G1401	G1401	805	8067.981
G1402	G1402	805	6529.7772
G1403	G1403	805	7848.3292
G1404	G1404	805	7965.3019
G1405	G1405	805	6274.3372
G1406	G1406	805	7389.3623
G1407	G1407	805	7465.1288
G1408	G1408	805	7254.5318
G1409	G1409	805	6502.8579
G1410	G1410	805	6677.565799999999
G1411	G1411	805	6556.6746
G1412	G1412	805	7758.503500000001
G1413	G1413	805	6261.1952
G1414	G1414	805	8721.929800000002
G1415	G1415	805	6863.221
G1416	G1416	805	7084.7478
G1417	G1417	805	5878.5489
G1418	G1418	805	8033.959
G1419	G1419	805	6418.097599999999
G1420	G1420	805	5643.8053
G1421	G1421	805	6463.926600000001
G1422	G1422	805	6966.9565
G1423	G1423	805	7163.9812
G1424	G1424	805	6098.2699
G1425	G1425	805	6235.1695
G1426	G1426	805	6574.428599999999
G1427	G1427	805	6464.0092
G1428	G1428	805	6962.642
G1429	G1429	805	7423.9598000000005
G1430	G1430	805	7751.4269
G1431	G1431	805	6761.6745
G1432	G1432	805	7056.0825
G1433	G1433	805	8052.7723000000005
G1434	G1434	805	6418.3013
G1435	G1435	805	6532.4965999999995
G1436	G1436	805	5968.0238
G1437	G1437	805	6320.4568
G1438	G1438	805	6506.0806
G1439	G1439	805	10035.5015
G1440	G1440	805	6699.7438
G1441	G1441	805	5551.322
G1442	G1442	805	5354.2423
G1443	G1443	805	8445.6168
G1444	G1444	805	7426.1314999999995
G1445	G1445	805	7346.629999999999
G1446	G1446	805	7208.8045999999995
G1447	G1447	805	6676.6518
G1448	G1448	805	4571.7853
G1449	G1449	805	5923.4155
G1450	G1450	805	6252.5129
G1451	G1451	805	8028.2600999999995
G1452	G1452	805	6282.891600000001
G1453	G1453	805	6509.3365
G1454	G1454	805	7519.096600000001
G1455	G1455	805	4753.5988
G1456	G1456	805	6741.022199999999
G1457	G1457	805	7859.883
G1458	G1458	805	7315.350199999999
G1459	G1459	805	6921.7405
G1460	G1460	805	7260.9884
G1461	G1461	805	5831.230599999999
G1462	G1462	805	6882.812399999999
G1463	G1463	805	7683.904200000001
G1464	G1464	805	8112.0439
G1465	G1465	805	7520.3279
G1466	G1466	805	6671.2014
G1467	G1467	805	4754.8321
G1468	G1468	805	9772.661499999998
G1469	G1469	805	7775.788199999999
G1470	G1470	805	6766.0993
G1471	G1471	805	8084.793100000001
G1472	G1472	805	6551.602999999999
G1473	G1473	805	6221.095000000001
G1474	G1474	805	7177.58
G1475	G1475	805	6691.7872
G1476	G1476	805	6433.7698
G1477	G1477	805	9305.104000000001
G1478	G1478	805	5277.844
G1479	G1479	805	7464.8568
G1480	G1480	805	6907.2829
G1481	G1481	805	7427.408300000001
G1482	G1482	805	7127.9401
G1483	G1483	805	4248.2286
G1484	G1484	805	7801.5901
G1485	G1485	805	6493.645
G1486	G1486	805	3604.415
G1487	G1487	805	8829.3167
G1488	G1488	805	7409.2225
G1489	G1489	805	8646.4968
G1490	G1490	805	6964.720499999999
G1491	G1491	805	7985.126700000001
G1492	G1492	805	7493.131200000001
G1493	G1493	805	7453.256
G1494	G1494	805	8001.0779999999995
G1495	G1495	805	5665.2969
G1496	G1496	805	6491.6115
G1497	G1497	805	7283.2882
G1498	G1498	805	6721.9778
G1499	G1499	805	6053.8881
G1500	G1500	805	10068.518100000001
G1501	G1501	805	5914.0444
G1502	G1502	805	6001.1578
G1503	G1503	805	6942.9389
G1504	G1504	805	7399.0669
G1505	G1505	805	7251.2632
G1506	G1506	805	7246.2602
G1507	G1507	805	7092.230799999999
G1508	G1508	805	3711.1618
G1509	G1509	805	6252.918900000001
G1510	G1510	805	5310.8904
G1511	G1511	805	6567.1227
G1512	G1512	805	6162.1258
G1513	G1513	805	7054.9483
G1514	G1514	805	6659.746499999999
G1515	G1515	805	4626.5279
G1516	G1516	805	6112.6091
G1517	G1517	805	4970.4202000000005
G1518	G1518	805	5789.3180999999995
G1519	G1519	805	5609.3902
G1520	G1520	805	9362.7265
G1521	G1521	805	8204.387200000001
G1522	G1522	805	5314.4638
G1523	G1523	805	7076.6034
G1524	G1524	805	6229.9797
G1525	G1525	805	7404.9661
G1526	G1526	805	6835.5181999999995
G1527	G1527	805	7227.4763
G1528	G1528	805	6933.557699999999
G1529	G1529	805	7497.642
G1530	G1530	805	8648.7701
G1531	G1531	805	7734.7453
G1532	G1532	805	6157.9678
G1533	G1533	805	6950.8978
G1534	G1534	805	7480.718800000001
G1535	G1535	805	5908.5918
G1536	G1536	805	7404.497799999999
G1537	G1537	805	11297.971000000001
G1538	G1538	805	6439.357099999999
G1539	G1539	805	8548.8347
G1540	G1540	805	5960.641099999999
G1541	G1541	805	8122.1863
G1542	G1542	805	6568.2652
G1543	G1543	805	6864.736500000001
G1544	G1544	805	8198.2529
G1545	G1545	805	7624.4468
G1546	G1546	805	7502.6047
G1547	G1547	805	5849.1251999999995
G1548	G1548	805	6151.2762999999995
G1549	G1549	805	7444.984600000001
G1550	G1550	805	3459.1627
G1551	G1551	805	7708.4117
G1552	G1552	805	6846.9793
G1553	G1553	805	7422.9106
G1554	G1554	805	6825.4514
G1555	G1555	805	7579.7138
G1556	G1556	805	5584.970600000001
G1557	G1557	805	4325.46
G1558	G1558	805	6848.4182
G1559	G1559	805	9551.469700000001
G1560	G1560	805	7892.3879
G1561	G1561	805	4784.5864
G1562	G1562	805	6059.5475
G1563	G1563	805	6311.1649
G1564	G1564	805	6459.5525
G1565	G1565	805	8656.003
G1566	G1566	805	8568.9635
G1567	G1567	805	6410.970499999999
G1568	G1568	805	3918.8367
G1569	G1569	805	6264.6919
G1570	G1570	805	6509.2379
G1571	G1571	805	6051.2951
G1572	G1572	805	7575.9046
G1573	G1573	805	6618.9575
G1574	G1574	805	7078.5304
G1575	G1575	805	5423.4573
G1576	G1576	805	5964.2276999999995
G1577	G1577	805	8532.3459
G1578	G1578	805	8185.4535000000005
G1579	G1579	805	7038.6733
G1580	G1580	805	7133.904699999999
G1581	G1581	805	7091.7654
G1582	G1582	805	7095.754199999999
G1583	G1583	805	5928.4679
G1584	G1584	805	5566.191699999999
G1585	G1585	805	7949.1317
G1586	G1586	805	7734.6243
G1587	G1587	805	5935.344800000001
G1588	G1588	805	6785.7393
G1589	G1589	805	6742.8399
G1590	G1590	805	4577.9561
G1591	G1591	805	5667.3413
G1592	G1592	805	7635.4866
G1593	G1593	805	6599.1573
G1594	G1594	805	6619.8842
G1595	G1595	805	6635.077300000001
G1596	G1596	805	6074.7528
G1597	G1597	805	6785.0664
G1598	G1598	805	7709.456
G1599	G1599	805	6478.4442
G1600	G1600	805	7109.6071
G1601	G1601	805	6456.7321
G1602	G1602	805	6666.661700000001
G1603	G1603	805	7220.3868999999995
G1604	G1604	805	6456.5195
G1605	G1605	805	6204.378699999999
G1606	G1606	805	7789.312599999999
G1607	G1607	805	6313.5232
G1608	G1608	805	6857.6929
G1609	G1609	805	6161.3899
G1610	G1610	805	7036.5497
G1611	G1611	805	5980.8208
G1612	G1612	805	7948.9971
G1613	G1613	805	7088.6322
G1614	G1614	805	9939.1734
G1615	G1615	805	6362.0911
G1616	G1616	805	7849.965700000001
G1617	G1617	805	8589.6426
G1618	G1618	805	5810.5371000000005
G1619	G1619	805	8174.166300000001
G1620	G1620	805	6970.460499999999
G1621	G1621	805	9501.4366
G1622	G1622	805	7207.209
G1623	G1623	805	6552.957899999999
G1624	G1624	805	6518.5527
G1625	G1625	805	6265.9761
G1626	G1626	805	7092.237999999999
G1627	G1627	805	5704.2941
G1628	G1628	805	6757.4003
G1629	G1629	805	5529.555
G1630	G1630	805	7103.150799999999
G1631	G1631	805	8099.1497
G1632	G1632	805	6194.420899999999
G1633	G1633	805	6486.1203
G1634	G1634	805	5917.2142
G1635	G1635	805	7109.4689
G1636	G1636	805	6838.6243
G1637	G1637	805	7079.2009
G1638	G1638	805	6773.571999999999
G1639	G1639	805	6460.408299999999
G1640	G1640	805	10433.288700000001
G1641	G1641	805	6618.6353
G1642	G1642	805	6274.2871
G1643	G1643	805	6744.5697
G1644	G1644	805	7000.427900000001
G1645	G1645	805	6580.546899999999
G1646	G1646	805	6178.6553
G1647	G1647	805	8186.842799999999
G1648	G1648	805	7296.428000000001
G1649	G1649	805	7328.7079
G1650	G1650	805	9682.7254
G1651	G1651	805	8498.211599999999
G1652	G1652	805	7209.668500000001
G1653	G1653	805	6517.720499999999
G1654	G1654	805	5503.9421999999995
G1655	G1655	805	6350.2947
G1656	G1656	805	4951.8056
G1657	G1657	805	6847.9078
G1658	G1658	805	6270.615400000001
G1659	G1659	805	7419.742
G1660	G1660	805	7145.1257000000005
G1661	G1661	805	7820.8064
G1662	G1662	805	8009.907
G1663	G1663	805	7013.7829
G1664	G1664	805	6816.374900000001
G1665	G1665	805	6268.4538999999995
G1666	G1666	805	7570.2943
G1667	G1667	805	6337.2096
G1668	G1668	805	7851.7636999999995
G1669	G1669	805	5178.5884
G1670	G1670	805	6757.5152
G1671	G1671	805	7084.8423
G1672	G1672	805	7057.140299999999
G1673	G1673	805	7478.587300000001
G1674	G1674	805	6041.6230000000005
G1675	G1675	805	7426.9392
G1676	G1676	805	5400.737499999999
G1677	G1677	805	9220.3415
G1678	G1678	805	5594.3775000000005
G1679	G1679	805	5621.3337
G1680	G1680	805	6370.7329
G1681	G1681	805	7282.8117999999995
G1682	G1682	805	7014.8174
G1683	G1683	805	5402.3826
G1684	G1684	805	7167.869000000001
G1685	G1685	805	6913.654500000001
G1686	G1686	805	7235.0711
G1687	G1687	805	7791.1389
G1688	G1688	805	6370.4056
G1689	G1689	805	6296.7002
G1690	G1690	805	6117.2497
G1691	G1691	805	8896.8092
G1692	G1692	805	7277.1779
G1693	G1693	805	6993.8894
G1694	G1694	805	7587.1356
G1695	G1695	805	5743.0077
G1696	G1696	805	7042.414000000001
G1697	G1697	805	7152.8325
G1698	G1698	805	6933.0461
G1699	G1699	805	5262.3591
G1700	G1700	805	7568.068799999999
G1701	G1701	805	5119.4793
G1702	G1702	805	7436.217700000001
G1703	G1703	805	7204.0612
G1704	G1704	805	7025.478300000001
G1705	G1705	805	6882.1499
G1706	G1706	805	7826.517699999999
G1707	G1707	805	6460.8748
G1708	G1708	805	6413.828600000001
G1709	G1709	805	5715.7832
G1710	G1710	805	8006.7299
G1711	G1711	805	6724.323899999999
G1712	G1712	805	6695.6626
G1713	G1713	805	6897.9229000000005
G1714	G1714	805	6381.6778
G1715	G1715	805	5007.0992
G1716	G1716	805	8248.6957
G1717	G1717	805	7395.899600000001
G1718	G1718	805	6440.490099999999
G1719	G1719	805	6741.3658
G1720	G1720	805	6320.003000000001
G1721	G1721	805	5579.536899999999
G1722	G1722	805	7614.7774
G1723	G1723	805	5748.8841
G1724	G1724	805	6344.0545999999995
G1725	G1725	805	6180.7689
G1726	G1726	805	4268.260200000001
G1727	G1727	805	6867.8407
G1728	G1728	805	6602.244
G1729	G1729	805	8287.065999999999
G1730	G1730	805	8304.8768
G1731	G1731	805	7483.2367
G1732	G1732	805	7466.9871
G1733	G1733	805	7132.9159
G1734	G1734	805	6594.901900000001
G1735	G1735	805	6558.2449
G1736	G1736	805	8545.502400000001
G1737	G1737	805	4339.2622
G1738	G1738	805	6964.621500000001
G1739	G1739	805	6313.9078
G1740	G1740	805	6972.9211
G1741	G1741	805	8728.2518
G1742	G1742	805	5876.778899999999
G1743	G1743	805	7093.4516
G1744	G1744	805	6988.642
G1745	G1745	805	7306.3150000000005
G1746	G1746	805	6845.477199999999
G1747	G1747	805	5832.538500000001
G1748	G1748	805	6157.1675
G1749	G1749	805	8587.1574
G1750	G1750	805	6529.6607
G1751	G1751	805	6745.2817
G1752	G1752	805	8135.812899999999
G1753	G1753	805	5149.177
G1754	G1754	805	7466.730799999999
G1755	G1755	805	6350.740999999999
G1756	G1756	805	6987.7891
G1757	G1757	805	7149.4684
G1758	G1758	805	8564.4107
G1759	G1759	805	7064.2225
G1760	G1760	805	7967.5068
G1761	G1761	805	6086.5304
G1762	G1762	805	8096.5706
G1763	G1763	805	10392.9678
G1764	G1764	805	7480.9015
G1765	G1765	805	7552.1964
G1766	G1766	805	6340.034900000001
G1767	G1767	805	6775.672500000001
G1768	G1768	805	8559.839100000001
G1769	G1769	805	7086.570599999999
G1770	G1770	805	6172.1212000000005
G1771	G1771	805	6085.7008000000005
G1772	G1772	805	7082.867200000001
G1773	G1773	805	10135.810000000001
G1774	G1774	805	8452.6053
G1775	G1775	805	5970.9131
G1776	G1776	805	8001.8524
G1777	G1777	805	7034.8763
G1778	G1778	805	9855.8655
G1779	G1779	805	5220.3714
G1780	G1780	805	8524.2793
G1781	G1781	805	9199.470700000002
G1782	G1782	805	6632.9175000000005
G1783	G1783	805	6334.8126
G1784	G1784	805	8050.4636
G1785	G1785	805	6725.0016
G1786	G1786	805	6230.2203
G1787	G1787	805	7116.0086
G1788	G1788	805	6044.3439
G1789	G1789	805	7840.509
G1790	G1790	805	7768.8109
G1791	G1791	805	6500.4991
G1792	G1792	805	7950.4864
G1793	G1793	805	6568.2073
G1794	G1794	805	6487.2411999999995
G1795	G1795	805	6294.8326
G1796	G1796	805	6918.5954
G1797	G1797	805	5821.1751
G1798	G1798	805	4833.4881000000005
G1799	G1799	805	5796.4106
G1800	G1800	805	7184.682500000001
G1801	G1801	805	6574.3194
G1802	G1802	805	7220.3652
G1803	G1803	805	6855.4169999999995
G1804	G1804	805	7497.6258
G1805	G1805	805	6962.3693
G1806	G1806	805	10156.5499
G1807	G1807	805	6329.5151
G1808	G1808	805	7225.529500000001
G1809	G1809	805	7659.2816
G1810	G1810	805	5841.2615000000005
G1811	G1811	805	6693.5638
G1812	G1812	805	6603.7005
G1813	G1813	805	7389.749600000001
G1814	G1814	805	6428.48
G1815	G1815	805	6861.2372
G1816	G1816	805	8521.6227
G1817	G1817	805	4995.827
G1818	G1818	805	5490.2829
G1819	G1819	805	4370.0466
G1820	G1820	805	6208.03
G1821	G1821	805	6527.4746
G1822	G1822	805	9544.5717
G1823	G1823	805	5820.8755
G1824	G1824	805	7526.4893
G1825	G1825	805	5706.168
G1826	G1826	805	7277.6855
G1827	G1827	805	7370.9948
G1828	G1828	805	7004.8984
G1829	G1829	805	6412.5758
G1830	G1830	805	6671.7377
G1831	G1831	805	6297.956899999999
G1832	G1832	805	6019.4386
G1833	G1833	805	5429.5688
G1834	G1834	805	10307.2963
G1835	G1835	805	7061.142
G1836	G1836	805	6808.3649
G1837	G1837	805	7973.222999999999
G1838	G1838	805	6585.7674
G1839	G1839	805	6108.2383
G1840	G1840	805	6867.623
G1841	G1841	805	8032.312400000001
G1842	G1842	805	7967.9214
G1843	G1843	805	8281.6596
G1844	G1844	805	8193.912100000001
G1845	G1845	805	5601.0761999999995
G1846	G1846	805	6772.5857
G1847	G1847	805	6660.8971
G1848	G1848	805	6081.0824
G1849	G1849	805	6616.2217
G1850	G1850	805	5403.6993999999995
G1851	G1851	805	7125.022800000001
G1852	G1852	805	7281.6543
G1853	G1853	805	5658.346799999999
G1854	G1854	805	7089.970600000001
G1855	G1855	805	6156.1224
G1856	G1856	805	6558.3099
G1857	G1857	805	7184.5674
G1858	G1858	805	4394.6032
G1859	G1859	805	4504.6419000000005
G1860	G1860	805	7622.9251
G1861	G1861	805	6931.673199999999
G1862	G1862	805	5979.3478
G1863	G1863	805	5865.9702
G1864	G1864	805	6937.488299999999
G1865	G1865	805	6566.6597
G1866	G1866	805	6353.9005
G1867	G1867	805	6062.054099999999
G1868	G1868	805	5891.564200000001
G1869	G1869	805	5165.1937
G1870	G1870	805	7721.9663
G1871	G1871	805	7309.1944
G1872	G1872	805	6535.2582999999995
G1873	G1873	805	6352.7645999999995
G1874	G1874	805	6994.9088
G1875	G1875	805	3412.0541
G1876	G1876	805	3738.9605
G1877	G1877	805	6664.4853
G1878	G1878	805	4692.618100000001
G1879	G1879	805	8013.7508
G1880	G1880	805	7578.1876
G1881	G1881	805	7768.5267
G1882	G1882	805	6165.2137999999995
G1883	G1883	805	7989.8162
G1884	G1884	805	7494.728
G1885	G1885	805	6591.700699999999
G1886	G1886	805	6947.0945
G1887	G1887	805	7015.2304
G1888	G1888	805	6716.5615
G1889	G1889	805	7366.271500000001
G1890	G1890	805	6044.3543
G1891	G1891	805	7680.8836
G1892	G1892	805	6348.8739
G1893	G1893	805	7821.623
G1894	G1894	805	6140.2138
G1895	G1895	805	6801.660400000001
G1896	G1896	805	4946.4008
G1897	G1897	805	6860.2986
G1898	G1898	805	5525.056199999999
G1899	G1899	805	6544.1011
G1900	G1900	805	5144.1246
G1901	G1901	805	6109.676100000001
G1902	G1902	805	6444.979799999999
G1903	G1903	805	6831.1849
G1904	G1904	805	8099.453
G1905	G1905	805	5979.4432
G1906	G1906	805	6570.1714
G1907	G1907	805	7390.7507000000005
G1908	G1908	805	6632.939699999999
G1909	G1909	805	6335.979600000001
G1910	G1910	805	7599.485900000001
G1911	G1911	805	6962.6553
G1912	G1912	805	4961.2033
G1913	G1913	805	7424.3689
G1914	G1914	805	7029.7878
G1915	G1915	805	7152.5679
G1916	G1916	805	9010.935099999999
G1917	G1917	805	7503.3148
G1918	G1918	805	6862.7762
G1919	G1919	805	6985.5838
G1920	G1920	805	7124.4534
G1921	G1921	805	7232.8035
G1922	G1922	805	8030.167599999999
G1923	G1923	805	7660.6247
G1924	G1924	805	7538.56
G1925	G1925	805	7738.0714
G1926	G1926	805	6922.1808
G1927	G1927	805	9307.8914
G1928	G1928	805	7543.4728
G1929	G1929	805	6968.9520999999995
G1930	G1930	805	6375.6543
G1931	G1931	805	6463.7534000000005
G1932	G1932	805	6916.032800000001
G1933	G1933	805	5340.8997
G1934	G1934	805	7711.9935
G1935	G1935	805	6397.1252
G1936	G1936	805	6287.4355
G1937	G1937	805	6850.1616
G1938	G1938	805	6162.0872
G1939	G1939	805	5917.1103
G1940	G1940	805	5765.1254
G1941	G1941	805	7393.878500000001
G1942	G1942	805	8313.526000000002
G1943	G1943	805	6341.8853
G1944	G1944	805	5813.5527
G1945	G1945	805	5046.087600000001
G1946	G1946	805	6862.054900000001
G1947	G1947	805	6781.092500000001
G1948	G1948	805	7141.8261
G1949	G1949	805	4777.3513
G1950	G1950	805	8037.898999999999
G1951	G1951	805	7799.9806
G1952	G1952	805	7838.4845
G1953	G1953	805	6512.0036
G1954	G1954	805	6281.302299999999
G1955	G1955	805	5773.6021
G1956	G1956	805	6569.7085
G1957	G1957	805	5956.548199999999
G1958	G1958	805	6377.475
G1959	G1959	805	5708.5355
G1960	G1960	805	4915.9789
G1961	G1961	805	7835.108899999999
G1962	G1962	805	5969.2698
G1963	G1963	805	5777.4196999999995
G1964	G1964	805	6616.3328
G1965	G1965	805	7478.1725
G1966	G1966	805	6996.0841
G1967	G1967	805	5997.405199999999
G1968	G1968	805	7639.3865
G1969	G1969	805	6510.0851
G1970	G1970	805	7025.2731
G1971	G1971	805	7651.5458
G1972	G1972	805	6473.9248
G1973	G1973	805	5607.7126
G1974	G1974	805	6267.9281
G1975	G1975	805	7001.112300000001
G1976	G1976	805	7513.854600000001
G1977	G1977	805	7408.8462
G1978	G1978	805	7898.073
G1979	G1979	805	6847.224899999999
G1980	G1980	805	7099.4232
G1981	G1981	805	6974.3241
G1982	G1982	805	3790.9456
G1983	G1983	805	6623.0308
G1984	G1984	805	6255.578799999999
G1985	G1985	805	6568.984100000001
G1986	G1986	805	7536.3188
G1987	G1987	805	5795.1305
G1988	G1988	805	6789.188900000001
G1989	G1989	805	6924.7433
G1990	G1990	805	7487.3532
G1991	G1991	805	4415.5176
G1992	G1992	805	6052.1635
G1993	G1993	805	7063.1192
G1994	G1994	805	6954.1993
G1995	G1995	805	5413.4163
G1996	G1996	805	5927.689
G1997	G1997	805	10730.743999999999
G1998	G1998	805	8523.5017
G1999	G1999	805	7907.4668
G2000	G2000	805	6319.2297
G2001	G2001	805	5844.294
G2002	G2002	805	8047.7474999999995
G2003	G2003	805	6480.7649
G2004	G2004	805	6812.0206
G2005	G2005	805	6020.9581
G2006	G2006	805	6286.9628999999995
G2007	G2007	805	6889.396299999999
G2008	G2008	805	7130.944100000001
G2009	G2009	805	6239.565299999999
G2010	G2010	805	6900.862500000001
G2011	G2011	805	5963.1924
G2012	G2012	805	6500.4629
G2013	G2013	805	7546.8422
G2014	G2014	805	9330.1594
G2015	G2015	805	8041.9273
G2016	G2016	805	7541.495000000001
G2017	G2017	805	7252.0172999999995
G2018	G2018	805	6866.516799999999
G2019	G2019	805	5284.3703000000005
G2020	G2020	805	6066.0756
G2021	G2021	805	6502.839
G2022	G2022	805	6992.459
G2023	G2023	805	6861.079599999999
G2024	G2024	805	8723.890200000002
G2025	G2025	805	6689.1858
G2026	G2026	805	5568.221399999999
G2027	G2027	805	6313.4654
G2028	G2028	805	7077.982900000001
G2029	G2029	805	5992.9765
G2030	G2030	805	6976.8656
G2031	G2031	805	6950.0049
G2032	G2032	805	6384.9159
G2033	G2033	805	5865.731000000001
G2034	G2034	805	6702.627
G2035	G2035	805	6684.24
G2036	G2036	805	7765.631299999999
G2037	G2037	805	6724.5026
G2038	G2038	805	6938.9992
G2039	G2039	805	4863.3508
G2040	G2040	805	6318.0422
G2041	G2041	805	6900.0715
G2042	G2042	805	6431.1197999999995
G2043	G2043	805	6840.7072
G2044	G2044	805	5332.5954
G2045	G2045	805	4605.2032
G2046	G2046	805	8264.912400000001
G2047	G2047	805	7182.7019
G2048	G2048	805	6723.1088
G2049	G2049	805	6403.1816
G2050	G2050	805	8407.394400000001
G2051	G2051	805	5611.9351
G2052	G2052	805	7314.2964
G2053	G2053	805	7224.321400000001
G2054	G2054	805	7144.7866
G2055	G2055	805	7527.8305
G2056	G2056	805	7140.753199999999
G2057	G2057	805	10268.4981
G2058	G2058	805	6388.7231
G2059	G2059	805	6710.0683
G2060	G2060	805	5530.9175
G2061	G2061	805	4904.216
G2062	G2062	805	9652.3292
G2063	G2063	805	9401.4359
G2064	G2064	805	5770.2648
G2065	G2065	805	6427.2498
G2066	G2066	805	7385.586799999999
G2067	G2067	805	6847.875399999999
G2068	G2068	805	9136.3329
G2069	G2069	805	6904.8878
G2070	G2070	805	6130.5084
G2071	G2071	805	6860.442599999999
G2072	G2072	805	6886.8672
G2073	G2073	805	6555.9664
G2074	G2074	805	6389.4814
G2075	G2075	805	7249.2617
G2076	G2076	805	10300.5664
G2077	G2077	805	7188.57
G2078	G2078	805	6596.5522
G2079	G2079	805	6667.0079
G2080	G2080	805	8240.8951
G2081	G2081	805	6594.5853
G2082	G2082	805	8664.4672
G2083	G2083	805	5435.9755000000005
G2084	G2084	805	5216.4649
G2085	G2085	805	9902.988
G2086	G2086	805	7947.6592
G2087	G2087	805	4415.8175
G2088	G2088	805	6964.6248
G2089	G2089	805	8027.289199999999
G2090	G2090	805	7362.9416
G2091	G2091	805	6886.825000000001
G2092	G2092	805	6135.9574
G2093	G2093	805	7734.9848999999995
G2094	G2094	805	4707.909
G2095	G2095	805	6810.5117
G2096	G2096	805	6013.802
G2097	G2097	805	8056.4920999999995
G2098	G2098	805	7776.639300000001
G2099	G2099	805	6241.756299999999
G2100	G2100	805	5946.1748
G2101	G2101	805	7192.2386
G2102	G2102	805	6099.9299
G2103	G2103	805	4953.9977
G2104	G2104	805	6861.17
G2105	G2105	805	6899.756600000001
G2106	G2106	805	7200.366300000001
G2107	G2107	805	6779.9144
G2108	G2108	805	6860.7448
G2109	G2109	805	7500.950999999999
G2110	G2110	805	7733.6326
G2111	G2111	805	6886.1737
G2112	G2112	805	7086.0214
G2113	G2113	805	6414.8644
G2114	G2114	805	6087.8006000000005
G2115	G2115	805	6067.5949
G2116	G2116	805	7360.7283
G2117	G2117	805	5678.0996
G2118	G2118	805	6504.6852
G2119	G2119	805	8899.7278
G2120	G2120	805	7175.5079000000005
G2121	G2121	805	8567.736700000001
G2122	G2122	805	5728.6333
G2123	G2123	805	6707.394899999999
G2124	G2124	805	6965.5587
G2125	G2125	805	6672.3179
G2126	G2126	805	6968.338900000001
G2127	G2127	805	7352.2264
G2128	G2128	805	6618.3875
G2129	G2129	805	5648.5249
G2130	G2130	805	8116.700999999999
G2131	G2131	805	6768.120199999999
G2132	G2132	805	6771.7143
G2133	G2133	805	6116.7582999999995
G2134	G2134	805	8065.942
G2135	G2135	805	7901.8958
G2136	G2136	805	2983.6422999999995
G2137	G2137	805	5358.566500000001
G2138	G2138	805	7324.2970000000005
G2139	G2139	805	7196.1433
G2140	G2140	805	6043.9426
G2141	G2141	805	6652.2375999999995
G2142	G2142	805	5666.853499999999
G2143	G2143	805	8070.592500000001
G2144	G2144	805	6116.233700000001
G2145	G2145	805	6688.8012
G2146	G2146	805	7561.2117
G2147	G2147	805	7594.3341
G2148	G2148	805	7649.709699999999
G2149	G2149	805	6196.8774
G2150	G2150	805	7180.9136
G2151	G2151	805	5730.3897
G2152	G2152	805	7473.4794999999995
G2153	G2153	805	6894.052100000001
G2154	G2154	805	6383.516600000001
G2155	G2155	805	8281.588899999999
G2156	G2156	805	6389.7582
G2157	G2157	805	6633.0875
G2158	G2158	805	6342.7422
G2159	G2159	805	7499.2644
G2160	G2160	805	6679.3087
G2161	G2161	805	9483.4863
G2162	G2162	805	6959.8339000000005
G2163	G2163	805	7498.8036
G2164	G2164	805	6788.8842
G2165	G2165	805	8042.7867
G2166	G2166	805	6886.735000000001
G2167	G2167	805	6918.848
G2168	G2168	805	7409.0236
G2169	G2169	805	7592.329299999999
G2170	G2170	805	5353.6198
G2171	G2171	805	6047.7292
G2172	G2172	805	5587.112999999999
G2173	G2173	805	6603.5507
G2174	G2174	805	6660.285599999999
G2175	G2175	805	5922.3897
G2176	G2176	805	5355.6509
G2177	G2177	805	8573.4764
G2178	G2178	805	6601.9674
G2179	G2179	805	6648.958500000001
G2180	G2180	805	7160.8195
G2181	G2181	805	5479.4435
G2182	G2182	805	5839.2699
G2183	G2183	805	5761.3586
G2184	G2184	805	6991.6541
G2185	G2185	805	5172.1267
G2186	G2186	805	6848.003
G2187	G2187	805	7089.6139
G2188	G2188	805	7249.4591
G2189	G2189	805	9191.844700000001
G2190	G2190	805	7586.9452
G2191	G2191	805	7157.2726999999995
G2192	G2192	805	6148.323
G2193	G2193	805	6269.0785
G2194	G2194	805	5727.2617
G2195	G2195	805	4791.9465
G2196	G2196	805	7876.4816
G2197	G2197	805	4907.4147
G2198	G2198	805	6510.3721000000005
G2199	G2199	805	6835.008
G2200	G2200	805	8465.939299999998
G2201	G2201	805	7450.0826
G2202	G2202	805	5081.0267
G2203	G2203	805	6875.1795
G2204	G2204	805	7899.6597
G2205	G2205	805	7078.800000000001
G2206	G2206	805	6529.5377
G2207	G2207	805	6035.495800000001
G2208	G2208	805	7635.193899999999
G2209	G2209	805	6822.5622
G2210	G2210	805	8199.312000000002
G2211	G2211	805	6901.287
G2212	G2212	805	7916.5325
G2213	G2213	805	6942.5441
G2214	G2214	805	7982.1898
G2215	G2215	805	6788.353500000001
G2216	G2216	805	7418.9082
G2217	G2217	805	6400.6386999999995
G2218	G2218	805	5478.1798
G2219	G2219	805	6678.7812
G2220	G2220	805	7951.661400000001
G2221	G2221	805	5851.672299999999
G2222	G2222	805	6544.9186
G2223	G2223	805	4798.6907
G2224	G2224	805	7242.6349
G2225	G2225	805	7362.0332
G2226	G2226	805	7769.2615000000005
G2227	G2227	805	6514.7166
G2228	G2228	805	7018.3555
G2229	G2229	805	6394.397800000001
G2230	G2230	805	5792.3824
G2231	G2231	805	6817.9839999999995
G2232	G2232	805	6589.3528
G2233	G2233	805	7347.5623
G2234	G2234	805	8473.8842
G2235	G2235	805	6337.280699999999
G2236	G2236	805	6956.4772
G2237	G2237	805	5533.2561000000005
G2238	G2238	805	9136.428500000002
G2239	G2239	805	7361.0427
G2240	G2240	805	6620.1585000000005
G2241	G2241	805	9766.9996
G2242	G2242	805	6610.4256
G2243	G2243	805	5868.1705
G2244	G2244	805	5900.1126
G2245	G2245	805	6601.519899999999
G2246	G2246	805	5133.8982
G2247	G2247	805	8004.846399999999
G2248	G2248	805	7855.8146
G2249	G2249	805	6064.3609
G2250	G2250	805	5533.9559
G2251	G2251	805	6697.941199999999
G2252	G2252	805	7931.3988
G2253	G2253	805	8321.5703
G2254	G2254	805	6858.098099999999
G2255	G2255	805	6570.0345
G2256	G2256	805	8427.9345
G2257	G2257	805	7057.412199999999
G2258	G2258	805	8226.193
G2259	G2259	805	7496.2211
G2260	G2260	805	6488.3832
G2261	G2261	805	6741.2849
G2262	G2262	805	6269.5018
G2263	G2263	805	6792.5049
G2264	G2264	805	6918.3516
G2265	G2265	805	7104.459
G2266	G2266	805	4853.387000000001
G2267	G2267	805	7000.2589
G2268	G2268	805	6850.3956
G2269	G2269	805	6779.771699999999
G2270	G2270	805	7158.329000000001
G2271	G2271	805	4480.3667
G2272	G2272	805	6428.2701
G2273	G2273	805	5931.9054
G2274	G2274	805	6385.2409
G2275	G2275	805	5007.8069
G2276	G2276	805	7423.2957
G2277	G2277	805	6374.2247
G2278	G2278	805	8790.7773
G2279	G2279	805	7316.321899999999
G2280	G2280	805	8030.018900000001
G2281	G2281	805	7016.625
G2282	G2282	805	5694.3135
G2283	G2283	805	5702.9817
G2284	G2284	805	7620.533600000001
G2285	G2285	805	8323.2297
G2286	G2286	805	6675.1819
G2287	G2287	805	6709.136199999999
G2288	G2288	805	5608.5761
G2289	G2289	805	6372.1942
G2290	G2290	805	6617.7216
G2291	G2291	805	7457.4938
G2292	G2292	805	6979.9126
G2293	G2293	805	7828.9397
G2294	G2294	805	7484.8639
G2295	G2295	805	5851.8469
G2296	G2296	805	5233.2827
G2297	G2297	805	8222.5344
G2298	G2298	805	6865.7983
G2299	G2299	805	7320.639
G2300	G2300	805	8516.2757
G2301	G2301	805	6606.377
G2302	G2302	805	7833.041500000001
G2303	G2303	805	6703.049599999999
G2304	G2304	805	7785.7919
G2305	G2305	805	7137.3196
G2306	G2306	805	6708.561
G2307	G2307	805	7654.1458
G2308	G2308	805	7256.8819
G2309	G2309	805	7178.9916
G2310	G2310	805	4673.4164
G2311	G2311	805	7447.6465
G2312	G2312	805	6731.3933
G2313	G2313	805	6924.4843
G2314	G2314	805	6634.3516
G2315	G2315	805	7904.781200000001
G2316	G2316	805	7524.7183
G2317	G2317	805	6847.932
G2318	G2318	805	7454.2117
G2319	G2319	805	6494.2977
G2320	G2320	805	4922.0877
G2321	G2321	805	7936.045800000001
G2322	G2322	805	9690.9738
G2323	G2323	805	5681.6543
G2324	G2324	805	7435.240400000001
G2325	G2325	805	6076.1726
G2326	G2326	805	5529.3328
G2327	G2327	805	6604.4089
G2328	G2328	805	6793.3054
G2329	G2329	805	8613.348
G2330	G2330	805	7587.845799999999
G2331	G2331	805	7666.9644
G2332	G2332	805	6522.9794
G2333	G2333	805	6877.2428
G2334	G2334	805	7735.856
G2335	G2335	805	7071.6332999999995
G2336	G2336	805	7560.1451
G2337	G2337	805	6474.3026
G2338	G2338	805	7813.3189999999995
G2339	G2339	805	7393.428899999999
G2340	G2340	805	8250.603599999999
G2341	G2341	805	8530.3194
G2342	G2342	805	7026.9405
G2343	G2343	805	6873.6442
G2344	G2344	805	7595.8981
G2345	G2345	805	7723.398800000001
G2346	G2346	805	8855.6098
G2347	G2347	805	6856.2371
G2348	G2348	805	5989.3573
G2349	G2349	805	7602.3747
G2350	G2350	805	5138.310799999999
G2351	G2351	805	4185.3691
G2352	G2352	805	5969.4327
G2353	G2353	805	6348.3402
G2354	G2354	805	7701.419400000001
G2355	G2355	805	6005.162
G2356	G2356	805	6281.134
G2357	G2357	805	10314.2213
G2358	G2358	805	6219.2374
G2359	G2359	805	5916.3019
G2360	G2360	805	9332.1259
G2361	G2361	805	6442.465300000001
G2362	G2362	805	6922.375900000001
G2363	G2363	805	7648.5411
G2364	G2364	805	7717.347900000001
G2365	G2365	805	8385.0068
G2366	G2366	805	5713.786700000001
G2367	G2367	805	6777.7366
G2368	G2368	805	8459.9035
G2369	G2369	805	7590.2121
G2370	G2370	805	6220.046899999999
G2371	G2371	805	8302.1172
G2372	G2372	805	7250.2837
G2373	G2373	805	6688.1114
G2374	G2374	805	7945.6731
G2375	G2375	805	9378.6387
G2376	G2376	805	6934.6555
G2377	G2377	805	5271.019
G2378	G2378	805	7199.076999999999
G2379	G2379	805	5360.2227
G2380	G2380	805	6656.2007
G2381	G2381	805	6588.1851
G2382	G2382	805	6344.3418
G2383	G2383	805	6079.647800000001
G2384	G2384	805	6711.467200000001
G2385	G2385	805	6145.5684
G2386	G2386	805	7108.4129
G2387	G2387	805	7485.9899000000005
G2388	G2388	805	7336.22
G2389	G2389	805	5759.148
G2390	G2390	805	7569.4558
G2391	G2391	805	6547.5371
G2392	G2392	805	6200.763000000001
G2393	G2393	805	5993.6278999999995
G2394	G2394	805	7085.1843
G2395	G2395	805	8551.921199999999
G2396	G2396	805	7776.1975999999995
G2397	G2397	805	6611.6663
G2398	G2398	805	7742.498799999999
G2399	G2399	805	6321.1792
G2400	G2400	805	7403.8049
G2401	G2401	805	7379.487
G2402	G2402	805	9661.4561
G2403	G2403	805	5159.3247
G2404	G2404	805	8641.583
G2405	G2405	805	6542.676799999999
G2406	G2406	805	7560.0455999999995
G2407	G2407	805	6963.3355
G2408	G2408	805	6196.2432
G2409	G2409	805	8128.4794
G2410	G2410	805	5982.2907000000005
G2411	G2411	805	5483.8773
G2412	G2412	805	7266.5318
G2413	G2413	805	6644.904200000001
G2414	G2414	805	5957.9923
G2415	G2415	805	6049.7297
G2416	G2416	805	7332.9914
G2417	G2417	805	7844.733499999999
G2418	G2418	805	7768.2232
G2419	G2419	805	7050.356
G2420	G2420	805	8250.965100000001
G2421	G2421	805	6852.702799999999
G2422	G2422	805	7063.3674
G2423	G2423	805	7412.439899999999
G2424	G2424	805	7180.362800000001
G2425	G2425	805	6052.6544
G2426	G2426	805	7568.855099999999
G2427	G2427	805	6458.6559
G2428	G2428	805	6616.6026
G2429	G2429	805	8338.2264
G2430	G2430	805	6419.0909
G2431	G2431	805	6429.5141
G2432	G2432	805	8152.898000000001
G2433	G2433	805	7472.6163
G2434	G2434	805	7240.6447
G2435	G2435	805	7127.9869
G2436	G2436	805	6208.3907
G2437	G2437	805	6878.236
G2438	G2438	805	6667.9864
G2439	G2439	805	4442.4408
G2440	G2440	805	6786.1207
G2441	G2441	805	7124.2699999999995
G2442	G2442	805	7792.9728000000005
G2443	G2443	805	7542.3022
G2444	G2444	805	7602.401
G2445	G2445	805	7615.0515
G2446	G2446	805	9619.4607
G2447	G2447	805	6111.5463
G2448	G2448	805	6029.8637
G2449	G2449	805	6699.2364
G2450	G2450	805	6916.2225
G2451	G2451	805	9423.305100000001
G2452	G2452	805	6630.951499999999
G2453	G2453	805	7946.2055
G2454	G2454	805	6399.8899
G2455	G2455	805	6511.5028
G2456	G2456	805	4598.2678
G2457	G2457	805	6568.9851
G2458	G2458	805	8098.1396
G2459	G2459	805	7714.329
G2460	G2460	805	8096.2568
G2461	G2461	805	7727.0650000000005
G2462	G2462	805	7355.1372
G2463	G2463	805	7657.4604
G2464	G2464	805	5797.9351
G2465	G2465	805	6533.1536
G2466	G2466	805	7398.6878
G2467	G2467	805	6172.7302
G2468	G2468	805	8048.105799999999
G2469	G2469	805	7427.662600000001
G2470	G2470	805	7756.731599999999
G2471	G2471	805	7411.121500000001
G2472	G2472	805	7779.4349999999995
G2473	G2473	805	7505.6791
G2474	G2474	805	7199.0902
G2475	G2475	805	6369.0037
G2476	G2476	805	8432.9562
G2477	G2477	805	8633.2729
G2478	G2478	805	7262.122600000001
G2479	G2479	805	7330.8251
G2480	G2480	805	6020.9065
G2481	G2481	805	5425.4928
G2482	G2482	805	7128.4667
G2483	G2483	805	6456.4223
G2484	G2484	805	5994.686100000001
G2485	G2485	805	10223.2231
G2486	G2486	805	6826.2728
G2487	G2487	805	7646.017599999999
G2488	G2488	805	6265.4492
G2489	G2489	805	6426.5795
G2490	G2490	805	6751.5317
G2491	G2491	805	7191.4055
G2492	G2492	805	7031.3824
G2493	G2493	805	5373.3396
G2494	G2494	805	6901.4758
G2495	G2495	805	6832.1152999999995
G2496	G2496	805	6312.183800000001
G2497	G2497	805	6522.2274
G2498	G2498	805	6887.9493999999995
G2499	G2499	805	6373.5215
G2500	G2500	805	6661.9839999999995
G2501	G2501	805	7038.5548
G2502	G2502	805	5331.1720000000005
G2503	G2503	805	4853.3879
G2504	G2504	805	7178.9982
G2505	G2505	805	8118.595600000001
G2506	G2506	805	6212.9229
G2507	G2507	805	7436.236400000001
G2508	G2508	805	8047.9611
G2509	G2509	805	6829.672500000001
G2510	G2510	805	5932.0081
G2511	G2511	805	7225.2587
G2512	G2512	805	6529.553
G2513	G2513	805	7342.7941
G2514	G2514	805	6953.3678
G2515	G2515	805	6780.3333999999995
G2516	G2516	805	8923.9789
G2517	G2517	805	5450.4776
G2518	G2518	805	7532.6467
G2519	G2519	805	7218.983
G2520	G2520	805	6635.4383
G2521	G2521	805	7000.8117999999995
G2522	G2522	805	7427.531300000001
G2523	G2523	805	7227.973
G2524	G2524	805	7068.1034
G2525	G2525	805	7242.0247
G2526	G2526	805	7047.2466
G2527	G2527	805	9174.5268
G2528	G2528	805	7617.7508
G2529	G2529	805	6737.7977
G2530	G2530	805	7287.668
G2531	G2531	805	6078.9105
G2532	G2532	805	6445.900799999999
G2533	G2533	805	6864.0351
G2534	G2534	805	6476.9295
G2535	G2535	805	7305.4069
G2536	G2536	805	7331.998299999999
G2537	G2537	805	7312.4156
G2538	G2538	805	6753.8454
G2539	G2539	805	6611.3949999999995
G2540	G2540	805	6244.9126
G2541	G2541	805	5655.385899999999
G2542	G2542	805	5831.2047
G2543	G2543	805	8869.4751
G2544	G2544	805	7605.409299999999
G2545	G2545	805	6588.1841
G2546	G2546	805	7414.7472
G2547	G2547	805	7358.5533
G2548	G2548	805	6806.6475
G2549	G2549	805	5374.2137
G2550	G2550	805	4702.1438
G2551	G2551	805	6989.292
G2552	G2552	805	6040.7735999999995
G2553	G2553	805	7968.2459
G2554	G2554	805	6952.2417000000005
G2555	G2555	805	3848.8297000000002
G2556	G2556	805	6206.2286
G2557	G2557	805	7044.148
G2558	G2558	805	8021.1151
G2559	G2559	805	6198.0872
G2560	G2560	805	5967.704
G2561	G2561	805	6303.7351
G2562	G2562	805	6489.9585
G2563	G2563	805	7106.2341
G2564	G2564	805	8213.5833
G2565	G2565	805	6136.419099999999
G2566	G2566	805	7226.932000000001
G2567	G2567	805	7639.968800000001
G2568	G2568	805	4814.7253
G2569	G2569	805	4445.6872
G2570	G2570	805	6991.670899999999
G2571	G2571	805	6475.6556
G2572	G2572	805	7005.2883
G2573	G2573	805	6737.0523
G2574	G2574	805	6856.9763
G2575	G2575	805	7550.6849999999995
G2576	G2576	805	8414.983199999999
G2577	G2577	805	7343.3675
G2578	G2578	805	5704.497600000001
G2579	G2579	805	8257.3057
G2580	G2580	805	6037.6708
G2581	G2581	805	6663.5082
G2582	G2582	805	7278.0959
G2583	G2583	805	5171.1371
G2584	G2584	805	7004.0359
G2585	G2585	805	7186.9029
G2586	G2586	805	7488.2032
G2587	G2587	805	7830.373
G2588	G2588	805	6838.3396
G2589	G2589	805	8175.023300000001
G2590	G2590	805	6154.913199999999
G2591	G2591	805	8856.718400000002
G2592	G2592	805	6121.9151999999995
G2593	G2593	805	6809.000099999999
G2594	G2594	805	6817.8413
G2595	G2595	805	6209.2232
G2596	G2596	805	6844.699799999999
G2597	G2597	805	5995.1363
G2598	G2598	805	6020.080099999999
G2599	G2599	805	7110.909100000001
G2600	G2600	805	6042.0183
G2601	G2601	805	6321.5037
G2602	G2602	805	7074.0201
G2603	G2603	805	9519.167099999999
G2604	G2604	805	7092.3514
G2605	G2605	805	7420.404399999999
G2606	G2606	805	6368.5858
G2607	G2607	805	7533.2075
G2608	G2608	805	4306.6937
G2609	G2609	805	7560.222699999999
G2610	G2610	805	6217.504999999999
G2611	G2611	805	7304.4494
G2612	G2612	805	7628.1499
G2613	G2613	805	6830.0383999999995
G2614	G2614	805	6966.3368
G2615	G2615	805	7325.8272
G2616	G2616	805	7087.4328000000005
G2617	G2617	805	6891.2323
G2618	G2618	805	6056.4148000000005
G2619	G2619	805	7103.385399999999
G2620	G2620	805	7846.302
G2621	G2621	805	6450.7771999999995
G2622	G2622	805	7805.8832999999995
G2623	G2623	805	4539.8466
G2624	G2624	805	7094.249400000001
G2625	G2625	805	6555.248
G2626	G2626	805	6433.912400000001
G2627	G2627	805	7209.784299999999
G2628	G2628	805	7308.2721
G2629	G2629	805	6047.124400000001
G2630	G2630	805	5536.7181
G2631	G2631	805	7228.2102
G2632	G2632	805	8260.9573
G2633	G2633	805	6566.5455
G2634	G2634	805	6034.6134999999995
G2635	G2635	805	7027.0785
G2636	G2636	805	6389.0527
G2637	G2637	805	8439.9773
G2638	G2638	805	7339.4113
G2639	G2639	805	5184.5628
G2640	G2640	805	6790.8859999999995
G2641	G2641	805	7533.0771
G2642	G2642	805	6499.716899999999
G2643	G2643	805	8357.8707
G2644	G2644	805	7216.323399999999
G2645	G2645	805	7202.620500000001
G2646	G2646	805	7221.6433
G2647	G2647	805	7432.9885
G2648	G2648	805	7799.5178
G2649	G2649	805	6568.4575
G2650	G2650	805	6093.7738
G2651	G2651	805	6487.3337
G2652	G2652	805	7651.5871
G2653	G2653	805	7829.0537
G2654	G2654	805	6272.2479
G2655	G2655	805	4858.3087
G2656	G2656	805	7068.2549
G2657	G2657	805	6109.1121
G2658	G2658	805	7841.312
G2659	G2659	805	6514.5194
G2660	G2660	805	9278.045999999998
G2661	G2661	805	4833.291
G2662	G2662	805	8218.3691
G2663	G2663	805	7143.8422
G2664	G2664	805	5373.7613
G2665	G2665	805	6848.3781
G2666	G2666	805	8653.697
G2667	G2667	805	5395.4326
G2668	G2668	805	6383.535900000001
G2669	G2669	805	6964.090899999999
G2670	G2670	805	6170.098900000001
G2671	G2671	805	6178.1362
G2672	G2672	805	7273.8641
G2673	G2673	805	6640.6152
G2674	G2674	805	3828.2554
G2675	G2675	805	7976.551100000001
G2676	G2676	805	7083.0117
G2677	G2677	805	7549.196599999999
G2678	G2678	805	6527.6121
G2679	G2679	805	7265.8022
G2680	G2680	805	8062.467000000001
G2681	G2681	805	7858.777099999999
G2682	G2682	805	7042.2006
G2683	G2683	805	7012.016600000001
G2684	G2684	805	8413.178399999999
G2685	G2685	805	5937.9913
G2686	G2686	805	5640.6584
G2687	G2687	805	6723.8989
G2688	G2688	805	6970.3549
G2689	G2689	805	8840.3153
G2690	G2690	805	6737.0905
G2691	G2691	805	6838.343699999999
G2692	G2692	805	6644.143400000001
G2693	G2693	805	7586.188400000001
G2694	G2694	805	6745.7889
G2695	G2695	805	6345.6916
G2696	G2696	805	7317.8266
G2697	G2697	805	5820.909500000001
G2698	G2698	805	8535.3085
G2699	G2699	805	7662.877
G2700	G2700	805	6363.3539
G2701	G2701	805	7192.1237
G2702	G2702	805	6005.9864
G2703	G2703	805	6474.2422
G2704	G2704	805	5888.2934000000005
G2705	G2705	805	7341.717199999999
G2706	G2706	805	7009.4907
G2707	G2707	805	8374.7924
G2708	G2708	805	5897.7703
G2709	G2709	805	7070.197700000001
G2710	G2710	805	4686.9841
G2711	G2711	805	6703.9578
G2712	G2712	805	6114.5269
G2713	G2713	805	7299.5538
G2714	G2714	805	6360.5605
G2715	G2715	805	7608.5454
G2716	G2716	805	7501.503299999999
G2717	G2717	805	6744.6248
G2718	G2718	805	7677.828799999999
G2719	G2719	805	6852.4344
G2720	G2720	805	6821.2263
G2721	G2721	805	7388.49
G2722	G2722	805	5602.9695
G2723	G2723	805	7422.836300000001
G2724	G2724	805	5975.1455
G2725	G2725	805	6664.4087
G2726	G2726	805	8709.6984
G2727	G2727	805	5382.453600000001
G2728	G2728	805	6437.5645
G2729	G2729	805	7223.494000000001
G2730	G2730	805	6819.6811
G2731	G2731	805	8193.9189
G2732	G2732	805	8073.6296
G2733	G2733	805	7458.8742999999995
G2734	G2734	805	5668.0374
G2735	G2735	805	6215.02
G2736	G2736	805	7659.896000000001
G2737	G2737	805	6176.7764
G2738	G2738	805	5868.2935
G2739	G2739	805	6375.4517000000005
G2740	G2740	805	7891.7912
G2741	G2741	805	6424.926299999999
G2742	G2742	805	6703.557699999999
G2743	G2743	805	6690.024600000001
G2744	G2744	805	7527.8701
G2745	G2745	805	5628.8614
G2746	G2746	805	7060.255799999999
G2747	G2747	805	7401.261700000001
G2748	G2748	805	3448.4498
G2749	G2749	805	5301.7628
G2750	G2750	805	7023.8562
G2751	G2751	805	6985.623799999999
G2752	G2752	805	7074.477
G2753	G2753	805	7180.124400000001
G2754	G2754	805	8102.911800000001
G2755	G2755	805	6607.641
G2756	G2756	805	7439.0553
G2757	G2757	805	5571.9354
G2758	G2758	805	7256.7717
G2759	G2759	805	6344.18
G2760	G2760	805	6798.667100000001
G2761	G2761	805	7441.0509999999995
G2762	G2762	805	5563.5775
G2763	G2763	805	9185.459499999999
G2764	G2764	805	5324.4105
G2765	G2765	805	9355.7065
G2766	G2766	805	6576.1666000000005
G2767	G2767	805	5825.382
G2768	G2768	805	7103.444
G2769	G2769	805	5509.835
G2770	G2770	805	6353.5713
G2771	G2771	805	6919.8573
G2772	G2772	805	7028.5987000000005
G2773	G2773	805	7318.869
G2774	G2774	805	6866.5316
G2775	G2775	805	7185.0146
G2776	G2776	805	7441.187599999999
G2777	G2777	805	7593.7166
G2778	G2778	805	6691.3501
G2779	G2779	805	6996.3777
G2780	G2780	805	6783.1643
G2781	G2781	805	6724.9768
G2782	G2782	805	7508.2124
G2783	G2783	805	6599.6424
G2784	G2784	805	6328.0106
G2785	G2785	805	6397.4348
G2786	G2786	805	6378.7191
G2787	G2787	805	7022.3958
G2788	G2788	805	6366.272099999999
G2789	G2789	805	6968.7666
G2790	G2790	805	5769.8087000000005
G2791	G2791	805	7148.333500000001
G2792	G2792	805	6486.0866000000005
G2793	G2793	805	7993.667100000001
G2794	G2794	805	7815.817
G2795	G2795	805	6087.8727
G2796	G2796	805	6466.2026000000005
G2797	G2797	805	7449.405
G2798	G2798	805	9451.8024
G2799	G2799	805	8862.9297
G2800	G2800	805	6437.0216
G2801	G2801	805	5490.1983
G2802	G2802	805	7152.6113000000005
G2803	G2803	805	7429.3505000000005
G2804	G2804	805	10045.7125
G2805	G2805	805	5162.1539999999995
G2806	G2806	805	6359.959699999999
G2807	G2807	805	7110.6427
G2808	G2808	805	7017.5407
G2809	G2809	805	7482.8277
G2810	G2810	805	5842.4046
G2811	G2811	805	7716.3243
G2812	G2812	805	6928.2979
G2813	G2813	805	7148.2035
G2814	G2814	805	6590.1962
G2815	G2815	805	6892.4812
G2816	G2816	805	5953.958699999999
G2817	G2817	805	7013.3529
G2818	G2818	805	9156.2375
G2819	G2819	805	9085.5708
G2820	G2820	805	7718.623
G2821	G2821	805	6927.533100000001
G2822	G2822	805	6944.0569
G2823	G2823	805	5922.9054
G2824	G2824	805	7504.3333999999995
G2825	G2825	805	6295.267999999999
G2826	G2826	805	6895.9529
G2827	G2827	805	6685.9513
G2828	G2828	805	8854.4832
G2829	G2829	805	7629.2564999999995
G2830	G2830	805	5739.888
G2831	G2831	805	8702.6633
G2832	G2832	805	6941.8697999999995
G2833	G2833	805	6801.1781
G2834	G2834	805	8463.8786
G2835	G2835	805	7400.259599999999
G2836	G2836	805	5373.0788
G2837	G2837	805	6047.3149
G2838	G2838	805	6857.6335
G2839	G2839	805	6139.344100000001
G2840	G2840	805	6492.9941
G2841	G2841	805	7690.6350999999995
G2842	G2842	805	5144.850699999999
G2843	G2843	805	6192.7882
G2844	G2844	805	7336.3452
G2845	G2845	805	7340.7274
G2846	G2846	805	6866.2707
G2847	G2847	805	7307.1907
G2848	G2848	805	6020.0219
G2849	G2849	805	7641.8417
G2850	G2850	805	8259.970000000001
G2851	G2851	805	6221.0678
G2852	G2852	805	7159.0566
G2853	G2853	805	6882.769899999999
G2854	G2854	805	7383.996499999999
G2855	G2855	805	6523.5644
G2856	G2856	805	6857.2859
G2857	G2857	805	7544.7113
G2858	G2858	805	7029.138
G2859	G2859	805	6599.7832
G2860	G2860	805	6516.6092
G2861	G2861	805	7634.7596
G2862	G2862	805	8276.9457
G2863	G2863	805	6887.1163
G2864	G2864	805	7253.3222000000005
G2865	G2865	805	6413.090700000001
G2866	G2866	805	6795.486400000001
G2867	G2867	805	5801.275300000001
G2868	G2868	805	6926.2835
G2869	G2869	805	6495.5525
G2870	G2870	805	8026.0159
G2871	G2871	805	7275.3534
G2872	G2872	805	5544.0887
G2873	G2873	805	7141.362
G2874	G2874	805	6293.2363000000005
G2875	G2875	805	6603.733700000001
G2876	G2876	805	3468.5657
G2877	G2877	805	9200.3646
G2878	G2878	805	6610.7503
G2879	G2879	805	7088.23
G2880	G2880	805	6620.427
G2881	G2881	805	5456.8839
G2882	G2882	805	5160.434499999999
G2883	G2883	805	6411.487099999999
G2884	G2884	805	7395.2737
G2885	G2885	805	6623.651900000001
G2886	G2886	805	7299.4578
G2887	G2887	805	6244.092500000001
G2888	G2888	805	6015.367899999999
G2889	G2889	805	7536.7426
G2890	G2890	805	8035.6888
G2891	G2891	805	7014.1844
G2892	G2892	805	5921.839900000001
G2893	G2893	805	8572.099900000001
G2894	G2894	805	6870.6093
G2895	G2895	805	7739.6322
G2896	G2896	805	7956.1451
G2897	G2897	805	7588.809700000001
G2898	G2898	805	7304.5217
G2899	G2899	805	6755.2228000000005
G2900	G2900	805	3610.2378
G2901	G2901	805	6679.693299999999
G2902	G2902	805	7324.6864000000005
G2903	G2903	805	7378.2734
G2904	G2904	805	10696.3924
G2905	G2905	805	7801.8812
G2906	G2906	805	7319.3469000000005
G2907	G2907	805	5724.8837
G2908	G2908	805	6733.8245
G2909	G2909	805	5594.9468
G2910	G2910	805	7424.6485999999995
G2911	G2911	805	8166.595800000001
G2912	G2912	805	4641.159600000001
G2913	G2913	805	7335.8297999999995
G2914	G2914	805	6559.9743
G2915	G2915	805	7756.951
G2916	G2916	805	5488.0669
G2917	G2917	805	6635.6098
G2918	G2918	805	7598.0953
G2919	G2919	805	6783.6059000000005
G2920	G2920	805	7003.3435
G2921	G2921	805	7490.8484
G2922	G2922	805	6014.6348
G2923	G2923	805	10760.2203
G2924	G2924	805	8365.973
G2925	G2925	805	7084.2832
G2926	G2926	805	6980.4447
G2927	G2927	805	8487.5258
G2928	G2928	805	7051.308300000001
G2929	G2929	805	8463.598
G2930	G2930	805	6539.0168
G2931	G2931	805	9186.789
G2932	G2932	805	10853.331
G2933	G2933	805	6009.4354
G2934	G2934	805	7512.0622
G2935	G2935	805	6662.619
G2936	G2936	805	7378.6428
G2937	G2937	805	6659.6967
G2938	G2938	805	9081.077000000001
G2939	G2939	805	8073.09
G2940	G2940	805	6178.2904
G2941	G2941	805	6658.9136
G2942	G2942	805	5317.233700000001
G2943	G2943	805	8366.111200000001
G2944	G2944	805	4319.781599999999
G2945	G2945	805	7288.3963
G2946	G2946	805	6273.015600000001
G2947	G2947	805	7017.337
G2948	G2948	805	4404.9761
G2949	G2949	805	5114.9452
G2950	G2950	805	4854.826599999999
G2951	G2951	805	6037.8573
G2952	G2952	805	7915.4761
G2953	G2953	805	7521.0094
G2954	G2954	805	5360.0467
G2955	G2955	805	9907.7722
G2956	G2956	805	7504.3656
G2957	G2957	805	7092.4925
G2958	G2958	805	6700.751899999999
G2959	G2959	805	7079.1223
G2960	G2960	805	6382.3449
G2961	G2961	805	6622.5788999999995
G2962	G2962	805	6777.080900000001
G2963	G2963	805	6943.131600000001
G2964	G2964	805	7049.7207
G2965	G2965	805	7099.1793
G2966	G2966	805	7942.3501
G2967	G2967	805	6895.5583
G2968	G2968	805	6019.6288
G2969	G2969	805	7023.1748
G2970	G2970	805	5871.9735
G2971	G2971	805	6736.4581
G2972	G2972	805	6933.5083
G2973	G2973	805	7552.3972
G2974	G2974	805	6335.666000000001
G2975	G2975	805	8462.0142
G2976	G2976	805	7190.4617
G2977	G2977	805	6945.0383
G2978	G2978	805	5326.5172999999995
G2979	G2979	805	7480.3765
G2980	G2980	805	6876.5452000000005
G2981	G2981	805	7662.7179
G2982	G2982	805	8990.2456
G2983	G2983	805	7133.294900000001
G2984	G2984	805	6777.678
G2985	G2985	805	4420.06
G2986	G2986	805	7531.364500000001
G2987	G2987	805	8141.7829
G2988	G2988	805	6680.1125999999995
G2989	G2989	805	7493.3003
G2990	G2990	805	8409.143399999999
G2991	G2991	805	6756.8143
G2992	G2992	805	7104.456700000001
G2993	G2993	805	7789.0218
G2994	G2994	805	7483.0143
G2995	G2995	805	6295.173499999999
G2996	G2996	805	7798.632299999999
G2997	G2997	805	4141.7662
G2998	G2998	805	6149.9306
G2999	G2999	805	7531.8933
G3000	G3000	805	7823.073899999999
G3001	G3001	805	8284.285899999999
G3002	G3002	805	6097.0887
G3003	G3003	805	7057.0115000000005
G3004	G3004	805	5909.9036
G3005	G3005	805	5575.153200000001
G3006	G3006	805	7122.9485
G3007	G3007	805	6107.2112
G3008	G3008	805	7018.607900000001
G3009	G3009	805	6896.7425
G3010	G3010	805	7680.0139
G3011	G3011	805	7204.6855
G3012	G3012	805	6471.427299999999
G3013	G3013	805	7181.2726
G3014	G3014	805	7081.4942
G3015	G3015	805	5352.524
G3016	G3016	805	6929.4028
G3017	G3017	805	6286.2293
G3018	G3018	805	5805.181
G3019	G3019	805	7423.335499999999
G3020	G3020	805	7827.8267000000005
G3021	G3021	805	6725.6218
G3022	G3022	805	6451.9192
G3023	G3023	805	7491.6746
G3024	G3024	805	7564.1462
G3025	G3025	805	10521.867
G3026	G3026	805	3606.6840999999995
G3027	G3027	805	7259.8913
G3028	G3028	805	7132.008
G3029	G3029	805	7865.374
G3030	G3030	805	7255.679
G3031	G3031	805	7246.6751
G3032	G3032	805	8139.415999999999
G3033	G3033	805	6441.4872
G3034	G3034	805	5302.1155
G3035	G3035	805	5449.6489
G3036	G3036	805	7196.5043000000005
G3037	G3037	805	6588.6957
G3038	G3038	805	7647.216
G3039	G3039	805	6822.994000000001
G3040	G3040	805	9520.4647
G3041	G3041	805	6180.4382
G3042	G3042	805	7131.7046
G3043	G3043	805	7022.998
G3044	G3044	805	6422.4044
G3045	G3045	805	6102.9961
G3046	G3046	805	8111.2443
G3047	G3047	805	6733.3914
G3048	G3048	805	5792.8788
G3049	G3049	805	6468.1186
G3050	G3050	805	7990.1047
G3051	G3051	805	6327.7266
G3052	G3052	805	6604.7418
G3053	G3053	805	7896.4869
G3054	G3054	805	7436.8941
G3055	G3055	805	7250.2876
G3056	G3056	805	5158.0073999999995
G3057	G3057	805	7411.3976999999995
G3058	G3058	805	6642.015199999999
G3059	G3059	805	8652.227299999999
G3060	G3060	805	5793.7660000000005
G3061	G3061	805	7119.7786
G3062	G3062	805	6217.2672
G3063	G3063	805	10556.195499999998
G3064	G3064	805	6588.4133
G3065	G3065	805	5876.0001
G3066	G3066	805	5342.578099999999
G3067	G3067	805	5835.848
G3068	G3068	805	6867.3686
G3069	G3069	805	6242.996
G3070	G3070	805	5774.606
G3071	G3071	805	6565.983
G3072	G3072	805	7609.4310000000005
G3073	G3073	805	7165.8925
G3074	G3074	805	7450.796200000001
G3075	G3075	805	7166.847
G3076	G3076	805	6904.4574
G3077	G3077	805	6010.7165
G3078	G3078	805	7946.6507
G3079	G3079	805	7570.7284
G3080	G3080	805	8275.5549
G3081	G3081	805	7493.3134
G3082	G3082	805	5656.9447
G3083	G3083	805	6632.535400000001
G3084	G3084	805	7433.7405
G3085	G3085	805	8008.4130000000005
G3086	G3086	805	6306.5653
G3087	G3087	805	6078.3375
G3088	G3088	805	8380.089500000002
G3089	G3089	805	8020.737
G3090	G3090	805	6194.544400000001
G3091	G3091	805	6966.6445
G3092	G3092	805	7076.6597
G3093	G3093	805	6556.8814
G3094	G3094	805	7066.3781
G3095	G3095	805	7120.2878
G3096	G3096	805	6985.3118
G3097	G3097	805	8063.8321
G3098	G3098	805	5770.7428
G3099	G3099	805	6952.6592
G3100	G3100	805	6613.944799999999
G3101	G3101	805	5514.6724
G3102	G3102	805	8405.9588
G3103	G3103	805	5267.1924
G3104	G3104	805	6756.0346
G3105	G3105	805	6464.9003
G3106	G3106	805	5085.0454
G3107	G3107	805	11604.621000000001
G3108	G3108	805	5863.8104
G3109	G3109	805	6934.9129
G3110	G3110	805	7731.8558
G3111	G3111	805	7642.0099
G3112	G3112	805	6361.478
G3113	G3113	805	5626.6641
G3114	G3114	805	6370.818
G3115	G3115	805	6632.779200000001
G3116	G3116	805	7134.506
G3117	G3117	805	6118.858600000001
G3118	G3118	805	8165.4858
G3119	G3119	805	6501.1339
G3120	G3120	805	6085.1224999999995
G3121	G3121	805	6636.450699999999
G3122	G3122	805	6708.6823
G3123	G3123	805	6481.8814
G3124	G3124	805	5726.864299999999
G3125	G3125	805	5011.081700000001
G3126	G3126	805	5947.224899999999
G3127	G3127	805	5179.187599999999
G3128	G3128	805	5123.5655
G3129	G3129	805	8887.0772
G3130	G3130	805	7274.3606
G3131	G3131	805	4094.548
G3132	G3132	805	6297.9779
G3133	G3133	805	5785.4108
G3134	G3134	805	7390.9041
G3135	G3135	805	7260.087799999999
G3136	G3136	805	7371.3497
G3137	G3137	805	8169.5952
G3138	G3138	805	7105.310299999999
G3139	G3139	805	7400.3864
G3140	G3140	805	7239.3939
G3141	G3141	805	5789.5826
G3142	G3142	805	6261.037199999999
G3143	G3143	805	8529.5305
G3144	G3144	805	7271.6339
G3145	G3145	805	7238.2215
G3146	G3146	805	6328.5911
G3147	G3147	805	7825.224099999999
G3148	G3148	805	6176.7571
G3149	G3149	805	6435.7703
G3150	G3150	805	6512.9456
G3151	G3151	805	6545.5486
G3152	G3152	805	8203.7038
G3153	G3153	805	7931.1227
G3154	G3154	805	6322.684
G3155	G3155	805	6366.773999999999
G3156	G3156	805	6428.261
G3157	G3157	805	5937.3482
G3158	G3158	805	7366.408100000001
G3159	G3159	805	5964.0471
G3160	G3160	805	4732.5198
G3161	G3161	805	5594.5434000000005
G3162	G3162	805	7678.633199999999
G3163	G3163	805	6902.9716
G3164	G3164	805	4645.9021
G3165	G3165	805	6931.298000000001
G3166	G3166	805	6368.4294
G3167	G3167	805	6134.1119
G3168	G3168	805	7595.748100000001
G3169	G3169	805	7793.787600000001
G3170	G3170	805	4810.5827
G3171	G3171	805	8054.5259
G3172	G3172	805	6317.8633
G3173	G3173	805	4835.0701
G3174	G3174	805	4548.0398000000005
G3175	G3175	805	6699.0978
G3176	G3176	805	5350.8638
G3177	G3177	805	7612.6881
G3178	G3178	805	8564.4103
G3179	G3179	805	5609.7591
G3180	G3180	805	7197.8128
G3181	G3181	805	6426.1241
G3182	G3182	805	6511.311500000001
G3183	G3183	805	5523.972900000001
G3184	G3184	805	6571.276
G3185	G3185	805	6837.6404999999995
G3186	G3186	805	5943.377399999999
G3187	G3187	805	6741.3711
G3188	G3188	805	6486.593
G3189	G3189	805	6822.909600000001
G3190	G3190	805	7203.7052
G3191	G3191	805	6207.3692
G3192	G3192	805	7132.4528
G3193	G3193	805	7692.0399
G3194	G3194	805	6808.6785
G3195	G3195	805	7594.381899999999
G3196	G3196	805	6820.0418
G3197	G3197	805	8124.583199999999
G3198	G3198	805	6510.8683
G3199	G3199	805	5025.7984
G3200	G3200	805	8511.2632
G3201	G3201	805	7835.6139
G3202	G3202	805	5398.671399999999
G3203	G3203	805	5304.229600000001
G3204	G3204	805	6595.946599999999
G3205	G3205	805	7127.2877
G3206	G3206	805	7901.967699999999
G3207	G3207	805	8160.9771
G3208	G3208	805	5674.223599999999
G3209	G3209	805	7363.0623
G3210	G3210	805	6828.1828000000005
G3211	G3211	805	6315.7769
G3212	G3212	805	6607.8703000000005
G3213	G3213	805	6040.060299999999
G3214	G3214	805	5921.4007
G3215	G3215	805	9027.897299999999
G3216	G3216	805	7632.893
G3217	G3217	805	4676.2272
G3218	G3218	805	7037.9644
G3219	G3219	805	7789.9544000000005
G3220	G3220	805	6490.522
G3221	G3221	805	6174.4091
G3222	G3222	805	6204.0827
G3223	G3223	805	6053.5532
G3224	G3224	805	6234.2654
G3225	G3225	805	7258.1184
G3226	G3226	805	6562.4316
G3227	G3227	805	5645.904399999999
G3228	G3228	805	7178.0406
G3229	G3229	805	7412.5297
G3230	G3230	805	7378.8
G3231	G3231	805	5772.761399999999
G3232	G3232	805	4642.412899999999
G3233	G3233	805	8401.045100000001
G3234	G3234	805	6424.198700000001
G3235	G3235	805	7533.7071
G3236	G3236	805	5780.4393
G3237	G3237	805	4880.135700000001
G3238	G3238	805	6084.793299999999
G3239	G3239	805	6603.796600000001
G3240	G3240	805	8167.0517
G3241	G3241	805	6422.3587
G3242	G3242	805	6726.7889
G3243	G3243	805	6510.5325
G3244	G3244	805	8529.7245
G3245	G3245	805	6923.414
G3246	G3246	805	6061.5564
G3247	G3247	805	6452.4445000000005
G3248	G3248	805	5678.0111
G3249	G3249	805	6002.6687
G3250	G3250	805	7340.28
G3251	G3251	805	6519.0708
G3252	G3252	805	6563.5887
G3253	G3253	805	7192.9066
G3254	G3254	805	7234.249
G3255	G3255	805	6653.6022
G3256	G3256	805	6250.0426
G3257	G3257	805	8124.8747
G3258	G3258	805	8268.7137
G3259	G3259	805	6617.3629
G3260	G3260	805	6514.1291
G3261	G3261	805	4832.5137
G3262	G3262	805	10009.9083
G3263	G3263	805	6486.757
G3264	G3264	805	7021.692
G3265	G3265	805	7189.0624
G3266	G3266	805	6202.9591
G3267	G3267	805	6834.114100000001
G3268	G3268	805	9017.0694
G3269	G3269	805	6667.825500000001
G3270	G3270	805	8068.461300000001
G3271	G3271	805	7235.3287
G3272	G3272	805	7185.9684
G3273	G3273	805	7275.6776
G3274	G3274	805	7418.401199999999
G3275	G3275	805	6573.4286
G3276	G3276	805	5872.811699999999
G3277	G3277	805	7828.2521
G3278	G3278	805	6340.8615
G3279	G3279	805	7012.0029
G3280	G3280	805	7428.3081
G3281	G3281	805	4655.2369
G3282	G3282	805	8930.8873
G3283	G3283	805	6915.506
G3284	G3284	805	9051.1647
G3285	G3285	805	7304.0793
G3286	G3286	805	7481.8769999999995
G3287	G3287	805	5925.8556
G3288	G3288	805	6708.447099999999
G3289	G3289	805	7946.730100000001
G3290	G3290	805	6080.3229999999985
G3291	G3291	805	8806.5227
G3292	G3292	805	4775.7058
G3293	G3293	805	7443.2865
G3294	G3294	805	6572.6512999999995
G3295	G3295	805	6087.8048
G3296	G3296	805	9045.634300000002
G3297	G3297	805	7925.0190999999995
G3298	G3298	805	6316.563
G3299	G3299	805	6658.7928
G3300	G3300	805	6143.2894
G3301	G3301	805	6246.3943
G3302	G3302	805	8372.1169
G3303	G3303	805	7467.2471
G3304	G3304	805	6595.0235
G3305	G3305	805	6618.7564
G3306	G3306	805	6878.4911
G3307	G3307	805	5807.0984
G3308	G3308	805	4018.6073
G3309	G3309	805	10089.0432
G3310	G3310	805	7222.083
G3311	G3311	805	5815.3089
G3312	G3312	805	6610.7955
G3313	G3313	805	6974.4004
G3314	G3314	805	6961.3793000000005
G3315	G3315	805	8107.4301
G3316	G3316	805	7643.258600000001
G3317	G3317	805	6255.532499999999
G3318	G3318	805	7664.336
G3319	G3319	805	7857.4833
G3320	G3320	805	6555.1963
G3321	G3321	805	6734.4804
G3322	G3322	805	7990.2176
G3323	G3323	805	8978.79
G3324	G3324	805	7952.9789
G3325	G3325	805	5849.9804
G3326	G3326	805	6802.8012
G3327	G3327	805	8516.3238
G3328	G3328	805	6631.125
G3329	G3329	805	7485.7864
G3330	G3330	805	6971.9281
G3331	G3331	805	8212.8534
G3332	G3332	805	7201.2893
G3333	G3333	805	7331.8348
G3334	G3334	805	6616.337500000001
G3335	G3335	805	7389.287699999999
G3336	G3336	805	6490.7961
G3337	G3337	805	7358.268
G3338	G3338	805	6585.8894
G3339	G3339	805	6967.7798999999995
G3340	G3340	805	9014.937
G3341	G3341	805	6841.0399
G3342	G3342	805	8037.1264
G3343	G3343	805	5218.662
G3344	G3344	805	7361.6364
G3345	G3345	805	6657.639300000001
G3346	G3346	805	6370.286
G3347	G3347	805	6507.475699999999
G3348	G3348	805	7411.3034
G3349	G3349	805	5106.304099999999
G3350	G3350	805	7834.7056999999995
G3351	G3351	805	7641.3454
G3352	G3352	805	6426.7006
G3353	G3353	805	7599.9665
G3354	G3354	805	7626.6831
G3355	G3355	805	8185.2979
G3356	G3356	805	7034.272999999999
G3357	G3357	805	7566.6428
G3358	G3358	805	5711.6549
G3359	G3359	805	7168.7464
G3360	G3360	805	6310.259599999999
G3361	G3361	805	7623.8516
G3362	G3362	805	6204.523499999999
G3363	G3363	805	6001.7212
G3364	G3364	805	5020.8191
G3365	G3365	805	6080.9867
G3366	G3366	805	6819.884300000001
G3367	G3367	805	7636.8730000000005
G3368	G3368	805	6146.2267999999995
G3369	G3369	805	7293.92
G3370	G3370	805	6852.3038
G3371	G3371	805	8028.1286
G3372	G3372	805	7554.898999999999
G3373	G3373	805	8256.1843
G3374	G3374	805	6412.2072
G3375	G3375	805	6021.4681
G3376	G3376	805	6086.655000000001
G3377	G3377	805	7372.7338
G3378	G3378	805	6944.611800000001
G3379	G3379	805	7213.4262
G3380	G3380	805	6421.7672999999995
G3381	G3381	805	8205.8305
G3382	G3382	805	7204.0644
G3383	G3383	805	7558.0488
G3384	G3384	805	7380.157999999999
G3385	G3385	805	6779.0427
G3386	G3386	805	7505.6293
G3387	G3387	805	7270.2531
G3388	G3388	805	6105.2283
G3389	G3389	805	6491.0568
G3390	G3390	805	6807.9278
G3391	G3391	805	5607.2852
G3392	G3392	805	6548.3699
G3393	G3393	805	7793.1069
G3394	G3394	805	6349.9092
G3395	G3395	805	5995.6468
G3396	G3396	805	6516.2744999999995
G3397	G3397	805	6453.6835
G3398	G3398	805	5446.0628
G3399	G3399	805	7207.4865
G3400	G3400	805	8230.741399999999
G3401	G3401	805	6304.358400000001
G3402	G3402	805	8110.3356
G3403	G3403	805	7103.010499999999
G3404	G3404	805	5014.012499999999
G3405	G3405	805	6152.852800000001
G3406	G3406	805	8540.475999999999
G3407	G3407	805	6491.0333
G3408	G3408	805	7226.9948
G3409	G3409	805	7465.8607
G3410	G3410	805	6423.0661
G3411	G3411	805	6785.6695
G3412	G3412	805	5370.7006
G3413	G3413	805	7283.692999999999
G3414	G3414	805	7245.603300000001
G3415	G3415	805	5602.4712
G3416	G3416	805	6171.8092
G3417	G3417	805	7571.599
G3418	G3418	805	6760.0676
G3419	G3419	805	9303.181800000002
G3420	G3420	805	8369.8783
G3421	G3421	805	7851.786700000001
G3422	G3422	805	6140.9534
G3423	G3423	805	5985.44
G3424	G3424	805	7185.0887999999995
G3425	G3425	805	6418.556999999999
G3426	G3426	805	4391.062800000001
G3427	G3427	805	5320.9906
G3428	G3428	805	5960.0985
G3429	G3429	805	6013.0746
G3430	G3430	805	3509.4692
G3431	G3431	805	6072.6221000000005
G3432	G3432	805	7111.7329
G3433	G3433	805	7953.0256
G3434	G3434	805	5920.3862
G3435	G3435	805	6927.629
G3436	G3436	805	10178.2024
G3437	G3437	805	6207.9022
G3438	G3438	805	5346.8341
G3439	G3439	805	7656.9866
G3440	G3440	805	6925.6476
G3441	G3441	805	5704.6218
G3442	G3442	805	7794.992399999999
G3443	G3443	805	6147.215099999999
G3444	G3444	805	6701.7248
G3445	G3445	805	5187.402
G3446	G3446	805	3838.557
G3447	G3447	805	6856.8322
G3448	G3448	805	6420.6136
G3449	G3449	805	7139.2682
G3450	G3450	805	7425.849200000001
G3451	G3451	805	5439.4689
G3452	G3452	805	7521.6204
G3453	G3453	805	6439.9828
G3454	G3454	805	7231.8063999999995
G3455	G3455	805	6365.3521
G3456	G3456	805	6215.0217
G3457	G3457	805	7940.453600000001
G3458	G3458	805	5913.086299999999
G3459	G3459	805	9104.4924
G3460	G3460	805	8340.393800000002
G3461	G3461	805	7475.009900000001
G3462	G3462	805	6840.0503
G3463	G3463	805	8560.478500000001
G3464	G3464	805	7083.6614
G3465	G3465	805	6737.0626
G3466	G3466	805	8896.0815
G3467	G3467	805	6371.936599999999
G3468	G3468	805	7230.5311
G3469	G3469	805	6317.9846
G3470	G3470	805	5862.451
G3471	G3471	805	6542.254500000001
G3472	G3472	805	6743.367399999999
G3473	G3473	805	11732.009999999998
G3474	G3474	805	6171.5945
G3475	G3475	805	7153.2087
G3476	G3476	805	7567.3761
G3477	G3477	805	7812.7826
G3478	G3478	805	7005.7612
G3479	G3479	805	5319.231199999999
G3480	G3480	805	5695.257500000001
G3481	G3481	805	6468.25
G3482	G3482	805	7732.8967
G3483	G3483	805	5693.2133
G3484	G3484	805	7426.199500000001
G3485	G3485	805	7434.3086
G3486	G3486	805	6803.5383
G3487	G3487	805	8462.5528
G3488	G3488	805	7477.0303
G3489	G3489	805	6439.5021
G3490	G3490	805	6800.2965
G3491	G3491	805	7919.8182
G3492	G3492	805	7585.2510999999995
G3493	G3493	805	6667.3115
G3494	G3494	805	6979.368
G3495	G3495	805	8053.8606
G3496	G3496	805	9308.2668
G3497	G3497	805	7188.462299999999
G3498	G3498	805	6804.3177
G3499	G3499	805	7761.567999999999
G3500	G3500	805	6626.1633
G3501	G3501	805	5862.183
G3502	G3502	805	7646.045699999999
G3503	G3503	805	7471.4672
G3504	G3504	805	6183.9565999999995
G3505	G3505	805	6128.2635
G3506	G3506	805	6807.4884
G3507	G3507	805	8666.035
G3508	G3508	805	7702.4501
G3509	G3509	805	5554.964
G3510	G3510	805	7793.5435
G3511	G3511	805	6484.4767
G3512	G3512	805	6441.0334
G3513	G3513	805	5519.3982000000005
G3514	G3514	805	7007.9403
G3515	G3515	805	6575.454900000001
G3516	G3516	805	7680.5987000000005
G3517	G3517	805	8491.8534
G3518	G3518	805	6550.0176
G3519	G3519	805	8202.1959
G3520	G3520	805	6693.3115
G3521	G3521	805	7193.651
G3522	G3522	805	6938.7423
G3523	G3523	805	6786.538699999999
G3524	G3524	805	4443.2529
G3525	G3525	805	4596.4498
G3526	G3526	805	6429.5614
G3527	G3527	805	6998.4823
G3528	G3528	805	7480.4227
G3529	G3529	805	9197.5465
G3530	G3530	805	5982.1713
G3531	G3531	805	8066.2968
G3532	G3532	805	8587.8465
G3533	G3533	805	4872.0046
G3534	G3534	805	6090.0898
G3535	G3535	805	7539.7026000000005
G3536	G3536	805	6573.5967
G3537	G3537	805	6267.5603
G3538	G3538	805	7963.9678
G3539	G3539	805	8018.8978
G3540	G3540	805	7276.4643
G3541	G3541	805	5257.8559000000005
G3542	G3542	805	6141.7138
G3543	G3543	805	7699.8482
G3544	G3544	805	6440.4694
G3545	G3545	805	7054.8989
G3546	G3546	805	6113.1489
G3547	G3547	805	7465.746999999999
G3548	G3548	805	7178.5754
G3549	G3549	805	6743.9456
G3550	G3550	805	6063.1831999999995
G3551	G3551	805	6113.3717
G3552	G3552	805	7951.405900000001
G3553	G3553	805	9185.8913
G3554	G3554	805	6942.0463
G3555	G3555	805	6231.539
G3556	G3556	805	6384.4255
G3557	G3557	805	7177.8644
G3558	G3558	805	7167.4198
G3559	G3559	805	4094.1263
G3560	G3560	805	5427.736
G3561	G3561	805	7500.1828000000005
G3562	G3562	805	8380.963
G3563	G3563	805	6685.089
G3564	G3564	805	6392.5288
G3565	G3565	805	9039.8494
G3566	G3566	805	9476.5081
G3567	G3567	805	6200.7859
G3568	G3568	805	6011.8658
G3569	G3569	805	7554.725700000001
G3570	G3570	805	7181.2758
G3571	G3571	805	7912.568499999999
G3572	G3572	805	7111.369000000001
G3573	G3573	805	6142.7306
G3574	G3574	805	6628.3678
G3575	G3575	805	5496.828799999999
G3576	G3576	805	5740.1819
G3577	G3577	805	6025.0622
G3578	G3578	805	7392.8982
G3579	G3579	805	6352.311299999999
G3580	G3580	805	5105.0964
G3581	G3581	805	6811.6266
G3582	G3582	805	5417.1561
G3583	G3583	805	7054.0235
G3584	G3584	805	8802.996500000001
G3585	G3585	805	5791.5217
G3586	G3586	805	6363.524
G3587	G3587	805	5997.691000000001
G3588	G3588	805	6746.502600000001
G3589	G3589	805	7274.5332
G3590	G3590	805	6589.900900000001
G3591	G3591	805	7346.155199999999
G3592	G3592	805	7119.1136
G3593	G3593	805	7829.7666
G3594	G3594	805	7645.6675
G3595	G3595	805	6514.2155999999995
G3596	G3596	805	7192.106900000001
G3597	G3597	805	7708.889999999999
G3598	G3598	805	7425.898099999999
G3599	G3599	805	6246.6644
G3600	G3600	805	4811.763800000001
G3601	G3601	805	7243.375499999999
G3602	G3602	805	5676.0764
G3603	G3603	805	6700.2456
G3604	G3604	805	6748.8792
G3605	G3605	805	7223.7951
G3606	G3606	805	7276.8708
G3607	G3607	805	8850.5037
G3608	G3608	805	6191.7867
G3609	G3609	805	6179.199200000001
G3610	G3610	805	7108.7555
G3611	G3611	805	4641.8985999999995
G3612	G3612	805	7956.1929
G3613	G3613	805	6952.1721
G3614	G3614	805	7842.2516
G3615	G3615	805	4091.4825000000005
G3616	G3616	805	7061.7079
G3617	G3617	805	6489.0366
G3618	G3618	805	7974.355
G3619	G3619	805	9103.9247
G3620	G3620	805	7163.6437
G3621	G3621	805	7348.969
G3622	G3622	805	7399.1572
G3623	G3623	805	6644.787700000001
G3624	G3624	805	6591.076
G3625	G3625	805	8108.4569
G3626	G3626	805	4159.9744
G3627	G3627	805	4555.4794999999995
G3628	G3628	805	5565.472
G3629	G3629	805	6842.6379
G3630	G3630	805	7504.466
G3631	G3631	805	9216.137200000001
G3632	G3632	805	4775.545
G3633	G3633	805	4381.6224
G3634	G3634	805	7826.9313999999995
G3635	G3635	805	6559.9831
G3636	G3636	805	5708.626399999999
G3637	G3637	805	5165.8069000000005
G3638	G3638	805	6446.9451
G3639	G3639	805	6779.5812000000005
G3640	G3640	805	7132.402
G3641	G3641	805	8113.0507
G3642	G3642	805	6553.6571
G3643	G3643	805	6946.7258999999995
G3644	G3644	805	7854.8452
G3645	G3645	805	6131.6903999999995
G3646	G3646	805	6897.3341
G3647	G3647	805	7487.6769
G3648	G3648	805	5914.9048
G3649	G3649	805	6899.187099999999
G3650	G3650	805	6443.7364
G3651	G3651	805	8435.379500000001
G3652	G3652	805	7305.2871000000005
G3653	G3653	805	8006.8776
G3654	G3654	805	8498.1316
G3655	G3655	805	7140.215399999999
G3656	G3656	805	6239.125
G3657	G3657	805	10224.469500000001
G3658	G3658	805	6626.8482
G3659	G3659	805	6666.995000000001
G3660	G3660	805	5329.49
G3661	G3661	805	8114.2657
G3662	G3662	805	7417.2905
G3663	G3663	805	8321.5285
G3664	G3664	805	7752.1587
G3665	G3665	805	5758.093000000001
G3666	G3666	805	5993.9601999999995
G3667	G3667	805	4893.7871
G3668	G3668	805	6757.1232
G3669	G3669	805	6684.656000000001
G3670	G3670	805	6745.0121
G3671	G3671	805	6365.226
G3672	G3672	805	5805.16
G3673	G3673	805	7589.8503
G3674	G3674	805	8126.950599999999
G3675	G3675	805	8151.2507000000005
G3676	G3676	805	8189.9015
G3677	G3677	805	10253.5221
G3678	G3678	805	5776.2878
G3679	G3679	805	6372.2702
G3680	G3680	805	6580.4238
G3681	G3681	805	6646.0313
G3682	G3682	805	7592.9833
G3683	G3683	805	4973.8766
G3684	G3684	805	8062.827
G3685	G3685	805	6756.611000000001
G3686	G3686	805	7426.104600000001
G3687	G3687	805	5537.1608
G3688	G3688	805	9026.7186
G3689	G3689	805	6823.8025
G3690	G3690	805	8496.4382
G3691	G3691	805	9604.5817
G3692	G3692	805	6234.055399999999
G3693	G3693	805	7447.2526
G3694	G3694	805	3989.9689
G3695	G3695	805	6695.3976999999995
G3696	G3696	805	7208.7969
G3697	G3697	805	5380.9402
G3698	G3698	805	6781.700199999999
G3699	G3699	805	8100.471100000001
G3700	G3700	805	7215.0224
G3701	G3701	805	7397.743
G3702	G3702	805	6384.5443000000005
G3703	G3703	805	5933.5208999999995
G3704	G3704	805	6877.7036
G3705	G3705	805	6846.960500000001
G3706	G3706	805	5320.1645
G3707	G3707	805	6180.3881
G3708	G3708	805	6612.894200000001
G3709	G3709	805	7068.4957
G3710	G3710	805	5164.7353
G3711	G3711	805	6894.691500000001
G3712	G3712	805	7927.2054
G3713	G3713	805	5339.150100000001
G3714	G3714	805	6555.4621
G3715	G3715	805	8647.9738
G3716	G3716	805	7906.5028
G3717	G3717	805	6095.4007
G3718	G3718	805	7977.3496
G3719	G3719	805	5666.25
G3720	G3720	805	8319.9578
G3721	G3721	805	7559.4943
G3722	G3722	805	6459.1054
G3723	G3723	805	6204.0169000000005
G3724	G3724	805	7493.1087
G3725	G3725	805	6708.8168
G3726	G3726	805	5998.0275
G3727	G3727	805	7601.4852
G3728	G3728	805	7608.447700000001
G3729	G3729	805	5913.8258
G3730	G3730	805	6895.332700000001
G3731	G3731	805	6234.021199999999
G3732	G3732	805	6698.7573
G3733	G3733	805	5761.9114
G3734	G3734	805	7464.5339
G3735	G3735	805	5933.3804
G3736	G3736	805	5046.3685
G3737	G3737	805	5667.3658
G3738	G3738	805	7613.6839
G3739	G3739	805	6992.9555
G3740	G3740	805	7489.0931
G3741	G3741	805	7718.364600000001
G3742	G3742	805	8037.6357
G3743	G3743	805	6544.2408
G3744	G3744	805	5470.2056
G3745	G3745	805	7616.1479
G3746	G3746	805	4460.141100000001
G3747	G3747	805	7772.8265
G3748	G3748	805	6433.0925
G3749	G3749	805	5890.5669
G3750	G3750	805	7482.1734
G3751	G3751	805	7771.5815
G3752	G3752	805	3748.2113
G3753	G3753	805	6286.9636
G3754	G3754	805	8391.149399999998
G3755	G3755	805	7449.6363
G3756	G3756	805	6576.275100000001
G3757	G3757	805	5814.0322
G3758	G3758	805	6303.682000000001
G3759	G3759	805	6433.633099999999
G3760	G3760	805	5035.7865
G3761	G3761	805	4866.2124
G3762	G3762	805	7610.7178
G3763	G3763	805	5863.7824
G3764	G3764	805	6366.9648
G3765	G3765	805	7266.216
G3766	G3766	805	7645.8999
G3767	G3767	805	7423.510899999999
G3768	G3768	805	6766.412899999999
G3769	G3769	805	6095.4252
G3770	G3770	805	5971.3175
G3771	G3771	805	7038.3829000000005
G3772	G3772	805	7148.2137999999995
G3773	G3773	805	6446.2012
G3774	G3774	805	4373.5535
G3775	G3775	805	7961.7689
G3776	G3776	805	7083.8817
G3777	G3777	805	6758.2316
G3778	G3778	805	8452.998
G3779	G3779	805	5412.6359
G3780	G3780	805	6432.5413
G3781	G3781	805	6545.305699999999
G3782	G3782	805	7126.7968
G3783	G3783	805	4358.4889
G3784	G3784	805	6307.5199
G3785	G3785	805	6388.955
G3786	G3786	805	7804.197700000001
G3787	G3787	805	6792.894699999999
G3788	G3788	805	7022.3282
G3789	G3789	805	7415.4779
G3790	G3790	805	6300.1488
G3791	G3791	805	7153.5018
G3792	G3792	805	5707.2677
G3793	G3793	805	7631.291800000001
G3794	G3794	805	3338.8347
G3795	G3795	805	6745.7232
G3796	G3796	805	5115.295
G3797	G3797	805	7171.0455
G3798	G3798	805	7233.6834
G3799	G3799	805	3342.3426
G3800	G3800	805	6278.3752
G3801	G3801	805	3884.3238
G3802	G3802	805	7652.115899999999
G3803	G3803	805	7025.4209
G3804	G3804	805	10375.755799999999
G3805	G3805	805	7213.4254
G3806	G3806	805	7146.5345
G3807	G3807	805	7426.201
G3808	G3808	805	5396.9632
G3809	G3809	805	5038.411099999999
G3810	G3810	805	8065.9382
G3811	G3811	805	5695.41
G3812	G3812	805	6572.2474
G3813	G3813	805	8262.543300000001
G3814	G3814	805	6562.5823
G3815	G3815	805	7699.7533
G3816	G3816	805	7045.219
G3817	G3817	805	7598.0742
G3818	G3818	805	7656.849
G3819	G3819	805	6148.405999999999
G3820	G3820	805	6437.924000000001
G3821	G3821	805	6959.9616
G3822	G3822	805	5047.698200000001
G3823	G3823	805	7357.45
G3824	G3824	805	7495.1259
G3825	G3825	805	6400.357
G3826	G3826	805	7504.357400000001
G3827	G3827	805	10023.448400000001
G3828	G3828	805	7895.955599999999
G3829	G3829	805	7403.0317
G3830	G3830	805	10097.196
G3831	G3831	805	8611.5321
G3832	G3832	805	6453.427600000001
G3833	G3833	805	6115.499400000001
G3834	G3834	805	6489.6407
G3835	G3835	805	6072.2087
G3836	G3836	805	7441.827300000001
G3837	G3837	805	7739.780000000001
G3838	G3838	805	6868.1894
G3839	G3839	805	7905.6974
G3840	G3840	805	6188.795999999999
G3841	G3841	805	7323.4576
G3842	G3842	805	5400.435100000001
G3843	G3843	805	7469.311100000001
G3844	G3844	805	7931.6757
G3845	G3845	805	7549.5435
G3846	G3846	805	6803.5154
G3847	G3847	805	7405.3198
G3848	G3848	805	6227.095
G3849	G3849	805	8087.788500000001
G3850	G3850	805	7159.056500000001
G3851	G3851	805	6206.713
G3852	G3852	805	6605.3958
G3853	G3853	805	8407.394499999999
G3854	G3854	805	7425.9081
G3855	G3855	805	5606.308900000001
G3856	G3856	805	6358.0149
G3857	G3857	805	7523.2203
G3858	G3858	805	7525.9496
G3859	G3859	805	6285.0667
G3860	G3860	805	10217.0426
G3861	G3861	805	8526.1975
G3862	G3862	805	8534.5155
G3863	G3863	805	6805.1623
G3864	G3864	805	6794.5529
G3865	G3865	805	6028.4979
G3866	G3866	805	3429.7766
G3867	G3867	805	7736.8162
G3868	G3868	805	7958.9326
G3869	G3869	805	9754.5363
G3870	G3870	805	6310.9038
G3871	G3871	805	10472.2255
G3872	G3872	805	6202.1612
G3873	G3873	805	6992.4121000000005
G3874	G3874	805	7887.8382
G3875	G3875	805	7057.1613
G3876	G3876	805	6164.1777999999995
G3877	G3877	805	5330.4621
G3878	G3878	805	5984.7557
G3879	G3879	805	8105.1408
G3880	G3880	805	7210.5928
G3881	G3881	805	5744.9583999999995
G3882	G3882	805	6777.5795
G3883	G3883	805	5725.1314
G3884	G3884	805	7267.7624
G3885	G3885	805	6686.9467
G3886	G3886	805	6568.553000000001
G3887	G3887	805	7457.990599999999
G3888	G3888	805	6861.4232
G3889	G3889	805	9519.1675
G3890	G3890	805	8139.6893
G3891	G3891	805	7361.0898
G3892	G3892	805	6998.1642
G3893	G3893	805	5099.3956
G3894	G3894	805	7250.2606
G3895	G3895	805	5237.410900000001
G3896	G3896	805	7493.608
G3897	G3897	805	6052.3542
G3898	G3898	805	6914.703299999999
G3899	G3899	805	6406.9878
G3900	G3900	805	3965.4094000000005
G3901	G3901	805	7343.7691
G3902	G3902	805	8150.1217
G3903	G3903	805	6981.1332
G3904	G3904	805	8666.08
G3905	G3905	805	6556.3529
G3906	G3906	805	7569.7972
G3907	G3907	805	6626.7738
G3908	G3908	805	7314.1581
G3909	G3909	805	7956.390299999999
G3910	G3910	805	7990.036599999999
G3911	G3911	805	7824.424500000001
G3912	G3912	805	5492.5669
G3913	G3913	805	6888.152099999999
G3914	G3914	805	6891.7296
G3915	G3915	805	6892.3969
G3916	G3916	805	7479.7715
G3917	G3917	805	7669.746899999999
G3918	G3918	805	6879.2376
G3919	G3919	805	7658.990900000001
G3920	G3920	805	6623.1074
G3921	G3921	805	8444.6924
G3922	G3922	805	4099.3431
G3923	G3923	805	5684.3105000000005
G3924	G3924	805	6663.6975
G3925	G3925	805	5933.4056
G3926	G3926	805	6254.146299999999
G3927	G3927	805	7532.294900000001
G3928	G3928	805	6622.6601
G3929	G3929	805	6412.411099999999
G3930	G3930	805	5347.6086
G3931	G3931	805	4922.1158
G3932	G3932	805	5875.396500000001
G3933	G3933	805	5367.3829
G3934	G3934	805	6944.333199999999
G3935	G3935	805	7636.1985
G3936	G3936	805	7353.0869
G3937	G3937	805	7095.793299999999
G3938	G3938	805	6661.927299999999
G3939	G3939	805	7269.164699999999
G3940	G3940	805	8067.5703
G3941	G3941	805	9538.106899999999
G3942	G3942	805	7022.6289
G3943	G3943	805	5978.874599999999
G3944	G3944	805	5241.0041
G3945	G3945	805	7206.357
G3946	G3946	805	6301.1968
G3947	G3947	805	8065.831999999999
G3948	G3948	805	8247.597099999999
G3949	G3949	805	9221.607100000001
G3950	G3950	805	7491.878500000001
G3951	G3951	805	6889.0642
G3952	G3952	805	6462.4475
G3953	G3953	805	7643.5162
G3954	G3954	805	7533.71
G3955	G3955	805	7309.4861
G3956	G3956	805	8169.1091
G3957	G3957	805	7426.7963
G3958	G3958	805	7902.8146
G3959	G3959	805	6957.9551
G3960	G3960	805	7276.6536
G3961	G3961	805	7857.9059
G3962	G3962	805	7276.7319
G3963	G3963	805	7591.0522
G3964	G3964	805	6785.4605
G3965	G3965	805	6108.7021
G3966	G3966	805	7063.2197
G3967	G3967	805	4031.2827
G3968	G3968	805	6151.1058
G3969	G3969	805	6632.0888
G3970	G3970	805	4818.3944
G3971	G3971	805	7446.933
G3972	G3972	805	5710.8026
G3973	G3973	805	7726.1782
G3974	G3974	805	5967.8691
G3975	G3975	805	6417.7491
G3976	G3976	805	7231.3697
G3977	G3977	805	7448.214899999999
G3978	G3978	805	7344.9743
G3979	G3979	805	6970.4147
G3980	G3980	805	6387.4691
G3981	G3981	805	10092.1065
G3982	G3982	805	6659.323200000001
G3983	G3983	805	6269.0241000000005
G3984	G3984	805	8163.2309
G3985	G3985	805	8334.8705
G3986	G3986	805	7230.948
G3987	G3987	805	6490.0121
G3988	G3988	805	6001.502299999999
G3989	G3989	805	5518.5116
G3990	G3990	805	7772.1018
G3991	G3991	805	5546.511
G3992	G3992	805	6390.857599999999
G3993	G3993	805	6386.837799999999
G3994	G3994	805	7144.1059
G3995	G3995	805	7164.2642
G3996	G3996	805	5409.3228
G3997	G3997	805	6899.2225
G3998	G3998	805	6281.5679
G3999	G3999	805	8124.7744999999995
G4000	G4000	805	7244.0231
G4001	G4001	805	6649.4282
G4002	G4002	805	6522.753000000001
G4003	G4003	805	6737.8463
G4004	G4004	805	6592.3416
G4005	G4005	805	7191.963400000001
G4006	G4006	805	6490.7428
G4007	G4007	805	7339.922
G4008	G4008	805	4786.0765
G4009	G4009	805	7936.3767
G4010	G4010	805	8144.5583
G4011	G4011	805	7775.7669000000005
G4012	G4012	805	6718.4655
G4013	G4013	805	6135.5524000000005
G4014	G4014	805	6159.3861
G4015	G4015	805	4764.2503
G4016	G4016	805	6650.997399999999
G4017	G4017	805	5626.9028
G4018	G4018	805	7199.1282
G4019	G4019	805	6605.5196
G4020	G4020	805	7832.8034
G4021	G4021	805	5941.9917000000005
G4022	G4022	805	6521.727000000001
G4023	G4023	805	5868.8204000000005
G4024	G4024	805	8197.6214
G4025	G4025	805	7738.9907
G4026	G4026	805	8023.2696
G4027	G4027	805	8483.735200000001
G4028	G4028	805	4790.3045999999995
G4029	G4029	805	8682.0975
G4030	G4030	805	6331.6867
G4031	G4031	805	6551.3027
G4032	G4032	805	6380.9310000000005
G4033	G4033	805	7092.668100000001
G4034	G4034	805	7127.1895
G4035	G4035	805	6819.8408
G4036	G4036	805	6400.0838
G4037	G4037	805	5786.8274
G4038	G4038	805	5748.6831999999995
G4039	G4039	805	7400.5499
G4040	G4040	805	7863.0244
G4041	G4041	805	6867.0474
G4042	G4042	805	6771.4833
G4043	G4043	805	5897.016799999999
G4044	G4044	805	7048.5551000000005
G4045	G4045	805	5711.1774000000005
G4046	G4046	805	7390.9638
G4047	G4047	805	7633.700199999999
G4048	G4048	805	9706.6317
G4049	G4049	805	6806.893400000001
G4050	G4050	805	6544.882
G4051	G4051	805	6748.6033
G4052	G4052	805	6177.555
G4053	G4053	805	6723.9812
G4054	G4054	805	6081.8471
G4055	G4055	805	8847.710500000001
G4056	G4056	805	8317.460899999998
G4057	G4057	805	6562.7612
G4058	G4058	805	6454.7086
G4059	G4059	805	6859.5676
G4060	G4060	805	4072.8865
G4061	G4061	805	5365.5393
G4062	G4062	805	8173.488300000001
G4063	G4063	805	7055.5608
G4064	G4064	805	6353.5311
G4065	G4065	805	6875.7618
G4066	G4066	805	7747.7363
G4067	G4067	805	8556.6519
G4068	G4068	805	7675.1354
G4069	G4069	805	6459.2986
G4070	G4070	805	6785.2644
G4071	G4071	805	6067.637
G4072	G4072	805	7396.4
G4073	G4073	805	6220.413
G4074	G4074	805	7152.6256
G4075	G4075	805	7823.4113
G4076	G4076	805	7290.7707
G4077	G4077	805	7919.7563
G4078	G4078	805	6423.402700000001
G4079	G4079	805	6068.7189
G4080	G4080	805	7656.8714
G4081	G4081	805	6320.6917
G4082	G4082	805	5877.408600000001
G4083	G4083	805	8066.046200000001
G4084	G4084	805	6658.2853
G4085	G4085	805	5748.5502
G4086	G4086	805	6791.3811000000005
G4087	G4087	805	6652.8133
G4088	G4088	805	9020.9065
G4089	G4089	805	7931.1777999999995
G4090	G4090	805	5423.161700000001
G4091	G4091	805	6234.7552
G4092	G4092	805	7312.8243
G4093	G4093	805	6150.3212
G4094	G4094	805	6772.6458
G4095	G4095	805	8111.592900000001
G4096	G4096	805	6195.1654
G4097	G4097	805	6248.3425
G4098	G4098	805	7281.5399
G4099	G4099	805	6337.9572
G4100	G4100	805	6159.2796
G4101	G4101	805	6358.4348
G4102	G4102	805	9847.9701
G4103	G4103	805	6985.990400000001
G4104	G4104	805	5717.0574
G4105	G4105	805	7190.495400000001
G4106	G4106	805	7270.7582
G4107	G4107	805	6250.1705
G4108	G4108	805	6523.0118999999995
G4109	G4109	805	6801.775299999999
G4110	G4110	805	7599.168600000001
G4111	G4111	805	6652.2833
G4112	G4112	805	10585.4568
G4113	G4113	805	7990.9803999999995
G4114	G4114	805	5459.713400000001
G4115	G4115	805	6986.251499999999
G4116	G4116	805	8765.596000000001
G4117	G4117	805	6632.8901000000005
G4118	G4118	805	6114.3306
G4119	G4119	805	6496.014700000001
G4120	G4120	805	6402.81
G4121	G4121	805	8056.9923
G4122	G4122	805	5962.5866000000005
G4123	G4123	805	7111.722299999999
G4124	G4124	805	6182.2784
G4125	G4125	805	7112.843699999999
G4126	G4126	805	5878.524600000001
G4127	G4127	805	6510.034900000001
G4128	G4128	805	5987.9356
G4129	G4129	805	7543.6367
G4130	G4130	805	7539.4826
G4131	G4131	805	6691.863600000001
G4132	G4132	805	8147.314500000001
G4133	G4133	805	7025.7971
G4134	G4134	805	8343.4382
G4135	G4135	805	6600.125
G4136	G4136	805	8102.438099999999
G4137	G4137	805	6527.4776
G4138	G4138	805	6158.5704
G4139	G4139	805	5177.3566
G4140	G4140	805	6759.0728
G4141	G4141	805	7100.2287
G4142	G4142	805	6133.4533
G4143	G4143	805	7129.9044
G4144	G4144	805	4743.0044
G4145	G4145	805	7068.1831
G4146	G4146	805	7998.692
G4147	G4147	805	7800.758599999999
G4148	G4148	805	7282.4267
G4149	G4149	805	5607.5153
G4150	G4150	805	6980.1546
G4151	G4151	805	5490.4569
G4152	G4152	805	7737.379000000001
G4153	G4153	805	4978.530000000001
G4154	G4154	805	7959.5643
G4155	G4155	805	6963.050499999999
G4156	G4156	805	6224.054899999999
G4157	G4157	805	6111.8000999999995
G4158	G4158	805	6233.4693
G4159	G4159	805	6031.9883
G4160	G4160	805	6869.8739000000005
G4161	G4161	805	6886.4987
G4162	G4162	805	6412.573
G4163	G4163	805	8108.7305
G4164	G4164	805	7483.0729
G4165	G4165	805	10112.5193
G4166	G4166	805	7196.0362000000005
G4167	G4167	805	6275.7389
G4168	G4168	805	7450.9133
G4169	G4169	805	8197.292
G4170	G4170	805	6309.1335
G4171	G4171	805	5867.920700000001
G4172	G4172	805	7956.2243
G4173	G4173	805	8359.4269
G4174	G4174	805	6586.6326
G4175	G4175	805	8152.3721000000005
G4176	G4176	805	9667.5343
G4177	G4177	805	5358.5698
G4178	G4178	805	6757.5159
G4179	G4179	805	6617.5172999999995
G4180	G4180	805	7109.2546
G4181	G4181	805	4940.759900000001
G4182	G4182	805	6651.503900000001
G4183	G4183	805	7524.0789
G4184	G4184	805	7028.3673
G4185	G4185	805	6938.6159
G4186	G4186	805	6587.4838
G4187	G4187	805	5868.625999999999
G4188	G4188	805	6251.1809
G4189	G4189	805	8916.9715
G4190	G4190	805	9757.698100000001
G4191	G4191	805	6583.9091
G4192	G4192	805	6321.7104
G4193	G4193	805	5217.2826000000005
G4194	G4194	805	7387.240900000001
G4195	G4195	805	8437.573799999998
G4196	G4196	805	8525.399
G4197	G4197	805	6982.4728000000005
G4198	G4198	805	7461.509400000001
G4199	G4199	805	6824.124099999999
G4200	G4200	805	10104.1634
G4201	G4201	805	6728.9418000000005
G4202	G4202	805	8513.102900000002
G4203	G4203	805	4422.5136
G4204	G4204	805	7481.1781
G4205	G4205	805	10122.5836
G4206	G4206	805	8823.3004
G4207	G4207	805	6326.845899999999
G4208	G4208	805	7030.683900000001
G4209	G4209	805	8182.3466
G4210	G4210	805	6730.3727
G4211	G4211	805	4585.589400000001
G4212	G4212	805	10193.1724
G4213	G4213	805	8406.5919
G4214	G4214	805	8274.4507
G4215	G4215	805	6711.6692
G4216	G4216	805	6883.7621
G4217	G4217	805	6906.5056
G4218	G4218	805	6553.6504
G4219	G4219	805	8165.1991
G4220	G4220	805	5800.1885
G4221	G4221	805	6276.2532
G4222	G4222	805	5971.081999999999
G4223	G4223	805	8172.9893
G4224	G4224	805	8440.0295
G4225	G4225	805	7667.9172
G4226	G4226	805	5053.4309
G4227	G4227	805	4432.1664
G4228	G4228	805	6479.8582
G4229	G4229	805	6691.723300000001
G4230	G4230	805	6366.620800000001
G4231	G4231	805	5279.177
G4232	G4232	805	7219.594700000001
G4233	G4233	805	5884.8625
G4234	G4234	805	7313.9213
G4235	G4235	805	7005.055700000001
G4236	G4236	805	5160.3735
G4237	G4237	805	6567.7091
G4238	G4238	805	9009.1662
G4239	G4239	805	6054.2614
G4240	G4240	805	7256.9241
G4241	G4241	805	8376.981899999999
G4242	G4242	805	7255.419599999999
G4243	G4243	805	8146.503699999999
G4244	G4244	805	6168.2081
G4245	G4245	805	6305.9026
G4246	G4246	805	7693.1311
G4247	G4247	805	6541.3503
G4248	G4248	805	8136.971
G4249	G4249	805	7889.1623
G4250	G4250	805	7081.2228
G4251	G4251	805	6892.4534
G4252	G4252	805	6912.914699999999
G4253	G4253	805	6841.5681
G4254	G4254	805	7446.2897
G4255	G4255	805	7318.416800000001
G4256	G4256	805	6101.2762999999995
G4257	G4257	805	4900.9793
G4258	G4258	805	6220.3182
G4259	G4259	805	7106.1694
G4260	G4260	805	8087.8371
G4261	G4261	805	8582.1834
G4262	G4262	805	6498.6077
G4263	G4263	805	6411.8072999999995
G4264	G4264	805	5505.0107
G4265	G4265	805	7498.085099999999
G4266	G4266	805	6926.1264
G4267	G4267	805	4173.0983
G4268	G4268	805	4925.740400000001
G4269	G4269	805	9243.929399999999
G4270	G4270	805	6787.272000000001
G4271	G4271	805	6484.472900000001
G4272	G4272	805	9016.32
G4273	G4273	805	6094.803
G4274	G4274	805	5059.9919
G4275	G4275	805	6183.900199999999
G4276	G4276	805	6856.2461
G4277	G4277	805	6782.771500000001
G4278	G4278	805	7356.5818
G4279	G4279	805	6734.048
G4280	G4280	805	5435.1187
G4281	G4281	805	6846.731300000001
G4282	G4282	805	7635.392400000001
G4283	G4283	805	6559.327
G4284	G4284	805	7202.275299999999
G4285	G4285	805	7084.018099999999
G4286	G4286	805	6495.8439
G4287	G4287	805	8150.4671
G4288	G4288	805	3405.4366
G4289	G4289	805	4468.9858
G4290	G4290	805	6043.8874
G4291	G4291	805	7267.6385
G4292	G4292	805	6692.087800000001
G4293	G4293	805	6534.828
G4294	G4294	805	6414.0236
G4295	G4295	805	8279.616999999998
G4296	G4296	805	8850.512200000001
G4297	G4297	805	4153.3324
G4298	G4298	805	6795.9372
G4299	G4299	805	7474.8229
G4300	G4300	805	7549.8521
G4301	G4301	805	7841.6975
G4302	G4302	805	7491.168299999999
G4303	G4303	805	8427.6869
G4304	G4304	805	6664.7658
G4305	G4305	805	6381.3861
G4306	G4306	805	7823.6828
G4307	G4307	805	7597.532
G4308	G4308	805	6569.2245
G4309	G4309	805	6441.919800000001
G4310	G4310	805	7091.3884
G4311	G4311	805	8269.7034
G4312	G4312	805	4941.8067
G4313	G4313	805	6815.3477
G4314	G4314	805	8667.082300000002
G4315	G4315	805	6286.0779999999995
G4316	G4316	805	7325.1161
G4317	G4317	805	7528.2418
G4318	G4318	805	5005.1437000000005
G4319	G4319	805	11886.030999999999
G4320	G4320	805	6726.672500000001
G4321	G4321	805	7130.3603
G4322	G4322	805	8332.8373
G4323	G4323	805	6121.7209
G4324	G4324	805	6626.6301
G4325	G4325	805	6748.3447
G4326	G4326	805	7596.2822
G4327	G4327	805	6199.8866
G4328	G4328	805	6220.6336
G4329	G4329	805	5908.2269
G4330	G4330	805	6741.7002
G4331	G4331	805	7030.7659
G4332	G4332	805	7280.591700000001
G4333	G4333	805	5296.7675
G4334	G4334	805	7905.1641
G4335	G4335	805	6209.9439999999995
G4336	G4336	805	6563.7942
G4337	G4337	805	8363.521
G4338	G4338	805	4532.0086
G4339	G4339	805	5608.410900000001
G4340	G4340	805	6612.1073
G4341	G4341	805	6878.3066
G4342	G4342	805	7241.038900000001
G4343	G4343	805	4972.1192
G4344	G4344	805	7628.7225
G4345	G4345	805	8469.451099999998
G4346	G4346	805	6330.1391
G4347	G4347	805	7722.1134
G4348	G4348	805	7184.4676
G4349	G4349	805	6276.382299999999
G4350	G4350	805	6750.1499
G4351	G4351	805	7152.4739
G4352	G4352	805	7368.1698
G4353	G4353	805	6629.9282
G4354	G4354	805	5211.6886
G4355	G4355	805	7608.5391
G4356	G4356	805	8056.255999999999
G4357	G4357	805	5840.3535999999995
G4358	G4358	805	7256.6789
G4359	G4359	805	7081.6393
G4360	G4360	805	6990.8677
G4361	G4361	805	8530.562600000001
G4362	G4362	805	6007.352000000001
G4363	G4363	805	6528.954299999999
G4364	G4364	805	5170.6211
G4365	G4365	805	6730.5054
G4366	G4366	805	6690.9355
G4367	G4367	805	6907.0495
G4368	G4368	805	7052.948399999999
G4369	G4369	805	7036.446
G4370	G4370	805	7410.9985
G4371	G4371	805	6749.317099999999
G4372	G4372	805	7246.989600000001
G4373	G4373	805	8316.7958
G4374	G4374	805	7881.1338
G4375	G4375	805	7237.7496
G4376	G4376	805	6633.518
G4377	G4377	805	6081.2901
G4378	G4378	805	7366.0446
G4379	G4379	805	7418.974899999999
G4380	G4380	805	7137.2099
G4381	G4381	805	7829.7411
G4382	G4382	805	9218.1528
G4383	G4383	805	5743.387699999999
G4384	G4384	805	6282.081
G4385	G4385	805	7387.2093
G4386	G4386	805	6374.3308
G4387	G4387	805	7140.531500000001
G4388	G4388	805	6546.2518
G4389	G4389	805	6276.4383
G4390	G4390	805	7321.3848
G4391	G4391	805	6033.6338
G4392	G4392	805	6276.9377
G4393	G4393	805	7108.2086
G4394	G4394	805	6939.8222000000005
G4395	G4395	805	5498.771000000001
G4396	G4396	805	7201.4916
G4397	G4397	805	6206.3209
G4398	G4398	805	7161.3463
G4399	G4399	805	6838.5094
G4400	G4400	805	7176.7728
G4401	G4401	805	6162.1924
G4402	G4402	805	7854.676200000001
G4403	G4403	805	3586.3223
G4404	G4404	805	6832.9657
G4405	G4405	805	7273.3009
G4406	G4406	805	6495.7636999999995
G4407	G4407	805	7611.3159000000005
G4408	G4408	805	6024.6591
G4409	G4409	805	6227.4526000000005
G4410	G4410	805	6763.3533
G4411	G4411	805	7448.1624
G4412	G4412	805	7536.0658
G4413	G4413	805	6540.8484
G4414	G4414	805	7692.930200000001
G4415	G4415	805	8373.61
G4416	G4416	805	6427.0606
G4417	G4417	805	7337.8094
G4418	G4418	805	5666.2649
G4419	G4419	805	6322.4216
G4420	G4420	805	6263.499
G4421	G4421	805	7885.8004
G4422	G4422	805	7789.9416
G4423	G4423	805	8188.6467
G4424	G4424	805	6533.3918
G4425	G4425	805	6014.0496
G4426	G4426	805	6619.0076
G4427	G4427	805	6569.379
G4428	G4428	805	6031.3697
G4429	G4429	805	6834.9455
G4430	G4430	805	7043.175
G4431	G4431	805	6023.1677
G4432	G4432	805	6996.3676000000005
G4433	G4433	805	6774.7979
G4434	G4434	805	6820.7649
G4435	G4435	805	9828.2719
G4436	G4436	805	6794.106300000001
G4437	G4437	805	7243.7073
G4438	G4438	805	6110.0181
G4439	G4439	805	7271.862000000001
G4440	G4440	805	7227.9156
G4441	G4441	805	5251.6873
G4442	G4442	805	6433.8429
G4443	G4443	805	5478.5812000000005
G4444	G4444	805	6689.2857
G4445	G4445	805	7154.4359
G4446	G4446	805	7277.344999999999
G4447	G4447	805	9225.2759
G4448	G4448	805	6884.0496
G4449	G4449	805	6717.8866
G4450	G4450	805	5930.721100000001
G4451	G4451	805	7428.5477
G4452	G4452	805	7580.573
G4453	G4453	805	6243.1258
G4454	G4454	805	6816.7238
G4455	G4455	805	7609.950999999999
G4456	G4456	805	6854.8932
G4457	G4457	805	5896.4193
G4458	G4458	805	6387.6314
G4459	G4459	805	7413.926799999999
G4460	G4460	805	7500.2193
G4461	G4461	805	7473.3895
G4462	G4462	805	6773.5618
G4463	G4463	805	6269.46
G4464	G4464	805	5284.4937
G4465	G4465	805	7909.0721
G4466	G4466	805	8969.7592
G4467	G4467	805	8342.917
G4468	G4468	805	6228.278
G4469	G4469	805	6507.7045
G4470	G4470	805	5668.2510999999995
G4471	G4471	805	6983.1773
G4472	G4472	805	6042.636699999999
G4473	G4473	805	8183.5535
G4474	G4474	805	6538.210000000001
G4475	G4475	805	7264.5234
G4476	G4476	805	6972.1134
G4477	G4477	805	6650.7203
G4478	G4478	805	6030.1341
G4479	G4479	805	7250.4681
G4480	G4480	805	7563.1926
G4481	G4481	805	8518.3935
G4482	G4482	805	7076.9056
G4483	G4483	805	7406.4545
G4484	G4484	805	6992.2416
G4485	G4485	805	6574.2731
G4486	G4486	805	7548.9547
G4487	G4487	805	6940.8537
G4488	G4488	805	6807.097099999999
G4489	G4489	805	7858.4071
G4490	G4490	805	6050.3604000000005
G4491	G4491	805	7835.0399
G4492	G4492	805	7426.831099999999
G4493	G4493	805	7272.9016
G4494	G4494	805	5674.1263
G4495	G4495	805	6652.8766000000005
G4496	G4496	805	8096.870999999999
G4497	G4497	805	7315.99
G4498	G4498	805	6278.0203
G4499	G4499	805	7426.6681
G4500	G4500	805	7466.7643
G4501	G4501	805	6697.501399999999
G4502	G4502	805	7274.121300000001
G4503	G4503	805	5889.179700000001
G4504	G4504	805	7730.120999999999
G4505	G4505	805	7191.8732
G4506	G4506	805	7000.6711
G4507	G4507	805	6416.8442000000005
G4508	G4508	805	6575.8189999999995
G4509	G4509	805	5290.4563
G4510	G4510	805	6314.2179
G4511	G4511	805	6973.5555
