	region_name	chr	start	end
chr1:0-1000	chr1:0-1000	chr1	0	1000
chr1:1000-2000	chr1:1000-2000	chr1	1000	2000
chr1:2000-3000	chr1:2000-3000	chr1	2000	3000
chr1:3000-4000	chr1:3000-4000	chr1	3000	4000
chr1:4000-5000	chr1:4000-5000	chr1	4000	5000
chr1:5000-6000	chr1:5000-6000	chr1	5000	6000
chr1:6000-7000	chr1:6000-7000	chr1	6000	7000
chr1:7000-8000	chr1:7000-8000	chr1	7000	8000
chr1:8000-9000	chr1:8000-9000	chr1	8000	9000
chr1:9000-10000	chr1:9000-10000	chr1	9000	10000
chr1:10000-11000	chr1:10000-11000	chr1	10000	11000
chr1:11000-12000	chr1:11000-12000	chr1	11000	12000
chr1:12000-13000	chr1:12000-13000	chr1	12000	13000
chr1:13000-14000	chr1:13000-14000	chr1	13000	14000
chr1:14000-15000	chr1:14000-15000	chr1	14000	15000
chr1:15000-16000	chr1:15000-16000	chr1	15000	16000
chr1:16000-17000	chr1:16000-17000	chr1	16000	17000
chr1:17000-18000	chr1:17000-18000	chr1	17000	18000
chr1:18000-19000	chr1:18000-19000	chr1	18000	19000
chr1:19000-20000	chr1:19000-20000	chr1	19000	20000
chr1:20000-21000	chr1:20000-21000	chr1	20000	21000
chr1:21000-22000	chr1:21000-22000	chr1	21000	22000
chr1:22000-23000	chr1:22000-23000	chr1	22000	23000
chr1:23000-24000	chr1:23000-24000	chr1	23000	24000
chr1:24000-25000	chr1:24000-25000	chr1	24000	25000
chr1:25000-26000	chr1:25000-26000	chr1	25000	26000
chr1:26000-27000	chr1:26000-27000	chr1	26000	27000
chr1:27000-28000	chr1:27000-28000	chr1	27000	28000
chr1:28000-29000	chr1:28000-29000	chr1	28000	29000
chr1:29000-30000	chr1:29000-30000	chr1	29000	30000
chr1:30000-31000	chr1:30000-31000	chr1	30000	31000
chr1:31000-32000	chr1:31000-32000	chr1	31000	32000
chr1:32000-33000	chr1:32000-33000	chr1	32000	33000
chr1:33000-34000	chr1:33000-34000	chr1	33000	34000
chr1:34000-35000	chr1:34000-35000	chr1	34000	35000
chr1:35000-36000	chr1:35000-36000	chr1	35000	36000
chr1:36000-37000	chr1:36000-37000	chr1	36000	37000
chr1:37000-38000	chr1:37000-38000	chr1	37000	38000
chr1:38000-39000	chr1:38000-39000	chr1	38000	39000
chr1:39000-40000	chr1:39000-40000	chr1	39000	40000
chr1:40000-41000	chr1:40000-41000	chr1	40000	41000
chr1:41000-42000	chr1:41000-42000	chr1	41000	42000
chr1:42000-43000	chr1:42000-43000	chr1	42000	43000
chr1:43000-44000	chr1:43000-44000	chr1	43000	44000
chr1:44000-45000	chr1:44000-45000	chr1	44000	45000
chr1:45000-46000	chr1:45000-46000	chr1	45000	46000
chr1:46000-47000	chr1:46000-47000	chr1	46000	47000
chr1:47000-48000	chr1:47000-48000	chr1	47000	48000
chr1:48000-49000	chr1:48000-49000	chr1	48000	49000
chr1:49000-50000	chr1:49000-50000	chr1	49000	50000
chr1:50000-51000	chr1:50000-51000	chr1	50000	51000
chr1:51000-52000	chr1:51000-52000	chr1	51000	52000
chr1:52000-53000	chr1:52000-53000	chr1	52000	53000
chr1:53000-54000	chr1:53000-54000	chr1	53000	54000
chr1:54000-55000	chr1:54000-55000	chr1	54000	55000
chr1:55000-56000	chr1:55000-56000	chr1	55000	56000
chr1:56000-57000	chr1:56000-57000	chr1	56000	57000
chr1:57000-58000	chr1:57000-58000	chr1	57000	58000
chr1:58000-59000	chr1:58000-59000	chr1	58000	59000
chr1:59000-60000	chr1:59000-60000	chr1	59000	60000
chr1:60000-61000	chr1:60000-61000	chr1	60000	61000
chr1:61000-62000	chr1:61000-62000	chr1	61000	62000
chr1:62000-63000	chr1:62000-63000	chr1	62000	63000
chr1:63000-64000	chr1:63000-64000	chr1	63000	64000
chr1:64000-65000	chr1:64000-65000	chr1	64000	65000
chr1:65000-66000	chr1:65000-66000	chr1	65000	66000
chr1:66000-67000	chr1:66000-67000	chr1	66000	67000
chr1:67000-68000	chr1:67000-68000	chr1	67000	68000
chr1:68000-69000	chr1:68000-69000	chr1	68000	69000
chr1:69000-70000	chr1:69000-70000	chr1	69000	70000
chr1:70000-71000	chr1:70000-71000	chr1	70000	71000
chr1:71000-72000	chr1:71000-72000	chr1	71000	72000
chr1:72000-73000	chr1:72000-73000	chr1	72000	73000
chr1:73000-74000	chr1:73000-74000	chr1	73000	74000
chr1:74000-75000	chr1:74000-75000	chr1	74000	75000
chr1:75000-76000	chr1:75000-76000	chr1	75000	76000
chr1:76000-77000	chr1:76000-77000	chr1	76000	77000
chr1:77000-78000	chr1:77000-78000	chr1	77000	78000
chr1:78000-79000	chr1:78000-79000	chr1	78000	79000
chr1:79000-80000	chr1:79000-80000	chr1	79000	80000
chr1:80000-81000	chr1:80000-81000	chr1	80000	81000
chr1:81000-82000	chr1:81000-82000	chr1	81000	82000
chr1:82000-83000	chr1:82000-83000	chr1	82000	83000
chr1:83000-84000	chr1:83000-84000	chr1	83000	84000
chr1:84000-85000	chr1:84000-85000	chr1	84000	85000
chr1:85000-86000	chr1:85000-86000	chr1	85000	86000
chr1:86000-87000	chr1:86000-87000	chr1	86000	87000
chr1:87000-88000	chr1:87000-88000	chr1	87000	88000
chr1:88000-89000	chr1:88000-89000	chr1	88000	89000
chr1:89000-90000	chr1:89000-90000	chr1	89000	90000
chr1:90000-91000	chr1:90000-91000	chr1	90000	91000
chr1:91000-92000	chr1:91000-92000	chr1	91000	92000
chr1:92000-93000	chr1:92000-93000	chr1	92000	93000
chr1:93000-94000	chr1:93000-94000	chr1	93000	94000
chr1:94000-95000	chr1:94000-95000	chr1	94000	95000
chr1:95000-96000	chr1:95000-96000	chr1	95000	96000
chr1:96000-97000	chr1:96000-97000	chr1	96000	97000
chr1:97000-98000	chr1:97000-98000	chr1	97000	98000
chr1:98000-99000	chr1:98000-99000	chr1	98000	99000
chr1:99000-100000	chr1:99000-100000	chr1	99000	100000
chr1:100000-101000	chr1:100000-101000	chr1	100000	101000
chr1:101000-102000	chr1:101000-102000	chr1	101000	102000
chr1:102000-103000	chr1:102000-103000	chr1	102000	103000
chr1:103000-104000	chr1:103000-104000	chr1	103000	104000
chr1:104000-105000	chr1:104000-105000	chr1	104000	105000
chr1:105000-106000	chr1:105000-106000	chr1	105000	106000
chr1:106000-107000	chr1:106000-107000	chr1	106000	107000
chr1:107000-108000	chr1:107000-108000	chr1	107000	108000
chr1:108000-109000	chr1:108000-109000	chr1	108000	109000
chr1:109000-110000	chr1:109000-110000	chr1	109000	110000
chr1:110000-111000	chr1:110000-111000	chr1	110000	111000
chr1:111000-112000	chr1:111000-112000	chr1	111000	112000
chr1:112000-113000	chr1:112000-113000	chr1	112000	113000
chr1:113000-114000	chr1:113000-114000	chr1	113000	114000
chr1:114000-115000	chr1:114000-115000	chr1	114000	115000
chr1:115000-116000	chr1:115000-116000	chr1	115000	116000
chr1:116000-117000	chr1:116000-117000	chr1	116000	117000
chr1:117000-118000	chr1:117000-118000	chr1	117000	118000
chr1:118000-119000	chr1:118000-119000	chr1	118000	119000
chr1:119000-120000	chr1:119000-120000	chr1	119000	120000
chr1:120000-121000	chr1:120000-121000	chr1	120000	121000
chr1:121000-122000	chr1:121000-122000	chr1	121000	122000
chr1:122000-123000	chr1:122000-123000	chr1	122000	123000
chr1:123000-124000	chr1:123000-124000	chr1	123000	124000
chr1:124000-125000	chr1:124000-125000	chr1	124000	125000
chr1:125000-126000	chr1:125000-126000	chr1	125000	126000
chr1:126000-127000	chr1:126000-127000	chr1	126000	127000
chr1:127000-128000	chr1:127000-128000	chr1	127000	128000
chr1:128000-129000	chr1:128000-129000	chr1	128000	129000
chr1:129000-130000	chr1:129000-130000	chr1	129000	130000
chr1:130000-131000	chr1:130000-131000	chr1	130000	131000
chr1:131000-132000	chr1:131000-132000	chr1	131000	132000
chr1:132000-133000	chr1:132000-133000	chr1	132000	133000
chr1:133000-134000	chr1:133000-134000	chr1	133000	134000
chr1:134000-135000	chr1:134000-135000	chr1	134000	135000
chr1:135000-136000	chr1:135000-136000	chr1	135000	136000
chr1:136000-137000	chr1:136000-137000	chr1	136000	137000
chr1:137000-138000	chr1:137000-138000	chr1	137000	138000
chr1:138000-139000	chr1:138000-139000	chr1	138000	139000
chr1:139000-140000	chr1:139000-140000	chr1	139000	140000
chr1:140000-141000	chr1:140000-141000	chr1	140000	141000
chr1:141000-142000	chr1:141000-142000	chr1	141000	142000
chr1:142000-143000	chr1:142000-143000	chr1	142000	143000
chr1:143000-144000	chr1:143000-144000	chr1	143000	144000
chr1:144000-145000	chr1:144000-145000	chr1	144000	145000
chr1:145000-146000	chr1:145000-146000	chr1	145000	146000
chr1:146000-147000	chr1:146000-147000	chr1	146000	147000
chr1:147000-148000	chr1:147000-148000	chr1	147000	148000
chr1:148000-149000	chr1:148000-149000	chr1	148000	149000
chr1:149000-150000	chr1:149000-150000	chr1	149000	150000
chr1:150000-151000	chr1:150000-151000	chr1	150000	151000
chr1:151000-152000	chr1:151000-152000	chr1	151000	152000
chr1:152000-153000	chr1:152000-153000	chr1	152000	153000
chr1:153000-154000	chr1:153000-154000	chr1	153000	154000
chr1:154000-155000	chr1:154000-155000	chr1	154000	155000
chr1:155000-156000	chr1:155000-156000	chr1	155000	156000
chr1:156000-157000	chr1:156000-157000	chr1	156000	157000
chr1:157000-158000	chr1:157000-158000	chr1	157000	158000
chr1:158000-159000	chr1:158000-159000	chr1	158000	159000
chr1:159000-160000	chr1:159000-160000	chr1	159000	160000
chr1:160000-161000	chr1:160000-161000	chr1	160000	161000
chr1:161000-162000	chr1:161000-162000	chr1	161000	162000
chr1:162000-163000	chr1:162000-163000	chr1	162000	163000
chr1:163000-164000	chr1:163000-164000	chr1	163000	164000
chr1:164000-165000	chr1:164000-165000	chr1	164000	165000
chr1:165000-166000	chr1:165000-166000	chr1	165000	166000
chr1:166000-167000	chr1:166000-167000	chr1	166000	167000
chr1:167000-168000	chr1:167000-168000	chr1	167000	168000
chr1:168000-169000	chr1:168000-169000	chr1	168000	169000
chr1:169000-170000	chr1:169000-170000	chr1	169000	170000
chr1:170000-171000	chr1:170000-171000	chr1	170000	171000
chr1:171000-172000	chr1:171000-172000	chr1	171000	172000
chr1:172000-173000	chr1:172000-173000	chr1	172000	173000
chr1:173000-174000	chr1:173000-174000	chr1	173000	174000
chr1:174000-175000	chr1:174000-175000	chr1	174000	175000
chr1:175000-176000	chr1:175000-176000	chr1	175000	176000
chr1:176000-177000	chr1:176000-177000	chr1	176000	177000
chr1:177000-178000	chr1:177000-178000	chr1	177000	178000
chr1:178000-179000	chr1:178000-179000	chr1	178000	179000
chr1:179000-180000	chr1:179000-180000	chr1	179000	180000
chr1:180000-181000	chr1:180000-181000	chr1	180000	181000
chr1:181000-182000	chr1:181000-182000	chr1	181000	182000
chr1:182000-183000	chr1:182000-183000	chr1	182000	183000
chr1:183000-184000	chr1:183000-184000	chr1	183000	184000
chr1:184000-185000	chr1:184000-185000	chr1	184000	185000
chr1:185000-186000	chr1:185000-186000	chr1	185000	186000
chr1:186000-187000	chr1:186000-187000	chr1	186000	187000
chr1:187000-188000	chr1:187000-188000	chr1	187000	188000
chr1:188000-189000	chr1:188000-189000	chr1	188000	189000
chr1:189000-190000	chr1:189000-190000	chr1	189000	190000
chr1:190000-191000	chr1:190000-191000	chr1	190000	191000
chr1:191000-192000	chr1:191000-192000	chr1	191000	192000
chr1:192000-193000	chr1:192000-193000	chr1	192000	193000
chr1:193000-194000	chr1:193000-194000	chr1	193000	194000
chr1:194000-195000	chr1:194000-195000	chr1	194000	195000
chr1:195000-196000	chr1:195000-196000	chr1	195000	196000
chr1:196000-197000	chr1:196000-197000	chr1	196000	197000
chr1:197000-198000	chr1:197000-198000	chr1	197000	198000
chr1:198000-199000	chr1:198000-199000	chr1	198000	199000
chr1:199000-200000	chr1:199000-200000	chr1	199000	200000
chr1:200000-201000	chr1:200000-201000	chr1	200000	201000
chr1:201000-202000	chr1:201000-202000	chr1	201000	202000
chr1:202000-203000	chr1:202000-203000	chr1	202000	203000
chr1:203000-204000	chr1:203000-204000	chr1	203000	204000
chr1:204000-205000	chr1:204000-205000	chr1	204000	205000
chr1:205000-206000	chr1:205000-206000	chr1	205000	206000
chr1:206000-207000	chr1:206000-207000	chr1	206000	207000
chr1:207000-208000	chr1:207000-208000	chr1	207000	208000
chr1:208000-209000	chr1:208000-209000	chr1	208000	209000
chr1:209000-210000	chr1:209000-210000	chr1	209000	210000
chr1:210000-211000	chr1:210000-211000	chr1	210000	211000
chr1:211000-212000	chr1:211000-212000	chr1	211000	212000
chr1:212000-213000	chr1:212000-213000	chr1	212000	213000
chr1:213000-214000	chr1:213000-214000	chr1	213000	214000
chr1:214000-215000	chr1:214000-215000	chr1	214000	215000
chr1:215000-216000	chr1:215000-216000	chr1	215000	216000
chr1:216000-217000	chr1:216000-217000	chr1	216000	217000
chr1:217000-218000	chr1:217000-218000	chr1	217000	218000
chr1:218000-219000	chr1:218000-219000	chr1	218000	219000
chr1:219000-220000	chr1:219000-220000	chr1	219000	220000
chr1:220000-221000	chr1:220000-221000	chr1	220000	221000
chr1:221000-222000	chr1:221000-222000	chr1	221000	222000
chr1:222000-223000	chr1:222000-223000	chr1	222000	223000
chr1:223000-224000	chr1:223000-224000	chr1	223000	224000
chr1:224000-225000	chr1:224000-225000	chr1	224000	225000
chr1:225000-226000	chr1:225000-226000	chr1	225000	226000
chr1:226000-227000	chr1:226000-227000	chr1	226000	227000
chr1:227000-228000	chr1:227000-228000	chr1	227000	228000
chr1:228000-229000	chr1:228000-229000	chr1	228000	229000
chr1:229000-230000	chr1:229000-230000	chr1	229000	230000
chr1:230000-231000	chr1:230000-231000	chr1	230000	231000
chr1:231000-232000	chr1:231000-232000	chr1	231000	232000
chr1:232000-233000	chr1:232000-233000	chr1	232000	233000
chr1:233000-234000	chr1:233000-234000	chr1	233000	234000
chr1:234000-235000	chr1:234000-235000	chr1	234000	235000
chr1:235000-236000	chr1:235000-236000	chr1	235000	236000
chr1:236000-237000	chr1:236000-237000	chr1	236000	237000
chr1:237000-238000	chr1:237000-238000	chr1	237000	238000
chr1:238000-239000	chr1:238000-239000	chr1	238000	239000
chr1:239000-240000	chr1:239000-240000	chr1	239000	240000
chr1:240000-241000	chr1:240000-241000	chr1	240000	241000
chr1:241000-242000	chr1:241000-242000	chr1	241000	242000
chr1:242000-243000	chr1:242000-243000	chr1	242000	243000
chr1:243000-244000	chr1:243000-244000	chr1	243000	244000
chr1:244000-245000	chr1:244000-245000	chr1	244000	245000
chr1:245000-246000	chr1:245000-246000	chr1	245000	246000
chr1:246000-247000	chr1:246000-247000	chr1	246000	247000
chr1:247000-248000	chr1:247000-248000	chr1	247000	248000
chr1:248000-249000	chr1:248000-249000	chr1	248000	249000
chr1:249000-250000	chr1:249000-250000	chr1	249000	250000
chr1:250000-251000	chr1:250000-251000	chr1	250000	251000
chr1:251000-252000	chr1:251000-252000	chr1	251000	252000
chr1:252000-253000	chr1:252000-253000	chr1	252000	253000
chr1:253000-254000	chr1:253000-254000	chr1	253000	254000
chr1:254000-255000	chr1:254000-255000	chr1	254000	255000
chr1:255000-256000	chr1:255000-256000	chr1	255000	256000
chr1:256000-257000	chr1:256000-257000	chr1	256000	257000
chr1:257000-258000	chr1:257000-258000	chr1	257000	258000
chr1:258000-259000	chr1:258000-259000	chr1	258000	259000
chr1:259000-260000	chr1:259000-260000	chr1	259000	260000
chr1:260000-261000	chr1:260000-261000	chr1	260000	261000
chr1:261000-262000	chr1:261000-262000	chr1	261000	262000
chr1:262000-263000	chr1:262000-263000	chr1	262000	263000
chr1:263000-264000	chr1:263000-264000	chr1	263000	264000
chr1:264000-265000	chr1:264000-265000	chr1	264000	265000
chr1:265000-266000	chr1:265000-266000	chr1	265000	266000
chr1:266000-267000	chr1:266000-267000	chr1	266000	267000
chr1:267000-268000	chr1:267000-268000	chr1	267000	268000
chr1:268000-269000	chr1:268000-269000	chr1	268000	269000
chr1:269000-270000	chr1:269000-270000	chr1	269000	270000
chr1:270000-271000	chr1:270000-271000	chr1	270000	271000
chr1:271000-272000	chr1:271000-272000	chr1	271000	272000
chr1:272000-273000	chr1:272000-273000	chr1	272000	273000
chr1:273000-274000	chr1:273000-274000	chr1	273000	274000
chr1:274000-275000	chr1:274000-275000	chr1	274000	275000
chr1:275000-276000	chr1:275000-276000	chr1	275000	276000
chr1:276000-277000	chr1:276000-277000	chr1	276000	277000
chr1:277000-278000	chr1:277000-278000	chr1	277000	278000
chr1:278000-279000	chr1:278000-279000	chr1	278000	279000
chr1:279000-280000	chr1:279000-280000	chr1	279000	280000
chr1:280000-281000	chr1:280000-281000	chr1	280000	281000
chr1:281000-282000	chr1:281000-282000	chr1	281000	282000
chr1:282000-283000	chr1:282000-283000	chr1	282000	283000
chr1:283000-284000	chr1:283000-284000	chr1	283000	284000
chr1:284000-285000	chr1:284000-285000	chr1	284000	285000
chr1:285000-286000	chr1:285000-286000	chr1	285000	286000
chr1:286000-287000	chr1:286000-287000	chr1	286000	287000
chr1:287000-288000	chr1:287000-288000	chr1	287000	288000
chr1:288000-289000	chr1:288000-289000	chr1	288000	289000
chr1:289000-290000	chr1:289000-290000	chr1	289000	290000
chr1:290000-291000	chr1:290000-291000	chr1	290000	291000
chr1:291000-292000	chr1:291000-292000	chr1	291000	292000
chr1:292000-293000	chr1:292000-293000	chr1	292000	293000
chr1:293000-294000	chr1:293000-294000	chr1	293000	294000
chr1:294000-295000	chr1:294000-295000	chr1	294000	295000
chr1:295000-296000	chr1:295000-296000	chr1	295000	296000
chr1:296000-297000	chr1:296000-297000	chr1	296000	297000
chr1:297000-298000	chr1:297000-298000	chr1	297000	298000
chr1:298000-299000	chr1:298000-299000	chr1	298000	299000
chr1:299000-300000	chr1:299000-300000	chr1	299000	300000
chr1:300000-301000	chr1:300000-301000	chr1	300000	301000
chr1:301000-302000	chr1:301000-302000	chr1	301000	302000
chr1:302000-303000	chr1:302000-303000	chr1	302000	303000
chr1:303000-304000	chr1:303000-304000	chr1	303000	304000
chr1:304000-305000	chr1:304000-305000	chr1	304000	305000
chr1:305000-306000	chr1:305000-306000	chr1	305000	306000
chr1:306000-307000	chr1:306000-307000	chr1	306000	307000
chr1:307000-308000	chr1:307000-308000	chr1	307000	308000
chr1:308000-309000	chr1:308000-309000	chr1	308000	309000
chr1:309000-310000	chr1:309000-310000	chr1	309000	310000
chr1:310000-311000	chr1:310000-311000	chr1	310000	311000
chr1:311000-312000	chr1:311000-312000	chr1	311000	312000
chr1:312000-313000	chr1:312000-313000	chr1	312000	313000
chr1:313000-314000	chr1:313000-314000	chr1	313000	314000
chr1:314000-315000	chr1:314000-315000	chr1	314000	315000
chr1:315000-316000	chr1:315000-316000	chr1	315000	316000
chr1:316000-317000	chr1:316000-317000	chr1	316000	317000
chr1:317000-318000	chr1:317000-318000	chr1	317000	318000
chr1:318000-319000	chr1:318000-319000	chr1	318000	319000
chr1:319000-320000	chr1:319000-320000	chr1	319000	320000
chr1:320000-321000	chr1:320000-321000	chr1	320000	321000
chr1:321000-322000	chr1:321000-322000	chr1	321000	322000
chr1:322000-323000	chr1:322000-323000	chr1	322000	323000
chr1:323000-324000	chr1:323000-324000	chr1	323000	324000
chr1:324000-325000	chr1:324000-325000	chr1	324000	325000
chr1:325000-326000	chr1:325000-326000	chr1	325000	326000
chr1:326000-327000	chr1:326000-327000	chr1	326000	327000
chr1:327000-328000	chr1:327000-328000	chr1	327000	328000
chr1:328000-329000	chr1:328000-329000	chr1	328000	329000
chr1:329000-330000	chr1:329000-330000	chr1	329000	330000
chr1:330000-331000	chr1:330000-331000	chr1	330000	331000
chr1:331000-332000	chr1:331000-332000	chr1	331000	332000
chr1:332000-333000	chr1:332000-333000	chr1	332000	333000
chr1:333000-334000	chr1:333000-334000	chr1	333000	334000
chr1:334000-335000	chr1:334000-335000	chr1	334000	335000
chr1:335000-336000	chr1:335000-336000	chr1	335000	336000
chr1:336000-337000	chr1:336000-337000	chr1	336000	337000
chr1:337000-338000	chr1:337000-338000	chr1	337000	338000
chr1:338000-339000	chr1:338000-339000	chr1	338000	339000
chr1:339000-340000	chr1:339000-340000	chr1	339000	340000
chr1:340000-341000	chr1:340000-341000	chr1	340000	341000
chr1:341000-342000	chr1:341000-342000	chr1	341000	342000
chr1:342000-343000	chr1:342000-343000	chr1	342000	343000
chr1:343000-344000	chr1:343000-344000	chr1	343000	344000
chr1:344000-345000	chr1:344000-345000	chr1	344000	345000
chr1:345000-346000	chr1:345000-346000	chr1	345000	346000
chr1:346000-347000	chr1:346000-347000	chr1	346000	347000
chr1:347000-348000	chr1:347000-348000	chr1	347000	348000
chr1:348000-349000	chr1:348000-349000	chr1	348000	349000
chr1:349000-350000	chr1:349000-350000	chr1	349000	350000
chr1:350000-351000	chr1:350000-351000	chr1	350000	351000
chr1:351000-352000	chr1:351000-352000	chr1	351000	352000
chr1:352000-353000	chr1:352000-353000	chr1	352000	353000
chr1:353000-354000	chr1:353000-354000	chr1	353000	354000
chr1:354000-355000	chr1:354000-355000	chr1	354000	355000
chr1:355000-356000	chr1:355000-356000	chr1	355000	356000
chr1:356000-357000	chr1:356000-357000	chr1	356000	357000
chr1:357000-358000	chr1:357000-358000	chr1	357000	358000
chr1:358000-359000	chr1:358000-359000	chr1	358000	359000
chr1:359000-360000	chr1:359000-360000	chr1	359000	360000
chr1:360000-361000	chr1:360000-361000	chr1	360000	361000
chr1:361000-362000	chr1:361000-362000	chr1	361000	362000
chr1:362000-363000	chr1:362000-363000	chr1	362000	363000
chr1:363000-364000	chr1:363000-364000	chr1	363000	364000
chr1:364000-365000	chr1:364000-365000	chr1	364000	365000
chr1:365000-366000	chr1:365000-366000	chr1	365000	366000
chr1:366000-367000	chr1:366000-367000	chr1	366000	367000
chr1:367000-368000	chr1:367000-368000	chr1	367000	368000
chr1:368000-369000	chr1:368000-369000	chr1	368000	369000
chr1:369000-370000	chr1:369000-370000	chr1	369000	370000
chr1:370000-371000	chr1:370000-371000	chr1	370000	371000
chr1:371000-372000	chr1:371000-372000	chr1	371000	372000
chr1:372000-373000	chr1:372000-373000	chr1	372000	373000
chr1:373000-374000	chr1:373000-374000	chr1	373000	374000
chr1:374000-375000	chr1:374000-375000	chr1	374000	375000
chr1:375000-376000	chr1:375000-376000	chr1	375000	376000
chr1:376000-377000	chr1:376000-377000	chr1	376000	377000
chr1:377000-378000	chr1:377000-378000	chr1	377000	378000
chr1:378000-379000	chr1:378000-379000	chr1	378000	379000
chr1:379000-380000	chr1:379000-380000	chr1	379000	380000
chr1:380000-381000	chr1:380000-381000	chr1	380000	381000
chr1:381000-382000	chr1:381000-382000	chr1	381000	382000
chr1:382000-383000	chr1:382000-383000	chr1	382000	383000
chr1:383000-384000	chr1:383000-384000	chr1	383000	384000
chr1:384000-385000	chr1:384000-385000	chr1	384000	385000
chr1:385000-386000	chr1:385000-386000	chr1	385000	386000
chr1:386000-387000	chr1:386000-387000	chr1	386000	387000
chr1:387000-388000	chr1:387000-388000	chr1	387000	388000
chr1:388000-389000	chr1:388000-389000	chr1	388000	389000
chr1:389000-390000	chr1:389000-390000	chr1	389000	390000
chr1:390000-391000	chr1:390000-391000	chr1	390000	391000
chr1:391000-392000	chr1:391000-392000	chr1	391000	392000
chr1:392000-393000	chr1:392000-393000	chr1	392000	393000
chr1:393000-394000	chr1:393000-394000	chr1	393000	394000
chr1:394000-395000	chr1:394000-395000	chr1	394000	395000
chr1:395000-396000	chr1:395000-396000	chr1	395000	396000
chr1:396000-397000	chr1:396000-397000	chr1	396000	397000
chr1:397000-398000	chr1:397000-398000	chr1	397000	398000
chr1:398000-399000	chr1:398000-399000	chr1	398000	399000
chr1:399000-400000	chr1:399000-400000	chr1	399000	400000
chr1:400000-401000	chr1:400000-401000	chr1	400000	401000
chr1:401000-402000	chr1:401000-402000	chr1	401000	402000
chr1:402000-403000	chr1:402000-403000	chr1	402000	403000
chr1:403000-404000	chr1:403000-404000	chr1	403000	404000
chr1:404000-405000	chr1:404000-405000	chr1	404000	405000
chr1:405000-406000	chr1:405000-406000	chr1	405000	406000
chr1:406000-407000	chr1:406000-407000	chr1	406000	407000
chr1:407000-408000	chr1:407000-408000	chr1	407000	408000
chr1:408000-409000	chr1:408000-409000	chr1	408000	409000
chr1:409000-410000	chr1:409000-410000	chr1	409000	410000
chr1:410000-411000	chr1:410000-411000	chr1	410000	411000
chr1:411000-412000	chr1:411000-412000	chr1	411000	412000
chr1:412000-413000	chr1:412000-413000	chr1	412000	413000
chr1:413000-414000	chr1:413000-414000	chr1	413000	414000
chr1:414000-415000	chr1:414000-415000	chr1	414000	415000
chr1:415000-416000	chr1:415000-416000	chr1	415000	416000
chr1:416000-417000	chr1:416000-417000	chr1	416000	417000
chr1:417000-418000	chr1:417000-418000	chr1	417000	418000
chr1:418000-419000	chr1:418000-419000	chr1	418000	419000
chr1:419000-420000	chr1:419000-420000	chr1	419000	420000
chr1:420000-421000	chr1:420000-421000	chr1	420000	421000
chr1:421000-422000	chr1:421000-422000	chr1	421000	422000
chr1:422000-423000	chr1:422000-423000	chr1	422000	423000
chr1:423000-424000	chr1:423000-424000	chr1	423000	424000
chr1:424000-425000	chr1:424000-425000	chr1	424000	425000
chr1:425000-426000	chr1:425000-426000	chr1	425000	426000
chr1:426000-427000	chr1:426000-427000	chr1	426000	427000
chr1:427000-428000	chr1:427000-428000	chr1	427000	428000
chr1:428000-429000	chr1:428000-429000	chr1	428000	429000
chr1:429000-430000	chr1:429000-430000	chr1	429000	430000
chr1:430000-431000	chr1:430000-431000	chr1	430000	431000
chr1:431000-432000	chr1:431000-432000	chr1	431000	432000
chr1:432000-433000	chr1:432000-433000	chr1	432000	433000
chr1:433000-434000	chr1:433000-434000	chr1	433000	434000
chr1:434000-435000	chr1:434000-435000	chr1	434000	435000
chr1:435000-436000	chr1:435000-436000	chr1	435000	436000
chr1:436000-437000	chr1:436000-437000	chr1	436000	437000
chr1:437000-438000	chr1:437000-438000	chr1	437000	438000
chr1:438000-439000	chr1:438000-439000	chr1	438000	439000
chr1:439000-440000	chr1:439000-440000	chr1	439000	440000
chr1:440000-441000	chr1:440000-441000	chr1	440000	441000
chr1:441000-442000	chr1:441000-442000	chr1	441000	442000
chr1:442000-443000	chr1:442000-443000	chr1	442000	443000
chr1:443000-444000	chr1:443000-444000	chr1	443000	444000
chr1:444000-445000	chr1:444000-445000	chr1	444000	445000
chr1:445000-446000	chr1:445000-446000	chr1	445000	446000
chr1:446000-447000	chr1:446000-447000	chr1	446000	447000
chr1:447000-448000	chr1:447000-448000	chr1	447000	448000
chr1:448000-449000	chr1:448000-449000	chr1	448000	449000
chr1:449000-450000	chr1:449000-450000	chr1	449000	450000
chr1:450000-451000	chr1:450000-451000	chr1	450000	451000
chr1:451000-452000	chr1:451000-452000	chr1	451000	452000
chr1:452000-453000	chr1:452000-453000	chr1	452000	453000
chr1:453000-454000	chr1:453000-454000	chr1	453000	454000
chr1:454000-455000	chr1:454000-455000	chr1	454000	455000
chr1:455000-456000	chr1:455000-456000	chr1	455000	456000
chr1:456000-457000	chr1:456000-457000	chr1	456000	457000
chr1:457000-458000	chr1:457000-458000	chr1	457000	458000
chr1:458000-459000	chr1:458000-459000	chr1	458000	459000
chr1:459000-460000	chr1:459000-460000	chr1	459000	460000
chr1:460000-461000	chr1:460000-461000	chr1	460000	461000
chr1:461000-462000	chr1:461000-462000	chr1	461000	462000
chr1:462000-463000	chr1:462000-463000	chr1	462000	463000
chr1:463000-464000	chr1:463000-464000	chr1	463000	464000
chr1:464000-465000	chr1:464000-465000	chr1	464000	465000
chr1:465000-466000	chr1:465000-466000	chr1	465000	466000
chr1:466000-467000	chr1:466000-467000	chr1	466000	467000
chr1:467000-468000	chr1:467000-468000	chr1	467000	468000
chr1:468000-469000	chr1:468000-469000	chr1	468000	469000
chr1:469000-470000	chr1:469000-470000	chr1	469000	470000
chr1:470000-471000	chr1:470000-471000	chr1	470000	471000
chr1:471000-472000	chr1:471000-472000	chr1	471000	472000
chr1:472000-473000	chr1:472000-473000	chr1	472000	473000
chr1:473000-474000	chr1:473000-474000	chr1	473000	474000
chr1:474000-475000	chr1:474000-475000	chr1	474000	475000
chr1:475000-476000	chr1:475000-476000	chr1	475000	476000
chr1:476000-477000	chr1:476000-477000	chr1	476000	477000
chr1:477000-478000	chr1:477000-478000	chr1	477000	478000
chr1:478000-479000	chr1:478000-479000	chr1	478000	479000
chr1:479000-480000	chr1:479000-480000	chr1	479000	480000
chr1:480000-481000	chr1:480000-481000	chr1	480000	481000
chr1:481000-482000	chr1:481000-482000	chr1	481000	482000
chr1:482000-483000	chr1:482000-483000	chr1	482000	483000
chr1:483000-484000	chr1:483000-484000	chr1	483000	484000
chr1:484000-485000	chr1:484000-485000	chr1	484000	485000
chr1:485000-486000	chr1:485000-486000	chr1	485000	486000
chr1:486000-487000	chr1:486000-487000	chr1	486000	487000
chr1:487000-488000	chr1:487000-488000	chr1	487000	488000
chr1:488000-489000	chr1:488000-489000	chr1	488000	489000
chr1:489000-490000	chr1:489000-490000	chr1	489000	490000
chr1:490000-491000	chr1:490000-491000	chr1	490000	491000
chr1:491000-492000	chr1:491000-492000	chr1	491000	492000
chr1:492000-493000	chr1:492000-493000	chr1	492000	493000
chr1:493000-494000	chr1:493000-494000	chr1	493000	494000
chr1:494000-495000	chr1:494000-495000	chr1	494000	495000
chr1:495000-496000	chr1:495000-496000	chr1	495000	496000
chr1:496000-497000	chr1:496000-497000	chr1	496000	497000
chr1:497000-498000	chr1:497000-498000	chr1	497000	498000
chr1:498000-499000	chr1:498000-499000	chr1	498000	499000
chr1:499000-500000	chr1:499000-500000	chr1	499000	500000
chr2:0-1000	chr2:0-1000	chr2	0	1000
chr2:1000-2000	chr2:1000-2000	chr2	1000	2000
chr2:2000-3000	chr2:2000-3000	chr2	2000	3000
chr2:3000-4000	chr2:3000-4000	chr2	3000	4000
chr2:4000-5000	chr2:4000-5000	chr2	4000	5000
chr2:5000-6000	chr2:5000-6000	chr2	5000	6000
chr2:6000-7000	chr2:6000-7000	chr2	6000	7000
chr2:7000-8000	chr2:7000-8000	chr2	7000	8000
chr2:8000-9000	chr2:8000-9000	chr2	8000	9000
chr2:9000-10000	chr2:9000-10000	chr2	9000	10000
chr2:10000-11000	chr2:10000-11000	chr2	10000	11000
chr2:11000-12000	chr2:11000-12000	chr2	11000	12000
chr2:12000-13000	chr2:12000-13000	chr2	12000	13000
chr2:13000-14000	chr2:13000-14000	chr2	13000	14000
chr2:14000-15000	chr2:14000-15000	chr2	14000	15000
chr2:15000-16000	chr2:15000-16000	chr2	15000	16000
chr2:16000-17000	chr2:16000-17000	chr2	16000	17000
chr2:17000-18000	chr2:17000-18000	chr2	17000	18000
chr2:18000-19000	chr2:18000-19000	chr2	18000	19000
chr2:19000-20000	chr2:19000-20000	chr2	19000	20000
chr2:20000-21000	chr2:20000-21000	chr2	20000	21000
chr2:21000-22000	chr2:21000-22000	chr2	21000	22000
chr2:22000-23000	chr2:22000-23000	chr2	22000	23000
chr2:23000-24000	chr2:23000-24000	chr2	23000	24000
chr2:24000-25000	chr2:24000-25000	chr2	24000	25000
chr2:25000-26000	chr2:25000-26000	chr2	25000	26000
chr2:26000-27000	chr2:26000-27000	chr2	26000	27000
chr2:27000-28000	chr2:27000-28000	chr2	27000	28000
chr2:28000-29000	chr2:28000-29000	chr2	28000	29000
chr2:29000-30000	chr2:29000-30000	chr2	29000	30000
chr2:30000-31000	chr2:30000-31000	chr2	30000	31000
chr2:31000-32000	chr2:31000-32000	chr2	31000	32000
chr2:32000-33000	chr2:32000-33000	chr2	32000	33000
chr2:33000-34000	chr2:33000-34000	chr2	33000	34000
chr2:34000-35000	chr2:34000-35000	chr2	34000	35000
chr2:35000-36000	chr2:35000-36000	chr2	35000	36000
chr2:36000-37000	chr2:36000-37000	chr2	36000	37000
chr2:37000-38000	chr2:37000-38000	chr2	37000	38000
chr2:38000-39000	chr2:38000-39000	chr2	38000	39000
chr2:39000-40000	chr2:39000-40000	chr2	39000	40000
chr2:40000-41000	chr2:40000-41000	chr2	40000	41000
chr2:41000-42000	chr2:41000-42000	chr2	41000	42000
chr2:42000-43000	chr2:42000-43000	chr2	42000	43000
chr2:43000-44000	chr2:43000-44000	chr2	43000	44000
chr2:44000-45000	chr2:44000-45000	chr2	44000	45000
chr2:45000-46000	chr2:45000-46000	chr2	45000	46000
chr2:46000-47000	chr2:46000-47000	chr2	46000	47000
chr2:47000-48000	chr2:47000-48000	chr2	47000	48000
chr2:48000-49000	chr2:48000-49000	chr2	48000	49000
chr2:49000-50000	chr2:49000-50000	chr2	49000	50000
chr2:50000-51000	chr2:50000-51000	chr2	50000	51000
chr2:51000-52000	chr2:51000-52000	chr2	51000	52000
chr2:52000-53000	chr2:52000-53000	chr2	52000	53000
chr2:53000-54000	chr2:53000-54000	chr2	53000	54000
chr2:54000-55000	chr2:54000-55000	chr2	54000	55000
chr2:55000-56000	chr2:55000-56000	chr2	55000	56000
chr2:56000-57000	chr2:56000-57000	chr2	56000	57000
chr2:57000-58000	chr2:57000-58000	chr2	57000	58000
chr2:58000-59000	chr2:58000-59000	chr2	58000	59000
chr2:59000-60000	chr2:59000-60000	chr2	59000	60000
chr2:60000-61000	chr2:60000-61000	chr2	60000	61000
chr2:61000-62000	chr2:61000-62000	chr2	61000	62000
chr2:62000-63000	chr2:62000-63000	chr2	62000	63000
chr2:63000-64000	chr2:63000-64000	chr2	63000	64000
chr2:64000-65000	chr2:64000-65000	chr2	64000	65000
chr2:65000-66000	chr2:65000-66000	chr2	65000	66000
chr2:66000-67000	chr2:66000-67000	chr2	66000	67000
chr2:67000-68000	chr2:67000-68000	chr2	67000	68000
chr2:68000-69000	chr2:68000-69000	chr2	68000	69000
chr2:69000-70000	chr2:69000-70000	chr2	69000	70000
chr2:70000-71000	chr2:70000-71000	chr2	70000	71000
chr2:71000-72000	chr2:71000-72000	chr2	71000	72000
chr2:72000-73000	chr2:72000-73000	chr2	72000	73000
chr2:73000-74000	chr2:73000-74000	chr2	73000	74000
chr2:74000-75000	chr2:74000-75000	chr2	74000	75000
chr2:75000-76000	chr2:75000-76000	chr2	75000	76000
chr2:76000-77000	chr2:76000-77000	chr2	76000	77000
chr2:77000-78000	chr2:77000-78000	chr2	77000	78000
chr2:78000-79000	chr2:78000-79000	chr2	78000	79000
chr2:79000-80000	chr2:79000-80000	chr2	79000	80000
chr2:80000-81000	chr2:80000-81000	chr2	80000	81000
chr2:81000-82000	chr2:81000-82000	chr2	81000	82000
chr2:82000-83000	chr2:82000-83000	chr2	82000	83000
chr2:83000-84000	chr2:83000-84000	chr2	83000	84000
chr2:84000-85000	chr2:84000-85000	chr2	84000	85000
chr2:85000-86000	chr2:85000-86000	chr2	85000	86000
chr2:86000-87000	chr2:86000-87000	chr2	86000	87000
chr2:87000-88000	chr2:87000-88000	chr2	87000	88000
chr2:88000-89000	chr2:88000-89000	chr2	88000	89000
chr2:89000-90000	chr2:89000-90000	chr2	89000	90000
chr2:90000-91000	chr2:90000-91000	chr2	90000	91000
chr2:91000-92000	chr2:91000-92000	chr2	91000	92000
chr2:92000-93000	chr2:92000-93000	chr2	92000	93000
chr2:93000-94000	chr2:93000-94000	chr2	93000	94000
chr2:94000-95000	chr2:94000-95000	chr2	94000	95000
chr2:95000-96000	chr2:95000-96000	chr2	95000	96000
chr2:96000-97000	chr2:96000-97000	chr2	96000	97000
chr2:97000-98000	chr2:97000-98000	chr2	97000	98000
chr2:98000-99000	chr2:98000-99000	chr2	98000	99000
chr2:99000-100000	chr2:99000-100000	chr2	99000	100000
chr2:100000-101000	chr2:100000-101000	chr2	100000	101000
chr2:101000-102000	chr2:101000-102000	chr2	101000	102000
chr2:102000-103000	chr2:102000-103000	chr2	102000	103000
chr2:103000-104000	chr2:103000-104000	chr2	103000	104000
chr2:104000-105000	chr2:104000-105000	chr2	104000	105000
chr2:105000-106000	chr2:105000-106000	chr2	105000	106000
chr2:106000-107000	chr2:106000-107000	chr2	106000	107000
chr2:107000-108000	chr2:107000-108000	chr2	107000	108000
chr2:108000-109000	chr2:108000-109000	chr2	108000	109000
chr2:109000-110000	chr2:109000-110000	chr2	109000	110000
chr2:110000-111000	chr2:110000-111000	chr2	110000	111000
chr2:111000-112000	chr2:111000-112000	chr2	111000	112000
chr2:112000-113000	chr2:112000-113000	chr2	112000	113000
chr2:113000-114000	chr2:113000-114000	chr2	113000	114000
chr2:114000-115000	chr2:114000-115000	chr2	114000	115000
chr2:115000-116000	chr2:115000-116000	chr2	115000	116000
chr2:116000-117000	chr2:116000-117000	chr2	116000	117000
chr2:117000-118000	chr2:117000-118000	chr2	117000	118000
chr2:118000-119000	chr2:118000-119000	chr2	118000	119000
chr2:119000-120000	chr2:119000-120000	chr2	119000	120000
chr2:120000-121000	chr2:120000-121000	chr2	120000	121000
chr2:121000-122000	chr2:121000-122000	chr2	121000	122000
chr2:122000-123000	chr2:122000-123000	chr2	122000	123000
chr2:123000-124000	chr2:123000-124000	chr2	123000	124000
chr2:124000-125000	chr2:124000-125000	chr2	124000	125000
chr2:125000-126000	chr2:125000-126000	chr2	125000	126000
chr2:126000-127000	chr2:126000-127000	chr2	126000	127000
chr2:127000-128000	chr2:127000-128000	chr2	127000	128000
chr2:128000-129000	chr2:128000-129000	chr2	128000	129000
chr2:129000-130000	chr2:129000-130000	chr2	129000	130000
chr2:130000-131000	chr2:130000-131000	chr2	130000	131000
chr2:131000-132000	chr2:131000-132000	chr2	131000	132000
chr2:132000-133000	chr2:132000-133000	chr2	132000	133000
chr2:133000-134000	chr2:133000-134000	chr2	133000	134000
chr2:134000-135000	chr2:134000-135000	chr2	134000	135000
chr2:135000-136000	chr2:135000-136000	chr2	135000	136000
chr2:136000-137000	chr2:136000-137000	chr2	136000	137000
chr2:137000-138000	chr2:137000-138000	chr2	137000	138000
chr2:138000-139000	chr2:138000-139000	chr2	138000	139000
chr2:139000-140000	chr2:139000-140000	chr2	139000	140000
chr2:140000-141000	chr2:140000-141000	chr2	140000	141000
chr2:141000-142000	chr2:141000-142000	chr2	141000	142000
chr2:142000-143000	chr2:142000-143000	chr2	142000	143000
chr2:143000-144000	chr2:143000-144000	chr2	143000	144000
chr2:144000-145000	chr2:144000-145000	chr2	144000	145000
chr2:145000-146000	chr2:145000-146000	chr2	145000	146000
chr2:146000-147000	chr2:146000-147000	chr2	146000	147000
chr2:147000-148000	chr2:147000-148000	chr2	147000	148000
chr2:148000-149000	chr2:148000-149000	chr2	148000	149000
chr2:149000-150000	chr2:149000-150000	chr2	149000	150000
chr2:150000-151000	chr2:150000-151000	chr2	150000	151000
chr2:151000-152000	chr2:151000-152000	chr2	151000	152000
chr2:152000-153000	chr2:152000-153000	chr2	152000	153000
chr2:153000-154000	chr2:153000-154000	chr2	153000	154000
chr2:154000-155000	chr2:154000-155000	chr2	154000	155000
chr2:155000-156000	chr2:155000-156000	chr2	155000	156000
chr2:156000-157000	chr2:156000-157000	chr2	156000	157000
chr2:157000-158000	chr2:157000-158000	chr2	157000	158000
chr2:158000-159000	chr2:158000-159000	chr2	158000	159000
chr2:159000-160000	chr2:159000-160000	chr2	159000	160000
chr2:160000-161000	chr2:160000-161000	chr2	160000	161000
chr2:161000-162000	chr2:161000-162000	chr2	161000	162000
chr2:162000-163000	chr2:162000-163000	chr2	162000	163000
chr2:163000-164000	chr2:163000-164000	chr2	163000	164000
chr2:164000-165000	chr2:164000-165000	chr2	164000	165000
chr2:165000-166000	chr2:165000-166000	chr2	165000	166000
chr2:166000-167000	chr2:166000-167000	chr2	166000	167000
chr2:167000-168000	chr2:167000-168000	chr2	167000	168000
chr2:168000-169000	chr2:168000-169000	chr2	168000	169000
chr2:169000-170000	chr2:169000-170000	chr2	169000	170000
chr2:170000-171000	chr2:170000-171000	chr2	170000	171000
chr2:171000-172000	chr2:171000-172000	chr2	171000	172000
chr2:172000-173000	chr2:172000-173000	chr2	172000	173000
chr2:173000-174000	chr2:173000-174000	chr2	173000	174000
chr2:174000-175000	chr2:174000-175000	chr2	174000	175000
chr2:175000-176000	chr2:175000-176000	chr2	175000	176000
chr2:176000-177000	chr2:176000-177000	chr2	176000	177000
chr2:177000-178000	chr2:177000-178000	chr2	177000	178000
chr2:178000-179000	chr2:178000-179000	chr2	178000	179000
chr2:179000-180000	chr2:179000-180000	chr2	179000	180000
chr2:180000-181000	chr2:180000-181000	chr2	180000	181000
chr2:181000-182000	chr2:181000-182000	chr2	181000	182000
chr2:182000-183000	chr2:182000-183000	chr2	182000	183000
chr2:183000-184000	chr2:183000-184000	chr2	183000	184000
chr2:184000-185000	chr2:184000-185000	chr2	184000	185000
chr2:185000-186000	chr2:185000-186000	chr2	185000	186000
chr2:186000-187000	chr2:186000-187000	chr2	186000	187000
chr2:187000-188000	chr2:187000-188000	chr2	187000	188000
chr2:188000-189000	chr2:188000-189000	chr2	188000	189000
chr2:189000-190000	chr2:189000-190000	chr2	189000	190000
chr2:190000-191000	chr2:190000-191000	chr2	190000	191000
chr2:191000-192000	chr2:191000-192000	chr2	191000	192000
chr2:192000-193000	chr2:192000-193000	chr2	192000	193000
chr2:193000-194000	chr2:193000-194000	chr2	193000	194000
chr2:194000-195000	chr2:194000-195000	chr2	194000	195000
chr2:195000-196000	chr2:195000-196000	chr2	195000	196000
chr2:196000-197000	chr2:196000-197000	chr2	196000	197000
chr2:197000-198000	chr2:197000-198000	chr2	197000	198000
chr2:198000-199000	chr2:198000-199000	chr2	198000	199000
chr2:199000-200000	chr2:199000-200000	chr2	199000	200000
chr2:200000-201000	chr2:200000-201000	chr2	200000	201000
chr2:201000-202000	chr2:201000-202000	chr2	201000	202000
chr2:202000-203000	chr2:202000-203000	chr2	202000	203000
chr2:203000-204000	chr2:203000-204000	chr2	203000	204000
chr2:204000-205000	chr2:204000-205000	chr2	204000	205000
chr2:205000-206000	chr2:205000-206000	chr2	205000	206000
chr2:206000-207000	chr2:206000-207000	chr2	206000	207000
chr2:207000-208000	chr2:207000-208000	chr2	207000	208000
chr2:208000-209000	chr2:208000-209000	chr2	208000	209000
chr2:209000-210000	chr2:209000-210000	chr2	209000	210000
chr2:210000-211000	chr2:210000-211000	chr2	210000	211000
chr2:211000-212000	chr2:211000-212000	chr2	211000	212000
chr2:212000-213000	chr2:212000-213000	chr2	212000	213000
chr2:213000-214000	chr2:213000-214000	chr2	213000	214000
chr2:214000-215000	chr2:214000-215000	chr2	214000	215000
chr2:215000-216000	chr2:215000-216000	chr2	215000	216000
chr2:216000-217000	chr2:216000-217000	chr2	216000	217000
chr2:217000-218000	chr2:217000-218000	chr2	217000	218000
chr2:218000-219000	chr2:218000-219000	chr2	218000	219000
chr2:219000-220000	chr2:219000-220000	chr2	219000	220000
chr2:220000-221000	chr2:220000-221000	chr2	220000	221000
chr2:221000-222000	chr2:221000-222000	chr2	221000	222000
chr2:222000-223000	chr2:222000-223000	chr2	222000	223000
chr2:223000-224000	chr2:223000-224000	chr2	223000	224000
chr2:224000-225000	chr2:224000-225000	chr2	224000	225000
chr2:225000-226000	chr2:225000-226000	chr2	225000	226000
chr2:226000-227000	chr2:226000-227000	chr2	226000	227000
chr2:227000-228000	chr2:227000-228000	chr2	227000	228000
chr2:228000-229000	chr2:228000-229000	chr2	228000	229000
chr2:229000-230000	chr2:229000-230000	chr2	229000	230000
chr2:230000-231000	chr2:230000-231000	chr2	230000	231000
chr2:231000-232000	chr2:231000-232000	chr2	231000	232000
chr2:232000-233000	chr2:232000-233000	chr2	232000	233000
chr2:233000-234000	chr2:233000-234000	chr2	233000	234000
chr2:234000-235000	chr2:234000-235000	chr2	234000	235000
chr2:235000-236000	chr2:235000-236000	chr2	235000	236000
chr2:236000-237000	chr2:236000-237000	chr2	236000	237000
chr2:237000-238000	chr2:237000-238000	chr2	237000	238000
chr2:238000-239000	chr2:238000-239000	chr2	238000	239000
chr2:239000-240000	chr2:239000-240000	chr2	239000	240000
chr2:240000-241000	chr2:240000-241000	chr2	240000	241000
chr2:241000-242000	chr2:241000-242000	chr2	241000	242000
chr2:242000-243000	chr2:242000-243000	chr2	242000	243000
chr2:243000-244000	chr2:243000-244000	chr2	243000	244000
chr2:244000-245000	chr2:244000-245000	chr2	244000	245000
chr2:245000-246000	chr2:245000-246000	chr2	245000	246000
chr2:246000-247000	chr2:246000-247000	chr2	246000	247000
chr2:247000-248000	chr2:247000-248000	chr2	247000	248000
chr2:248000-249000	chr2:248000-249000	chr2	248000	249000
chr2:249000-250000	chr2:249000-250000	chr2	249000	250000
chr2:250000-251000	chr2:250000-251000	chr2	250000	251000
chr2:251000-252000	chr2:251000-252000	chr2	251000	252000
chr2:252000-253000	chr2:252000-253000	chr2	252000	253000
chr2:253000-254000	chr2:253000-254000	chr2	253000	254000
chr2:254000-255000	chr2:254000-255000	chr2	254000	255000
chr2:255000-256000	chr2:255000-256000	chr2	255000	256000
chr2:256000-257000	chr2:256000-257000	chr2	256000	257000
chr2:257000-258000	chr2:257000-258000	chr2	257000	258000
chr2:258000-259000	chr2:258000-259000	chr2	258000	259000
chr2:259000-260000	chr2:259000-260000	chr2	259000	260000
chr2:260000-261000	chr2:260000-261000	chr2	260000	261000
chr2:261000-262000	chr2:261000-262000	chr2	261000	262000
chr2:262000-263000	chr2:262000-263000	chr2	262000	263000
chr2:263000-264000	chr2:263000-264000	chr2	263000	264000
chr2:264000-265000	chr2:264000-265000	chr2	264000	265000
chr2:265000-266000	chr2:265000-266000	chr2	265000	266000
chr2:266000-267000	chr2:266000-267000	chr2	266000	267000
chr2:267000-268000	chr2:267000-268000	chr2	267000	268000
chr2:268000-269000	chr2:268000-269000	chr2	268000	269000
chr2:269000-270000	chr2:269000-270000	chr2	269000	270000
chr2:270000-271000	chr2:270000-271000	chr2	270000	271000
chr2:271000-272000	chr2:271000-272000	chr2	271000	272000
chr2:272000-273000	chr2:272000-273000	chr2	272000	273000
chr2:273000-274000	chr2:273000-274000	chr2	273000	274000
chr2:274000-275000	chr2:274000-275000	chr2	274000	275000
chr2:275000-276000	chr2:275000-276000	chr2	275000	276000
chr2:276000-277000	chr2:276000-277000	chr2	276000	277000
chr2:277000-278000	chr2:277000-278000	chr2	277000	278000
chr2:278000-279000	chr2:278000-279000	chr2	278000	279000
chr2:279000-280000	chr2:279000-280000	chr2	279000	280000
chr2:280000-281000	chr2:280000-281000	chr2	280000	281000
chr2:281000-282000	chr2:281000-282000	chr2	281000	282000
chr2:282000-283000	chr2:282000-283000	chr2	282000	283000
chr2:283000-284000	chr2:283000-284000	chr2	283000	284000
chr2:284000-285000	chr2:284000-285000	chr2	284000	285000
chr2:285000-286000	chr2:285000-286000	chr2	285000	286000
chr2:286000-287000	chr2:286000-287000	chr2	286000	287000
chr2:287000-288000	chr2:287000-288000	chr2	287000	288000
chr2:288000-289000	chr2:288000-289000	chr2	288000	289000
chr2:289000-290000	chr2:289000-290000	chr2	289000	290000
chr2:290000-291000	chr2:290000-291000	chr2	290000	291000
chr2:291000-292000	chr2:291000-292000	chr2	291000	292000
chr2:292000-293000	chr2:292000-293000	chr2	292000	293000
chr2:293000-294000	chr2:293000-294000	chr2	293000	294000
chr2:294000-295000	chr2:294000-295000	chr2	294000	295000
chr2:295000-296000	chr2:295000-296000	chr2	295000	296000
chr2:296000-297000	chr2:296000-297000	chr2	296000	297000
chr2:297000-298000	chr2:297000-298000	chr2	297000	298000
chr2:298000-299000	chr2:298000-299000	chr2	298000	299000
chr2:299000-300000	chr2:299000-300000	chr2	299000	300000
chr2:300000-301000	chr2:300000-301000	chr2	300000	301000
chr2:301000-302000	chr2:301000-302000	chr2	301000	302000
chr2:302000-303000	chr2:302000-303000	chr2	302000	303000
chr2:303000-304000	chr2:303000-304000	chr2	303000	304000
chr2:304000-305000	chr2:304000-305000	chr2	304000	305000
chr2:305000-306000	chr2:305000-306000	chr2	305000	306000
chr2:306000-307000	chr2:306000-307000	chr2	306000	307000
chr2:307000-308000	chr2:307000-308000	chr2	307000	308000
chr2:308000-309000	chr2:308000-309000	chr2	308000	309000
chr2:309000-310000	chr2:309000-310000	chr2	309000	310000
chr2:310000-311000	chr2:310000-311000	chr2	310000	311000
chr2:311000-312000	chr2:311000-312000	chr2	311000	312000
chr2:312000-313000	chr2:312000-313000	chr2	312000	313000
chr2:313000-314000	chr2:313000-314000	chr2	313000	314000
chr2:314000-315000	chr2:314000-315000	chr2	314000	315000
chr2:315000-316000	chr2:315000-316000	chr2	315000	316000
chr2:316000-317000	chr2:316000-317000	chr2	316000	317000
chr2:317000-318000	chr2:317000-318000	chr2	317000	318000
chr2:318000-319000	chr2:318000-319000	chr2	318000	319000
chr2:319000-320000	chr2:319000-320000	chr2	319000	320000
chr2:320000-321000	chr2:320000-321000	chr2	320000	321000
chr2:321000-322000	chr2:321000-322000	chr2	321000	322000
chr2:322000-323000	chr2:322000-323000	chr2	322000	323000
chr2:323000-324000	chr2:323000-324000	chr2	323000	324000
chr2:324000-325000	chr2:324000-325000	chr2	324000	325000
chr2:325000-326000	chr2:325000-326000	chr2	325000	326000
chr2:326000-327000	chr2:326000-327000	chr2	326000	327000
chr2:327000-328000	chr2:327000-328000	chr2	327000	328000
chr2:328000-329000	chr2:328000-329000	chr2	328000	329000
chr2:329000-330000	chr2:329000-330000	chr2	329000	330000
chr2:330000-331000	chr2:330000-331000	chr2	330000	331000
chr2:331000-332000	chr2:331000-332000	chr2	331000	332000
chr2:332000-333000	chr2:332000-333000	chr2	332000	333000
chr2:333000-334000	chr2:333000-334000	chr2	333000	334000
chr2:334000-335000	chr2:334000-335000	chr2	334000	335000
chr2:335000-336000	chr2:335000-336000	chr2	335000	336000
chr2:336000-337000	chr2:336000-337000	chr2	336000	337000
chr2:337000-338000	chr2:337000-338000	chr2	337000	338000
chr2:338000-339000	chr2:338000-339000	chr2	338000	339000
chr2:339000-340000	chr2:339000-340000	chr2	339000	340000
chr2:340000-341000	chr2:340000-341000	chr2	340000	341000
chr2:341000-342000	chr2:341000-342000	chr2	341000	342000
chr2:342000-343000	chr2:342000-343000	chr2	342000	343000
chr2:343000-344000	chr2:343000-344000	chr2	343000	344000
chr2:344000-345000	chr2:344000-345000	chr2	344000	345000
chr2:345000-346000	chr2:345000-346000	chr2	345000	346000
chr2:346000-347000	chr2:346000-347000	chr2	346000	347000
chr2:347000-348000	chr2:347000-348000	chr2	347000	348000
chr2:348000-349000	chr2:348000-349000	chr2	348000	349000
chr2:349000-350000	chr2:349000-350000	chr2	349000	350000
chr2:350000-351000	chr2:350000-351000	chr2	350000	351000
chr2:351000-352000	chr2:351000-352000	chr2	351000	352000
chr2:352000-353000	chr2:352000-353000	chr2	352000	353000
chr2:353000-354000	chr2:353000-354000	chr2	353000	354000
chr2:354000-355000	chr2:354000-355000	chr2	354000	355000
chr2:355000-356000	chr2:355000-356000	chr2	355000	356000
chr2:356000-357000	chr2:356000-357000	chr2	356000	357000
chr2:357000-358000	chr2:357000-358000	chr2	357000	358000
chr2:358000-359000	chr2:358000-359000	chr2	358000	359000
chr2:359000-360000	chr2:359000-360000	chr2	359000	360000
chr2:360000-361000	chr2:360000-361000	chr2	360000	361000
chr2:361000-362000	chr2:361000-362000	chr2	361000	362000
chr2:362000-363000	chr2:362000-363000	chr2	362000	363000
chr2:363000-364000	chr2:363000-364000	chr2	363000	364000
chr2:364000-365000	chr2:364000-365000	chr2	364000	365000
chr2:365000-366000	chr2:365000-366000	chr2	365000	366000
chr2:366000-367000	chr2:366000-367000	chr2	366000	367000
chr2:367000-368000	chr2:367000-368000	chr2	367000	368000
chr2:368000-369000	chr2:368000-369000	chr2	368000	369000
chr2:369000-370000	chr2:369000-370000	chr2	369000	370000
chr2:370000-371000	chr2:370000-371000	chr2	370000	371000
chr2:371000-372000	chr2:371000-372000	chr2	371000	372000
chr2:372000-373000	chr2:372000-373000	chr2	372000	373000
chr2:373000-374000	chr2:373000-374000	chr2	373000	374000
chr2:374000-375000	chr2:374000-375000	chr2	374000	375000
chr2:375000-376000	chr2:375000-376000	chr2	375000	376000
chr2:376000-377000	chr2:376000-377000	chr2	376000	377000
chr2:377000-378000	chr2:377000-378000	chr2	377000	378000
chr2:378000-379000	chr2:378000-379000	chr2	378000	379000
chr2:379000-380000	chr2:379000-380000	chr2	379000	380000
chr2:380000-381000	chr2:380000-381000	chr2	380000	381000
chr2:381000-382000	chr2:381000-382000	chr2	381000	382000
chr2:382000-383000	chr2:382000-383000	chr2	382000	383000
chr2:383000-384000	chr2:383000-384000	chr2	383000	384000
chr2:384000-385000	chr2:384000-385000	chr2	384000	385000
chr2:385000-386000	chr2:385000-386000	chr2	385000	386000
chr2:386000-387000	chr2:386000-387000	chr2	386000	387000
chr2:387000-388000	chr2:387000-388000	chr2	387000	388000
chr2:388000-389000	chr2:388000-389000	chr2	388000	389000
chr2:389000-390000	chr2:389000-390000	chr2	389000	390000
chr2:390000-391000	chr2:390000-391000	chr2	390000	391000
chr2:391000-392000	chr2:391000-392000	chr2	391000	392000
chr2:392000-393000	chr2:392000-393000	chr2	392000	393000
chr2:393000-394000	chr2:393000-394000	chr2	393000	394000
chr2:394000-395000	chr2:394000-395000	chr2	394000	395000
chr2:395000-396000	chr2:395000-396000	chr2	395000	396000
chr2:396000-397000	chr2:396000-397000	chr2	396000	397000
chr2:397000-398000	chr2:397000-398000	chr2	397000	398000
chr2:398000-399000	chr2:398000-399000	chr2	398000	399000
chr2:399000-400000	chr2:399000-400000	chr2	399000	400000
chr2:400000-401000	chr2:400000-401000	chr2	400000	401000
chr2:401000-402000	chr2:401000-402000	chr2	401000	402000
chr2:402000-403000	chr2:402000-403000	chr2	402000	403000
chr2:403000-404000	chr2:403000-404000	chr2	403000	404000
chr2:404000-405000	chr2:404000-405000	chr2	404000	405000
chr2:405000-406000	chr2:405000-406000	chr2	405000	406000
chr2:406000-407000	chr2:406000-407000	chr2	406000	407000
chr2:407000-408000	chr2:407000-408000	chr2	407000	408000
chr2:408000-409000	chr2:408000-409000	chr2	408000	409000
chr2:409000-410000	chr2:409000-410000	chr2	409000	410000
chr2:410000-411000	chr2:410000-411000	chr2	410000	411000
chr2:411000-412000	chr2:411000-412000	chr2	411000	412000
chr2:412000-413000	chr2:412000-413000	chr2	412000	413000
chr2:413000-414000	chr2:413000-414000	chr2	413000	414000
chr2:414000-415000	chr2:414000-415000	chr2	414000	415000
chr2:415000-416000	chr2:415000-416000	chr2	415000	416000
chr2:416000-417000	chr2:416000-417000	chr2	416000	417000
chr2:417000-418000	chr2:417000-418000	chr2	417000	418000
chr2:418000-419000	chr2:418000-419000	chr2	418000	419000
chr2:419000-420000	chr2:419000-420000	chr2	419000	420000
chr2:420000-421000	chr2:420000-421000	chr2	420000	421000
chr2:421000-422000	chr2:421000-422000	chr2	421000	422000
chr2:422000-423000	chr2:422000-423000	chr2	422000	423000
chr2:423000-424000	chr2:423000-424000	chr2	423000	424000
chr2:424000-425000	chr2:424000-425000	chr2	424000	425000
chr2:425000-426000	chr2:425000-426000	chr2	425000	426000
chr2:426000-427000	chr2:426000-427000	chr2	426000	427000
chr2:427000-428000	chr2:427000-428000	chr2	427000	428000
chr2:428000-429000	chr2:428000-429000	chr2	428000	429000
chr2:429000-430000	chr2:429000-430000	chr2	429000	430000
chr2:430000-431000	chr2:430000-431000	chr2	430000	431000
chr2:431000-432000	chr2:431000-432000	chr2	431000	432000
chr2:432000-433000	chr2:432000-433000	chr2	432000	433000
chr2:433000-434000	chr2:433000-434000	chr2	433000	434000
chr2:434000-435000	chr2:434000-435000	chr2	434000	435000
chr2:435000-436000	chr2:435000-436000	chr2	435000	436000
chr2:436000-437000	chr2:436000-437000	chr2	436000	437000
chr2:437000-438000	chr2:437000-438000	chr2	437000	438000
chr2:438000-439000	chr2:438000-439000	chr2	438000	439000
chr2:439000-440000	chr2:439000-440000	chr2	439000	440000
chr2:440000-441000	chr2:440000-441000	chr2	440000	441000
chr2:441000-442000	chr2:441000-442000	chr2	441000	442000
chr2:442000-443000	chr2:442000-443000	chr2	442000	443000
chr2:443000-444000	chr2:443000-444000	chr2	443000	444000
chr2:444000-445000	chr2:444000-445000	chr2	444000	445000
chr2:445000-446000	chr2:445000-446000	chr2	445000	446000
chr2:446000-447000	chr2:446000-447000	chr2	446000	447000
chr2:447000-448000	chr2:447000-448000	chr2	447000	448000
chr2:448000-449000	chr2:448000-449000	chr2	448000	449000
chr2:449000-450000	chr2:449000-450000	chr2	449000	450000
chr2:450000-451000	chr2:450000-451000	chr2	450000	451000
chr2:451000-452000	chr2:451000-452000	chr2	451000	452000
chr2:452000-453000	chr2:452000-453000	chr2	452000	453000
chr2:453000-454000	chr2:453000-454000	chr2	453000	454000
chr2:454000-455000	chr2:454000-455000	chr2	454000	455000
chr2:455000-456000	chr2:455000-456000	chr2	455000	456000
chr2:456000-457000	chr2:456000-457000	chr2	456000	457000
chr2:457000-458000	chr2:457000-458000	chr2	457000	458000
chr2:458000-459000	chr2:458000-459000	chr2	458000	459000
chr2:459000-460000	chr2:459000-460000	chr2	459000	460000
chr2:460000-461000	chr2:460000-461000	chr2	460000	461000
chr2:461000-462000	chr2:461000-462000	chr2	461000	462000
chr2:462000-463000	chr2:462000-463000	chr2	462000	463000
chr2:463000-464000	chr2:463000-464000	chr2	463000	464000
chr2:464000-465000	chr2:464000-465000	chr2	464000	465000
chr2:465000-466000	chr2:465000-466000	chr2	465000	466000
chr2:466000-467000	chr2:466000-467000	chr2	466000	467000
chr2:467000-468000	chr2:467000-468000	chr2	467000	468000
chr2:468000-469000	chr2:468000-469000	chr2	468000	469000
chr2:469000-470000	chr2:469000-470000	chr2	469000	470000
chr2:470000-471000	chr2:470000-471000	chr2	470000	471000
chr2:471000-472000	chr2:471000-472000	chr2	471000	472000
chr2:472000-473000	chr2:472000-473000	chr2	472000	473000
chr2:473000-474000	chr2:473000-474000	chr2	473000	474000
chr2:474000-475000	chr2:474000-475000	chr2	474000	475000
chr2:475000-476000	chr2:475000-476000	chr2	475000	476000
chr2:476000-477000	chr2:476000-477000	chr2	476000	477000
chr2:477000-478000	chr2:477000-478000	chr2	477000	478000
chr2:478000-479000	chr2:478000-479000	chr2	478000	479000
chr2:479000-480000	chr2:479000-480000	chr2	479000	480000
chr2:480000-481000	chr2:480000-481000	chr2	480000	481000
chr2:481000-482000	chr2:481000-482000	chr2	481000	482000
chr2:482000-483000	chr2:482000-483000	chr2	482000	483000
chr2:483000-484000	chr2:483000-484000	chr2	483000	484000
chr2:484000-485000	chr2:484000-485000	chr2	484000	485000
chr2:485000-486000	chr2:485000-486000	chr2	485000	486000
chr2:486000-487000	chr2:486000-487000	chr2	486000	487000
chr2:487000-488000	chr2:487000-488000	chr2	487000	488000
chr2:488000-489000	chr2:488000-489000	chr2	488000	489000
chr2:489000-490000	chr2:489000-490000	chr2	489000	490000
chr2:490000-491000	chr2:490000-491000	chr2	490000	491000
chr2:491000-492000	chr2:491000-492000	chr2	491000	492000
chr2:492000-493000	chr2:492000-493000	chr2	492000	493000
chr2:493000-494000	chr2:493000-494000	chr2	493000	494000
chr2:494000-495000	chr2:494000-495000	chr2	494000	495000
chr2:495000-496000	chr2:495000-496000	chr2	495000	496000
chr2:496000-497000	chr2:496000-497000	chr2	496000	497000
chr2:497000-498000	chr2:497000-498000	chr2	497000	498000
chr2:498000-499000	chr2:498000-499000	chr2	498000	499000
chr2:499000-500000	chr2:499000-500000	chr2	499000	500000
chr3:0-1000	chr3:0-1000	chr3	0	1000
chr3:1000-2000	chr3:1000-2000	chr3	1000	2000
chr3:2000-3000	chr3:2000-3000	chr3	2000	3000
chr3:3000-4000	chr3:3000-4000	chr3	3000	4000
chr3:4000-5000	chr3:4000-5000	chr3	4000	5000
chr3:5000-6000	chr3:5000-6000	chr3	5000	6000
chr3:6000-7000	chr3:6000-7000	chr3	6000	7000
chr3:7000-8000	chr3:7000-8000	chr3	7000	8000
chr3:8000-9000	chr3:8000-9000	chr3	8000	9000
chr3:9000-10000	chr3:9000-10000	chr3	9000	10000
chr3:10000-11000	chr3:10000-11000	chr3	10000	11000
chr3:11000-12000	chr3:11000-12000	chr3	11000	12000
chr3:12000-13000	chr3:12000-13000	chr3	12000	13000
chr3:13000-14000	chr3:13000-14000	chr3	13000	14000
chr3:14000-15000	chr3:14000-15000	chr3	14000	15000
chr3:15000-16000	chr3:15000-16000	chr3	15000	16000
chr3:16000-17000	chr3:16000-17000	chr3	16000	17000
chr3:17000-18000	chr3:17000-18000	chr3	17000	18000
chr3:18000-19000	chr3:18000-19000	chr3	18000	19000
chr3:19000-20000	chr3:19000-20000	chr3	19000	20000
chr3:20000-21000	chr3:20000-21000	chr3	20000	21000
chr3:21000-22000	chr3:21000-22000	chr3	21000	22000
chr3:22000-23000	chr3:22000-23000	chr3	22000	23000
chr3:23000-24000	chr3:23000-24000	chr3	23000	24000
chr3:24000-25000	chr3:24000-25000	chr3	24000	25000
chr3:25000-26000	chr3:25000-26000	chr3	25000	26000
chr3:26000-27000	chr3:26000-27000	chr3	26000	27000
chr3:27000-28000	chr3:27000-28000	chr3	27000	28000
chr3:28000-29000	chr3:28000-29000	chr3	28000	29000
chr3:29000-30000	chr3:29000-30000	chr3	29000	30000
chr3:30000-31000	chr3:30000-31000	chr3	30000	31000
chr3:31000-32000	chr3:31000-32000	chr3	31000	32000
chr3:32000-33000	chr3:32000-33000	chr3	32000	33000
chr3:33000-34000	chr3:33000-34000	chr3	33000	34000
chr3:34000-35000	chr3:34000-35000	chr3	34000	35000
chr3:35000-36000	chr3:35000-36000	chr3	35000	36000
chr3:36000-37000	chr3:36000-37000	chr3	36000	37000
chr3:37000-38000	chr3:37000-38000	chr3	37000	38000
chr3:38000-39000	chr3:38000-39000	chr3	38000	39000
chr3:39000-40000	chr3:39000-40000	chr3	39000	40000
chr3:40000-41000	chr3:40000-41000	chr3	40000	41000
chr3:41000-42000	chr3:41000-42000	chr3	41000	42000
chr3:42000-43000	chr3:42000-43000	chr3	42000	43000
chr3:43000-44000	chr3:43000-44000	chr3	43000	44000
chr3:44000-45000	chr3:44000-45000	chr3	44000	45000
chr3:45000-46000	chr3:45000-46000	chr3	45000	46000
chr3:46000-47000	chr3:46000-47000	chr3	46000	47000
chr3:47000-48000	chr3:47000-48000	chr3	47000	48000
chr3:48000-49000	chr3:48000-49000	chr3	48000	49000
chr3:49000-50000	chr3:49000-50000	chr3	49000	50000
chr3:50000-51000	chr3:50000-51000	chr3	50000	51000
chr3:51000-52000	chr3:51000-52000	chr3	51000	52000
chr3:52000-53000	chr3:52000-53000	chr3	52000	53000
chr3:53000-54000	chr3:53000-54000	chr3	53000	54000
chr3:54000-55000	chr3:54000-55000	chr3	54000	55000
chr3:55000-56000	chr3:55000-56000	chr3	55000	56000
chr3:56000-57000	chr3:56000-57000	chr3	56000	57000
chr3:57000-58000	chr3:57000-58000	chr3	57000	58000
chr3:58000-59000	chr3:58000-59000	chr3	58000	59000
chr3:59000-60000	chr3:59000-60000	chr3	59000	60000
chr3:60000-61000	chr3:60000-61000	chr3	60000	61000
chr3:61000-62000	chr3:61000-62000	chr3	61000	62000
chr3:62000-63000	chr3:62000-63000	chr3	62000	63000
chr3:63000-64000	chr3:63000-64000	chr3	63000	64000
chr3:64000-65000	chr3:64000-65000	chr3	64000	65000
chr3:65000-66000	chr3:65000-66000	chr3	65000	66000
chr3:66000-67000	chr3:66000-67000	chr3	66000	67000
chr3:67000-68000	chr3:67000-68000	chr3	67000	68000
chr3:68000-69000	chr3:68000-69000	chr3	68000	69000
chr3:69000-70000	chr3:69000-70000	chr3	69000	70000
chr3:70000-71000	chr3:70000-71000	chr3	70000	71000
chr3:71000-72000	chr3:71000-72000	chr3	71000	72000
chr3:72000-73000	chr3:72000-73000	chr3	72000	73000
chr3:73000-74000	chr3:73000-74000	chr3	73000	74000
chr3:74000-75000	chr3:74000-75000	chr3	74000	75000
chr3:75000-76000	chr3:75000-76000	chr3	75000	76000
chr3:76000-77000	chr3:76000-77000	chr3	76000	77000
chr3:77000-78000	chr3:77000-78000	chr3	77000	78000
chr3:78000-79000	chr3:78000-79000	chr3	78000	79000
chr3:79000-80000	chr3:79000-80000	chr3	79000	80000
chr3:80000-81000	chr3:80000-81000	chr3	80000	81000
chr3:81000-82000	chr3:81000-82000	chr3	81000	82000
chr3:82000-83000	chr3:82000-83000	chr3	82000	83000
chr3:83000-84000	chr3:83000-84000	chr3	83000	84000
chr3:84000-85000	chr3:84000-85000	chr3	84000	85000
chr3:85000-86000	chr3:85000-86000	chr3	85000	86000
chr3:86000-87000	chr3:86000-87000	chr3	86000	87000
chr3:87000-88000	chr3:87000-88000	chr3	87000	88000
chr3:88000-89000	chr3:88000-89000	chr3	88000	89000
chr3:89000-90000	chr3:89000-90000	chr3	89000	90000
chr3:90000-91000	chr3:90000-91000	chr3	90000	91000
chr3:91000-92000	chr3:91000-92000	chr3	91000	92000
chr3:92000-93000	chr3:92000-93000	chr3	92000	93000
chr3:93000-94000	chr3:93000-94000	chr3	93000	94000
chr3:94000-95000	chr3:94000-95000	chr3	94000	95000
chr3:95000-96000	chr3:95000-96000	chr3	95000	96000
chr3:96000-97000	chr3:96000-97000	chr3	96000	97000
chr3:97000-98000	chr3:97000-98000	chr3	97000	98000
chr3:98000-99000	chr3:98000-99000	chr3	98000	99000
chr3:99000-100000	chr3:99000-100000	chr3	99000	100000
chr3:100000-101000	chr3:100000-101000	chr3	100000	101000
chr3:101000-102000	chr3:101000-102000	chr3	101000	102000
chr3:102000-103000	chr3:102000-103000	chr3	102000	103000
chr3:103000-104000	chr3:103000-104000	chr3	103000	104000
chr3:104000-105000	chr3:104000-105000	chr3	104000	105000
chr3:105000-106000	chr3:105000-106000	chr3	105000	106000
chr3:106000-107000	chr3:106000-107000	chr3	106000	107000
chr3:107000-108000	chr3:107000-108000	chr3	107000	108000
chr3:108000-109000	chr3:108000-109000	chr3	108000	109000
chr3:109000-110000	chr3:109000-110000	chr3	109000	110000
chr3:110000-111000	chr3:110000-111000	chr3	110000	111000
chr3:111000-112000	chr3:111000-112000	chr3	111000	112000
chr3:112000-113000	chr3:112000-113000	chr3	112000	113000
chr3:113000-114000	chr3:113000-114000	chr3	113000	114000
chr3:114000-115000	chr3:114000-115000	chr3	114000	115000
chr3:115000-116000	chr3:115000-116000	chr3	115000	116000
chr3:116000-117000	chr3:116000-117000	chr3	116000	117000
chr3:117000-118000	chr3:117000-118000	chr3	117000	118000
chr3:118000-119000	chr3:118000-119000	chr3	118000	119000
chr3:119000-120000	chr3:119000-120000	chr3	119000	120000
chr3:120000-121000	chr3:120000-121000	chr3	120000	121000
chr3:121000-122000	chr3:121000-122000	chr3	121000	122000
chr3:122000-123000	chr3:122000-123000	chr3	122000	123000
chr3:123000-124000	chr3:123000-124000	chr3	123000	124000
chr3:124000-125000	chr3:124000-125000	chr3	124000	125000
chr3:125000-126000	chr3:125000-126000	chr3	125000	126000
chr3:126000-127000	chr3:126000-127000	chr3	126000	127000
chr3:127000-128000	chr3:127000-128000	chr3	127000	128000
chr3:128000-129000	chr3:128000-129000	chr3	128000	129000
chr3:129000-130000	chr3:129000-130000	chr3	129000	130000
chr3:130000-131000	chr3:130000-131000	chr3	130000	131000
chr3:131000-132000	chr3:131000-132000	chr3	131000	132000
chr3:132000-133000	chr3:132000-133000	chr3	132000	133000
chr3:133000-134000	chr3:133000-134000	chr3	133000	134000
chr3:134000-135000	chr3:134000-135000	chr3	134000	135000
chr3:135000-136000	chr3:135000-136000	chr3	135000	136000
chr3:136000-137000	chr3:136000-137000	chr3	136000	137000
chr3:137000-138000	chr3:137000-138000	chr3	137000	138000
chr3:138000-139000	chr3:138000-139000	chr3	138000	139000
chr3:139000-140000	chr3:139000-140000	chr3	139000	140000
chr3:140000-141000	chr3:140000-141000	chr3	140000	141000
chr3:141000-142000	chr3:141000-142000	chr3	141000	142000
chr3:142000-143000	chr3:142000-143000	chr3	142000	143000
chr3:143000-144000	chr3:143000-144000	chr3	143000	144000
chr3:144000-145000	chr3:144000-145000	chr3	144000	145000
chr3:145000-146000	chr3:145000-146000	chr3	145000	146000
chr3:146000-147000	chr3:146000-147000	chr3	146000	147000
chr3:147000-148000	chr3:147000-148000	chr3	147000	148000
chr3:148000-149000	chr3:148000-149000	chr3	148000	149000
chr3:149000-150000	chr3:149000-150000	chr3	149000	150000
chr3:150000-151000	chr3:150000-151000	chr3	150000	151000
chr3:151000-152000	chr3:151000-152000	chr3	151000	152000
chr3:152000-153000	chr3:152000-153000	chr3	152000	153000
chr3:153000-154000	chr3:153000-154000	chr3	153000	154000
chr3:154000-155000	chr3:154000-155000	chr3	154000	155000
chr3:155000-156000	chr3:155000-156000	chr3	155000	156000
chr3:156000-157000	chr3:156000-157000	chr3	156000	157000
chr3:157000-158000	chr3:157000-158000	chr3	157000	158000
chr3:158000-159000	chr3:158000-159000	chr3	158000	159000
chr3:159000-160000	chr3:159000-160000	chr3	159000	160000
chr3:160000-161000	chr3:160000-161000	chr3	160000	161000
chr3:161000-162000	chr3:161000-162000	chr3	161000	162000
chr3:162000-163000	chr3:162000-163000	chr3	162000	163000
chr3:163000-164000	chr3:163000-164000	chr3	163000	164000
chr3:164000-165000	chr3:164000-165000	chr3	164000	165000
chr3:165000-166000	chr3:165000-166000	chr3	165000	166000
chr3:166000-167000	chr3:166000-167000	chr3	166000	167000
chr3:167000-168000	chr3:167000-168000	chr3	167000	168000
chr3:168000-169000	chr3:168000-169000	chr3	168000	169000
chr3:169000-170000	chr3:169000-170000	chr3	169000	170000
chr3:170000-171000	chr3:170000-171000	chr3	170000	171000
chr3:171000-172000	chr3:171000-172000	chr3	171000	172000
chr3:172000-173000	chr3:172000-173000	chr3	172000	173000
chr3:173000-174000	chr3:173000-174000	chr3	173000	174000
chr3:174000-175000	chr3:174000-175000	chr3	174000	175000
chr3:175000-176000	chr3:175000-176000	chr3	175000	176000
chr3:176000-177000	chr3:176000-177000	chr3	176000	177000
chr3:177000-178000	chr3:177000-178000	chr3	177000	178000
chr3:178000-179000	chr3:178000-179000	chr3	178000	179000
chr3:179000-180000	chr3:179000-180000	chr3	179000	180000
chr3:180000-181000	chr3:180000-181000	chr3	180000	181000
chr3:181000-182000	chr3:181000-182000	chr3	181000	182000
chr3:182000-183000	chr3:182000-183000	chr3	182000	183000
chr3:183000-184000	chr3:183000-184000	chr3	183000	184000
chr3:184000-185000	chr3:184000-185000	chr3	184000	185000
chr3:185000-186000	chr3:185000-186000	chr3	185000	186000
chr3:186000-187000	chr3:186000-187000	chr3	186000	187000
chr3:187000-188000	chr3:187000-188000	chr3	187000	188000
chr3:188000-189000	chr3:188000-189000	chr3	188000	189000
chr3:189000-190000	chr3:189000-190000	chr3	189000	190000
chr3:190000-191000	chr3:190000-191000	chr3	190000	191000
chr3:191000-192000	chr3:191000-192000	chr3	191000	192000
chr3:192000-193000	chr3:192000-193000	chr3	192000	193000
chr3:193000-194000	chr3:193000-194000	chr3	193000	194000
chr3:194000-195000	chr3:194000-195000	chr3	194000	195000
chr3:195000-196000	chr3:195000-196000	chr3	195000	196000
chr3:196000-197000	chr3:196000-197000	chr3	196000	197000
chr3:197000-198000	chr3:197000-198000	chr3	197000	198000
chr3:198000-199000	chr3:198000-199000	chr3	198000	199000
chr3:199000-200000	chr3:199000-200000	chr3	199000	200000
chr3:200000-201000	chr3:200000-201000	chr3	200000	201000
chr3:201000-202000	chr3:201000-202000	chr3	201000	202000
chr3:202000-203000	chr3:202000-203000	chr3	202000	203000
chr3:203000-204000	chr3:203000-204000	chr3	203000	204000
chr3:204000-205000	chr3:204000-205000	chr3	204000	205000
chr3:205000-206000	chr3:205000-206000	chr3	205000	206000
chr3:206000-207000	chr3:206000-207000	chr3	206000	207000
chr3:207000-208000	chr3:207000-208000	chr3	207000	208000
chr3:208000-209000	chr3:208000-209000	chr3	208000	209000
chr3:209000-210000	chr3:209000-210000	chr3	209000	210000
chr3:210000-211000	chr3:210000-211000	chr3	210000	211000
chr3:211000-212000	chr3:211000-212000	chr3	211000	212000
chr3:212000-213000	chr3:212000-213000	chr3	212000	213000
chr3:213000-214000	chr3:213000-214000	chr3	213000	214000
chr3:214000-215000	chr3:214000-215000	chr3	214000	215000
chr3:215000-216000	chr3:215000-216000	chr3	215000	216000
chr3:216000-217000	chr3:216000-217000	chr3	216000	217000
chr3:217000-218000	chr3:217000-218000	chr3	217000	218000
chr3:218000-219000	chr3:218000-219000	chr3	218000	219000
chr3:219000-220000	chr3:219000-220000	chr3	219000	220000
chr3:220000-221000	chr3:220000-221000	chr3	220000	221000
chr3:221000-222000	chr3:221000-222000	chr3	221000	222000
chr3:222000-223000	chr3:222000-223000	chr3	222000	223000
chr3:223000-224000	chr3:223000-224000	chr3	223000	224000
chr3:224000-225000	chr3:224000-225000	chr3	224000	225000
chr3:225000-226000	chr3:225000-226000	chr3	225000	226000
chr3:226000-227000	chr3:226000-227000	chr3	226000	227000
chr3:227000-228000	chr3:227000-228000	chr3	227000	228000
chr3:228000-229000	chr3:228000-229000	chr3	228000	229000
chr3:229000-230000	chr3:229000-230000	chr3	229000	230000
chr3:230000-231000	chr3:230000-231000	chr3	230000	231000
chr3:231000-232000	chr3:231000-232000	chr3	231000	232000
chr3:232000-233000	chr3:232000-233000	chr3	232000	233000
chr3:233000-234000	chr3:233000-234000	chr3	233000	234000
chr3:234000-235000	chr3:234000-235000	chr3	234000	235000
chr3:235000-236000	chr3:235000-236000	chr3	235000	236000
chr3:236000-237000	chr3:236000-237000	chr3	236000	237000
chr3:237000-238000	chr3:237000-238000	chr3	237000	238000
chr3:238000-239000	chr3:238000-239000	chr3	238000	239000
chr3:239000-240000	chr3:239000-240000	chr3	239000	240000
chr3:240000-241000	chr3:240000-241000	chr3	240000	241000
chr3:241000-242000	chr3:241000-242000	chr3	241000	242000
chr3:242000-243000	chr3:242000-243000	chr3	242000	243000
chr3:243000-244000	chr3:243000-244000	chr3	243000	244000
chr3:244000-245000	chr3:244000-245000	chr3	244000	245000
chr3:245000-246000	chr3:245000-246000	chr3	245000	246000
chr3:246000-247000	chr3:246000-247000	chr3	246000	247000
chr3:247000-248000	chr3:247000-248000	chr3	247000	248000
chr3:248000-249000	chr3:248000-249000	chr3	248000	249000
chr3:249000-250000	chr3:249000-250000	chr3	249000	250000
chr3:250000-251000	chr3:250000-251000	chr3	250000	251000
chr3:251000-252000	chr3:251000-252000	chr3	251000	252000
chr3:252000-253000	chr3:252000-253000	chr3	252000	253000
chr3:253000-254000	chr3:253000-254000	chr3	253000	254000
chr3:254000-255000	chr3:254000-255000	chr3	254000	255000
chr3:255000-256000	chr3:255000-256000	chr3	255000	256000
chr3:256000-257000	chr3:256000-257000	chr3	256000	257000
chr3:257000-258000	chr3:257000-258000	chr3	257000	258000
chr3:258000-259000	chr3:258000-259000	chr3	258000	259000
chr3:259000-260000	chr3:259000-260000	chr3	259000	260000
chr3:260000-261000	chr3:260000-261000	chr3	260000	261000
chr3:261000-262000	chr3:261000-262000	chr3	261000	262000
chr3:262000-263000	chr3:262000-263000	chr3	262000	263000
chr3:263000-264000	chr3:263000-264000	chr3	263000	264000
chr3:264000-265000	chr3:264000-265000	chr3	264000	265000
chr3:265000-266000	chr3:265000-266000	chr3	265000	266000
chr3:266000-267000	chr3:266000-267000	chr3	266000	267000
chr3:267000-268000	chr3:267000-268000	chr3	267000	268000
chr3:268000-269000	chr3:268000-269000	chr3	268000	269000
chr3:269000-270000	chr3:269000-270000	chr3	269000	270000
chr3:270000-271000	chr3:270000-271000	chr3	270000	271000
chr3:271000-272000	chr3:271000-272000	chr3	271000	272000
chr3:272000-273000	chr3:272000-273000	chr3	272000	273000
chr3:273000-274000	chr3:273000-274000	chr3	273000	274000
chr3:274000-275000	chr3:274000-275000	chr3	274000	275000
chr3:275000-276000	chr3:275000-276000	chr3	275000	276000
chr3:276000-277000	chr3:276000-277000	chr3	276000	277000
chr3:277000-278000	chr3:277000-278000	chr3	277000	278000
chr3:278000-279000	chr3:278000-279000	chr3	278000	279000
chr3:279000-280000	chr3:279000-280000	chr3	279000	280000
chr3:280000-281000	chr3:280000-281000	chr3	280000	281000
chr3:281000-282000	chr3:281000-282000	chr3	281000	282000
chr3:282000-283000	chr3:282000-283000	chr3	282000	283000
chr3:283000-284000	chr3:283000-284000	chr3	283000	284000
chr3:284000-285000	chr3:284000-285000	chr3	284000	285000
chr3:285000-286000	chr3:285000-286000	chr3	285000	286000
chr3:286000-287000	chr3:286000-287000	chr3	286000	287000
chr3:287000-288000	chr3:287000-288000	chr3	287000	288000
chr3:288000-289000	chr3:288000-289000	chr3	288000	289000
chr3:289000-290000	chr3:289000-290000	chr3	289000	290000
chr3:290000-291000	chr3:290000-291000	chr3	290000	291000
chr3:291000-292000	chr3:291000-292000	chr3	291000	292000
chr3:292000-293000	chr3:292000-293000	chr3	292000	293000
chr3:293000-294000	chr3:293000-294000	chr3	293000	294000
chr3:294000-295000	chr3:294000-295000	chr3	294000	295000
chr3:295000-296000	chr3:295000-296000	chr3	295000	296000
chr3:296000-297000	chr3:296000-297000	chr3	296000	297000
chr3:297000-298000	chr3:297000-298000	chr3	297000	298000
chr3:298000-299000	chr3:298000-299000	chr3	298000	299000
chr3:299000-300000	chr3:299000-300000	chr3	299000	300000
chr3:300000-301000	chr3:300000-301000	chr3	300000	301000
chr3:301000-302000	chr3:301000-302000	chr3	301000	302000
chr3:302000-303000	chr3:302000-303000	chr3	302000	303000
chr3:303000-304000	chr3:303000-304000	chr3	303000	304000
chr3:304000-305000	chr3:304000-305000	chr3	304000	305000
chr3:305000-306000	chr3:305000-306000	chr3	305000	306000
chr3:306000-307000	chr3:306000-307000	chr3	306000	307000
chr3:307000-308000	chr3:307000-308000	chr3	307000	308000
chr3:308000-309000	chr3:308000-309000	chr3	308000	309000
chr3:309000-310000	chr3:309000-310000	chr3	309000	310000
chr3:310000-311000	chr3:310000-311000	chr3	310000	311000
chr3:311000-312000	chr3:311000-312000	chr3	311000	312000
chr3:312000-313000	chr3:312000-313000	chr3	312000	313000
chr3:313000-314000	chr3:313000-314000	chr3	313000	314000
chr3:314000-315000	chr3:314000-315000	chr3	314000	315000
chr3:315000-316000	chr3:315000-316000	chr3	315000	316000
chr3:316000-317000	chr3:316000-317000	chr3	316000	317000
chr3:317000-318000	chr3:317000-318000	chr3	317000	318000
chr3:318000-319000	chr3:318000-319000	chr3	318000	319000
chr3:319000-320000	chr3:319000-320000	chr3	319000	320000
chr3:320000-321000	chr3:320000-321000	chr3	320000	321000
chr3:321000-322000	chr3:321000-322000	chr3	321000	322000
chr3:322000-323000	chr3:322000-323000	chr3	322000	323000
chr3:323000-324000	chr3:323000-324000	chr3	323000	324000
chr3:324000-325000	chr3:324000-325000	chr3	324000	325000
chr3:325000-326000	chr3:325000-326000	chr3	325000	326000
chr3:326000-327000	chr3:326000-327000	chr3	326000	327000
chr3:327000-328000	chr3:327000-328000	chr3	327000	328000
chr3:328000-329000	chr3:328000-329000	chr3	328000	329000
chr3:329000-330000	chr3:329000-330000	chr3	329000	330000
chr3:330000-331000	chr3:330000-331000	chr3	330000	331000
chr3:331000-332000	chr3:331000-332000	chr3	331000	332000
chr3:332000-333000	chr3:332000-333000	chr3	332000	333000
chr3:333000-334000	chr3:333000-334000	chr3	333000	334000
chr3:334000-335000	chr3:334000-335000	chr3	334000	335000
chr3:335000-336000	chr3:335000-336000	chr3	335000	336000
chr3:336000-337000	chr3:336000-337000	chr3	336000	337000
chr3:337000-338000	chr3:337000-338000	chr3	337000	338000
chr3:338000-339000	chr3:338000-339000	chr3	338000	339000
chr3:339000-340000	chr3:339000-340000	chr3	339000	340000
chr3:340000-341000	chr3:340000-341000	chr3	340000	341000
chr3:341000-342000	chr3:341000-342000	chr3	341000	342000
chr3:342000-343000	chr3:342000-343000	chr3	342000	343000
chr3:343000-344000	chr3:343000-344000	chr3	343000	344000
chr3:344000-345000	chr3:344000-345000	chr3	344000	345000
chr3:345000-346000	chr3:345000-346000	chr3	345000	346000
chr3:346000-347000	chr3:346000-347000	chr3	346000	347000
chr3:347000-348000	chr3:347000-348000	chr3	347000	348000
chr3:348000-349000	chr3:348000-349000	chr3	348000	349000
chr3:349000-350000	chr3:349000-350000	chr3	349000	350000
chr3:350000-351000	chr3:350000-351000	chr3	350000	351000
chr3:351000-352000	chr3:351000-352000	chr3	351000	352000
chr3:352000-353000	chr3:352000-353000	chr3	352000	353000
chr3:353000-354000	chr3:353000-354000	chr3	353000	354000
chr3:354000-355000	chr3:354000-355000	chr3	354000	355000
chr3:355000-356000	chr3:355000-356000	chr3	355000	356000
chr3:356000-357000	chr3:356000-357000	chr3	356000	357000
chr3:357000-358000	chr3:357000-358000	chr3	357000	358000
chr3:358000-359000	chr3:358000-359000	chr3	358000	359000
chr3:359000-360000	chr3:359000-360000	chr3	359000	360000
chr3:360000-361000	chr3:360000-361000	chr3	360000	361000
chr3:361000-362000	chr3:361000-362000	chr3	361000	362000
chr3:362000-363000	chr3:362000-363000	chr3	362000	363000
chr3:363000-364000	chr3:363000-364000	chr3	363000	364000
chr3:364000-365000	chr3:364000-365000	chr3	364000	365000
chr3:365000-366000	chr3:365000-366000	chr3	365000	366000
chr3:366000-367000	chr3:366000-367000	chr3	366000	367000
chr3:367000-368000	chr3:367000-368000	chr3	367000	368000
chr3:368000-369000	chr3:368000-369000	chr3	368000	369000
chr3:369000-370000	chr3:369000-370000	chr3	369000	370000
chr3:370000-371000	chr3:370000-371000	chr3	370000	371000
chr3:371000-372000	chr3:371000-372000	chr3	371000	372000
chr3:372000-373000	chr3:372000-373000	chr3	372000	373000
chr3:373000-374000	chr3:373000-374000	chr3	373000	374000
chr3:374000-375000	chr3:374000-375000	chr3	374000	375000
chr3:375000-376000	chr3:375000-376000	chr3	375000	376000
chr3:376000-377000	chr3:376000-377000	chr3	376000	377000
chr3:377000-378000	chr3:377000-378000	chr3	377000	378000
chr3:378000-379000	chr3:378000-379000	chr3	378000	379000
chr3:379000-380000	chr3:379000-380000	chr3	379000	380000
chr3:380000-381000	chr3:380000-381000	chr3	380000	381000
chr3:381000-382000	chr3:381000-382000	chr3	381000	382000
chr3:382000-383000	chr3:382000-383000	chr3	382000	383000
chr3:383000-384000	chr3:383000-384000	chr3	383000	384000
chr3:384000-385000	chr3:384000-385000	chr3	384000	385000
chr3:385000-386000	chr3:385000-386000	chr3	385000	386000
chr3:386000-387000	chr3:386000-387000	chr3	386000	387000
chr3:387000-388000	chr3:387000-388000	chr3	387000	388000
chr3:388000-389000	chr3:388000-389000	chr3	388000	389000
chr3:389000-390000	chr3:389000-390000	chr3	389000	390000
chr3:390000-391000	chr3:390000-391000	chr3	390000	391000
chr3:391000-392000	chr3:391000-392000	chr3	391000	392000
chr3:392000-393000	chr3:392000-393000	chr3	392000	393000
chr3:393000-394000	chr3:393000-394000	chr3	393000	394000
chr3:394000-395000	chr3:394000-395000	chr3	394000	395000
chr3:395000-396000	chr3:395000-396000	chr3	395000	396000
chr3:396000-397000	chr3:396000-397000	chr3	396000	397000
chr3:397000-398000	chr3:397000-398000	chr3	397000	398000
chr3:398000-399000	chr3:398000-399000	chr3	398000	399000
chr3:399000-400000	chr3:399000-400000	chr3	399000	400000
chr3:400000-401000	chr3:400000-401000	chr3	400000	401000
chr3:401000-402000	chr3:401000-402000	chr3	401000	402000
chr3:402000-403000	chr3:402000-403000	chr3	402000	403000
chr3:403000-404000	chr3:403000-404000	chr3	403000	404000
chr3:404000-405000	chr3:404000-405000	chr3	404000	405000
chr3:405000-406000	chr3:405000-406000	chr3	405000	406000
chr3:406000-407000	chr3:406000-407000	chr3	406000	407000
chr3:407000-408000	chr3:407000-408000	chr3	407000	408000
chr3:408000-409000	chr3:408000-409000	chr3	408000	409000
chr3:409000-410000	chr3:409000-410000	chr3	409000	410000
chr3:410000-411000	chr3:410000-411000	chr3	410000	411000
chr3:411000-412000	chr3:411000-412000	chr3	411000	412000
chr3:412000-413000	chr3:412000-413000	chr3	412000	413000
chr3:413000-414000	chr3:413000-414000	chr3	413000	414000
chr3:414000-415000	chr3:414000-415000	chr3	414000	415000
chr3:415000-416000	chr3:415000-416000	chr3	415000	416000
chr3:416000-417000	chr3:416000-417000	chr3	416000	417000
chr3:417000-418000	chr3:417000-418000	chr3	417000	418000
chr3:418000-419000	chr3:418000-419000	chr3	418000	419000
chr3:419000-420000	chr3:419000-420000	chr3	419000	420000
chr3:420000-421000	chr3:420000-421000	chr3	420000	421000
chr3:421000-422000	chr3:421000-422000	chr3	421000	422000
chr3:422000-423000	chr3:422000-423000	chr3	422000	423000
chr3:423000-424000	chr3:423000-424000	chr3	423000	424000
chr3:424000-425000	chr3:424000-425000	chr3	424000	425000
chr3:425000-426000	chr3:425000-426000	chr3	425000	426000
chr3:426000-427000	chr3:426000-427000	chr3	426000	427000
chr3:427000-428000	chr3:427000-428000	chr3	427000	428000
chr3:428000-429000	chr3:428000-429000	chr3	428000	429000
chr3:429000-430000	chr3:429000-430000	chr3	429000	430000
chr3:430000-431000	chr3:430000-431000	chr3	430000	431000
chr3:431000-432000	chr3:431000-432000	chr3	431000	432000
chr3:432000-433000	chr3:432000-433000	chr3	432000	433000
chr3:433000-434000	chr3:433000-434000	chr3	433000	434000
chr3:434000-435000	chr3:434000-435000	chr3	434000	435000
chr3:435000-436000	chr3:435000-436000	chr3	435000	436000
chr3:436000-437000	chr3:436000-437000	chr3	436000	437000
chr3:437000-438000	chr3:437000-438000	chr3	437000	438000
chr3:438000-439000	chr3:438000-439000	chr3	438000	439000
chr3:439000-440000	chr3:439000-440000	chr3	439000	440000
chr3:440000-441000	chr3:440000-441000	chr3	440000	441000
chr3:441000-442000	chr3:441000-442000	chr3	441000	442000
chr3:442000-443000	chr3:442000-443000	chr3	442000	443000
chr3:443000-444000	chr3:443000-444000	chr3	443000	444000
chr3:444000-445000	chr3:444000-445000	chr3	444000	445000
chr3:445000-446000	chr3:445000-446000	chr3	445000	446000
chr3:446000-447000	chr3:446000-447000	chr3	446000	447000
chr3:447000-448000	chr3:447000-448000	chr3	447000	448000
chr3:448000-449000	chr3:448000-449000	chr3	448000	449000
chr3:449000-450000	chr3:449000-450000	chr3	449000	450000
chr3:450000-451000	chr3:450000-451000	chr3	450000	451000
chr3:451000-452000	chr3:451000-452000	chr3	451000	452000
chr3:452000-453000	chr3:452000-453000	chr3	452000	453000
chr3:453000-454000	chr3:453000-454000	chr3	453000	454000
chr3:454000-455000	chr3:454000-455000	chr3	454000	455000
chr3:455000-456000	chr3:455000-456000	chr3	455000	456000
chr3:456000-457000	chr3:456000-457000	chr3	456000	457000
chr3:457000-458000	chr3:457000-458000	chr3	457000	458000
chr3:458000-459000	chr3:458000-459000	chr3	458000	459000
chr3:459000-460000	chr3:459000-460000	chr3	459000	460000
chr3:460000-461000	chr3:460000-461000	chr3	460000	461000
chr3:461000-462000	chr3:461000-462000	chr3	461000	462000
chr3:462000-463000	chr3:462000-463000	chr3	462000	463000
chr3:463000-464000	chr3:463000-464000	chr3	463000	464000
chr3:464000-465000	chr3:464000-465000	chr3	464000	465000
chr3:465000-466000	chr3:465000-466000	chr3	465000	466000
chr3:466000-467000	chr3:466000-467000	chr3	466000	467000
chr3:467000-468000	chr3:467000-468000	chr3	467000	468000
chr3:468000-469000	chr3:468000-469000	chr3	468000	469000
chr3:469000-470000	chr3:469000-470000	chr3	469000	470000
chr3:470000-471000	chr3:470000-471000	chr3	470000	471000
chr3:471000-472000	chr3:471000-472000	chr3	471000	472000
chr3:472000-473000	chr3:472000-473000	chr3	472000	473000
chr3:473000-474000	chr3:473000-474000	chr3	473000	474000
chr3:474000-475000	chr3:474000-475000	chr3	474000	475000
chr3:475000-476000	chr3:475000-476000	chr3	475000	476000
chr3:476000-477000	chr3:476000-477000	chr3	476000	477000
chr3:477000-478000	chr3:477000-478000	chr3	477000	478000
chr3:478000-479000	chr3:478000-479000	chr3	478000	479000
chr3:479000-480000	chr3:479000-480000	chr3	479000	480000
chr3:480000-481000	chr3:480000-481000	chr3	480000	481000
chr3:481000-482000	chr3:481000-482000	chr3	481000	482000
chr3:482000-483000	chr3:482000-483000	chr3	482000	483000
chr3:483000-484000	chr3:483000-484000	chr3	483000	484000
chr3:484000-485000	chr3:484000-485000	chr3	484000	485000
chr3:485000-486000	chr3:485000-486000	chr3	485000	486000
chr3:486000-487000	chr3:486000-487000	chr3	486000	487000
chr3:487000-488000	chr3:487000-488000	chr3	487000	488000
chr3:488000-489000	chr3:488000-489000	chr3	488000	489000
chr3:489000-490000	chr3:489000-490000	chr3	489000	490000
chr3:490000-491000	chr3:490000-491000	chr3	490000	491000
chr3:491000-492000	chr3:491000-492000	chr3	491000	492000
chr3:492000-493000	chr3:492000-493000	chr3	492000	493000
chr3:493000-494000	chr3:493000-494000	chr3	493000	494000
chr3:494000-495000	chr3:494000-495000	chr3	494000	495000
chr3:495000-496000	chr3:495000-496000	chr3	495000	496000
chr3:496000-497000	chr3:496000-497000	chr3	496000	497000
chr3:497000-498000	chr3:497000-498000	chr3	497000	498000
chr3:498000-499000	chr3:498000-499000	chr3	498000	499000
chr3:499000-500000	chr3:499000-500000	chr3	499000	500000
chr4:0-1000	chr4:0-1000	chr4	0	1000
chr4:1000-2000	chr4:1000-2000	chr4	1000	2000
chr4:2000-3000	chr4:2000-3000	chr4	2000	3000
chr4:3000-4000	chr4:3000-4000	chr4	3000	4000
chr4:4000-5000	chr4:4000-5000	chr4	4000	5000
chr4:5000-6000	chr4:5000-6000	chr4	5000	6000
chr4:6000-7000	chr4:6000-7000	chr4	6000	7000
chr4:7000-8000	chr4:7000-8000	chr4	7000	8000
chr4:8000-9000	chr4:8000-9000	chr4	8000	9000
chr4:9000-10000	chr4:9000-10000	chr4	9000	10000
chr4:10000-11000	chr4:10000-11000	chr4	10000	11000
chr4:11000-12000	chr4:11000-12000	chr4	11000	12000
chr4:12000-13000	chr4:12000-13000	chr4	12000	13000
chr4:13000-14000	chr4:13000-14000	chr4	13000	14000
chr4:14000-15000	chr4:14000-15000	chr4	14000	15000
chr4:15000-16000	chr4:15000-16000	chr4	15000	16000
chr4:16000-17000	chr4:16000-17000	chr4	16000	17000
chr4:17000-18000	chr4:17000-18000	chr4	17000	18000
chr4:18000-19000	chr4:18000-19000	chr4	18000	19000
chr4:19000-20000	chr4:19000-20000	chr4	19000	20000
chr4:20000-21000	chr4:20000-21000	chr4	20000	21000
chr4:21000-22000	chr4:21000-22000	chr4	21000	22000
chr4:22000-23000	chr4:22000-23000	chr4	22000	23000
chr4:23000-24000	chr4:23000-24000	chr4	23000	24000
chr4:24000-25000	chr4:24000-25000	chr4	24000	25000
chr4:25000-26000	chr4:25000-26000	chr4	25000	26000
chr4:26000-27000	chr4:26000-27000	chr4	26000	27000
chr4:27000-28000	chr4:27000-28000	chr4	27000	28000
chr4:28000-29000	chr4:28000-29000	chr4	28000	29000
chr4:29000-30000	chr4:29000-30000	chr4	29000	30000
chr4:30000-31000	chr4:30000-31000	chr4	30000	31000
chr4:31000-32000	chr4:31000-32000	chr4	31000	32000
chr4:32000-33000	chr4:32000-33000	chr4	32000	33000
chr4:33000-34000	chr4:33000-34000	chr4	33000	34000
chr4:34000-35000	chr4:34000-35000	chr4	34000	35000
chr4:35000-36000	chr4:35000-36000	chr4	35000	36000
chr4:36000-37000	chr4:36000-37000	chr4	36000	37000
chr4:37000-38000	chr4:37000-38000	chr4	37000	38000
chr4:38000-39000	chr4:38000-39000	chr4	38000	39000
chr4:39000-40000	chr4:39000-40000	chr4	39000	40000
chr4:40000-41000	chr4:40000-41000	chr4	40000	41000
chr4:41000-42000	chr4:41000-42000	chr4	41000	42000
chr4:42000-43000	chr4:42000-43000	chr4	42000	43000
chr4:43000-44000	chr4:43000-44000	chr4	43000	44000
chr4:44000-45000	chr4:44000-45000	chr4	44000	45000
chr4:45000-46000	chr4:45000-46000	chr4	45000	46000
chr4:46000-47000	chr4:46000-47000	chr4	46000	47000
chr4:47000-48000	chr4:47000-48000	chr4	47000	48000
chr4:48000-49000	chr4:48000-49000	chr4	48000	49000
chr4:49000-50000	chr4:49000-50000	chr4	49000	50000
chr4:50000-51000	chr4:50000-51000	chr4	50000	51000
chr4:51000-52000	chr4:51000-52000	chr4	51000	52000
chr4:52000-53000	chr4:52000-53000	chr4	52000	53000
chr4:53000-54000	chr4:53000-54000	chr4	53000	54000
chr4:54000-55000	chr4:54000-55000	chr4	54000	55000
chr4:55000-56000	chr4:55000-56000	chr4	55000	56000
chr4:56000-57000	chr4:56000-57000	chr4	56000	57000
chr4:57000-58000	chr4:57000-58000	chr4	57000	58000
chr4:58000-59000	chr4:58000-59000	chr4	58000	59000
chr4:59000-60000	chr4:59000-60000	chr4	59000	60000
chr4:60000-61000	chr4:60000-61000	chr4	60000	61000
chr4:61000-62000	chr4:61000-62000	chr4	61000	62000
chr4:62000-63000	chr4:62000-63000	chr4	62000	63000
chr4:63000-64000	chr4:63000-64000	chr4	63000	64000
chr4:64000-65000	chr4:64000-65000	chr4	64000	65000
chr4:65000-66000	chr4:65000-66000	chr4	65000	66000
chr4:66000-67000	chr4:66000-67000	chr4	66000	67000
chr4:67000-68000	chr4:67000-68000	chr4	67000	68000
chr4:68000-69000	chr4:68000-69000	chr4	68000	69000
chr4:69000-70000	chr4:69000-70000	chr4	69000	70000
chr4:70000-71000	chr4:70000-71000	chr4	70000	71000
chr4:71000-72000	chr4:71000-72000	chr4	71000	72000
chr4:72000-73000	chr4:72000-73000	chr4	72000	73000
chr4:73000-74000	chr4:73000-74000	chr4	73000	74000
chr4:74000-75000	chr4:74000-75000	chr4	74000	75000
chr4:75000-76000	chr4:75000-76000	chr4	75000	76000
chr4:76000-77000	chr4:76000-77000	chr4	76000	77000
chr4:77000-78000	chr4:77000-78000	chr4	77000	78000
chr4:78000-79000	chr4:78000-79000	chr4	78000	79000
chr4:79000-80000	chr4:79000-80000	chr4	79000	80000
chr4:80000-81000	chr4:80000-81000	chr4	80000	81000
chr4:81000-82000	chr4:81000-82000	chr4	81000	82000
chr4:82000-83000	chr4:82000-83000	chr4	82000	83000
chr4:83000-84000	chr4:83000-84000	chr4	83000	84000
chr4:84000-85000	chr4:84000-85000	chr4	84000	85000
chr4:85000-86000	chr4:85000-86000	chr4	85000	86000
chr4:86000-87000	chr4:86000-87000	chr4	86000	87000
chr4:87000-88000	chr4:87000-88000	chr4	87000	88000
chr4:88000-89000	chr4:88000-89000	chr4	88000	89000
chr4:89000-90000	chr4:89000-90000	chr4	89000	90000
chr4:90000-91000	chr4:90000-91000	chr4	90000	91000
chr4:91000-92000	chr4:91000-92000	chr4	91000	92000
chr4:92000-93000	chr4:92000-93000	chr4	92000	93000
chr4:93000-94000	chr4:93000-94000	chr4	93000	94000
chr4:94000-95000	chr4:94000-95000	chr4	94000	95000
chr4:95000-96000	chr4:95000-96000	chr4	95000	96000
chr4:96000-97000	chr4:96000-97000	chr4	96000	97000
chr4:97000-98000	chr4:97000-98000	chr4	97000	98000
chr4:98000-99000	chr4:98000-99000	chr4	98000	99000
chr4:99000-100000	chr4:99000-100000	chr4	99000	100000
chr4:100000-101000	chr4:100000-101000	chr4	100000	101000
chr4:101000-102000	chr4:101000-102000	chr4	101000	102000
chr4:102000-103000	chr4:102000-103000	chr4	102000	103000
chr4:103000-104000	chr4:103000-104000	chr4	103000	104000
chr4:104000-105000	chr4:104000-105000	chr4	104000	105000
chr4:105000-106000	chr4:105000-106000	chr4	105000	106000
chr4:106000-107000	chr4:106000-107000	chr4	106000	107000
chr4:107000-108000	chr4:107000-108000	chr4	107000	108000
chr4:108000-109000	chr4:108000-109000	chr4	108000	109000
chr4:109000-110000	chr4:109000-110000	chr4	109000	110000
chr4:110000-111000	chr4:110000-111000	chr4	110000	111000
chr4:111000-112000	chr4:111000-112000	chr4	111000	112000
chr4:112000-113000	chr4:112000-113000	chr4	112000	113000
chr4:113000-114000	chr4:113000-114000	chr4	113000	114000
chr4:114000-115000	chr4:114000-115000	chr4	114000	115000
chr4:115000-116000	chr4:115000-116000	chr4	115000	116000
chr4:116000-117000	chr4:116000-117000	chr4	116000	117000
chr4:117000-118000	chr4:117000-118000	chr4	117000	118000
chr4:118000-119000	chr4:118000-119000	chr4	118000	119000
chr4:119000-120000	chr4:119000-120000	chr4	119000	120000
chr4:120000-121000	chr4:120000-121000	chr4	120000	121000
chr4:121000-122000	chr4:121000-122000	chr4	121000	122000
chr4:122000-123000	chr4:122000-123000	chr4	122000	123000
chr4:123000-124000	chr4:123000-124000	chr4	123000	124000
chr4:124000-125000	chr4:124000-125000	chr4	124000	125000
chr4:125000-126000	chr4:125000-126000	chr4	125000	126000
chr4:126000-127000	chr4:126000-127000	chr4	126000	127000
chr4:127000-128000	chr4:127000-128000	chr4	127000	128000
chr4:128000-129000	chr4:128000-129000	chr4	128000	129000
chr4:129000-130000	chr4:129000-130000	chr4	129000	130000
chr4:130000-131000	chr4:130000-131000	chr4	130000	131000
chr4:131000-132000	chr4:131000-132000	chr4	131000	132000
chr4:132000-133000	chr4:132000-133000	chr4	132000	133000
chr4:133000-134000	chr4:133000-134000	chr4	133000	134000
chr4:134000-135000	chr4:134000-135000	chr4	134000	135000
chr4:135000-136000	chr4:135000-136000	chr4	135000	136000
chr4:136000-137000	chr4:136000-137000	chr4	136000	137000
chr4:137000-138000	chr4:137000-138000	chr4	137000	138000
chr4:138000-139000	chr4:138000-139000	chr4	138000	139000
chr4:139000-140000	chr4:139000-140000	chr4	139000	140000
chr4:140000-141000	chr4:140000-141000	chr4	140000	141000
chr4:141000-142000	chr4:141000-142000	chr4	141000	142000
chr4:142000-143000	chr4:142000-143000	chr4	142000	143000
chr4:143000-144000	chr4:143000-144000	chr4	143000	144000
chr4:144000-145000	chr4:144000-145000	chr4	144000	145000
chr4:145000-146000	chr4:145000-146000	chr4	145000	146000
chr4:146000-147000	chr4:146000-147000	chr4	146000	147000
chr4:147000-148000	chr4:147000-148000	chr4	147000	148000
chr4:148000-149000	chr4:148000-149000	chr4	148000	149000
chr4:149000-150000	chr4:149000-150000	chr4	149000	150000
chr4:150000-151000	chr4:150000-151000	chr4	150000	151000
chr4:151000-152000	chr4:151000-152000	chr4	151000	152000
chr4:152000-153000	chr4:152000-153000	chr4	152000	153000
chr4:153000-154000	chr4:153000-154000	chr4	153000	154000
chr4:154000-155000	chr4:154000-155000	chr4	154000	155000
chr4:155000-156000	chr4:155000-156000	chr4	155000	156000
chr4:156000-157000	chr4:156000-157000	chr4	156000	157000
chr4:157000-158000	chr4:157000-158000	chr4	157000	158000
chr4:158000-159000	chr4:158000-159000	chr4	158000	159000
chr4:159000-160000	chr4:159000-160000	chr4	159000	160000
chr4:160000-161000	chr4:160000-161000	chr4	160000	161000
chr4:161000-162000	chr4:161000-162000	chr4	161000	162000
chr4:162000-163000	chr4:162000-163000	chr4	162000	163000
chr4:163000-164000	chr4:163000-164000	chr4	163000	164000
chr4:164000-165000	chr4:164000-165000	chr4	164000	165000
chr4:165000-166000	chr4:165000-166000	chr4	165000	166000
chr4:166000-167000	chr4:166000-167000	chr4	166000	167000
chr4:167000-168000	chr4:167000-168000	chr4	167000	168000
chr4:168000-169000	chr4:168000-169000	chr4	168000	169000
chr4:169000-170000	chr4:169000-170000	chr4	169000	170000
chr4:170000-171000	chr4:170000-171000	chr4	170000	171000
chr4:171000-172000	chr4:171000-172000	chr4	171000	172000
chr4:172000-173000	chr4:172000-173000	chr4	172000	173000
chr4:173000-174000	chr4:173000-174000	chr4	173000	174000
chr4:174000-175000	chr4:174000-175000	chr4	174000	175000
chr4:175000-176000	chr4:175000-176000	chr4	175000	176000
chr4:176000-177000	chr4:176000-177000	chr4	176000	177000
chr4:177000-178000	chr4:177000-178000	chr4	177000	178000
chr4:178000-179000	chr4:178000-179000	chr4	178000	179000
chr4:179000-180000	chr4:179000-180000	chr4	179000	180000
chr4:180000-181000	chr4:180000-181000	chr4	180000	181000
chr4:181000-182000	chr4:181000-182000	chr4	181000	182000
chr4:182000-183000	chr4:182000-183000	chr4	182000	183000
chr4:183000-184000	chr4:183000-184000	chr4	183000	184000
chr4:184000-185000	chr4:184000-185000	chr4	184000	185000
chr4:185000-186000	chr4:185000-186000	chr4	185000	186000
chr4:186000-187000	chr4:186000-187000	chr4	186000	187000
chr4:187000-188000	chr4:187000-188000	chr4	187000	188000
chr4:188000-189000	chr4:188000-189000	chr4	188000	189000
chr4:189000-190000	chr4:189000-190000	chr4	189000	190000
chr4:190000-191000	chr4:190000-191000	chr4	190000	191000
chr4:191000-192000	chr4:191000-192000	chr4	191000	192000
chr4:192000-193000	chr4:192000-193000	chr4	192000	193000
chr4:193000-194000	chr4:193000-194000	chr4	193000	194000
chr4:194000-195000	chr4:194000-195000	chr4	194000	195000
chr4:195000-196000	chr4:195000-196000	chr4	195000	196000
chr4:196000-197000	chr4:196000-197000	chr4	196000	197000
chr4:197000-198000	chr4:197000-198000	chr4	197000	198000
chr4:198000-199000	chr4:198000-199000	chr4	198000	199000
chr4:199000-200000	chr4:199000-200000	chr4	199000	200000
chr4:200000-201000	chr4:200000-201000	chr4	200000	201000
chr4:201000-202000	chr4:201000-202000	chr4	201000	202000
chr4:202000-203000	chr4:202000-203000	chr4	202000	203000
chr4:203000-204000	chr4:203000-204000	chr4	203000	204000
chr4:204000-205000	chr4:204000-205000	chr4	204000	205000
chr4:205000-206000	chr4:205000-206000	chr4	205000	206000
chr4:206000-207000	chr4:206000-207000	chr4	206000	207000
chr4:207000-208000	chr4:207000-208000	chr4	207000	208000
chr4:208000-209000	chr4:208000-209000	chr4	208000	209000
chr4:209000-210000	chr4:209000-210000	chr4	209000	210000
chr4:210000-211000	chr4:210000-211000	chr4	210000	211000
chr4:211000-212000	chr4:211000-212000	chr4	211000	212000
chr4:212000-213000	chr4:212000-213000	chr4	212000	213000
chr4:213000-214000	chr4:213000-214000	chr4	213000	214000
chr4:214000-215000	chr4:214000-215000	chr4	214000	215000
chr4:215000-216000	chr4:215000-216000	chr4	215000	216000
chr4:216000-217000	chr4:216000-217000	chr4	216000	217000
chr4:217000-218000	chr4:217000-218000	chr4	217000	218000
chr4:218000-219000	chr4:218000-219000	chr4	218000	219000
chr4:219000-220000	chr4:219000-220000	chr4	219000	220000
chr4:220000-221000	chr4:220000-221000	chr4	220000	221000
chr4:221000-222000	chr4:221000-222000	chr4	221000	222000
chr4:222000-223000	chr4:222000-223000	chr4	222000	223000
chr4:223000-224000	chr4:223000-224000	chr4	223000	224000
chr4:224000-225000	chr4:224000-225000	chr4	224000	225000
chr4:225000-226000	chr4:225000-226000	chr4	225000	226000
chr4:226000-227000	chr4:226000-227000	chr4	226000	227000
chr4:227000-228000	chr4:227000-228000	chr4	227000	228000
chr4:228000-229000	chr4:228000-229000	chr4	228000	229000
chr4:229000-230000	chr4:229000-230000	chr4	229000	230000
chr4:230000-231000	chr4:230000-231000	chr4	230000	231000
chr4:231000-232000	chr4:231000-232000	chr4	231000	232000
chr4:232000-233000	chr4:232000-233000	chr4	232000	233000
chr4:233000-234000	chr4:233000-234000	chr4	233000	234000
chr4:234000-235000	chr4:234000-235000	chr4	234000	235000
chr4:235000-236000	chr4:235000-236000	chr4	235000	236000
chr4:236000-237000	chr4:236000-237000	chr4	236000	237000
chr4:237000-238000	chr4:237000-238000	chr4	237000	238000
chr4:238000-239000	chr4:238000-239000	chr4	238000	239000
chr4:239000-240000	chr4:239000-240000	chr4	239000	240000
chr4:240000-241000	chr4:240000-241000	chr4	240000	241000
chr4:241000-242000	chr4:241000-242000	chr4	241000	242000
chr4:242000-243000	chr4:242000-243000	chr4	242000	243000
chr4:243000-244000	chr4:243000-244000	chr4	243000	244000
chr4:244000-245000	chr4:244000-245000	chr4	244000	245000
chr4:245000-246000	chr4:245000-246000	chr4	245000	246000
chr4:246000-247000	chr4:246000-247000	chr4	246000	247000
chr4:247000-248000	chr4:247000-248000	chr4	247000	248000
chr4:248000-249000	chr4:248000-249000	chr4	248000	249000
chr4:249000-250000	chr4:249000-250000	chr4	249000	250000
chr4:250000-251000	chr4:250000-251000	chr4	250000	251000
chr4:251000-252000	chr4:251000-252000	chr4	251000	252000
chr4:252000-253000	chr4:252000-253000	chr4	252000	253000
chr4:253000-254000	chr4:253000-254000	chr4	253000	254000
chr4:254000-255000	chr4:254000-255000	chr4	254000	255000
chr4:255000-256000	chr4:255000-256000	chr4	255000	256000
chr4:256000-257000	chr4:256000-257000	chr4	256000	257000
chr4:257000-258000	chr4:257000-258000	chr4	257000	258000
chr4:258000-259000	chr4:258000-259000	chr4	258000	259000
chr4:259000-260000	chr4:259000-260000	chr4	259000	260000
chr4:260000-261000	chr4:260000-261000	chr4	260000	261000
chr4:261000-262000	chr4:261000-262000	chr4	261000	262000
chr4:262000-263000	chr4:262000-263000	chr4	262000	263000
chr4:263000-264000	chr4:263000-264000	chr4	263000	264000
chr4:264000-265000	chr4:264000-265000	chr4	264000	265000
chr4:265000-266000	chr4:265000-266000	chr4	265000	266000
chr4:266000-267000	chr4:266000-267000	chr4	266000	267000
chr4:267000-268000	chr4:267000-268000	chr4	267000	268000
chr4:268000-269000	chr4:268000-269000	chr4	268000	269000
chr4:269000-270000	chr4:269000-270000	chr4	269000	270000
chr4:270000-271000	chr4:270000-271000	chr4	270000	271000
chr4:271000-272000	chr4:271000-272000	chr4	271000	272000
chr4:272000-273000	chr4:272000-273000	chr4	272000	273000
chr4:273000-274000	chr4:273000-274000	chr4	273000	274000
chr4:274000-275000	chr4:274000-275000	chr4	274000	275000
chr4:275000-276000	chr4:275000-276000	chr4	275000	276000
chr4:276000-277000	chr4:276000-277000	chr4	276000	277000
chr4:277000-278000	chr4:277000-278000	chr4	277000	278000
chr4:278000-279000	chr4:278000-279000	chr4	278000	279000
chr4:279000-280000	chr4:279000-280000	chr4	279000	280000
chr4:280000-281000	chr4:280000-281000	chr4	280000	281000
chr4:281000-282000	chr4:281000-282000	chr4	281000	282000
chr4:282000-283000	chr4:282000-283000	chr4	282000	283000
chr4:283000-284000	chr4:283000-284000	chr4	283000	284000
chr4:284000-285000	chr4:284000-285000	chr4	284000	285000
chr4:285000-286000	chr4:285000-286000	chr4	285000	286000
chr4:286000-287000	chr4:286000-287000	chr4	286000	287000
chr4:287000-288000	chr4:287000-288000	chr4	287000	288000
chr4:288000-289000	chr4:288000-289000	chr4	288000	289000
chr4:289000-290000	chr4:289000-290000	chr4	289000	290000
chr4:290000-291000	chr4:290000-291000	chr4	290000	291000
chr4:291000-292000	chr4:291000-292000	chr4	291000	292000
chr4:292000-293000	chr4:292000-293000	chr4	292000	293000
chr4:293000-294000	chr4:293000-294000	chr4	293000	294000
chr4:294000-295000	chr4:294000-295000	chr4	294000	295000
chr4:295000-296000	chr4:295000-296000	chr4	295000	296000
chr4:296000-297000	chr4:296000-297000	chr4	296000	297000
chr4:297000-298000	chr4:297000-298000	chr4	297000	298000
chr4:298000-299000	chr4:298000-299000	chr4	298000	299000
chr4:299000-300000	chr4:299000-300000	chr4	299000	300000
chr4:300000-301000	chr4:300000-301000	chr4	300000	301000
chr4:301000-302000	chr4:301000-302000	chr4	301000	302000
chr4:302000-303000	chr4:302000-303000	chr4	302000	303000
chr4:303000-304000	chr4:303000-304000	chr4	303000	304000
chr4:304000-305000	chr4:304000-305000	chr4	304000	305000
chr4:305000-306000	chr4:305000-306000	chr4	305000	306000
chr4:306000-307000	chr4:306000-307000	chr4	306000	307000
chr4:307000-308000	chr4:307000-308000	chr4	307000	308000
chr4:308000-309000	chr4:308000-309000	chr4	308000	309000
chr4:309000-310000	chr4:309000-310000	chr4	309000	310000
chr4:310000-311000	chr4:310000-311000	chr4	310000	311000
chr4:311000-312000	chr4:311000-312000	chr4	311000	312000
chr4:312000-313000	chr4:312000-313000	chr4	312000	313000
chr4:313000-314000	chr4:313000-314000	chr4	313000	314000
chr4:314000-315000	chr4:314000-315000	chr4	314000	315000
chr4:315000-316000	chr4:315000-316000	chr4	315000	316000
chr4:316000-317000	chr4:316000-317000	chr4	316000	317000
chr4:317000-318000	chr4:317000-318000	chr4	317000	318000
chr4:318000-319000	chr4:318000-319000	chr4	318000	319000
chr4:319000-320000	chr4:319000-320000	chr4	319000	320000
chr4:320000-321000	chr4:320000-321000	chr4	320000	321000
chr4:321000-322000	chr4:321000-322000	chr4	321000	322000
chr4:322000-323000	chr4:322000-323000	chr4	322000	323000
chr4:323000-324000	chr4:323000-324000	chr4	323000	324000
chr4:324000-325000	chr4:324000-325000	chr4	324000	325000
chr4:325000-326000	chr4:325000-326000	chr4	325000	326000
chr4:326000-327000	chr4:326000-327000	chr4	326000	327000
chr4:327000-328000	chr4:327000-328000	chr4	327000	328000
chr4:328000-329000	chr4:328000-329000	chr4	328000	329000
chr4:329000-330000	chr4:329000-330000	chr4	329000	330000
chr4:330000-331000	chr4:330000-331000	chr4	330000	331000
chr4:331000-332000	chr4:331000-332000	chr4	331000	332000
chr4:332000-333000	chr4:332000-333000	chr4	332000	333000
chr4:333000-334000	chr4:333000-334000	chr4	333000	334000
chr4:334000-335000	chr4:334000-335000	chr4	334000	335000
chr4:335000-336000	chr4:335000-336000	chr4	335000	336000
chr4:336000-337000	chr4:336000-337000	chr4	336000	337000
chr4:337000-338000	chr4:337000-338000	chr4	337000	338000
chr4:338000-339000	chr4:338000-339000	chr4	338000	339000
chr4:339000-340000	chr4:339000-340000	chr4	339000	340000
chr4:340000-341000	chr4:340000-341000	chr4	340000	341000
chr4:341000-342000	chr4:341000-342000	chr4	341000	342000
chr4:342000-343000	chr4:342000-343000	chr4	342000	343000
chr4:343000-344000	chr4:343000-344000	chr4	343000	344000
chr4:344000-345000	chr4:344000-345000	chr4	344000	345000
chr4:345000-346000	chr4:345000-346000	chr4	345000	346000
chr4:346000-347000	chr4:346000-347000	chr4	346000	347000
chr4:347000-348000	chr4:347000-348000	chr4	347000	348000
chr4:348000-349000	chr4:348000-349000	chr4	348000	349000
chr4:349000-350000	chr4:349000-350000	chr4	349000	350000
chr4:350000-351000	chr4:350000-351000	chr4	350000	351000
chr4:351000-352000	chr4:351000-352000	chr4	351000	352000
chr4:352000-353000	chr4:352000-353000	chr4	352000	353000
chr4:353000-354000	chr4:353000-354000	chr4	353000	354000
chr4:354000-355000	chr4:354000-355000	chr4	354000	355000
chr4:355000-356000	chr4:355000-356000	chr4	355000	356000
chr4:356000-357000	chr4:356000-357000	chr4	356000	357000
chr4:357000-358000	chr4:357000-358000	chr4	357000	358000
chr4:358000-359000	chr4:358000-359000	chr4	358000	359000
chr4:359000-360000	chr4:359000-360000	chr4	359000	360000
chr4:360000-361000	chr4:360000-361000	chr4	360000	361000
chr4:361000-362000	chr4:361000-362000	chr4	361000	362000
chr4:362000-363000	chr4:362000-363000	chr4	362000	363000
chr4:363000-364000	chr4:363000-364000	chr4	363000	364000
chr4:364000-365000	chr4:364000-365000	chr4	364000	365000
chr4:365000-366000	chr4:365000-366000	chr4	365000	366000
chr4:366000-367000	chr4:366000-367000	chr4	366000	367000
chr4:367000-368000	chr4:367000-368000	chr4	367000	368000
chr4:368000-369000	chr4:368000-369000	chr4	368000	369000
chr4:369000-370000	chr4:369000-370000	chr4	369000	370000
chr4:370000-371000	chr4:370000-371000	chr4	370000	371000
chr4:371000-372000	chr4:371000-372000	chr4	371000	372000
chr4:372000-373000	chr4:372000-373000	chr4	372000	373000
chr4:373000-374000	chr4:373000-374000	chr4	373000	374000
chr4:374000-375000	chr4:374000-375000	chr4	374000	375000
chr4:375000-376000	chr4:375000-376000	chr4	375000	376000
chr4:376000-377000	chr4:376000-377000	chr4	376000	377000
chr4:377000-378000	chr4:377000-378000	chr4	377000	378000
chr4:378000-379000	chr4:378000-379000	chr4	378000	379000
chr4:379000-380000	chr4:379000-380000	chr4	379000	380000
chr4:380000-381000	chr4:380000-381000	chr4	380000	381000
chr4:381000-382000	chr4:381000-382000	chr4	381000	382000
chr4:382000-383000	chr4:382000-383000	chr4	382000	383000
chr4:383000-384000	chr4:383000-384000	chr4	383000	384000
chr4:384000-385000	chr4:384000-385000	chr4	384000	385000
chr4:385000-386000	chr4:385000-386000	chr4	385000	386000
chr4:386000-387000	chr4:386000-387000	chr4	386000	387000
chr4:387000-388000	chr4:387000-388000	chr4	387000	388000
chr4:388000-389000	chr4:388000-389000	chr4	388000	389000
chr4:389000-390000	chr4:389000-390000	chr4	389000	390000
chr4:390000-391000	chr4:390000-391000	chr4	390000	391000
chr4:391000-392000	chr4:391000-392000	chr4	391000	392000
chr4:392000-393000	chr4:392000-393000	chr4	392000	393000
chr4:393000-394000	chr4:393000-394000	chr4	393000	394000
chr4:394000-395000	chr4:394000-395000	chr4	394000	395000
chr4:395000-396000	chr4:395000-396000	chr4	395000	396000
chr4:396000-397000	chr4:396000-397000	chr4	396000	397000
chr4:397000-398000	chr4:397000-398000	chr4	397000	398000
chr4:398000-399000	chr4:398000-399000	chr4	398000	399000
chr4:399000-400000	chr4:399000-400000	chr4	399000	400000
chr4:400000-401000	chr4:400000-401000	chr4	400000	401000
chr4:401000-402000	chr4:401000-402000	chr4	401000	402000
chr4:402000-403000	chr4:402000-403000	chr4	402000	403000
chr4:403000-404000	chr4:403000-404000	chr4	403000	404000
chr4:404000-405000	chr4:404000-405000	chr4	404000	405000
chr4:405000-406000	chr4:405000-406000	chr4	405000	406000
chr4:406000-407000	chr4:406000-407000	chr4	406000	407000
chr4:407000-408000	chr4:407000-408000	chr4	407000	408000
chr4:408000-409000	chr4:408000-409000	chr4	408000	409000
chr4:409000-410000	chr4:409000-410000	chr4	409000	410000
chr4:410000-411000	chr4:410000-411000	chr4	410000	411000
chr4:411000-412000	chr4:411000-412000	chr4	411000	412000
chr4:412000-413000	chr4:412000-413000	chr4	412000	413000
chr4:413000-414000	chr4:413000-414000	chr4	413000	414000
chr4:414000-415000	chr4:414000-415000	chr4	414000	415000
chr4:415000-416000	chr4:415000-416000	chr4	415000	416000
chr4:416000-417000	chr4:416000-417000	chr4	416000	417000
chr4:417000-418000	chr4:417000-418000	chr4	417000	418000
chr4:418000-419000	chr4:418000-419000	chr4	418000	419000
chr4:419000-420000	chr4:419000-420000	chr4	419000	420000
chr4:420000-421000	chr4:420000-421000	chr4	420000	421000
chr4:421000-422000	chr4:421000-422000	chr4	421000	422000
chr4:422000-423000	chr4:422000-423000	chr4	422000	423000
chr4:423000-424000	chr4:423000-424000	chr4	423000	424000
chr4:424000-425000	chr4:424000-425000	chr4	424000	425000
chr4:425000-426000	chr4:425000-426000	chr4	425000	426000
chr4:426000-427000	chr4:426000-427000	chr4	426000	427000
chr4:427000-428000	chr4:427000-428000	chr4	427000	428000
chr4:428000-429000	chr4:428000-429000	chr4	428000	429000
chr4:429000-430000	chr4:429000-430000	chr4	429000	430000
chr4:430000-431000	chr4:430000-431000	chr4	430000	431000
chr4:431000-432000	chr4:431000-432000	chr4	431000	432000
chr4:432000-433000	chr4:432000-433000	chr4	432000	433000
chr4:433000-434000	chr4:433000-434000	chr4	433000	434000
chr4:434000-435000	chr4:434000-435000	chr4	434000	435000
chr4:435000-436000	chr4:435000-436000	chr4	435000	436000
chr4:436000-437000	chr4:436000-437000	chr4	436000	437000
chr4:437000-438000	chr4:437000-438000	chr4	437000	438000
chr4:438000-439000	chr4:438000-439000	chr4	438000	439000
chr4:439000-440000	chr4:439000-440000	chr4	439000	440000
chr4:440000-441000	chr4:440000-441000	chr4	440000	441000
chr4:441000-442000	chr4:441000-442000	chr4	441000	442000
chr4:442000-443000	chr4:442000-443000	chr4	442000	443000
chr4:443000-444000	chr4:443000-444000	chr4	443000	444000
chr4:444000-445000	chr4:444000-445000	chr4	444000	445000
chr4:445000-446000	chr4:445000-446000	chr4	445000	446000
chr4:446000-447000	chr4:446000-447000	chr4	446000	447000
chr4:447000-448000	chr4:447000-448000	chr4	447000	448000
chr4:448000-449000	chr4:448000-449000	chr4	448000	449000
chr4:449000-450000	chr4:449000-450000	chr4	449000	450000
chr4:450000-451000	chr4:450000-451000	chr4	450000	451000
chr4:451000-452000	chr4:451000-452000	chr4	451000	452000
chr4:452000-453000	chr4:452000-453000	chr4	452000	453000
chr4:453000-454000	chr4:453000-454000	chr4	453000	454000
chr4:454000-455000	chr4:454000-455000	chr4	454000	455000
chr4:455000-456000	chr4:455000-456000	chr4	455000	456000
chr4:456000-457000	chr4:456000-457000	chr4	456000	457000
chr4:457000-458000	chr4:457000-458000	chr4	457000	458000
chr4:458000-459000	chr4:458000-459000	chr4	458000	459000
chr4:459000-460000	chr4:459000-460000	chr4	459000	460000
chr4:460000-461000	chr4:460000-461000	chr4	460000	461000
chr4:461000-462000	chr4:461000-462000	chr4	461000	462000
chr4:462000-463000	chr4:462000-463000	chr4	462000	463000
chr4:463000-464000	chr4:463000-464000	chr4	463000	464000
chr4:464000-465000	chr4:464000-465000	chr4	464000	465000
chr4:465000-466000	chr4:465000-466000	chr4	465000	466000
chr4:466000-467000	chr4:466000-467000	chr4	466000	467000
chr4:467000-468000	chr4:467000-468000	chr4	467000	468000
chr4:468000-469000	chr4:468000-469000	chr4	468000	469000
chr4:469000-470000	chr4:469000-470000	chr4	469000	470000
chr4:470000-471000	chr4:470000-471000	chr4	470000	471000
chr4:471000-472000	chr4:471000-472000	chr4	471000	472000
chr4:472000-473000	chr4:472000-473000	chr4	472000	473000
chr4:473000-474000	chr4:473000-474000	chr4	473000	474000
chr4:474000-475000	chr4:474000-475000	chr4	474000	475000
chr4:475000-476000	chr4:475000-476000	chr4	475000	476000
chr4:476000-477000	chr4:476000-477000	chr4	476000	477000
chr4:477000-478000	chr4:477000-478000	chr4	477000	478000
chr4:478000-479000	chr4:478000-479000	chr4	478000	479000
chr4:479000-480000	chr4:479000-480000	chr4	479000	480000
chr4:480000-481000	chr4:480000-481000	chr4	480000	481000
chr4:481000-482000	chr4:481000-482000	chr4	481000	482000
chr4:482000-483000	chr4:482000-483000	chr4	482000	483000
chr4:483000-484000	chr4:483000-484000	chr4	483000	484000
chr4:484000-485000	chr4:484000-485000	chr4	484000	485000
chr4:485000-486000	chr4:485000-486000	chr4	485000	486000
chr4:486000-487000	chr4:486000-487000	chr4	486000	487000
chr4:487000-488000	chr4:487000-488000	chr4	487000	488000
chr4:488000-489000	chr4:488000-489000	chr4	488000	489000
chr4:489000-490000	chr4:489000-490000	chr4	489000	490000
chr4:490000-491000	chr4:490000-491000	chr4	490000	491000
chr4:491000-492000	chr4:491000-492000	chr4	491000	492000
chr4:492000-493000	chr4:492000-493000	chr4	492000	493000
chr4:493000-494000	chr4:493000-494000	chr4	493000	494000
chr4:494000-495000	chr4:494000-495000	chr4	494000	495000
chr4:495000-496000	chr4:495000-496000	chr4	495000	496000
chr4:496000-497000	chr4:496000-497000	chr4	496000	497000
chr4:497000-498000	chr4:497000-498000	chr4	497000	498000
chr4:498000-499000	chr4:498000-499000	chr4	498000	499000
chr4:499000-500000	chr4:499000-500000	chr4	499000	500000
