G104	G1542	1
G511	G760	1
G1090	G1645	1
G2869	G2988	1
G148	G1550	1
G563	G2426	1
G2156	G2162	1
G577	G2766	1
G1625	G2626	1
G693	G2784	1
G660	G2435	1
G1591	G2471	1
G1827	G2274	1
G112	G1628	1
G2208	G2713	1
G153	G374	1
G521	G964	1
G1783	G2274	1
G875	G2951	1
G228	G1682	1
G1452	G1997	1
G885	G2780	1
G1446	G2838	1
G426	G2731	1
G2381	G2730	1
G2676	G2972	1
G660	G2563	1
G925	G2968	1
G2412	G2437	1
G1335	G2063	1
G586	G2865	1
G624	G1704	1
G1251	G2069	1
G364	G2664	1
G1178	G2638	1
G1554	G2475	1
G46	G1136	1
G2462	G2471	1
G1975	G2440	1
G362	G2789	1
G141	G187	1
G364	G685	1
G1681	G2924	1
G693	G2769	1
G2017	G2979	1
G306	G1576	1
G2180	G2983	1
G1591	G2103	1
G1035	G1332	1
G1360	G1868	1
G2017	G2618	1
G1334	G2188	1
G275	G739	1
G2244	G2291	1
G148	G2784	1
G596	G2040	1
G1863	G2175	1
G2864	G2973	1
G194	G2430	1
G501	G2460	1
G691	G827	1
G693	G728	1
G734	G1932	1
G435	G1979	1
G1010	G2597	1
G1446	G2369	1
G899	G1083	1
G1867	G2877	1
G624	G2921	1
G1138	G1589	1
G1261	G1701	1
G2108	G2584	1
G1413	G1907	1
G1500	G2762	1
G960	G2462	1
G1083	G2979	1
G400	G2191	1
G579	G905	1
G11	G2790	1
G187	G2447	1
G1953	G2045	1
G371	G1185	1
G693	G1901	1
G733	G1218	1
G796	G1576	1
G163	G2366	1
G693	G1997	1
G1719	G2620	1
G2236	G2435	1
G2175	G2544	1
G1901	G2838	1
G733	G2462	1
G66	G2885	1
G1949	G2642	1
G734	G2724	1
G1446	G1681	1
G1681	G1903	1
G685	G2780	1
G258	G2869	1
G1446	G2738	1
G993	G1730	1
G642	G1139	1
G1026	G2719	1
G1118	G2296	1
G366	G1997	1
G400	G2441	1
G958	G2780	1
G111	G525	1
G1138	G2295	1
G2180	G2849	1
G148	G2769	1
G835	G2426	1
G2563	G2940	1
G477	G1090	1
G2553	G2789	1
G177	G2214	1
G1828	G2553	1
G613	G2314	1
G1747	G2597	1
G2570	G2798	1
G331	G923	1
G1982	G2346	1
G1726	G2693	1
G2738	G2881	1
G1316	G1382	1
G1982	G2156	1
G708	G1231	1
G1901	G2369	1
G1591	G2351	1
G660	G1997	1
G1741	G2979	1
G1042	G2805	1
G148	G1901	1
G1333	G2046	1
G826	G1635	1
G161	G2980	1
G192	G1606	1
G336	G1751	1
G2143	G2532	1
G405	G1783	1
G1515	G1664	1
G1157	G2969	1
G1243	G1916	1
G882	G1863	1
G827	G2648	1
G456	G2557	1
G622	G1751	1
G1891	G2041	1
G157	G629	1
G2774	G2909	1
G80	G524	1
G331	G577	1
G1298	G1722	1
G955	G2041	1
G11	G2369	1
G577	G1366	1
G1161	G2873	1
G1858	G2465	1
G825	G1871	1
G374	G1027	1
G758	G931	1
G2266	G2949	1
G1382	G1700	1
G2312	G2766	1
G467	G1436	1
G758	G1243	1
G899	G2642	1
G574	G2583	1
G1554	G1564	1
G11	G1681	1
G353	G2949	1
G1328	G2941	1
G2405	G2419	1
G11	G2738	1
G157	G907	1
G45	G647	1
G851	G2065	1
G1576	G1723	1
G141	G1774	1
G1099	G1473	1
G1222	G1888	1
G1492	G2532	1
G1422	G2689	1
G733	G2667	1
G1412	G1764	1
G589	G2671	1
G758	G2834	1
G149	G2961	1
G1971	G2583	1
G2133	G2606	1
G844	G2865	1
G514	G885	1
G686	G1705	1
G1748	G2086	1
G1475	G2912	1
G1255	G1901	1
G1279	G1605	1
G268	G2594	1
G1612	G2563	1
G2175	G2790	1
G715	G890	1
G102	G2429	1
G622	G657	1
G596	G1932	1
G978	G2363	1
G2020	G2440	1
G1751	G2994	1
G1445	G1741	1
G561	G1985	1
G755	G1095	1
G1332	G2435	1
G153	G2620	1
G760	G2977	1
G315	G2435	1
G2405	G2972	1
G613	G2687	1
G1310	G2327	1
G1010	G1858	1
G801	G1645	1
G851	G1093	1
G596	G2724	1
G806	G2789	1
G1010	G2721	1
G1191	G1424	1
G960	G2208	1
G1940	G2223	1
G2232	G2736	1
G827	G2365	1
G828	G1398	1
G2713	G2825	1
G2190	G2748	1
G1332	G2563	1
G885	G2175	1
G462	G2468	1
G823	G1332	1
G1048	G1616	1
G439	G529	1
G1007	G1112	1
G1907	G1924	1
G758	G2870	1
G187	G2620	1
G40	G2230	1
G577	G2951	1
G715	G2599	1
G475	G2365	1
G1606	G2105	1
G2224	G2703	1
G385	G663	1
G514	G1310	1
G1112	G1513	1
G2379	G2503	1
G790	G2773	1
G924	G1090	1
G334	G721	1
G890	G2881	1
G1726	G2468	1
G736	G2810	1
G751	G2685	1
G267	G2730	1
G1418	G1726	1
G215	G1772	1
G613	G2739	1
G691	G1152	1
G1455	G2188	1
G443	G1211	1
G962	G2381	1
G1490	G2710	1
G1877	G1893	1
G1027	G2570	1
G177	G1957	1
G2430	G2563	1
G194	G2569	1
G1397	G1985	1
G1237	G2157	1
G985	G1220	1
G1290	G2866	1
G889	G2644	1
G1526	G1760	1
G2366	G2648	1
G1681	G2405	1
G366	G529	1
G1881	G2741	1
G1093	G2825	1
G1010	G2591	1
G2040	G2406	1
G1612	G1997	1
G642	G1562	1
G456	G1849	1
G934	G1877	1
G1383	G2881	1
G192	G1677	1
G1441	G2380	1
G600	G1513	1
G331	G2877	1
G1496	G2983	1
G480	G1155	1
G2175	G2738	1
G911	G2463	1
G1806	G1867	1
G2013	G2142	1
G1332	G2859	1
G806	G880	1
G1877	G2320	1
G456	G876	1
G1064	G1906	1
G301	G923	1
G64	G2320	1
G958	G2283	1
G958	G2882	1
G1880	G2141	1
G963	G1521	1
G2405	G2583	1
G758	G1397	1
G306	G2327	1
G851	G923	1
G656	G2969	1
G1726	G2263	1
G778	G824	1
G410	G433	1
G964	G2275	1
G1334	G2979	1
G931	G1591	1
G1332	G1997	1
G543	G2347	1
G362	G474	1
G1334	G2618	1
G36	G177	1
G691	G715	1
G148	G2570	1
G1997	G2544	1
G1953	G2877	1
G1010	G2676	1
G197	G1758	1
G422	G2704	1
G1963	G2599	1
G2263	G2758	1
G391	G1877	1
G1039	G2789	1
G437	G794	1
G909	G2312	1
G911	G935	1
G374	G2103	1
G1099	G1971	1
G64	G2300	1
G126	G1446	1
G1413	G1598	1
G875	G2380	1
G715	G1455	1
G1719	G1741	1
G1159	G1835	1
G1428	G2990	1
G1403	G1561	1
G1806	G1849	1
G773	G2377	1
G2435	G2869	1
G1858	G2009	1
G122	G2369	1
G283	G2312	1
G1302	G2917	1
G554	G2180	1
G301	G1543	1
G423	G1112	1
G521	G1139	1
G1255	G2360	1
G1455	G2395	1
G524	G2877	1
G1331	G2859	1
G152	G2247	1
G2012	G2793	1
G374	G734	1
G456	G685	1
G577	G2462	1
G36	G300	1
G931	G2622	1
G462	G1496	1
G586	G2693	1
G1418	G2564	1
G306	G2988	1
G810	G2449	1
G462	G2118	1
G276	G2449	1
G533	G1141	1
G46	G1042	1
G750	G2073	1
G1893	G2869	1
G1237	G1933	1
G685	G1030	1
G563	G586	1
G1849	G2180	1
G399	G2021	1
G149	G445	1
G2138	G2591	1
G2155	G2533	1
G1152	G1513	1
G2599	G2843	1
G1152	G2849	1
G796	G2988	1
G29	G2696	1
G535	G2073	1
G889	G2972	1
G1726	G2118	1
G2398	G2632	1
G2025	G2385	1
G578	G2429	1
G794	G1090	1
G1148	G2470	1
G527	G1893	1
G1159	G1429	1
G1375	G2955	1
G1143	G2465	1
G1473	G2994	1
G1442	G2043	1
G1334	G2730	1
G348	G1140	1
G2553	G2642	1
G133	G2188	1
G444	G2798	1
G2581	G2766	1
G393	G752	1
G963	G2121	1
G882	G907	1
G1422	G1863	1
G375	G1004	1
G2020	G2092	1
G999	G2514	1
G461	G1916	1
G1543	G2730	1
G1777	G1929	1
G1627	G2543	1
G1948	G2435	1
G1141	G2662	1
G577	G806	1
G1606	G2188	1
G2191	G2789	1
G153	G1320	1
G410	G1424	1
G1441	G2232	1
G2105	G2877	1
G2365	G2789	1
G2798	G2972	1
G848	G1058	1
G1550	G2514	1
G1612	G2360	1
G2769	G2940	1
G2165	G2355	1
G1513	G1591	1
G1997	G2790	1
G1010	G2191	1
G168	G421	1
G1957	G2829	1
G1963	G2603	1
G588	G1198	1
G2692	G2902	1
G456	G719	1
G835	G2467	1
G2258	G2365	1
G456	G2963	1
G1907	G2877	1
G629	G2425	1
G1161	G2235	1
G1250	G1489	1
G2730	G2823	1
G830	G2948	1
G188	G2307	1
G959	G2754	1
G1382	G2583	1
G827	G1521	1
G2405	G2514	1
G1893	G2798	1
G2208	G2648	1
G960	G1469	1
G40	G1751	1
G437	G2979	1
G914	G2971	1
G2170	G2490	1
G444	G2175	1
G306	G963	1
G663	G2736	1
G685	G2180	1
G1332	G2360	1
G331	G960	1
G1480	G2544	1
G448	G2916	1
G733	G1469	1
G2620	G2730	1
G1822	G2265	1
G715	G2068	1
G1870	G2814	1
G357	G2974	1
G444	G2283	1
G1329	G2496	1
G2766	G2865	1
G958	G2180	1
G1133	G1452	1
G1027	G1282	1
G1513	G2622	1
G456	G1963	1
G876	G2369	1
G163	G660	1
G374	G2871	1
G964	G1397	1
G104	G810	1
G1238	G2543	1
G2812	G2988	1
G899	G1836	1
G964	G1870	1
G609	G1140	1
G828	G2769	1
G960	G1982	1
G46	G2238	1
G851	G2877	1
G2719	G2837	1
G1934	G2719	1
G182	G1337	1
G1867	G1901	1
G133	G2815	1
G848	G2553	1
G529	G1335	1
G758	G1334	1
G529	G1551	1
G2451	G2814	1
G278	G324	1
G462	G1591	1
G876	G1681	1
G1371	G1871	1
G2009	G2188	1
G187	G1741	1
G1627	G2586	1
G960	G1418	1
G1412	G2532	1
G2162	G2721	1
G960	G1617	1
G2557	G2979	1
G517	G2317	1
G734	G931	1
G1256	G1485	1
G426	G435	1
G2243	G2287	1
G418	G934	1
G187	G1855	1
G57	G1433	1
G750	G2597	1
G828	G1901	1
G956	G2865	1
G962	G2667	1
G1211	G2983	1
G546	G2681	1
G181	G2342	1
G1429	G1455	1
G1482	G2782	1
G1635	G2899	1
G956	G2014	1
G405	G2312	1
G1455	G2979	1
G107	G456	1
G806	G2642	1
G1948	G1997	1
G111	G2846	1
G1524	G2465	1
G1064	G2620	1
G364	G610	1
G514	G1007	1
G1722	G2104	1
G1205	G2980	1
G963	G2447	1
G2441	G2738	1
G1939	G2698	1
G444	G1806	1
G1136	G1224	1
G362	G774	1
G433	G2822	1
G801	G1917	1
G1695	G2190	1
G267	G1916	1
G1309	G2263	1
G2208	G2365	1
G1963	G2068	1
G1152	G1223	1
G1505	G2425	1
G719	G2381	1
G1518	G2517	1
G1957	G2275	1
G577	G2380	1
G586	G2263	1
G2467	G2535	1
G1622	G2869	1
G514	G2597	1
G2877	G2951	1
G827	G2121	1
G1525	G2682	1
G40	G789	1
G1075	G1849	1
G2561	G2895	1
G889	G1671	1
G426	G2303	1
G1763	G2994	1
G11	G1500	1
G362	G2780	1
G2188	G2766	1
G77	G1207	1
G676	G2155	1
G1982	G2435	1
G923	G1948	1
G421	G2609	1
G1388	G2191	1
G280	G1397	1
G835	G2425	1
G402	G2736	1
G443	G1645	1
G163	G1328	1
G646	G1844	1
G1148	G1863	1
G2005	G2674	1
G194	G907	1
G2958	G2993	1
G258	G1335	1
G1916	G2941	1
G423	G773	1
G266	G2214	1
G1700	G2599	1
G1087	G2540	1
G1381	G2369	1
G1480	G2790	1
G2009	G2815	1
G2063	G2496	1
G693	G733	1
G574	G835	1
G744	G2241	1
G590	G828	1
G1801	G2244	1
G824	G1168	1
G1723	G2877	1
G1388	G2441	1
G420	G815	1
G64	G723	1
G1269	G2628	1
G316	G2404	1
G353	G2232	1
G437	G853	1
G2263	G2496	1
G1476	G2606	1
G2242	G2471	1
G1406	G2462	1
G1382	G2514	1
G456	G1719	1
G1118	G1237	1
G1159	G2103	1
G476	G1982	1
G932	G1871	1
G188	G2683	1
G1379	G2277	1
G1034	G1835	1
G1398	G2083	1
G1808	G2111	1
G40	G897	1
G955	G2115	1
G1075	G2664	1
G1078	G1902	1
G596	G2281	1
G157	G964	1
G1916	G2497	1
G1335	G2798	1
G327	G498	1
G331	G2563	1
G200	G1375	1
G1428	G2589	1
G1828	G2877	1
G2583	G2979	1
G529	G1963	1
G1090	G2544	1
G907	G2092	1
G450	G1428	1
G596	G931	1
G1681	G2713	1
G1436	G2382	1
G899	G2535	1
G2092	G2381	1
G596	G1243	1
G572	G2230	1
G896	G2013	1
G554	G1027	1
G331	G2784	1
G197	G2946	1
G691	G1540	1
G2118	G2789	1
G586	G889	1
G773	G2838	1
G1112	G2865	1
G770	G2980	1
G1335	G2025	1
G948	G1102	1
G286	G1174	1
G875	G1332	1
G1912	G1932	1
G1112	G2014	1
G1469	G2175	1
G82	G662	1
G1446	G2591	1
G899	G1030	1
G433	G610	1
G1106	G1152	1
G801	G1923	1
G1335	G1630	1
G1869	G2988	1
G801	G1524	1
G885	G1429	1
G1035	G1288	1
G2721	G2724	1
G596	G2406	1
G36	G1780	1
G596	G2834	1
G1606	G2979	1
G827	G2447	1
G454	G2780	1
G1334	G1916	1
G1508	G2229	1
G1606	G2618	1
G2545	G2972	1
G1953	G2784	1
G2103	G2776	1
G205	G629	1
G958	G1835	1
G444	G2138	1
G331	G2769	1
G773	G2369	1
G1617	G2784	1
G132	G1554	1
G600	G2865	1
G353	G596	1
G1604	G1985	1
G1328	G1849	1
G1625	G1645	1
G577	G2232	1
G336	G2369	1
G18	G1203	1
G2563	G2789	1
G475	G2447	1
G589	G1026	1
G1446	G2676	1
G700	G2471	1
G708	G947	1
G1986	G2118	1
G773	G885	1
G851	G902	1
G2355	G2360	1
G1437	G2319	1
G331	G1901	1
G662	G678	1
G1098	G2447	1
G885	G1027	1
G353	G462	1
G1901	G2591	1
G57	G371	1
G642	G2603	1
G1673	G2156	1
G2026	G2478	1
G283	G1452	1
G1863	G2103	1
G1953	G2769	1
G622	G1681	1
G1455	G2031	1
G18	G1554	1
G529	G1419	1
G1017	G2224	1
G1694	G1933	1
G596	G2870	1
G1948	G2681	1
G630	G1455	1
G809	G1335	1
G1525	G2812	1
G809	G1551	1
G475	G2451	1
G102	G281	1
G107	G2063	1
G189	G851	1
G774	G817	1
G279	G1118	1
G2381	G2553	1
G574	G1948	1
G1161	G1589	1
G177	G354	1
G475	G1441	1
G758	G1112	1
G1445	G1870	1
G715	G899	1
G703	G1828	1
G1008	G1489	1
G80	G1418	1
G558	G1986	1
G889	G1445	1
G1576	G2682	1
G1617	G1901	1
G2564	G2712	1
G1827	G2618	1
G1090	G2790	1
G2301	G2367	1
G1901	G2676	1
G1783	G2979	1
G564	G969	1
G36	G2092	1
G488	G2835	1
G1806	G2822	1
G899	G2180	1
G1335	G1806	1
G529	G1719	1
G1929	G2558	1
G1161	G2295	1
G2142	G2235	1
G1693	G2149	1
G80	G1564	1
G685	G1027	1
G2650	G2812	1
G11	G1010	1
G1954	G2786	1
G2283	G2435	1
G624	G1008	1
G879	G2063	1
G1424	G2498	1
G958	G1027	1
G925	G1417	1
G353	G1332	1
G801	G809	1
G1566	G2115	1
G923	G1828	1
G11	G2676	1
G2784	G2838	1
G1835	G2092	1
G2092	G2462	1
G2105	G2784	1
G46	G1515	1
G554	G2471	1
G577	G596	1
G904	G958	1
G1288	G2877	1
G923	G2940	1
G728	G2366	1
G596	G1397	1
G1251	G2833	1
G2644	G2724	1
G1562	G1671	1
G612	G2489	1
G1162	G1339	1
G1351	G1862	1
G141	G476	1
G596	G1870	1
G496	G1264	1
G2198	G2703	1
G231	G2242	1
G563	G1985	1
G1975	G2162	1
G625	G2682	1
G466	G2525	1
G1140	G2041	1
G630	G696	1
G1452	G2789	1
G1827	G1847	1
G834	G1230	1
G1849	G2471	1
G500	G2175	1
G1308	G1776	1
G2439	G2889	1
G433	G1003	1
G435	G1968	1
G374	G1606	1
G1090	G2369	1
G437	G1916	1
G554	G2103	1
G1554	G2733	1
G543	G1837	1
G362	G2535	1
G153	G2275	1
G433	G1780	1
G673	G943	1
G133	G233	1
G233	G934	1
G734	G1334	1
G1469	G2180	1
G2514	G2563	1
G1090	G1681	1
G581	G1177	1
G2026	G2395	1
G1090	G2738	1
G529	G848	1
G801	G2544	1
G851	G2784	1
G256	G2838	1
G2686	G2780	1
G1499	G1772	1
G1849	G2103	1
G1591	G2426	1
G522	G2547	1
G1564	G1953	1
G194	G1039	1
G1112	G1372	1
G1116	G1849	1
G1903	G2736	1
G331	G2360	1
G2514	G2784	1
G310	G1155	1
G475	G2620	1
G693	G2430	1
G2351	G2496	1
G809	G1963	1
G1742	G1833	1
G2780	G2870	1
G897	G1793	1
G1153	G1225	1
G2667	G2849	1
G192	G2352	1
G989	G1890	1
G700	G1975	1
G1098	G2620	1
G577	G1332	1
G2642	G2838	1
G1957	G2881	1
G576	G1916	1
G2232	G2244	1
G150	G456	1
G907	G1612	1
G967	G2035	1
G577	G801	1
G1223	G1666	1
G1328	G1963	1
G2447	G2758	1
G1469	G2138	1
G38	G774	1
G885	G2103	1
G694	G1269	1
G500	G1806	1
G266	G2736	1
G405	G1452	1
G2073	G2381	1
G2258	G2447	1
G291	G1966	1
G306	G506	1
G1329	G2419	1
G364	G1576	1
G2514	G2769	1
G266	G1261	1
G1092	G2858	1
G1332	G1659	1
G256	G1681	1
G2188	G2568	1
G444	G1429	1
G331	G529	1
G2175	G2676	1
G715	G2758	1
G963	G1320	1
G495	G1112	1
G964	G1112	1
G727	G1992	1
G148	G2430	1
G192	G2425	1
G1739	G1816	1
G150	G1986	1
G581	G1683	1
G858	G2961	1
G1541	G1646	1
G2210	G2892	1
G332	G1971	1
G806	G1249	1
G38	G2780	1
G678	G1488	1
G826	G1881	1
G517	G2429	1
G1243	G2540	1
G1334	G1893	1
G2073	G2951	1
G364	G2977	1
G2341	G2838	1
G696	G2451	1
G1562	G1625	1
G1363	G1601	1
G258	G848	1
G2346	G2597	1
G1696	G2222	1
G987	G1542	1
G445	G2515	1
G907	G2766	1
G774	G1836	1
G911	G2355	1
G1268	G2398	1
G2191	G2780	1
G122	G2591	1
G1833	G2235	1
G1953	G2570	1
G323	G1625	1
G362	G2180	1
G462	G2366	1
G685	G2103	1
G1596	G2713	1
G577	G882	1
G157	G1139	1
G1504	G1572	1
G1329	G2972	1
G2814	G2843	1
G963	G1741	1
G691	G923	1
G350	G1259	1
G958	G2103	1
G1080	G1335	1
G2180	G2468	1
G960	G2843	1
G2447	G2768	1
G960	G2258	1
G1090	G2440	1
G801	G2790	1
G1143	G1884	1
G1008	G1793	1
G2266	G2463	1
G1726	G2366	1
G899	G1835	1
G758	G773	1
G1112	G2693	1
G300	G2540	1
G1012	G2743	1
G216	G758	1
G889	G2435	1
G1500	G1591	1
G2115	G2865	1
G2789	G2843	1
G993	G1500	1
G596	G1334	1
G2369	G2822	1
G586	G1116	1
G631	G2772	1
G1963	G2758	1
G149	G525	1
G2092	G2380	1
G1406	G1469	1
G1488	G1763	1
G455	G1242	1
G809	G1719	1
G46	G1570	1
G36	G1612	1
G2208	G2447	1
G691	G1543	1
G801	G2838	1
G891	G1654	1
G1383	G2812	1
G307	G2019	1
G1452	G2674	1
G1191	G1933	1
G600	G2693	1
G851	G947	1
G1500	G2622	1
G629	G2972	1
G2732	G2966	1
G2865	G2881	1
G216	G2766	1
G967	G1551	1
G187	G1397	1
G1143	G1606	1
G901	G1138	1
G1382	G1948	1
G875	G2258	1
G546	G1979	1
G956	G2263	1
G1406	G1418	1
G187	G1870	1
G1256	G1385	1
G319	G1611	1
G2312	G2856	1
G2073	G2462	1
G315	G1316	1
G801	G2369	1
G2724	G2843	1
G1010	G2723	1
G15	G437	1
G119	G2606	1
G2496	G2865	1
G1932	G2544	1
G2112	G2162	1
G1496	G2693	1
G1704	G2025	1
G1828	G1901	1
G1017	G2190	1
G801	G1681	1
G1303	G1542	1
G36	G2766	1
G1469	G1835	1
G1508	G2188	1
G827	G1320	1
G801	G2738	1
G115	G1968	1
G2758	G2988	1
G454	G2180	1
G586	G2618	1
G715	G1152	1
G1963	G2768	1
G194	G2814	1
G899	G1027	1
G1268	G2340	1
G696	G2620	1
G534	G1742	1
G101	G955	1
G433	G2977	1
G80	G353	1
G1598	G1670	1
G112	G2848	1
G2274	G2366	1
G466	G1913	1
G2538	G2994	1
G683	G1829	1
G693	G2569	1
G931	G1645	1
G1119	G1492	1
G1218	G1978	1
G691	G1159	1
G715	G1382	1
G754	G1135	1
G521	G2068	1
G1835	G2766	1
G784	G2115	1
G1540	G1893	1
G960	G2849	1
G1314	G2586	1
G1320	G2465	1
G815	G1826	1
G194	G433	1
G197	G1994	1
G1130	G1576	1
G755	G885	1
G2232	G2274	1
G642	G899	1
G275	G1485	1
G1334	G2553	1
G899	G2465	1
G714	G1489	1
G827	G1741	1
G694	G723	1
G1332	G2789	1
G2405	G2940	1
G876	G1010	1
G2118	G2835	1
G2789	G2849	1
G629	G2583	1
G315	G2789	1
G916	G2993	1
G2381	G2540	1
G2188	G2380	1
G660	G1083	1
G334	G1585	1
G141	G2682	1
G462	G2017	1
G1010	G1564	1
G2175	G2381	1
G1244	G2525	1
G1010	G1525	1
G1375	G2012	1
G112	G2568	1
G1130	G2977	1
G708	G1303	1
G216	G1953	1
G475	G1741	1
G924	G1329	1
G880	G2664	1
G286	G1914	1
G192	G423	1
G1329	G1671	1
G475	G1855	1
G104	G2469	1
G257	G2895	1
G438	G1499	1
G1098	G1741	1
G1671	G1923	1
G425	G885	1
G586	G2730	1
G454	G574	1
G1856	G2879	1
G1554	G2865	1
G2497	G2681	1
G960	G1446	1
G985	G2222	1
G923	G1383	1
G157	G1562	1
G385	G2812	1
G2191	G2283	1
G1441	G1932	1
G1806	G2516	1
G216	G2988	1
G1420	G2972	1
G176	G2465	1
G2121	G2544	1
G1006	G2687	1
G197	G368	1
G1863	G2405	1
G2365	G2882	1
G275	G924	1
G306	G2121	1
G148	G1863	1
G600	G2468	1
G527	G563	1
G940	G1140	1
G364	G2327	1
G662	G1628	1
G1073	G2588	1
G1269	G2961	1
G2447	G2496	1
G1990	G2201	1
G362	G1835	1
G1339	G1412	1
G2689	G2933	1
G153	G2881	1
G1932	G2790	1
G2724	G2849	1
G2208	G2620	1
G737	G1229	1
G1087	G1901	1
G433	G758	1
G1398	G2044	1
G694	G1978	1
G120	G2312	1
G2469	G2595	1
G2118	G2780	1
G1881	G2734	1
G1054	G2221	1
G1112	G2263	1
G1673	G2435	1
G364	G1953	1
G300	G1310	1
G1066	G1166	1
G2741	G2899	1
G353	G2040	1
G721	G1157	1
G372	G2503	1
G715	G2496	1
G194	G2547	1
G854	G2712	1
G306	G904	1
G1985	G2766	1
G1472	G2517	1
G1984	G2404	1
G775	G2443	1
G1060	G2055	1
G907	G2162	1
G113	G560	1
G1099	G2188	1
G2368	G2597	1
G1006	G2739	1
G515	G2812	1
G1126	G1753	1
G1142	G2673	1
G2809	G2860	1
G1591	G2467	1
G349	G421	1
G364	G2988	1
G461	G2540	1
G1446	G2208	1
G1220	G2210	1
G456	G1576	1
G796	G904	1
G2049	G2857	1
G875	G1446	1
G2365	G2535	1
G1133	G1985	1
G600	G2263	1
G1044	G2493	1
G433	G2766	1
G410	G1933	1
G1562	G2435	1
G1723	G2570	1
G1529	G1666	1
G223	G2310	1
G740	G2953	1
G1550	G1723	1
G2563	G2780	1
G266	G354	1
G630	G642	1
G1268	G2172	1
G1549	G2561	1
G2121	G2860	1
G163	G885	1
G364	G2523	1
G1741	G1924	1
G2162	G2689	1
G999	G1090	1
G636	G930	1
G808	G1403	1
G2103	G2798	1
G596	G1112	1
G773	G2721	1
G835	G2583	1
G1979	G2680	1
G2462	G2467	1
G2395	G2425	1
G1004	G2583	1
G2369	G2443	1
G2190	G2910	1
G317	G2347	1
G899	G2103	1
G1090	G1500	1
G1112	G2105	1
G577	G2258	1
G1748	G2865	1
G1904	G2174	1
G362	G1027	1
G1828	G2570	1
G1496	G2263	1
G1053	G1320	1
G610	G2825	1
G629	G2514	1
G794	G1329	1
G1901	G2208	1
G1932	G2738	1
G1788	G2850	1
G889	G1828	1
G348	G1240	1
G1963	G2496	1
G960	G1223	1
G2540	G2769	1
G1091	G1428	1
G1768	G2241	1
G924	G2869	1
G1130	G2766	1
G1140	G1965	1
G64	G1877	1
G2121	G2790	1
G163	G425	1
G2360	G2822	1
G296	G2374	1
G2	G1075	1
G393	G1268	1
G2648	G2721	1
G1515	G2312	1
G823	G1130	1
G215	G2293	1
G24	G1741	1
G907	G2462	1
G1116	G2822	1
G2241	G2758	1
G1601	G1864	1
G2638	G2712	1
G1109	G2108	1
G1099	G2815	1
G1270	G2864	1
G2103	G2175	1
G1579	G1713	1
G723	G1236	1
G11	G2208	1
G145	G904	1
G773	G2591	1
G1806	G2977	1
G1411	G1714	1
G1610	G2300	1
G433	G2327	1
G1591	G2352	1
G1975	G1980	1
G1986	G2366	1
G1629	G2542	1
G282	G978	1
G283	G1912	1
G252	G923	1
G576	G2553	1
G194	G2465	1
G133	G2320	1
G1316	G2563	1
G1140	G1427	1
G1863	G2026	1
G1948	G2789	1
G1141	G2317	1
G36	G2162	1
G2215	G2627	1
G177	G2693	1
G860	G2903	1
G1965	G2733	1
G2827	G2994	1
G896	G1833	1
G1105	G2038	1
G1671	G2544	1
G773	G1010	1
G658	G1251	1
G2798	G2940	1
G1835	G2951	1
G774	G2814	1
G149	G1313	1
G696	G1741	1
G1496	G2118	1
G197	G1694	1
G734	G773	1
G107	G2798	1
G364	G2949	1
G885	G2405	1
G1469	G2103	1
G1514	G2912	1
G2354	G2877	1
G1860	G2776	1
G1296	G1629	1
G1591	G2425	1
G267	G2540	1
G477	G1806	1
G663	G2274	1
G311	G1256	1
G1116	G1365	1
G1261	G2991	1
G1401	G1445	1
G354	G2838	1
G827	G1726	1
G1381	G2191	1
G353	G2724	1
G80	G1513	1
G107	G1106	1
G1130	G2327	1
G19	G1475	1
G1041	G2908	1
G1930	G2063	1
G1023	G1992	1
G1455	G1540	1
G828	G2470	1
G2355	G2430	1
G924	G2798	1
G2412	G2955	1
G2435	G2924	1
G199	G1141	1
G1429	G2496	1
G475	G775	1
G1997	G2381	1
G521	G899	1
G275	G2822	1
G1725	G2890	1
G1827	G1893	1
G656	G2837	1
G1236	G2568	1
G1716	G2972	1
G1323	G2622	1
G1543	G2341	1
G1152	G1496	1
G574	G918	1
G412	G995	1
G1529	G2063	1
G102	G846	1
G132	G1965	1
G1152	G2118	1
G354	G2369	1
G435	G1573	1
G735	G1536	1
G574	G1103	1
G630	G2768	1
G266	G1971	1
G694	G2892	1
G835	G2514	1
G1525	G2035	1
G1787	G1799	1
G926	G2682	1
G1923	G2814	1
G1099	G1116	1
G1893	G2924	1
G586	G2017	1
G2491	G2754	1
G693	G907	1
G722	G1329	1
G1419	G1455	1
G1558	G2300	1
G354	G1681	1
G714	G891	1
G1154	G2262	1
G896	G1394	1
G144	G2873	1
G1870	G2603	1
G36	G1218	1
G1090	G1747	1
G2137	G2892	1
G1316	G1997	1
G215	G1919	1
G794	G2869	1
G80	G1446	1
G723	G2116	1
G2009	G2320	1
G148	G629	1
G36	G2462	1
G842	G889	1
G1187	G1948	1
G275	G2257	1
G1838	G2255	1
G2790	G2869	1
G797	G2570	1
G1223	G1329	1
G1763	G2311	1
G157	G497	1
G278	G417	1
G1003	G1381	1
G1106	G1543	1
G1555	G1662	1
G307	G1786	1
G1413	G2141	1
G1997	G2162	1
G85	G534	1
G126	G1591	1
G653	G1044	1
G817	G1445	1
G1694	G1696	1
G443	G1681	1
G1139	G2121	1
G2175	G2208	1
G1893	G1903	1
G1171	G2441	1
G1130	G2523	1
G157	G890	1
G1288	G2570	1
G1186	G1418	1
G1434	G1811	1
G586	G1916	1
G148	G907	1
G2327	G2829	1
G751	G1155	1
G1243	G2597	1
G1671	G2790	1
G1741	G2877	1
G642	G1382	1
G141	G1329	1
G773	G2242	1
G419	G983	1
G642	G1897	1
G732	G1064	1
G1186	G1564	1
G2166	G2768	1
G685	G1606	1
G1554	G2901	1
G773	G2191	1
G207	G312	1
G402	G2274	1
G1261	G1823	1
G126	G2005	1
G1106	G1671	1
G1335	G1783	1
G691	G1550	1
G2876	G2919	1
G958	G1606	1
G1521	G2812	1
G1099	G2979	1
G801	G1500	1
G107	G1806	1
G187	G1112	1
G2073	G2202	1
G610	G2583	1
G1191	G1236	1
G806	G2465	1
G596	G773	1
G200	G2079	1
G433	G2949	1
G796	G2620	1
G846	G2348	1
G36	G806	1
G1090	G2676	1
G1099	G2170	1
G107	G266	1
G1249	G2822	1
G1334	G2540	1
G1901	G2723	1
G497	G610	1
G96	G146	1
G642	G715	1
G1034	G2026	1
G691	G2563	1
G153	G554	1
G192	G2972	1
G962	G1920	1
G456	G1953	1
G1772	G2013	1
G196	G2375	1
G963	G1397	1
G2239	G2291	1
G2814	G2865	1
G1933	G2991	1
G122	G2208	1
G477	G2138	1
G736	G1424	1
G924	G1806	1
G963	G1870	1
G2395	G2655	1
G1801	G2607	1
G321	G2161	1
G1562	G1828	1
G2437	G2873	1
G446	G2937	1
G1590	G2529	1
G1446	G1564	1
G1997	G2462	1
G691	G2784	1
G918	G1591	1
G1446	G1525	1
G36	G2667	1
G331	G2430	1
G141	G303	1
G187	G554	1
G424	G2063	1
G1562	G2940	1
G1390	G2991	1
G563	G693	1
G1152	G1591	1
G2312	G2354	1
G456	G2988	1
G868	G1857	1
G2103	G2138	1
G950	G2903	1
G2597	G2768	1
G1238	G1251	1
G1010	G2736	1
G1806	G2327	1
G1130	G2949	1
G1843	G2396	1
G1525	G1551	1
G558	G2798	1
G1361	G2473	1
G252	G1625	1
G1863	G2426	1
G710	G2681	1
G931	G1923	1
G2041	G2497	1
G1625	G1681	1
G931	G1524	1
G479	G2914	1
G629	G835	1
G1223	G1255	1
G1985	G2462	1
G1835	G2667	1
G443	G2440	1
G1806	G1953	1
G709	G1116	1
G1053	G1726	1
G685	G2026	1
G420	G2932	1
G691	G2769	1
G1827	G2553	1
G1123	G2083	1
G558	G1106	1
G57	G922	1
G1397	G1723	1
G1390	G1858	1
G781	G923	1
G454	G2103	1
G145	G2620	1
G139	G1488	1
G393	G2671	1
G589	G2632	1
G337	G2609	1
G1329	G2435	1
G993	G2462	1
G433	G1218	1
G1105	G2153	1
G2397	G2894	1
G2118	G2180	1
G1335	G2924	1
G2490	G2991	1
G2769	G2780	1
G622	G2381	1
G157	G1455	1
G149	G624	1
G444	G2405	1
G163	G1007	1
G1742	G2630	1
G774	G2465	1
G2083	G2815	1
G2355	G2569	1
G11	G1617	1
G1806	G2988	1
G691	G1997	1
G2341	G2591	1
G437	G1924	1
G197	G1123	1
G192	G2583	1
G1039	G2465	1
G2724	G2865	1
G1653	G2145	1
G659	G2909	1
G1622	G2924	1
G139	G2230	1
G141	G2869	1
G1363	G2671	1
G2977	G2983	1
G1116	G1780	1
G2425	G2467	1
G1228	G1566	1
G1446	G2214	1
G1335	G1903	1
G696	G956	1
G641	G678	1
G1140	G2606	1
G426	G609	1
G1016	G2230	1
G1580	G2041	1
G681	G776	1
G1136	G1837	1
G1877	G2570	1
G133	G723	1
G1398	G1966	1
G36	G2380	1
G1264	G2972	1
G122	G331	1
G2341	G2676	1
G1622	G1903	1
G1542	G2595	1
G1112	G1116	1
G315	G500	1
G801	G1747	1
G709	G2979	1
G122	G569	1
G1059	G1485	1
G610	G2514	1
G374	G2425	1
G177	G889	1
G901	G1787	1
G2822	G2865	1
G215	G2437	1
G586	G660	1
G2462	G2655	1
G456	G963	1
G1390	G1823	1
G876	G2208	1
G1923	G2465	1
G503	G1968	1
G891	G1398	1
G889	G1383	1
G907	G2232	1
G987	G1410	1
G993	G1350	1
G506	G2869	1
G2175	G2723	1
G569	G2691	1
G1654	G2846	1
G694	G1398	1
G1835	G2380	1
G1334	G2877	1
G1223	G2798	1
G2074	G2643	1
G1103	G2547	1
G663	G2105	1
G1743	G2415	1
G1985	G2667	1
G85	G1881	1
G826	G2412	1
G960	G1130	1
G1783	G2828	1
G1671	G2440	1
G1480	G2462	1
G575	G1886	1
G1010	G2983	1
G1513	G1524	1
G403	G800	1
G2369	G2766	1
G1687	G2317	1
G239	G2397	1
G1525	G1963	1
G433	G2667	1
G2144	G2470	1
G133	G1978	1
G425	G2721	1
G1429	G2944	1
G1554	G2263	1
G593	G916	1
G2063	G2435	1
G700	G2236	1
G693	G1039	1
G801	G1010	1
G781	G1159	1
G907	G1469	1
G2365	G2465	1
G719	G2983	1
G595	G1003	1
G2283	G2789	1
G586	G1893	1
G1135	G2681	1
G1003	G2908	1
G799	G2743	1
G1090	G2381	1
G1099	G1508	1
G1406	G1446	1
G1441	G2870	1
G801	G2676	1
G1606	G1978	1
G2180	G2366	1
G2092	G2843	1
G448	G932	1
G2263	G2435	1
G629	G1948	1
G539	G2121	1
G1065	G2547	1
G150	G2798	1
G1806	G2949	1
G141	G1106	1
G1313	G2080	1
G157	G2068	1
G1683	G2056	1
G234	G2115	1
G301	G2430	1
G200	G2551	1
G216	G506	1
G306	G1741	1
G264	G2357	1
G663	G1004	1
G122	G2086	1
G712	G808	1
G413	G1350	1
G755	G1010	1
G931	G2544	1
G955	G1848	1
G1547	G2044	1
G2017	G2563	1
G897	G2810	1
G1218	G1550	1
G1637	G2291	1
G148	G1039	1
G890	G1849	1
G691	G2360	1
G882	G993	1
G586	G1328	1
G198	G2115	1
G1452	G2180	1
G192	G2514	1
G1749	G2528	1
G1489	G1763	1
G625	G1849	1
G563	G1143	1
G1083	G2563	1
G1320	G1606	1
G1332	G1836	1
G1763	G2070	1
G758	G2895	1
G107	G1335	1
G619	G949	1
G842	G1116	1
G1903	G2274	1
G907	G1422	1
G729	G1763	1
G911	G1046	1
G899	G1606	1
G36	G2232	1
G2455	G2647	1
G150	G2175	1
G1383	G1849	1
G1573	G2038	1
G1521	G2869	1
G80	G2865	1
G1139	G2040	1
G2347	G2469	1
G364	G506	1
G425	G1010	1
G789	G2230	1
G75	G1741	1
G1475	G1888	1
G1103	G2465	1
G353	G958	1
G1008	G1558	1
G2682	G2979	1
G1159	G2467	1
G715	G923	1
G1149	G2616	1
G1218	G2784	1
G1112	G2730	1
G924	G1335	1
G1903	G2693	1
G924	G1551	1
G2419	G2544	1
G721	G2719	1
G1417	G2415	1
G848	G2441	1
G1223	G1806	1
G1570	G2733	1
G266	G2274	1
G353	G1243	1
G1136	G2291	1
G1748	G2263	1
G2017	G2769	1
G1382	G1666	1
G468	G854	1
G736	G2009	1
G529	G963	1
G169	G1171	1
G437	G2877	1
G1735	G2848	1
G2433	G2551	1
G1335	G2405	1
G1116	G1576	1
G586	G1058	1
G36	G1469	1
G1083	G2769	1
G1205	G2532	1
G1525	G1719	1
G625	G685	1
G2369	G2988	1
G2427	G2733	1
G176	G1606	1
G747	G2535	1
G139	G1751	1
G2162	G2736	1
G1101	G1762	1
G1383	G1551	1
G1741	G2784	1
G600	G2730	1
G1218	G2769	1
G99	G215	1
G113	G1835	1
G1136	G2735	1
G1636	G2535	1
G1795	G2474	1
G889	G1316	1
G715	G1543	1
G1347	G2857	1
G907	G1332	1
G715	G2156	1
G2092	G2849	1
G2719	G2966	1
G1978	G2300	1
G402	G1004	1
G1564	G2447	1
G141	G266	1
G1083	G1901	1
G1116	G2977	1
G200	G2273	1
G1159	G2690	1
G778	G1112	1
G408	G2180	1
G708	G817	1
G1083	G1997	1
G286	G435	1
G2462	G2825	1
G150	G1806	1
G586	G796	1
G216	G1422	1
G2206	G2869	1
G1218	G1901	1
G153	G306	1
G931	G2790	1
G1058	G2263	1
G216	G462	1
G348	G653	1
G2137	G2435	1
G462	G2341	1
G610	G693	1
G348	G2528	1
G2232	G2979	1
G2080	G2921	1
G1148	G1562	1
G781	G967	1
G1329	G1828	1
G286	G2743	1
G1551	G2944	1
G899	G2026	1
G1332	G2882	1
G315	G2283	1
G1741	G2769	1
G1455	G2877	1
G2589	G2966	1
G36	G596	1
G693	G964	1
G1335	G2312	1
G1920	G2241	1
G170	G2658	1
G773	G1825	1
G684	G1342	1
G715	G1671	1
G296	G2460	1
G586	G2553	1
G1835	G2202	1
G1726	G2341	1
G1576	G1963	1
G2870	G2988	1
G1671	G2092	1
G577	G958	1
G1543	G2073	1
G445	G2538	1
G696	G1870	1
G823	G1591	1
G36	G462	1
G1741	G1901	1
G105	G1439	1
G1106	G2435	1
G680	G2040	1
G693	G2814	1
G2191	G2351	1
G716	G1421	1
G1863	G2467	1
G889	G2789	1
G1751	G2360	1
G670	G2824	1
G1268	G2069	1
G985	G1237	1
G1499	G2293	1
G1445	G2497	1
G1932	G2676	1
G3	G949	1
G1424	G2994	1
G625	G719	1
G2610	G2879	1
G194	G755	1
G703	G2780	1
G1500	G2712	1
G2419	G2790	1
G108	G2711	1
G199	G578	1
G148	G964	1
G1725	G2684	1
G283	G2206	1
G610	G835	1
G1963	G2156	1
G801	G2381	1
G806	G1827	1
G1159	G2425	1
G1256	G2667	1
G728	G2838	1
G1332	G2535	1
G1328	G1953	1
G1630	G2535	1
G2381	G2570	1
G275	G2977	1
G794	G1335	1
G408	G574	1
G919	G1140	1
G663	G2395	1
G139	G789	1
G904	G1211	1
G94	G2379	1
G633	G1024	1
G774	G999	1
G931	G2369	1
G216	G801	1
G364	G1521	1
G956	G1916	1
G410	G1696	1
G192	G1515	1
G714	G1694	1
G2730	G2865	1
G824	G2865	1
G2369	G2949	1
G836	G1667	1
G1157	G2525	1
G332	G794	1
G694	G1901	1
G809	G1452	1
G1139	G2724	1
G1496	G2366	1
G161	G226	1
G923	G2780	1
G148	G2814	1
G931	G1681	1
G963	G1112	1
G177	G444	1
G931	G2738	1
G2412	G2584	1
G468	G991	1
G938	G2110	1
G1261	G2919	1
G1328	G2988	1
G2385	G2810	1
G179	G1378	1
G2426	G2522	1
G1382	G2063	1
G362	G1606	1
G149	G1508	1
G1337	G2597	1
G1237	G2072	1
G1596	G2447	1
G1081	G2516	1
G2073	G2843	1
G36	G801	1
G1763	G2533	1
G324	G1216	1
G1383	G1963	1
G2045	G2972	1
G2498	G2919	1
G1118	G2083	1
G1645	G2581	1
G2366	G2881	1
G354	G1747	1
G36	G2168	1
G177	G1116	1
G2583	G2877	1
G1104	G2771	1
G1331	G2535	1
G2360	G2766	1
G2865	G2941	1
G15	G1586	1
G918	G1211	1
G2435	G2713	1
G1130	G2232	1
G163	G366	1
G1508	G2320	1
G1261	G2538	1
G2063	G2940	1
G1152	G2366	1
G1903	G2263	1
G157	G899	1
G194	G1455	1
G233	G674	1
G1700	G2065	1
G2425	G2655	1
G993	G1982	1
G789	G1751	1
G1162	G2981	1
G1869	G2724	1
G1140	G2887	1
G1090	G2208	1
G2719	G2990	1
G899	G1401	1
G1218	G1529	1
G1106	G1997	1
G2283	G2642	1
G354	G2591	1
G1218	G2360	1
G2419	G2738	1
G1564	G2620	1
G1297	G1871	1
G612	G1598	1
G554	G2467	1
G715	G1625	1
G993	G1418	1
G1429	G1543	1
G149	G391	1
G163	G2441	1
G2551	G2779	1
G1513	G2838	1
G720	G2268	1
G1559	G1693	1
G810	G1561	1
G107	G157	1
G1852	G2368	1
G940	G2119	1
G1508	G2300	1
G1591	G2583	1
G2012	G2630	1
G2263	G2681	1
G2523	G2766	1
G1499	G1919	1
G275	G758	1
G1334	G2784	1
G1204	G2955	1
G36	G882	1
G1606	G2877	1
G424	G1255	1
G1543	G2597	1
G1861	G2436	1
G794	G842	1
G2621	G2681	1
G149	G985	1
G601	G1315	1
G1863	G2425	1
G354	G1010	1
G435	G1309	1
G466	G1668	1
G364	G2121	1
G569	G1774	1
G1112	G2017	1
G1157	G1205	1
G1012	G2004	1
G896	G2630	1
G433	G1422	1
G2381	G2441	1
G144	G2295	1
G678	G2155	1
G758	G1923	1
G1605	G2271	1
G681	G2647	1
G433	G625	1
G1237	G1489	1
G2597	G2944	1
G433	G462	1
G75	G956	1
G40	G1966	1
G574	G2835	1
G85	G200	1
G882	G1387	1
G490	G1551	1
G2462	G2583	1
G722	G1335	1
G577	G875	1
G1429	G1671	1
G884	G2331	1
G1515	G2648	1
G2838	G2859	1
G1837	G2469	1
G1758	G2994	1
G355	G534	1
G1004	G1828	1
G2415	G2532	1
G1058	G2478	1
G641	G1628	1
G2019	G2238	1
G407	G2167	1
G374	G600	1
G722	G2664	1
G1027	G2266	1
G1334	G2769	1
G1446	G2983	1
G1489	G2490	1
G794	G1963	1
G610	G1948	1
G1412	G2739	1
G1513	G1681	1
G275	G2766	1
G1116	G2327	1
G1223	G1335	1
G462	G2838	1
G1223	G1551	1
G2468	G2622	1
G529	G2648	1
G885	G2467	1
G1112	G1916	1
G253	G2398	1
G402	G794	1
G2073	G2354	1
G882	G2546	1
G858	G1313	1
G281	G2239	1
G1086	G1293	1
G964	G1867	1
G2538	G2892	1
G1334	G1901	1
G616	G758	1
G1309	G1433	1
G1452	G2465	1
G1741	G2570	1
G2073	G2849	1
G1480	G1982	1
G437	G920	1
G1130	G1422	1
G1806	G1981	1
G1598	G2114	1
G1383	G1719	1
G827	G1112	1
G889	G2674	1
G709	G1382	1
G629	G1090	1
G790	G1730	1
G1783	G2877	1
G879	G1388	1
G1446	G1513	1
G691	G733	1
G141	G1335	1
G1220	G2846	1
G141	G1551	1
G402	G444	1
G1625	G1747	1
G960	G1496	1
G1774	G2583	1
G600	G1916	1
G1015	G1990	1
G1901	G2983	1
G960	G2118	1
G1013	G2425	1
G902	G1741	1
G1932	G2381	1
G744	G1681	1
G1116	G2988	1
G433	G801	1
G1828	G1863	1
G445	G2628	1
G708	G965	1
G1042	G1319	1
G1664	G1998	1
G266	G889	1
G462	G885	1
G902	G1855	1
G1010	G2865	1
G1099	G2320	1
G1098	G1112	1
G2440	G2465	1
G806	G1606	1
G993	G1194	1
G1260	G1364	1
G1962	G2122	1
G353	G1334	1
G1739	G1935	1
G497	G2327	1
G402	G1116	1
G1933	G2538	1
G1116	G2523	1
G958	G2467	1
G1540	G1550	1
G554	G2425	1
G1562	G2789	1
G642	G923	1
G2505	G2844	1
G267	G2570	1
G923	G2175	1
G825	G2460	1
G133	G1398	1
G1780	G2838	1
G758	G809	1
G923	G2283	1
G104	G784	1
G794	G1419	1
G830	G1507	1
G959	G2314	1
G157	G2758	1
G1390	G2538	1
G2449	G2484	1
G515	G1963	1
G348	G533	1
G529	G2365	1
G1469	G2426	1
G266	G1004	1
G475	G554	1
G723	G1016	1
G2560	G2892	1
G841	G2837	1
G2181	G2905	1
G2490	G2919	1
G1310	G1397	1
G1547	G1966	1
G1591	G2514	1
G1187	G1666	1
G1310	G1870	1
G192	G1948	1
G1007	G1780	1
G197	G1191	1
G507	G1666	1
G1244	G1764	1
G858	G2846	1
G1335	G2713	1
G1772	G1833	1
G660	G2465	1
G1551	G2346	1
G531	G2464	1
G462	G1310	1
G1455	G1550	1
G2175	G2843	1
G2496	G2730	1
G1625	G2676	1
G1282	G1806	1
G2103	G2924	1
G787	G2804	1
G11	G2849	1
G334	G2098	1
G1027	G1139	1
G1305	G2150	1
G1780	G2369	1
G2405	G2835	1
G2103	G2297	1
G587	G1240	1
G2849	G2988	1
G2425	G2825	1
G1741	G2685	1
G139	G1547	1
G2462	G2514	1
G885	G2425	1
G784	G1848	1
G2490	G2538	1
G126	G1645	1
G1834	G2746	1
G2418	G2497	1
G402	G2979	1
G1455	G2563	1
G801	G2208	1
G402	G2618	1
G656	G1205	1
G36	G1850	1
G2449	G2973	1
G457	G1726	1
G2676	G2798	1
G461	G700	1
G2138	G2865	1
G150	G1429	1
G194	G1387	1
G561	G2545	1
G1982	G2882	1
G758	G2544	1
G835	G1090	1
G2945	G2963	1
G1261	G2628	1
G925	G1040	1
G1500	G1524	1
G2121	G2381	1
G438	G2741	1
G1329	G1383	1
G955	G1664	1
G1696	G2230	1
G958	G2352	1
G1455	G2784	1
G882	G899	1
G1027	G1406	1
G1235	G1495	1
G2188	G2210	1
G456	G1521	1
G1039	G1606	1
G1916	G2766	1
G744	G2440	1
G1903	G2188	1
G1116	G2949	1
G662	G2848	1
G868	G2142	1
G714	G2799	1
G1499	G2437	1
G1864	G2098	1
G1948	G2180	1
G1166	G1822	1
G1138	G1787	1
G141	G1963	1
G810	G1309	1
G1335	G1452	1
G1739	G2144	1
G2557	G2769	1
G586	G2540	1
G2041	G2783	1
G258	G2365	1
G774	G1455	1
G960	G1591	1
G2303	G2856	1
G46	G1140	1
G901	G2741	1
G122	G2843	1
G574	G2798	1
G539	G1741	1
G306	G1397	1
G1418	G1551	1
G1630	G2547	1
G1249	G2327	1
G1610	G1877	1
G1255	G2465	1
G1116	G1989	1
G1475	G2021	1
G1564	G1741	1
G958	G2425	1
G1967	G2816	1
G1256	G1422	1
G1455	G2769	1
G1877	G2470	1
G613	G1428	1
G1742	G2404	1
G266	G2188	1
G1521	G1551	1
G1090	G1617	1
G443	G2381	1
G2497	G2780	1
G866	G2144	1
G245	G2263	1
G616	G2523	1
G490	G1419	1
G1334	G2570	1
G450	G1157	1
G848	G2689	1
G1971	G2798	1
G796	G1870	1
G515	G1719	1
G662	G2568	1
G1090	G1564	1
G1896	G2328	1
G715	G2435	1
G1455	G1901	1
G556	G841	1
G1090	G1525	1
G626	G792	1
G662	G1966	1
G1264	G1948	1
G374	G2583	1
G2430	G2547	1
G268	G1966	1
G600	G660	1
G444	G2467	1
G892	G1003	1
G2175	G2849	1
G723	G1758	1
G157	G1152	1
G696	G1112	1
G574	G2175	1
G444	G475	1
G303	G451	1
G1867	G2814	1
G875	G1591	1
G1719	G2895	1
G1806	G2731	1
G275	G2949	1
G1893	G2116	1
G444	G586	1
G1112	G1893	1
G2360	G2462	1
G2465	G2822	1
G642	G2877	1
G474	G2119	1
G1136	G2232	1
G923	G2180	1
G1187	G2063	1
G2025	G2810	1
G507	G2063	1
G157	G1382	1
G1601	G2398	1
G1476	G2133	1
G511	G1053	1
G1378	G2316	1
G1040	G2069	1
G141	G1419	1
G758	G2790	1
G102	G2588	1
G456	G2121	1
G2583	G2784	1
G794	G1783	1
G733	G2626	1
G1445	G1867	1
G462	G2073	1
G456	G824	1
G1612	G2465	1
G1027	G2274	1
G931	G1500	1
G1806	G2168	1
G1310	G1334	1
G1551	G1625	1
G875	G2622	1
G11	G1223	1
G1863	G1985	1
G564	G2375	1
G1651	G2810	1
G1566	G1630	1
G2121	G2462	1
G351	G2712	1
G2046	G2467	1
G1112	G1328	1
G1726	G2073	1
G1606	G2563	1
G145	G1870	1
G2736	G2838	1
G157	G715	1
G1384	G1621	1
G1963	G2435	1
G1285	G2924	1
G923	G2138	1
G762	G1207	1
G1550	G2798	1
G283	G2115	1
G2583	G2769	1
G1332	G2465	1
G907	G1932	1
G122	G1513	1
G1478	G2359	1
G1583	G2689	1
G691	G2430	1
G1793	G2197	1
G1671	G2381	1
G85	G2412	1
G1027	G1562	1
G657	G2381	1
G202	G2395	1
G1606	G2784	1
G2544	G2597	1
G574	G1806	1
G529	G1521	1
G1982	G2180	1
G1625	G2381	1
G1987	G2041	1
G715	G1997	1
G2425	G2583	1
G266	G794	1
G809	G2365	1
G2405	G2798	1
G604	G1252	1
G1139	G2406	1
G1543	G2191	1
G601	G2609	1
G600	G1328	1
G2083	G2320	1
G1666	G2010	1
G1007	G2977	1
G773	G1957	1
G1932	G2208	1
G149	G2300	1
G1521	G1963	1
G2103	G2405	1
G181	G1979	1
G443	G2462	1
G1836	G2369	1
G1671	G2951	1
G226	G2999	1
G2435	G2648	1
G2430	G2465	1
G889	G2780	1
G525	G2815	1
G1261	G1523	1
G2736	G2738	1
G2360	G2667	1
G801	G2723	1
G1606	G2769	1
G301	G1249	1
G266	G444	1
G723	G2072	1
G2040	G2790	1
G501	G1900	1
G1179	G2176	1
G77	G193	1
G148	G1562	1
G1671	G2162	1
G2490	G2628	1
G1058	G2730	1
G1428	G2687	1
G1233	G2129	1
G794	G2924	1
G1696	G1751	1
G1010	G2693	1
G2790	G2924	1
G1387	G2766	1
G374	G2514	1
G402	G827	1
G645	G1611	1
G282	G552	1
G1606	G1901	1
G610	G1090	1
G2327	G2682	1
G629	G1666	1
G2230	G2946	1
G846	G1565	1
G266	G1116	1
G691	G880	1
G1388	G2657	1
G2035	G2773	1
G1087	G2522	1
G837	G2264	1
G1827	G2784	1
G462	G1007	1
G882	G1538	1
G456	G2447	1
G1161	G1499	1
G1645	G2369	1
G1429	G2435	1
G2234	G2692	1
G193	G1203	1
G202	G2046	1
G439	G2970	1
G1329	G2789	1
G1963	G1997	1
G476	G2241	1
G1305	G1605	1
G1645	G1681	1
G2238	G2244	1
G462	G2597	1
G1428	G2739	1
G1645	G2738	1
G1916	G2949	1
G1455	G2570	1
G456	G2451	1
G519	G1789	1
G2078	G2894	1
G267	G1264	1
G539	G1726	1
G1524	G2419	1
G529	G2121	1
G785	G2858	1
G1112	G2553	1
G1903	G2979	1
G405	G1726	1
G1483	G1942	1
G1827	G2769	1
G1140	G2621	1
G642	G960	1
G703	G1835	1
G801	G1564	1
G295	G2889	1
G2355	G2547	1
G1478	G2988	1
G215	G901	1
G801	G1525	1
G1469	G2467	1
G1446	G2865	1
G1550	G1806	1
G558	G1903	1
G1332	G1716	1
G1630	G1716	1
G132	G1848	1
G1726	G2597	1
G2461	G2880	1
G848	G1863	1
G1452	G1827	1
G723	G1489	1
G275	G2667	1
G259	G2312	1
G364	G1932	1
G522	G2496	1
G1203	G2681	1
G680	G2406	1
G1140	G1294	1
G1448	G2681	1
G539	G956	1
G141	G1783	1
G315	G2103	1
G578	G2588	1
G1827	G1901	1
G554	G1075	1
G780	G1515	1
G292	G1424	1
G1671	G2462	1
G1835	G1932	1
G505	G2920	1
G596	G1923	1
G266	G2979	1
G1305	G2920	1
G1893	G2365	1
G215	G2404	1
G364	G2724	1
G266	G2618	1
G600	G2553	1
G2535	G2838	1
G577	G1591	1
G1157	G2966	1
G195	G2909	1
G331	G2814	1
G923	G1835	1
G574	G2138	1
G2497	G2535	1
G755	G1564	1
G1080	G2648	1
G1040	G1743	1
G755	G1525	1
G1387	G1953	1
G2544	G2721	1
G1382	G2798	1
G2425	G2514	1
G1123	G1966	1
G2441	G2849	1
G2738	G2977	1
G182	G2058	1
G122	G1223	1
G773	G2736	1
G2293	G2741	1
G703	G894	1
G899	G2425	1
G1500	G2838	1
G569	G1318	1
G768	G2651	1
G824	G889	1
G931	G1010	1
G554	G600	1
G1901	G2865	1
G374	G521	1
G1004	G1986	1
G194	G1390	1
G693	G1827	1
G1225	G2234	1
G1966	G2921	1
G1598	G1907	1
G1610	G2246	1
G1494	G1801	1
G931	G2676	1
G1971	G2138	1
G506	G1783	1
G1429	G1997	1
G835	G1666	1
G1591	G2115	1
G576	G2242	1
G2380	G2812	1
G1381	G2983	1
G527	G1863	1
G1300	G1929	1
G728	G1010	1
G410	G828	1
G1948	G2465	1
G425	G1564	1
G1754	G2129	1
G1472	G1749	1
G4	G1931	1
G2063	G2789	1
G1223	G2924	1
G2180	G2341	1
G1562	G2835	1
G923	G1429	1
G2178	G2784	1
G703	G1027	1
G1591	G1948	1
G1915	G2044	1
G663	G715	1
G1390	G1523	1
G924	G2312	1
G1013	G1648	1
G2648	G2736	1
G150	G1331	1
G524	G2814	1
G2072	G2994	1
G1606	G2360	1
G445	G1261	1
G2263	G2789	1
G699	G2697	1
G1382	G2175	1
G49	G1445	1
G1500	G1681	1
G302	G2805	1
G629	G2063	1
G1500	G2738	1
G266	G2730	1
G932	G2460	1
G1008	G2025	1
G2274	G2597	1
G1979	G2974	1
G1075	G2121	1
G1561	G2252	1
G828	G2245	1
G1513	G1747	1
G46	G1664	1
G1694	G1793	1
G1223	G1903	1
G1589	G1742	1
G889	G2175	1
G141	G2924	1
G1156	G1660	1
G1932	G2723	1
G2327	G2812	1
G456	G2620	1
G461	G2689	1
G1320	G2496	1
G1671	G2667	1
G1700	G2435	1
G923	G1027	1
G187	G1867	1
G1007	G2327	1
G577	G2241	1
G1469	G2425	1
G642	G1550	1
G174	G1030	1
G1489	G2921	1
G393	G770	1
G2320	G2848	1
G564	G1427	1
G596	G809	1
G1099	G2540	1
G1328	G1521	1
G462	G2721	1
G1739	G2222	1
G1010	G2263	1
G1336	G1749	1
G577	G1068	1
G828	G2498	1
G1606	G2570	1
G1998	G2662	1
G2078	G2958	1
G153	G1849	1
G433	G1932	1
G1159	G2041	1
G560	G2114	1
G894	G1849	1
G141	G1903	1
G1551	G2563	1
G126	G1524	1
G301	G722	1
G1140	G1141	1
G177	G1893	1
G693	G890	1
G1179	G1801	1
G423	G2766	1
G642	G2563	1
G153	G876	1
G962	G2626	1
G2822	G2979	1
G952	G1990	1
G1748	G1916	1
G1932	G1982	1
G506	G2924	1
G1013	G1042	1
G1598	G2561	1
G577	G2010	1
G200	G2793	1
G2705	G2951	1
G2105	G2814	1
G1917	G2478	1
G866	G2222	1
G1382	G1806	1
G168	G2429	1
G563	G2682	1
G436	G2635	1
G445	G2961	1
G1524	G1543	1
G159	G826	1
G503	G2936	1
G642	G2784	1
G46	G1806	1
G773	G2983	1
G1191	G1489	1
G1774	G1948	1
G734	G2790	1
G1863	G2583	1
G2366	G2812	1
G727	G1842	1
G890	G2977	1
G967	G2365	1
G336	G2983	1
G1327	G2108	1
G923	G2368	1
G1986	G2073	1
G2162	G2274	1
G2300	G2490	1
G1157	G2990	1
G610	G918	1
G1907	G2814	1
G310	G2948	1
G962	G1068	1
G789	G1118	1
G1007	G2523	1
G405	G1571	1
G693	G1841	1
G622	G2983	1
G960	G2366	1
G932	G1289	1
G462	G2591	1
G558	G2405	1
G851	G964	1
G1130	G1932	1
G596	G2544	1
G400	G1116	1
G226	G1251	1
G894	G2664	1
G239	G1502	1
G2368	G2453	1
G153	G685	1
G1106	G1316	1
G956	G2540	1
G15	G1228	1
G374	G835	1
G2545	G2780	1
G834	G1203	1
G1605	G2221	1
G1452	G1606	1
G2041	G2427	1
G642	G2769	1
G1130	G2724	1
G414	G426	1
G1671	G2380	1
G1783	G2570	1
G366	G755	1
G1524	G1671	1
G1948	G2103	1
G1305	G2890	1
G744	G1010	1
G642	G2859	1
G993	G1288	1
G1806	G2040	1
G835	G2063	1
G809	G2121	1
G1090	G2843	1
G851	G2814	1
G306	G554	1
G2138	G2263	1
G362	G2425	1
G2250	G2293	1
G410	G1614	1
G907	G1133	1
G1551	G1997	1
G846	G1653	1
G622	G2849	1
G1691	G1954	1
G1793	G2025	1
G1328	G2121	1
G642	G1901	1
G1785	G2921	1
G784	G2595	1
G275	G2232	1
G334	G1697	1
G200	G1772	1
G642	G1997	1
G714	G1191	1
G660	G755	1
G995	G1691	1
G1363	G2561	1
G2514	G2814	1
G758	G2092	1
G2433	G2793	1
G301	G433	1
G335	G2814	1
G546	G1561	1
G781	G1659	1
G2274	G2721	1
G993	G1223	1
G923	G2471	1
G1236	G2355	1
G2547	G2597	1
G931	G2381	1
G331	G2465	1
G437	G1264	1
G2471	G2766	1
G529	G2620	1
G1116	G1422	1
G1018	G2743	1
G1550	G1551	1
G2103	G2426	1
G1313	G2009	1
G1226	G2122	1
G694	G2470	1
G1261	G2961	1
G122	G2865	1
G824	G2395	1
G336	G1920	1
G1106	G2789	1
G1035	G2581	1
G554	G2583	1
G180	G799	1
G1564	G1870	1
G835	G1087	1
G693	G1455	1
G1013	G2238	1
G622	G1920	1
G2198	G2474	1
G443	G1469	1
G889	G2180	1
G1332	G1827	1
G723	G891	1
G2180	G2838	1
G1007	G2949	1
G610	G1666	1
G902	G2881	1
G923	G2103	1
G907	G958	1
G660	G1606	1
G450	G1244	1
G534	G1881	1
G1064	G2557	1
G2080	G2875	1
G354	G1617	1
G1849	G2583	1
G1090	G2983	1
G1710	G2877	1
G1523	G2846	1
G2738	G2988	1
G596	G2790	1
G188	G2003	1
G1446	G2693	1
G1758	G1978	1
G2655	G2784	1
G758	G1500	1
G2274	G2591	1
G497	G596	1
G2814	G2933	1
G49	G2435	1
G958	G2972	1
G99	G2235	1
G177	G2553	1
G1251	G1864	1
G1863	G2514	1
G194	G2496	1
G806	G1381	1
G2299	G2537	1
G1237	G1694	1
G1625	G1949	1
G148	G1455	1
G985	G2686	1
G2271	G2511	1
G275	G596	1
G964	G1780	1
G300	G2522	1
G2465	G2977	1
G911	G1730	1
G2086	G2597	1
G563	G2812	1
G1138	G2741	1
G1576	G2713	1
G454	G2425	1
G1218	G2569	1
G1494	G3003	1
G885	G2583	1
G2316	G2347	1
G311	G1985	1
G192	G456	1
G462	G2191	1
G1220	G1488	1
G1903	G1916	1
G275	G1422	1
G1403	G2681	1
G1090	G1513	1
G1090	G2849	1
G1112	G2540	1
G450	G2719	1
G275	G462	1
G150	G2405	1
G258	G2620	1
G685	G828	1
G1328	G2447	1
G1152	G2341	1
G374	G1948	1
G2380	G2869	1
G1282	G1783	1
G1806	G1932	1
G1982	G2103	1
G587	G2775	1
G1334	G2430	1
G1901	G2693	1
G177	G1540	1
G546	G2071	1
G1231	G1561	1
G426	G2559	1
G462	G2441	1
G762	G1750	1
G456	G1741	1
G256	G2983	1
G907	G1130	1
G2080	G2946	1
G511	G1971	1
G1118	G2848	1
G1806	G2724	1
G187	G924	1
G300	G1053	1
G828	G2937	1
G997	G1120	1
G456	G1855	1
G266	G1916	1
G1930	G2924	1
G2366	G2941	1
G734	G2440	1
G334	G2069	1
G774	G2768	1
G1625	G2723	1
G1774	G1828	1
G600	G2540	1
G924	G2713	1
G336	G1223	1
G1979	G2316	1
G2263	G2642	1
G1204	G2108	1
G141	G2312	1
G1751	G2080	1
G514	G2274	1
G2573	G2589	1
G1419	G2892	1
G899	G1700	1
G1161	G1787	1
G2642	G2983	1
G2037	G2104	1
G360	G2525	1
G685	G2583	1
G205	G715	1
G622	G1223	1
G947	G1555	1
G1529	G2924	1
G1090	G1446	1
G327	G2915	1
G1398	G2210	1
G890	G2327	1
G423	G2162	1
G1255	G1455	1
G1916	G2232	1
G2230	G2876	1
G322	G2952	1
G958	G2583	1
G1027	G2068	1
G1741	G1863	1
G1566	G2368	1
G625	G2327	1
G964	G2092	1
G36	G958	1
G380	G1076	1
G1118	G1816	1
G1933	G2961	1
G275	G1332	1
G133	G858	1
G1907	G2244	1
G703	G1331	1
G514	G2693	1
G1719	G2822	1
G1671	G1982	1
G275	G801	1
G364	G2275	1
G1099	G1398	1
G107	G1452	1
G1079	G2469	1
G554	G2514	1
G366	G1677	1
G193	G1360	1
G744	G2381	1
G801	G2843	1
G1833	G1984	1
G1012	G1894	1
G1864	G2069	1
G2535	G2597	1
G1948	G2970	1
G364	G931	1
G885	G2206	1
G1508	G1877	1
G1881	G2899	1
G1591	G1723	1
G2144	G2498	1
G80	G2366	1
G1923	G2768	1
G393	G845	1
G433	G2355	1
G610	G2063	1
G1033	G2227	1
G828	G1148	1
G2341	G2983	1
G2435	G2447	1
G935	G2035	1
G952	G1100	1
G1483	G2319	1
G789	G1944	1
G1157	G1764	1
G2620	G2689	1
G476	G2933	1
G890	G2988	1
G215	G2955	1
G1383	G1953	1
G301	G2465	1
G1058	G1893	1
G1881	G2250	1
G2780	G2790	1
G545	G2819	1
G2419	G2462	1
G1502	G2078	1
G1655	G2754	1
G312	G1841	1
G882	G2944	1
G923	G1331	1
G2355	G2803	1
G1282	G2924	1
G24	G2497	1
G851	G2465	1
G2638	G2880	1
G755	G2453	1
G1416	G1985	1
G2381	G2522	1
G1106	G2674	1
G1335	G1985	1
G126	G2838	1
G2026	G2570	1
G1329	G2780	1
G1738	G2499	1
G529	G1320	1
G2465	G2766	1
G882	G2828	1
G1383	G2988	1
G758	G1612	1
G2421	G2686	1
G2490	G2961	1
G36	G1130	1
G538	G1487	1
G2092	G2622	1
G563	G1329	1
G157	G923	1
G693	G1099	1
G1365	G1452	1
G885	G2514	1
G1707	G2836	1
G1332	G1606	1
G565	G2830	1
G291	G2625	1
G634	G2072	1
G1515	G1741	1
G1848	G2238	1
G349	G2317	1
G1366	G2768	1
G1610	G2919	1
G1901	G2468	1
G161	G360	1
G263	G2692	1
G1261	G1473	1
G762	G856	1
G1446	G2263	1
G586	G2570	1
G2467	G2972	1
G1017	G2474	1
G801	G2983	1
G1090	G1223	1
G1645	G1747	1
G1758	G2892	1
G794	G2713	1
G1562	G2180	1
G1201	G2400	1
G2188	G2976	1
G529	G1741	1
G126	G1681	1
G2166	G2940	1
G1224	G2685	1
G2713	G2963	1
G126	G2738	1
G624	G2049	1
G1288	G2814	1
G519	G552	1
G2283	G2471	1
G2139	G2450	1
G529	G1855	1
G194	G2159	1
G1672	G2777	1
G148	G1099	1
G325	G2485	1
G424	G2924	1
G1029	G1491	1
G758	G2766	1
G429	G1332	1
G1320	G2419	1
G1858	G2940	1
G1445	G1598	1
G889	G1429	1
G163	G2736	1
G931	G2208	1
G899	G2419	1
G1331	G1606	1
G182	G380	1
G1143	G1948	1
G958	G2514	1
G904	G1681	1
G801	G1513	1
G1010	G1116	1
G801	G2849	1
G365	G1357	1
G1901	G2263	1
G964	G2977	1
G625	G963	1
G2073	G2118	1
G1398	G2421	1
G1455	G2430	1
G723	G1994	1
G1133	G2682	1
G433	G958	1
G1152	G2838	1
G266	G660	1
G1236	G2222	1
G349	G2163	1
G231	G497	1
G433	G931	1
G739	G1190	1
G1044	G2485	1
G1099	G1877	1
G2056	G2760	1
G742	G1233	1
G1473	G2080	1
G2846	G2921	1
G194	G1638	1
G461	G629	1
G774	G2496	1
G36	G875	1
G1446	G2118	1
G362	G1700	1
G374	G2940	1
G823	G1524	1
G634	G1489	1
G896	G1375	1
G2682	G2877	1
G723	G2876	1
G794	G1452	1
G806	G2908	1
G1397	G1551	1
G122	G2693	1
G889	G1027	1
G734	G2092	1
G1190	G2031	1
G364	G1397	1
G2063	G2780	1
G1445	G1780	1
G1320	G2972	1
G196	G1141	1
G612	G2232	1
G364	G1870	1
G385	G1953	1
G1075	G1320	1
G1916	G2856	1
G2369	G2724	1
G369	G539	1
G755	G1513	1
G2191	G2425	1
G1841	G2092	1
G715	G1316	1
G192	G2776	1
G899	G2972	1
G586	G2242	1
G774	G1748	1
G789	G2044	1
G1228	G1637	1
G1499	G2404	1
G554	G1515	1
G258	G1741	1
G2435	G2620	1
G918	G1681	1
G801	G1446	1
G773	G2865	1
G1023	G1842	1
G1716	G2545	1
G250	G1643	1
G1091	G2573	1
G858	G2300	1
G232	G2415	1
G258	G1855	1
G558	G1452	1
G266	G1893	1
G955	G1066	1
G23	G1923	1
G374	G1330	1
G1524	G2435	1
G194	G2944	1
G242	G345	1
G1116	G1220	1
G901	G2734	1
G563	G2869	1
G1252	G2892	1
G1498	G2938	1
G1901	G2118	1
G414	G1159	1
G856	G1321	1
G1237	G2799	1
G586	G2441	1
G245	G1916	1
G505	G2748	1
G2206	G2312	1
G1010	G2618	1
G1452	G2236	1
G1500	G1747	1
G761	G798	1
G425	G1513	1
G362	G600	1
G458	G1099	1
G2447	G2789	1
G515	G1953	1
G839	G1265	1
G1543	G2214	1
G1335	G1554	1
G1912	G2544	1
G1621	G1914	1
G418	G736	1
G881	G2600	1
G2351	G2642	1
G2232	G2877	1
G11	G1496	1
G433	G2870	1
G11	G2118	1
G2098	G2525	1
G715	G2789	1
G1525	G2365	1
G1513	G2208	1
G1747	G2979	1
G885	G1515	1
G1313	G2157	1
G275	G1850	1
G2214	G2544	1
G515	G2988	1
G1420	G2780	1
G1998	G2505	1
G1335	G1441	1
G456	G911	1
G1390	G1473	1
G1195	G2610	1
G153	G610	1
G629	G2798	1
G1099	G2769	1
G436	G2247	1
G794	G963	1
G1321	G1343	1
G703	G2405	1
G1006	G1428	1
G899	G2583	1
G1303	G1433	1
G1397	G2963	1
G2118	G2467	1
G501	G2917	1
G2180	G2597	1
G554	G835	1
G835	G1255	1
G1064	G1608	1
G1561	G2427	1
G1646	G2711	1
G1099	G1901	1
G964	G2766	1
G1313	G1606	1
G1500	G2676	1
G448	G2331	1
G1112	G2073	1
G1010	G2730	1
G828	G1455	1
G2630	G2955	1
G1719	G1780	1
G610	G1187	1
G1799	G1984	1
G454	G1075	1
G107	G586	1
G1387	G1422	1
G2138	G2979	1
G1606	G2430	1
G400	G1382	1
G1397	G1963	1
G205	G709	1
G596	G2092	1
G882	G923	1
G801	G1223	1
G1554	G1838	1
G2465	G2949	1
G1265	G2681	1
G466	G2978	1
G148	G899	1
G1223	G1452	1
G1624	G2802	1
G2591	G2838	1
G846	G1683	1
G1133	G2812	1
G159	G2108	1
G1515	G1726	1
G934	G2815	1
G2073	G2622	1
G475	G1867	1
G758	G2381	1
G629	G2175	1
G126	G691	1
G1211	G2838	1
G1508	G2246	1
G714	G934	1
G2784	G2865	1
G1963	G2789	1
G1763	G2080	1
G539	G554	1
G600	G2073	1
G194	G2419	1
G646	G1718	1
G1098	G1867	1
G1044	G1185	1
G233	G1008	1
G454	G600	1
G529	G1726	1
G1932	G2849	1
G133	G2470	1
G1191	G2876	1
G2049	G2846	1
G2366	G2557	1
G367	G905	1
G700	G1948	1
G828	G1610	1
G747	G2702	1
G931	G2723	1
G1912	G2790	1
G889	G2103	1
G141	G1452	1
G827	G1849	1
G1313	G1933	1
G1143	G1828	1
G266	G362	1
G758	G2951	1
G882	G1543	1
G882	G2346	1
G1320	G1671	1
G364	G1334	1
G1469	G2583	1
G1328	G1741	1
G456	G2834	1
G577	G1645	1
G1309	G2662	1
G115	G1136	1
G1130	G1397	1
G1143	G2940	1
G644	G905	1
G1550	G2924	1
G366	G642	1
G733	G2767	1
G362	G2972	1
G148	G233	1
G443	G2258	1
G2063	G2175	1
G854	G2900	1
G1013	G1570	1
G2276	G2961	1
G107	G2648	1
G2244	G2806	1
G292	G1933	1
G723	G1694	1
G1512	G2470	1
G1719	G2092	1
G1216	G2559	1
G2063	G2283	1
G266	G2553	1
G475	G876	1
G1681	G2682	1
G835	G2798	1
G2138	G2730	1
G1870	G2435	1
G1455	G1863	1
G257	G1332	1
G213	G612	1
G629	G1806	1
G1550	G1903	1
G2116	G2919	1
G1884	G2435	1
G476	G1505	1
G215	G1109	1
G1012	G2559	1
G360	G613	1
G685	G835	1
G1065	G2496	1
G1530	G1769	1
G1857	G2955	1
G1799	G1881	1
G1218	G1249	1
G149	G1877	1
G853	G2776	1
G331	G2599	1
G2118	G2425	1
G563	G1639	1
G600	G920	1
G423	G2232	1
G1806	G2406	1
G1598	G1953	1
G447	G2255	1
G290	G581	1
G1510	G2894	1
G94	G2882	1
G985	G1118	1
G1749	G2041	1
G931	G1564	1
G1140	G2119	1
G703	G2026	1
G1429	G2789	1
G931	G1525	1
G1245	G1755	1
G816	G2245	1
G554	G1948	1
G1211	G1310	1
G1920	G2738	1
G1855	G2814	1
G2116	G2538	1
G1329	G2180	1
G1112	G2597	1
G334	G865	1
G2180	G2721	1
G402	G577	1
G1576	G2365	1
G1838	G2444	1
G1385	G2667	1
G514	G2188	1
G615	G2764	1
G141	G963	1
G2121	G2849	1
G710	G1573	1
G1850	G2766	1
G715	G1083	1
G193	G2268	1
G685	G1793	1
G1838	G2089	1
G231	G794	1
G1849	G1948	1
G426	G2347	1
G1116	G1932	1
G187	G1780	1
G362	G2583	1
G1252	G1398	1
G1806	G2870	1
G758	G2462	1
G923	G2026	1
G2449	G2494	1
G554	G1478	1
G1418	G1953	1
G107	G2365	1
G851	G1827	1
G958	G1793	1
G580	G1347	1
G423	G1980	1
G1133	G1329	1
G1040	G1412	1
G2341	G2865	1
G695	G1750	1
G354	G1513	1
G574	G2405	1
G600	G2597	1
G456	G1397	1
G663	G2877	1
G1116	G2724	1
G925	G2310	1
G456	G1870	1
G1671	G2258	1
G1419	G2769	1
G426	G2638	1
G1524	G1828	1
G2327	G2664	1
G866	G1201	1
G1625	G2258	1
G2162	G2979	1
G231	G444	1
G924	G2365	1
G889	G2871	1
G433	G1334	1
G2109	G2806	1
G46	G1178	1
G836	G1270	1
G1153	G1821	1
G2230	G2799	1
G331	G1455	1
G2180	G2591	1
G682	G1053	1
G2799	G2876	1
G876	G2263	1
G1031	G1652	1
G828	G1099	1
G2465	G2667	1
G315	G2236	1
G423	G596	1
G300	G1971	1
G1419	G1997	1
G2457	G2567	1
G482	G1857	1
G1155	G2041	1
G674	G2072	1
G2553	G2583	1
G773	G2693	1
G231	G1116	1
G426	G612	1
G835	G1806	1
G1316	G2465	1
G947	G2689	1
G476	G1917	1
G696	G1867	1
G656	G2532	1
G444	G693	1
G828	G1387	1
G1694	G2810	1
G311	G1604	1
G2865	G2977	1
G194	G1543	1
G1547	G2210	1
G1403	G2449	1
G1080	G1320	1
G1837	G2638	1
G758	G806	1
G348	G2041	1
G594	G2948	1
G1806	G1870	1
G1382	G2924	1
G463	G526	1
G1010	G2017	1
G187	G2092	1
G676	G2846	1
G275	G1932	1
G497	G2724	1
G964	G2949	1
G1543	G2736	1
G1320	G1445	1
G801	G2865	1
G1441	G1524	1
G50	G1960	1
G1513	G1564	1
G197	G1763	1
G1053	G1849	1
G1087	G1562	1
G1513	G1525	1
G1130	G1334	1
G1606	G1863	1
G823	G1681	1
G1445	G2766	1
G2661	G2910	1
G443	G1446	1
G596	G1612	1
G685	G1948	1
G823	G2738	1
G1628	G2991	1
G1591	G2063	1
G1681	G2812	1
G1939	G2911	1
G2040	G2462	1
G445	G2693	1
G1890	G2319	1
G958	G1948	1
G1573	G2115	1
G1916	G2040	1
G283	G2812	1
G954	G1733	1
G1152	G2597	1
G194	G1671	1
G758	G2667	1
G374	G918	1
G777	G1543	1
G777	G2346	1
G454	G2583	1
G1017	G1939	1
G1510	G2958	1
G2232	G2563	1
G1010	G1916	1
G1027	G1152	1
G475	G924	1
G755	G2865	1
G1525	G2121	1
G1562	G2103	1
G360	G925	1
G1700	G2789	1
G402	G2877	1
G1161	G2741	1
G693	G1152	1
G699	G989	1
G1112	G1858	1
G157	G2563	1
G1566	G2312	1
G2404	G2630	1
G534	G2412	1
G364	G1112	1
G226	G1417	1
G1589	G1635	1
G177	G960	1
G616	G1932	1
G596	G2766	1
G1957	G2327	1
G927	G1332	1
G926	G1452	1
G1278	G1361	1
G1625	G2849	1
G1455	G2522	1
G610	G2798	1
G789	G1966	1
G2642	G2657	1
G2210	G2245	1
G374	G456	1
G2514	G2599	1
G1499	G2955	1
G425	G2865	1
G1963	G2642	1
G514	G1116	1
G2462	G2776	1
G148	G1152	1
G161	G344	1
G2068	G2724	1
G2241	G2449	1
G153	G1576	1
G1714	G2347	1
G2232	G2769	1
G2354	G2814	1
G630	G2789	1
G111	G662	1
G499	G1400	1
G2468	G2838	1
G24	G60	1
G2867	G2997	1
G2667	G2838	1
G36	G1591	1
G2072	G2892	1
G354	G1223	1
G960	G2341	1
G150	G2467	1
G1923	G2419	1
G233	G2946	1
G364	G554	1
G663	G960	1
G126	G1747	1
G394	G1438	1
G1966	G2946	1
G2210	G2498	1
G1492	G2525	1
G826	G2235	1
G1261	G2693	1
G1772	G2433	1
G1957	G2988	1
G408	G2634	1
G1548	G2322	1
G758	G2380	1
G438	G2873	1
G266	G2045	1
G1671	G1920	1
G150	G586	1
G2147	G2262	1
G2259	G2439	1
G153	G2977	1
G729	G736	1
G1401	G1835	1
G1701	G1793	1
G2244	G2559	1
G1648	G2425	1
G1645	G2208	1
G734	G2381	1
G1496	G2721	1
G387	G723	1
G923	G2426	1
G1719	G2766	1
G374	G1666	1
G2180	G2441	1
G133	G590	1
G157	G1997	1
G36	G2622	1
G1223	G2648	1
G1965	G2760	1
G723	G2799	1
G2369	G2870	1
G1397	G2924	1
G1916	G2303	1
G1013	G2606	1
G904	G1747	1
G691	G2465	1
G462	G2214	1
G1242	G1556	1
G882	G1065	1
G1021	G1232	1
G148	G715	1
G1230	G2680	1
G2517	G2701	1
G187	G2977	1
G301	G1455	1
G149	G1823	1
G890	G1422	1
G2365	G2419	1
G851	G1455	1
G563	G1335	1
G514	G2979	1
G2245	G2637	1
G1525	G2447	1
G563	G1551	1
G736	G828	1
G1264	G2780	1
G841	G2990	1
G1916	G1932	1
G816	G2937	1
G92	G852	1
G417	G1883	1
G353	G1923	1
G1112	G2570	1
G1726	G2214	1
G1948	G2236	1
G1143	G1383	1
G126	G1010	1
G336	G400	1
G773	G2263	1
G141	G2648	1
G1191	G1992	1
G283	G1329	1
G1397	G1903	1
G2253	G2672	1
G868	G1799	1
G1441	G2544	1
G1706	G2827	1
G674	G2946	1
G1152	G2721	1
G192	G2798	1
G1916	G2724	1
G1901	G2730	1
G233	G634	1
G1953	G2046	1
G897	G2157	1
G2165	G2381	1
G315	G2467	1
G728	G829	1
G360	G2990	1
G444	G1143	1
G1900	G2374	1
G911	G2092	1
G715	G774	1
G177	G1550	1
G764	G1562	1
G2447	G2780	1
G543	G2469	1
G1741	G2814	1
G2892	G2919	1
G1658	G2294	1
G1332	G2768	1
G610	G1806	1
G207	G2712	1
G490	G2365	1
G2365	G2972	1
G194	G1445	1
G423	G576	1
G1191	G1558	1
G1383	G1521	1
G1966	G2276	1
G1343	G1475	1
G1095	G1953	1
G266	G577	1
G2375	G2948	1
G194	G967	1
G402	G960	1
G1382	G2405	1
G1489	G2144	1
G402	G616	1
G227	G741	1
G1045	G1136	1
G1052	G2038	1
G1320	G2435	1
G340	G2462	1
G1223	G2365	1
G712	G1878	1
G1606	G2522	1
G2597	G2789	1
G104	G2316	1
G2693	G2736	1
G19	G399	1
G558	G1912	1
G729	G2144	1
G810	G2238	1
G192	G2175	1
G519	G1033	1
G216	G773	1
G514	G2730	1
G1742	G2551	1
G466	G2993	1
G879	G1985	1
G956	G1676	1
G1098	G1907	1
G755	G1372	1
G1850	G2462	1
G835	G1335	1
G168	G1278	1
G187	G758	1
G2341	G2693	1
G1500	G2208	1
G107	G962	1
G529	G2881	1
G1148	G1543	1
G1901	G2366	1
G2238	G2948	1
G384	G501	1
G918	G1010	1
G758	G2232	1
G1957	G1989	1
G2440	G2683	1
G141	G2365	1
G1138	G2734	1
G1080	G1726	1
G1660	G1711	1
G402	G902	1
G828	G2994	1
G153	G2766	1
G596	G2381	1
G734	G2462	1
G773	G889	1
G2232	G2360	1
G2204	G2944	1
G1765	G2964	1
G781	G2535	1
G663	G2563	1
G141	G402	1
G554	G1090	1
G696	G1608	1
G774	G1671	1
G1148	G2892	1
G1010	G1893	1
G2496	G2597	1
G480	G2681	1
G882	G2563	1
G374	G2063	1
G11	G2366	1
G964	G2380	1
G630	G2674	1
G1433	G2970	1
G2191	G2583	1
G1489	G2276	1
G364	G773	1
G846	G1371	1
G187	G2766	1
G663	G2784	1
G1441	G2790	1
G2365	G2583	1
G1923	G2156	1
G563	G1963	1
G574	G2426	1
G985	G2044	1
G899	G1948	1
G383	G2169	1
G600	G2191	1
G447	G1683	1
G758	G1469	1
G1066	G1580	1
G109	G1445	1
G177	G1901	1
G773	G1004	1
G1093	G2312	1
G1191	G2799	1
G197	G2490	1
G192	G1806	1
G46	G2775	1
G890	G904	1
G960	G2838	1
G2355	G2994	1
G2232	G2570	1
G315	G2425	1
G596	G2162	1
G219	G2159	1
G407	G674	1
G828	G1390	1
G1433	G1561	1
G1042	G2457	1
G1010	G1328	1
G374	G514	1
G157	G529	1
G733	G2838	1
G2789	G2838	1
G332	G1901	1
G758	G1982	1
G663	G2769	1
G734	G806	1
G354	G2865	1
G445	G1313	1
G1521	G2648	1
G885	G1090	1
G1496	G2242	1
G1313	G1390	1
G1328	G1397	1
G2041	G2232	1
G1645	G2086	1
G1243	G1562	1
G882	G2769	1
G153	G2327	1
G1850	G2667	1
G960	G2369	1
G176	G1948	1
G1874	G2784	1
G414	G2681	1
G663	G1901	1
G2544	G2736	1
G1420	G1429	1
G1270	G1965	1
G1525	G1615	1
G1787	G2433	1
G456	G1112	1
G2263	G2465	1
G266	G2877	1
G2478	G2667	1
G126	G194	1
G1496	G2441	1
G956	G1264	1
G256	G2263	1
G351	G524	1
G475	G610	1
G1387	G1932	1
G2865	G2949	1
G440	G2911	1
G1090	G1496	1
G1329	G2103	1
G773	G2478	1
G1216	G2638	1
G1584	G2818	1
G1090	G2118	1
G417	G1303	1
G577	G809	1
G1751	G2498	1
G733	G1681	1
G811	G993	1
G1867	G2768	1
G402	G2563	1
G1441	G1681	1
G586	G1863	1
G1719	G2949	1
G1441	G2738	1
G1003	G2642	1
G1116	G2406	1
G1116	G2834	1
G125	G1333	1
G1083	G2465	1
G300	G1562	1
G1152	G2191	1
G1651	G2009	1
G153	G2988	1
G1012	G2638	1
G1979	G2429	1
G1316	G1827	1
G1918	G2921	1
G1334	G2814	1
G613	G1157	1
G1332	G2496	1
G150	G1912	1
G425	G2693	1
G958	G1090	1
G402	G2784	1
G1218	G2465	1
G596	G2462	1
G2188	G2230	1
G197	G1460	1
G200	G1919	1
G1704	G2072	1
G2175	G2366	1
G774	G1625	1
G456	G554	1
G107	G1441	1
G931	G2983	1
G1249	G2355	1
G219	G2831	1
G1550	G2713	1
G1681	G2137	1
G1446	G1916	1
G875	G2369	1
G435	G546	1
G904	G2381	1
G461	G1139	1
G359	G384	1
G1739	G2230	1
G275	G958	1
G1155	G1570	1
G1027	G1540	1
G1521	G2365	1
G1671	G1803	1
G563	G1719	1
G266	G563	1
G1828	G2068	1
G2118	G2972	1
G433	G773	1
G592	G1948	1
G1335	G2564	1
G275	G931	1
G568	G877	1
G1261	G1313	1
G194	G2435	1
G2540	G2599	1
G2870	G2881	1
G1264	G1806	1
G447	G1139	1
G1383	G2447	1
G1116	G2870	1
G1313	G1918	1
G2780	G2951	1
G2467	G2940	1
G1741	G2244	1
G2191	G2514	1
G187	G2523	1
G758	G1332	1
G539	G2497	1
G2	G2138	1
G402	G2769	1
G1155	G2115	1
G2591	G2676	1
G569	G1335	1
G2293	G2873	1
G1467	G2255	1
G1513	G2843	1
G1564	G2497	1
G758	G801	1
G2063	G2471	1
G931	G1513	1
G931	G2849	1
G1010	G2553	1
G462	G2736	1
G163	G2274	1
G1207	G1519	1
G2638	G2934	1
G353	G2790	1
G385	G824	1
G462	G1261	1
G542	G672	1
G2447	G2535	1
G402	G1901	1
G734	G2380	1
G736	G1489	1
G774	G1445	1
G1901	G1916	1
G596	G806	1
G1103	G1671	1
G904	G2162	1
G2474	G2745	1
G564	G1141	1
G923	G2467	1
G2563	G2972	1
G918	G2381	1
G1007	G1932	1
G1726	G2736	1
G2250	G2404	1
G390	G1214	1
G362	G1948	1
G2063	G2103	1
G1313	G1696	1
G96	G131	1
G2045	G2780	1
G2266	G2822	1
G1007	G2724	1
G1787	G2779	1
G538	G2530	1
G887	G955	1
G616	G931	1
G690	G2086	1
G2206	G2365	1
G444	G744	1
G1320	G1828	1
G1116	G1397	1
G253	G463	1
G421	G2505	1
G931	G1446	1
G515	G2121	1
G596	G2667	1
G1133	G1849	1
G1963	G2882	1
G2137	G2465	1
G2419	G2849	1
G758	G882	1
G1116	G1870	1
G806	G835	1
G1112	G1264	1
G1090	G1591	1
G563	G848	1
G515	G824	1
G207	G1923	1
G1576	G2620	1
G564	G2497	1
G2632	G2981	1
G275	G2870	1
G529	G1112	1
G1320	G2940	1
G554	G918	1
G2118	G2583	1
G416	G2753	1
G307	G2347	1
G882	G2360	1
G1123	G2421	1
G609	G1965	1
G1948	G2425	1
G868	G2013	1
G117	G922	1
G1343	G2660	1
G198	G751	1
G514	G1916	1
G554	G1103	1
G1305	G2742	1
G899	G2940	1
G694	G2245	1
G794	G2447	1
G1542	G1554	1
G2346	G2979	1
G153	G1989	1
G1500	G1564	1
G2462	G2869	1
G1601	G2833	1
G231	G715	1
G266	G960	1
G500	G1774	1
G773	G794	1
G1452	G2419	1
G187	G2949	1
G1500	G1525	1
G880	G2275	1
G1885	G2230	1
G36	G1211	1
G600	G1264	1
G1774	G2780	1
G2063	G2351	1
G1966	G1994	1
G1524	G2789	1
G663	G2570	1
G2496	G2570	1
G1825	G2789	1
G891	G2498	1
G1133	G1335	1
G577	G2790	1
G1133	G1551	1
G1473	G2498	1
G2457	G2497	1
G2160	G2232	1
G1963	G2535	1
G529	G554	1
G2563	G2583	1
G923	G2352	1
G703	G2425	1
G444	G1090	1
G899	G1330	1
G1004	G2103	1
G794	G1441	1
G2144	G2994	1
G1513	G2849	1
G1372	G2597	1
G1385	G1850	1
G586	G1957	1
G385	G2447	1
G2274	G2736	1
G715	G1673	1
G1422	G2784	1
G2557	G2814	1
G1543	G2266	1
G569	G1963	1
G612	G955	1
G801	G1496	1
G801	G2118	1
G1850	G2232	1
G1382	G2426	1
G2297	G2360	1
G2435	G2881	1
G577	G2838	1
G420	G1038	1
G773	G1116	1
G1591	G2798	1
G153	G1218	1
G2047	G2543	1
G425	G2263	1
G1383	G2620	1
G963	G2977	1
G1455	G2814	1
G366	G2419	1
G923	G2425	1
G554	G1986	1
G283	G2557	1
G781	G2547	1
G1316	G1606	1
G1749	G1956	1
G495	G1332	1
G964	G1332	1
G340	G1469	1
G2638	G2733	1
G823	G1010	1
G1990	G2909	1
G876	G2366	1
G112	G2230	1
G931	G1223	1
G149	G2919	1
G200	G2437	1
G586	G629	1
G744	G2849	1
G1591	G2025	1
G2070	G2350	1
G2462	G2798	1
G1098	G2092	1
G964	G2168	1
G515	G2447	1
G660	G2419	1
G1406	G2341	1
G577	G2369	1
G2719	G2739	1
G349	G2485	1
G269	G1003	1
G2846	G2946	1
G685	G918	1
G1904	G2999	1
G102	G480	1
G316	G2293	1
G1422	G1901	1
G574	G2467	1
G412	G1646	1
G1748	G2721	1
G685	G1103	1
G2369	G2976	1
G2612	G2681	1
G723	G1191	1
G577	G1681	1
G387	G1252	1
G1382	G1452	1
G52	G2749	1
G577	G2738	1
G1111	G2495	1
G266	G1877	1
G499	G605	1
G180	G860	1
G2	G894	1
G1850	G1982	1
G402	G529	1
G1429	G2535	1
G2498	G2815	1
G482	G2142	1
G1971	G2189	1
G402	G2570	1
G524	G2768	1
G2271	G2684	1
G293	G479	1
G2589	G2993	1
G2320	G2421	1
G1982	G2425	1
G1780	G2983	1
G593	G2078	1
G773	G2979	1
G1332	G1700	1
G1719	G2380	1
G144	G1787	1
G1038	G1826	1
G2568	G2848	1
G86	G1092	1
G1438	G2672	1
G773	G2618	1
G266	G1550	1
G1473	G2009	1
G1963	G2180	1
G1191	G2022	1
G170	G2537	1
G1452	G2583	1
G883	G961	1
G736	G1793	1
G962	G2369	1
G1288	G1387	1
G1445	G2232	1
G896	G2551	1
G927	G1288	1
G1116	G1334	1
G774	G2435	1
G1026	G1492	1
G590	G674	1
G600	G630	1
G2013	G2433	1
G1220	G2991	1
G348	G349	1
G696	G1598	1
G758	G1850	1
G2258	G2443	1
G952	G1810	1
G794	G2620	1
G315	G1075	1
G1133	G1963	1
G703	G2024	1
G962	G1681	1
G960	G1007	1
G433	G1211	1
G438	G1589	1
G226	G1238	1
G683	G1993	1
G2433	G2437	1
G2312	G2790	1
G826	G868	1
G391	G1269	1
G1187	G2428	1
G214	G2141	1
G6	G2858	1
G2583	G2814	1
G1780	G2849	1
G362	G2940	1
G141	G2447	1
G1071	G2393	1
G194	G1828	1
G514	G660	1
G1920	G2381	1
G2648	G2979	1
G309	G1640	1
G1812	G2854	1
G1455	G2547	1
G586	G2736	1
G985	G2568	1
G266	G2784	1
G634	G2799	1
G801	G1930	1
G851	G2758	1
G488	G2115	1
G1422	G2989	1
G539	G1012	1
G985	G1966	1
G1390	G2188	1
G2162	G2553	1
G828	G2706	1
G960	G2597	1
G1591	G1806	1
G1870	G2789	1
G1397	G2713	1
G187	G2667	1
G1857	G2108	1
G133	G279	1
G474	G1384	1
G907	G1645	1
G2105	G2768	1
G981	G1136	1
G810	G1998	1
G1418	G2121	1
G475	G1576	1
G1469	G1723	1
G1681	G1849	1
G596	G2232	1
G762	G1222	1
G963	G2766	1
G1771	G2981	1
G107	G1320	1
G2597	G2780	1
G1923	G2435	1
G141	G1441	1
G827	G2977	1
G335	G2758	1
G624	G2490	1
G736	G891	1
G497	G1334	1
G348	G2606	1
G64	G2815	1
G2451	G2789	1
G1774	G2283	1
G1606	G2814	1
G266	G2769	1
G890	G1932	1
G835	G2924	1
G2603	G2766	1
G2553	G2940	1
G1039	G1948	1
G514	G1893	1
G577	G2440	1
G835	G2297	1
G275	G1334	1
G477	G693	1
G2667	G2676	1
G1451	G1688	1
G2692	G2749	1
G1112	G2689	1
G1429	G2180	1
G1660	G2248	1
G426	G2880	1
G437	G2244	1
G890	G2724	1
G148	G923	1
G554	G2063	1
G1441	G1500	1
G747	G2972	1
G693	G1543	1
G2802	G2856	1
G934	G1654	1
G1932	G2118	1
G2405	G2467	1
G271	G1630	1
G266	G1901	1
G166	G173	1
G24	G2516	1
G281	G1714	1
G1422	G2360	1
G66	G2347	1
G835	G1903	1
G1612	G2419	1
G331	G2496	1
G126	G331	1
G506	G1441	1
G691	G1455	1
G851	G2768	1
G896	G2273	1
G1397	G1452	1
G387	G1877	1
G891	G2937	1
G1704	G1774	1
G2784	G2979	1
G1986	G2736	1
G1473	G2937	1
G283	G1335	1
G1681	G2664	1
G2342	G2638	1
G1849	G2063	1
G1257	G1413	1
G1561	G2141	1
G694	G2937	1
G1719	G2232	1
G1186	G1337	1
G596	G1982	1
G226	G867	1
G474	G1554	1
G949	G1866	1
G2092	G2200	1
G1700	G2535	1
G85	G2235	1
G693	G1671	1
G1010	G2540	1
G876	G1916	1
G148	G1543	1
G1489	G2296	1
G139	G2961	1
G963	G2327	1
G1332	G2419	1
G1551	G2535	1
G187	G2380	1
G112	G1751	1
G437	G1139	1
G1783	G2814	1
G609	G2606	1
G177	G844	1
G729	G2296	1
G340	G703	1
G1550	G2648	1
G1612	G2972	1
G1763	G2009	1
G354	G2263	1
G1027	G1159	1
G1648	G2041	1
G310	G2681	1
G1383	G1741	1
G1589	G1881	1
G1203	G1573	1
G1912	G2462	1
G1645	G2843	1
G1236	G2230	1
G1543	G2274	1
G817	G2528	1
G1806	G1859	1
G1320	G1383	1
G1654	G2538	1
G336	G527	1
G709	G1064	1
G475	G758	1
G629	G2405	1
G2045	G2180	1
G2180	G2214	1
G806	G1828	1
G374	G2798	1
G630	G2535	1
G141	G2620	1
G1332	G2972	1
G1521	G2447	1
G728	G2865	1
G174	G2467	1
G1564	G1867	1
G1666	G2566	1
G587	G2041	1
G1901	G2553	1
G2214	G2462	1
G806	G2940	1
G846	G987	1
G960	G2721	1
G1334	G1562	1
G197	G2921	1
G524	G2971	1
G126	G2723	1
G963	G2523	1
G2642	G2979	1
G2235	G2873	1
G685	G2063	1
G2622	G2949	1
G374	G2025	1
G1027	G2877	1
G794	G1320	1
G958	G2063	1
G1154	G1854	1
G2115	G2457	1
G1274	G2495	1
G391	G723	1
G354	G1496	1
G2312	G2638	1
G354	G2118	1
G1329	G2325	1
G925	G2999	1
G2273	G2412	1
G596	G1332	1
G2736	G2849	1
G1161	G2734	1
G709	G1863	1
G899	G918	1
G906	G2527	1
G719	G2838	1
G1143	G2780	1
G374	G2175	1
G596	G801	1
G445	G1508	1
G1681	G1963	1
G1550	G2365	1
G2105	G2496	1
G468	G1624	1
G682	G1562	1
G1331	G2972	1
G2056	G2880	1
G2465	G2724	1
G899	G1103	1
G934	G1978	1
G715	G2465	1
G374	G2283	1
G194	G207	1
G960	G2591	1
G1053	G2977	1
G889	G2467	1
G1903	G2570	1
G1441	G1612	1
G353	G1500	1
G2381	G2603	1
G794	G1741	1
G693	G1625	1
G2206	G2447	1
G882	G1659	1
G1726	G1971	1
G1932	G2622	1
G1148	G2360	1
G1562	G2236	1
G2453	G2860	1
G1485	G2341	1
G1090	G2366	1
G1726	G2453	1
G315	G2583	1
G126	G1564	1
G774	G1828	1
G76	G1544	1
G187	G2232	1
G1933	G2170	1
G1491	G1592	1
G1513	G2865	1
G658	G1443	1
G960	G1010	1
G2425	G2798	1
G827	G2327	1
G1380	G2249	1
G155	G1459	1
G2172	G2525	1
G258	G1577	1
G1039	G1828	1
G613	G2719	1
G150	G2206	1
G80	G2597	1
G836	G2662	1
G774	G2940	1
G918	G2723	1
G914	G1677	1
G266	G2570	1
G1500	G2843	1
G514	G709	1
G960	G2676	1
G2104	G2857	1
G758	G1446	1
G923	G1075	1
G1429	G1835	1
G1907	G2971	1
G1645	G2849	1
G835	G2405	1
G610	G2924	1
G827	G1953	1
G1778	G2793	1
G2380	G2713	1
G596	G882	1
G1417	G1428	1
G570	G2082	1
G1664	G2056	1
G1823	G2025	1
G515	G2724	1
G1413	G1923	1
G1577	G2645	1
G374	G1806	1
G2022	G2994	1
G693	G1445	1
G86	G930	1
G433	G1645	1
G824	G902	1
G553	G2248	1
G1963	G2465	1
G1747	G2877	1
G438	G482	1
G1310	G1780	1
G1010	G1310	1
G133	G2245	1
G851	G1748	1
G642	G964	1
G610	G1903	1
G1128	G2569	1
G383	G2836	1
G1612	G1671	1
G2092	G2838	1
G1191	G2025	1
G462	G2865	1
G1243	G2979	1
G408	G539	1
G1261	G1508	1
G600	G1863	1
G773	G1916	1
G283	G1419	1
G2317	G2792	1
G2381	G2395	1
G827	G2523	1
G2352	G2814	1
G107	G2829	1
G807	G2837	1
G475	G2988	1
G1083	G1455	1
G577	G1500	1
G515	G1741	1
G875	G2676	1
G1223	G1320	1
G1478	G2881	1
G923	G2825	1
G133	G2498	1
G153	G1422	1
G642	G2814	1
G354	G1930	1
G2265	G2431	1
G1625	G2118	1
G1512	G2245	1
G1218	G1455	1
G515	G1855	1
G1639	G2441	1
G1726	G2266	1
G153	G462	1
G2092	G2369	1
G1681	G1719	1
G496	G1186	1
G2190	G2890	1
G2073	G2341	1
G264	G2879	1
G1152	G1564	1
G696	G758	1
G1524	G2780	1
G187	G596	1
G1944	G2515	1
G2073	G2200	1
G742	G2802	1
G306	G2443	1
G1016	G2113	1
G1236	G1751	1
G266	G366	1
G127	G1403	1
G889	G2425	1
G2641	G2894	1
G956	G2522	1
G1446	G2341	1
G85	G486	1
G300	G2979	1
G2178	G2547	1
G1008	G1704	1
G187	G1422	1
G1948	G2972	1
G163	G444	1
G501	G2038	1
G1398	G2230	1
G95	G541	1
G137	G1185	1
G141	G1320	1
G1012	G2735	1
G1384	G2038	1
G187	G462	1
G2365	G2940	1
G115	G951	1
G149	G1523	1
G1861	G2082	1
G2295	G2412	1
G2162	G2540	1
G1310	G2092	1
G1469	G1986	1
G353	G1747	1
G51	G1727	1
G960	G2191	1
G2327	G2988	1
G1398	G1701	1
G425	G2618	1
G192	G2297	1
G278	G2638	1
G2689	G2865	1
G1500	G1513	1
G1500	G2849	1
G163	G1116	1
G306	G1780	1
G1949	G2063	1
G696	G2766	1
G1320	G2789	1
G1429	G2465	1
G2131	G2357	1
G315	G2514	1
G956	G1053	1
G157	G1083	1
G453	G1262	1
G572	G2846	1
G809	G1577	1
G1887	G2436	1
G159	G1742	1
G1901	G2341	1
G348	G2887	1
G1158	G2503	1
G845	G1205	1
G1953	G2944	1
G141	G1741	1
G2881	G2983	1
G153	G801	1
G463	G1157	1
G272	G1668	1
G444	G1087	1
G141	G1855	1
G1118	G2222	1
G827	G2949	1
G1330	G2138	1
G1877	G2994	1
G102	G1155	1
G964	G1932	1
G102	G1757	1
G64	G2994	1
G723	G934	1
G1953	G2828	1
G374	G2138	1
G802	G1042	1
G187	G801	1
G1673	G2768	1
G2017	G2068	1
G148	G192	1
G1052	G1384	1
G1551	G2547	1
G1397	G2648	1
G964	G2724	1
G1893	G2682	1
G1433	G2948	1
G2266	G2766	1
G2366	G2988	1
G362	G456	1
G1053	G2327	1
G1948	G2583	1
G579	G2060	1
G801	G2366	1
G1326	G1426	1
G1106	G1606	1
G1083	G2068	1
G506	G1741	1
G596	G1850	1
G531	G1144	1
G955	G1554	1
G1562	G2467	1
G2180	G2736	1
G1010	G2073	1
G163	G2979	1
G391	G3001	1
G1268	G1864	1
G907	G1923	1
G794	G1726	1
G891	G1610	1
G1403	G2978	1
G391	G2892	1
G907	G1524	1
G443	G1068	1
G1473	G1610	1
G660	G835	1
G1301	G2647	1
G2258	G2327	1
G899	G2063	1
G694	G1610	1
G2520	G2696	1
G577	G1747	1
G1515	G2497	1
G890	G931	1
G2222	G2876	1
G300	G899	1
G1591	G2368	1
G733	G2381	1
G1835	G2581	1
G885	G1329	1
G1390	G1508	1
G1666	G2381	1
G1441	G2381	1
G231	G577	1
G963	G1622	1
G1519	G2460	1
G2381	G2979	1
G1792	G2585	1
G298	G1954	1
G609	G2887	1
G548	G2677	1
G911	G1469	1
G153	G904	1
G529	G2497	1
G816	G1696	1
G1103	G1330	1
G286	G2347	1
G1897	G2425	1
G1027	G1550	1
G703	G2583	1
G610	G2405	1
G199	G1403	1
G1012	G2880	1
G1982	G2972	1
G806	G1383	1
G1030	G1103	1
G810	G2094	1
G693	G2435	1
G2641	G2958	1
G2045	G2368	1
G1052	G1554	1
G1341	G2157	1
G569	G2312	1
G2734	G2873	1
G75	G1080	1
G1027	G2563	1
G1332	G1445	1
G366	G2435	1
G275	G773	1
G911	G2202	1
G150	G693	1
G474	G2375	1
G1007	G1334	1
G1452	G1948	1
G1901	G2540	1
G1397	G2365	1
G194	G1316	1
G577	G1010	1
G923	G2583	1
G1278	G1683	1
G523	G743	1
G830	G1677	1
G1666	G2162	1
G1441	G2162	1
G1742	G1772	1
G433	G1751	1
G1863	G2798	1
G868	G1394	1
G1920	G1982	1
G577	G2676	1
G1027	G2784	1
G216	G1923	1
G1668	G1913	1
G1479	G1869	1
G1554	G2316	1
G1700	G2465	1
G2073	G2838	1
G2570	G2869	1
G2352	G2465	1
G1772	G2079	1
G1658	G2925	1
G1159	G1806	1
G1364	G2619	1
G890	G2870	1
G2175	G2341	1
G454	G456	1
G1551	G2465	1
G1418	G1741	1
G1671	G2241	1
G806	G918	1
G2355	G2892	1
G1334	G1455	1
G1513	G2693	1
G1329	G2236	1
G947	G1406	1
G642	G2465	1
G2208	G2327	1
G148	G150	1
G1543	G2478	1
G1183	G2155	1
G148	G2563	1
G1521	G1741	1
G161	G2525	1
G1398	G1751	1
G177	G2569	1
G36	G1923	1
G267	G794	1
G36	G1524	1
G1027	G2769	1
G2463	G2939	1
G529	G823	1
G1027	G2859	1
G1220	G2538	1
G1562	G2425	1
G2435	G2812	1
G514	G2540	1
G612	G2004	1
G1282	G2206	1
G214	G2040	1
G710	G1052	1
G962	G2676	1
G2547	G2865	1
G462	G2274	1
G1532	G2048	1
G1982	G2583	1
G194	G2789	1
G773	G1328	1
G514	G577	1
G1329	G2418	1
G1157	G2739	1
G2736	G2865	1
G11	G163	1
G1027	G1901	1
G1416	G2682	1
G578	G1757	1
G1006	G1157	1
G1835	G1923	1
G1027	G1997	1
G253	G1251	1
G315	G693	1
G435	G1621	1
G563	G1452	1
G1278	G2244	1
G1335	G2682	1
G1564	G1907	1
G1112	G2736	1
G1893	G2812	1
G2047	G2999	1
G756	G1289	1
G610	G2428	1
G758	G1133	1
G1039	G1383	1
G1053	G2949	1
G1665	G2257	1
G2208	G2988	1
G1726	G2274	1
G858	G2919	1
G1441	G2462	1
G139	G2421	1
G525	G858	1
G891	G1099	1
G1816	G2490	1
G462	G2693	1
G1339	G2069	1
G911	G1332	1
G1855	G2758	1
G1918	G2875	1
G2150	G2207	1
G694	G1099	1
G890	G1870	1
G1143	G2138	1
G625	G1397	1
G789	G2210	1
G1747	G2563	1
G1693	G2268	1
G539	G780	1
G860	G1136	1
G2258	G2949	1
G715	G1827	1
G907	G2544	1
G1596	G1719	1
G141	G775	1
G141	G259	1
G326	G1292	1
G875	G2823	1
G2320	G2846	1
G115	G286	1
G127	G950	1
G554	G2798	1
G1932	G2366	1
G149	G1261	1
G11	G2838	1
G600	G2736	1
G193	G1012	1
G1502	G1510	1
G1020	G2115	1
G1747	G2784	1
G2437	G2741	1
G1383	G1397	1
G148	G1997	1
G1199	G1244	1
G1383	G1870	1
G554	G1106	1
G2529	G2672	1
G1645	G2865	1
G438	G2250	1
G773	G1058	1
G161	G1205	1
G2086	G2865	1
G1802	G2963	1
G1849	G2798	1
G75	G2977	1
G934	G1398	1
G1300	G2049	1
G728	G2263	1
G1101	G2203	1
G1455	G2599	1
G157	G774	1
G126	G2453	1
G923	G2514	1
G1445	G1932	1
G596	G2354	1
G901	G2899	1
G758	G958	1
G1577	G1805	1
G1523	G2991	1
G824	G2570	1
G806	G1316	1
G331	G1543	1
G331	G2346	1
G126	G2843	1
G506	G775	1
G700	G1806	1
G85	G868	1
G1496	G2736	1
G362	G514	1
G1591	G1783	1
G1747	G2769	1
G1240	G1294	1
G1058	G2689	1
G1635	G1857	1
G835	G1452	1
G1543	G2395	1
G755	G1916	1
G1987	G2119	1
G302	G1433	1
G1334	G2068	1
G425	G2017	1
G163	G827	1
G1445	G2724	1
G784	G2612	1
G11	G885	1
G848	G1382	1
G554	G2175	1
G963	G2232	1
G586	G1139	1
G2056	G2505	1
G563	G963	1
G518	G599	1
G885	G2798	1
G2780	G2843	1
G1513	G2468	1
G444	G1329	1
G267	G2979	1
G931	G1496	1
G391	G1398	1
G931	G2118	1
G1199	G2719	1
G1612	G2435	1
G2465	G2870	1
G1747	G1901	1
G1838	G2685	1
G596	G2303	1
G808	G2141	1
G634	G2025	1
G1524	G2180	1
G2194	G2209	1
G1139	G2092	1
G1953	G2346	1
G216	G2544	1
G885	G1106	1
G773	G2553	1
G1849	G2175	1
G721	G2935	1
G331	G1671	1
G1965	G2880	1
G636	G785	1
G433	G1524	1
G226	G1040	1
G714	G2921	1
G1152	G2736	1
G1452	G1828	1
G425	G1916	1
G215	G355	1
G1755	G2954	1
G416	G1388	1
G514	G2877	1
G919	G2041	1
G665	G1626	1
G596	G1446	1
G2327	G2648	1
G2274	G2693	1
G197	G1220	1
G2723	G2977	1
G577	G2381	1
G1452	G2940	1
G1013	G1806	1
G200	G901	1
G1027	G2360	1
G2538	G2937	1
G4	G2662	1
G36	G2544	1
G107	G2881	1
G758	G1130	1
G907	G2790	1
G1261	G2300	1
G703	G1604	1
G306	G2766	1
G685	G2798	1
G716	G2077	1
G546	G1998	1
G1568	G2772	1
G1513	G2263	1
G1211	G1957	1
G2535	G2865	1
G402	G1863	1
G1617	G1671	1
G2175	G2838	1
G958	G2798	1
G456	G1867	1
G1316	G1748	1
G554	G1806	1
G1152	G2453	1
G688	G1178	1
G1335	G2812	1
G200	G2404	1
G354	G2366	1
G1793	G2085	1
G2266	G2462	1
G778	G1332	1
G1895	G2719	1
G2401	G2481	1
G2235	G2295	1
G631	G2902	1
G1835	G2544	1
G1500	G2865	1
G715	G755	1
G1130	G1923	1
G590	G2085	1
G2430	G2435	1
G693	G1828	1
G721	G841	1
G194	G2674	1
G1329	G2467	1
G353	G2462	1
G685	G2025	1
G2435	G2941	1
G46	G126	1
G940	G1790	1
G1039	G1316	1
G1591	G2924	1
G38	G456	1
G923	G1604	1
G65	G418	1
G958	G2025	1
G366	G1828	1
G443	G2366	1
G2175	G2369	1
G454	G514	1
G1168	G1953	1
G1719	G1932	1
G514	G563	1
G951	G1136	1
G485	G2696	1
G963	G1422	1
G634	G1172	1
G315	G1948	1
G126	G1513	1
G126	G2849	1
G2144	G2892	1
G423	G1098	1
G685	G2175	1
G2462	G2924	1
G187	G2040	1
G462	G2263	1
G122	G1946	1
G1040	G1934	1
G2467	G2780	1
G682	G1116	1
G1591	G1903	1
G521	G2465	1
G431	G2446	1
G660	G1828	1
G958	G2175	1
G889	G1648	1
G1888	G2149	1
G1451	G2740	1
G177	G2522	1
G2780	G2849	1
G1438	G2058	1
G2435	G2497	1
G2327	G2365	1
G1446	G2073	1
G444	G1255	1
G516	G1742	1
G1984	G2437	1
G885	G1806	1
G216	G2790	1
G115	G1621	1
G322	G1021	1
G907	G1681	1
G266	G2430	1
G715	G1606	1
G1589	G2412	1
G46	G1554	1
G574	G2514	1
G444	G2869	1
G907	G2738	1
G1143	G1429	1
G148	G529	1
G758	G875	1
G1272	G2136	1
G774	G2789	1
G629	G2467	1
G414	G708	1
G1475	G1559	1
G1842	G2875	1
G610	G2713	1
G315	G511	1
G630	G2056	1
G586	G2274	1
G923	G1515	1
G331	G1625	1
G918	G2983	1
G2407	G2667	1
G1704	G2799	1
G955	G1741	1
G1543	G2979	1
G2113	G2144	1
G1382	G1441	1
G1586	G2877	1
G36	G2790	1
G1010	G2570	1
G2525	G2868	1
G1288	G2944	1
G1329	G2352	1
G2044	G2144	1
G177	G907	1
G23	G479	1
G1877	G2706	1
G2266	G2667	1
G797	G2828	1
G1901	G2073	1
G66	G2943	1
G784	G1203	1
G674	G1329	1
G1388	G2989	1
G102	G1683	1
G456	G2686	1
G1040	G1864	1
G824	G1282	1
G1405	G1927	1
G1390	G2320	1
G1610	G2188	1
G1855	G2496	1
G2357	G2440	1
G1772	G2273	1
G811	G2828	1
G586	G1562	1
G1617	G1625	1
G1288	G2828	1
G1434	G1722	1
G834	G1012	1
G896	G2793	1
G958	G1806	1
G918	G2849	1
G1320	G2780	1
G1761	G2545	1
G1780	G2263	1
G1933	G2300	1
G926	G1726	1
G2063	G2467	1
G1076	G1953	1
G1856	G1943	1
G2354	G2768	1
G36	G2838	1
G2340	G2481	1
G433	G2544	1
G1923	G2789	1
G1747	G2570	1
G2159	G2497	1
G899	G2780	1
G2632	G2671	1
G565	G2872	1
G2342	G2880	1
G794	G2881	1
G930	G2858	1
G298	G659	1
G784	G1554	1
G1625	G2366	1
G1329	G2425	1
G2657	G2753	1
G462	G889	1
G514	G960	1
G2004	G2115	1
G208	G1203	1
G2620	G2979	1
G2790	G2881	1
G1867	G2435	1
G1186	G2597	1
G336	G2165	1
G610	G1452	1
G554	G2138	1
G587	G2606	1
G2162	G2769	1
G425	G660	1
G851	G1671	1
G1939	G2390	1
G663	G907	1
G1313	G1793	1
G694	G2994	1
G642	G2970	1
G612	G1286	1
G1741	G2758	1
G552	G1789	1
G112	G2155	1
G1986	G2274	1
G36	G2369	1
G12	G1681	1
G1840	G2148	1
G24	G2973	1
G1160	G2697	1
G440	G1017	1
G1529	G2829	1
G1849	G2138	1
G2283	G2514	1
G1806	G1923	1
G163	G715	1
G444	G1106	1
G462	G1004	1
G133	G1610	1
G444	G2137	1
G36	G1681	1
G36	G2738	1
G149	G1473	1
G1130	G2544	1
G231	G2563	1
G1133	G1953	1
G2092	G2676	1
G1700	G1827	1
G295	G2259	1
G960	G2723	1
G1780	G2118	1
G122	G563	1
G529	G1849	1
G563	G2648	1
G456	G1485	1
G1915	G2104	1
G896	G1772	1
G1446	G2597	1
G524	G1445	1
G1205	G2525	1
G1397	G2447	1
G1645	G2693	1
G755	G1328	1
G1610	G2815	1
G2222	G2799	1
G1056	G1178	1
G609	G2621	1
G694	G1390	1
G1346	G2699	1
G856	G1619	1
G529	G876	1
G642	G1827	1
G1546	G1817	1
G1723	G2346	1
G1010	G2441	1
G1612	G1828	1
G463	G2719	1
G662	G1488	1
G1564	G2092	1
G2618	G2940	1
G2142	G2873	1
G1133	G2988	1
G374	G1975	1
G961	G2491	1
G104	G281	1
G889	G2583	1
G715	G1677	1
G2172	G2990	1
G1441	G1469	1
G1997	G2838	1
G402	G629	1
G194	G275	1
G80	G854	1
G420	G1826	1
G634	G934	1
G2224	G2271	1
G904	G1223	1
G1220	G1523	1
G1397	G1441	1
G1429	G1606	1
G1591	G2405	1
G1419	G2814	1
G2723	G2988	1
G1006	G2415	1
G1332	G1828	1
G231	G2769	1
G425	G1328	1
G901	G1327	1
G1901	G2597	1
G456	G924	1
G139	G1739	1
G268	G2230	1
G2063	G2425	1
G2180	G2865	1
G2312	G2462	1
G1286	G2497	1
G1739	G2044	1
G64	G1654	1
G2591	G2983	1
G423	G2241	1
G577	G2208	1
G402	G907	1
G1012	G2100	1
G529	G685	1
G1997	G2369	1
G1083	G1152	1
G685	G2138	1
G1639	G1863	1
G2263	G2425	1
G268	G1701	1
G960	G1564	1
G231	G1901	1
G2085	G2560	1
G576	G2618	1
G960	G1525	1
G1042	G1139	1
G301	G1625	1
G899	G2798	1
G266	G2569	1
G15	G1413	1
G1606	G2068	1
G835	G2648	1
G1436	G3002	1
G1223	G2881	1
G355	G1742	1
G574	G693	1
G563	G2365	1
G1997	G2738	1
G75	G2949	1
G2089	G2656	1
G462	G2188	1
G1143	G2103	1
G797	G2045	1
G762	G1229	1
G696	G2232	1
G1543	G2031	1
G46	G2041	1
G516	G868	1
G393	G721	1
G1985	G2369	1
G488	G1848	1
G2591	G2849	1
G680	G1612	1
G2115	G2255	1
G197	G436	1
G1008	G1758	1
G1130	G2790	1
G564	G2516	1
G1331	G1828	1
G421	G810	1
G2305	G2749	1
G266	G1863	1
G858	G1523	1
G497	G1645	1
G1488	G1628	1
G150	G1723	1
G481	G2508	1
G1141	G2493	1
G1554	G2317	1
G36	G515	1
G306	G1218	1
G773	G2540	1
G460	G484	1
G1042	G1406	1
G2559	G2621	1
G337	G2317	1
G596	G1133	1
G728	G1116	1
G955	G1726	1
G197	G736	1
G2693	G2979	1
G923	G1774	1
G897	G2072	1
G1320	G2175	1
G1500	G2693	1
G1923	G2674	1
G770	G2525	1
G2682	G2814	1
G943	G2574	1
G108	G2786	1
G885	G1335	1
G885	G1551	1
G194	G2780	1
G899	G2175	1
G2478	G2870	1
G398	G622	1
G851	G1445	1
G875	G1525	1
G133	G1099	1
G426	G1265	1
G1808	G1940	1
G2346	G2877	1
G1079	G1144	1
G192	G2418	1
G899	G2283	1
G860	G2041	1
G2375	G2681	1
G1136	G1923	1
G1800	G2424	1
G1827	G2068	1
G2013	G2079	1
G2812	G2949	1
G1806	G2544	1
G923	G1478	1
G1473	G1696	1
G80	G569	1
G1006	G1244	1
G1601	G2302	1
G2354	G2971	1
G960	G2214	1
G2049	G2991	1
G344	G2980	1
G1446	G2721	1
G1570	G2662	1
G224	G1796	1
G2723	G2949	1
G554	G1429	1
G331	G2435	1
G1771	G2671	1
G506	G2881	1
G1397	G2620	1
G1476	G1887	1
G1564	G2977	1
G1912	G2849	1
G835	G2365	1
G925	G2969	1
G693	G1383	1
G88	G2357	1
G830	G2425	1
G486	G1799	1
G698	G1725	1
G879	G1666	1
G1495	G2951	1
G2214	G2354	1
G366	G1383	1
G426	G2733	1
G2238	G2681	1
G1524	G2471	1
G514	G1901	1
G2425	G2924	1
G596	G958	1
G2435	G2557	1
G267	G1897	1
G2581	G2951	1
G911	G1446	1
G2895	G2972	1
G1316	G2419	1
G1833	G2873	1
G2232	G2814	1
G1265	G2508	1
G1652	G2110	1
G1645	G2263	1
G1335	G2137	1
G2073	G2591	1
G1617	G2435	1
G2175	G2597	1
G1525	G1577	1
G1877	G1978	1
G897	G1489	1
G1006	G2719	1
G624	G1220	1
G899	G1806	1
G1901	G2721	1
G660	G1383	1
G1551	G1606	1
G64	G1978	1
G462	G794	1
G1953	G2563	1
G964	G1334	1
G736	G2197	1
G770	G1205	1
G1008	G2072	1
G453	G2116	1
G1524	G2103	1
G1644	G1927	1
G2247	G2635	1
G353	G1982	1
G2251	G2936	1
G622	G2838	1
G789	G1739	1
G267	G715	1
G1681	G1953	1
G882	G2535	1
G1401	G2166	1
G283	G1953	1
G353	G1418	1
G272	G466	1
G126	G2865	1
G197	G2144	1
G11	G2721	1
G157	G433	1
G828	G1828	1
G642	G1455	1
G2544	G2979	1
G1316	G2972	1
G450	G1199	1
G385	G1112	1
G364	G1780	1
G600	G2266	1
G552	G1898	1
G1543	G1916	1
G149	G418	1
G1681	G2988	1
G1744	G2265	1
G456	G2822	1
G1562	G2583	1
G176	G1806	1
G1870	G2465	1
G534	G2235	1
G104	G1142	1
G539	G758	1
G596	G1130	1
G1554	G2255	1
G1948	G2940	1
G902	G1953	1
G2380	G2447	1
G907	G1500	1
G1264	G2418	1
G283	G2988	1
G735	G893	1
G1500	G2468	1
G1806	G2790	1
G521	G1827	1
G839	G2680	1
G1763	G1918	1
G462	G1116	1
G696	G801	1
G122	G2597	1
G546	G2094	1
G823	G1513	1
G1192	G2472	1
G823	G2849	1
G1419	G2465	1
G685	G894	1
G685	G1429	1
G1521	G2881	1
G1112	G2244	1
G2451	G2465	1
G974	G2746	1
G1469	G1806	1
G1139	G2162	1
G902	G2988	1
G2380	G2451	1
G574	G1143	1
G1138	G2899	1
G757	G1215	1
G2044	G2222	1
G515	G1112	1
G1953	G1997	1
G1320	G2180	1
G612	G2517	1
G1797	G2792	1
G985	G2210	1
G2040	G2118	1
G197	G2276	1
G432	G701	1
G1138	G2250	1
G1564	G2766	1
G824	G2689	1
G1099	G1562	1
G1897	G2514	1
G2553	G2798	1
G1220	G1261	1
G193	G2656	1
G374	G2405	1
G2648	G2877	1
G362	G2175	1
G109	G370	1
G306	G2380	1
G355	G868	1
G720	G1018	1
G931	G2366	1
G2188	G2381	1
G2257	G2940	1
G1500	G2263	1
G432	G581	1
G443	G1505	1
G1334	G1382	1
G364	G2092	1
G1619	G1750	1
G549	G1982	1
G642	G696	1
G266	G2522	1
G834	G2239	1
G192	G2467	1
G1152	G2865	1
G286	G2943	1
G577	G1617	1
G1550	G1726	1
G1706	G2049	1
G2741	G2779	1
G2557	G2758	1
G2085	G2722	1
G2924	G2988	1
G2865	G2870	1
G1112	G1139	1
G2056	G2733	1
G402	G1039	1
G801	G2341	1
G139	G2846	1
G2180	G2274	1
G462	G2979	1
G1090	G2838	1
G192	G475	1
G2239	G2347	1
G161	G2990	1
G1320	G2138	1
G216	G1500	1
G1719	G2870	1
G266	G629	1
G693	G1316	1
G676	G2991	1
G994	G1611	1
G577	G1564	1
G758	G1591	1
G586	G2188	1
G177	G964	1
G577	G1525	1
G659	G995	1
G1793	G2072	1
G899	G2138	1
G2453	G2462	1
G2175	G2721	1
G366	G1316	1
G444	G1335	1
G444	G1551	1
G691	G2419	1
G2170	G2568	1
G482	G1799	1
G1726	G2979	1
G853	G2418	1
G1251	G2543	1
G426	G955	1
G2230	G2490	1
G826	G1984	1
G2180	G2693	1
G283	G963	1
G1575	G2540	1
G2115	G2429	1
G2369	G2544	1
G2366	G2447	1
G642	G2068	1
G111	G2170	1
G1778	G2293	1
G1139	G2462	1
G266	G907	1
G36	G1500	1
G514	G2570	1
G1082	G2524	1
G1112	G1406	1
G456	G610	1
G758	G2005	1
G1335	G2557	1
G85	G1635	1
G758	G2622	1
G858	G1261	1
G660	G1316	1
G152	G2197	1
G774	G2780	1
G1500	G2118	1
G956	G1562	1
G1564	G2327	1
G1133	G2648	1
G362	G1806	1
G211	G1985	1
G194	G2535	1
G595	G1751	1
G480	G1573	1
G2103	G2812	1
G1039	G2780	1
G1220	G2961	1
G354	G796	1
G531	G1265	1
G1681	G1989	1
G2368	G2877	1
G663	G964	1
G324	G2427	1
G353	G882	1
G1591	G2713	1
G653	G1141	1
G810	G1376	1
G1635	G2142	1
G1332	G1383	1
G386	G2569	1
G1027	G2430	1
G491	G2712	1
G2557	G2768	1
G1877	G2892	1
G187	G958	1
G693	G2789	1
G1494	G2244	1
G999	G1767	1
G2689	G2979	1
G64	G2892	1
G1763	G2385	1
G1397	G1741	1
G2175	G2591	1
G1901	G2191	1
G310	G1968	1
G2440	G2449	1
G462	G2730	1
G1730	G2368	1
G1316	G1671	1
G1978	G2188	1
G1008	G2946	1
G2380	G2620	1
G141	G554	1
G1030	G2175	1
G153	G2406	1
G1994	G2247	1
G663	G2814	1
G2462	G2713	1
G454	G2175	1
G636	G1092	1
G1452	G2063	1
G1186	G1676	1
G511	G1550	1
G1513	G2366	1
G963	G1932	1
G1220	G2983	1
G331	G1828	1
G275	G2581	1
G703	G1723	1
G531	G2733	1
G157	G2465	1
G882	G2814	1
G1923	G2780	1
G561	G830	1
G1090	G1310	1
G11	G2191	1
G1864	G1934	1
G1430	G2748	1
G1264	G2467	1
G660	G2789	1
G963	G2724	1
G144	G2734	1
G187	G2406	1
G2599	G2865	1
G2065	G2877	1
G306	G2232	1
G714	G1008	1
G433	G2092	1
G2404	G2551	1
G444	G842	1
G2274	G2979	1
G275	G522	1
G11	G2441	1
G2603	G2724	1
G1863	G2924	1
G1098	G2040	1
G139	G624	1
G521	G1606	1
G586	G794	1
G153	G2870	1
G1739	G1966	1
G227	G2590	1
G923	G1723	1
G1799	G2873	1
G1133	G2365	1
G1723	G2563	1
G907	G2676	1
G2758	G2766	1
G794	G2682	1
G1249	G1751	1
G931	G2017	1
G2369	G2790	1
G744	G2366	1
G672	G2299	1
G1116	G1923	1
G806	G2175	1
G1874	G2814	1
G1543	G1893	1
G680	G2462	1
G2013	G2273	1
G1112	G2274	1
G2365	G2780	1
G835	G962	1
G806	G2283	1
G2591	G2865	1
G444	G1963	1
G1992	G2875	1
G300	G923	1
G349	G1899	1
G357	G1207	1
G1723	G2784	1
G801	G851	1
G632	G1561	1
G122	G1823	1
G923	G1090	1
G187	G2870	1
G454	G1806	1
G1863	G1903	1
G437	G715	1
G1944	G2628	1
G194	G2180	1
G402	G964	1
G1179	G2244	1
G1606	G2758	1
G1143	G2405	1
G315	G456	1
G216	G1612	1
G841	G2687	1
G735	G905	1
G799	G1914	1
G806	G1909	1
G1828	G2563	1
G456	G1385	1
G2508	G2595	1
G1441	G2258	1
G36	G1747	1
G1335	G1849	1
G2009	G2994	1
G600	G2274	1
G368	G2994	1
G1554	G2429	1
G715	G2768	1
G1112	G1562	1
G2151	G2733	1
G1559	G2268	1
G1932	G2341	1
G2366	G2620	1
G529	G610	1
G2724	G2736	1
G674	G1335	1
G1723	G2769	1
G1828	G2784	1
G402	G2814	1
G87	G1702	1
G418	G2083	1
G1723	G2859	1
G762	G1005	1
G438	G1138	1
G1034	G1256	1
G1264	G2352	1
G153	G1397	1
G721	G2671	1
G104	G543	1
G456	G1780	1
G1793	G2560	1
G153	G1870	1
G1252	G2245	1
G126	G2693	1
G1394	G1799	1
G306	G596	1
G729	G897	1
G2437	G2734	1
G671	G837	1
G590	G2560	1
G1564	G2949	1
G624	G736	1
G1793	G2946	1
G1234	G1931	1
G882	G2547	1
G879	G1041	1
G46	G2115	1
G429	G2581	1
G1320	G1429	1
G1723	G1901	1
G876	G2721	1
G1742	G2293	1
G364	G1612	1
G1216	G1265	1
G2180	G2263	1
G578	G1561	1
G275	G1923	1
G306	G1422	1
G2175	G2191	1
G275	G1524	1
G1496	G2274	1
G899	G1429	1
G734	G1098	1
G306	G462	1
G1945	G2767	1
G364	G758	1
G736	G2025	1
G1828	G2769	1
G2263	G2419	1
G2570	G2924	1
G554	G2924	1
G316	G2955	1
G1335	G1551	1
G1004	G2825	1
G1828	G2859	1
G1827	G2758	1
G194	G574	1
G360	G2739	1
G36	G1010	1
G368	G1390	1
G554	G2297	1
G827	G1932	1
G1012	G1265	1
G1130	G1500	1
G1329	G2583	1
G1783	G2758	1
G2198	G2271	1
G1335	G2664	1
G1758	G2009	1
G444	G1419	1
G691	G1671	1
G889	G1948	1
G545	G2077	1
G774	G2882	1
G1406	G1564	1
G960	G2983	1
G36	G2676	1
G1406	G1525	1
G2441	G2721	1
G879	G1187	1
G117	G118	1
G1219	G2907	1
G2172	G2532	1
G965	G2528	1
G2115	G2244	1
G1087	G1550	1
G801	G885	1
G1542	G1848	1
G1828	G1997	1
G586	G2979	1
G475	G1932	1
G1797	G2109	1
G2789	G2983	1
G1316	G1445	1
G1090	G2073	1
G554	G1903	1
G1216	G2733	1
G169	G2869	1
G2283	G2940	1
G52	G2503	1
G149	G2229	1
G693	G1083	1
G385	G1577	1
G1612	G2789	1
G364	G2766	1
G475	G2724	1
G1675	G2994	1
G1835	G2676	1
G1136	G2347	1
G1223	G2682	1
G1455	G2496	1
G1237	G1704	1
G456	G2092	1
G1681	G2648	1
G835	G1554	1
G2142	G2295	1
G2263	G2972	1
G1977	G2002	1
G1243	G2877	1
G348	G1044	1
G2191	G2798	1
G1220	G1473	1
G1012	G2733	1
G283	G2648	1
G376	G1688	1
G960	G1513	1
G851	G1828	1
G2468	G2762	1
G1138	G1327	1
G2121	G2341	1
G448	G2140	1
G65	G2815	1
G1502	G2641	1
G574	G1723	1
G306	G801	1
G1152	G2693	1
G2443	G2814	1
G774	G2535	1
G101	G1542	1
G1030	G2138	1
G1397	G1726	1
G1136	G2638	1
G1441	G2849	1
G2790	G2812	1
G2572	G2641	1
G454	G2138	1
G340	G1591	1
G835	G1441	1
G227	G371	1
G266	G1039	1
G1237	G2921	1
G2360	G2544	1
G139	G1651	1
G842	G1562	1
G1209	G1948	1
G875	G2983	1
G148	G1083	1
G864	G1780	1
G1735	G2155	1
G2514	G2940	1
G2551	G2630	1
G64	G1398	1
G1543	G2553	1
G806	G2180	1
G1116	G2544	1
G180	G784	1
G515	G1577	1
G574	G1090	1
G112	G1966	1
G865	G1006	1
G624	G2144	1
G750	G1264	1
G868	G1161	1
G885	G1903	1
G2648	G2784	1
G823	G2865	1
G882	G2465	1
G914	G2807	1
G1742	G1919	1
G1806	G2092	1
G1249	G1524	1
G2461	G2680	1
G558	G2812	1
G2103	G2869	1
G856	G2985	1
G1064	G2281	1
G2291	G2469	1
G907	G2381	1
G1118	G2230	1
G1900	G1937	1
G400	G416	1
G1508	G2815	1
G2430	G2789	1
G443	G2341	1
G353	G2843	1
G1997	G2676	1
G2441	G2676	1
G563	G2620	1
G332	G1139	1
G1764	G2719	1
G886	G1428	1
G2523	G2544	1
G875	G1513	1
G697	G2700	1
G2086	G2979	1
G2063	G2583	1
G433	G1612	1
G1666	G1920	1
G2025	G2072	1
G1261	G1877	1
G462	G1916	1
G858	G1473	1
G1441	G1920	1
G1524	G1606	1
G482	G2013	1
G444	G848	1
G1850	G2622	1
G500	G1335	1
G1099	G1455	1
G2648	G2769	1
G1681	G2365	1
G1139	G2232	1
G1422	G2814	1
G2263	G2583	1
G1335	G1963	1
G194	G1835	1
G1010	G1863	1
G691	G1625	1
G514	G1264	1
G283	G2365	1
G586	G899	1
G1726	G1916	1
G1985	G2676	1
G153	G1334	1
G632	G1309	1
G709	G890	1
G1897	G1948	1
G752	G2837	1
G830	G2972	1
G1651	G2072	1
G1916	G1923	1
G2375	G2449	1
G1329	G2514	1
G283	G402	1
G133	G2385	1
G205	G461	1
G1253	G1817	1
G1772	G2793	1
G629	G2206	1
G275	G2544	1
G1142	G2638	1
G1932	G2838	1
G126	G2263	1
G258	G2443	1
G799	G2100	1
G1828	G2360	1
G1090	G2597	1
G286	G799	1
G923	G1103	1
G2346	G2570	1
G715	G1748	1
G1130	G1612	1
G187	G1334	1
G85	G209	1
G362	G1429	1
G315	G514	1
G1106	G2419	1
G222	G2230	1
G1238	G2999	1
G589	G656	1
G516	G1635	1
G2049	G2538	1
G1869	G2232	1
G1039	G2180	1
G876	G2242	1
G2195	G2920	1
G714	G2946	1
G522	G1256	1
G2425	G2713	1
G348	G2119	1
G876	G2191	1
G1799	G2235	1
G1320	G2103	1
G36	G194	1
G456	G2977	1
G1313	G2810	1
G1932	G2369	1
G867	G1864	1
G1116	G2790	1
G1606	G2496	1
G2045	G2467	1
G1550	G2881	1
G1673	G1948	1
G426	G860	1
G315	G1087	1
G577	G2843	1
G1428	G1492	1
G102	G1278	1
G1223	G2812	1
G876	G2441	1
G331	G1383	1
G2535	G2979	1
G506	G1577	1
G1174	G2041	1
G1833	G2295	1
G807	G2990	1
G934	G2470	1
G1610	G2320	1
G554	G2405	1
G1636	G2545	1
G1133	G2121	1
G400	G1249	1
G194	G1027	1
G1417	G1492	1
G1625	G2341	1
G2180	G2188	1
G1612	G2674	1
G2381	G2877	1
G718	G2668	1
G2069	G2098	1
G1106	G2972	1
G370	G1363	1
G2591	G2693	1
G1452	G2835	1
G1375	G2108	1
G924	G1416	1
G1408	G2115	1
G2102	G2854	1
G2523	G2790	1
G126	G2118	1
G570	G2494	1
G801	G2073	1
G696	G2724	1
G1923	G2180	1
G2468	G2865	1
G1462	G2306	1
G2667	G2865	1
G216	G2162	1
G590	G2722	1
G879	G2869	1
G1489	G1628	1
G403	G2172	1
G1562	G1948	1
G1867	G2789	1
G266	G964	1
G2415	G2966	1
G2892	G2979	1
G2005	G2180	1
G141	G2812	1
G596	G1591	1
G923	G1986	1
G1835	G2381	1
G1422	G2547	1
G1849	G2405	1
G1316	G2435	1
G1083	G1671	1
G197	G2296	1
G729	G1628	1
G593	G1510	1
G589	G1006	1
G1406	G2746	1
G586	G827	1
G1335	G1719	1
G1152	G2263	1
G126	G889	1
G391	G2470	1
G1218	G1671	1
G727	G1735	1
G534	G868	1
G2063	G2514	1
G1645	G2366	1
G2121	G2838	1
G2098	G2739	1
G300	G960	1
G267	G923	1
G2098	G2993	1
G1533	G2672	1
G266	G2814	1
G755	G2073	1
G1236	G2848	1
G1783	G2496	1
G2118	G2798	1
G2790	G2941	1
G808	G2494	1
G2462	G2648	1
G275	G2790	1
G157	G1827	1
G709	G1455	1
G177	G1562	1
G596	G2622	1
G426	G810	1
G1013	G2775	1
G2352	G2768	1
G454	G1429	1
G444	G2924	1
G1390	G1877	1
G1551	G2768	1
G1337	G2045	1
G577	G2983	1
G1004	G2206	1
G506	G2812	1
G456	G758	1
G1452	G2780	1
G1143	G2426	1
G405	G408	1
G415	G2383	1
G610	G1441	1
G1008	G2876	1
G868	G2433	1
G1312	G2890	1
G501	G2985	1
G773	G2570	1
G2040	G2366	1
G267	G577	1
G2341	G2597	1
G462	G660	1
G332	G1562	1
G1742	G2437	1
G809	G2443	1
G1358	G1704	1
G1500	G2730	1
G267	G2346	1
G693	G774	1
G2656	G2681	1
G919	G2887	1
G1075	G1080	1
G443	G2838	1
G1381	G2441	1
G2563	G2798	1
G444	G1903	1
G563	G1320	1
G918	G2118	1
G1226	G2374	1
G1419	G1606	1
G159	G534	1
G809	G1385	1
G2121	G2738	1
G216	G2462	1
G2523	G2738	1
G1090	G2721	1
G1949	G2924	1
G2045	G2425	1
G1916	G2544	1
G1236	G1966	1
G2317	G2528	1
G302	G2662	1
G577	G1513	1
G2319	G2697	1
G1040	G2398	1
G2208	G2724	1
G82	G112	1
G1520	G2460	1
G456	G2766	1
G1948	G2063	1
G157	G231	1
G685	G2405	1
G962	G2983	1
G616	G2790	1
G564	G2484	1
G66	G435	1
G109	G2978	1
G1774	G2352	1
G529	G2977	1
G958	G2405	1
G69	G146	1
G2068	G2790	1
G443	G2369	1
G2230	G2921	1
G1010	G2522	1
G1543	G2045	1
G462	G1893	1
G2731	G2880	1
G902	G1422	1
G563	G1741	1
G899	G1331	1
G1657	G2890	1
G1424	G1610	1
G2035	G2202	1
G708	G2449	1
G364	G1218	1
G963	G2870	1
G163	G960	1
G433	G2381	1
G1161	G2899	1
G2712	G2780	1
G364	G2462	1
G163	G616	1
G563	G1855	1
G676	G2538	1
G1112	G2603	1
G964	G1211	1
G1112	G2188	1
G310	G1573	1
G307	G955	1
G92	G2342	1
G660	G2780	1
G806	G1027	1
G1090	G2591	1
G577	G1446	1
G1835	G2462	1
G193	G2885	1
G1500	G2366	1
G867	G1585	1
G578	G1278	1
G216	G806	1
G774	G1835	1
G889	G1090	1
G405	G506	1
G1806	G2766	1
G907	G2208	1
G331	G1316	1
G569	G2620	1
G1218	G1625	1
G2061	G2202	1
G846	G1448	1
G194	G2103	1
G904	G1591	1
G1564	G2232	1
G2316	G2469	1
G300	G1550	1
G149	G2188	1
G462	G1328	1
G2012	G2293	1
G835	G1320	1
G355	G1635	1
G823	G2693	1
G1878	G2638	1
G1946	G2478	1
G111	G2320	1
G349	G1781	1
G715	G1700	1
G150	G1329	1
G851	G1383	1
G1793	G1994	1
G2385	G2876	1
G2406	G2471	1
G2248	G2467	1
G755	G2597	1
G691	G2435	1
G2754	G2837	1
G456	G2327	1
G321	G2177	1
G773	G2441	1
G923	G2063	1
G216	G2667	1
G1130	G2381	1
G2241	G2425	1
G1671	G2838	1
G1068	G2784	1
G2072	G2498	1
G629	G693	1
G1066	G2041	1
G846	G2681	1
G1211	G2263	1
G868	G2779	1
G1793	G2876	1
G1625	G2838	1
G827	G931	1
G374	G2467	1
G879	G1639	1
G423	G657	1
G335	G1383	1
G2457	G2973	1
G364	G806	1
G880	G2822	1
G1243	G2769	1
G1916	G2790	1
G524	G1637	1
G1651	G1793	1
G529	G758	1
G1328	G2092	1
G267	G2877	1
G374	G475	1
G2766	G2979	1
G2138	G2522	1
G206	G2930	1
G960	G2865	1
G1334	G1543	1
G374	G586	1
G475	G931	1
G1040	G2340	1
G1681	G2121	1
G331	G2789	1
G1671	G2369	1
G852	G1140	1
G1243	G1901	1
G2789	G2865	1
G1075	G2977	1
G302	G2457	1
G1625	G2369	1
G917	G1793	1
G759	G1432	1
G470	G2098	1
G167	G1242	1
G578	G836	1
G586	G1382	1
G1944	G2961	1
G2352	G2496	1
G774	G1027	1
G1130	G2162	1
G2180	G2979	1
G1671	G1681	1
G2711	G2786	1
G747	G2780	1
G1671	G2738	1
G2206	G2812	1
G1551	G2496	1
G624	G2222	1
G456	G2523	1
G40	G2991	1
G157	G1606	1
G85	G1984	1
G677	G2506	1
G956	G2979	1
G1296	G1568	1
G278	G2654	1
G149	G2815	1
G141	G2497	1
G529	G2766	1
G1452	G2175	1
G1823	G2116	1
G57	G1883	1
G364	G1622	1
G414	G1309	1
G1452	G2283	1
G842	G2603	1
G2515	G3004	1
G1433	G2681	1
G1799	G2295	1
G1547	G1944	1
G1008	G1694	1
G1223	G1416	1
G163	G1550	1
G723	G1704	1
G1133	G2620	1
G36	G2208	1
G433	G2462	1
G1551	G1748	1
G586	G715	1
G300	G1901	1
G1930	G2812	1
G653	G2119	1
G151	G2077	1
G758	G1645	1
G924	G2557	1
G642	G1748	1
G806	G2471	1
G2232	G2603	1
G908	G2459	1
G2073	G2214	1
G1004	G1515	1
G1316	G1828	1
G272	G2993	1
G1858	G2425	1
G1337	G1852	1
G424	G1087	1
G2870	G2977	1
G1337	G2877	1
G801	G2721	1
G163	G2563	1
G258	G758	1
G462	G2553	1
G1090	G2191	1
G438	G1787	1
G723	G2921	1
G896	G1919	1
G1316	G2940	1
G475	G2870	1
G600	G794	1
G806	G1388	1
G767	G2796	1
G2351	G2514	1
G1612	G2780	1
G1185	G1749	1
G150	G2869	1
G163	G2784	1
G770	G1764	1
G760	G2423	1
G1090	G2441	1
G2470	G2937	1
G634	G674	1
G806	G2103	1
G945	G1352	1
G2381	G2563	1
G546	G1376	1
G1488	G2848	1
G266	G1139	1
G1130	G2462	1
G174	G918	1
G1761	G1783	1
G715	G2419	1
G207	G2354	1
G380	G2545	1
G2597	G2634	1
G1329	G1948	1
G174	G1103	1
G529	G2327	1
G364	G2380	1
G1541	G1990	1
G1783	G2944	1
G1932	G2597	1
G407	G503	1
G2341	G2570	1
G433	G806	1
G1332	G2780	1
G1681	G2447	1
G1630	G2780	1
G1984	G2955	1
G2381	G2784	1
G75	G2354	1
G456	G2949	1
G443	G691	1
G827	G1397	1
G554	G2426	1
G2252	G2973	1
G1982	G2504	1
G306	G1932	1
G529	G1953	1
G1282	G2812	1
G1806	G2381	1
G163	G2769	1
G801	G2591	1
G423	G2377	1
G140	G2508	1
G2447	G2972	1
G1562	G1723	1
G391	G590	1
G600	G1116	1
G2103	G2664	1
G2345	G2746	1
G1328	G2977	1
G2105	G2789	1
G1543	G2877	1
G470	G656	1
G907	G2723	1
G475	G1397	1
G2005	G2368	1
G1040	G2172	1
G1935	G2560	1
G475	G1870	1
G1540	G1543	1
G1591	G1985	1
G1488	G2568	1
G1849	G2426	1
G163	G1901	1
G192	G2206	1
G715	G2972	1
G1488	G1966	1
G174	G456	1
G1515	G2523	1
G153	G773	1
G2381	G2769	1
G529	G2988	1
G2425	G2648	1
G1806	G2951	1
G963	G1334	1
G2381	G2859	1
G1518	G2700	1
G545	G645	1
G2268	G2460	1
G899	G2405	1
G2162	G2522	1
G1112	G2979	1
G207	G1446	1
G107	G1849	1
G1331	G2780	1
G737	G1226	1
G1099	G2994	1
G1143	G2467	1
G1068	G1529	1
G529	G2523	1
G405	G2121	1
G1007	G2544	1
G629	G1143	1
G1418	G2497	1
G1806	G2162	1
G46	G2887	1
G405	G824	1
G696	G958	1
G1963	G2419	1
G2017	G2435	1
G187	G773	1
G569	G1741	1
G2769	G2798	1
G1916	G2440	1
G1455	G1543	1
G1455	G2346	1
G574	G1087	1
G2620	G2877	1
G150	G1106	1
G2274	G2553	1
G1774	G2166	1
G817	G1948	1
G851	G2789	1
G1607	G1874	1
G1243	G2570	1
G216	G2232	1
G1648	G1806	1
G1083	G2435	1
G522	G2026	1
G595	G2051	1
G1039	G2103	1
G600	G2979	1
G486	G1394	1
G1201	G2210	1
G1677	G2758	1
G456	G1218	1
G149	G2170	1
G1492	G2739	1
G851	G2449	1
G2514	G2789	1
G823	G2118	1
G1887	G2182	1
G2198	G2221	1
G1494	G2046	1
G258	G1953	1
G470	G1006	1
G907	G1564	1
G1816	G2144	1
G1787	G2013	1
G1455	G2892	1
G835	G1726	1
G907	G1525	1
G495	G1645	1
G2447	G2583	1
G964	G1645	1
G1438	G1761	1
G755	G2570	1
G1118	G1547	1
G2415	G2589	1
G2435	G2977	1
G1075	G2327	1
G806	G1975	1
G195	G995	1
G691	G1828	1
G1963	G2972	1
G1455	G1671	1
G424	G1041	1
G505	G2661	1
G1079	G1703	1
G1023	G1735	1
G1428	G2415	1
G107	G685	1
G1305	G2661	1
G313	G1295	1
G2141	G2312	1
G911	G2005	1
G1797	G2119	1
G258	G2988	1
G402	G890	1
G80	G2014	1
G332	G1455	1
G433	G2380	1
G1741	G2435	1
G885	G1452	1
G897	G2799	1
G1469	G2405	1
G1496	G2618	1
G802	G1140	1
G1433	G2094	1
G1923	G2103	1
G1452	G2138	1
G316	G2012	1
G1133	G1320	1
G2092	G2983	1
G668	G1276	1
G693	G2180	1
G1275	G1995	1
G315	G2798	1
G1513	G2341	1
G708	G1518	1
G1870	G2236	1
G1473	G1793	1
G1741	G2563	1
G1978	G2320	1
G1932	G2721	1
G1806	G2462	1
G425	G2570	1
G1127	G2290	1
G366	G2180	1
G577	G2865	1
G1179	G1278	1
G2013	G2793	1
G1120	G1864	1
G663	G1455	1
G2723	G2724	1
G1429	G2419	1
G1681	G2620	1
G1328	G2766	1
G511	G2430	1
G204	G1727	1
G801	G2191	1
G468	G2802	1
G882	G1455	1
G231	G629	1
G693	G722	1
G797	G1659	1
G283	G2620	1
G516	G534	1
G1743	G2719	1
G1551	G1700	1
G216	G596	1
G364	G1469	1
G660	G2180	1
G592	G1884	1
G266	G1562	1
G366	G1869	1
G835	G1143	1
G1194	G2682	1
G275	G1500	1
G1288	G1659	1
G1143	G2425	1
G2869	G2870	1
G1413	G2841	1
G197	G1237	1
G960	G2693	1
G2159	G2977	1
G1842	G2294	1
G827	G1334	1
G828	G2780	1
G1133	G1855	1
G834	G2291	1
G2009	G2311	1
G368	G2311	1
G1332	G2175	1
G1564	G2463	1
G456	G2667	1
G36	G1418	1
G315	G2175	1
G1094	G1564	1
G36	G1617	1
G150	G266	1
G1688	G2032	1
G1948	G2780	1
G2025	G2876	1
G291	G2961	1
G267	G2563	1
G1116	G2566	1
G438	G896	1
G1932	G2591	1
G865	G1743	1
G475	G1334	1
G1429	G2972	1
G810	G2056	1
G1748	G2105	1
G2497	G2776	1
G672	G2537	1
G1098	G1334	1
G600	G853	1
G1792	G2443	1
G364	G596	1
G163	G529	1
G1008	G2799	1
G344	G2532	1
G1080	G2977	1
G408	G2138	1
G163	G2570	1
G2369	G2381	1
G2276	G2991	1
G1741	G1997	1
G466	G2589	1
G1027	G2814	1
G1606	G2156	1
G1651	G2876	1
G126	G2366	1
G362	G2405	1
G2404	G2793	1
G1997	G2723	1
G433	G1949	1
G556	G752	1
G1780	G2448	1
G133	G2892	1
G1328	G2327	1
G2327	G2881	1
G809	G1953	1
G1139	G2303	1
G529	G1218	1
G141	G2557	1
G1455	G1625	1
G364	G462	1
G1438	G1533	1
G2447	G2514	1
G1806	G2667	1
G758	G2581	1
G2693	G2877	1
G1726	G2045	1
G382	G2837	1
G1525	G2822	1
G2849	G2977	1
G1152	G2730	1
G586	G709	1
G1606	G2892	1
G1646	G2786	1
G148	G574	1
G364	G558	1
G2369	G2951	1
G402	G1455	1
G267	G2769	1
G514	G2522	1
G709	G2758	1
G904	G2366	1
G1116	G1612	1
G924	G1963	1
G1721	G1920	1
G315	G1806	1
G1606	G1671	1
G809	G2988	1
G901	G1799	1
G1224	G1566	1
G1916	G2092	1
G1075	G2949	1
G1838	G2244	1
G1780	G2341	1
G514	G629	1
G1428	G2719	1
G174	G514	1
G2026	G2204	1
G267	G1901	1
G134	G693	1
G516	G1984	1
G324	G2141	1
G444	G2713	1
G1654	G2170	1
G205	G231	1
G1429	G2583	1
G1452	G1835	1
G1251	G2968	1
G307	G810	1
G2599	G2979	1
G208	G762	1
G1316	G1383	1
G443	G2721	1
G1783	G2346	1
G514	G1053	1
G1306	G2218	1
G194	G1606	1
G334	G2398	1
G1328	G2523	1
G153	G1211	1
G360	G393	1
G2360	G2676	1
G514	G907	1
G364	G1332	1
G433	G1469	1
G2121	G2591	1
G1763	G1793	1
G148	G433	1
G2105	G2642	1
G2453	G2809	1
G1136	G2880	1
G1524	G2425	1
G2738	G2790	1
G1901	G2736	1
G364	G801	1
G462	G2540	1
G1254	G2647	1
G182	G1264	1
G198	G234	1
G1066	G2115	1
G918	G2366	1
G34	G1575	1
G80	G1372	1
G1966	G2490	1
G773	G2689	1
G1863	G2648	1
G1116	G2766	1
G600	G827	1
G498	G1359	1
G1087	G2430	1
G1551	G2419	1
G2083	G2994	1
G216	G882	1
G462	G577	1
G1543	G1550	1
G515	G1805	1
G1513	G1946	1
G1550	G2812	1
G2041	G2581	1
G418	G2568	1
G1771	G2632	1
G282	G2777	1
G722	G1849	1
G159	G200	1
G2385	G2799	1
G1225	G1821	1
G1334	G2563	1
G500	G2312	1
G890	G2544	1
G1612	G2180	1
G2263	G2940	1
G1747	G2814	1
G1806	G2380	1
G1220	G1313	1
G925	G1904	1
G11	G2736	1
G1982	G2780	1
G2859	G2983	1
G275	G1612	1
G461	G529	1
G1127	G1693	1
G634	G2116	1
G534	G1635	1
G1426	G2458	1
G1223	G1849	1
G1893	G2327	1
G1083	G1828	1
G1135	G1766	1
G1791	G2190	1
G1864	G2398	1
G444	G1452	1
G1793	G2799	1
G554	G586	1
G682	G1550	1
G1401	G1723	1
G846	G1979	1
G956	G1897	1
G574	G1329	1
G182	G1659	1
G1761	G2312	1
G433	G879	1
G955	G2497	1
G1010	G1971	1
G2369	G2462	1
G1218	G1828	1
G2115	G2979	1
G629	G744	1
G511	G2569	1
G1332	G2180	1
G1849	G2467	1
G1893	G1953	1
G368	G676	1
G589	G1743	1
G2544	G2877	1
G423	G2738	1
G1728	G2632	1
G2044	G2230	1
G1551	G2972	1
G2191	G2924	1
G283	G1320	1
G1313	G2025	1
G1543	G2784	1
G2435	G2988	1
G758	G1524	1
G880	G2977	1
G960	G2263	1
G1275	G1895	1
G1951	G2127	1
G346	G1136	1
G2217	G2297	1
G36	G703	1
G2514	G2642	1
G331	G2780	1
G809	G2949	1
G402	G2068	1
G443	G1010	1
G516	G1881	1
G1564	G2040	1
G2045	G2583	1
G2471	G2790	1
G924	G1719	1
G2435	G2523	1
G1948	G2175	1
G126	G2017	1
G60	G2516	1
G1235	G1716	1
G443	G2676	1
G715	G1445	1
G1606	G1625	1
G1893	G2988	1
G1320	G2426	1
G1948	G2283	1
G703	G1106	1
G610	G1143	1
G1328	G2949	1
G2156	G2263	1
G1133	G1726	1
G1863	G2365	1
G679	G926	1
G616	G1612	1
G1681	G1741	1
G157	G642	1
G310	G1309	1
G1543	G2769	1
G1778	G2404	1
G596	G1645	1
G315	G2138	1
G794	G924	1
G710	G1621	1
G1243	G1264	1
G1716	G2564	1
G283	G1741	1
G923	G2798	1
G40	G268	1
G1334	G1997	1
G1331	G2180	1
G2570	G2648	1
G2041	G2559	1
G266	G497	1
G456	G2232	1
G2620	G2784	1
G283	G1855	1
G1741	G2681	1
G300	G733	1
G1865	G2675	1
G1422	G1455	1
G2496	G2979	1
G693	G1027	1
G380	G1630	1
G306	G931	1
G450	G2671	1
G1543	G1901	1
G1671	G1747	1
G266	G890	1
G923	G1106	1
G1605	G2195	1
G2540	G2789	1
G1687	G2814	1
G2373	G2662	1
G1576	G2822	1
G755	G1264	1
G433	G1332	1
G1424	G1696	1
G475	G1112	1
G824	G1406	1
G107	G848	1
G656	G2525	1
G890	G2790	1
G444	G963	1
G150	G1335	1
G682	G728	1
G2676	G2869	1
G1233	G2675	1
G351	G1916	1
G1441	G1496	1
G2246	G2490	1
G685	G2467	1
G1441	G2118	1
G923	G1630	1
G46	G1848	1
G563	G2881	1
G1027	G2465	1
G756	G2765	1
G1075	G2667	1
G1558	G1785	1
G2175	G2736	1
G2620	G2769	1
G682	G1901	1
G1671	G2591	1
G1413	G2354	1
G231	G1039	1
G693	G2465	1
G660	G1027	1
G1625	G2591	1
G1864	G2340	1
G2232	G2758	1
G612	G712	1
G1806	G2232	1
G747	G1835	1
G897	G2197	1
G2471	G2738	1
G25	G225	1
G716	G2819	1
G354	G2242	1
G1251	G2302	1
G192	G2115	1
G2828	G2944	1
G885	G2648	1
G354	G2191	1
G1935	G2876	1
G1152	G2017	1
G1726	G2877	1
G2465	G2544	1
G2435	G2949	1
G75	G1243	1
G1194	G1329	1
G931	G2073	1
G1130	G1332	1
G1237	G2946	1
G177	G899	1
G1730	G2467	1
G1112	G1382	1
G625	G2822	1
G2559	G2775	1
G634	G1704	1
G1112	G1897	1
G1433	G2449	1
G370	G2525	1
G1671	G2676	1
G1106	G1828	1
G355	G1984	1
G216	G1850	1
G2009	G2070	1
G368	G2070	1
G40	G2538	1
G2360	G2381	1
G433	G882	1
G148	G2465	1
G806	G2428	1
G202	G755	1
G642	G1543	1
G306	G2870	1
G1116	G2381	1
G1455	G2435	1
G2210	G2810	1
G456	G596	1
G107	G364	1
G414	G2948	1
G1452	G2471	1
G1554	G2979	1
G967	G1953	1
G1564	G1932	1
G1087	G2569	1
G503	G1573	1
G890	G2257	1
G1478	G1576	1
G674	G1452	1
G462	G563	1
G747	G1429	1
G1152	G1916	1
G2024	G2626	1
G3	G615	1
G456	G1422	1
G433	G703	1
G600	G1382	1
G1335	G1953	1
G1562	G2063	1
G1099	G1269	1
G715	G835	1
G1289	G1532	1
G456	G625	1
G1223	G1963	1
G2320	G2991	1
G771	G1207	1
G773	G1863	1
G1982	G2175	1
G456	G462	1
G408	G2368	1
G755	G903	1
G1316	G2789	1
G1525	G1780	1
G1564	G2724	1
G663	G899	1
G835	G2881	1
G1387	G1500	1
G1521	G1849	1
G923	G1806	1
G1551	G1671	1
G1806	G1982	1
G2232	G2768	1
G2597	G2972	1
G586	G923	1
G774	G1606	1
G1135	G1621	1
G1256	G1982	1
G828	G2180	1
G1452	G2103	1
G642	G1671	1
G2369	G2380	1
G1337	G2570	1
G421	G1433	1
G1072	G2500	1
G2401	G2900	1
G1335	G2988	1
G1090	G1596	1
G90	G222	1
G476	G1761	1
G2092	G2865	1
G2162	G2814	1
G1116	G2162	1
G356	G397	1
G266	G1455	1
G600	G715	1
G1626	G2573	1
G2215	G2483	1
G334	G2172	1
G885	G2365	1
G1179	G2948	1
G1332	G1835	1
G102	G426	1
G1133	G2834	1
G1007	G2092	1
G1739	G2210	1
G958	G1704	1
G172	G1766	1
G497	G2381	1
G514	G1039	1
G851	G2780	1
G1178	G1542	1
G366	G2471	1
G1010	G1139	1
G1858	G2583	1
G405	G1741	1
G2341	G2689	1
G2838	G2940	1
G1774	G2514	1
G2274	G2877	1
G1589	G2235	1
G421	G2590	1
G141	G924	1
G1441	G1591	1
G2514	G2780	1
G957	G1345	1
G275	G2381	1
G925	G1119	1
G880	G2327	1
G1455	G2859	1
G556	G1702	1
G2365	G2405	1
G2693	G2784	1
G2465	G2790	1
G693	G2103	1
G355	G1881	1
G931	G1007	1
G456	G801	1
G866	G2210	1
G1513	G2073	1
G624	G1237	1
G867	G2398	1
G1080	G2949	1
G543	G1265	1
G511	G2522	1
G366	G2103	1
G480	G1052	1
G1455	G1997	1
G126	G660	1
G1625	G2191	1
G80	G2263	1
G1701	G2116	1
G1864	G2172	1
G1332	G1429	1
G693	G734	1
G1543	G2570	1
G1635	G1799	1
G1010	G1406	1
G2480	G2751	1
G1331	G1835	1
G2405	G2869	1
G931	G2597	1
G231	G964	1
G593	G2641	1
G1194	G1416	1
G2812	G2870	1
G1681	G1726	1
G2849	G2949	1
G1397	G2812	1
G2693	G2769	1
G353	G1098	1
G875	G2478	1
G955	G1012	1
G490	G1719	1
G4	G348	1
G660	G2103	1
G1878	G2880	1
G283	G1726	1
G36	G2843	1
G275	G2162	1
G723	G1008	1
G1180	G2631	1
G775	G2232	1
G2825	G2877	1
G1116	G1218	1
G879	G2924	1
G1924	G2471	1
G1099	G1654	1
G402	G899	1
G2406	G2426	1
G1116	G2462	1
G258	G506	1
G907	G1513	1
G907	G2849	1
G458	G2245	1
G11	G354	1
G909	G956	1
G159	G2412	1
G1223	G1719	1
G823	G2366	1
G1500	G2341	1
G364	G2258	1
G1806	G2100	1
G253	G1040	1
G1508	G1978	1
G1687	G2244	1
G12	G2961	1
G2068	G2381	1
G1606	G2435	1
G475	G773	1
G1953	G2535	1
G970	G2537	1
G1136	G2086	1
G1186	G1971	1
G1975	G2865	1
G150	G1419	1
G1012	G1494	1
G2505	G2887	1
G1118	G1944	1
G1706	G2568	1
G715	G1948	1
G529	G1422	1
G368	G1250	1
G642	G1625	1
G866	G2355	1
G576	G2989	1
G1384	G2763	1
G78	G192	1
G885	G1912	1
G361	G919	1
G141	G1719	1
G789	G1547	1
G758	G2838	1
G150	G157	1
G149	G2320	1
G729	G2848	1
G2025	G2799	1
G2208	G2585	1
G300	G2430	1
G46	G1141	1
G500	G1452	1
G2041	G2927	1
G2544	G2563	1
G368	G2533	1
G691	G2789	1
G1083	G1383	1
G2572	G2833	1
G610	G744	1
G907	G1446	1
G444	G2648	1
G501	G762	1
G964	G2544	1
G1218	G1383	1
G126	G1328	1
G577	G1496	1
G764	G2569	1
G2188	G2421	1
G1489	G1816	1
G596	G2581	1
G1008	G1191	1
G2544	G2784	1
G1220	G2170	1
G216	G2354	1
G1576	G1780	1
G357	G501	1
G1858	G2514	1
G336	G1277	1
G275	G2462	1
G758	G2369	1
G1789	G2037	1
G1320	G2467	1
G1489	G2568	1
G373	G1741	1
G336	G1957	1
G1010	G2274	1
G180	G2974	1
G2232	G2496	1
G642	G1445	1
G899	G2467	1
G622	G1957	1
G1780	G2073	1
G514	G964	1
G1787	G1833	1
G1159	G1554	1
G758	G1681	1
G729	G2568	1
G1513	G2597	1
G462	G1877	1
G758	G2738	1
G1606	G2859	1
G357	G2145	1
G331	G2180	1
G1116	G2667	1
G1183	G1689	1
G1858	G2072	1
G773	G2522	1
G1916	G2381	1
G985	G2230	1
G194	G747	1
G266	G2046	1
G317	G2316	1
G437	G2681	1
G806	G2426	1
G1141	G2485	1
G529	G801	1
G1681	G2275	1
G607	G1244	1
G2544	G2769	1
G2681	G2973	1
G1313	G1885	1
G1455	G2360	1
G1874	G2758	1
G2044	G2686	1
G1525	G2977	1
G36	G1513	1
G258	G1422	1
G36	G2849	1
G641	G2155	1
G1034	G2655	1
G1383	G2443	1
G266	G1099	1
G1606	G1997	1
G1869	G2406	1
G544	G1832	1
G1382	G2869	1
G703	G1335	1
G1010	G1562	1
G703	G1551	1
G2105	G2535	1
G157	G1748	1
G497	G806	1
G141	G1907	1
G554	G1985	1
G470	G1743	1
G931	G2721	1
G287	G628	1
G1012	G2469	1
G2040	G2838	1
G1719	G2581	1
G1916	G2951	1
G1968	G2347	1
G1445	G1923	1
G865	G2199	1
G13	G479	1
G1515	G2121	1
G353	G2622	1
G296	G1619	1
G960	G1116	1
G393	G2098	1
G2514	G2882	1
G828	G1424	1
G1835	G2849	1
G444	G2365	1
G433	G2258	1
G2025	G2063	1
G1099	G1978	1
G1609	G2577	1
G1612	G2103	1
G177	G1152	1
G420	G694	1
G1205	G2808	1
G113	G1854	1
G1916	G2162	1
G521	G1671	1
G1152	G1328	1
G2073	G2865	1
G402	G2758	1
G923	G1335	1
G1007	G1612	1
G2023	G2482	1
G126	G796	1
G595	G806	1
G1143	G2583	1
G1313	G1424	1
G2118	G2405	1
G2230	G2827	1
G907	G1223	1
G102	G180	1
G36	G1446	1
G1940	G2278	1
G1997	G2983	1
G2441	G2983	1
G177	G1382	1
G964	G2790	1
G139	G729	1
G1710	G2065	1
G2381	G2430	1
G331	G574	1
G897	G2025	1
G525	G1099	1
G1118	G2044	1
G1930	G1963	1
G1332	G2103	1
G851	G2535	1
G514	G1971	1
G1034	G1985	1
G2201	G2909	1
G934	G2245	1
G1827	G1997	1
G2745	G2890	1
G153	G1751	1
G596	G1524	1
G1138	G1799	1
G752	G2966	1
G456	G1850	1
G480	G1136	1
G577	G1930	1
G1594	G1759	1
G663	G1152	1
G2814	G2979	1
G2046	G2365	1
G1984	G2108	1
G1985	G2983	1
G1106	G1383	1
G1855	G2504	1
G1320	G2425	1
G958	G2166	1
G1997	G2849	1
G150	G364	1
G1508	G2892	1
G1867	G2465	1
G174	G2175	1
G1027	G1827	1
G543	G1542	1
G934	G2498	1
G806	G2236	1
G1398	G2961	1
G856	G1693	1
G2092	G2693	1
G606	G1711	1
G1726	G2769	1
G2447	G2940	1
G1554	G1916	1
G1208	G1960	1
G275	G2208	1
G108	G952	1
G889	G2798	1
G1065	G2026	1
G1083	G1316	1
G1693	G1888	1
G391	G2245	1
G1604	G2682	1
G1901	G2266	1
G2337	G2452	1
G331	G433	1
G1953	G2814	1
G715	G1828	1
G506	G2160	1
G1000	G1196	1
G1072	G2847	1
G1916	G2462	1
G2245	G2892	1
G2291	G2638	1
G2946	G2994	1
G889	G1106	1
G685	G1985	1
G586	G960	1
G715	G2940	1
G1654	G2320	1
G1726	G1901	1
G627	G2836	1
G2019	G2115	1
G1806	G1850	1
G11	G2865	1
G300	G2569	1
G1525	G2766	1
G1561	G2559	1
G385	G2443	1
G199	G2427	1
G220	G1276	1
G391	G2498	1
G993	G1513	1
G964	G2738	1
G2535	G2877	1
G410	G1271	1
G2443	G2758	1
G433	G2849	1
G393	G656	1
G362	G2467	1
G1681	G1870	1
G890	G1500	1
G1220	G1508	1
G1335	G2648	1
G587	G1066	1
G343	G940	1
G450	G1026	1
G1654	G2300	1
G307	G2469	1
G36	G1223	1
G2172	G2739	1
G362	G475	1
G1211	G1893	1
G546	G2056	1
G841	G1314	1
G2724	G2979	1
G521	G1625	1
G362	G586	1
G1659	G2073	1
G960	G2730	1
G2041	G2440	1
G1083	G2789	1
G685	G962	1
G1524	G2583	1
G2041	G2638	1
G1551	G2435	1
G744	G2721	1
G539	G1243	1
G723	G2946	1
G1193	G1979	1
G1576	G2977	1
G1603	G2398	1
G905	G1674	1
G515	G1598	1
G2463	G2949	1
G1473	G2810	1
G642	G2435	1
G781	G832	1
G402	G1152	1
G1143	G2514	1
G1387	G2381	1
G1513	G2591	1
G2462	G2564	1
G204	G1239	1
G266	G899	1
G173	G2668	1
G1445	G2544	1
G2682	G2944	1
G2769	G2924	1
G1900	G2917	1
G985	G1751	1
G1635	G2013	1
G1450	G2129	1
G663	G2496	1
G1382	G1639	1
G433	G1446	1
G433	G1920	1
G2544	G2570	1
G574	G1335	1
G1963	G2940	1
G1452	G2405	1
G1288	G1836	1
G374	G693	1
G1039	G2236	1
G719	G2263	1
G533	G2141	1
G402	G1382	1
G882	G2496	1
G149	G723	1
G148	G231	1
G1116	G2232	1
G1422	G2758	1
G1525	G2327	1
G852	G2056	1
G456	G2040	1
G245	G2945	1
G554	G1441	1
G2682	G2828	1
G178	G2600	1
G1109	G1742	1
G1671	G2208	1
G245	G444	1
G393	G1006	1
G340	G2838	1
G117	G1801	1
G858	G1508	1
G723	G2827	1
G2068	G2380	1
G1948	G2471	1
G1953	G2547	1
G1090	G2736	1
G2681	G2731	1
G1042	G1231	1
G144	G2899	1
G280	G1681	1
G1099	G2892	1
G1525	G1953	1
G2592	G2828	1
G1236	G2210	1
G875	G2730	1
G1700	G1948	1
G1741	G2449	1
G752	G2990	1
G889	G1806	1
G1867	G2103	1
G2738	G2766	1
G625	G2977	1
G2012	G2404	1
G1806	G2258	1
G1971	G2664	1
G1042	G1159	1
G1335	G2365	1
G931	G2441	1
G144	G2250	1
G1645	G2073	1
G201	G2317	1
G301	G574	1
G402	G715	1
G1742	G2955	1
G1091	G2958	1
G2131	G2879	1
G1251	G1417	1
G2175	G2865	1
G693	G1884	1
G219	G1309	1
G534	G1984	1
G1130	G1446	1
G53	G838	1
G896	G2404	1
G586	G1550	1
G1233	G2445	1
G1441	G2366	1
G2232	G2944	1
G1525	G2988	1
G1042	G1186	1
G454	G2467	1
G1691	G2711	1
G2426	G2465	1
G1763	G1992	1
G163	G1863	1
G2026	G2784	1
G229	G628	1
G1827	G2681	1
G1550	G1849	1
G2121	G2723	1
G1044	G1476	1
G2156	G2366	1
G1316	G2780	1
G2195	G2742	1
G885	G1441	1
G303	G1761	1
G1793	G2137	1
G595	G1949	1
G1419	G2972	1
G586	G2563	1
G1429	G1828	1
G2257	G2471	1
G477	G2713	1
G194	G2425	1
G1007	G2381	1
G1042	G2877	1
G278	G1142	1
G187	G1923	1
G148	G755	1
G1982	G2368	1
G734	G2369	1
G462	G2570	1
G1372	G1916	1
G2092	G2263	1
G187	G1524	1
G271	G2564	1
G515	G2092	1
G828	G2009	1
G501	G1693	1
G963	G1645	1
G586	G2784	1
G1445	G2790	1
G1681	G2881	1
G266	G827	1
G516	G2412	1
G2478	G2738	1
G693	G1606	1
G126	G2341	1
G1851	G2802	1
G433	G1223	1
G506	G2443	1
G734	G1681	1
G1112	G2045	1
G1916	G2380	1
G283	G2881	1
G1823	G2946	1
G174	G2138	1
G193	G2743	1
G513	G2312	1
G784	G1012	1
G890	G1612	1
G1524	G2514	1
G1726	G2570	1
G846	G1968	1
G1932	G2214	1
G1387	G2462	1
G1998	G2457	1
G1550	G2664	1
G1027	G1455	1
G2437	G2899	1
G794	G1576	1
G2232	G2644	1
G2949	G2963	1
G1601	G1603	1
G2079	G2295	1
G1949	G1985	1
G78	G2681	1
G982	G2410	1
G1562	G2798	1
G934	G2937	1
G80	G2979	1
G1513	G2191	1
G2406	G2425	1
G447	G480	1
G586	G2769	1
G1324	G2963	1
G11	G153	1
G1191	G2946	1
G1141	G1278	1
G1747	G2599	1
G897	G934	1
G1763	G2810	1
G1870	G2583	1
G2024	G2534	1
G1617	G2465	1
G326	G543	1
G1664	G2887	1
G1806	G2354	1
G586	G728	1
G148	G1606	1
G456	G1932	1
G525	G2994	1
G709	G2156	1
G996	G2124	1
G207	G2622	1
G275	G1982	1
G1621	G2943	1
G2790	G2977	1
G1500	G2073	1
G1120	G2398	1
G2123	G2745	1
G586	G1901	1
G329	G1017	1
G2092	G2118	1
G23	G2712	1
G2320	G2538	1
G899	G2166	1
G2525	G2981	1
G1858	G1948	1
G551	G1668	1
G2346	G2814	1
G456	G2724	1
G275	G1418	1
G890	G2766	1
G75	G2005	1
G1982	G2471	1
G2766	G2877	1
G1723	G2814	1
G823	G1328	1
G1525	G2949	1
G153	G809	1
G851	G1835	1
G113	G1013	1
G1645	G2597	1
G306	G2241	1
G1013	G2041	1
G1901	G2274	1
G1806	G2303	1
G903	G1500	1
G36	G2865	1
G109	G1363	1
G1562	G2175	1
G1948	G1975	1
G709	G1671	1
G157	G2419	1
G918	G2341	1
G596	G2838	1
G1576	G2327	1
G1772	G2630	1
G1383	G2766	1
G2180	G2877	1
G824	G2046	1
G2118	G2426	1
G524	G2613	1
G1975	G2263	1
G2465	G2566	1
G656	G2990	1
G744	G2441	1
G364	G1133	1
G468	G1217	1
G374	G1143	1
G956	G2877	1
G1282	G2160	1
G433	G2210	1
G1828	G2814	1
G11	G2274	1
G774	G2467	1
G959	G2491	1
G629	G1187	1
G2274	G2570	1
G425	G629	1
G1855	G2780	1
G1256	G1920	1
G1039	G2467	1
G1339	G1864	1
G868	G2273	1
G1671	G2723	1
G2758	G2870	1
G139	G2991	1
G1007	G2462	1
G2121	G2214	1
G216	G958	1
G1543	G2430	1
G1255	G1606	1
G1719	G2790	1
G2671	G2833	1
G596	G2369	1
G801	G2736	1
G691	G2780	1
G245	G899	1
G521	G2435	1
G1363	G1598	1
G11	G2693	1
G332	G426	1
G923	G1783	1
G634	G1008	1
G806	G2425	1
G1576	G2988	1
G960	G1916	1
G2405	G2963	1
G760	G2005	1
G596	G1681	1
G1551	G1828	1
G596	G2738	1
G1937	G2917	1
G1700	G2940	1
G267	G1064	1
G1080	G2168	1
G1867	G2970	1
G1933	G2897	1
G817	G1140	1
G306	G773	1
G2352	G2940	1
G682	G2430	1
G1419	G1671	1
G642	G1828	1
G1747	G2603	1
G1562	G1806	1
G444	G2447	1
G924	G1953	1
G107	G2988	1
G1316	G2175	1
G715	G1383	1
G357	G846	1
G426	G2760	1
G187	G2544	1
G851	G1027	1
G1018	G2652	1
G2207	G2386	1
G1223	G1576	1
G755	G2736	1
G1185	G2746	1
G2026	G2360	1
G1780	G2191	1
G15	G141	1
G161	G2739	1
G281	G1837	1
G444	G1554	1
G1224	G2681	1
G1218	G2642	1
G1118	G1966	1
G1422	G2496	1
G364	G958	1
G2005	G2467	1
G722	G2977	1
G514	G1562	1
G1383	G2327	1
G1997	G2865	1
G2346	G2547	1
G1009	G1252	1
G340	G691	1
G275	G1194	1
G2241	G2940	1
G2730	G2979	1
G1309	G2357	1
G1780	G2441	1
G1278	G1448	1
G2444	G2948	1
G2581	G2622	1
G1637	G2303	1
G216	G1130	1
G889	G1335	1
G163	G629	1
G266	G1152	1
G1112	G1159	1
G1500	G2597	1
G629	G1329	1
G2083	G2892	1
G444	G1441	1
G2754	G2990	1
G774	G2352	1
G2085	G3004	1
G2799	G2946	1
G529	G1932	1
G40	G2961	1
G586	G1529	1
G1445	G2440	1
G758	G1747	1
G371	G2449	1
G974	G2720	1
G129	G1472	1
G425	G2736	1
G752	G2754	1
G778	G2581	1
G1985	G2865	1
G1893	G2447	1
G1211	G2165	1
G577	G2366	1
G1140	G2850	1
G1719	G2738	1
G2365	G2467	1
G266	G1382	1
G1694	G2876	1
G1895	G2177	1
G529	G2724	1
G1916	G1982	1
G1360	G2004	1
G2197	G2538	1
G1278	G2681	1
G174	G1429	1
G355	G2412	1
G964	G1500	1
G616	G1332	1
G882	G1874	1
G163	G907	1
G257	G1438	1
G139	G1823	1
G1876	G2062	1
G426	G784	1
G993	G2865	1
G275	G882	1
G2569	G2664	1
G2780	G2838	1
G1645	G2721	1
G600	G1159	1
G2235	G2741	1
G153	G177	1
G2462	G2881	1
G703	G1903	1
G1139	G1591	1
G774	G2425	1
G923	G2924	1
G433	G1133	1
G736	G1704	1
G1383	G2523	1
G515	G758	1
G2648	G2814	1
G364	G1130	1
G1112	G2877	1
G461	G817	1
G266	G715	1
G1923	G2352	1
G2175	G2693	1
G1452	G2426	1
G1335	G2121	1
G405	G457	1
G1576	G2949	1
G364	G2870	1
G758	G1010	1
G905	G2751	1
G476	G1916	1
G890	G2381	1
G144	G1327	1
G126	G885	1
G107	G963	1
G1693	G2021	1
G1203	G2763	1
G851	G2705	1
G1203	G1621	1
G197	G1628	1
G814	G1578	1
G2040	G2721	1
G923	G1903	1
G1022	G1480	1
G283	G1112	1
G2300	G2568	1
G1393	G2438	1
G758	G2676	1
G2547	G2570	1
G316	G355	1
G1397	G1849	1
G1044	G1561	1
G904	G2369	1
G187	G2790	1
G2263	G2835	1
G1923	G2634	1
G1013	G2375	1
G2557	G2789	1
G1427	G1561	1
G600	G2877	1
G182	G750	1
G1625	G2214	1
G1518	G2505	1
G515	G2766	1
G435	G1136	1
G1220	G2300	1
G1896	G2950	1
G173	G718	1
G794	G1953	1
G482	G1161	1
G2320	G2628	1
G789	G2991	1
G400	G2758	1
G1923	G2425	1
G1229	G2122	1
G1130	G1133	1
G1848	G2041	1
G708	G1561	1
G1704	G2921	1
G918	G2838	1
G606	G2248	1
G2977	G2979	1
G885	G1320	1
G1455	G2789	1
G1562	G2138	1
G394	G2672	1
G1982	G2297	1
G924	G2949	1
G104	G2348	1
G462	G2637	1
G1683	G2187	1
G835	G1329	1
G890	G2162	1
G1382	G1963	1
G2354	G2780	1
G157	G1671	1
G722	G2766	1
G283	G554	1
G625	G2949	1
G719	G1116	1
G1855	G2882	1
G2305	G2408	1
G1040	G2833	1
G444	G2620	1
G1547	G2961	1
G1932	G2736	1
G882	G2419	1
G1920	G2341	1
G587	G1013	1
G141	G758	1
G2790	G2988	1
G858	G2320	1
G48	G215	1
G1332	G2026	1
G335	G2471	1
G11	G2263	1
G629	G2869	1
G2622	G2686	1
G1986	G2570	1
G31	G1352	1
G438	G2734	1
G1316	G2180	1
G1485	G2478	1
G1419	G1445	1
G1787	G2630	1
G620	G1438	1
G1828	G2465	1
G2365	G2425	1
G281	G2291	1
G2467	G2583	1
G1034	G1604	1
G134	G1210	1
G2105	G2351	1
G2263	G2780	1
G456	G2355	1
G1500	G2721	1
G49	G80	1
G1561	G2638	1
G1329	G2798	1
G2012	G2955	1
G194	G1075	1
G682	G2569	1
G612	G2086	1
G1543	G1863	1
G2676	G2924	1
G868	G1204	1
G1915	G2857	1
G114	G640	1
G835	G2941	1
G151	G545	1
G797	G2547	1
G187	G2738	1
G622	G2865	1
G964	G1747	1
G1010	G2979	1
G882	G2972	1
G381	G2515	1
G275	G353	1
G1183	G1581	1
G1335	G2447	1
G1948	G2405	1
G433	G1130	1
G960	G1893	1
G2065	G2814	1
G554	G693	1
G811	G2547	1
G1041	G1666	1
G1288	G2547	1
G1869	G2241	1
G44	G552	1
G1331	G2026	1
G691	G2535	1
G80	G1916	1
G964	G1612	1
G197	G2083	1
G828	G2157	1
G194	G600	1
G890	G1218	1
G722	G2327	1
G1919	G2433	1
G472	G1954	1
G1683	G2612	1
G890	G2462	1
G531	G2680	1
G625	G1218	1
G685	G1604	1
G177	G923	1
G426	G1270	1
G918	G1310	1
G1445	G2092	1
G1335	G2451	1
G521	G1828	1
G1693	G2943	1
G934	G1610	1
G490	G1953	1
G2583	G2789	1
G1688	G2851	1
G1329	G2175	1
G149	G1398	1
G784	G2239	1
G1223	G2327	1
G426	G851	1
G1320	G2583	1
G306	G1211	1
G521	G2940	1
G2766	G2784	1
G1387	G1982	1
G693	G2236	1
G960	G1328	1
G437	G1064	1
G828	G1606	1
G1505	G2869	1
G993	G1372	1
G2103	G2648	1
G631	G2542	1
G2314	G2719	1
G794	G2949	1
G629	G1106	1
G963	G1524	1
G1871	G2652	1
G2317	G2375	1
G2790	G2949	1
G486	G2779	1
G796	G1211	1
G1155	G1554	1
G2360	G2423	1
G2535	G2570	1
G157	G1625	1
G634	G2946	1
G750	G993	1
G177	G1543	1
G1328	G1932	1
G1087	G2465	1
G816	G1424	1
G391	G1610	1
G663	G923	1
G1932	G2983	1
G2075	G2728	1
G2116	G2637	1
G2175	G2263	1
G1996	G2879	1
G558	G963	1
G1035	G1946	1
G2766	G2769	1
G231	G1455	1
G600	G960	1
G337	G2590	1
G1606	G2789	1
G923	G2405	1
G1223	G2988	1
G1332	G1401	1
G2528	G2606	1
G2121	G2453	1
G1328	G2724	1
G141	G1953	1
G1422	G2944	1
G2063	G2798	1
G694	G2780	1
G456	G958	1
G744	G1825	1
G917	G1172	1
G1956	G2700	1
G101	G1433	1
G456	G931	1
G1445	G1500	1
G374	G1090	1
G966	G1678	1
G2681	G2724	1
G612	G2505	1
G1917	G2758	1
G157	G521	1
G456	G1243	1
G773	G1139	1
G2263	G2798	1
G828	G1933	1
G323	G1835	1
G75	G713	1
G1329	G1806	1
G1090	G2865	1
G2137	G2780	1
G405	G554	1
G2467	G2514	1
G1997	G2693	1
G380	G2312	1
G2014	G2312	1
G709	G2435	1
G810	G1136	1
G141	G2988	1
G1455	G2674	1
G482	G2433	1
G187	G515	1
G215	G826	1
G685	G693	1
G691	G2180	1
G1401	G1806	1
G2721	G2790	1
G157	G1445	1
G488	G2612	1
G1424	G1793	1
G642	G1383	1
G826	G2873	1
G794	G926	1
G1881	G2142	1
G456	G2406	1
G506	G1953	1
G780	G2064	1
G923	G2312	1
G1418	G2766	1
G500	G1554	1
G275	G2843	1
G150	G1452	1
G85	G215	1
G2103	G2365	1
G141	G2291	1
G1106	G2780	1
G754	G1207	1
G194	G1042	1
G1919	G2779	1
G444	G1320	1
G447	G1155	1
G1920	G2838	1
G36	G2468	1
G612	G2636	1
G511	G1562	1
G799	G1559	1
G596	G1500	1
G1136	G1542	1
G194	G2972	1
G340	G2591	1
G663	G1671	1
G1335	G2620	1
G907	G1496	1
G1901	G2188	1
G2405	G2924	1
G610	G1329	1
G315	G2426	1
G2404	G2437	1
G907	G2118	1
G506	G2988	1
G1255	G2236	1
G92	G1979	1
G1827	G2449	1
G955	G2516	1
G1117	G2553	1
G1207	G1979	1
G1004	G2798	1
G2263	G2283	1
G802	G2775	1
G882	G1671	1
G1243	G2814	1
G1963	G2063	1
G960	G2553	1
G148	G642	1
G2429	G2612	1
G353	G2712	1
G1112	G1550	1
G2435	G2724	1
G875	G1058	1
G371	G1518	1
G62	G1443	1
G285	G640	1
G2360	G2849	1
G1419	G2435	1
G402	G923	1
G456	G2870	1
G1500	G2191	1
G994	G1731	1
G722	G2949	1
G2115	G2877	1
G199	G517	1
G182	G2547	1
G934	G1099	1
G1320	G2514	1
G1920	G2369	1
G1205	G2739	1
G501	G1321	1
G522	G1604	1
G11	G2188	1
G2734	G2741	1
G153	G1003	1
G444	G1741	1
G817	G1806	1
G1152	G2073	1
G715	G2504	1
G772	G801	1
G1371	G2097	1
G899	G2514	1
G1446	G2395	1
G102	G2681	1
G1223	G2949	1
G827	G1923	1
G194	G828	1
G1112	G2563	1
G774	G1700	1
G906	G1494	1
G1397	G1719	1
G231	G2068	1
G554	G1143	1
G423	G2086	1
G600	G1550	1
G1726	G2430	1
G126	G1007	1
G2721	G2738	1
G1912	G2738	1
G676	G1313	1
G824	G1480	1
G1316	G1429	1
G1452	G2467	1
G2523	G2849	1
G1455	G2642	1
G889	G1783	1
G1112	G2784	1
G315	G1452	1
G402	G1543	1
G734	G1010	1
G1870	G1948	1
G2265	G2357	1
G560	G1598	1
G391	G1099	1
G443	G2983	1
G556	G883	1
G393	G1743	1
G963	G2544	1
G682	G2522	1
G1521	G2327	1
G1279	G2362	1
G1098	G1923	1
G734	G2676	1
G150	G963	1
G1884	G1948	1
G600	G2563	1
G1440	G1506	1
G1058	G1093	1
G1250	G1763	1
G1901	G2395	1
G194	G2583	1
G198	G1012	1
G176	G2514	1
G331	G1606	1
G107	G402	1
G529	G931	1
G482	G2779	1
G1521	G1953	1
G2573	G2958	1
G2496	G2877	1
G1671	G2843	1
G470	G2572	1
G1007	G1332	1
G1329	G2138	1
G456	G875	1
G529	G1243	1
G2092	G2366	1
G773	G2274	1
G600	G2784	1
G1112	G2769	1
G964	G2381	1
G275	G2849	1
G402	G1671	1
G1026	G1601	1
G192	G1329	1
G2327	G2686	1
G888	G1894	1
G1758	G1793	1
G2779	G2793	1
G1446	G2046	1
G16	G43	1
G36	G1496	1
G366	G2467	1
G36	G2118	1
G1496	G2563	1
G1521	G2988	1
G421	G2662	1
G1611	G2032	1
G2013	G2630	1
G399	G2714	1
G1985	G2468	1
G1112	G1901	1
G721	G2047	1
G529	G2406	1
G366	G475	1
G663	G1625	1
G163	G964	1
G194	G429	1
G500	G2620	1
G964	G2951	1
G600	G2769	1
G610	G2869	1
G773	G1562	1
G907	G1591	1
G774	G2825	1
G1004	G1806	1
G1372	G2045	1
G1521	G2523	1
G918	G1007	1
G1581	G2155	1
G1741	G2535	1
G590	G3004	1
G596	G1747	1
G993	G2468	1
G2470	G2892	1
G325	G2267	1
G660	G2467	1
G2137	G2175	1
G642	G1316	1
G1835	G2118	1
G1580	G2497	1
G1997	G2263	1
G362	G2041	1
G408	G2467	1
G2175	G2188	1
G139	G2919	1
G770	G2739	1
G2144	G2157	1
G410	G2876	1
G2041	G2462	1
G275	G1446	1
G275	G1920	1
G1191	G1694	1
G823	G885	1
G600	G1901	1
G66	G241	1
G362	G2206	1
G2180	G2570	1
G577	G1505	1
G522	G1032	1
G985	G1512	1
G1398	G1739	1
G2644	G2738	1
G691	G1835	1
G2232	G2435	1
G958	G1774	1
G529	G2870	1
G1241	G2893	1
G1877	G2245	1
G1671	G2983	1
G2119	G2700	1
G830	G1806	1
G958	G1143	1
G344	G360	1
G233	G736	1
G1496	G2769	1
G579	G652	1
G488	G1554	1
G558	G2648	1
G1694	G2799	1
G1452	G2425	1
G2266	G2581	1
G1106	G2175	1
G1625	G2983	1
G157	G2435	1
G1554	G2877	1
G963	G2790	1
G1696	G2991	1
G139	G2538	1
G2381	G2814	1
G2206	G2988	1
G1560	G1703	1
G889	G1903	1
G890	G2232	1
G706	G2370	1
G1229	G1770	1
G331	G696	1
G1186	G2794	1
G1768	G2242	1
G596	G1010	1
G1496	G1901	1
G1948	G2426	1
G1591	G2682	1
G337	G421	1
G1446	G2979	1
G1551	G2789	1
G1320	G1515	1
G1975	G2366	1
G24	G2252	1
G46	G1066	1
G1877	G2498	1
G1719	G1747	1
G2798	G2924	1
G2206	G2523	1
G642	G2789	1
G815	G921	1
G64	G2498	1
G1476	G2082	1
G1861	G2345	1
G1997	G2118	1
G1606	G2642	1
G578	G2681	1
G827	G2544	1
G1671	G2849	1
G955	G1134	1
G2497	G2528	1
G141	G258	1
G216	G1591	1
G1848	G2115	1
G187	G1500	1
G1772	G2404	1
G1418	G2949	1
G1930	G2988	1
G1654	G1877	1
G1747	G2768	1
G1383	G2232	1
G385	G2380	1
G1264	G1329	1
G2056	G2700	1
G2259	G2727	1
G693	G2425	1
G659	G1646	1
G80	G362	1
G1090	G2274	1
G576	G629	1
G1903	G2045	1
G1422	G1543	1
G824	G1002	1
G1749	G2375	1
G529	G1397	1
G964	G2462	1
G806	G2583	1
G366	G2425	1
G1005	G1871	1
G1529	G2988	1
G6	G930	1
G2365	G2825	1
G2493	G2792	1
G1291	G1961	1
G842	G1901	1
G774	G2972	1
G1598	G1710	1
G2557	G2780	1
G1335	G1741	1
G319	G1731	1
G1901	G2979	1
G216	G2622	1
G696	G1923	1
G691	G1027	1
G1916	G2354	1
G1090	G2693	1
G563	G1849	1
G1335	G1855	1
G281	G310	1
G733	G2341	1
G1249	G1920	1
G558	G2365	1
G755	G2244	1
G846	G1378	1
G456	G1334	1
G462	G1863	1
G660	G2425	1
G364	G1591	1
G739	G926	1
G919	G969	1
G275	G1223	1
G1068	G2465	1
G1109	G1635	1
G1441	G2341	1
G2395	G2812	1
G2190	G2661	1
G281	G1914	1
G894	G2977	1
G1405	G2679	1
G429	G1446	1
G515	G2380	1
G629	G1335	1
G1394	G2779	1
G629	G1551	1
G817	G1044	1
G923	G2713	1
G472	G659	1
G962	G1058	1
G1145	G1693	1
G1422	G1671	1
G1010	G1382	1
G2727	G2889	1
G1509	G1898	1
G1746	G2924	1
G851	G1606	1
G508	G1315	1
G11	G2979	1
G624	G2083	1
G840	G1216	1
G1870	G2940	1
G11	G2618	1
G267	G1673	1
G199	G2973	1
G1673	G1975	1
G371	G708	1
G2447	G2835	1
G1748	G2877	1
G300	G2465	1
G1419	G1828	1
G153	G2566	1
G1858	G2799	1
G1966	G2144	1
G176	G693	1
G2320	G2961	1
G1282	G2988	1
G124	G146	1
G1349	G1737	1
G1612	G2467	1
G2103	G2121	1
G2283	G2428	1
G1027	G2496	1
G1329	G1429	1
G600	G2360	1
G703	G1452	1
G1003	G2063	1
G625	G1422	1
G1895	G2158	1
G2451	G2940	1
G728	G1957	1
G2346	G2599	1
G199	G310	1
G1863	G2881	1
G1835	G2622	1
G149	G2246	1
G1877	G2009	1
G846	G2508	1
G1550	G1576	1
G755	G1139	1
G934	G2994	1
G258	G1397	1
G1433	G2056	1
G1838	G2159	1
G563	G685	1
G334	G2833	1
G2497	G2775	1
G525	G2311	1
G827	G2790	1
G1383	G1422	1
G266	G923	1
G1027	G1748	1
G1261	G2229	1
G1332	G2467	1
G774	G2583	1
G1957	G2381	1
G622	G2263	1
G150	G2648	1
G1471	G2336	1
G2320	G2983	1
G923	G1452	1
G1039	G2583	1
G835	G1849	1
G122	G794	1
G2441	G2478	1
G1932	G2865	1
G192	G1106	1
G475	G2790	1
G180	G2429	1
G279	G1313	1
G315	G586	1
G368	G2080	1
G382	G2754	1
G600	G2570	1
G1720	G2208	1
G776	G1579	1
G2009	G2080	1
G436	G2197	1
G789	G2538	1
G148	G2496	1
G1106	G2180	1
G1445	G2381	1
G535	G2129	1
G835	G876	1
G1385	G1982	1
G2296	G2961	1
G1098	G2790	1
G187	G1747	1
G755	G1406	1
G1591	G2812	1
G613	G2671	1
G2347	G2348	1
G715	G2780	1
G75	G2712	1
G177	G2563	1
G1328	G2406	1
G1455	G1836	1
G1982	G2650	1
G1780	G2214	1
G2430	G2467	1
G266	G1543	1
G2583	G2780	1
G1864	G2833	1
G2162	G2758	1
G1855	G2471	1
G1529	G1989	1
G187	G1612	1
G889	G2405	1
G739	G2667	1
G806	G2514	1
G1946	G2570	1
G964	G2208	1
G1278	G1687	1
G511	G1455	1
G729	G2210	1
G18	G66	1
G177	G2784	1
G1923	G2583	1
G1076	G2895	1
G569	G2557	1
G993	G2478	1
G2462	G2812	1
G1864	G2543	1
G663	G2435	1
G809	G2870	1
G2086	G2689	1
G2380	G2822	1
G122	G1116	1
G433	G1591	1
G835	G2664	1
G57	G2485	1
G1329	G2368	1
G267	G2814	1
G1445	G2162	1
G642	G1083	1
G736	G1758	1
G563	G1485	1
G629	G1963	1
G1418	G2667	1
G882	G2435	1
G1747	G2496	1
G139	G2628	1
G1978	G2470	1
G1855	G2103	1
G992	G1471	1
G1523	G2320	1
G391	G1390	1
G529	G1334	1
G42	G295	1
G2103	G2447	1
G736	G1008	1
G1332	G2352	1
G150	G2365	1
G610	G2557	1
G931	G2736	1
G1116	G1133	1
G1823	G2799	1
G514	G899	1
G640	G651	1
G362	G693	1
G177	G2769	1
G1612	G2425	1
G691	G2103	1
G758	G2723	1
G1127	G1242	1
G622	G889	1
G177	G2859	1
G767	G2131	1
G353	G2341	1
G810	G2041	1
G1704	G1758	1
G276	G2041	1
G801	G2274	1
G126	G366	1
G808	G2638	1
G150	G402	1
G1320	G1948	1
G1152	G2570	1
G574	G2713	1
G177	G728	1
G1301	G2455	1
G2496	G2784	1
G1877	G2937	1
G1390	G1562	1
G2327	G2822	1
G1664	G1806	1
G1963	G2780	1
G1523	G2300	1
G1398	G2846	1
G2121	G2865	1
G1090	G2263	1
G899	G1143	1
G157	G1828	1
G1130	G1591	1
G177	G1997	1
G2170	G2230	1
G1279	G2383	1
G1332	G2425	1
G1268	G2968	1
G335	G1677	1
G99	G2899	1
G801	G2693	1
G2051	G2924	1
G157	G2940	1
G192	G266	1
G122	G2979	1
G755	G2274	1
G1455	G2882	1
G1441	G2838	1
G569	G2114	1
G385	G462	1
G1335	G1726	1
G1719	G2381	1
G2496	G2769	1
G774	G2514	1
G435	G834	1
G885	G2881	1
G2175	G2730	1
G1447	G2002	1
G2347	G2510	1
G1893	G2834	1
G210	G1869	1
G141	G506	1
G823	G1007	1
G1285	G2121	1
G462	G2522	1
G558	G1521	1
G2180	G2637	1
G2447	G2798	1
G1645	G2628	1
G306	G657	1
G2638	G2654	1
G758	G1418	1
G1264	G1630	1
G1445	G2462	1
G205	G1445	1
G1130	G2622	1
G1982	G2418	1
G894	G2327	1
G194	G835	1
G374	G1087	1
G2142	G2741	1
G275	G1133	1
G462	G629	1
G629	G1419	1
G663	G1997	1
G1642	G1964	1
G238	G1043	1
G525	G676	1
G758	G1564	1
G515	G596	1
G574	G1452	1
G402	G2435	1
G758	G1525	1
G1719	G2951	1
G1441	G2369	1
G1726	G2522	1
G215	G2108	1
G433	G1068	1
G461	G2465	1
G2814	G2877	1
G1331	G2425	1
G425	G2274	1
G2017	G2465	1
G958	G1723	1
G310	G834	1
G199	G2731	1
G336	G2478	1
G1644	G2541	1
G736	G2072	1
G1455	G2535	1
G577	G2341	1
G286	G1135	1
G835	G1963	1
G2070	G2848	1
G876	G1116	1
G444	G663	1
G462	G907	1
G1948	G2467	1
G830	G1429	1
G2822	G2892	1
G685	G1090	1
G967	G2773	1
G2515	G2946	1
G1429	G2780	1
G385	G1332	1
G102	G1979	1
G826	G1589	1
G1513	G2736	1
G514	G827	1
G1236	G1651	1
G1450	G1852	1
G924	G2447	1
G2149	G2556	1
G2283	G2426	1
G1227	G2398	1
G231	G2768	1
G1179	G2681	1
G1178	G1878	1
G2235	G2734	1
G1543	G2814	1
G437	G1673	1
G1116	G1130	1
G1155	G1965	1
G1593	G2056	1
G715	G2175	1
G2368	G2599	1
G1550	G2327	1
G1598	G2141	1
G826	G2295	1
G2174	G2302	1
G715	G2283	1
G622	G2188	1
G1007	G2849	1
G907	G2366	1
G2405	G2713	1
G962	G2341	1
G1741	G2465	1
G789	G2628	1
G2103	G2620	1
G2365	G2514	1
G2637	G2892	1
G495	G2199	1
G1524	G1986	1
G331	G642	1
G515	G1332	1
G422	G2357	1
G963	G2092	1
G1836	G2214	1
G226	G344	1
G1598	G2232	1
G177	G1529	1
G2462	G2941	1
G515	G801	1
G2724	G2877	1
G177	G2360	1
G445	G2188	1
G866	G2230	1
G876	G2979	1
G1671	G2865	1
G153	G2381	1
G162	G1618	1
G1920	G2591	1
G500	G1726	1
G139	G1523	1
G2263	G2471	1
G187	G194	1
G402	G1997	1
G2620	G2814	1
G1106	G1429	1
G1562	G2405	1
G1550	G2988	1
G964	G1469	1
G1625	G2865	1
G593	G2572	1
G1719	G2462	1
G2245	G2470	1
G1329	G1783	1
G80	G2540	1
G610	G1335	1
G934	G2385	1
G1659	G2058	1
G2525	G2671	1
G629	G848	1
G639	G2663	1
G1948	G2352	1
G1007	G1446	1
G722	G801	1
G2115	G2348	1
G2157	G2490	1
G141	G1521	1
G857	G974	1
G1500	G1596	1
G1397	G1576	1
G181	G2056	1
G610	G685	1
G149	G858	1
G11	G1916	1
G156	G1967	1
G1748	G2784	1
G660	G1075	1
G275	G1130	1
G353	G2838	1
G676	G1508	1
G194	G1948	1
G1963	G2175	1
G1418	G2232	1
G1645	G2214	1
G1821	G2749	1
G366	G600	1
G1963	G2283	1
G1335	G2834	1
G1806	G2005	1
G2474	G2911	1
G2380	G2443	1
G2468	G2597	1
G1806	G2622	1
G2849	G2870	1
G835	G1719	1
G1932	G2693	1
G1220	G1877	1
G801	G2263	1
G1397	G2977	1
G153	G2162	1
G1525	G1932	1
G773	G2068	1
G121	G177	1
G963	G1500	1
G85	G2873	1
G521	G1083	1
G1328	G1334	1
G187	G2951	1
G1291	G1699	1
G75	G1923	1
G1246	G2672	1
G1083	G2103	1
G887	G1542	1
G987	G2348	1
G1833	G2741	1
G2041	G2100	1
G1762	G2203	1
G23	G909	1
G1008	G2490	1
G264	G1561	1
G1982	G2467	1
G1606	G2535	1
G1966	G2222	1
G408	G600	1
G1218	G2103	1
G445	G2815	1
G1445	G2380	1
G882	G1828	1
G187	G2162	1
G642	G774	1
G810	G834	1
G577	G851	1
G848	G890	1
G36	G2366	1
G1090	G2188	1
G890	G1768	1
G1261	G2188	1
G1700	G2780	1
G1919	G2142	1
G1412	G1428	1
G923	G2648	1
G2352	G2780	1
G1564	G1645	1
G1706	G2222	1
G1783	G2882	1
G364	G1211	1
G616	G1130	1
G1551	G2780	1
G444	G2881	1
G924	G2620	1
G205	G2435	1
G676	G985	1
G1806	G2241	1
G2876	G2994	1
G642	G2780	1
G491	G2417	1
G1064	G2766	1
G631	G2749	1
G192	G1335	1
G1027	G2419	1
G1099	G2470	1
G2686	G2946	1
G960	G2073	1
G112	G1488	1
G326	G481	1
G1761	G2564	1
G306	G809	1
G736	G2946	1
G1026	G2671	1
G693	G2419	1
G1683	G1965	1
G4	G421	1
G2425	G2812	1
G2115	G2685	1
G456	G773	1
G181	G326	1
G141	G824	1
G514	G1152	1
G781	G1835	1
G835	G848	1
G889	G2713	1
G517	G2681	1
G715	G2180	1
G337	G2357	1
G894	G1218	1
G569	G924	1
G258	G1112	1
G153	G2462	1
G426	G524	1
G2115	G2510	1
G336	G1116	1
G939	G1750	1
G1329	G1903	1
G1939	G2198	1
G860	G2038	1
G703	G2365	1
G760	G1524	1
G2118	G2206	1
G824	G923	1
G1683	G2115	1
G366	G437	1
G801	G889	1
G610	G1963	1
G1704	G2946	1
G622	G1116	1
G475	G2092	1
G1783	G2535	1
G1489	G2222	1
G1157	G2415	1
G2713	G2988	1
G612	G1542	1
G1524	G2063	1
G1591	G2137	1
G1335	G1397	1
G40	G1313	1
G1398	G1651	1
G1013	G2639	1
G1309	G2431	1
G1335	G1870	1
G715	G1869	1
G1982	G2352	1
G187	G2462	1
G80	G2877	1
G1953	G2768	1
G1334	G2465	1
G148	G2419	1
G506	G2121	1
G629	G2924	1
G1915	G2323	1
G2013	G2404	1
G506	G824	1
G108	G1541	1
G1261	G2815	1
G2418	G2462	1
G1997	G2366	1
G923	G2365	1
G1554	G2348	1
G197	G1816	1
G2622	G2766	1
G2693	G2814	1
G875	G2073	1
G1320	G1723	1
G2638	G2805	1
G563	G610	1
G514	G715	1
G586	G907	1
G1606	G2180	1
G574	G586	1
G490	G2447	1
G824	G2346	1
G1749	G1887	1
G806	G1948	1
G2244	G2638	1
G719	G2165	1
G899	G1723	1
G197	G2568	1
G1133	G1485	1
G417	G2449	1
G889	G1452	1
G1903	G2563	1
G32	G2384	1
G827	G1500	1
G157	G1383	1
G153	G806	1
G866	G1751	1
G1793	G2490	1
G629	G1903	1
G2802	G2900	1
G1420	G1783	1
G2239	G2469	1
G2317	G2887	1
G1975	G2553	1
G624	G2044	1
G694	G2009	1
G168	G2948	1
G848	G1455	1
G268	G1739	1
G525	G1250	1
G709	G2789	1
G148	G2972	1
G899	G1090	1
G1106	G2103	1
G1903	G2784	1
G64	G1610	1
G963	G1612	1
G2063	G2924	1
G296	G762	1
G755	G1004	1
G710	G969	1
G1413	G2712	1
G278	G1433	1
G187	G806	1
G300	G1841	1
G561	G1953	1
G1098	G1500	1
G266	G2563	1
G1542	G2019	1
G1915	G2113	1
G66	G102	1
G1264	G1551	1
G1576	G1932	1
G331	G2425	1
G1863	G2682	1
G1797	G2375	1
G1932	G2263	1
G36	G2017	1
G40	G2846	1
G2360	G2468	1
G653	G1403	1
G1576	G2724	1
G351	G2802	1
G574	G2648	1
G1903	G2769	1
G613	G1026	1
G153	G1622	1
G2468	G2591	1
G150	G2447	1
G180	G281	1
G693	G2583	1
G955	G2973	1
G2369	G2622	1
G426	G2662	1
G2108	G2412	1
G1090	G1116	1
G2019	G2595	1
G425	G1004	1
G2222	G2946	1
G1080	G1334	1
G433	G527	1
G543	G1045	1
G2713	G2949	1
G259	G1741	1
G366	G2583	1
G610	G1719	1
G1397	G2327	1
G810	G1570	1
G2551	G2793	1
G139	G1261	1
G2465	G2843	1
G1243	G1455	1
G2098	G2589	1
G46	G1891	1
G529	G773	1
G1966	G2296	1
G259	G1855	1
G809	G1112	1
G1118	G2210	1
G1693	G2743	1
G283	G1849	1
G1589	G1984	1
G650	G2471	1
G1903	G1997	1
G1971	G2648	1
G2049	G2300	1
G414	G1179	1
G1554	G2685	1
G774	G1948	1
G1568	G2902	1
G1700	G2175	1
G801	G2188	1
G810	G2115	1
G1397	G1953	1
G1907	G2768	1
G163	G890	1
G266	G2859	1
G1551	G2175	1
G150	G1441	1
G348	G1790	1
G256	G444	1
G1160	G2616	1
G2352	G2882	1
G660	G2583	1
G923	G1912	1
G596	G2086	1
G1310	G1681	1
G2544	G2814	1
G1027	G1543	1
G659	G1990	1
G374	G1255	1
G393	G1412	1
G2341	G2395	1
G691	G1606	1
G1719	G1949	1
G1671	G2693	1
G1204	G1742	1
G797	G2702	1
G1335	G2881	1
G315	G374	1
G266	G1997	1
G461	G1827	1
G2730	G2877	1
G773	G899	1
G824	G2877	1
G1397	G2988	1
G1933	G2815	1
G1383	G1932	1
G600	G2430	1
G729	G1686	1
G1046	G2202	1
G300	G1455	1
G2425	G2941	1
G1870	G2063	1
G153	G2380	1
G281	G435	1
G1313	G2085	1
G1329	G2405	1
G111	G112	1
G758	G2843	1
G1090	G2979	1
G1499	G2012	1
G480	G1621	1
G853	G1335	1
G1109	G1984	1
G1383	G2724	1
G1365	G2724	1
G275	G2468	1
G141	G914	1
G1027	G1671	1
G574	G2365	1
G1390	G2815	1
G192	G1419	1
G848	G2068	1
G1923	G1948	1
G1997	G2017	1
G2092	G2341	1
G2570	G2682	1
G329	G1725	1
G1422	G1828	1
G1799	G2741	1
G1429	G2138	1
G2121	G2263	1
G924	G1741	1
G2327	G2977	1
G537	G2463	1
G286	G784	1
G1953	G2496	1
G1452	G2514	1
G596	G1418	1
G1422	G2940	1
G2462	G2557	1
G586	G1249	1
G258	G773	1
G458	G828	1
G642	G2535	1
G827	G1612	1
G1455	G2465	1
G1562	G2426	1
G1223	G2620	1
G483	G1572	1
G596	G1564	1
G362	G1723	1
G554	G1087	1
G64	G1099	1
G1372	G2570	1
G157	G1316	1
G596	G1525	1
G205	G1828	1
G1106	G1331	1
G2105	G2425	1
G199	G435	1
G421	G2317	1
G421	G2654	1
G931	G2865	1
G40	G624	1
G977	G2825	1
G2490	G2815	1
G1741	G1827	1
G306	G1681	1
G506	G914	1
G1828	G2758	1
G306	G2738	1
G1053	G1500	1
G148	G1671	1
G577	G2073	1
G456	G1211	1
G2405	G2648	1
G2440	G2514	1
G362	G1090	1
G443	G2263	1
G1586	G2971	1
G2465	G2849	1
G364	G1645	1
G1654	G1915	1
G268	G1313	1
G1564	G2581	1
G2622	G2951	1
G1863	G2812	1
G960	G1858	1
G916	G2894	1
G1747	G2346	1
G630	G1806	1
G714	G2490	1
G1716	G1783	1
G2584	G2873	1
G461	G890	1
G1090	G2730	1
G794	G1932	1
G2597	G2798	1
G2056	G2662	1
G758	G2983	1
G858	G2246	1
G2366	G2977	1
G827	G2766	1
G1099	G2080	1
G163	G1455	1
G1035	G1168	1
G1441	G2721	1
G1564	G1730	1
G1903	G2360	1
G715	G1027	1
G477	G1726	1
G1543	G1562	1
G2232	G2789	1
G1924	G2206	1
G794	G2724	1
G2419	G2865	1
G851	G2425	1
G773	G827	1
G1397	G2949	1
G1109	G1881	1
G475	G2766	1
G1316	G2426	1
G80	G920	1
G1172	G2470	1
G157	G2789	1
G2063	G2405	1
G497	G1496	1
G1010	G1159	1
G1133	G2822	1
G1671	G2468	1
G755	G794	1
G1053	G2867	1
G923	G1985	1
G758	G1513	1
G758	G2849	1
G2263	G2405	1
G462	G1971	1
G122	G1893	1
G586	G1039	1
G266	G2360	1
G1500	G2736	1
G1612	G2583	1
G334	G1120	1
G275	G2118	1
G911	G1168	1
G1769	G2646	1
G1418	G1850	1
G1040	G2302	1
G1282	G2121	1
G558	G1320	1
G1551	G2180	1
G423	G2865	1
G443	G2105	1
G801	G1116	1
G958	G2682	1
G1027	G1625	1
G963	G2381	1
G817	G2312	1
G853	G1963	1
G1591	G1849	1
G1100	G1990	1
G1932	G2188	1
G1499	G2108	1
G2802	G2841	1
G1117	G1209	1
G1136	G2469	1
G144	G1799	1
G720	G2048	1
G283	G924	1
G529	G1859	1
G277	G1207	1
G685	G1087	1
G1332	G2583	1
G1948	G2825	1
G2327	G2766	1
G964	G2258	1
G1810	G2201	1
G266	G529	1
G1010	G2877	1
G1007	G1130	1
G1513	G2266	1
G816	G1236	1
G828	G1284	1
G1671	G2263	1
G657	G2263	1
G1030	G1090	1
G897	G1704	1
G454	G1090	1
G2570	G2812	1
G1561	G2505	1
G15	G2312	1
G554	G2812	1
G872	G2578	1
G1625	G2263	1
G1763	G1842	1
G1934	G2671	1
G1751	G1933	1
G1982	G1985	1
G1116	G1591	1
G750	G2828	1
G366	G539	1
G1606	G2465	1
G1441	G2676	1
G789	G2961	1
G963	G2162	1
G1255	G2514	1
G2216	G2244	1
G425	G444	1
G960	G2570	1
G1749	G2436	1
G539	G1923	1
G1027	G1445	1
G272	G2589	1
G1894	G2475	1
G421	G808	1
G1320	G1986	1
G772	G875	1
G1564	G1923	1
G2430	G2583	1
G139	G445	1
G447	G1309	1
G195	G1646	1
G577	G2597	1
G830	G2528	1
G1417	G1728	1
G1591	G2664	1
G245	G2769	1
G2275	G2859	1
G1316	G2103	1
G187	G1469	1
G1577	G1645	1
G901	G2779	1
G801	G2979	1
G2400	G2538	1
G1942	G2697	1
G410	G1191	1
G417	G1518	1
G1083	G1606	1
G1331	G2583	1
G563	G1576	1
G2056	G2457	1
G1139	G2790	1
G1116	G2622	1
G1218	G1606	1
G1120	G2833	1
G431	G1666	1
G176	G456	1
G696	G1747	1
G2063	G2428	1
G2175	G2553	1
G245	G1901	1
G450	G2047	1
G2366	G2766	1
G1525	G2870	1
G551	G2993	1
G153	G596	1
G253	G2999	1
G1086	G2679	1
G916	G2958	1
G521	G2283	1
G646	G1265	1
G153	G879	1
G715	G2471	1
G806	G1090	1
G1332	G2041	1
G1975	G2540	1
G1671	G2118	1
G901	G1857	1
G885	G2812	1
G148	G1445	1
G1004	G2312	1
G126	G2214	1
G393	G1465	1
G1142	G2469	1
G1186	G2045	1
G755	G2979	1
G1334	G1827	1
G2380	G2988	1
G2471	G2865	1
G2498	G2994	1
G463	G1492	1
G267	G2599	1
G2157	G2921	1
G139	G1473	1
G1827	G2465	1
G267	G755	1
G141	G1932	1
G723	G2049	1
G366	G1515	1
G663	G1316	1
G275	G1591	1
G1143	G2798	1
G625	G2355	1
G865	G1679	1
G891	G2157	1
G2137	G2405	1
G715	G2103	1
G1473	G2157	1
G1536	G2582	1
G1636	G2262	1
G1612	G2514	1
G963	G2462	1
G141	G2724	1
G694	G2157	1
G1454	G2557	1
G1897	G2467	1
G612	G810	1
G2346	G2496	1
G360	G1492	1
G1653	G1979	1
G827	G2381	1
G1723	G2496	1
G1231	G2238	1
G801	G2730	1
G1223	G1741	1
G1542	G1786	1
G425	G2979	1
G758	G1223	1
G1290	G1438	1
G624	G2568	1
G715	G734	1
G964	G2849	1
G170	G1081	1
G150	G1320	1
G1288	G2768	1
G586	G964	1
G624	G1966	1
G85	G1589	1
G319	G994	1
G773	G1152	1
G1223	G1855	1
G1558	G2498	1
G275	G2622	1
G268	G624	1
G1008	G2921	1
G1446	G2045	1
G1406	G2073	1
G1441	G2191	1
G517	G1979	1
G1598	G2354	1
G475	G2381	1
G958	G2812	1
G1332	G2514	1
G2327	G2523	1
G1139	G1681	1
G1264	G1783	1
G694	G1606	1
G721	G752	1
G1139	G2738	1
G1963	G2471	1
G2362	G2920	1
G1050	G1894	1
G954	G1970	1
G1179	G1687	1
G331	G600	1
G773	G1382	1
G85	G2295	1
G660	G693	1
G181	G198	1
G1828	G2496	1
G586	G2814	1
G923	G1441	1
G2420	G2919	1
G1429	G2368	1
G554	G1329	1
G663	G2789	1
G774	G1090	1
G1591	G1963	1
G2462	G2963	1
G931	G2274	1
G309	G2065	1
G934	G2892	1
G1700	G1835	1
G827	G2162	1
G150	G1741	1
G2730	G2784	1
G1039	G1090	1
G426	G2086	1
G563	G758	1
G824	G2784	1
G267	G1455	1
G693	G835	1
G1488	G2230	1
G2467	G2776	1
G495	G1446	1
G882	G2789	1
G964	G1446	1
G1551	G1835	1
G1655	G2314	1
G10	G37	1
G353	G1010	1
G283	G1907	1
G1963	G2103	1
G2532	G2833	1
G1681	G2822	1
G828	G2583	1
G462	G1139	1
G1901	G2045	1
G642	G1835	1
G177	G880	1
G577	G2721	1
G475	G2162	1
G23	G854	1
G133	G2009	1
G752	G2314	1
G1157	G2314	1
G931	G2693	1
G1090	G1916	1
G360	G1157	1
G891	G1933	1
G1013	G1141	1
G231	G923	1
G750	G2045	1
G1473	G1933	1
G2317	G2621	1
G1869	G2738	1
G456	G1645	1
G1604	G1953	1
G699	G1658	1
G1870	G2835	1
G1320	G2063	1
G194	G456	1
G402	G1316	1
G2188	G2369	1
G400	G1529	1
G2366	G2523	1
G2843	G2849	1
G868	G1833	1
G1564	G2544	1
G543	G784	1
G1045	G2115	1
G2730	G2769	1
G1641	G2152	1
G1133	G1385	1
G298	G2711	1
G625	G958	1
G1390	G2034	1
G104	G2429	1
G2390	G2890	1
G1143	G1806	1
G64	G1390	1
G516	G2235	1
G960	G1282	1
G426	G2900	1
G1524	G2798	1
G168	G426	1
G1052	G1203	1
G1390	G2994	1
G1604	G2988	1
G311	G2682	1
G2208	G2766	1
G2071	G2449	1
G186	G1799	1
G715	G1975	1
G2026	G2547	1
G1543	G2599	1
G1932	G2618	1
G481	G1280	1
G2327	G2949	1
G48	G868	1
G322	G1905	1
G853	G1783	1
G514	G2045	1
G187	G882	1
G331	G2419	1
G334	G1251	1
G1725	G2383	1
G577	G2591	1
G2419	G2693	1
G1027	G2435	1
G887	G1142	1
G1523	G1877	1
G629	G2713	1
G2443	G2754	1
G1332	G1604	1
G1941	G2829	1
G827	G2462	1
G1329	G1452	1
G1521	G1932	1
G902	G2257	1
G340	G1513	1
G1313	G1758	1
G1139	G2440	1
G1035	G1525	1
G2142	G2734	1
G876	G2553	1
G199	G414	1
G589	G1679	1
G1066	G2775	1
G1793	G2921	1
G539	G2860	1
G187	G703	1
G1635	G2433	1
G1948	G2041	1
G354	G444	1
G402	G2789	1
G80	G2570	1
G1006	G1492	1
G848	G2758	1
G1114	G1810	1
G1521	G2724	1
G475	G2462	1
G642	G1027	1
G1429	G2103	1
G911	G1418	1
G1406	G2597	1
G1953	G2419	1
G1316	G2467	1
G1064	G2232	1
G685	G1329	1
G1455	G1827	1
G231	G1671	1
G899	G1087	1
G1513	G2274	1
G368	G2009	1
G1550	G2121	1
G890	G1130	1
G727	G2875	1
G1334	G1606	1
G1419	G2780	1
G851	G1700	1
G439	G1948	1
G1098	G2462	1
G1524	G2175	1
G958	G1329	1
G1591	G1719	1
G357	G1962	1
G216	G1524	1
G911	G1564	1
G426	G2505	1
G897	G2085	1
G1773	G2259	1
G600	G629	1
G911	G1525	1
G2441	G2553	1
G563	G2327	1
G354	G1116	1
G374	G1335	1
G1340	G2964	1
G1916	G2622	1
G374	G1551	1
G148	G2435	1
G734	G2849	1
G752	G2687	1
G1309	G1683	1
G444	G2812	1
G1725	G2745	1
G1580	G2516	1
G1224	G1573	1
G963	G2380	1
G1797	G1887	1
G708	G2238	1
G554	G1416	1
G2063	G2426	1
G2366	G2949	1
G194	G283	1
G514	G923	1
G625	G2870	1
G1010	G1550	1
G1331	G1604	1
G596	G2843	1
G1963	G1975	1
G2077	G2819	1
G1611	G2851	1
G11	G577	1
G334	G403	1
G622	G1893	1
G563	G1953	1
G755	G827	1
G417	G708	1
G40	G985	1
G2165	G2983	1
G629	G1452	1
G564	G2345	1
G693	G1948	1
G2263	G2426	1
G1576	G1870	1
G1564	G2790	1
G1216	G2457	1
G907	G2341	1
G1953	G2972	1
G600	G907	1
G918	G1957	1
G176	G1087	1
G352	G1503	1
G824	G947	1
G940	G946	1
G1383	G2870	1
G107	G1397	1
G1010	G2563	1
G1948	G2514	1
G475	G806	1
G722	G2355	1
G364	G1524	1
G1118	G1739	1
G794	G931	1
G752	G2739	1
G323	G2425	1
G563	G2988	1
G2356	G2710	1
G2206	G2724	1
G2485	G2505	1
G257	G1761	1
G125	G2449	1
G641	G1689	1
G758	G2865	1
G435	G2763	1
G514	G1543	1
G1561	G2654	1
G1010	G2784	1
G1747	G2435	1
G425	G827	1
G660	G1948	1
G1891	G2019	1
G1524	G1806	1
G1916	G2241	1
G2644	G2723	1
G194	G1404	1
G1838	G2681	1
G955	G2019	1
G656	G2314	1
G1445	G2354	1
G830	G1013	1
G923	G2206	1
G354	G2979	1
G437	G755	1
G576	G890	1
G104	G1683	1
G1864	G2968	1
G1446	G2877	1
G1313	G2072	1
G1887	G2422	1
G462	G1562	1
G1606	G2970	1
G331	G2583	1
G180	G846	1
G696	G2162	1
G159	G868	1
G1042	G1814	1
G931	G2263	1
G2869	G2951	1
G577	G2242	1
G1010	G2769	1
G438	G2899	1
G577	G2191	1
G1010	G2859	1
G1275	G2305	1
G801	G1916	1
G192	G2312	1
G374	G719	1
G2221	G2836	1
G1635	G2779	1
G2103	G2881	1
G685	G1255	1
G1316	G2425	1
G1365	G1870	1
G408	G511	1
G1300	G1777	1
G842	G907	1
G1140	G2973	1
G642	G2471	1
G629	G963	1
G806	G1666	1
G1795	G2195	1
G1420	G2650	1
G1010	G1901	1
G1082	G2104	1
G1432	G1587	1
G1010	G1997	1
G2175	G2540	1
G137	G1599	1
G860	G2612	1
G1431	G2909	1
G1901	G2877	1
G1126	G2496	1
G2138	G2563	1
G2405	G2447	1
G2564	G2979	1
G1013	G1664	1
G835	G2988	1
G1965	G2662	1
G1445	G1446	1
G2105	G2972	1
G1090	G1893	1
G2025	G2116	1
G1450	G1659	1
G2241	G2471	1
G596	G1513	1
G374	G1963	1
G596	G2849	1
G1606	G1827	1
G1833	G2734	1
G601	G2357	1
G572	G2170	1
G1255	G1948	1
G283	G1598	1
G1133	G1576	1
G1551	G2103	1
G691	G2467	1
G2040	G2865	1
G194	G514	1
G2138	G2784	1
G306	G1612	1
G354	G2730	1
G355	G2235	1
G445	G1269	1
G1677	G1869	1
G364	G809	1
G642	G2103	1
G2559	G2639	1
G372	G2692	1
G696	G1710	1
G1486	G1730	1
G1116	G1211	1
G663	G2642	1
G1313	G1489	1
G2092	G2597	1
G622	G796	1
G413	G1337	1
G1003	G1388	1
G1019	G2158	1
G563	G2949	1
G1870	G2175	1
G1792	G2010	1
G1185	G1593	1
G1387	G1591	1
G1064	G2856	1
G1261	G2320	1
G1133	G2977	1
G1223	G2281	1
G1835	G2341	1
G696	G2462	1
G962	G2441	1
G475	G2380	1
G1068	G1381	1
G1870	G2283	1
G402	G1083	1
G1835	G2200	1
G1681	G1780	1
G1203	G1475	1
G1090	G1328	1
G2138	G2769	1
G1371	G2290	1
G622	G2553	1
G963	G1469	1
G1455	G1606	1
G2250	G2584	1
G596	G1920	1
G2758	G2790	1
G851	G2972	1
G1636	G2564	1
G2121	G2366	1
G1143	G1335	1
G1143	G1551	1
G2553	G2776	1
G324	G2559	1
G1469	G2812	1
G1327	G1635	1
G1719	G2849	1
G1387	G2622	1
G2425	G2963	1
G2514	G2972	1
G1524	G2138	1
G153	G2258	1
G721	G1702	1
G2381	G2758	1
G456	G2581	1
G213	G2317	1
G132	G2973	1
G364	G2544	1
G335	G2972	1
G736	G1123	1
G656	G2739	1
G11	G563	1
G141	G931	1
G685	G1106	1
G1612	G1948	1
G1264	G2312	1
G1027	G1828	1
G539	G2638	1
G1772	G2551	1
G1564	G2440	1
G331	G2514	1
G958	G1106	1
G521	G1027	1
G1130	G1524	1
G2440	G2940	1
G2780	G2983	1
G835	G963	1
G1139	G1500	1
G187	G2843	1
G1155	G1848	1
G1211	G2522	1
G132	G310	1
G1723	G2419	1
G1434	G1776	1
G693	G2940	1
G2201	G2376	1
G456	G789	1
G385	G875	1
G1261	G1269	1
G1932	G2017	1
G852	G1965	1
G1332	G1948	1
G1332	G1774	1
G1855	G2425	1
G744	G2263	1
G625	G1334	1
G2089	G2783	1
G315	G1143	1
G362	G1848	1
G2876	G2892	1
G1864	G2302	1
G1806	G2581	1
G806	G2063	1
G1010	G2360	1
G1162	G2744	1
G1454	G1719	1
G805	G2776	1
G1965	G2457	1
G2208	G2462	1
G899	G1329	1
G907	G2369	1
G1159	G1551	1
G691	G2425	1
G1007	G1591	1
G1985	G2341	1
G1313	G2560	1
G2682	G2882	1
G482	G1204	1
G148	G1828	1
G381	G445	1
G739	G2773	1
G851	G2583	1
G1671	G2730	1
G736	G2799	1
G1828	G2419	1
G643	G2695	1
G2766	G2814	1
G1625	G2730	1
G965	G1044	1
G1881	G2013	1
G1429	G2008	1
G827	G2232	1
G2366	G2380	1
G778	G882	1
G2514	G2583	1
G2119	G2746	1
G569	G1953	1
G577	G2823	1
G1397	G2121	1
G2843	G2865	1
G36	G851	1
G596	G1223	1
G797	G2944	1
G1243	G2496	1
G1382	G2451	1
G1090	G2553	1
G1963	G2405	1
G36	G163	1
G947	G1561	1
G944	G2264	1
G461	G2758	1
G1476	G2494	1
G2162	G2563	1
G475	G2232	1
G425	G715	1
G1133	G2766	1
G80	G1264	1
G1310	G2381	1
G1933	G2320	1
G2092	G2721	1
G1231	G1570	1
G129	G1801	1
G146	G2265	1
G853	G2312	1
G963	G1332	1
G1452	G1723	1
G1138	G2779	1
G2044	G2210	1
G931	G2188	1
G364	G2790	1
G462	G497	1
G2723	G2766	1
G1976	G2205	1
G163	G1152	1
G576	G2068	1
G1440	G1484	1
G1751	G1918	1
G4	G2493	1
G456	G1923	1
G444	G823	1
G801	G1893	1
G245	G1290	1
G860	G1554	1
G1109	G2412	1
G456	G1524	1
G2232	G2882	1
G1223	G1870	1
G2354	G2445	1
G2591	G2736	1
G1315	G1927	1
G750	G797	1
G122	G2877	1
G651	G1122	1
G339	G2654	1
G828	G1793	1
G1671	G2366	1
G157	G2283	1
G610	G2988	1
G574	G1320	1
G880	G1211	1
G1140	G2731	1
G2138	G2360	1
G1419	G2180	1
G2263	G2467	1
G187	G2849	1
G1138	G1857	1
G503	G951	1
G1261	G1654	1
G2258	G2380	1
G758	G2693	1
G964	G1130	1
G511	G923	1
G66	G2880	1
G1810	G2376	1
G2368	G2944	1
G565	G1246	1
G1282	G1845	1
G216	G2738	1
G622	G2165	1
G2443	G2642	1
G150	G663	1
G1850	G2865	1
G1006	G1026	1
G2241	G2297	1
G794	G1334	1
G1835	G2838	1
G629	G2648	1
G534	G2873	1
G1601	G2968	1
G1446	G1550	1
G801	G1328	1
G882	G2780	1
G2598	G2972	1
G231	G2435	1
G40	G2300	1
G1133	G2327	1
G1371	G1693	1
G2493	G2528	1
G2368	G2828	1
G734	G2865	1
G2188	G2991	1
G1429	G2405	1
G179	G1900	1
G1040	G1771	1
G306	G2381	1
G1681	G2977	1
G36	G885	1
G364	G2369	1
G355	G486	1
G475	G596	1
G2073	G2597	1
G899	G2869	1
G529	G1665	1
G2467	G2798	1
G1683	G1848	1
G521	G2103	1
G475	G879	1
G1446	G2563	1
G360	G1244	1
G1835	G2369	1
G187	G1446	1
G511	G1543	1
G467	G2578	1
G660	G1723	1
G1780	G2105	1
G1739	G2991	1
G1023	G2875	1
G1508	G2498	1
G2293	G2899	1
G466	G551	1
G364	G1681	1
G78	G755	1
G1963	G2428	1
G364	G2738	1
G897	G1758	1
G796	G2381	1
G1867	G1948	1
G521	G734	1
G354	G1916	1
G75	G194	1
G1446	G2784	1
G2390	G2684	1
G1382	G2620	1
G405	G1080	1
G897	G1008	1
G2319	G2616	1
G660	G1090	1
G1422	G2642	1
G714	G1706	1
G609	G1294	1
G476	G2689	1
G98	G2089	1
G1278	G1561	1
G1397	G2451	1
G456	G809	1
G46	G2019	1
G801	G1058	1
G223	G1913	1
G306	G2162	1
G1741	G2768	1
G1286	G2489	1
G1133	G2523	1
G1403	G2528	1
G901	G2142	1
G226	G2980	1
G1901	G2563	1
G610	G963	1
G435	G1140	1
G1566	G1741	1
G2208	G2380	1
G360	G2719	1
G1112	G2814	1
G1093	G2620	1
G629	G2365	1
G1923	G2776	1
G226	G1205	1
G1446	G2769	1
G827	G1332	1
G1521	G2870	1
G1203	G2038	1
G600	G964	1
G192	G1452	1
G1787	G2551	1
G1550	G2724	1
G1428	G1601	1
G1099	G2465	1
G2381	G2496	1
G1901	G2784	1
G1320	G2798	1
G2369	G2581	1
G554	G1335	1
G99	G1787	1
G554	G1551	1
G426	G808	1
G2044	G2421	1
G475	G1332	1
G924	G1112	1
G344	G2525	1
G1020	G2881	1
G529	G1923	1
G1288	G2972	1
G514	G1550	1
G1446	G1901	1
G1427	G1998	1
G554	G2664	1
G475	G801	1
G885	G1849	1
G2085	G2946	1
G331	G835	1
G348	G1141	1
G539	G1500	1
G1529	G2275	1
G216	G515	1
G802	G1965	1
G907	G2073	1
G600	G2814	1
G722	G1334	1
G1237	G2490	1
G433	G2838	1
G2137	G2467	1
G654	G1631	1
G996	G1928	1
G75	G2162	1
G374	G2924	1
G1862	G2850	1
G107	G554	1
G586	G1827	1
G283	G758	1
G1004	G2648	1
G267	G2768	1
G1243	G2159	1
G931	G1116	1
G773	G923	1
G801	G2553	1
G899	G1106	1
G1500	G2274	1
G456	G490	1
G456	G2544	1
G1671	G2017	1
G1863	G1963	1
G926	G2834	1
G1261	G1978	1
G514	G2563	1
G1901	G2769	1
G2421	G2961	1
G786	G2579	1
G823	G2736	1
G1423	G2709	1
G2347	G2429	1
G157	G2180	1
G424	G2829	1
G867	G2302	1
G187	G1223	1
G596	G2865	1
G1920	G2983	1
G806	G1187	1
G380	G2564	1
G433	G2369	1
G2525	G2632	1
G306	G2462	1
G596	G2014	1
G1408	G1554	1
G514	G2784	1
G1106	G2467	1
G1681	G2766	1
G960	G1863	1
G923	G1143	1
G1238	G2532	1
G1514	G2821	1
G286	G628	1
G150	G2881	1
G2812	G2951	1
G890	G1591	1
G283	G2766	1
G1099	G2498	1
G141	G1334	1
G433	G1681	1
G126	G1971	1
G1133	G2949	1
G1671	G1916	1
G1677	G2471	1
G758	G2263	1
G454	G1329	1
G891	G1696	1
G192	G963	1
G1136	G2680	1
G1612	G1723	1
G514	G2769	1
G517	G1757	1
G444	G2557	1
G609	G1141	1
G1027	G1383	1
G344	G1205	1
G931	G2979	1
G1787	G2273	1
G1489	G2230	1
G868	G2630	1
G2721	G2849	1
G931	G2618	1
G362	G2869	1
G882	G2882	1
G198	G1216	1
G1130	G2369	1
G75	G2462	1
G2570	G2963	1
G2162	G2681	1
G1004	G2365	1
G669	G1111	1
G667	G2029	1
G685	G1335	1
G685	G1551	1
G306	G806	1
G461	G1748	1
G586	G890	1
G514	G1997	1
G1774	G2312	1
G784	G1714	1
G112	G2991	1
G1130	G1681	1
G1332	G1723	1
G958	G1335	1
G1130	G2738	1
G111	G2815	1
G1075	G1524	1
G958	G1551	1
G1953	G2435	1
G1320	G1806	1
G116	G1391	1
G907	G1007	1
G1087	G1671	1
G600	G2547	1
G794	G1112	1
G2713	G2724	1
G554	G1963	1
G1681	G2327	1
G796	G806	1
G1036	G2538	1
G758	G1496	1
G501	G1619	1
G1975	G2242	1
G709	G2465	1
G456	G2790	1
G758	G2118	1
G148	G1383	1
G663	G2535	1
G574	G1726	1
G1975	G2191	1
G357	G1979	1
G364	G691	1
G642	G1606	1
G437	G642	1
G78	G1677	1
G693	G918	1
G320	G1894	1
G810	G2621	1
G678	G1508	1
G2116	G2188	1
G907	G2597	1
G331	G1948	1
G1741	G2496	1
G475	G576	1
G691	G1075	1
G1385	G1591	1
G200	G2955	1
G1867	G2940	1
G755	G2828	1
G1564	G1747	1
G2040	G2263	1
G1422	G2780	1
G1139	G2381	1
G271	G2312	1
G1897	G2041	1
G139	G1313	1
G698	G2336	1
G698	G2190	1
G1331	G1723	1
G1064	G2303	1
G529	G2544	1
G462	G2046	1
G353	G1564	1
G865	G2398	1
G1090	G2540	1
G1106	G2425	1
G919	G1427	1
G2191	G2812	1
G2780	G2865	1
G1564	G1612	1
G1495	G2823	1
G810	G1140	1
G1278	G1309	1
G1826	G2858	1
G2834	G2865	1
G444	G1867	1
G1329	G1985	1
G405	G758	1
G955	G1243	1
G2245	G2937	1
G1438	G2830	1
G963	G2843	1
G1617	G1948	1
G885	G1963	1
G1382	G1741	1
G1390	G1978	1
G1446	G2570	1
G773	G2877	1
G1681	G2523	1
G120	G1907	1
G194	G2798	1
G1502	G2397	1
G46	G1741	1
G2140	G2268	1
G721	G1268	1
G1566	G1726	1
G1382	G1855	1
G563	G1422	1
G170	G2639	1
G283	G2523	1
G362	G2137	1
G733	G1034	1
G2032	G2851	1
G60	G2497	1
G563	G625	1
G1513	G2979	1
G267	G2496	1
G1143	G2924	1
G253	G2969	1
G685	G719	1
G145	G806	1
G1932	G2553	1
G525	G2080	1
G1570	G2457	1
G1004	G1912	1
G2620	G2768	1
G1313	G1994	1
G1809	G2047	1
G1093	G1741	1
G1261	G3001	1
G1806	G2838	1
G2504	G2738	1
G1433	G2238	1
G405	G2766	1
G444	G1849	1
G610	G2648	1
G2118	G2682	1
G207	G854	1
G324	G2638	1
G2433	G2955	1
G368	G727	1
G625	G773	1
G36	G1007	1
G267	G2971	1
G13	G94	1
G596	G1372	1
G153	G1133	1
G1313	G2876	1
G1901	G2570	1
G444	G876	1
G2498	G2892	1
G586	G1455	1
G715	G2418	1
G408	G456	1
G2079	G2741	1
G490	G1112	1
G122	G2769	1
G2465	G2622	1
G1328	G1524	1
G663	G2180	1
G897	G2946	1
G1985	G2073	1
G194	G2175	1
G806	G1255	1
G1087	G1625	1
G1338	G2242	1
G554	G1719	1
G958	G1963	1
G1316	G2583	1
G875	G1034	1
G159	G1635	1
G710	G2041	1
G744	G2618	1
G1005	G2460	1
G1806	G2369	1
G1063	G1939	1
G714	G1220	1
G882	G2180	1
G1027	G1316	1
G641	G1581	1
G1390	G2045	1
G36	G2597	1
G1805	G2214	1
G1228	G2418	1
G1518	G1878	1
G660	G1986	1
G1606	G2236	1
G1668	G2589	1
G993	G2073	1
G576	G2758	1
G84	G1763	1
G266	G774	1
G11	G2570	1
G433	G691	1
G1427	G2681	1
G394	G1533	1
G1358	G2490	1
G177	G574	1
G1806	G2738	1
G563	G801	1
G1276	G1844	1
G1882	G2357	1
G545	G1611	1
G259	G1577	1
G2395	G2988	1
G501	G1203	1
G459	G568	1
G898	G962	1
G1513	G2730	1
G126	G1139	1
G529	G2790	1
G135	G945	1
G1835	G2597	1
G572	G2300	1
G606	G1572	1
G1397	G2724	1
G437	G2768	1
G865	G2340	1
G1412	G1492	1
G527	G953	1
G1681	G2949	1
G1837	G2429	1
G444	G685	1
G514	G529	1
G1099	G2937	1
G826	G1499	1
G1063	G2198	1
G1489	G1751	1
G1515	G1907	1
G964	G1496	1
G141	G1112	1
G2013	G2551	1
G964	G2118	1
G907	G2721	1
G1042	G2970	1
G283	G2949	1
G2038	G2681	1
G488	G2497	1
G507	G2620	1
G153	G958	1
G148	G1316	1
G57	G919	1
G963	G2849	1
G835	G1521	1
G885	G1719	1
G1384	G1554	1
G2121	G2553	1
G610	G2365	1
G364	G1500	1
G1870	G2103	1
G475	G1768	1
G2784	G2877	1
G426	G1542	1
G194	G1806	1
G157	G1027	1
G423	G2366	1
G1027	G2789	1
G1884	G2103	1
G2083	G2498	1
G177	G433	1
G755	G2045	1
G873	G1474	1
G24	G417	1
G400	G2642	1
G521	G1884	1
G192	G2648	1
G789	G1313	1
G1042	G1561	1
G1339	G2543	1
G1334	G2496	1
G193	G2347	1
G354	G2553	1
G851	G1948	1
G266	G622	1
G596	G2693	1
G428	G1687	1
G151	G376	1
G1591	G1953	1
G1869	G2462	1
G806	G2798	1
G2232	G2465	1
G1236	G2991	1
G2496	G2814	1
G456	G515	1
G1075	G2860	1
G2394	G2855	1
G563	G904	1
G907	G2591	1
G1422	G2882	1
G150	G554	1
G529	G2257	1
G773	G960	1
G2235	G2899	1
G253	G1417	1
G811	G967	1
G1305	G2362	1
G1659	G2395	1
G331	G2940	1
G1255	G1666	1
G586	G2068	1
G887	G1878	1
G515	G2241	1
G2168	G2877	1
G2022	G2070	1
G148	G2789	1
G462	G899	1
G801	G2540	1
G1420	G1985	1
G1591	G2988	1
G1723	G2435	1
G2235	G2250	1
G960	G2736	1
G90	G2120	1
G1320	G1335	1
G354	G1540	1
G907	G1010	1
G1008	G2827	1
G1327	G1984	1
G2175	G2570	1
G1396	G1784	1
G195	G298	1
G1806	G2440	1
G506	G554	1
G848	G1671	1
G2312	G2900	1
G899	G1335	1
G1390	G2892	1
G755	G923	1
G899	G1551	1
G1806	G2638	1
G2118	G2812	1
G1279	G2698	1
G1316	G2514	1
G2709	G2884	1
G1335	G1867	1
G693	G2063	1
G214	G810	1
G233	G2686	1
G187	G1130	1
G2462	G2988	1
G734	G2263	1
G344	G613	1
G1617	G2940	1
G993	G2597	1
G773	G902	1
G1116	G1524	1
G2447	G2467	1
G133	G1390	1
G216	G1747	1
G729	G789	1
G1488	G2155	1
G1753	G2478	1
G466	G1428	1
G835	G2121	1
G629	G2447	1
G784	G1786	1
G36	G2721	1
G691	G2583	1
G544	G1104	1
G1828	G2435	1
G902	G2462	1
G1328	G2544	1
G192	G2365	1
G1768	G2263	1
G46	G1726	1
G1321	G1653	1
G1564	G2381	1
G866	G1966	1
G1612	G1986	1
G1146	G1801	1
G715	G2467	1
G2263	G2825	1
G964	G1591	1
G192	G402	1
G444	G924	1
G1747	G2789	1
G425	G923	1
G852	G2887	1
G1500	G2478	1
G126	G2274	1
G2369	G2838	1
G216	G2591	1
G764	G1625	1
G1313	G1694	1
G931	G1916	1
G774	G2798	1
G586	G1099	1
G1040	G2174	1
G1460	G1966	1
G1692	G2395	1
G258	G2257	1
G629	G1441	1
G46	G956	1
G1039	G2798	1
G1243	G1671	1
G200	G826	1
G18	G435	1
G26	G1698	1
G534	G1589	1
G612	G1878	1
G806	G1639	1
G2191	G2869	1
G2341	G2877	1
G366	G2776	1
G1332	G1986	1
G364	G1747	1
G2365	G2869	1
G122	G2570	1
G631	G2503	1
G793	G1262	1
G723	G2490	1
G2496	G2547	1
G882	G1835	1
G216	G1010	1
G194	G2138	1
G1261	G1398	1
G1039	G1106	1
G1492	G2415	1
G425	G577	1
G2188	G2919	1
G405	G2949	1
G734	G1496	1
G1671	G2553	1
G306	G879	1
G36	G2591	1
G1920	G2865	1
G963	G1223	1
G1564	G2162	1
G57	G564	1
G806	G1806	1
G126	G1562	1
G1625	G2553	1
G2837	G2840	1
G194	G1580	1
G590	G2946	1
G1469	G2664	1
G534	G2295	1
G2138	G2430	1
G402	G433	1
G1546	G2043	1
G1327	G1881	1
G529	G2440	1
G1285	G1859	1
G2369	G2738	1
G462	G827	1
G773	G1550	1
G1536	G2015	1
G1743	G2671	1
G157	G2103	1
G1321	G1750	1
G774	G2175	1
G883	G2069	1
G1923	G2798	1
G1835	G2591	1
G111	G2994	1
G2345	G2493	1
G2188	G2538	1
G1963	G2467	1
G2069	G2398	1
G200	G1109	1
G1997	G2721	1
G75	G1418	1
G2103	G2941	1
G755	G1159	1
G1159	G2516	1
G163	G923	1
G157	G734	1
G364	G1010	1
G715	G2352	1
G231	G1383	1
G958	G1783	1
G1161	G1857	1
G168	G2681	1
G1255	G2063	1
G1849	G2924	1
G1433	G1515	1
G1919	G2013	1
G773	G2563	1
G999	G1870	1
G1441	G2983	1
G1573	G2656	1
G1027	G1083	1
G141	G773	1
G1422	G2180	1
G1924	G2776	1
G2364	G2924	1
G364	G2676	1
G500	G1867	1
G810	G1664	1
G801	G2877	1
G1625	G2208	1
G1679	G2833	1
G177	G2465	1
G1328	G2790	1
G1152	G2274	1
G610	G1521	1
G444	G1719	1
G192	G1912	1
G1508	G1610	1
G114	G1102	1
G1264	G2365	1
G596	G2263	1
G391	G694	1
G964	G1068	1
G773	G2784	1
G1138	G2142	1
G696	G2843	1
G1855	G2514	1
G1308	G2851	1
G1748	G2814	1
G2365	G2798	1
G2380	G2724	1
G139	G2170	1
G2736	G2979	1
G454	G2035	1
G1849	G1903	1
G914	G2206	1
G266	G2535	1
G332	G2465	1
G539	G2462	1
G715	G2425	1
G2103	G2497	1
G1923	G2175	1
G1120	G2302	1
G2522	G2664	1
G2848	G2991	1
G1836	G2979	1
G1513	G1916	1
G1524	G2405	1
G1564	G2462	1
G851	G2940	1
G56	G1519	1
G755	G1852	1
G2083	G2937	1
G443	G2448	1
G104	G846	1
G1741	G2419	1
G755	G2877	1
G1398	G2991	1
G1147	G1836	1
G1446	G1659	1
G774	G1806	1
G1316	G1515	1
G629	G2620	1
G362	G1335	1
G362	G1551	1
G281	G531	1
G1004	G1441	1
G694	G1284	1
G773	G2769	1
G286	G2316	1
G1749	G2119	1
G202	G2535	1
G1364	G1463	1
G1228	G1413	1
G374	G2713	1
G834	G2347	1
G1133	G1422	1
G400	G622	1
G2327	G2724	1
G624	G2210	1
G1963	G2352	1
G368	G1918	1
G2266	G2843	1
G1284	G1793	1
G393	G1934	1
G1076	G1332	1
G1554	G1683	1
G1429	G2467	1
G275	G2341	1
G1985	G2591	1
G1058	G2814	1
G1099	G1606	1
G163	G1671	1
G773	G1901	1
G714	G736	1
G1428	G2671	1
G776	G1005	1
G773	G1997	1
G1068	G1625	1
G596	G2118	1
G744	G1916	1
G1645	G2979	1
G456	G1500	1
G955	G1408	1
G1112	G1827	1
G2381	G2892	1
G1741	G2972	1
G1027	G2642	1
G564	G1861	1
G1417	G2671	1
G380	G476	1
G36	G2191	1
G433	G2591	1
G2399	G2592	1
G2230	G2568	1
G1266	G1848	1
G1018	G2455	1
G2069	G2340	1
G1492	G2719	1
G2429	G2850	1
G1332	G2063	1
G1963	G2425	1
G935	G2773	1
G1390	G1398	1
G690	G794	1
G854	G2401	1
G1372	G2814	1
G2017	G2583	1
G685	G1903	1
G2208	G2258	1
G576	G2254	1
G1381	G1529	1
G1723	G1828	1
G958	G1903	1
G1543	G2944	1
G433	G1010	1
G577	G2736	1
G374	G1452	1
G2366	G2724	1
G1100	G1810	1
G1337	G1566	1
G1083	G2583	1
G258	G1598	1
G405	G2667	1
G302	G2510	1
G1723	G2940	1
G433	G2676	1
G2435	G2822	1
G1806	G2407	1
G2165	G2478	1
G118	G1801	1
G1218	G2583	1
G2003	G2704	1
G1099	G1610	1
G1554	G2244	1
G1398	G1823	1
G1596	G2462	1
G1130	G2591	1
G721	G2840	1
G1230	G2255	1
G931	G1893	1
G194	G1429	1
G1030	G1335	1
G802	G2887	1
G645	G994	1
G1140	G1403	1
G454	G1335	1
G1893	G2822	1
G402	G2465	1
G2045	G2189	1
G454	G1551	1
G462	G1152	1
G1331	G2063	1
G1103	G2175	1
G2138	G2569	1
G835	G2620	1
G524	G1720	1
G904	G2263	1
G231	G1316	1
G2114	G2877	1
G1204	G1881	1
G1828	G2940	1
G956	G1455	1
G354	G2540	1
G801	G960	1
G2734	G2899	1
G578	G1309	1
G758	G2366	1
G462	G1382	1
G1208	G1478	1
G362	G1963	1
G694	G828	1
G1671	G2341	1
G2784	G2859	1
G354	G577	1
G112	G2538	1
G1130	G2676	1
G2405	G2881	1
G1261	G2769	1
G696	G1446	1
G495	G1679	1
G1445	G2622	1
G1433	G1570	1
G283	G2232	1
G1606	G1748	1
G2360	G2838	1
G1939	G2224	1
G931	G1328	1
G1387	G2581	1
G2563	G2869	1
G1429	G2425	1
G1139	G1564	1
G126	G497	1
G826	G1787	1
G1500	G2979	1
G353	G1513	1
G285	G1102	1
G882	G2103	1
G1116	G2838	1
G344	G2990	1
G364	G2381	1
G2100	G2497	1
G2273	G2873	1
G2188	G2628	1
G1422	G1835	1
G1469	G1719	1
G1086	G1927	1
G1870	G2405	1
G758	G777	1
G1171	G1792	1
G1313	G2799	1
G1997	G2441	1
G2496	G2797	1
G722	G1211	1
G755	G960	1
G1211	G1562	1
G1591	G2648	1
G806	G1335	1
G462	G715	1
G266	G574	1
G1751	G2072	1
G2009	G2385	1
G2425	G2988	1
G1271	G2188	1
G918	G2263	1
G1459	G2301	1
G902	G2232	1
G709	G1606	1
G773	G2360	1
G1985	G2191	1
G139	G1508	1
G1305	G2383	1
G569	G2451	1
G150	G2812	1
G2360	G2369	1
G1741	G2156	1
G456	G1747	1
G610	G2447	1
G1700	G2467	1
G1334	G2419	1
G444	G610	1
G867	G1771	1
G2642	G2784	1
G529	G1500	1
G1012	G1542	1
G374	G477	1
G1116	G2369	1
G601	G2431	1
G2769	G2812	1
G1027	G2835	1
G1551	G2467	1
G624	G816	1
G53	G1354	1
G693	G2835	1
G1945	G2341	1
G2263	G2514	1
G1998	G2588	1
G456	G1612	1
G755	G797	1
G1278	G2948	1
G2069	G2172	1
G148	G275	1
G629	G1320	1
G736	G934	1
G1711	G1875	1
G194	G2368	1
G985	G1739	1
G1116	G1681	1
G1672	G2280	1
G1116	G2738	1
G425	G960	1
G1966	G2083	1
G641	G1488	1
G610	G2451	1
G425	G616	1
G977	G1210	1
G2341	G2563	1
G600	G2599	1
G1912	G2693	1
G2881	G2979	1
G563	G1932	1
G586	G2758	1
G266	G433	1
G316	G826	1
G600	G755	1
G1542	G2497	1
G362	G1419	1
G1332	G2545	1
G1630	G2545	1
G139	G391	1
G132	G414	1
G1455	G1700	1
G721	G883	1
G1075	G2092	1
G267	G1543	1
G830	G2041	1
G1316	G1948	1
G1106	G2583	1
G2467	G2924	1
G371	G1648	1
G630	G2467	1
G2341	G2784	1
G563	G2724	1
G331	G456	1
G1901	G2430	1
G2025	G2946	1
G423	G1505	1
G1994	G2197	1
G902	G1982	1
G2545	G2564	1
G583	G2906	1
G139	G985	1
G613	G2047	1
G629	G1741	1
G732	G1228	1
G497	G2369	1
G1591	G2365	1
G187	G1496	1
G283	G1422	1
G1027	G2780	1
G777	G2368	1
G187	G2118	1
G1671	G2540	1
G283	G462	1
G882	G1256	1
G693	G2780	1
G901	G1204	1
G1691	G2786	1
G1112	G1455	1
G497	G1681	1
G1719	G2622	1
G349	G564	1
G1044	G2449	1
G1039	G1335	1
G497	G2738	1
G1424	G1933	1
G963	G1130	1
G2341	G2769	1
G1651	G2946	1
G267	G1671	1
G1143	G1452	1
G931	G2553	1
G1335	G2822	1
G1427	G2449	1
G393	G1585	1
G2341	G2859	1
G1551	G2352	1
G1243	G2435	1
G275	G1681	1
G275	G885	1
G1696	G2846	1
G223	G1668	1
G2570	G2977	1
G213	G348	1
G917	G2560	1
G1382	G2881	1
G1540	G2644	1
G1931	G2606	1
G823	G2274	1
G964	G2366	1
G2327	G2355	1
G514	G2430	1
G2195	G2890	1
G1806	G2676	1
G1878	G2700	1
G600	G1455	1
G813	G2186	1
G148	G2780	1
G1700	G2425	1
G2529	G2830	1
G1159	G1953	1
G2352	G2425	1
G1320	G2924	1
G539	G2232	1
G334	G1238	1
G163	G192	1
G1551	G2425	1
G1337	G2346	1
G1203	G1384	1
G673	G1972	1
G2581	G2746	1
G1787	G2793	1
G326	G2255	1
G899	G2924	1
G755	G2563	1
G642	G2425	1
G233	G1118	1
G2295	G2873	1
G2642	G2989	1
G435	G2864	1
G1310	G2983	1
G601	G2181	1
G546	G1140	1
G2484	G2505	1
G283	G801	1
G414	G2528	1
G1004	G1320	1
G1103	G2138	1
G1515	G1612	1
G307	G1542	1
G1133	G1850	1
G1390	G1901	1
G1610	G1654	1
G332	G2970	1
G896	G2293	1
G1249	G2838	1
G703	G2682	1
G610	G2620	1
G2068	G2369	1
G1320	G1903	1
G354	G563	1
G1774	G2365	1
G38	G1551	1
G755	G2784	1
G789	G1508	1
G1524	G2426	1
G1473	G2072	1
G1932	G2073	1
G2540	G2940	1
G1403	G1882	1
G616	G2738	1
G852	G2621	1
G1452	G2798	1
G612	G1433	1
G88	G471	1
G902	G1332	1
G529	G1612	1
G899	G1903	1
G558	G823	1
G1090	G2570	1
G159	G1984	1
G1412	G2719	1
G1893	G2443	1
G2068	G2738	1
G153	G1591	1
G2257	G2776	1
G1739	G2578	1
G475	G958	1
G835	G1741	1
G425	G2563	1
G801	G1901	1
G2362	G2910	1
G1310	G2849	1
G586	G1152	1
G785	G1092	1
G960	G2266	1
G1628	G2815	1
G923	G2682	1
G816	G2876	1
G1635	G2273	1
G1441	G2865	1
G301	G1103	1
G755	G2769	1
G1455	G2419	1
G374	G443	1
G539	G1982	1
G1606	G1700	1
G231	G1083	1
G1543	G2346	1
G75	G2843	1
G187	G1591	1
G385	G1645	1
G1903	G2465	1
G1645	G1916	1
G2769	G2941	1
G1438	G1495	1
G1513	G2553	1
G2144	G2810	1
G500	G1907	1
G1916	G2838	1
G1413	G2900	1
G2447	G2825	1
G693	G2798	1
G826	G896	1
G362	G1783	1
G755	G1901	1
G1334	G1671	1
G1953	G2789	1
G405	G596	1
G315	G1329	1
G366	G2798	1
G612	G697	1
G85	G1499	1
G1508	G2994	1
G789	G985	1
G1758	G1933	1
G809	G1500	1
G827	G1130	1
G362	G364	1
G2080	G2848	1
G1863	G1953	1
G715	G2825	1
G673	G1915	1
G1422	G2103	1
G266	G2465	1
G425	G2769	1
G426	G1142	1
G1251	G2999	1
G1402	G2117	1
G1473	G1489	1
G163	G2435	1
G295	G2439	1
G1916	G2369	1
G1455	G2972	1
G200	G2108	1
G245	G461	1
G1328	G1500	1
G1790	G2590	1
G993	G1264	1
G374	G2648	1
G830	G2375	1
G660	G2798	1
G2418	G2622	1
G515	G1645	1
G364	G2208	1
G552	G2037	1
G2341	G2360	1
G2860	G2865	1
G934	G2080	1
G1901	G2569	1
G1789	G2524	1
G126	G794	1
G2026	G2496	1
G302	G630	1
G1863	G2988	1
G1916	G2738	1
G1982	G2776	1
G456	G2381	1
G354	G960	1
G660	G1106	1
G693	G2175	1
G112	G662	1
G267	G1445	1
G2381	G2435	1
G159	G1881	1
G306	G2849	1
G1603	G1864	1
G1751	G1793	1
G634	G2490	1
G848	G1529	1
G177	G890	1
G408	G1106	1
G316	G2584	1
G693	G2283	1
G1179	G1309	1
G945	G2640	1
G1939	G2190	1
G1075	G1612	1
G625	G1751	1
G2080	G2568	1
G734	G2366	1
G1781	G2312	1
G1496	G2068	1
G893	G1674	1
G2769	G2869	1
G2068	G2440	1
G539	G968	1
G126	G444	1
G1912	G2118	1
G2178	G2655	1
G1452	G1806	1
G331	G514	1
G456	G2951	1
G2568	G2846	1
G258	G2766	1
G769	G2862	1
G439	G1806	1
G554	G2713	1
G828	G2197	1
G960	G1139	1
G149	G1099	1
G1963	G2825	1
G2557	G2583	1
G865	G2069	1
G148	G2175	1
G2160	G2526	1
G440	G2224	1
G456	G2162	1
G126	G1116	1
G703	G2812	1
G11	G1863	1
G2327	G2870	1
G2581	G2843	1
G1500	G1916	1
G306	G1920	1
G502	G1983	1
G122	G2470	1
G1027	G2535	1
G752	G1314	1
G834	G1837	1
G1543	G1852	1
G1763	G2072	1
G872	G1651	1
G2369	G2676	1
G1547	G2991	1
G194	G2297	1
G402	G1827	1
G374	G2365	1
G1252	G1933	1
G2366	G2406	1
G323	G1723	1
G332	G1841	1
G1217	G1413	1
G693	G1806	1
G1444	G1618	1
G253	G867	1
G2079	G2734	1
G2244	G2865	1
G163	G1997	1
G92	G426	1
G612	G851	1
G2497	G2639	1
G1320	G2405	1
G904	G1116	1
G1335	G1385	1
G1950	G2269	1
G1334	G1625	1
G1606	G2419	1
G2583	G2972	1
G366	G1806	1
G2063	G2829	1
G923	G2812	1
G1622	G2443	1
G868	G1375	1
G353	G2865	1
G610	G1320	1
G444	G1576	1
G1229	G1475	1
G461	G2435	1
G2570	G2988	1
G46	G1112	1
G2553	G2924	1
G278	G808	1
G1543	G1625	1
G433	G2538	1
G539	G882	1
G2496	G2599	1
G801	G2570	1
G1398	G2919	1
G2210	G2876	1
G554	G1452	1
G2406	G2924	1
G1335	G1780	1
G660	G1806	1
G625	G789	1
G885	G2327	1
G196	G414	1
G1982	G2545	1
G444	G2977	1
G126	G2979	1
G433	G2208	1
G2812	G2849	1
G1591	G2121	1
G747	G1630	1
G1293	G1927	1
G521	G2425	1
G1093	G1112	1
G2742	G2890	1
G1042	G2948	1
G682	G1625	1
G1606	G2972	1
G1139	G2843	1
G885	G1953	1
G2360	G2407	1
G456	G2462	1
G918	G1116	1
G2618	G2798	1
G610	G1741	1
G1068	G2940	1
G1334	G1445	1
G332	G1309	1
G709	G2236	1
G1525	G2544	1
G1016	G2320	1
G1116	G1500	1
G1398	G2538	1
G332	G1606	1
G177	G1455	1
G1010	G1039	1
G2118	G2664	1
G553	G1043	1
G2142	G2899	1
G770	G1634	1
G1328	G1612	1
G1612	G2798	1
G1855	G2940	1
G1920	G2478	1
G1099	G1390	1
G529	G2381	1
G561	G2939	1
G596	G2366	1
G226	G2532	1
G387	G2245	1
G1671	G2073	1
G2730	G2814	1
G939	G1229	1
G1133	G1932	1
G1327	G2412	1
G111	G723	1
G824	G2814	1
G133	G828	1
G480	G2038	1
G139	G2300	1
G1625	G2073	1
G885	G2988	1
G297	G1914	1
G1946	G2979	1
G758	G1328	1
G715	G2583	1
G1191	G2921	1
G663	G1606	1
G958	G2713	1
G1747	G2535	1
G306	G1223	1
G1027	G2180	1
G1130	G2208	1
G2004	G2497	1
G1645	G1893	1
G1161	G1327	1
G1332	G2798	1
G1143	G2648	1
G26	G384	1
G882	G1606	1
G1253	G2043	1
G36	G2628	1
G734	G2017	1
G891	G1793	1
G809	G2766	1
G425	G529	1
G1083	G1948	1
G259	G549	1
G2693	G2892	1
G387	G2498	1
G2563	G2664	1
G694	G1793	1
G563	G931	1
G90	G2222	1
G960	G2274	1
G364	G2723	1
G1218	G1948	1
G2378	G2836	1
G192	G1320	1
G456	G806	1
G529	G2162	1
G1827	G2972	1
G1612	G2175	1
G554	G963	1
G890	G1524	1
G697	G922	1
G1783	G2972	1
G231	G774	1
G896	G2437	1
G2676	G2812	1
G450	G1268	1
G2346	G2789	1
G1513	G2045	1
G1058	G1827	1
G354	G2769	1
G402	G755	1
G1152	G2979	1
G1723	G2789	1
G2570	G2949	1
G806	G2924	1
G525	G2009	1
G1332	G1630	1
G1719	G2366	1
G642	G1700	1
G148	G2180	1
G693	G2138	1
G907	G2214	1
G267	G2435	1
G685	G1452	1
G61	G2902	1
G1524	G2467	1
G354	G728	1
G141	G2895	1
G851	G2776	1
G958	G1452	1
G960	G1562	1
G1383	G1524	1
G1768	G1916	1
G680	G2453	1
G923	G1329	1
G1441	G2693	1
G1610	G2892	1
G354	G1901	1
G482	G1833	1
G1963	G2583	1
G1540	G1625	1
G1591	G2447	1
G1901	G2522	1
G192	G1741	1
G2479	G2665	1
G122	G1863	1
G600	G899	1
G806	G1903	1
G1651	G1994	1
G785	G930	1
G2188	G2961	1
G192	G1855	1
G1828	G2789	1
G1139	G2849	1
G1508	G2385	1
G723	G1706	1
G1725	G2698	1
G1412	G2868	1
G1143	G2365	1
G148	G2138	1
G258	G2951	1
G885	G963	1
G1515	G2462	1
G462	G2045	1
G364	G1564	1
G882	G2026	1
G250	G399	1
G824	G2547	1
G364	G1525	1
G402	G1606	1
G1612	G1806	1
G612	G2700	1
G936	G2703	1
G438	G1799	1
G558	G1849	1
G194	G2405	1
G529	G2462	1
G539	G1850	1
G1116	G1747	1
G723	G866	1
G11	G629	1
G2435	G2766	1
G923	G2941	1
G1948	G2869	1
G149	G233	1
G2073	G2736	1
G1227	G1251	1
G1452	G1551	1
G826	G2741	1
G2422	G2678	1
G1671	G2597	1
G1700	G2825	1
G440	G1725	1
G1099	G1696	1
G2188	G2983	1
G1513	G2540	1
G771	G1979	1
G1932	G2570	1
G1007	G1681	1
G171	G2413	1
G2273	G2295	1
G429	G2597	1
G2020	G2317	1
G1332	G1806	1
G883	G2586	1
G2360	G2591	1
G282	G2212	1
G715	G2514	1
G423	G851	1
G1335	G1576	1
G593	G2397	1
G482	G1394	1
G596	G2017	1
G1179	G1797	1
G1833	G2899	1
G685	G963	1
G514	G774	1
G89	G1486	1
G316	G2108	1
G2799	G2921	1
G1809	G2981	1
G958	G963	1
G456	G2380	1
G2312	G2865	1
G1963	G2206	1
G462	G923	1
G931	G2877	1
G516	G1499	1
G1806	G2208	1
G36	G2214	1
G1335	G2977	1
G1589	G2873	1
G1159	G2365	1
G482	G516	1
G149	G2994	1
G1010	G2814	1
G444	G2327	1
G563	G1397	1
G302	G852	1
G1023	G2294	1
G1645	G2553	1
G563	G1870	1
G976	G1392	1
G529	G806	1
G235	G2006	1
G366	G1335	1
G1039	G1903	1
G1168	G2773	1
G1116	G2676	1
G126	G827	1
G1825	G2425	1
G2467	G2713	1
G444	G1953	1
G1334	G2435	1
G644	G652	1
G24	G810	1
G410	G2921	1
G2401	G2802	1
G1204	G2412	1
G1167	G2021	1
G1835	G2214	1
G1751	G2876	1
G624	G1129	1
G258	G2462	1
G2547	G2828	1
G2100	G2783	1
G1309	G2588	1
G418	G1966	1
G1027	G1835	1
G1948	G2798	1
G2591	G2979	1
G660	G1335	1
G963	G1591	1
G1891	G2489	1
G153	G527	1
G266	G1827	1
G1130	G2723	1
G1963	G2514	1
G408	G1335	1
G323	G456	1
G529	G2667	1
G170	G2119	1
G444	G2988	1
G1681	G1932	1
G2648	G2789	1
G433	G1617	1
G2405	G2812	1
G2522	G2977	1
G2738	G2838	1
G2856	G2900	1
G663	G1401	1
G1099	G2385	1
G1138	G1204	1
G85	G1787	1
G1543	G2563	1
G275	G2591	1
G828	G2025	1
G942	G1637	1
G1328	G2381	1
G1445	G1645	1
G1564	G2843	1
G1726	G2346	1
G1829	G1993	1
G1075	G2462	1
G476	G1495	1
G1591	G2620	1
G1870	G2467	1
G1681	G2724	1
G1723	G2674	1
G2468	G2478	1
G1083	G2940	1
G444	G2523	1
G1867	G2175	1
G2103	G2822	1
G1383	G2544	1
G497	G1010	1
G433	G1525	1
G556	G721	1
G2352	G2972	1
G447	G2681	1
G1867	G2283	1
G1932	G2441	1
G2365	G2924	1
G432	G2347	1
G99	G2734	1
G1419	G2467	1
G919	G1141	1
G275	G1010	1
G387	G2937	1
G835	G1397	1
G1394	G1833	1
G1817	G2549	1
G733	G2263	1
G1666	G2263	1
G256	G898	1
G2462	G2620	1
G2603	G2622	1
G1441	G2263	1
G275	G2676	1
G652	G2751	1
G693	G1429	1
G1320	G2713	1
G1406	G2266	1
G456	G1949	1
G364	G703	1
G806	G2405	1
G1008	G1237	1
G1741	G1828	1
G150	G1849	1
G1112	G2768	1
G1671	G1858	1
G1058	G1455	1
G899	G2713	1
G57	G2449	1
G1157	G1428	1
G1802	G2866	1
G1671	G2721	1
G1773	G2889	1
G2594	G2722	1
G1513	G2877	1
G1141	G1476	1
G1542	G2239	1
G1741	G2940	1
G2377	G2881	1
G1133	G2355	1
G1543	G2859	1
G1065	G1256	1
G2591	G2730	1
G1130	G1564	1
G1953	G2780	1
G1438	G2945	1
G1664	G1726	1
G1154	G2147	1
G853	G1741	1
G919	G2497	1
G1500	G2553	1
G146	G2337	1
G554	G2648	1
G721	G770	1
G629	G2881	1
G577	G2274	1
G192	G1726	1
G258	G2667	1
G853	G1855	1
G929	G2322	1
G2983	G2988	1
G674	G2858	1
G205	G1606	1
G1316	G1986	1
G148	G1429	1
G747	G1551	1
G1335	G2766	1
G600	G2768	1
G385	G809	1
G836	G1278	1
G1823	G1886	1
G823	G1116	1
G646	G2680	1
G715	G1515	1
G828	G1172	1
G2401	G2833	1
G2564	G2570	1
G1849	G2648	1
G1193	G2681	1
G120	G2232	1
G1403	G2041	1
G267	G1828	1
G577	G2693	1
G1551	G2583	1
G1320	G1452	1
G1220	G2188	1
G444	G2949	1
G539	G2354	1
G2068	G2676	1
G462	G2877	1
G150	G685	1
G642	G2583	1
G904	G1916	1
G456	G1469	1
G64	G2810	1
G374	G2447	1
G899	G1452	1
G1564	G2354	1
G1904	G2525	1
G531	G543	1
G809	G2462	1
G148	G1027	1
G1112	G1152	1
G739	G1730	1
G1383	G2790	1
G563	G1334	1
G1564	G2849	1
G827	G1591	1
G2168	G2430	1
G1726	G1852	1
G907	G2736	1
G266	G755	1
G1283	G2565	1
G1730	G2189	1
G758	G2341	1
G1328	G2462	1
G221	G2918	1
G1261	G2470	1
G758	G2200	1
G774	G2405	1
G456	G1982	1
G1422	G2026	1
G539	G2303	1
G306	G1130	1
G348	G940	1
G1130	G2214	1
G1654	G2994	1
G353	G2468	1
G749	G1845	1
G475	G1591	1
G1039	G2405	1
G1806	G2723	1
G470	G1091	1
G298	G1541	1
G1934	G2047	1
G1806	G2086	1
G1418	G1730	1
G1828	G2642	1
G374	G1441	1
G456	G1418	1
G554	G2365	1
G823	G2979	1
G600	G1152	1
G355	G1499	1
G1893	G2949	1
G1335	G2327	1
G337	G2879	1
G691	G918	1
G1566	G2497	1
G176	G1452	1
G307	G1142	1
G2105	G2780	1
G331	G2798	1
G1398	G1523	1
G258	G2380	1
G1625	G2570	1
G848	G1316	1
G1398	G2452	1
G723	G1220	1
G1332	G1335	1
G1010	G2465	1
G194	G674	1
G1237	G2144	1
G315	G1335	1
G490	G924	1
G1849	G2365	1
G890	G1681	1
G2432	G2924	1
G475	G2622	1
G685	G2648	1
G890	G2738	1
G1469	G2988	1
G625	G1681	1
G266	G1606	1
G336	G1863	1
G1780	G2877	1
G1220	G2815	1
G958	G2648	1
G1006	G1800	1
G1264	G1726	1
G157	G475	1
G111	G1785	1
G2798	G2812	1
G1916	G2676	1
G622	G1863	1
G1912	G2366	1
G1515	G2232	1
G353	G2263	1
G334	G1040	1
G1421	G2077	1
G1598	G1923	1
G2210	G2799	1
G2425	G2447	1
G1799	G2250	1
G4	G2485	1
G1747	G2465	1
G2341	G2430	1
G1750	G2660	1
G529	G2232	1
G656	G1428	1
G1203	G2115	1
G177	G642	1
G2435	G2462	1
G331	G2175	1
G1543	G2360	1
G1335	G2523	1
G1455	G1948	1
G955	G1266	1
G393	G2398	1
G107	G610	1
G1440	G1683	1
G1331	G1335	1
G882	G2418	1
G331	G2283	1
G1334	G1828	1
G1547	G2919	1
G174	G1329	1
G1112	G2496	1
G586	G1543	1
G610	G663	1
G596	G1328	1
G85	G896	1
G1027	G2103	1
G36	G2736	1
G475	G2241	1
G2296	G2991	1
G2352	G2514	1
G691	G1986	1
G1136	G2316	1
G1334	G2940	1
G1768	G2553	1
G456	G1332	1
G332	G642	1
G2317	G2484	1
G1551	G2514	1
G36	G1261	1
G1139	G2865	1
G1316	G2063	1
G901	G2013	1
G1418	G1923	1
G1966	G2848	1
G1591	G1741	1
G682	G2360	1
G475	G1068	1
G642	G2514	1
G1359	G2915	1
G1979	G2681	1
G960	G2188	1
G907	G2983	1
G1671	G2191	1
G1525	G2092	1
G1637	G2086	1
G1159	G2121	1
G2138	G2465	1
G1077	G1935	1
G1591	G1855	1
G1953	G2882	1
G144	G2779	1
G728	G1550	1
G1547	G2538	1
G133	G1793	1
G685	G2365	1
G1617	G2283	1
G600	G2496	1
G374	G2620	1
G435	G2038	1
G1605	G2836	1
G464	G1126	1
G958	G2365	1
G1741	G2094	1
G586	G1671	1
G1671	G2441	1
G2465	G2838	1
G462	G960	1
G1109	G2235	1
G976	G2004	1
G1264	G2564	1
G1681	G2355	1
G1201	G1739	1
G2758	G2849	1
G529	G1982	1
G1106	G1723	1
G148	G2103	1
G758	G851	1
G1772	G2293	1
G528	G1755	1
G577	G2263	1
G112	G1473	1
G331	G1806	1
G2468	G2979	1
G1243	G2789	1
G2667	G2979	1
G579	G2582	1
G1316	G2776	1
G144	G1857	1
G834	G1914	1
G1317	G2635	1
G1372	G1387	1
G889	G1329	1
G2828	G2972	1
G415	G973	1
G1390	G2470	1
G1966	G2568	1
G2115	G2948	1
G258	G2232	1
G1006	G2047	1
G239	G1913	1
G157	G2425	1
G410	G1886	1
G148	G734	1
G1446	G2814	1
G529	G596	1
G456	G882	1
G770	G1157	1
G1090	G1863	1
G1053	G1591	1
G1143	G1554	1
G1637	G2900	1
G310	G2038	1
G1723	G2780	1
G1335	G2949	1
G715	G1774	1
G1228	G2115	1
G1489	G2848	1
G426	G1916	1
G927	G1420	1
G241	G1693	1
G1761	G1953	1
G300	G682	1
G1133	G1397	1
G2465	G2738	1
G1978	G2892	1
G1997	G2736	1
G456	G703	1
G696	G1591	1
G1191	G1220	1
G1500	G2045	1
G960	G2395	1
G197	G2230	1
G1080	G2462	1
G2040	G2540	1
G1275	G2749	1
G1143	G1441	1
G393	G2340	1
G646	G1270	1
G934	G1424	1
G1473	G1694	1
G524	G1806	1
G880	G2381	1
G366	G1783	1
G1828	G2780	1
G466	G2958	1
G1912	G2017	1
G1901	G2814	1
G563	G1112	1
G577	G2105	1
G1696	G2300	1
G1141	G1561	1
G445	G590	1
G2425	G2620	1
G1863	G2121	1
G2514	G2798	1
G554	G1521	1
G2468	G2730	1
G2522	G2949	1
G1075	G1469	1
G163	G1316	1
G216	G1513	1
G1606	G1948	1
G216	G2849	1
G1489	G1966	1
G2467	G2648	1
G1827	G2435	1
G714	G1237	1
G46	G2497	1
G865	G2833	1
G925	G2525	1
G823	G827	1
G362	G963	1
G364	G2983	1
G112	G139	1
G107	G1780	1
G799	G860	1
G2547	G2877	1
G799	G2901	1
G758	G885	1
G844	G1543	1
G1881	G2433	1
G194	G2418	1
G281	G2347	1
G1021	G2261	1
G334	G1603	1
G729	G1966	1
G57	G1518	1
G529	G1332	1
G748	G2302	1
G806	G2713	1
G1452	G2924	1
G2736	G2877	1
G268	G2538	1
G1855	G2063	1
G433	G1261	1
G515	G2738	1
G641	G1183	1
G875	G2395	1
G2449	G2505	1
G1513	G2784	1
G454	G1452	1
G923	G1849	1
G1772	G1919	1
G357	G1371	1
G586	G1625	1
G1333	G2251	1
G1836	G2877	1
G1887	G2082	1
G546	G2864	1
G983	G2863	1
G72	G843	1
G462	G1550	1
G349	G2449	1
G2314	G2671	1
G691	G2063	1
G882	G2467	1
G851	G2175	1
G514	G2814	1
G1568	G2542	1
G1118	G2991	1
G2557	G2940	1
G1270	G2461	1
G2418	G2712	1
G2496	G2768	1
G1500	G2540	1
G577	G1004	1
G1446	G2547	1
G1452	G1903	1
G1953	G2180	1
G2461	G2662	1
G283	G1243	1
G364	G2849	1
G736	G2490	1
G1455	G1828	1
G844	G1671	1
G340	G2341	1
G885	G1521	1
G1523	G2229	1
G462	G2563	1
G1521	G2544	1
G1428	G2443	1
G2162	G2465	1
G1513	G2769	1
G1455	G2940	1
G1116	G2208	1
G324	G2654	1
G163	G2789	1
G660	G1331	1
G835	G1112	1
G773	G907	1
G809	G2232	1
G1681	G2406	1
G1140	G2343	1
G2810	G2994	1
G1850	G2341	1
G1704	G2490	1
G778	G2933	1
G923	G1551	1
G1645	G2877	1
G2073	G2266	1
G462	G2784	1
G586	G1445	1
G806	G1452	1
G1726	G2563	1
G2086	G2877	1
G923	G2664	1
G529	G882	1
G781	G1723	1
G1513	G1901	1
G477	G1576	1
G899	G2648	1
G1751	G2799	1
G1705	G2251	1
G141	G2257	1
G282	G2253	1
G466	G1492	1
G348	G1861	1
G2381	G2789	1
G1141	G2071	1
G543	G1703	1
G554	G2121	1
G374	G1320	1
G1310	G2118	1
G364	G1446	1
G1591	G1726	1
G426	G1878	1
G2297	G2467	1
G126	G2553	1
G750	G2547	1
G1694	G2946	1
G360	G1627	1
G303	G1495	1
G258	G801	1
G851	G1806	1
G1418	G2860	1
G1007	G1010	1
G924	G2092	1
G393	G2172	1
G1547	G2628	1
G2776	G2790	1
G955	G1224	1
G1681	G2870	1
G462	G2769	1
G461	G1316	1
G797	G2780	1
G964	G2838	1
G882	G2352	1
G1251	G2969	1
G2848	G2961	1
G960	G2979	1
G1328	G1469	1
G521	G2514	1
G424	G685	1
G482	G2630	1
G1417	G2632	1
G867	G1040	1
G1133	G1334	1
G660	G1903	1
G723	G736	1
G192	G2881	1
G1471	G2771	1
G1498	G2520	1
G904	G2553	1
G1218	G1666	1
G809	G1982	1
G801	G1863	1
G1288	G2780	1
G613	G752	1
G24	G1286	1
G344	G2808	1
G118	G922	1
G462	G1901	1
G642	G835	1
G1881	G2779	1
G2103	G2977	1
G433	G2983	1
G408	G1903	1
G2789	G2979	1
G462	G1997	1
G1441	G2618	1
G1118	G1823	1
G848	G2642	1
G126	G1540	1
G1954	G2774	1
G2021	G2714	1
G1787	G2293	1
G1090	G2522	1
G773	G1020	1
G2689	G2784	1
G2156	G2979	1
G149	G1654	1
G1589	G2295	1
G885	G2121	1
G231	G2465	1
G964	G2369	1
G1329	G2682	1
G1201	G1522	1
G1418	G2790	1
G1780	G2784	1
G931	G2570	1
G1403	G1570	1
G882	G2425	1
G962	G2478	1
G216	G1223	1
G1857	G1881	1
G794	G1780	1
G2583	G2940	1
G466	G1157	1
G1469	G2648	1
G197	G1751	1
G258	G882	1
G1521	G2790	1
G899	G2365	1
G36	G354	1
G964	G1681	1
G525	G727	1
G844	G1625	1
G2274	G2563	1
G172	G771	1
G923	G2963	1
G1039	G1452	1
G574	G1849	1
G1747	G2970	1
G825	G1018	1
G875	G2979	1
G2222	G2490	1
G194	G2189	1
G2346	G2535	1
G150	G610	1
G625	G1500	1
G969	G2575	1
G1130	G2983	1
G1332	G1783	1
G1780	G2769	1
G1500	G2877	1
G1723	G2535	1
G194	G2467	1
G2274	G2784	1
G122	G2814	1
G1010	G1827	1
G1334	G1383	1
G1606	G1828	1
G85	G2741	1
G685	G1886	1
G563	G773	1
G923	G1963	1
G256	G2522	1
G554	G2447	1
G194	G586	1
G2365	G2713	1
G1098	G2366	1
G2419	G2570	1
G1606	G2940	1
G1383	G1500	1
G1780	G1901	1
G682	G733	1
G456	G2843	1
G180	G1361	1
G456	G2258	1
G758	G2073	1
G1768	G2540	1
G596	G2341	1
G1313	G1419	1
G1533	G2830	1
G1519	G1693	1
G2297	G2425	1
G1068	G2642	1
G267	G1637	1
G577	G2395	1
G107	G2977	1
G1130	G1513	1
G1130	G2849	1
G1772	G2437	1
G1668	G2993	1
G1828	G2535	1
G999	G1867	1
G2274	G2769	1
G1375	G1742	1
G794	G2092	1
G809	G1332	1
G405	G2406	1
G574	G2664	1
G934	G2009	1
G301	G2138	1
G698	G2474	1
G723	G2144	1
G879	G1576	1
G574	G685	1
G1469	G2365	1
G1741	G2789	1
G1106	G1986	1
G275	G331	1
G2188	G2693	1
G569	G1112	1
G481	G834	1
G1328	G1332	1
G100	G2018	1
G1612	G2924	1
G896	G901	1
G529	G1850	1
G780	G1726	1
G858	G2994	1
G1787	G1919	1
G2354	G2776	1
G1473	G2799	1
G197	G789	1
G2191	G2988	1
G551	G2589	1
G514	G2465	1
G1591	G2834	1
G200	G355	1
G744	G2357	1
G1806	G2843	1
G1827	G1828	1
G577	G794	1
G885	G2447	1
G1803	G2440	1
G1513	G2570	1
G1551	G1948	1
G1551	G1774	1
G1099	G1671	1
G259	G758	1
G444	G1521	1
G2103	G2766	1
G1270	G2973	1
G46	G1012	1
G1320	G1912	1
G57	G708	1
G1827	G2940	1
G642	G1948	1
G1218	G2063	1
G693	G2405	1
G490	G1780	1
G1852	G2977	1
G391	G2009	1
G700	G2620	1
G139	G1877	1
G2137	G2799	1
G1874	G2496	1
G610	G1112	1
G1783	G2940	1
G1143	G1320	1
G1719	G2341	1
G2175	G2266	1
G2689	G2989	1
G1332	G2924	1
G1612	G1903	1
G534	G1499	1
G1801	G2238	1
G141	G1598	1
G876	G964	1
G586	G2435	1
G2766	G2892	1
G630	G2115	1
G1916	G2208	1
G470	G865	1
G153	G1524	1
G149	G1978	1
G152	G1460	1
G348	G2484	1
G266	G642	1
G907	G2865	1
G1723	G2180	1
G1877	G2780	1
G380	G1719	1
G267	G2789	1
G2743	G2936	1
G278	G348	1
G758	G1420	1
G809	G882	1
G1406	G2196	1
G760	G2118	1
G1394	G2630	1
G715	G1090	1
G1923	G2418	1
G306	G1591	1
G660	G2405	1
G522	G1985	1
G1332	G1903	1
G2190	G2362	1
G462	G529	1
G1116	G1617	1
G107	G758	1
G577	G1116	1
G864	G2258	1
G923	G1719	1
G758	G1007	1
G1068	G2753	1
G958	G2447	1
G1027	G1606	1
G773	G1039	1
G395	G1693	1
G2540	G2798	1
G2069	G2833	1
G842	G2644	1
G796	G1591	1
G456	G2849	1
G1116	G1564	1
G1828	G2180	1
G1116	G1525	1
G868	G2551	1
G1495	G1761	1
G372	G2335	1
G366	G2312	1
G1420	G2682	1
G2073	G2274	1
G1576	G2766	1
G362	G2365	1
G1957	G2838	1
G1806	G2983	1
G2547	G2784	1
G1605	G2920	1
G561	G2895	1
G2069	G2543	1
G634	G1220	1
G2103	G2327	1
G436	G1994	1
G758	G2597	1
G1335	G2232	1
G490	G2092	1
G1103	G1452	1
G1726	G2681	1
G2320	G2919	1
G1525	G2381	1
G402	G1748	1
G591	G1818	1
G2736	G2784	1
G362	G402	1
G1792	G2208	1
G1398	G1473	1
G511	G574	1
G283	G1334	1
G2570	G2620	1
G574	G1963	1
G958	G1441	1
G2115	G2159	1
G826	G2734	1
G1944	G2188	1
G2622	G2712	1
G443	G1596	1
G797	G2535	1
G444	G2121	1
G1331	G1903	1
G1383	G1612	1
G717	G1254	1
G2381	G2642	1
G2405	G2664	1
G596	G851	1
G903	G2597	1
G353	G2730	1
G1260	G1580	1
G2846	G2848	1
G1082	G1283	1
G1591	G1870	1
G9	G2089	1
G216	G2865	1
G624	G2230	1
G747	G1636	1
G890	G1010	1
G1478	G2667	1
G2589	G2958	1
G466	G2573	1
G497	G1617	1
G521	G835	1
G1134	G1757	1
G1525	G2951	1
G456	G1446	1
G456	G1920	1
G1806	G2849	1
G2682	G2972	1
G1986	G2563	1
G1867	G1975	1
G1130	G1223	1
G2426	G2471	1
G577	G2979	1
G1704	G1816	1
G586	G1997	1
G1419	G2583	1
G924	G2766	1
G801	G907	1
G2736	G2769	1
G2103	G2988	1
G653	G1861	1
G1225	G2749	1
G1159	G1741	1
G1445	G2369	1
G1505	G1577	1
G1082	G2857	1
G444	G904	1
G1211	G1540	1
G1780	G2570	1
G1603	G2424	1
G1191	G2144	1
G533	G2505	1
G2270	G3004	1
G2232	G2419	1
G1924	G2312	1
G259	G1953	1
G1741	G2504	1
G275	G1564	1
G2103	G2523	1
G180	G480	1
G1445	G1681	1
G1191	G2827	1
G2296	G2919	1
G2538	G2876	1
G46	G1867	1
G1422	G2425	1
G967	G2202	1
G1438	G2872	1
G1445	G2738	1
G1645	G2784	1
G1010	G1455	1
G1692	G2784	1
G2063	G2812	1
G609	G2973	1
G234	G531	1
G1139	G2118	1
G755	G907	1
G1316	G2798	1
G525	G1390	1
G1334	G2789	1
G770	G1244	1
G2368	G2535	1
G2856	G2965	1
G600	G923	1
G1138	G2013	1
G2188	G2263	1
G112	G525	1
G1006	G1623	1
G1441	G2017	1
G1986	G2769	1
G789	G1877	1
G353	G2366	1
G1112	G1543	1
G1112	G2346	1
G198	G531	1
G1385	G2591	1
G2465	G2721	1
G1112	G2156	1
G40	G1261	1
G454	G2365	1
G1645	G2769	1
G2232	G2972	1
G727	G1763	1
G1382	G1849	1
G1335	G1422	1
G174	G1335	1
G332	G1700	1
G1054	G2910	1
G1787	G2437	1
G794	G1612	1
G174	G2664	1
G577	G2730	1
G1456	G1877	1
G865	G2143	1
G1986	G1997	1
G596	G885	1
G1058	G2496	1
G425	G907	1
G880	G1469	1
G1018	G2331	1
G1612	G2405	1
G1636	G2312	1
G11	G1562	1
G1645	G1901	1
G139	G1858	1
G600	G1543	1
G600	G2346	1
G1692	G1901	1
G1948	G2924	1
G420	G921	1
G717	G1105	1
G1527	G2060	1
G1441	G1916	1
G958	G2620	1
G477	G2949	1
G770	G2719	1
G1112	G1671	1
G1541	G1954	1
G1719	G2838	1
G1500	G1550	1
G1525	G2462	1
G475	G1645	1
G1201	G1651	1
G642	G2940	1
G773	G964	1
G1923	G2467	1
G456	G1223	1
G1654	G1978	1
G149	G2892	1
G437	G1637	1
G323	G1806	1
G1916	G2086	1
G995	G2909	1
G1723	G1835	1
G2620	G2789	1
G1953	G2103	1
G2465	G2591	1
G1332	G2405	1
G2331	G2460	1
G558	G758	1
G1433	G1806	1
G2103	G2949	1
G1793	G2049	1
G2496	G2944	1
G2535	G2784	1
G444	G2451	1
G875	G1538	1
G967	G1332	1
G981	G1066	1
G593	G1502	1
G1870	G2514	1
G102	G546	1
G794	G2766	1
G1223	G2977	1
G1719	G2369	1
G600	G1671	1
G1250	G1628	1
G889	G1551	1
G2206	G2443	1
G700	G1741	1
G887	G2316	1
G521	G1948	1
G1039	G2648	1
G1591	G2881	1
G879	G2988	1
G1500	G2784	1
G515	G1747	1
G1265	G2115	1
G1576	G2381	1
G680	G2118	1
G2451	G2514	1
G1828	G1835	1
G2465	G2676	1
G2375	G2528	1
G1010	G2068	1
G1027	G1401	1
G1143	G1726	1
G157	G2583	1
G1930	G2443	1
G231	G1827	1
G2175	G2274	1
G2535	G2859	1
G1332	G2312	1
G2170	G2846	1
G2369	G2983	1
G1630	G2312	1
G426	G1433	1
G586	G1828	1
G960	G1382	1
G1331	G2405	1
G433	G2865	1
G758	G2591	1
G1496	G1671	1
G1316	G1806	1
G140	G1136	1
G2570	G2724	1
G1469	G2121	1
G554	G1320	1
G848	G1909	1
G150	G2977	1
G470	G2833	1
G1500	G2769	1
G1231	G2528	1
G772	G2380	1
G1172	G2892	1
G901	G1394	1
G1452	G2713	1
G144	G2142	1
G1220	G2320	1
G202	G2425	1
G2741	G2793	1
G809	G2258	1
G1525	G2667	1
G1576	G2162	1
G1243	G2389	1
G1659	G2570	1
G2768	G2900	1
G187	G851	1
G691	G2798	1
G948	G1122	1
G1500	G1901	1
G414	G2238	1
G625	G2381	1
G736	G2921	1
G709	G1445	1
G2369	G2849	1
G2441	G2486	1
G1023	G2925	1
G566	G1534	1
G1329	G1416	1
G126	G2877	1
G133	G694	1
G107	G2949	1
G907	G2693	1
G1072	G2054	1
G694	G2197	1
G554	G1741	1
G854	G2802	1
G1099	G1250	1
G837	G2030	1
G1112	G1625	1
G1130	G2865	1
G153	G2838	1
G1551	G1723	1
G354	G877	1
G924	G2951	1
G1836	G2570	1
G258	G1446	1
G1424	G1489	1
G2191	G2648	1
G1383	G2381	1
G802	G1066	1
G272	G551	1
G1418	G1500	1
G723	G2222	1
G2365	G2648	1
G932	G1018	1
G36	G153	1
G1159	G1726	1
G1982	G2924	1
G176	G374	1
G1118	G2538	1
G911	G2341	1
G934	G2157	1
G1320	G1441	1
G558	G2327	1
G1282	G2443	1
G1566	G1907	1
G2073	G2105	1
G663	G2419	1
G1855	G2175	1
G266	G2496	1
G899	G1441	1
G141	G1612	1
G187	G2838	1
G2025	G2137	1
G414	G2041	1
G2827	G2876	1
G625	G2162	1
G153	G2369	1
G353	G1916	1
G360	G1199	1
G1179	G2238	1
G600	G1625	1
G2784	G2814	1
G691	G2175	1
G1068	G1909	1
G421	G2357	1
G889	G1963	1
G205	G423	1
G387	G1696	1
G630	G1723	1
G1223	G2766	1
G934	G1606	1
G153	G1681	1
G150	G758	1
G1542	G2291	1
G964	G2721	1
G1112	G1445	1
G1309	G2685	1
G1645	G2570	1
G1099	G2435	1
G1383	G2162	1
G885	G1741	1
G1014	G2526	1
G525	G2385	1
G1576	G2462	1
G187	G2369	1
G2296	G2628	1
G2693	G2789	1
G1478	G1982	1
G223	G2993	1
G2203	G2778	1
G685	G1320	1
G1525	G2380	1
G450	G656	1
G596	G2073	1
G1758	G2072	1
G958	G1370	1
G663	G2972	1
G456	G1803	1
G38	G2365	1
G506	G1612	1
G133	G2810	1
G107	G1218	1
G437	G1228	1
G958	G1320	1
G36	G2274	1
G2877	G2979	1
G634	G736	1
G187	G1681	1
G368	G1992	1
G187	G885	1
G141	G2766	1
G444	G2040	1
G828	G2405	1
G558	G2523	1
G506	G758	1
G1550	G2822	1
G1152	G2877	1
G157	G2514	1
G268	G1261	1
G698	G1939	1
G1654	G2892	1
G896	G2955	1
G472	G2711	1
G1288	G1835	1
G2190	G2383	1
G1329	G2137	1
G1387	G2086	1
G134	G315	1
G2063	G2869	1
G2191	G2365	1
G756	G1012	1
G758	G2191	1
G383	G627	1
G1075	G2809	1
G450	G770	1
G534	G1787	1
G2508	G2612	1
G36	G2693	1
G934	G1933	1
G1441	G1893	1
G466	G2719	1
G2263	G2869	1
G691	G1806	1
G11	G497	1
G2073	G2196	1
G525	G1597	1
G380	G1636	1
G400	G1381	1
G1328	G2849	1
G456	G1133	1
G300	G1030	1
G865	G1120	1
G660	G1452	1
G1605	G1795	1
G299	G1750	1
G393	G2069	1
G958	G1741	1
G1271	G1877	1
G1838	G2948	1
G709	G835	1
G1155	G1203	1
G2222	G2921	1
G408	G1452	1
G700	G1117	1
G402	G2419	1
G577	G1916	1
G958	G1855	1
G1741	G2780	1
G1871	G2331	1
G956	G2435	1
G889	G1419	1
G1161	G1799	1
G683	G2084	1
G2121	G2736	1
G2523	G2736	1
G1397	G1485	1
G773	G2465	1
G964	G1010	1
G2180	G2563	1
G1383	G2462	1
G615	G619	1
G231	G1606	1
G1562	G2664	1
G708	G2528	1
G2368	G2547	1
G40	G1473	1
G514	G890	1
G964	G2676	1
G112	G1313	1
G323	G1335	1
G794	G2162	1
G750	G755	1
G1116	G2843	1
G1418	G1747	1
G257	G1235	1
G809	G1014	1
G267	G774	1
G596	G1420	1
G1576	G2667	1
G6	G1092	1
G1335	G1850	1
G1806	G2865	1
G2180	G2784	1
G126	G960	1
G2009	G2810	1
G778	G2341	1
G902	G2241	1
G306	G527	1
G362	G2447	1
G2013	G2437	1
G882	G2583	1
G559	G681	1
G1997	G2274	1
G355	G2741	1
G1500	G2570	1
G1446	G1455	1
G335	G1783	1
G842	G1445	1
G2341	G2814	1
G402	G2972	1
G362	G1554	1
G107	G2667	1
G234	G1894	1
G596	G1007	1
G435	G1384	1
G715	G2063	1
G2544	G2789	1
G159	G215	1
G587	G1174	1
G907	G2263	1
G1140	G2252	1
G267	G2780	1
G1521	G1612	1
G1913	G2098	1
G514	G1841	1
G969	G2317	1
G1828	G2103	1
G634	G2144	1
G150	G1953	1
G2092	G2979	1
G1689	G2533	1
G940	G1861	1
G1742	G2584	1
G2543	G2808	1
G2180	G2769	1
G177	G1671	1
G514	G755	1
G198	G1894	1
G239	G1668	1
G628	G1207	1
G1403	G2887	1
G1525	G2232	1
G1136	G1703	1
G192	G2812	1
G596	G2597	1
G283	G773	1
G1316	G1335	1
G1564	G1591	1
G2283	G2924	1
G801	G964	1
G1687	G1797	1
G719	G899	1
G353	G660	1
G1120	G1603	1
G1083	G2798	1
G150	G2988	1
G332	G1671	1
G197	G1118	1
G554	G1726	1
G1513	G2430	1
G722	G2381	1
G80	G715	1
G2360	G2983	1
G734	G2721	1
G2118	G2648	1
G358	G1472	1
G715	G2776	1
G2769	G2988	1
G1857	G2412	1
G2049	G2188	1
G1116	G2983	1
G300	G722	1
G316	G1742	1
G794	G2462	1
G601	G2605	1
G444	G2724	1
G1012	G1214	1
G149	G1250	1
G150	G2523	1
G1827	G2789	1
G1118	G2628	1
G40	G139	1
G1332	G2713	1
G2240	G2820	1
G1288	G1323	1
G1635	G1833	1
G2721	G2838	1
G1564	G2622	1
G2711	G2774	1
G1228	G2776	1
G2044	G2991	1
G456	G1130	1
G497	G2961	1
G514	G1309	1
G1576	G2380	1
G691	G2138	1
G433	G2693	1
G435	G1554	1
G180	G1653	1
G853	G2682	1
G964	G2191	1
G368	G641	1
G667	G1911	1
G1007	G1564	1
G1540	G2642	1
G1023	G1763	1
G709	G1948	1
G2073	G2395	1
G86	G636	1
G1893	G1932	1
G1562	G1963	1
G1112	G2435	1
G2563	G2648	1
G1666	G2553	1
G1116	G1513	1
G335	G2924	1
G1116	G2849	1
G1441	G2553	1
G2478	G2591	1
G1083	G2175	1
G462	G2430	1
G1181	G1254	1
G1525	G2202	1
G514	G1455	1
G2425	G2881	1
G300	G574	1
G2443	G2972	1
G545	G1731	1
G755	G2814	1
G1083	G2283	1
G1336	G2493	1
G521	G1090	1
G807	G2687	1
G318	G973	1
G1982	G2312	1
G307	G1069	1
G2156	G2553	1
G863	G1711	1
G2341	G2547	1
G656	G1809	1
G922	G1801	1
G126	G1550	1
G758	G2823	1
G827	G1524	1
G157	G693	1
G1671	G2736	1
G1335	G2040	1
G497	G2983	1
G586	G1383	1
G298	G2786	1
G36	G2263	1
G2538	G2799	1
G1975	G2979	1
G924	G2380	1
G960	G1540	1
G141	G2951	1
G163	G2180	1
G1130	G2693	1
G600	G2435	1
G1332	G1452	1
G257	G2058	1
G226	G360	1
G2118	G2365	1
G882	G2514	1
G919	G2516	1
G80	G2971	1
G1093	G2257	1
G439	G2467	1
G1107	G2342	1
G1261	G2245	1
G1334	G2780	1
G1069	G2115	1
G1008	G2083	1
G1123	G1261	1
G778	G851	1
G1741	G2175	1
G1090	G1139	1
G141	G2162	1
G177	G1625	1
G1099	G1828	1
G1116	G1920	1
G424	G1576	1
G515	G2462	1
G629	G2557	1
G154	G1800	1
G1419	G1948	1
G1445	G1747	1
G216	G2118	1
G1366	G2166	1
G1383	G2380	1
G794	G2667	1
G300	G433	1
G728	G2569	1
G1142	G1542	1
G150	G2949	1
G1191	G1675	1
G1473	G2025	1
G1816	G2230	1
G931	G1863	1
G1269	G1393	1
G2440	G2467	1
G317	G1560	1
G1551	G1986	1
G694	G2025	1
G1268	G2999	1
G717	G776	1
G344	G2739	1
G880	G2258	1
G1422	G2972	1
G1496	G2435	1
G157	G835	1
G1083	G1806	1
G613	G1268	1
G275	G1513	1
G693	G2467	1
G1261	G2498	1
G899	G1320	1
G685	G2829	1
G122	G2599	1
G1010	G2758	1
G1914	G2681	1
G1742	G2012	1
G259	G2232	1
G596	G2721	1
G99	G1857	1
G1203	G1693	1
G1331	G1452	1
G581	G834	1
G514	G696	1
G2180	G2360	1
G1550	G1780	1
G2079	G2899	1
G2544	G2674	1
G400	G2908	1
G806	G1441	1
G1106	G2798	1
G1112	G1997	1
G2369	G2865	1
G126	G2769	1
G364	G1496	1
G11	G2068	1
G364	G2118	1
G1139	G2366	1
G1452	G2648	1
G1236	G1313	1
G1152	G1550	1
G662	G1473	1
G1916	G2843	1
G1397	G2822	1
G36	G889	1
G2570	G2834	1
G148	G2467	1
G1835	G2105	1
G755	G2547	1
G1244	G2719	1
G622	G1562	1
G830	G1028	1
G1124	G1492	1
G529	G1130	1
G1904	G2532	1
G1066	G2845	1
G2324	G2780	1
G332	G1445	1
G148	G475	1
G1903	G2419	1
G450	G845	1
G801	G2266	1
G577	G1328	1
G141	G2462	1
G40	G418	1
G600	G1997	1
G1439	G2856	1
G1005	G1693	1
G1152	G2563	1
G1607	G2776	1
G46	G2673	1
G1249	G2983	1
G596	G2591	1
G1867	G2426	1
G1317	G2855	1
G758	G1168	1
G2068	G2849	1
G2202	G2395	1
G385	G2208	1
G848	G2465	1
G1152	G2784	1
G1335	G1932	1
G1422	G2583	1
G2073	G2979	1
G1521	G2381	1
G163	G433	1
G2676	G2977	1
G694	G1172	1
G924	G2232	1
G1116	G1223	1
G85	G2734	1
G266	G2419	1
G824	G2496	1
G876	G890	1
G2572	G2968	1
G896	G1109	1
G1412	G1627	1
G252	G1806	1
G1948	G2713	1
G122	G1455	1
G1550	G2092	1
G1035	G2073	1
G433	G2263	1
G1496	G1997	1
G110	G2711	1
G574	G1576	1
G1335	G2724	1
G1622	G1932	1
G1016	G1915	1
G115	G1203	1
G506	G2462	1
G1792	G2258	1
G1953	G2026	1
G1513	G1863	1
G1329	G1335	1
G1329	G1551	1
G1224	G2057	1
G810	G1554	1
G2116	G2470	1
G963	G2838	1
G1138	G1833	1
G1329	G2664	1
G1806	G2693	1
G1027	G2425	1
G586	G1316	1
G1152	G2769	1
G1452	G2365	1
G327	G1359	1
G629	G1849	1
G646	G2457	1
G1405	G2541	1
G414	G1570	1
G577	G1058	1
G574	G2977	1
G1236	G2846	1
G514	G1099	1
G462	G2569	1
G1053	G1524	1
G115	G1554	1
G911	G2073	1
G2045	G2682	1
G477	G2168	1
G1719	G2591	1
G629	G876	1
G1074	G1440	1
G266	G2972	1
G1939	G2474	1
G809	G1133	1
G157	G1948	1
G1152	G1901	1
G1933	G2498	1
G1822	G2357	1
G332	G2020	1
G1382	G2443	1
G1065	G1985	1
G2049	G2170	1
G1741	G2180	1
G1152	G1997	1
G1058	G1671	1
G2529	G2872	1
G2949	G2977	1
G607	G980	1
G1489	G2113	1
G979	G1633	1
G1106	G1806	1
G1130	G2263	1
G127	G799	1
G1375	G1635	1
G963	G2369	1
G2522	G2724	1
G1742	G2108	1
G1971	G2977	1
G1010	G1152	1
G676	G2815	1
G940	G2141	1
G817	G876	1
G38	G2447	1
G1	G1801	1
G1916	G2849	1
G433	G2118	1
G1942	G2616	1
G107	G1422	1
G703	G1953	1
G1090	G1562	1
G1390	G2498	1
G182	G1716	1
G1551	G2063	1
G1455	G2780	1
G1918	G2848	1
G310	G2041	1
G107	G625	1
G148	G2425	1
G963	G1681	1
G1157	G1492	1
G1334	G2283	1
G963	G2738	1
G1719	G2676	1
G107	G462	1
G1337	G2535	1
G642	G2063	1
G307	G784	1
G380	G1953	1
G234	G1224	1
G1239	G2853	1
G612	G2317	1
G1935	G2049	1
G2191	G2447	1
G482	G1375	1
G36	G2188	1
G577	G2553	1
G402	G1445	1
G2327	G2544	1
G586	G2789	1
G2528	G2887	1
G354	G964	1
G629	G685	1
G890	G1564	1
G1138	G1394	1
G727	G1023	1
G1139	G2017	1
G703	G2988	1
G198	G1224	1
G1966	G2210	1
G773	G1827	1
G923	G1953	1
G181	G839	1
G1211	G1550	1
G1418	G2462	1
G809	G958	1
G2490	G2498	1
G1585	G2525	1
G794	G2232	1
G433	G1313	1
G789	G2919	1
G1130	G1496	1
G1918	G2568	1
G885	G1397	1
G596	G2191	1
G1130	G2118	1
G1264	G2497	1
G2671	G2999	1
G1521	G2462	1
G543	G846	1
G876	G1455	1
G2082	G2495	1
G1846	G2661	1
G256	G1562	1
G1424	G2876	1
G362	G1741	1
G1356	G2472	1
G393	G865	1
G1422	G2514	1
G923	G2988	1
G500	G2724	1
G187	G2721	1
G926	G2162	1
G153	G1747	1
G758	G2689	1
G904	G1209	1
G823	G960	1
G1543	G2535	1
G107	G801	1
G1550	G2977	1
G1836	G2689	1
G1329	G1963	1
G2591	G2784	1
G471	G1856	1
G911	G1007	1
G1646	G2774	1
G742	G1781	1
G752	G1157	1
G362	G2375	1
G177	G2435	1
G907	G1116	1
G2366	G2544	1
G1211	G2784	1
G2498	G2937	1
G141	G2380	1
G2380	G2790	1
G1327	G2235	1
G2012	G2584	1
G153	G2591	1
G924	G1332	1
G2405	G2977	1
G36	G2395	1
G1008	G1763	1
G1010	G2496	1
G1489	G2210	1
G911	G2597	1
G934	G1390	1
G799	G1135	1
G899	G1726	1
G1985	G2478	1
G2302	G2966	1
G2493	G2621	1
G828	G1236	1
G1580	G2806	1
G1895	G2305	1
G1508	G2247	1
G772	G2258	1
G1123	G1473	1
G2291	G2316	1
G444	G2275	1
G2591	G2769	1
G46	G2516	1
G331	G2426	1
G1719	G2191	1
G2557	G2798	1
G2046	G2773	1
G2118	G2121	1
G794	G1982	1
G213	G887	1
G163	G2465	1
G985	G2991	1
G868	G2793	1
G1483	G2697	1
G2568	G2991	1
G187	G2591	1
G153	G1010	1
G1333	G1580	1
G682	G1030	1
G444	G931	1
G454	G1320	1
G1211	G2859	1
G773	G890	1
G1475	G1560	1
G2206	G2462	1
G11	G899	1
G2156	G2540	1
G2447	G2869	1
G433	G2478	1
G2175	G2979	1
G1010	G1748	1
G2327	G2790	1
G892	G1957	1
G506	G2380	1
G413	G993	1
G1492	G1728	1
G1420	G1551	1
G2360	G2865	1
G36	G794	1
G122	G1387	1
G322	G1242	1
G714	G2083	1
G1379	G2765	1
G1211	G1901	1
G1806	G2263	1
G266	G1671	1
G827	G1681	1
G2381	G2465	1
G554	G2881	1
G1116	G2865	1
G2067	G2735	1
G2486	G2758	1
G842	G1828	1
G475	G2369	1
G187	G1010	1
G2266	G2341	1
G907	G2979	1
G1606	G2780	1
G402	G835	1
G907	G2618	1
G456	G1496	1
G660	G1912	1
G612	G808	1
G250	G2502	1
G187	G2676	1
G955	G2291	1
G1397	G1780	1
G475	G1681	1
G2369	G2693	1
G923	G963	1
G998	G2668	1
G1329	G1419	1
G475	G2738	1
G1220	G1785	1
G1168	G2581	1
G194	G693	1
G1551	G2545	1
G1403	G2621	1
G1334	G2180	1
G2305	G2309	1
G1849	G2881	1
G2191	G2620	1
G534	G2741	1
G306	G424	1
G656	G1492	1
G2523	G2865	1
G574	G2327	1
G2232	G2940	1
G1478	G1920	1
G758	G1596	1
G2676	G2988	1
G308	G2443	1
G1469	G1726	1
G1314	G2837	1
G1787	G2404	1
G1223	G2232	1
G1095	G2596	1
G18	G102	1
G2119	G2339	1
G955	G2735	1
G723	G1237	1
G1316	G2924	1
G868	G1772	1
G1455	G2175	1
G2366	G2790	1
G904	G2242	1
G1071	G1453	1
G1387	G2849	1
G1329	G1719	1
G193	G2004	1
G1455	G2283	1
G1758	G2876	1
G801	G1562	1
G823	G1550	1
G1398	G2188	1
G1971	G2327	1
G2419	G2736	1
G1806	G2118	1
G2597	G2682	1
G160	G2028	1
G722	G1469	1
G1382	G1576	1
G2348	G2469	1
G112	G1508	1
G824	G2944	1
G828	G2116	1
G1550	G2766	1
G586	G1083	1
G612	G1472	1
G1842	G2848	1
G141	G2232	1
G794	G1332	1
G275	G2865	1
G985	G1823	1
G1316	G1903	1
G1963	G2869	1
G574	G2988	1
G1783	G2780	1
G1500	G2430	1
G1985	G2395	1
G794	G801	1
G1679	G2401	1
G1313	G2116	1
G2118	G2447	1
G161	G393	1
G1390	G2937	1
G715	G2798	1
G1397	G2092	1
G514	G642	1
G1220	G1398	1
G563	G2544	1
G267	G1835	1
G132	G2347	1
G1933	G2803	1
G2041	G2086	1
G2583	G2798	1
G1488	G2846	1
G11	G827	1
G682	G722	1
G1106	G1335	1
G2949	G2988	1
G1040	G2999	1
G610	G1867	1
G934	G1696	1
G1134	G2936	1
G828	G2467	1
G656	G1157	1
G960	G2877	1
G1140	G2427	1
G2208	G2544	1
G715	G1106	1
G1087	G1606	1
G2323	G2560	1
G773	G1455	1
G1424	G1694	1
G891	G1424	1
G685	G2881	1
G2302	G2990	1
G629	G1719	1
G36	G2979	1
G1118	G2961	1
G1004	G1963	1
G2789	G2877	1
G506	G2232	1
G348	G1403	1
G459	G1990	1
G2421	G2991	1
G2026	G2642	1
G266	G1625	1
G1855	G1975	1
G444	G1397	1
G18	G2347	1
G1082	G2113	1
G1448	G2595	1
G490	G625	1
G444	G1870	1
G23	G2597	1
G475	G2440	1
G1604	G2822	1
G2569	G2977	1
G995	G2394	1
G1053	G2838	1
G2366	G2738	1
G1211	G1529	1
G1331	G2365	1
G823	G2769	1
G728	G1249	1
G1211	G2360	1
G456	G1591	1
G141	G1982	1
G794	G882	1
G1413	G1624	1
G2069	G2968	1
G1953	G2418	1
G475	G515	1
G207	G1337	1
G257	G380	1
G1223	G1422	1
G1251	G1904	1
G1027	G1700	1
G1269	G2892	1
G1204	G2235	1
G402	G1948	1
G2676	G2949	1
G133	G2025	1
G1157	G2573	1
G756	G1868	1
G1235	G2972	1
G592	G1143	1
G709	G1383	1
G610	G876	1
G371	G1580	1
G1627	G2525	1
G586	G2642	1
G897	G2490	1
G1963	G2798	1
G514	G1390	1
G161	G334	1
G141	G596	1
G1549	G2050	1
G758	G2214	1
G82	G676	1
G875	G2877	1
G122	G899	1
G691	G1331	1
G1561	G2662	1
G1612	G1912	1
G144	G1204	1
G848	G1827	1
G1099	G2810	1
G1027	G1075	1
G964	G2723	1
G266	G1445	1
G456	G2622	1
G1748	G2435	1
G2045	G2941	1
G477	G2040	1
G1005	G2917	1
G1361	G2239	1
G1035	G2570	1
G1099	G1316	1
G2503	G2902	1
G141	G462	1
G1193	G1573	1
G1053	G1681	1
G1433	G2528	1
G968	G1435	1
G1523	G1654	1
G506	G1982	1
G2258	G2369	1
G569	G1923	1
G1671	G2266	1
G570	G1749	1
G574	G2949	1
G159	G2873	1
G490	G927	1
G1948	G2648	1
G490	G1332	1
G924	G1850	1
G150	G1422	1
G1855	G2297	1
G1606	G2175	1
G1625	G2266	1
G1256	G2478	1
G2019	G2497	1
G157	G1090	1
G1332	G1912	1
G563	G2790	1
G177	G1828	1
G1606	G2283	1
G1932	G2274	1
G1673	G2312	1
G2266	G2838	1
G844	G2674	1
G1550	G2523	1
G1191	G1237	1
G2713	G2766	1
G1505	G1719	1
G2041	G2505	1
G335	G2650	1
G165	G1087	1
G506	G596	1
G1997	G2979	1
G2405	G2988	1
G828	G1704	1
G1997	G2618	1
G715	G1806	1
G2115	G2681	1
G758	G2058	1
G1445	G2208	1
G80	G2346	1
G1455	G2180	1
G2208	G2790	1
G1648	G2121	1
G2462	G2497	1
G1772	G2955	1
G1064	G1747	1
G525	G2070	1
G1238	G2525	1
G1835	G2730	1
G150	G1521	1
G194	G1143	1
G1112	G1383	1
G1264	G2557	1
G461	G2103	1
G642	G2835	1
G1006	G1601	1
G2405	G2523	1
G1382	G2766	1
G964	G1617	1
G2017	G2103	1
G1313	G1704	1
G1521	G2232	1
G2130	G2504	1
G1916	G2865	1
G1995	G2305	1
G325	G358	1
G1985	G2979	1
G2667	G2784	1
G1635	G2630	1
G1420	G1719	1
G693	G2825	1
G1327	G2295	1
G454	G1726	1
G1261	G1455	1
G461	G734	1
G964	G1564	1
G141	G1332	1
G126	G844	1
G2366	G2440	1
G663	G1828	1
G1543	G2547	1
G2738	G2983	1
G897	G1460	1
G2012	G2108	1
G1136	G1142	1
G1576	G2258	1
G554	G1112	1
G141	G801	1
G233	G2222	1
G1429	G2798	1
G1034	G1035	1
G148	G600	1
G1741	G2471	1
G993	G2979	1
G1455	G2138	1
G514	G1826	1
G1313	G2921	1
G2671	G2968	1
G1316	G2405	1
G213	G2332	1
G1090	G2603	1
G137	G1476	1
G1783	G2175	1
G2768	G2865	1
G275	G1372	1
G351	G1264	1
G1748	G1997	1
G1948	G2365	1
G1494	G2251	1
G563	G2257	1
G758	G1034	1
G364	G2366	1
G2667	G2859	1
G501	G1302	1
G11	G1152	1
G2208	G2369	1
G2	G2664	1
G613	G883	1
G784	G1837	1
G1418	G1982	1
G1877	G2157	1
G2563	G2620	1
G2738	G2849	1
G529	G1591	1
G2188	G2300	1
G174	G388	1
G374	G764	1
G506	G1332	1
G1000	G2902	1
G1261	G1610	1
G1429	G1630	1
G876	G899	1
G1741	G2103	1
G425	G1827	1
G331	G2467	1
G444	G1334	1
G1561	G2457	1
G1116	G2693	1
G11	G1382	1
G2206	G2232	1
G1550	G2949	1
G1424	G1558	1
G331	G475	1
G1382	G2327	1
G2121	G2274	1
G239	G466	1
G1500	G1863	1
G109	G1774	1
G1021	G2460	1
G1520	G1693	1
G1837	G2685	1
G907	G2017	1
G1423	G1656	1
G174	G1452	1
G24	G612	1
G141	G882	1
G885	G1112	1
G1398	G2170	1
G806	G2829	1
G1446	G2496	1
G1397	G1612	1
G1106	G1419	1
G1422	G1948	1
G1985	G2730	1
G1565	G2239	1
G267	G2942	1
G197	G2848	1
G853	G2557	1
G956	G2789	1
G1278	G1376	1
G835	G2822	1
G539	G1386	1
G1183	G1658	1
G926	G2232	1
G2069	G2302	1
G2405	G2949	1
G495	G2214	1
G1953	G2467	1
G964	G2214	1
G346	G1848	1
G309	G1738	1
G1617	G2467	1
G2523	G2693	1
G477	G2724	1
G366	G1441	1
G875	G960	1
G1523	G1978	1
G11	G715	1
G1677	G2776	1
G309	G1363	1
G1336	G2317	1
G2793	G2873	1
G889	G1953	1
G242	G617	1
G1118	G1473	1
G1027	G2972	1
G610	G924	1
G205	G1948	1
G445	G1099	1
G1332	G1985	1
G823	G2570	1
G1817	G2301	1
G438	G1161	1
G503	G1554	1
G907	G1916	1
G402	G1828	1
G1382	G2988	1
G1421	G2819	1
G2543	G2739	1
G1903	G2435	1
G1704	G2144	1
G835	G2257	1
G2103	G2724	1
G660	G1441	1
G1543	G2465	1
G497	G2693	1
G1901	G2496	1
G824	G1543	1
G303	G778	1
G152	G436	1
G889	G2988	1
G848	G1606	1
G1397	G2766	1
G258	G1591	1
G577	G2877	1
G1366	G1428	1
G1083	G1975	1
G197	G1966	1
G750	G2496	1
G1877	G1933	1
G1040	G1251	1
G275	G2693	1
G462	G1039	1
G1429	G1806	1
G901	G1161	1
G331	G2352	1
G64	G1933	1
G529	G2241	1
G1726	G2535	1
G2302	G2754	1
G1199	G2671	1
G596	G2689	1
G286	G1214	1
G266	G2435	1
G899	G2881	1
G930	G1092	1
G126	G630	1
G1112	G1316	1
G1371	G2268	1
G1328	G1496	1
G475	G1500	1
G1424	G2799	1
G2041	G2746	1
G960	G1550	1
G1051	G2125	1
G539	G2712	1
G755	G993	1
G1065	G1604	1
G2047	G2532	1
G1282	G2232	1
G1564	G2712	1
G2588	G2681	1
G1606	G2138	1
G586	G622	1
G433	G2366	1
G2263	G2924	1
G1449	G2923	1
G1953	G2352	1
G1551	G2798	1
G836	G2681	1
G1455	G1835	1
G1982	G2365	1
G1445	G2086	1
G1741	G1975	1
G691	G2405	1
G890	G2849	1
G514	G2496	1
G642	G2798	1
G1419	G2799	1
G684	G2760	1
G501	G1888	1
G1243	G1309	1
G2149	G2331	1
G960	G2563	1
G2049	G2320	1
G1243	G1606	1
G911	G1676	1
G1027	G2583	1
G157	G918	1
G600	G1316	1
G2056	G2510	1
G476	G902	1
G1075	G2005	1
G963	G1010	1
G1116	G2468	1
G1783	G2180	1
G425	G755	1
G810	G1965	1
G126	G405	1
G963	G2676	1
G1716	G1719	1
G919	G2484	1
G960	G2784	1
G2176	G2244	1
G192	G924	1
G1953	G2425	1
G876	G2758	1
G750	G781	1
G1040	G2968	1
G1383	G2849	1
G784	G2291	1
G40	G2188	1
G1068	G1606	1
G1551	G1630	1
G1390	G1610	1
G1223	G1850	1
G2594	G3004	1
G1671	G2274	1
G1403	G1806	1
G1112	G2789	1
G153	G2208	1
G1827	G1869	1
G758	G2736	1
G1130	G2366	1
G36	G1916	1
G1508	G2080	1
G1186	G2159	1
G1783	G1869	1
G258	G2241	1
G385	G2258	1
G889	G963	1
G1133	G2544	1
G715	G1335	1
G1867	G2166	1
G890	G1920	1
G353	G2073	1
G300	G1606	1
G1039	G1143	1
G755	G1455	1
G1890	G2697	1
G159	G2235	1
G642	G2175	1
G1334	G2103	1
G148	G2583	1
G1726	G1814	1
G625	G1920	1
G157	G456	1
G960	G2769	1
G851	G2467	1
G2222	G2827	1
G642	G2283	1
G540	G1399	1
G752	G2719	1
G1157	G2719	1
G960	G2859	1
G828	G2085	1
G187	G2208	1
G1605	G2742	1
G2468	G2570	1
G126	G2430	1
G1382	G1989	1
G774	G1767	1
G1550	G2667	1
G1835	G1916	1
G228	G1115	1
G1106	G1783	1
G1116	G2263	1
G1445	G1564	1
G50	G2804	1
G919	G2973	1
G600	G2789	1
G1923	G2115	1
G1375	G1984	1
G2789	G2859	1
G1489	G1739	1
G1383	G1920	1
G1989	G2522	1
G960	G1901	1
G1058	G2940	1
G2569	G2949	1
G875	G2784	1
G90	G1414	1
G480	G2763	1
G1398	G1508	1
G306	G2838	1
G809	G1591	1
G496	G1042	1
G842	G1316	1
G2724	G2784	1
G425	G1455	1
G674	G2296	1
G1309	G1968	1
G1109	G1499	1
G232	G2923	1
G1046	G1525	1
G1098	G2721	1
G527	G2026	1
G1328	G1591	1
G1700	G1806	1
G283	G1923	1
G444	G1112	1
G1139	G1433	1
G796	G2838	1
G1297	G1436	1
G1562	G2713	1
G1593	G2580	1
G1496	G2789	1
G2465	G2983	1
G1747	G2583	1
G366	G2206	1
G40	G2815	1
G1916	G2693	1
G475	G1747	1
G1923	G2564	1
G462	G964	1
G214	G1564	1
G924	G1288	1
G1551	G1806	1
G1758	G2799	1
G2425	G2497	1
G1010	G1543	1
G306	G2369	1
G1697	G1934	1
G698	G2771	1
G1505	G2443	1
G1264	G1963	1
G1143	G1329	1
G879	G1855	1
G1577	G2933	1
G1849	G2682	1
G642	G1806	1
G1332	G1441	1
G1381	G2758	1
G497	G2263	1
G2724	G2769	1
G1116	G1496	1
G1003	G1639	1
G1116	G2118	1
G1412	G2981	1
G985	G2538	1
G1919	G2079	1
G794	G2303	1
G875	G1901	1
G1606	G1835	1
G462	G2814	1
G1027	G2514	1
G851	G2352	1
G1008	G1816	1
G426	G2457	1
G1445	G2214	1
G163	G1606	1
G153	G331	1
G180	G1371	1
G923	G1521	1
G1186	G2828	1
G827	G1010	1
G693	G2514	1
G444	G554	1
G902	G2377	1
G1006	G1268	1
G1133	G2790	1
G1152	G2430	1
G1203	G1230	1
G901	G2433	1
G281	G1265	1
G890	G1223	1
G545	G994	1
G907	G1893	1
G194	G1090	1
G1008	G2568	1
G1010	G1671	1
G2365	G2564	1
G625	G1223	1
G663	G1383	1
G1397	G2951	1
G610	G1365	1
G1774	G2557	1
G475	G1010	1
G1461	G2593	1
G1143	G2941	1
G1375	G1881	1
G2266	G2597	1
G1591	G1867	1
G634	G1237	1
G2723	G2790	1
G336	G2994	1
G1757	G1979	1
G516	G2873	1
G475	G2676	1
G1446	G2944	1
G1316	G2713	1
G1406	G2877	1
G1107	G1333	1
G353	G2597	1
G161	G1627	1
G676	G2320	1
G1397	G2162	1
G323	G1452	1
G876	G1382	1
G789	G1261	1
G2073	G2828	1
G1251	G2980	1
G1828	G2467	1
G1106	G1903	1
G558	G1932	1
G148	G2514	1
G1806	G2366	1
G1951	G2689	1
G2380	G2766	1
G907	G1328	1
G2812	G2838	1
G278	G1231	1
G440	G1939	1
G596	G2214	1
G2406	G2881	1
G334	G2999	1
G391	G1284	1
G245	G2435	1
G685	G2682	1
G2772	G2902	1
G426	G630	1
G1867	G2825	1
G385	G1446	1
G703	G2121	1
G1429	G1551	1
G392	G478	1
G1455	G2471	1
G1783	G1835	1
G448	G1222	1
G2068	G2263	1
G865	G1864	1
G2017	G2405	1
G2689	G2814	1
G36	G660	1
G703	G824	1
G1112	G2674	1
G425	G2068	1
G497	G889	1
G1780	G2814	1
G960	G2360	1
G773	G2758	1
G2435	G2622	1
G656	G2719	1
G1670	G1738	1
G266	G1828	1
G1083	G2405	1
G2838	G2924	1
G1845	G2552	1
G463	G1124	1
G275	G889	1
G1973	G2342	1
G1566	G2232	1
G1130	G1916	1
G196	G1749	1
G750	G2944	1
G2302	G2532	1
G2351	G2924	1
G563	G1500	1
G1032	G1535	1
G1992	G2848	1
G1218	G2405	1
G266	G2940	1
G2738	G2865	1
G1316	G1452	1
G315	G2620	1
G923	G2121	1
G199	G2733	1
G1455	G2103	1
G2119	G2493	1
G2360	G2478	1
G1864	G2999	1
G157	G2063	1
G438	G2779	1
G1822	G1856	1
G1086	G2541	1
G629	G1576	1
G360	G2671	1
G515	G1446	1
G340	G1053	1
G1695	G1846	1
G2274	G2814	1
G600	G1083	1
G408	G1320	1
G2662	G2681	1
G461	G1606	1
G715	G1419	1
G1216	G2510	1
G1681	G2544	1
G1397	G2462	1
G402	G1383	1
G192	G2160	1
G405	G1923	1
G1793	G1816	1
G476	G2989	1
G302	G2342	1
G278	G421	1
G283	G2544	1
G834	G2469	1
G674	G1112	1
G141	G2354	1
G1723	G2425	1
G367	G579	1
G490	G1932	1
G1610	G2498	1
G2421	G2538	1
G865	G1771	1
G897	G2921	1
G1441	G2570	1
G2815	G2946	1
G965	G1141	1
G629	G2977	1
G1010	G1625	1
G40	G2170	1
G370	G2719	1
G1159	G2497	1
G2282	G2569	1
G1793	G2568	1
G2486	G2972	1
G438	G1857	1
G1591	G2686	1
G1550	G2232	1
G2025	G2490	1
G1518	G2485	1
G157	G514	1
G1992	G2568	1
G23	G1264	1
G1612	G2206	1
G781	G1331	1
G80	G2769	1
G1230	G1962	1
G586	G2180	1
G1236	G2300	1
G663	G1986	1
G1223	G1932	1
G107	G2355	1
G1916	G2263	1
G2397	G2572	1
G1261	G2994	1
G1455	G2351	1
G1418	G2843	1
G1828	G2425	1
G31	G135	1
G159	G1589	1
G426	G2689	1
G907	G2553	1
G964	G2983	1
G1332	G2206	1
G569	G1598	1
G947	G2217	1
G444	G773	1
G875	G2570	1
G354	G1455	1
G696	G2591	1
G391	G828	1
G2230	G2686	1
G275	G2478	1
G826	G2899	1
G962	G2784	1
G1010	G1445	1
G704	G2565	1
G2232	G2504	1
G2013	G2955	1
G306	G691	1
G1873	G2754	1
G826	G2250	1
G159	G2295	1
G1288	G2467	1
G182	G747	1
G600	G2642	1
G177	G2789	1
G2092	G2877	1
G1855	G2650	1
G1919	G2551	1
G317	G846	1
G696	G1010	1
G194	G340	1
G1783	G2368	1
G923	G2447	1
G335	G1912	1
G2103	G2406	1
G148	G1515	1
G1397	G2667	1
G1485	G1543	1
G348	G609	1
G462	G2465	1
G521	G1806	1
G2343	G2832	1
G1621	G2901	1
G262	G1724	1
G146	G766	1
G589	G1864	1
G281	G955	1
G1338	G1924	1
G629	G758	1
G890	G2865	1
G1681	G2790	1
G1106	G2405	1
G2266	G2591	1
G64	G1236	1
G889	G2365	1
G46	G2973	1
G517	G1621	1
G2380	G2381	1
G283	G2790	1
G267	G1606	1
G1920	G2689	1
G2439	G2727	1
G1726	G2465	1
G355	G2873	1
G506	G1014	1
G2919	G2921	1
G1441	G2441	1
G109	G1439	1
G801	G899	1
G1606	G2103	1
G835	G2977	1
G148	G693	1
G563	G1612	1
G1600	G1871	1
G2467	G2682	1
G2496	G2789	1
G514	G2419	1
G574	G2121	1
G622	G1382	1
G149	G2080	1
G1231	G2041	1
G1190	G1478	1
G36	G362	1
G697	G2402	1
G2121	G2395	1
G1403	G2119	1
G1207	G1573	1
G1852	G2773	1
G1659	G2814	1
G578	G1376	1
G1006	G2671	1
G2103	G2870	1
G2010	G2208	1
G1058	G1383	1
G902	G2790	1
G744	G1139	1
G2312	G2597	1
G433	G1893	1
G2380	G2951	1
G2547	G2814	1
G107	G958	1
G751	G2115	1
G708	G1042	1
G2404	G2955	1
G1024	G1088	1
G1604	G2327	1
G199	G955	1
G2273	G2741	1
G431	G2225	1
G231	G2583	1
G1066	G2516	1
G2327	G2381	1
G1237	G2083	1
G1554	G1979	1
G2019	G2239	1
G2483	G2627	1
G1452	G1726	1
G2642	G2758	1
G374	G1867	1
G715	G1783	1
G1249	G2478	1
G534	G2734	1
G2133	G2494	1
G1933	G2994	1
G500	G1112	1
G924	G958	1
G315	G1320	1
G101	G630	1
G554	G2941	1
G880	G1591	1
G148	G835	1
G482	G2551	1
G563	G2766	1
G1201	G2991	1
G1228	G1783	1
G1397	G2380	1
G1334	G1884	1
G2208	G2676	1
G2291	G2429	1
G1589	G1787	1
G1827	G2103	1
G283	G2257	1
G414	G447	1
G1919	G2273	1
G663	G2063	1
G245	G1828	1
G1013	G2497	1
G1932	G2979	1
G1992	G2350	1
G767	G2975	1
G36	G709	1
G1855	G2418	1
G828	G1758	1
G303	G902	1
G882	G2063	1
G1446	G1543	1
G1446	G2346	1
G524	G2825	1
G845	G1199	1
G1093	G2232	1
G40	G1508	1
G1398	G2320	1
G1914	G1968	1
G2058	G2570	1
G2385	G2921	1
G784	G1914	1
G1418	G1446	1
G77	G2953	1
G1645	G2814	1
G132	G2880	1
G899	G2682	1
G2478	G2983	1
G2274	G2465	1
G315	G1741	1
G1774	G1963	1
G2086	G2814	1
G714	G2568	1
G680	G885	1
G2366	G2381	1
G963	G2208	1
G267	G696	1
G714	G1966	1
G374	G876	1
G1401	G2988	1
G1822	G2431	1
G629	G2327	1
G596	G2736	1
G1191	G2049	1
G1090	G1152	1
G2098	G2958	1
G902	G2738	1
G302	G426	1
G867	G2999	1
G180	G193	1
G405	G2860	1
G126	G2522	1
G723	G2686	1
G1171	G2837	1
G1714	G2316	1
G1927	G2679	1
G576	G1827	1
G2490	G2994	1
G716	G1611	1
G897	G2270	1
G1704	G2296	1
G241	G1127	1
G1130	G1328	1
G2044	G2961	1
G1610	G2937	1
G801	G827	1
G1398	G2300	1
G207	G2597	1
G125	G1621	1
G923	G2620	1
G18	G2880	1
G1446	G1671	1
G371	G2528	1
G2380	G2462	1
G1562	G2648	1
G1138	G1161	1
G1042	G2535	1
G1659	G2547	1
G1406	G2784	1
G2395	G2822	1
G433	G1058	1
G443	G444	1
G2465	G2865	1
G1997	G2553	1
G926	G2354	1
G408	G1726	1
G613	G770	1
G1533	G2872	1
G353	G366	1
G600	G774	1
G689	G862	1
G577	G2570	1
G835	G2766	1
G715	G2924	1
G1543	G1606	1
G1970	G2147	1
G177	G2674	1
G1994	G2946	1
G715	G2297	1
G629	G2988	1
G1867	G2514	1
G856	G1537	1
G414	G1140	1
G1027	G1948	1
G2766	G2882	1
G374	G685	1
G985	G2452	1
G2263	G2713	1
G1957	G2983	1
G1010	G2435	1
G126	G907	1
G405	G2790	1
G2105	G2825	1
G1382	G1422	1
G828	G917	1
G433	G796	1
G2859	G2877	1
G693	G1143	1
G1201	G1823	1
G144	G2013	1
G629	G2523	1
G2327	G2462	1
G482	G2273	1
G2467	G2812	1
G2258	G2381	1
G2293	G2779	1
G715	G1903	1
G2937	G2991	1
G1625	G2395	1
G794	G958	1
G1725	G2911	1
G2121	G2979	1
G2523	G2979	1
G266	G1383	1
G656	G2868	1
G52	G2692	1
G1681	G2440	1
G1664	G2516	1
G554	G823	1
G2535	G2814	1
G868	G2293	1
G586	G1027	1
G708	G2041	1
G1289	G2140	1
G2295	G2741	1
G828	G2072	1
G503	G2115	1
G1564	G2838	1
G918	G2522	1
G1223	G2355	1
G610	G1576	1
G2063	G2988	1
G2073	G2877	1
G1261	G2385	1
G272	G2894	1
G148	G1948	1
G1748	G2789	1
G398	G2063	1
G660	G1143	1
G1606	G2297	1
G77	G286	1
G2682	G2780	1
G1007	G2263	1
G283	G515	1
G1068	G1746	1
G1500	G2814	1
G1692	G2547	1
G2368	G2496	1
G1562	G2365	1
G1429	G1783	1
G558	G931	1
G1924	G2344	1
G1445	G2849	1
G851	G2825	1
G799	G2339	1
G1963	G2924	1
G835	G2327	1
G2047	G2808	1
G565	G2363	1
G1591	G2822	1
G1133	G1500	1
G323	G2365	1
G2283	G2447	1
G586	G2465	1
G1112	G1836	1
G514	G1671	1
G2366	G2462	1
G1402	G2619	1
G1554	G1687	1
G1858	G1963	1
G560	G2841	1
G1008	G1706	1
G1196	G2177	1
G2072	G2799	1
G918	G1053	1
G425	G2758	1
G1397	G1469	1
G1870	G2798	1
G2089	G2559	1
G1320	G2812	1
G2138	G2435	1
G1564	G1681	1
G474	G955	1
G1420	G1953	1
G1446	G1625	1
G229	G501	1
G1953	G2583	1
G563	G2381	1
G2462	G2822	1
G92	G2056	1
G899	G2812	1
G2581	G2597	1
G2597	G2963	1
G1747	G1948	1
G368	G1842	1
G235	G1887	1
G1419	G2798	1
G709	G2283	1
G1489	G1651	1
G600	G1836	1
G2432	G2881	1
G2327	G2667	1
G2208	G2381	1
G755	G2768	1
G1007	G2118	1
G776	G1096	1
G510	G2890	1
G826	G1327	1
G719	G1901	1
G2232	G2780	1
G828	G1489	1
G2706	G2892	1
G85	G482	1
G445	G1393	1
G729	G1651	1
G1143	G1849	1
G993	G2828	1
G2312	G2570	1
G563	G2951	1
G231	G521	1
G810	G2887	1
G574	G2620	1
G2092	G2563	1
G1848	G2497	1
G1229	G1693	1
G1282	G2724	1
G374	G924	1
G127	G860	1
G364	G2341	1
G989	G1942	1
G1116	G2366	1
G2496	G2642	1
G1014	G2191	1
G1345	G1431	1
G1719	G2983	1
G410	G2049	1
G770	G1627	1
G781	G2061	1
G685	G823	1
G490	G931	1
G868	G1919	1
G2535	G2547	1
G563	G2162	1
G889	G2121	1
G1397	G1422	1
G963	G2723	1
G2092	G2784	1
G963	G2628	1
G2	G2977	1
G801	G1152	1
G122	G923	1
G1550	G1850	1
G423	G2263	1
G856	G1436	1
G80	G207	1
G2426	G2514	1
G2210	G2921	1
G525	G1992	1
G354	G2387	1
G1419	G2175	1
G525	G694	1
G315	G1726	1
G306	G1010	1
G823	G1863	1
G354	G899	1
G2118	G2881	1
G662	G1508	1
G801	G1382	1
G923	G1320	1
G239	G2993	1
G911	G1034	1
G1138	G2433	1
G1112	G2882	1
G268	G1508	1
G529	G2432	1
G569	G2766	1
G1671	G2979	1
G2320	G2815	1
G1026	G2098	1
G161	G1199	1
G1625	G2979	1
G1429	G1903	1
G1040	G1417	1
G516	G1589	1
G2092	G2769	1
G2155	G2875	1
G443	G899	1
G755	G1152	1
G1422	G2063	1
G1726	G2970	1
G122	G1543	1
G122	G2346	1
G1855	G2352	1
G360	G1026	1
G107	G1334	1
G2035	G2073	1
G272	G2958	1
G266	G1316	1
G964	G2865	1
G2341	G2496	1
G846	G1136	1
G1728	G1934	1
G413	G2828	1
G1223	G2406	1
G497	G2366	1
G514	G1625	1
G2316	G2429	1
G715	G2405	1
G610	G2766	1
G586	G2103	1
G1390	G2385	1
G600	G2882	1
G1700	G1783	1
G2563	G2881	1
G1118	G1313	1
G516	G2295	1
G1027	G2940	1
G1658	G2155	1
G2570	G2895	1
G433	G2165	1
G923	G1741	1
G1052	G2743	1
G405	G515	1
G750	G967	1
G1551	G1783	1
G122	G2892	1
G205	G2063	1
G963	G1564	1
G462	G1827	1
G1406	G2570	1
G353	G1264	1
G1741	G2418	1
G454	G2682	1
G923	G1855	1
G924	G1334	1
G207	G2570	1
G835	G2949	1
G268	G391	1
G1573	G1894	1
G1681	G2092	1
G1112	G2535	1
G2283	G2620	1
G563	G2462	1
G828	G2560	1
G1227	G1443	1
G425	G1152	1
G281	G860	1
G470	G1864	1
G1903	G2789	1
G2540	G2631	1
G316	G1881	1
G1133	G1612	1
G1419	G1806	1
G122	G1671	1
G867	G1251	1
G1320	G1329	1
G36	G2540	1
G374	G1719	1
G1953	G2514	1
G828	G2946	1
G934	G1793	1
G1106	G1452	1
G1111	G2375	1
G525	G2810	1
G1316	G1912	1
G454	G739	1
G36	G577	1
G1758	G2025	1
G2175	G2877	1
G1332	G2564	1
G1630	G2564	1
G514	G1445	1
G1142	G1878	1
G1313	G2946	1
G332	G2835	1
G606	G1043	1
G715	G2312	1
G1606	G2405	1
G1063	G2474	1
G680	G1007	1
G266	G2789	1
G600	G2535	1
G141	G1130	1
G985	G1261	1
G2405	G2620	1
G1058	G2504	1
G2162	G2435	1
G157	G2798	1
G153	G2983	1
G1010	G1828	1
G433	G2341	1
G349	G358	1
G1577	G2341	1
G625	G2468	1
G1228	G2312	1
G199	G860	1
G1500	G2244	1
G391	G1793	1
G960	G2430	1
G2170	G2991	1
G2972	G2983	1
G2465	G2693	1
G321	G494	1
G600	G1030	1
G619	G2764	1
G157	G1106	1
G610	G2327	1
G306	G2191	1
G1525	G1591	1
G1314	G1792	1
G197	G420	1
G2180	G2814	1
G911	G1053	1
G2025	G2921	1
G2676	G2724	1
G2068	G2366	1
G1329	G2648	1
G1485	G2784	1
G2344	G2856	1
G897	G1220	1
G563	G806	1
G993	G2045	1
G1010	G2681	1
G213	G965	1
G470	G1771	1
G1716	G1953	1
G755	G2496	1
G1375	G2412	1
G1828	G2972	1
G2354	G2467	1
G283	G1500	1
G11	G960	1
G1143	G1963	1
G153	G1513	1
G1916	G2730	1
G564	G612	1
G835	G1218	1
G1747	G1828	1
G891	G1236	1
G281	G810	1
G84	G1628	1
G426	G2317	1
G410	G685	1
G758	G2274	1
G137	G915	1
G477	G1112	1
G1551	G2924	1
G462	G890	1
G377	G2390	1
G1112	G1673	1
G959	G2585	1
G1747	G2940	1
G2457	G2638	1
G1525	G2622	1
G157	G2175	1
G1452	G2881	1
G890	G2263	1
G2553	G2812	1
G1139	G2721	1
G723	G2083	1
G1428	G1702	1
G563	G2667	1
G267	G642	1
G574	G2724	1
G851	G2041	1
G40	G2320	1
G1963	G2312	1
G187	G1513	1
G1764	G2671	1
G700	G876	1
G1112	G2180	1
G140	G756	1
G529	G1917	1
G1830	G1852	1
G2105	G2514	1
G257	G2945	1
G364	G2838	1
G2241	G2924	1
G676	G1785	1
G773	G2419	1
G177	G622	1
G851	G2206	1
G663	G2780	1
G1551	G1903	1
G2270	G2946	1
G693	G1723	1
G1518	G2402	1
G226	G2525	1
G1591	G1780	1
G1894	G2255	1
G1723	G2583	1
G1003	G2924	1
G868	G2437	1
G1492	G2671	1
G199	G810	1
G1313	G2276	1
G560	G2354	1
G844	G2103	1
G1099	G1424	1
G2478	G2865	1
G150	G1397	1
G876	G1671	1
G307	G2316	1
G827	G1564	1
G604	G1077	1
G1066	G1891	1
G1446	G2435	1
G462	G755	1
G475	G1617	1
G2138	G2940	1
G2381	G2425	1
G1230	G1979	1
G335	G2206	1
G1218	G2467	1
G1562	G2121	1
G829	G1957	1
G413	G2045	1
G600	G2180	1
G693	G1090	1
G1570	G2685	1
G1606	G2428	1
G1329	G2365	1
G1916	G2366	1
G1409	G1922	1
G1039	G2682	1
G1008	G1220	1
G1204	G1635	1
G1912	G2736	1
G1058	G2642	1
G1816	G1966	1
G958	G2557	1
G360	G450	1
G890	G2118	1
G2073	G2784	1
G1828	G2583	1
G148	G1723	1
G364	G885	1
G157	G1806	1
G89	G496	1
G1098	G1564	1
G569	G2951	1
G2092	G2570	1
G438	G2142	1
G924	G1098	1
G600	G722	1
G2041	G2901	1
G355	G1589	1
G157	G266	1
G931	G2068	1
G2404	G2584	1
G192	G1953	1
G554	G1849	1
G2300	G2846	1
G215	G1742	1
G1741	G2467	1
G1388	G2940	1
G1558	G1933	1
G1123	G1508	1
G2119	G2317	1
G835	G2667	1
G353	G405	1
G1210	G2263	1
G1309	G2970	1
G331	G693	1
G2263	G2648	1
G1901	G2435	1
G1903	G2674	1
G148	G1090	1
G275	G1916	1
G2465	G2468	1
G866	G2991	1
G694	G2116	1
G563	G2380	1
G589	G2174	1
G1857	G2235	1
G2132	G2499	1
G2342	G2457	1
G231	G1948	1
G2073	G2769	1
G1550	G1932	1
G2057	G2089	1
G823	G907	1
G2425	G2822	1
G355	G2295	1
G456	G2341	1
G736	G1237	1
G2073	G2859	1
G192	G2988	1
G126	G964	1
G194	G1329	1
G1524	G1963	1
G2505	G2973	1
G923	G1726	1
G245	G1316	1
G1515	G1923	1
G806	G2812	1
G1446	G2859	1
G1309	G1561	1
G1515	G1524	1
G610	G2949	1
G797	G2972	1
G462	G1455	1
G1076	G2951	1
G36	G563	1
G402	G2780	1
G192	G2523	1
G104	G307	1
G951	G1203	1
G374	G610	1
G266	G1083	1
G842	G2180	1
G11	G2563	1
G1455	G2426	1
G461	G2425	1
G85	G2899	1
G529	G1524	1
G126	G2814	1
G2405	G2724	1
G501	G1018	1
G1029	G1592	1
G283	G1612	1
G539	G2407	1
G1576	G1591	1
G153	G1223	1
G514	G2435	1
G554	G685	1
G405	G1500	1
G2570	G2686	1
G2365	G2682	1
G187	G354	1
G85	G2250	1
G1966	G2230	1
G1133	G2381	1
G1806	G2341	1
G529	G2377	1
G1997	G2877	1
G958	G1867	1
G2063	G2365	1
G569	G1710	1
G876	G1625	1
G1223	G1334	1
G354	G1382	1
G1849	G2664	1
G1739	G1823	1
G931	G1387	1
G1191	G2083	1
G562	G1561	1
G634	G897	1
G818	G1711	1
G1901	G2859	1
G1741	G2352	1
G1723	G2514	1
G1589	G2741	1
G1706	G2230	1
G2263	G2365	1
G710	G1554	1
G859	G1437	1
G1508	G2009	1
G964	G2693	1
G2085	G2144	1
G245	G2789	1
G1639	G2642	1
G492	G2695	1
G1246	G2830	1
G2721	G2983	1
G1901	G1997	1
G2188	G2570	1
G2180	G2465	1
G237	G1044	1
G362	G2497	1
G11	G2769	1
G634	G2686	1
G685	G1849	1
G810	G1848	1
G1433	G1554	1
G1500	G1562	1
G2144	G2560	1
G1264	G1953	1
G801	G1540	1
G773	G1543	1
G956	G2465	1
G354	G715	1
G1441	G1863	1
G2769	G2881	1
G1741	G2425	1
G1415	G2528	1
G2447	G2713	1
G1828	G2514	1
G1551	G2405	1
G1675	G1933	1
G729	G1488	1
G1916	G2017	1
G150	G1334	1
G2743	G2953	1
G1112	G1835	1
G11	G1901	1
G1855	G1985	1
G642	G2405	1
G2162	G2940	1
G762	G2122	1
G2496	G2882	1
G858	G2080	1
G437	G2418	1
G882	G2175	1
G1383	G1591	1
G1411	G2316	1
G1168	G2667	1
G1859	G2241	1
G207	G1264	1
G563	G2232	1
G1655	G2491	1
G696	G1418	1
G36	G960	1
G472	G1541	1
G1152	G2814	1
G174	G1320	1
G1934	G2098	1
G625	G2622	1
G2375	G2606	1
G773	G1671	1
G1135	G1384	1
G334	G2969	1
G1229	G2917	1
G1719	G2865	1
G744	G2068	1
G1420	G2365	1
G1622	G1645	1
G400	G2063	1
G1316	G1554	1
G1591	G2977	1
G696	G1564	1
G268	G2320	1
G413	G1186	1
G433	G1310	1
G370	G997	1
G685	G2664	1
G24	G2505	1
G2175	G2563	1
G1700	G2312	1
G2014	G2834	1
G989	G2319	1
G267	G2425	1
G456	G851	1
G1419	G1429	1
G1551	G2312	1
G481	G1344	1
G806	G1329	1
G1382	G1932	1
G445	G2892	1
G1106	G2648	1
G755	G2944	1
G2892	G2937	1
G2073	G2360	1
G1334	G2467	1
G2812	G2823	1
G358	G1801	1
G1316	G1441	1
G275	G660	1
G2175	G2784	1
G433	G563	1
G168	G546	1
G2496	G2535	1
G2462	G2977	1
G364	G2073	1
G1697	G2398	1
G2419	G2979	1
G1554	G1757	1
G923	G2834	1
G1806	G2907	1
G1382	G2724	1
G1554	G1968	1
G2799	G2822	1
G40	G723	1
G1835	G2073	1
G337	G965	1
G1133	G2462	1
G1606	G2426	1
G1864	G2969	1
G1010	G1383	1
G126	G1683	1
G331	G1143	1
G1116	G1328	1
G715	G1452	1
G1671	G1897	1
G1946	G2547	1
G6	G420	1
G882	G1806	1
G421	G2485	1
G1268	G2837	1
G826	G1138	1
G1554	G2389	1
G758	G889	1
G889	G1320	1
G574	G956	1
G486	G2793	1
G197	G2210	1
G1963	G2713	1
G629	G1422	1
G231	G1828	1
G64	G714	1
G630	G2312	1
G456	G2838	1
G1099	G2009	1
G405	G1612	1
G215	G868	1
G497	G1893	1
G2175	G2769	1
G423	G2979	1
G2073	G2570	1
G1135	G1554	1
G835	G2232	1
G1087	G2514	1
G2137	G2365	1
G2365	G2812	1
G231	G2940	1
G1246	G1482	1
G402	G2175	1
G300	G600	1
G1562	G2620	1
G462	G1099	1
G144	G1833	1
G563	G596	1
G524	G2344	1
G107	G773	1
G629	G1521	1
G816	G1008	1
G1412	G2671	1
G1901	G2360	1
G1683	G2497	1
G266	G275	1
G2229	G2799	1
G177	G2180	1
G828	G1994	1
G755	G1566	1
G1112	G2465	1
G456	G2369	1
G889	G1741	1
G194	G1106	1
G1256	G1946	1
G2730	G2789	1
G1141	G2449	1
G194	G2137	1
G1106	G2365	1
G587	G609	1
G2622	G2849	1
G1515	G2860	1
G794	G2622	1
G64	G828	1
G586	G1606	1
G253	G360	1
G2224	G2836	1
G828	G2876	1
G11	G1529	1
G456	G1681	1
G594	G2436	1
G1027	G1986	1
G703	G1397	1
G303	G1659	1
G456	G2738	1
G325	G1956	1
G1261	G2892	1
G770	G1199	1
G1039	G1329	1
G773	G1625	1
G153	G2865	1
G569	G2380	1
G964	G2263	1
G1206	G2318	1
G194	G1630	1
G2098	G2719	1
G1229	G1321	1
G709	G2471	1
G80	G1064	1
G141	G1098	1
G600	G2465	1
G148	G456	1
G60	G213	1
G1863	G2822	1
G531	G2255	1
G1681	G2381	1
G1451	G2032	1
G355	G482	1
G1919	G2793	1
G644	G2582	1
G168	G1570	1
G1666	G1957	1
G1591	G2766	1
G1133	G2667	1
G364	G1007	1
G426	G2429	1
G1018	G2140	1
G1142	G1433	1
G1334	G2425	1
G923	G1397	1
G2591	G2814	1
G187	G2865	1
G901	G2079	1
G1550	G2355	1
G1044	G1956	1
G2273	G2734	1
G334	G1417	1
G806	G2869	1
G325	G2606	1
G923	G1870	1
G993	G1065	1
G1903	G2780	1
G1515	G2790	1
G758	G2478	1
G1720	G2105	1
G11	G529	1
G963	G2983	1
G563	G1332	1
G709	G2103	1
G148	G1986	1
G2418	G2865	1
G436	G1460	1
G1397	G1932	1
G99	G1799	1
G515	G1591	1
G1433	G2041	1
G735	G2060	1
G1577	G2073	1
G514	G1828	1
G2462	G2766	1
G1314	G2754	1
G1076	G1438	1
G897	G2144	1
G2681	G2760	1
G1042	G2372	1
G835	G1422	1
G144	G516	1
G773	G1445	1
G1340	G2982	1
G139	G2188	1
G2471	G2979	1
G1907	G2115	1
G1795	G2920	1
G1445	G2693	1
G514	G2940	1
G587	G1107	1
G226	G613	1
G82	G2080	1
G1681	G2162	1
G616	G1328	1
G810	G1141	1
G266	G2780	1
G276	G1141	1
G1671	G1893	1
G149	G2498	1
G722	G1591	1
G283	G2162	1
G601	G2416	1
G1607	G2650	1
G1034	G1719	1
G963	G1513	1
G49	G2312	1
G150	G1112	1
G708	G2606	1
G596	G2274	1
G1750	G2917	1
G2426	G2940	1
G1682	G1936	1
G733	G1053	1
G529	G2838	1
G629	G904	1
G471	G2879	1
G1090	G2877	1
G842	G2465	1
G1130	G2073	1
G202	G2780	1
G1152	G2465	1
G1429	G1452	1
G1010	G1316	1
G1118	G1508	1
G1848	G2783	1
G1591	G2327	1
G1455	G2467	1
G194	G266	1
G1320	G1849	1
G521	G2405	1
G36	G1901	1
G1106	G1912	1
G1948	G2881	1
G1237	G1816	1
G1596	G2676	1
G1524	G2924	1
G563	G882	1
G303	G335	1
G1112	G2103	1
G1316	G2206	1
G2063	G2121	1
G899	G1849	1
G148	G283	1
G2175	G2360	1
G497	G2553	1
G1218	G1985	1
G554	G2822	1
G271	G758	1
G482	G2793	1
G1237	G2568	1
G1329	G2447	1
G897	G2276	1
G374	G1576	1
G1422	G2175	1
G413	G797	1
G402	G2180	1
G1161	G2433	1
G113	G1577	1
G141	G1591	1
G801	G923	1
G1694	G2490	1
G1543	G2496	1
G433	G1877	1
G911	G1971	1
G1328	G2341	1
G1377	G2329	1
G2919	G2946	1
G1168	G1469	1
G1997	G2784	1
G174	G1726	1
G1120	G2968	1
G2441	G2784	1
G1372	G2882	1
G1235	G2545	1
G1524	G1903	1
G1783	G2418	1
G139	G2815	1
G529	G1681	1
G529	G2738	1
G958	G1719	1
G1008	G2144	1
G163	G2419	1
G1251	G2532	1
G374	G2977	1
G1681	G2462	1
G824	G2504	1
G1320	G1551	1
G694	G2085	1
G674	G789	1
G546	G2887	1
G758	G2395	1
G15	G2592	1
G1452	G2682	1
G283	G2462	1
G205	G2283	1
G141	G2622	1
G1320	G2664	1
G1027	G2063	1
G723	G2044	1
G1441	G2736	1
G997	G1445	1
G1591	G2523	1
G1010	G2789	1
G1398	G1877	1
G315	G1112	1
G1168	G2202	1
G1327	G1499	1
G1793	G1935	1
G801	G1543	1
G2395	G2949	1
G1985	G2784	1
G709	G1975	1
G506	G1591	1
G899	G2664	1
G2381	G2419	1
G847	G1358	1
G1761	G2895	1
G1679	G2802	1
G2056	G2429	1
G1997	G2769	1
G258	G2838	1
G2441	G2769	1
G1103	G1329	1
G1216	G2255	1
G437	G1413	1
G2441	G2859	1
G907	G2570	1
G2467	G2963	1
G149	G2009	1
G2170	G2538	1
G46	G1403	1
G368	G1236	1
G923	G2881	1
G956	G2970	1
G1455	G2352	1
G2365	G2497	1
G1550	G2406	1
G482	G1772	1
G132	G435	1
G828	G1694	1
G383	G2684	1
G2462	G2523	1
G2674	G2877	1
G2085	G2222	1
G163	G2972	1
G574	G1870	1
G1422	G1806	1
G1877	G2072	1
G758	G794	1
G2295	G2734	1
G332	G1835	1
G1012	G2255	1
G2622	G2762	1
G364	G2721	1
G1508	G2157	1
G1419	G1783	1
G456	G691	1
G475	G2983	1
G889	G1726	1
G2127	G2929	1
G2490	G2892	1
G46	G414	1
G817	G2447	1
G755	G1543	1
G755	G2346	1
G1075	G2838	1
G642	G2426	1
G569	G1982	1
G258	G2369	1
G2563	G2812	1
G315	G554	1
G148	G2063	1
G674	G897	1
G2565	G2857	1
G1042	G1822	1
G2232	G2471	1
G572	G1654	1
G2381	G2972	1
G663	G1835	1
G789	G2188	1
G827	G1513	1
G920	G1372	1
G827	G2849	1
G1455	G2425	1
G176	G685	1
G462	G642	1
G316	G2412	1
G911	G2266	1
G1062	G1773	1
G1008	G2355	1
G2150	G2195	1
G774	G2137	1
G1130	G2597	1
G817	G2451	1
G1116	G2165	1
G693	G1087	1
G1512	G2116	1
G860	G1403	1
G1550	G2870	1
G267	G1700	1
G2366	G2843	1
G1366	G2869	1
G475	G2849	1
G222	G985	1
G2425	G2977	1
G755	G1671	1
G306	G1525	1
G1433	G2375	1
G674	G1923	1
G2721	G2865	1
G1828	G1948	1
G148	G514	1
G1477	G1755	1
G1445	G2263	1
G758	G1116	1
G1161	G2779	1
G1606	G2467	1
G1806	G2073	1
G1739	G2919	1
G1075	G1681	1
G1054	G1063	1
G1478	G2432	1
G364	G2591	1
G2447	G2648	1
G2063	G2451	1
G177	G1027	1
G890	G2366	1
G1211	G2465	1
G1591	G2949	1
G2463	G2712	1
G192	G506	1
G1168	G1332	1
G506	G2241	1
G331	G1723	1
G899	G2963	1
G2038	G2953	1
G1747	G2063	1
G951	G2985	1
G1418	G1591	1
G1654	G2498	1
G773	G2435	1
G2435	G2544	1
G1741	G2825	1
G2092	G2430	1
G1793	G2144	1
G2449	G2700	1
G762	G1226	1
G739	G2005	1
G1329	G2620	1
G610	G625	1
G715	G2648	1
G622	G1550	1
G931	G1152	1
G590	G2144	1
G1610	G1696	1
G882	G1429	1
G1499	G1742	1
G1521	G1591	1
G1320	G1963	1
G2144	G2876	1
G421	G1278	1
G1155	G1224	1
G425	G1671	1
G1335	G1923	1
G762	G1770	1
G1116	G2341	1
G1508	G1933	1
G2462	G2949	1
G1739	G2538	1
G533	G1433	1
G331	G1090	1
G958	G1365	1
G36	G2570	1
G75	G1564	1
G475	G1920	1
G1871	G2140	1
G899	G1963	1
G267	G600	1
G450	G721	1
G907	G2441	1
G423	G1916	1
G1893	G2544	1
G2639	G2712	1
G1068	G2514	1
G426	G1139	1
G1394	G2793	1
G755	G1186	1
G149	G2937	1
G2381	G2583	1
G789	G2815	1
G1004	G2447	1
G493	G2565	1
G572	G723	1
G150	G773	1
G663	G1027	1
G245	G2780	1
G1581	G1689	1
G176	G719	1
G1064	G2014	1
G132	G2733	1
G2108	G2873	1
G809	G2838	1
G634	G1118	1
G1133	G1982	1
G569	G801	1
G1452	G2812	1
G1827	G2467	1
G758	G2979	1
G1835	G2570	1
G1525	G1645	1
G2296	G2320	1
G606	G1070	1
G1783	G2467	1
G577	G629	1
G405	G2462	1
G1112	G2970	1
G1319	G2004	1
G918	G1562	1
G433	G2721	1
G1328	G2838	1
G187	G2693	1
G867	G1417	1
G231	G918	1
G1606	G2352	1
G2465	G2730	1
G2230	G2848	1
G876	G1792	1
G1296	G1991	1
G934	G2810	1
G40	G1785	1
G610	G801	1
G703	G1035	1
G809	G2369	1
G194	G1335	1
G258	G515	1
G194	G1551	1
G1963	G2648	1
G2395	G2667	1
G2366	G2849	1
G1801	G2528	1
G1010	G1083	1
G1204	G1984	1
G901	G2273	1
G715	G2365	1
G374	G2327	1
G435	G578	1
G1026	G1743	1
G24	G72	1
G778	G2865	1
G835	G1850	1
G1334	G1700	1
G2020	G2493	1
G1719	G2263	1
G2622	G2865	1
G1394	G1772	1
G2424	G2732	1
G1606	G2425	1
G2689	G2758	1
G402	G1429	1
G462	G2768	1
G1610	G2385	1
G926	G1591	1
G907	G1282	1
G366	G2812	1
G421	G601	1
G1767	G2825	1
G882	G2368	1
G2425	G2766	1
G36	G366	1
G1130	G2721	1
G1328	G1681	1
G719	G2569	1
G517	G1573	1
G827	G1223	1
G2435	G2790	1
G622	G1901	1
G2628	G2961	1
G1328	G2738	1
G2063	G2620	1
G1543	G1700	1
G1997	G2570	1
G577	G772	1
G911	G1406	1
G2258	G2983	1
G854	G2971	1
G1751	G1758	1
G1806	G2597	1
G1090	G1550	1
G514	G1383	1
G1030	G1849	1
G1903	G2180	1
G1488	G2991	1
G758	G2730	1
G267	G437	1
G444	G2822	1
G454	G1849	1
G554	G1780	1
G596	G889	1
G4	G708	1
G364	G2191	1
G341	G1745	1
G192	G1521	1
G2563	G2941	1
G1320	G1719	1
G2277	G2765	1
G334	G344	1
G2040	G2979	1
G374	G2988	1
G1783	G2352	1
G565	G2529	1
G402	G1027	1
G1249	G2165	1
G1895	G2749	1
G500	G1923	1
G2255	G2497	1
G899	G1719	1
G1985	G2570	1
G2869	G2983	1
G1090	G2563	1
G40	G1398	1
G1099	G1933	1
G2274	G2758	1
G828	G1123	1
G1133	G1332	1
G364	G2441	1
G1562	G1726	1
G1609	G1808	1
G1034	G1385	1
G393	G1864	1
G2162	G2789	1
G609	G2252	1
G266	G2180	1
G610	G904	1
G696	G1513	1
G177	G2103	1
G1332	G2682	1
G755	G967	1
G596	G1004	1
G1963	G2365	1
G2210	G2560	1
G1090	G2784	1
G1719	G1761	1
G923	G1112	1
G1827	G2425	1
G354	G923	1
G1429	G2648	1
G1783	G2425	1
G2210	G2946	1
G2224	G2920	1
G340	G2395	1
G955	G2004	1
G606	G833	1
G194	G842	1
G1823	G2327	1
G1030	G2664	1
G806	G1849	1
G1387	G2883	1
G1106	G1441	1
G454	G2664	1
G1141	G1376	1
G1335	G2544	1
G1012	G2429	1
G1334	G2825	1
G1	G2317	1
G454	G685	1
G443	G923	1
G963	G2865	1
G1382	G1397	1
G928	G2255	1
G1741	G2583	1
G1848	G2673	1
G789	G2979	1
G806	G876	1
G1382	G1870	1
G139	G233	1
G1249	G2364	1
G1564	G2208	1
G63	G1796	1
G2435	G2738	1
G2462	G2667	1
G1090	G2769	1
G940	G2517	1
G554	G1080	1
G663	G2103	1
G824	G2780	1
G1090	G2859	1
G715	G1912	1
G586	G642	1
G1781	G2561	1
G828	G2799	1
G868	G901	1
G197	G1739	1
G1932	G2877	1
G194	G1963	1
G354	G1543	1
G64	G1793	1
G223	G2589	1
G132	G955	1
G157	G1903	1
G1551	G2116	1
G153	G400	1
G1413	G2802	1
G1893	G2738	1
G443	G577	1
G153	G2263	1
G1090	G1901	1
G1433	G2115	1
G835	G2040	1
G1050	G1292	1
G1090	G1997	1
G1654	G2937	1
G1576	G1645	1
G1671	G2045	1
G868	G2404	1
G52	G103	1
G2365	G2557	1
G2073	G2430	1
G693	G1329	1
G2491	G2585	1
G1203	G2612	1
G960	G964	1
G1419	G2405	1
G723	G2848	1
G1863	G2977	1
G336	G2360	1
G267	G2583	1
G1329	G1741	1
G2352	G2467	1
G2198	G2836	1
G629	G1932	1
G2425	G2523	1
G1912	G2274	1
G187	G2263	1
G374	G2949	1
G1008	G2222	1
G1446	G2789	1
G2208	G2849	1
G622	G2360	1
G1495	G2058	1
G1429	G2365	1
G1329	G1855	1
G237	G653	1
G2341	G2435	1
G636	G2932	1
G642	G2467	1
G433	G2191	1
G1543	G2419	1
G1806	G1858	1
G773	G1828	1
G1577	G2191	1
G596	G2188	1
G151	G1611	1
G629	G2724	1
G1748	G2465	1
G2703	G2745	1
G1741	G2041	1
G1806	G2721	1
G1721	G1863	1
G1478	G1524	1
G1422	G1429	1
G1728	G2398	1
G960	G2814	1
G456	G2591	1
G1797	G2806	1
G275	G1946	1
G1693	G2714	1
G2538	G2921	1
G1017	G2195	1
G64	G891	1
G433	G2441	1
G1039	G1849	1
G456	G1823	1
G179	G1321	1
G408	G1329	1
G2843	G2979	1
G2789	G2814	1
G40	G1877	1
G462	G2496	1
G563	G1446	1
G1309	G2948	1
G1438	G1716	1
G1612	G2812	1
G723	G2568	1
G773	G2681	1
G437	G600	1
G514	G1316	1
G1719	G2478	1
G1817	G2095	1
G1335	G2790	1
G723	G1966	1
G694	G1758	1
G412	G1954	1
G194	G1419	1
G456	G1010	1
G283	G596	1
G1901	G2789	1
G1388	G2642	1
G1112	G1606	1
G1363	G1679	1
G402	G2103	1
G456	G2676	1
G2435	G2440	1
G1543	G2972	1
G2121	G2877	1
G882	G1783	1
G462	G1748	1
G215	G1635	1
G2648	G2940	1
G801	G1550	1
G1332	G2812	1
G362	G1719	1
G554	G1576	1
G1116	G1310	1
G774	G1335	1
G774	G1551	1
G437	G2825	1
G1806	G2591	1
G574	G1112	1
G337	G1943	1
G1143	G2988	1
G307	G2429	1
G2108	G2235	1
G402	G734	1
G2398	G2833	1
G1635	G2551	1
G817	G1741	1
G827	G2865	1
G1130	G2441	1
G1741	G2514	1
G875	G2814	1
G85	G1138	1
G600	G1606	1
G2724	G2814	1
G187	G889	1
G848	G1948	1
G581	G1344	1
G2425	G2949	1
G801	G2563	1
G554	G2977	1
G2398	G2543	1
G855	G2298	1
G2045	G2365	1
G542	G1801	1
G1066	G2019	1
G475	G2865	1
G1525	G2581	1
G1255	G1329	1
G1333	G2041	1
G2268	G2885	1
G126	G1455	1
G514	G2789	1
G266	G1835	1
G897	G2296	1
G1850	G2979	1
G663	G1331	1
G443	G2877	1
G806	G1963	1
G1040	G1904	1
G1098	G2865	1
G835	G1932	1
G1953	G1986	1
G755	G2435	1
G801	G2784	1
G1215	G2716	1
G371	G1042	1
G1090	G2360	1
G520	G1516	1
G1849	G2977	1
G422	G2970	1
G1331	G2812	1
G2086	G2758	1
G870	G1421	1
G949	G1999	1
G694	G917	1
G1648	G2497	1
G354	G1625	1
G2779	G2955	1
G1334	G2583	1
G1589	G2734	1
G1231	G1848	1
G1496	G1606	1
G1793	G2222	1
G835	G2724	1
G734	G2618	1
G1863	G2766	1
G1010	G2780	1
G1704	G2686	1
G1106	G2206	1
G596	G794	1
G2559	G2783	1
G1677	G2650	1
G267	G2514	1
G2232	G2405	1
G476	G2814	1
G80	G1673	1
G2005	G2664	1
G758	G1916	1
G444	G1003	1
G2564	G2877	1
G1591	G2232	1
G2784	G2940	1
G149	G1610	1
G2730	G2882	1
G157	G2405	1
G801	G2769	1
G410	G2327	1
G794	G1645	1
G1547	G1877	1
G1243	G1948	1
G1214	G2299	1
G1388	G2753	1
G417	G533	1
G885	G2977	1
G444	G1780	1
G616	G885	1
G163	G835	1
G425	G2435	1
G2798	G2881	1
G2274	G2496	1
G694	G2072	1
G880	G2838	1
G882	G2924	1
G1700	G2365	1
G904	G2188	1
G418	G2991	1
G62	G1227	1
G275	G563	1
G153	G1930	1
G529	G2591	1
G423	G2553	1
G1747	G2780	1
G1507	G2041	1
G159	G1499	1
G801	G1997	1
G1452	G2137	1
G1100	G1114	1
G366	G823	1
G685	G1576	1
G1004	G1741	1
G1651	G2276	1
G1236	G2538	1
G554	G758	1
G596	G1116	1
G958	G1576	1
G880	G2369	1
G405	G1982	1
G266	G1027	1
G295	G2727	1
G2092	G2522	1
G600	G696	1
G2175	G2430	1
G1087	G1090	1
G529	G1010	1
G1152	G1455	1
G1203	G1554	1
G283	G882	1
G1027	G2798	1
G674	G1118	1
G1058	G2103	1
G1448	G1554	1
G539	G1418	1
G985	G1313	1
G1191	G2568	1
G774	G1963	1
G824	G2535	1
G405	G1418	1
G529	G2676	1
G1103	G1849	1
G660	G823	1
G685	G2977	1
G1863	G2327	1
G880	G1681	1
G423	G709	1
G866	G1523	1
G586	G2425	1
G1083	G1515	1
G1039	G1963	1
G402	G1331	1
G755	G1997	1
G1671	G2877	1
G958	G2977	1
G1329	G1726	1
G1806	G2191	1
G1625	G2877	1
G194	G1783	1
G306	G2983	1
G693	G1106	1
G2369	G2721	1
G1833	G1857	1
G444	G2092	1
G60	G2927	1
G334	G867	1
G891	G1489	1
G1286	G2700	1
G1543	G1671	1
G2570	G2766	1
G806	G1719	1
G399	G1750	1
G1370	G2405	1
G324	G2662	1
G194	G364	1
G197	G2846	1
G858	G2498	1
G694	G1489	1
G2119	G2485	1
G226	G1634	1
G300	G511	1
G963	G2693	1
G1982	G2682	1
G148	G2798	1
G2144	G2799	1
G477	G1805	1
G1027	G2175	1
G1103	G1335	1
G1133	G2423	1
G1939	G2703	1
G2597	G2648	1
G425	G1997	1
G760	G2453	1
G596	G2979	1
G1923	G1963	1
G80	G2814	1
G1159	G2949	1
G964	G2017	1
G1103	G2664	1
G1984	G2412	1
G148	G1106	1
G315	G2941	1
G422	G1822	1
G1053	G2865	1
G1334	G2514	1
G902	G1583	1
G1720	G1916	1
G2591	G2599	1
G521	G586	1
G1863	G2523	1
G1021	G2587	1
G181	G2115	1
G461	G835	1
G1550	G2005	1
G2471	G2553	1
G2365	G2963	1
G443	G960	1
G572	G1398	1
G258	G1010	1
G387	G1424	1
G715	G1554	1
G2693	G2972	1
G1932	G2563	1
G1339	G2999	1
G2369	G2591	1
G36	G405	1
G420	G2946	1
G2046	G2092	1
G258	G2676	1
G1136	G2348	1
G2535	G2768	1
G794	G2432	1
G885	G2766	1
G696	G2014	1
G848	G1828	1
G1187	G1870	1
G275	G2073	1
G514	G1083	1
G1039	G1419	1
G1932	G2784	1
G964	G1916	1
G715	G1441	1
G1430	G1657	1
G848	G2940	1
G1877	G2876	1
G554	G2327	1
G806	G848	1
G801	G2360	1
G2719	G2981	1
G1870	G2713	1
G1822	G2879	1
G1099	G1236	1
G1455	G2583	1
G1378	G1448	1
G1517	G2611	1
G1027	G1806	1
G1793	G2296	1
G554	G1953	1
G532	G1999	1
G1903	G2103	1
G519	G1325	1
G610	G1932	1
G590	G2296	1
G1562	G2881	1
G1849	G2327	1
G66	G2429	1
G1932	G2769	1
G836	G1561	1
G1881	G2630	1
G921	G2858	1
G2451	G2713	1
G534	G2899	1
G1332	G2869	1
G66	G1560	1
G1469	G1780	1
G1511	G2757	1
G1827	G2825	1
G610	G2724	1
G194	G1903	1
G373	G1418	1
G1445	G2366	1
G1473	G2946	1
G1609	G2488	1
G2807	G2877	1
G2443	G2924	1
G2003	G2610	1
G554	G2988	1
G694	G2946	1
G773	G1383	1
G1747	G2175	1
G1383	G1917	1
G456	G2823	1
G1211	G1455	1
G266	G2103	1
G308	G1702	1
G302	G2449	1
G514	G921	1
G663	G2405	1
G809	G1747	1
G889	G1112	1
G1932	G1997	1
G1508	G1918	1
G1935	G2144	1
G324	G2457	1
G1747	G2283	1
G656	G1627	1
G554	G2523	1
G2108	G2295	1
G148	G1806	1
G177	G1606	1
G758	G1893	1
G563	G1133	1
G379	G1207	1
G624	G1739	1
G1725	G2390	1
G1142	G2348	1
G1849	G2988	1
G1010	G2535	1
G266	G734	1
G1034	G1953	1
G827	G2693	1
G1353	G2132	1
G148	G266	1
G139	G2320	1
G2121	G2563	1
G2723	G2849	1
G2155	G2294	1
G2162	G2780	1
G2671	G2980	1
G2780	G2979	1
G1668	G2573	1
G410	G2568	1
G642	G2166	1
G1849	G2523	1
G2544	G2972	1
G1816	G2210	1
G1719	G2730	1
G306	G354	1
G1500	G1897	1
G1828	G1986	1
G1138	G2273	1
G2121	G2784	1
G2447	G2620	1
G1982	G2812	1
G781	G2262	1
G904	G2979	1
G1044	G1140	1
G286	G1653	1
G354	G2563	1
G1510	G2078	1
G629	G931	1
G1748	G1827	1
G461	G1948	1
G1161	G2142	1
G394	G2872	1
G685	G2327	1
G708	G1140	1
G107	G1524	1
G373	G968	1
G1492	G2632	1
G958	G2327	1
G963	G2263	1
G443	G2563	1
G885	G2523	1
G2873	G2899	1
G275	G2597	1
G1050	G1144	1
G755	G1507	1
G601	G2610	1
G563	G958	1
G1335	G2092	1
G2121	G2769	1
G248	G1979	1
G828	G1191	1
G132	G810	1
G462	G2419	1
G1083	G1143	1
G1328	G2676	1
G1429	G1554	1
G1907	G2776	1
G1953	G2545	1
G161	G1157	1
G907	G1863	1
G958	G1953	1
G2369	G2441	1
G486	G2293	1
G1763	G2875	1
G2570	G2951	1
G443	G2784	1
G1646	G1691	1
G516	G1138	1
G794	G2581	1
G2835	G2970	1
G444	G1612	1
G1488	G2538	1
G1916	G2073	1
G1099	G2467	1
G414	G1013	1
G899	G1576	1
G1441	G2274	1
G1455	G2514	1
G36	G680	1
G1035	G2395	1
G1319	G2517	1
G1027	G2138	1
G1726	G2419	1
G1741	G2115	1
G685	G2988	1
G444	G758	1
G554	G2949	1
G772	G2369	1
G423	G1924	1
G1681	G2258	1
G1606	G2583	1
G734	G1916	1
G866	G1261	1
G736	G2083	1
G800	G2309	1
G958	G2988	1
G543	G1565	1
G472	G2786	1
G609	G2427	1
G349	G1956	1
G78	G437	1
G758	G1058	1
G1664	G1741	1
G1741	G1948	1
G2465	G2553	1
G1741	G1774	1
G685	G2523	1
G899	G2977	1
G2232	G2426	1
G1010	G2180	1
G35	G413	1
G443	G2859	1
G1452	G1849	1
G963	G1496	1
G301	G1087	1
G1849	G2949	1
G1099	G1918	1
G733	G1562	1
G963	G2118	1
G1577	G2689	1
G1799	G1857	1
G1704	G2083	1
G163	G1828	1
G742	G2675	1
G911	G2395	1
G1014	G2865	1
G2103	G2544	1
G60	G612	1
G1932	G2360	1
G81	G1959	1
G1222	G1750	1
G1416	G1500	1
G437	G539	1
G715	G2206	1
G1335	G1500	1
G563	G1130	1
G1116	G2721	1
G1565	G1786	1
G176	G1576	1
G4	G1476	1
G443	G1901	1
G444	G2766	1
G1763	G2946	1
G2232	G2650	1
G2766	G2768	1
G824	G1835	1
G456	G2538	1
G1106	G1726	1
G49	G267	1
G728	G1671	1
G1573	G2291	1
G1406	G2814	1
G1403	G1554	1
G2449	G2662	1
G823	G1455	1
G773	G1316	1
G835	G931	1
G885	G2949	1
G2435	G2676	1
G456	G2208	1
G964	G1893	1
G267	G1948	1
G1525	G2838	1
G1827	G2583	1
G2381	G2940	1
G197	G1651	1
G1042	G2425	1
G1625	G2563	1
G1783	G2583	1
G691	G1723	1
G789	G2320	1
G1445	G1916	1
G1452	G2664	1
G2214	G2395	1
G108	G472	1
G1863	G2667	1
G216	G2214	1
G1628	G2994	1
G934	G2025	1
G1489	G2991	1
G771	G1621	1
G1671	G2784	1
G629	G1397	1
G657	G2784	1
G2921	G2991	1
G1524	G2648	1
G36	G1863	1
G157	G1452	1
G642	G2825	1
G835	G2406	1
G808	G1142	1
G624	G1313	1
G2274	G2419	1
G1625	G2784	1
G1591	G1850	1
G629	G1870	1
G1292	G1618	1
G311	G758	1
G1469	G2977	1
G1116	G2591	1
G546	G2850	1
G497	G2721	1
G1460	G2961	1
G1513	G1543	1
G729	G2991	1
G1513	G2346	1
G1525	G2369	1
G1828	G2063	1
G490	G2581	1
G827	G2263	1
G139	G1654	1
G1276	G2409	1
G565	G978	1
G1105	G1914	1
G794	G1923	1
G909	G2354	1
G491	G2597	1
G600	G642	1
G660	G1849	1
G474	G1477	1
G719	G964	1
G794	G1524	1
G911	G2046	1
G964	G1328	1
G1644	G2704	1
G2085	G2594	1
G1774	G2447	1
G685	G2949	1
G1397	G2622	1
G400	G1388	1
G634	G1816	1
G1016	G1654	1
G408	G1849	1
G1525	G1681	1
G283	G2354	1
G693	G1335	1
G1446	G1836	1
G693	G1551	1
G1525	G2738	1
G331	G1329	1
G958	G2949	1
G475	G2263	1
G773	G2789	1
G1659	G2944	1
G2865	G2933	1
G107	G2544	1
G1671	G2769	1
G159	G1787	1
G1236	G1523	1
G1702	G2586	1
G1916	G2597	1
G1806	G1825	1
G391	G2025	1
G153	G2366	1
G514	G2780	1
G2547	G2944	1
G1418	G2712	1
G1625	G2769	1
G824	G1027	1
G364	G2214	1
G1098	G2263	1
G1625	G2859	1
G481	G2612	1
G1007	G1310	1
G596	G1916	1
G2121	G2360	1
G586	G600	1
G835	G2870	1
G577	G1406	1
G104	G426	1
G303	G2814	1
G1264	G1741	1
G1433	G2887	1
G2103	G2790	1
G215	G534	1
G1606	G2514	1
G1671	G1901	1
G852	G2850	1
G2357	G2704	1
G1264	G1855	1
G1625	G1901	1
G187	G2366	1
G133	G2072	1
G1543	G2435	1
G462	G1543	1
G901	G2793	1
G1332	G2557	1
G789	G1269	1
G660	G1551	1
G2924	G2983	1
G746	G2141	1
G1499	G1635	1
G2232	G2418	1
G148	G1335	1
G482	G2293	1
G528	G1475	1
G2117	G2422	1
G2650	G2738	1
G1406	G2547	1
G1422	G2405	1
G1455	G1515	1
G828	G2137	1
G40	G858	1
G358	G922	1
G2419	G2877	1
G827	G2118	1
G1109	G2873	1
G848	G1383	1
G149	G1390	1
G1327	G2741	1
G1681	G1920	1
G660	G685	1
G1524	G2365	1
G306	G2865	1
G301	G469	1
G1948	G2137	1
G2638	G2877	1
G104	G933	1
G1726	G2156	1
G283	G1446	1
G456	G569	1
G2121	G2570	1
G1329	G2881	1
G2523	G2570	1
G624	G2846	1
G475	G1496	1
G168	G1140	1
G1798	G2390	1
G2068	G2721	1
G479	G2996	1
G139	G723	1
G1958	G2135	1
G335	G2812	1
G1415	G2403	1
G2467	G2988	1
G2498	G2810	1
G462	G1671	1
G685	G2568	1
G2724	G2970	1
G355	G1138	1
G1334	G1948	1
G1335	G1612	1
G1719	G1916	1
G1203	G2985	1
G1949	G2988	1
G534	G1327	1
G1191	G1706	1
G1027	G1429	1
G1452	G1963	1
G876	G2642	1
G902	G1920	1
G33	G2854	1
G1827	G2514	1
G674	G2766	1
G107	G177	1
G231	G2283	1
G391	G1172	1
G692	G1782	1
G693	G842	1
G2103	G2257	1
G752	G1428	1
G1912	G2979	1
G1864	G1904	1
G2172	G2719	1
G1010	G1835	1
G1912	G2618	1
G75	G2865	1
G1627	G2739	1
G586	G2419	1
G2092	G2814	1
G899	G2327	1
G329	G1939	1
G133	G1489	1
G964	G2553	1
G1469	G2766	1
G1806	G2689	1
G302	G1518	1
G1157	G1728	1
G1320	G1953	1
G111	G676	1
G2009	G2072	1
G758	G778	1
G1223	G1923	1
G2784	G2789	1
G1223	G1524	1
G846	G1900	1
G899	G1953	1
G1576	G2838	1
G1090	G2430	1
G315	G1867	1
G139	G1978	1
G134	G956	1
G215	G1984	1
G2166	G2451	1
G2158	G2808	1
G1747	G1835	1
G366	G1963	1
G629	G1334	1
G1116	G2441	1
G1774	G2620	1
G456	G2723	1
G1320	G2988	1
G456	G2628	1
G362	G1134	1
G482	G1919	1
G1446	G2535	1
G1935	G2222	1
G102	G1136	1
G1387	G1420	1
G1916	G2721	1
G610	G931	1
G2100	G2927	1
G141	G1923	1
G899	G2988	1
G1758	G2116	1
G141	G1524	1
G936	G2271	1
G721	G1006	1
G546	G578	1
G2162	G2180	1
G931	G960	1
G1576	G2369	1
G1893	G2381	1
G444	G2162	1
G922	G2485	1
G981	G1012	1
G1058	G2026	1
G1238	G2739	1
G1451	G2851	1
G2812	G2865	1
G660	G1963	1
G1524	G1912	1
G2063	G2881	1
G2426	G2798	1
G2191	G2443	1
G421	G2588	1
G258	G2208	1
G425	G1383	1
G1625	G2360	1
G2418	G2933	1
G141	G2377	1
G315	G1849	1
G256	G682	1
G497	G2242	1
G708	G1664	1
G1030	G2977	1
G736	G1763	1
G1576	G1681	1
G193	G799	1
G454	G2977	1
G985	G1508	1
G784	G2469	1
G1210	G2540	1
G2263	G2881	1
G2537	G2658	1
G694	G1994	1
G762	G1900	1
G1986	G2419	1
G144	G2433	1
G196	G810	1
G558	G2544	1
G1381	G2642	1
G1863	G2232	1
G1010	G1027	1
G337	G601	1
G1469	G2327	1
G696	G2263	1
G49	G2447	1
G187	G2017	1
G515	G2341	1
G1424	G2921	1
G149	G1696	1
G461	G1090	1
G374	G2451	1
G275	G366	1
G596	G660	1
G2116	G2892	1
G515	G2200	1
G773	G1083	1
G302	G840	1
G2681	G2880	1
G879	G2822	1
G36	G629	1
G462	G1625	1
G2046	G2951	1
G1901	G2535	1
G368	G1489	1
G126	G1152	1
G360	G2047	1
G1112	G2425	1
G1877	G2799	1
G1266	G2783	1
G694	G2876	1
G630	G2620	1
G1452	G1719	1
G300	G918	1
G529	G1078	1
G1383	G2838	1
G1232	G1750	1
G1063	G2146	1
G1893	G2162	1
G300	G1103	1
G1671	G2570	1
G1083	G1090	1
G758	G2045	1
G622	G2569	1
G612	G2339	1
G456	G1564	1
G625	G2369	1
G126	G1382	1
G2103	G2440	1
G1542	G2927	1
G456	G1525	1
G36	G1053	1
G1870	G2365	1
G2232	G2467	1
G4	G1561	1
G1332	G1551	1
G1278	G2238	1
G1237	G2210	1
G1948	G2557	1
G187	G1916	1
G215	G1881	1
G380	G2895	1
G169	G2443	1
G1143	G2121	1
G586	G2583	1
G1159	G2731	1
G444	G1218	1
G296	G1436	1
G1591	G1932	1
G708	G1806	1
G1383	G2369	1
G2465	G2540	1
G444	G2462	1
G596	G1893	1
G858	G1610	1
G1799	G2899	1
G1953	G2798	1
G653	G1749	1
G157	G586	1
G223	G2573	1
G1013	G1216	1
G904	G1382	1
G462	G1445	1
G1469	G2523	1
G163	G1383	1
G1628	G2385	1
G78	G539	1
G126	G715	1
G466	G2894	1
G835	G1334	1
G899	G963	1
G1591	G2724	1
G1681	G2210	1
G216	G2736	1
G1383	G1681	1
G1523	G2498	1
G500	G2766	1
G1383	G2738	1
G2341	G2789	1
G2105	G2869	1
G794	G2790	1
G2166	G2620	1
G2024	G2395	1
G2068	G2242	1
G1236	G1261	1
G2157	G2594	1
G438	G2013	1
G447	G2094	1
G899	G2949	1
G2430	G2664	1
G503	G1419	1
G219	G751	1
G1313	G2049	1
G1455	G1774	1
G775	G2689	1
G1278	G2041	1
G1610	G1793	1
G1243	G1316	1
G960	G1455	1
G734	G2553	1
G2551	G2955	1
G348	G587	1
G926	G2581	1
G149	G2385	1
G773	G2642	1
G2462	G2724	1
G1920	G2031	1
G1639	G2026	1
G1693	G2140	1
G1134	G1687	1
G931	G1550	1
G2068	G2441	1
G1940	G2577	1
G1223	G2544	1
G529	G2086	1
G1833	G2142	1
G1923	G2312	1
G521	G1441	1
G1118	G1877	1
G1104	G1846	1
G558	G2790	1
G1543	G1828	1
G1265	G1554	1
G1198	G2148	1
G346	G1203	1
G456	G2214	1
G433	G1957	1
G610	G1397	1
G715	G1726	1
G1140	G1286	1
G1455	G1478	1
G1315	G1803	1
G755	G1316	1
G1007	G2597	1
G1953	G2175	1
G362	G1953	1
G2790	G2838	1
G610	G1870	1
G364	G2736	1
G444	G806	1
G506	G809	1
G1543	G2940	1
G2232	G2352	1
G931	G2563	1
G1521	G1524	1
G1250	G2230	1
G176	G2949	1
G851	G2869	1
G589	G865	1
G1375	G2235	1
G608	G1080	1
G370	G1428	1
G1335	G2381	1
G1612	G1963	1
G1436	G2460	1
G141	G2544	1
G346	G1554	1
G1332	G2963	1
G1328	G2208	1
G1090	G2569	1
G801	G2430	1
G1196	G1866	1
G1256	G1863	1
G362	G2988	1
G1749	G2082	1
G828	G934	1
G794	G2369	1
G1026	G1465	1
G2514	G2869	1
G931	G2784	1
G2597	G2620	1
G278	G1406	1
G1016	G2892	1
G875	G1455	1
G2211	G2626	1
G425	G1316	1
G1681	G1803	1
G1774	G2724	1
G2073	G2814	1
G2232	G2425	1
G515	G851	1
G1515	G1564	1
G335	G2869	1
G1403	G2375	1
G885	G2232	1
G1469	G2949	1
G529	G1418	1
G848	G2063	1
G1869	G2865	1
G794	G1681	1
G1806	G2214	1
G1759	G2288	1
G867	G1904	1
G1335	G2951	1
G194	G1452	1
G794	G2738	1
G1143	G2447	1
G1946	G2496	1
G1916	G2242	1
G1332	G1963	1
G1445	G2553	1
G482	G2437	1
G1916	G2191	1
G1010	G2103	1
G887	G2348	1
G197	G1488	1
G1106	G2881	1
G2620	G2940	1
G145	G153	1
G612	G887	1
G122	G2882	1
G616	G1282	1
G2346	G2780	1
G514	G2180	1
G529	G1564	1
G755	G2789	1
G2419	G2563	1
G931	G2769	1
G1335	G2162	1
G302	G708	1
G629	G1112	1
G715	G1143	1
G250	G2587	1
G385	G2369	1
G1696	G2320	1
G1617	G1806	1
G2	G1397	1
G2553	G2988	1
G1635	G2793	1
G1157	G2981	1
G163	G1986	1
G1998	G2681	1
G1573	G1914	1
G2419	G2784	1
G477	G2092	1
G1030	G2327	1
G2406	G2988	1
G931	G1901	1
G1747	G2103	1
G454	G2327	1
G381	G1269	1
G858	G1099	1
G465	G2459	1
G817	G1112	1
G931	G1997	1
G177	G2467	1
G443	G733	1
G2538	G2946	1
G923	G1867	1
G1223	G2790	1
G20	G552	1
G1042	G1648	1
G926	G1923	1
G161	G2719	1
G828	G1335	1
G2437	G2779	1
G828	G1551	1
G1433	G1848	1
G187	G660	1
G596	G2553	1
G1749	G1861	1
G1418	G2341	1
G516	G1787	1
G312	G495	1
G267	G1720	1
G527	G2063	1
G902	G2865	1
G117	G358	1
G466	G2671	1
G1422	G2650	1
G463	G2233	1
G722	G2838	1
G1606	G1774	1
G371	G2606	1
G332	G2467	1
G1910	G2847	1
G6	G636	1
G2419	G2769	1
G515	G2369	1
G111	G1250	1
G1704	G2044	1
G1513	G2563	1
G64	G197	1
G275	G1264	1
G80	G2599	1
G387	G1933	1
G150	G177	1
G1068	G2063	1
G444	G2380	1
G141	G2790	1
G1542	G2347	1
G80	G755	1
G879	G2443	1
G323	G2812	1
G514	G574	1
G889	G2497	1
G573	G2471	1
G1332	G1419	1
G1027	G1331	1
G1793	G2594	1
G194	G963	1
G630	G1741	1
G758	G2877	1
G2621	G2887	1
G740	G1012	1
G596	G709	1
G1264	G2874	1
G1203	G2268	1
G604	G1009	1
G1335	G2462	1
G1635	G1772	1
G1747	G2351	1
G2073	G2547	1
G1310	G2263	1
G283	G958	1
G1542	G2638	1
G963	G2366	1
G563	G1591	1
G879	G1003	1
G462	G2435	1
G1429	G1726	1
G554	G801	1
G727	G1628	1
G141	G2838	1
G722	G1681	1
G610	G1334	1
G642	G1515	1
G2616	G2697	1
G1332	G1719	1
G245	G1606	1
G708	G1044	1
G506	G2790	1
G2309	G2808	1
G1857	G1984	1
G1726	G2435	1
G2004	G2783	1
G1130	G2736	1
G1223	G1681	1
G1523	G2937	1
G1500	G1543	1
G1500	G2346	1
G1827	G1948	1
G300	G514	1
G773	G2780	1
G1855	G2776	1
G806	G2988	1
G1316	G2812	1
G1004	G1112	1
G563	G2622	1
G126	G134	1
G1320	G2648	1
G2769	G2822	1
G1554	G2948	1
G642	G693	1
G786	G2109	1
G1143	G2620	1
G1513	G1997	1
G168	G196	1
G958	G1422	1
G1957	G2165	1
G157	G1912	1
G967	G1350	1
G1525	G1747	1
G80	G1455	1
G693	G1903	1
G374	G2724	1
G750	G1835	1
G1201	G1313	1
G885	G1332	1
G334	G2980	1
G177	G2425	1
G141	G2738	1
G461	G1666	1
G1850	G2045	1
G283	G1130	1
G148	G2924	1
G1331	G1719	1
G729	G2919	1
G1591	G2355	1
G774	G2713	1
G2693	G2940	1
G857	G2788	1
G1328	G2723	1
G680	G1139	1
G2648	G2780	1
G306	G400	1
G931	G2360	1
G2040	G2877	1
G1828	G2798	1
G716	G1731	1
G612	G922	1
G1112	G1700	1
G1849	G2121	1
G336	G622	1
G306	G2263	1
G2180	G2419	1
G253	G2525	1
G419	G2863	1
G332	G2425	1
G1525	G2591	1
G1087	G1255	1
G1948	G1963	1
G153	G424	1
G539	G2865	1
G402	G2467	1
G1489	G2538	1
G2175	G2814	1
G1335	G2667	1
G2206	G2544	1
G1564	G2865	1
G1723	G2175	1
G925	G1428	1
G1891	G2559	1
G405	G1133	1
G148	G1903	1
G1694	G2144	1
G15	G1670	1
G402	G475	1
G1441	G2979	1
G2766	G2972	1
G139	G1398	1
G216	G354	1
G2191	G2766	1
G2300	G2991	1
G796	G2263	1
G729	G2538	1
G248	G1757	1
G444	G2232	1
G2283	G2557	1
G506	G2738	1
G663	G2425	1
G577	G2603	1
G1236	G1473	1
G1139	G2274	1
G1335	G1622	1
G1720	G2877	1
G153	G796	1
G2273	G2899	1
G126	G426	1
G410	G1220	1
G600	G1700	1
G159	G2741	1
G480	G2612	1
G1309	G2020	1
G500	G2462	1
G534	G1138	1
G1446	G2465	1
G1525	G2676	1
G2162	G2471	1
G1118	G2246	1
G2274	G2435	1
G1320	G2365	1
G49	G1741	1
G307	G846	1
G589	G2833	1
G426	G2342	1
G809	G1525	1
G1828	G2175	1
G351	G426	1
G267	G456	1
G1211	G1748	1
G629	G773	1
G774	G1452	1
G923	G1485	1
G126	G332	1
G806	G963	1
G1042	G2238	1
G230	G1602	1
G1339	G2969	1
G2642	G2753	1
G331	G1335	1
G353	G794	1
G1008	G2230	1
G80	G696	1
G331	G1551	1
G1237	G2222	1
G1138	G2793	1
G456	G1261	1
G425	G1083	1
G1109	G1589	1
G827	G2366	1
G924	G1500	1
G1328	G1564	1
G2278	G2577	1
G620	G2672	1
G180	G1979	1
G444	G1469	1
G1381	G1909	1
G1099	G2583	1
G2425	G2724	1
G1455	G1723	1
G1403	G1427	1
G1220	G2994	1
G758	G960	1
G275	G405	1
G1622	G2208	1
G1700	G1726	1
G1780	G2859	1
G198	G320	1
G823	G1152	1
G963	G2017	1
G1933	G2080	1
G475	G2366	1
G454	G926	1
G1723	G1806	1
G828	G1419	1
G355	G1787	1
G1109	G2295	1
G734	G2540	1
G694	G1123	1
G324	G808	1
G1901	G2465	1
G765	G1588	1
G658	G1227	1
G806	G1989	1
G488	G2735	1
G721	G2069	1
G997	G1873	1
G38	G1953	1
G586	G835	1
G501	G2912	1
G2780	G2828	1
G1316	G1329	1
G145	G2263	1
G2118	G2977	1
G1335	G2380	1
G1390	G2080	1
G1399	G2737	1
G1806	G2317	1
G1806	G2736	1
G141	G515	1
G515	G691	1
G923	G924	1
G964	G1310	1
G612	G2332	1
G514	G1027	1
G940	G1749	1
G516	G896	1
G1658	G1689	1
G691	G2812	1
G444	G596	1
G758	G902	1
G11	G2465	1
G587	G2427	1
G963	G1916	1
G1521	G2369	1
G2206	G2790	1
G336	G1249	1
G133	G2876	1
G630	G1726	1
G548	G2696	1
G577	G2068	1
G444	G1422	1
G733	G899	1
G723	G2210	1
G402	G2425	1
G1224	G2115	1
G444	G625	1
G1397	G1645	1
G622	G1249	1
G1677	G2206	1
G444	G462	1
G1521	G1681	1
G596	G2112	1
G1161	G1204	1
G1521	G2738	1
G1401	G1577	1
G2684	G2703	1
G891	G2799	1
G2843	G2877	1
G75	G889	1
G422	G632	1
G2563	G2977	1
G1591	G2406	1
G613	G721	1
G803	G1968	1
G752	G2935	1
G694	G2799	1
G1112	G2419	1
G2365	G2988	1
G506	G515	1
G1272	G1865	1
G1499	G1984	1
G1027	G2405	1
G1576	G1747	1
G1580	G2004	1
G194	G2648	1
G642	G1774	1
G1244	G2671	1
G422	G2683	1
G773	G1909	1
G596	G1924	1
G231	G2103	1
G2266	G2979	1
G480	G1384	1
G2758	G2865	1
G1551	G2564	1
G1168	G2005	1
G680	G1562	1
G456	G2983	1
G2465	G2597	1
G353	G2979	1
G182	G560	1
G875	G899	1
G600	G2419	1
G581	G2612	1
G789	G1398	1
G794	G1500	1
G462	G1828	1
G231	G734	1
G331	G1963	1
G423	G573	1
G1591	G2870	1
G858	G1390	1
G1112	G2972	1
G2295	G2899	1
G2056	G2342	1
G444	G1332	1
G737	G762	1
G462	G2940	1
G1566	G1923	1
G552	G1283	1
G2638	G2685	1
G758	G1550	1
G36	G1971	1
G567	G1374	1
G924	G1747	1
G444	G801	1
G148	G2405	1
G860	G1012	1
G1143	G1741	1
G1726	G1828	1
G2206	G2738	1
G521	G693	1
G1155	G2973	1
G1334	G1986	1
G474	G612	1
G1628	G2311	1
G456	G1513	1
G480	G1203	1
G596	G2540	1
G169	G1366	1
G1801	G2041	1
G2462	G2870	1
G205	G586	1
G1606	G1723	1
G1576	G2676	1
G311	G1422	1
G1268	G2532	1
G194	G408	1
G1671	G2430	1
G622	G1039	1
G1452	G1576	1
G1316	G2869	1
G506	G691	1
G1800	G2732	1
G600	G2972	1
G1416	G2232	1
G2175	G2465	1
G376	G716	1
G1625	G2430	1
G1099	G2072	1
G586	G1948	1
G958	G2451	1
G194	G2365	1
G1741	G2776	1
G937	G1806	1
G1494	G1648	1
G124	G2265	1
G1601	G2525	1
G529	G2843	1
G480	G1554	1
G851	G1335	1
G1139	G2263	1
G1390	G2780	1
G851	G1551	1
G758	G2784	1
G578	G2041	1
G301	G2664	1
G736	G1816	1
G1098	G2017	1
G1205	G2719	1
G1836	G2784	1
G1499	G1881	1
G824	G1677	1
G194	G402	1
G417	G2041	1
G1986	G2435	1
G890	G1209	1
G1320	G1521	1
G2191	G2949	1
G1483	G2616	1
G736	G2568	1
G1963	G2881	1
G149	G828	1
G2242	G2724	1
G192	G1112	1
G576	G1383	1
G300	G2835	1
G1953	G2368	1
G1335	G1469	1
G348	G2141	1
G514	G2103	1
G625	G2676	1
G1010	G1606	1
G1112	G2583	1
G1645	G2563	1
G2155	G2925	1
G2047	G2525	1
G1598	G2073	1
G723	G2421	1
G267	G514	1
G1337	G1404	1
G721	G1743	1
G1243	G2780	1
G1704	G1966	1
G663	G2166	1
G1098	G1916	1
G1229	G1619	1
G174	G1849	1
G2	G554	1
G517	G1136	1
G153	G2364	1
G2429	G2461	1
G231	G1975	1
G1916	G2689	1
G354	G1083	1
G723	G816	1
G1133	G1591	1
G1157	G1601	1
G36	G2266	1
G1416	G1982	1
G1383	G2676	1
G923	G2822	1
G685	G1220	1
G1335	G1982	1
G574	G1608	1
G490	G1500	1
G758	G1901	1
G773	G2180	1
G66	G846	1
G806	G2648	1
G2739	G2999	1
G414	G1554	1
G364	G2865	1
G306	G1535	1
G423	G700	1
G192	G554	1
G266	G2467	1
G2369	G2736	1
G2041	G2597	1
G1523	G1610	1
G126	G923	1
G387	G1236	1
G2118	G2327	1
G1564	G2693	1
G846	G2595	1
G1099	G1489	1
G808	G1878	1
G2397	G2641	1
G344	G2719	1
G2263	G2812	1
G102	G834	1
G157	G1441	1
G133	G1694	1
G266	G475	1
G1223	G1500	1
G355	G896	1
G1433	G1664	1
G1863	G1932	1
G1687	G2528	1
G1543	G2789	1
G1035	G2828	1
G1136	G1653	1
G1971	G2544	1
G1524	G1741	1
G1023	G1628	1
G245	G2236	1
G1645	G2859	1
G1035	G2204	1
G1525	G2823	1
G1877	G2025	1
G882	G1985	1
G2724	G2758	1
G2103	G2381	1
G1541	G2711	1
G1075	G2453	1
G1774	G1870	1
G963	G1893	1
G275	G1863	1
G64	G2025	1
G1427	G2056	1
G1647	G2789	1
G1332	G1636	1
G1630	G1636	1
G709	G2514	1
G174	G685	1
G126	G1543	1
G1264	G2939	1
G141	G1500	1
G438	G1833	1
G1320	G2121	1
G311	G882	1
G426	G2588	1
G466	G1026	1
G2118	G2988	1
G700	G2724	1
G2208	G2366	1
G851	G2119	1
G529	G1513	1
G529	G2849	1
G340	G960	1
G899	G2121	1
G596	G2877	1
G215	G2412	1
G1087	G2138	1
G964	G1007	1
G2040	G2769	1
G2825	G2940	1
G801	G1836	1
G1480	G2814	1
G717	G2455	1
G851	G1963	1
G1542	G1837	1
G2118	G2523	1
G558	G1612	1
G1640	G2807	1
G134	G977	1
G1334	G2063	1
G1042	G2020	1
G794	G1010	1
G349	G1376	1
G901	G1833	1
G610	G773	1
G577	G899	1
G354	G2642	1
G714	G2230	1
G1508	G1793	1
G200	G1742	1
G46	G2559	1
G18	G208	1
G963	G1328	1
G476	G2758	1
G1329	G2941	1
G1012	G2089	1
G126	G1671	1
G993	G2547	1
G1500	G2563	1
G1694	G2222	1
G918	G923	1
G2103	G2162	1
G2239	G2429	1
G2381	G2835	1
G2222	G2568	1
G842	G2583	1
G1673	G2557	1
G890	G2441	1
G197	G1547	1
G1903	G2425	1
G335	G1963	1
G2412	G2873	1
G2563	G2988	1
G1688	G2077	1
G306	G1116	1
G1998	G2449	1
G525	G1918	1
G2312	G2979	1
G521	G1143	1
G880	G1525	1
G107	G194	1
G529	G1920	1
G1605	G2890	1
G149	G676	1
G36	G1139	1
G2724	G2768	1
G1598	G2597	1
G848	G2175	1
G960	G1152	1
G1550	G2544	1
G2232	G2583	1
G207	G2046	1
G1671	G2569	1
G554	G1932	1
G858	G2385	1
G579	G1527	1
G438	G1394	1
G876	G2465	1
G796	G1116	1
G1566	G2860	1
G163	G2780	1
G450	G2098	1
G1397	G2581	1
G266	G2425	1
G80	G642	1
G336	G433	1
G564	G810	1
G1848	G2019	1
G1476	G1749	1
G2606	G2887	1
G554	G2724	1
G2503	G2749	1
G258	G1513	1
G1207	G2953	1
G1152	G1543	1
G516	G2741	1
G2545	G2895	1
G1564	G2468	1
G586	G2940	1
G438	G516	1
G1309	G2681	1
G935	G1730	1
G1923	G2648	1
G907	G2274	1
G1216	G2342	1
G332	G1648	1
G1116	G1957	1
G1671	G1863	1
G2341	G2535	1
G2769	G2977	1
G2381	G2780	1
G1223	G1747	1
G924	G2381	1
G696	G1916	1
G1452	G2327	1
G486	G2404	1
G2144	G3004	1
G1118	G2919	1
G1320	G2447	1
G2118	G2949	1
G1328	G2453	1
G515	G1010	1
G612	G2689	1
G722	G2591	1
G1500	G1997	1
G410	G2144	1
G2103	G2462	1
G1243	G2175	1
G2360	G2522	1
G853	G1112	1
G899	G2447	1
G774	G2365	1
G1223	G1612	1
G866	G1313	1
G1452	G1953	1
G1152	G1671	1
G192	G773	1
G885	G1932	1
G82	G1918	1
G691	G1106	1
G1039	G2365	1
G340	G1550	1
G758	G2570	1
G1106	G2812	1
G508	G2181	1
G141	G1747	1
G1418	G2407	1
G2780	G2877	1
G2870	G2983	1
G642	G1723	1
G889	G1485	1
G1871	G2382	1
G315	G1576	1
G2834	G2877	1
G1564	G2263	1
G2141	G2841	1
G885	G2724	1
G693	G2713	1
G955	G2347	1
G2056	G2588	1
G1573	G2743	1
G2100	G2735	1
G1316	G2557	1
G1342	G2056	1
G574	G1365	1
G1068	G2283	1
G1452	G2988	1
G963	G2553	1
G2263	G2941	1
G374	G1397	1
G2291	G2348	1
G2563	G2949	1
G126	G1625	1
G1099	G1793	1
G1628	G2070	1
G259	G2462	1
G374	G1870	1
G104	G2681	1
G529	G1223	1
G300	G2175	1
G1610	G2810	1
G2346	G2368	1
G642	G1090	1
G402	G600	1
G2429	G2973	1
G315	G2977	1
G1022	G2425	1
G462	G1383	1
G955	G2638	1
G283	G1591	1
G1550	G2790	1
G827	G1328	1
G960	G2496	1
G150	G1612	1
G1090	G2814	1
G1540	G2063	1
G596	G960	1
G880	G2987	1
G1042	G1570	1
G1645	G1792	1
G216	G2274	1
G911	G2045	1
G1923	G2365	1
G685	G1932	1
G2302	G2525	1
G366	G1953	1
G385	G2191	1
G331	G2924	1
G894	G1681	1
G2425	G2870	1
G148	G2713	1
G590	G897	1
G802	G2427	1
G958	G1932	1
G133	G1123	1
G1465	G1922	1
G1919	G2404	1
G2467	G2620	1
G1000	G2749	1
G141	G1010	1
G1397	G1923	1
G2035	G2196	1
G2263	G2497	1
G239	G2589	1
G1397	G1524	1
G1681	G2622	1
G1524	G1726	1
G1313	G1763	1
G2232	G2514	1
G755	G2535	1
G2496	G2972	1
G437	G2776	1
G958	G2724	1
G1793	G2686	1
G1564	G2118	1
G693	G1452	1
G107	G2462	1
G834	G2733	1
G294	G668	1
G660	G1953	1
G1739	G2188	1
G2435	G2843	1
G2238	G2775	1
G2351	G2812	1
G366	G2988	1
G1179	G2041	1
G1542	G2735	1
G1455	G2063	1
G267	G275	1
G1562	G1849	1
G11	G231	1
G331	G1903	1
G2103	G2667	1
G231	G2405	1
G596	G902	1
G1953	G2924	1
G1606	G1666	1
G358	G2163	1
G923	G1780	1
G325	G2528	1
G364	G2274	1
G2096	G2472	1
G80	G2768	1
G809	G1513	1
G150	G2766	1
G464	G1346	1
G860	G2783	1
G794	G2381	1
G1842	G2155	1
G773	G1027	1
G1893	G2258	1
G2405	G2822	1
G1205	G2868	1
G2381	G2798	1
G300	G1806	1
G1116	G2736	1
G229	G1979	1
G1412	G2047	1
G340	G1901	1
G456	G2865	1
G924	G2462	1
G2504	G2865	1
G660	G2988	1
G177	G2583	1
G506	G1010	1
G1116	G1261	1
G1306	G2023	1
G1328	G1513	1
G1691	G2774	1
G1867	G2312	1
G36	G1562	1
G462	G694	1
G1422	G1985	1
G2300	G2538	1
G879	G1218	1
G1099	G1948	1
G133	G2799	1
G797	G1429	1
G364	G2693	1
G148	G1452	1
G1152	G1625	1
G2180	G2435	1
G734	G2769	1
G1211	G1543	1
G1550	G1681	1
G1863	G2355	1
G551	G2958	1
G1044	G2528	1
G256	G433	1
G1550	G2738	1
G163	G2175	1
G1218	G1255	1
G482	G901	1
G511	G2103	1
G1719	G2073	1
G1320	G2620	1
G1606	G2799	1
G450	G1006	1
G694	G1191	1
G106	G371	1
G107	G806	1
G1236	G2229	1
G1040	G2532	1
G1823	G2222	1
G1305	G2698	1
G734	G1901	1
G2188	G2815	1
G899	G2620	1
G354	G622	1
G851	G1783	1
G1249	G1957	1
G789	G2570	1
G1446	G1606	1
G1159	G1243	1
G1106	G1329	1
G1445	G2597	1
G187	G563	1
G610	G1211	1
G1841	G1901	1
G622	G2465	1
G2581	G2979	1
G663	G2583	1
G1416	G1850	1
G1589	G2899	1
G1316	G1849	1
G2496	G2583	1
G353	G715	1
G2435	G2983	1
G454	G2121	1
G482	G2404	1
G1220	G1654	1
G1211	G1671	1
G1550	G2168	1
G495	G2570	1
G2533	G2875	1
G348	G417	1
G923	G1080	1
G55	G2712	1
G596	G1550	1
G315	G2766	1
G747	G1953	1
G2191	G2232	1
G1136	G2429	1
G2103	G2380	1
G194	G2447	1
G275	G2736	1
G1418	G2591	1
G755	G2180	1
G366	G963	1
G126	G192	1
G1636	G1953	1
G956	G1948	1
G1255	G1452	1
G1008	G1628	1
G514	G1884	1
G461	G2798	1
G1966	G2961	1
G758	G1282	1
G2435	G2849	1
G1505	G2645	1
G1965	G2342	1
G2017	G2798	1
G374	G1334	1
G1382	G2790	1
G197	G729	1
G1576	G2208	1
G304	G1216	1
G405	G1591	1
G729	G1261	1
G1316	G1551	1
G423	G2689	1
G2009	G2799	1
G660	G963	1
G1500	G1507	1
G462	G1316	1
G560	G1450	1
G2681	G2733	1
G577	G1382	1
G444	G1932	1
G596	G2784	1
G1143	G1397	1
G490	G2381	1
G521	G744	1
G286	G846	1
G2035	G2395	1
G1893	G2849	1
G425	G2180	1
G708	G2312	1
G897	G2083	1
G435	G1203	1
G1525	G2723	1
G199	G2662	1
G554	G2355	1
G1139	G2979	1
G414	G2375	1
G226	G2739	1
G1093	G2790	1
G691	G2035	1
G1397	G2544	1
G1606	G2063	1
G426	G2877	1
G773	G2471	1
G1223	G2381	1
G405	G2005	1
G616	G2736	1
G801	G2814	1
G823	G923	1
G663	G2206	1
G918	G960	1
G2730	G2768	1
G625	G2538	1
G141	G194	1
G300	G2138	1
G490	G2951	1
G11	G1455	1
G700	G2281	1
G577	G715	1
G2068	G2317	1
G514	G1606	1
G1017	G1305	1
G708	G2775	1
G1849	G2355	1
G529	G2865	1
G1696	G1877	1
G2514	G2924	1
G889	G2822	1
G402	G2583	1
G1523	G2994	1
G433	G1562	1
G1335	G2843	1
G1741	G2798	1
G1448	G1848	1
G1337	G2780	1
G1748	G2972	1
G149	G1793	1
G1758	G2946	1
G1332	G1953	1
G1090	G2465	1
G1630	G1953	1
G565	G1590	1
G2390	G2745	1
G1489	G2961	1
G1719	G2597	1
G1890	G2616	1
G139	G858	1
G2921	G2961	1
G773	G2103	1
G354	G1249	1
G1893	G1920	1
G462	G2789	1
G302	G1561	1
G589	G1120	1
G596	G1901	1
G1130	G2274	1
G964	G2441	1
G1208	G2804	1
G1066	G2497	1
G808	G1433	1
G2175	G2599	1
G911	G2877	1
G1622	G2258	1
G729	G2961	1
G923	G1576	1
G1383	G2208	1
G1211	G1625	1
G1223	G2162	1
G1159	G1397	1
G834	G1542	1
G1136	G2898	1
G2141	G2354	1
G2233	G2543	1
G2183	G2560	1
G1332	G2988	1
G310	G1554	1
G663	G2514	1
G1726	G2789	1
G1525	G1564	1
G1445	G2721	1
G1827	G2063	1
G2849	G2983	1
G1953	G2405	1
G2188	G2979	1
G1617	G2405	1
G213	G564	1
G364	G2263	1
G923	G2977	1
G2103	G2232	1
G1850	G2570	1
G126	G2563	1
G1327	G2873	1
G2316	G2348	1
G2471	G2689	1
G267	G2798	1
G2814	G2944	1
G531	G1050	1
G1331	G1953	1
G461	G1806	1
G1136	G1683	1
G574	G2092	1
G99	G2779	1
G256	G2465	1
G18	G2680	1
G823	G1671	1
G2991	G2994	1
G574	G1080	1
G806	G2447	1
G306	G1916	1
G1112	G1948	1
G1543	G2780	1
G2578	G2594	1
G1863	G2870	1
G2214	G2877	1
G694	G2137	1
G1013	G1243	1
G1052	G1105	1
G377	G1798	1
G1554	G1671	1
G2315	G2923	1
G258	G2865	1
G876	G1827	1
G1027	G2467	1
G1316	G1963	1
G1916	G2317	1
G1916	G2736	1
G266	G600	1
G133	G197	1
G534	G896	1
G1394	G2404	1
G897	G1118	1
G1233	G2602	1
G685	G2355	1
G2769	G2949	1
G586	G918	1
G1397	G2790	1
G899	G2724	1
G1393	G2167	1
G828	G2490	1
G112	G2815	1
G1590	G2253	1
G490	G2462	1
G1331	G2988	1
G554	G931	1
G824	G2425	1
G1372	G2972	1
G2780	G2784	1
G1783	G2776	1
G1570	G2948	1
G1573	G2813	1
G2058	G2872	1
G554	G1243	1
G2447	G2812	1
G36	G497	1
G157	G187	1
G1475	G1750	1
G212	G1003	1
G410	G2222	1
G1313	G2490	1
G1183	G1557	1
G600	G1948	1
G691	G1335	1
G691	G1551	1
G2766	G2940	1
G703	G758	1
G1223	G2462	1
G918	G1550	1
G2553	G2620	1
G267	G2175	1
G691	G2664	1
G229	G1207	1
G715	G2812	1
G1320	G1741	1
G601	G1740	1
G1099	G2876	1
G2620	G2780	1
G1429	G2682	1
G755	G1835	1
G1635	G2293	1
G524	G2312	1
G554	G2406	1
G2093	G2426	1
G46	G2347	1
G2263	G2557	1
G1152	G2435	1
G1741	G1806	1
G2815	G2921	1
G865	G1251	1
G2274	G2789	1
G187	G1007	1
G126	G1997	1
G1913	G2641	1
G918	G2563	1
G2341	G2465	1
G402	G2514	1
G148	G586	1
G1329	G1849	1
G364	G889	1
G1496	G1948	1
G885	G958	1
G18	G784	1
G1867	G2713	1
G1469	G1932	1
G1243	G1429	1
G456	G2693	1
G1849	G2406	1
G46	G2638	1
G122	G1606	1
G885	G931	1
G315	G2949	1
G1157	G2671	1
G2262	G2535	1
G918	G2784	1
G150	G2462	1
G1605	G2684	1
G882	G1604	1
G2597	G2939	1
G187	G2597	1
G774	G2447	1
G473	G2688	1
G880	G2983	1
G1525	G2987	1
G727	G2848	1
G967	G1446	1
G693	G2648	1
G2317	G2494	1
G1118	G1523	1
G1316	G1419	1
G2606	G2621	1
G1664	G2497	1
G1932	G2814	1
G1397	G1681	1
G806	G1220	1
G2570	G2870	1
G554	G2870	1
G1008	G1118	1
G1397	G2738	1
G1806	G2274	1
G1335	G1446	1
G2418	G2597	1
G374	G1112	1
G1035	G1065	1
G1499	G2412	1
G2069	G2999	1
G817	G1867	1
G1186	G2702	1
G267	G1806	1
G1793	G2083	1
G107	G1469	1
G1747	G2467	1
G1229	G2985	1
G1528	G2147	1
G1948	G2327	1
G885	G2406	1
G11	G1099	1
G1903	G2972	1
G923	G2766	1
G1334	G2798	1
G563	G1917	1
G368	G1735	1
G1963	G2812	1
G1313	G2327	1
G784	G2347	1
G300	G1429	1
G1984	G2235	1
G2162	G2236	1
G1261	G2009	1
G985	G1877	1
G462	G2674	1
G1801	G2606	1
G774	G1441	1
G1316	G1719	1
G2369	G2486	1
G716	G994	1
G1161	G2013	1
G660	G2648	1
G685	G931	1
G596	G2570	1
G708	G1013	1
G801	G2465	1
G1270	G2733	1
G462	G1083	1
G1783	G2545	1
G2004	G2735	1
G1907	G2312	1
G918	G1901	1
G1835	G2196	1
G809	G2865	1
G332	G693	1
G1726	G2674	1
G374	G554	1
G1880	G1924	1
G150	G806	1
G1212	G2049	1
G1855	G1963	1
G2162	G2418	1
G806	G2620	1
G828	G1452	1
G710	G745	1
G703	G2327	1
G1948	G2988	1
G885	G2870	1
G1635	G1919	1
G1328	G2865	1
G2497	G2516	1
G1071	G1475	1
G554	G1397	1
G924	G1982	1
G1524	G2881	1
G1334	G2175	1
G2047	G2990	1
G1220	G2892	1
G433	G497	1
G1346	G1985	1
G1881	G2079	1
G958	G2834	1
G177	G835	1
G693	G2365	1
G425	G1027	1
G729	G1473	1
G1965	G2588	1
G851	G2312	1
G1204	G2873	1
G947	G2504	1
G1543	G2175	1
G2280	G2777	1
G362	G2724	1
G266	G828	1
G2465	G2689	1
G1194	G1500	1
G36	G2603	1
G1442	G2301	1
G715	G1329	1
G923	G2327	1
G2365	G2447	1
G410	G1675	1
G1091	G2098	1
G49	G109	1
G1543	G2283	1
G1010	G2425	1
G934	G1236	1
G1747	G2352	1
G1843	G2186	1
G1903	G2583	1
G2121	G2814	1
G525	G714	1
G1112	G1828	1
G233	G2210	1
G366	G402	1
G194	G1320	1
G354	G574	1
G625	G1564	1
G876	G1606	1
G889	G1780	1
G736	G1220	1
G1551	G2682	1
G24	G1433	1
G456	G2468	1
G1112	G2940	1
G901	G2630	1
G1098	G2540	1
G660	G2365	1
G1523	G2385	1
G879	G1422	1
G443	G964	1
G163	G1429	1
G2447	G2941	1
G2693	G2780	1
G2365	G2451	1
G958	G2870	1
G848	G2103	1
G323	G364	1
G529	G2693	1
G1723	G2405	1
G1383	G1564	1
G1918	G1966	1
G1176	G2938	1
G306	G1893	1
G758	G2430	1
G574	G758	1
G266	G2583	1
G1564	G2730	1
G1975	G2758	1
G634	G2222	1
G2676	G2766	1
G1747	G2425	1
G600	G1828	1
G1026	G1934	1
G2553	G2724	1
G475	G851	1
G715	G2941	1
G1334	G1806	1
G563	G1524	1
G1139	G1916	1
G1261	G2937	1
G911	G1550	1
G126	G529	1
G194	G1741	1
G774	G2620	1
G443	G2814	1
G600	G2940	1
G794	G2086	1
G828	G963	1
G656	G2671	1
G1053	G2341	1
G144	G2273	1
G676	G1099	1
G354	G433	1
G923	G2523	1
G841	G1702	1
G126	G2681	1
G163	G1027	1
G139	G2470	1
G586	G2063	1
G601	G2683	1
G1828	G2405	1
G733	G923	1
G456	G2263	1
G1577	G2196	1
G1083	G1335	1
G1320	G1726	1
G24	G697	1
G1716	G2895	1
G1948	G2949	1
G804	G1001	1
G402	G693	1
G1811	G2651	1
G574	G2766	1
G1508	G1992	1
G1986	G2789	1
G1496	G1828	1
G685	G1397	1
G810	G2019	1
G2126	G2129	1
G721	G1412	1
G216	G794	1
G2347	G2681	1
G1243	G2103	1
G2564	G2814	1
G891	G934	1
G450	G2069	1
G331	G2713	1
G1390	G2009	1
G958	G1397	1
G1496	G2940	1
G1612	G2648	1
G1068	G1388	1
G739	G1168	1
G886	G1006	1
G694	G934	1
G911	G2784	1
G364	G2395	1
G958	G1870	1
G46	G712	1
G444	G958	1
G1869	G1916	1
G1408	G2347	1
G960	G1543	1
G1912	G2563	1
G418	G525	1
G709	G1090	1
G2380	G2838	1
G1982	G2988	1
G1835	G2395	1
G1038	G2858	1
G1923	G2620	1
G685	G2222	1
G1564	G2366	1
G413	G755	1
G1780	G2642	1
G1670	G2675	1
G733	G1543	1
G111	G2080	1
G1455	G2798	1
G2121	G2547	1
G865	G2302	1
G1963	G2941	1
G622	G890	1
G703	G2949	1
G423	G629	1
G1332	G2648	1
G827	G885	1
G596	G700	1
G794	G1564	1
G92	G1140	1
G1135	G2656	1
G1617	G2713	1
G1152	G1828	1
G960	G2892	1
G715	G2869	1
G1932	G2465	1
G834	G860	1
G835	G1524	1
G2041	G2689	1
G596	G1282	1
G2583	G2869	1
G456	G2118	1
G107	G703	1
G2470	G2560	1
G1550	G1612	1
G2162	G2467	1
G1090	G1827	1
G148	G1912	1
G960	G1671	1
G306	G1058	1
G2544	G2780	1
G1455	G2025	1
G554	G1334	1
G433	G2188	1
G391	G2116	1
G2327	G2838	1
G2214	G2784	1
G332	G1948	1
G303	G1002	1
G558	G596	1
G1953	G2650	1
G1452	G1521	1
G425	G2103	1
G773	G1884	1
G331	G1452	1
G806	G1370	1
G1422	G1604	1
G911	G1901	1
G2365	G2620	1
G1455	G1630	1
G2079	G2142	1
G2380	G2738	1
G899	G911	1
G1671	G2814	1
G923	G2949	1
G1313	G1816	1
G2078	G2641	1
G1286	G1542	1
G806	G1320	1
G1758	G1994	1
G2342	G2588	1
G1912	G2769	1
G2049	G2994	1
G2430	G2648	1
G1543	G2180	1
G1508	G2810	1
G875	G1543	1
G456	G889	1
G1625	G2814	1
G1118	G1261	1
G1966	G2421	1
G2467	G2834	1
G1992	G2155	1
G444	G1130	1
G174	G2977	1
G1080	G2865	1
G385	G1525	1
G1635	G2437	1
G353	G2045	1
G306	G796	1
G1106	G1849	1
G715	G823	1
G1612	G2365	1
G1551	G2812	1
G266	G2514	1
G2327	G2369	1
G1731	G2032	1
G1606	G2869	1
G2887	G2973	1
G1835	G2046	1
G444	G2870	1
G437	G1806	1
G456	G1313	1
G2535	G2789	1
G2702	G2939	1
G882	G1143	1
G364	G1116	1
G686	G2101	1
G823	G2435	1
G1334	G2138	1
G1806	G2105	1
G1997	G2068	1
G148	G267	1
G696	G2540	1
G1864	G2532	1
G1130	G2188	1
G2849	G2865	1
G2327	G2738	1
G932	G2652	1
G306	G2553	1
G1881	G2551	1
G1554	G2435	1
G875	G1671	1
G1542	G2100	1
G885	G1334	1
G889	G1576	1
G1083	G1963	1
G275	G2266	1
G370	G1492	1
G823	G2563	1
G1282	G2462	1
G1036	G1654	1
G1630	G2365	1
G2366	G2838	1
G1332	G2365	1
G216	G2979	1
G462	G774	1
G773	G1606	1
G1429	G2941	1
G57	G2528	1
G2405	G2766	1
G150	G2232	1
G899	G931	1
G529	G2263	1
G515	G1525	1
G1949	G2870	1
G153	G2191	1
G796	G2553	1
G1106	G1551	1
G141	G2086	1
G433	G2395	1
G1378	G2508	1
G1237	G2230	1
G778	G2597	1
G109	G1428	1
G1066	G1224	1
G163	G2103	1
G636	G1038	1
G558	G1332	1
G889	G2977	1
G1026	G1679	1
G1223	G1982	1
G1562	G1780	1
G660	G1521	1
G682	G2138	1
G462	G2780	1
G1757	G2681	1
G151	G1731	1
G153	G2441	1
G2366	G2369	1
G201	G2071	1
G1455	G1806	1
G187	G366	1
G1441	G2877	1
G2073	G2768	1
G890	G1957	1
G577	G1093	1
G863	G2248	1
G231	G475	1
G331	G963	1
G187	G2191	1
G1452	G2121	1
G2025	G2083	1
G2490	G2937	1
G1429	G2497	1
G2072	G2946	1
G150	G1469	1
G354	G2465	1
G685	G1334	1
G2113	G2919	1
G364	G2979	1
G1726	G2780	1
G1039	G1320	1
G2676	G2951	1
G157	G744	1
G596	G1264	1
G456	G2478	1
G758	G1863	1
G958	G1334	1
G1398	G2815	1
G960	G1625	1
G1606	G2798	1
G353	G577	1
G187	G2441	1
G1756	G2306	1
G1328	G2693	1
G1835	G2979	1
G506	G2086	1
G516	G2734	1
G685	G1675	1
G2044	G2919	1
G1329	G2822	1
G1090	G1841	1
G194	G1726	1
G836	G1998	1
G1525	G2983	1
G245	G2583	1
G2798	G2977	1
G424	G1218	1
G141	G1418	1
G620	G2830	1
G2258	G2838	1
G589	G2302	1
G1397	G1500	1
G340	G405	1
G462	G622	1
G370	G1157	1
G450	G1743	1
G529	G2118	1
G1252	G2876	1
G527	G2924	1
G823	G1997	1
G1211	G1828	1
G2514	G2713	1
G1606	G2025	1
G315	G2232	1
G774	G1741	1
G433	G444	1
G700	G1112	1
G141	G1564	1
G835	G2544	1
G1894	G2685	1
G515	G2214	1
G141	G1525	1
G440	G2474	1
G258	G2263	1
G2283	G2988	1
G1039	G1741	1
G1747	G2166	1
G150	G596	1
G2044	G2538	1
G955	G2880	1
G703	G2667	1
G1564	G1916	1
G366	G2121	1
G1881	G2273	1
G1023	G2848	1
G2276	G2498	1
G1855	G2924	1
G578	G2887	1
G810	G1741	1
G1920	G2360	1
G960	G1445	1
G433	G1116	1
G417	G2887	1
G1329	G1365	1
G474	G799	1
G1930	G2380	1
G1046	G1168	1
G150	G462	1
G357	G2122	1
G762	G2374	1
G577	G923	1
G340	G2430	1
G2170	G2300	1
G348	G2494	1
G435	G1403	1
G1485	G2496	1
G827	G2073	1
G1490	G2356	1
G1827	G2798	1
G931	G1039	1
G660	G2121	1
G1405	G2066	1
G2714	G2743	1
G301	G1452	1
G1985	G2546	1
G1363	G2833	1
G12	G899	1
G140	G2115	1
G801	G1827	1
G1010	G1700	1
G1099	G2799	1
G911	G2570	1
G923	G2667	1
G1327	G1589	1
G2300	G2961	1
G525	G1489	1
G60	G955	1
G287	G2429	1
G514	G2467	1
G2468	G2563	1
G424	G806	1
G2045	G2497	1
G1261	G1606	1
G676	G2994	1
G399	G1229	1
G812	G1802	1
G698	G1695	1
G909	G2712	1
G2365	G2724	1
G1106	G1963	1
G616	G2486	1
G2274	G2780	1
G36	G899	1
G1320	G1870	1
G762	G1475	1
G824	G2972	1
G691	G1903	1
G563	G2838	1
G899	G1397	1
G1027	G2825	1
G576	G1869	1
G1090	G1455	1
G1010	G1075	1
G1543	G1835	1
G1452	G2447	1
G1748	G1948	1
G2009	G2025	1
G899	G1870	1
G828	G2921	1
G2877	G2944	1
G371	G1044	1
G1063	G2221	1
G1912	G2570	1
G889	G2766	1
G1576	G2843	1
G1250	G2848	1
G2063	G2822	1
G657	G2465	1
G15	G1907	1
G1550	G2381	1
G2188	G2320	1
G600	G1383	1
G24	G2700	1
G2447	G2557	1
G2496	G2940	1
G1625	G2465	1
G433	G2979	1
G694	G1419	1
G2244	G2877	1
G896	G2108	1
G1606	G1806	1
G362	G931	1
G828	G2365	1
G2214	G2570	1
G150	G801	1
G563	G2369	1
G625	G1261	1
G858	G1250	1
G1075	G2118	1
G1334	G1429	1
G1351	G1962	1
G426	G2685	1
G1116	G2274	1
G596	G630	1
G2468	G2769	1
G1261	G1933	1
G1739	G2320	1
G1833	G2013	1
G2440	G2447	1
G353	G2877	1
G315	G462	1
G835	G2790	1
G715	G2557	1
G2766	G2789	1
G526	G1124	1
G563	G1681	1
G1780	G1836	1
G693	G2447	1
G563	G2738	1
G1020	G1760	1
G1292	G1844	1
G1058	G1948	1
G245	G2514	1
G377	G2123	1
G1236	G1508	1
G2465	G2522	1
G924	G2843	1
G1332	G1521	1
G531	G1962	1
G1228	G2557	1
G470	G1251	1
G1133	G1524	1
G2073	G2496	1
G1250	G1966	1
G1562	G1576	1
G148	G374	1
G1237	G1751	1
G1550	G2162	1
G331	G586	1
G801	G890	1
G1103	G1320	1
G851	G963	1
G1793	G2044	1
G266	G835	1
G709	G1666	1
G2311	G2533	1
G2180	G2789	1
G1099	G2063	1
G172	G389	1
G488	G955	1
G1130	G2979	1
G1418	G1564	1
G827	G1007	1
G454	G911	1
G1130	G2618	1
G1139	G2553	1
G889	G2327	1
G867	G2532	1
G1004	G1907	1
G1838	G2041	1
G149	G1992	1
G622	G1099	1
G693	G1441	1
G503	G1203	1
G660	G2447	1
G149	G694	1
G1933	G2157	1
G1551	G2869	1
G1562	G2977	1
G1576	G2983	1
G1141	G2238	1
G1577	G1847	1
G1445	G2689	1
G624	G2991	1
G1328	G2263	1
G630	G2497	1
G149	G2247	1
G555	G2663	1
G736	G2144	1
G1854	G2535	1
G1783	G1806	1
G866	G2300	1
G514	G2425	1
G1747	G2825	1
G36	G827	1
G1446	G1748	1
G1152	G1383	1
G625	G2961	1
G1190	G1208	1
G275	G2274	1
G963	G2721	1
G875	G1065	1
G1963	G2557	1
G355	G2734	1
G462	G2535	1
G99	G2142	1
G1397	G2676	1
G1010	G2419	1
G177	G1090	1
G586	G2780	1
G685	G1112	1
G148	G1441	1
G1704	G2210	1
G1612	G2121	1
G2435	G2468	1
G1554	G2681	1
G931	G964	1
G1576	G2849	1
G1869	G2553	1
G258	G1930	1
G958	G1112	1
G331	G2648	1
G574	G2667	1
G207	G2045	1
G470	G2968	1
G241	G2885	1
G1320	G2881	1
G1390	G1606	1
G2547	G2780	1
G418	G2846	1
G663	G1723	1
G413	G2702	1
G1109	G1138	1
G625	G2983	1
G1741	G1783	1
G610	G2544	1
G107	G2849	1
G1550	G2462	1
G700	G773	1
G925	G1157	1
G2346	G2418	1
G366	G914	1
G1452	G2620	1
G1332	G2121	1
G1328	G2118	1
G758	G907	1
G907	G1480	1
G1039	G1726	1
G934	G2085	1
G931	G2814	1
G340	G2569	1
G2369	G2478	1
G810	G1403	1
G149	G2810	1
G56	G1005	1
G960	G2435	1
G454	G2834	1
G733	G1550	1
G439	G2620	1
G1383	G2983	1
G1010	G2972	1
G2405	G2462	1
G362	G1397	1
G616	G2274	1
G2798	G2988	1
G656	G1026	1
G174	G2949	1
G1204	G1589	1
G1208	G2359	1
G1382	G2381	1
G806	G2275	1
G907	G1152	1
G1903	G1948	1
G2056	G2685	1
G826	G1857	1
G715	G1849	1
G794	G2843	1
G2597	G2941	1
G926	G1525	1
G1508	G2197	1
G2790	G2843	1
G1305	G1725	1
G360	G1268	1
G216	G1916	1
G226	G393	1
G133	G934	1
G624	G1823	1
G1551	G2137	1
G1090	G1099	1
G801	G1455	1
G1780	G2535	1
G391	G2085	1
G1007	G1971	1
G107	G1446	1
G180	G357	1
G107	G1920	1
G923	G2232	1
G1161	G1833	1
G1401	G1780	1
G1441	G2563	1
G1748	G1828	1
G354	G507	1
G642	G2137	1
G1986	G2780	1
G455	G2893	1
G170	G672	1
G1204	G2295	1
G1535	G2924	1
G331	G408	1
G1218	G2924	1
G1383	G1513	1
G1331	G2121	1
G1787	G2955	1
G755	G1606	1
G1719	G2689	1
G266	G1948	1
G141	G353	1
G733	G2784	1
G1197	G1675	1
G962	G1625	1
G709	G2063	1
G846	G2038	1
G1855	G2312	1
G331	G2365	1
G1138	G2630	1
G1441	G2784	1
G2470	G2876	1
G112	G2320	1
G1562	G2766	1
G924	G1446	1
G1382	G2162	1
G462	G2180	1
G715	G1551	1
G1806	G2979	1
G68	G822	1
G554	G773	1
G1659	G1836	1
G2083	G2799	1
G897	G1816	1
G1997	G2758	1
G2441	G2758	1
G835	G2440	1
G423	G461	1
G889	G2949	1
G1612	G2447	1
G1542	G2934	1
G1741	G2924	1
G2563	G2724	1
G629	G1780	1
G1944	G2892	1
G773	G2236	1
G1741	G2297	1
G1726	G2180	1
G425	G1606	1
G1222	G1229	1
G1543	G2103	1
G2180	G2674	1
G1441	G2769	1
G1010	G2583	1
G2063	G2443	1
G456	G2730	1
G197	G2538	1
G610	G2790	1
G1644	G2066	1
G2395	G2581	1
G1893	G2118	1
G1375	G1499	1
G226	G334	1
G960	G1997	1
G2312	G2877	1
G15	G1598	1
G1580	G2927	1
G676	G2385	1
G475	G2721	1
G1847	G2924	1
G187	G335	1
G703	G1422	1
G1916	G2274	1
G2175	G2496	1
G809	G1930	1
G1332	G2447	1
G538	G1084	1
G1152	G1316	1
G163	G2405	1
G402	G1090	1
G733	G1901	1
G1513	G2814	1
G1741	G1903	1
G1406	G1671	1
G1441	G1901	1
G1704	G2421	1
G723	G1488	1
G865	G1417	1
G2369	G2395	1
G454	G1397	1
G531	G2685	1
G1904	G2415	1
G828	G866	1
G1052	G1914	1
G1112	G2063	1
G2798	G2949	1
G1269	G1793	1
G1524	G2812	1
G2144	G2921	1
G36	G1152	1
G1523	G2892	1
G1008	G2848	1
G283	G1524	1
G1806	G1847	1
G1251	G2525	1
G2041	G2317	1
G577	G960	1
G344	G393	1
G794	G1513	1
G2381	G2405	1
G794	G2849	1
G754	G1573	1
G1562	G2327	1
G462	G574	1
G923	G1422	1
G385	G2983	1
G2790	G2849	1
G1538	G2478	1
G723	G2230	1
G1806	G2730	1
G2535	G2780	1
G1645	G1836	1
G36	G1382	1
G438	G2433	1
G1035	G1659	1
G586	G2175	1
G876	G1381	1
G2222	G2355	1
G1419	G2682	1
G470	G2302	1
G600	G2063	1
G1397	G2381	1
G586	G2283	1
G629	G2092	1
G1547	G2188	1
G456	G2366	1
G1223	G2423	1
G1525	G2865	1
G552	G1325	1
G918	G2430	1
G1123	G2229	1
G1192	G2096	1
G963	G2441	1
G1488	G1508	1
G424	G879	1
G1103	G1726	1
G1446	G1700	1
G2250	G2412	1
G102	G168	1
G2346	G2467	1
G2514	G2648	1
G828	G1886	1
G703	G1332	1
G194	G2881	1
G122	G2496	1
G1152	G2789	1
G806	G1870	1
G1723	G2467	1
G2583	G2963	1
G1093	G2462	1
G1319	G2636	1
G2138	G2583	1
G2210	G2490	1
G36	G715	1
G475	G1209	1
G685	G773	1
G703	G801	1
G362	G1334	1
G104	G1968	1
G1008	G1966	1
G1429	G1849	1
G1562	G2988	1
G2073	G2944	1
G2105	G2365	1
G177	G918	1
G1978	G2025	1
G1591	G2581	1
G1475	G2145	1
G596	G1863	1
G1700	G2557	1
G719	G1671	1
G755	G1677	1
G1654	G2810	1
G715	G1963	1
G323	G2988	1
G2885	G2943	1
G955	G1564	1
G1551	G2557	1
G539	G1337	1
G2380	G2676	1
G1133	G2838	1
G2327	G2591	1
G353	G2784	1
G1329	G1576	1
G964	G2736	1
G444	G2622	1
G40	G1099	1
G722	G2983	1
G2366	G2721	1
G931	G2465	1
G1513	G2547	1
G2462	G2581	1
G213	G2449	1
G1659	G2535	1
G923	G2168	1
G192	G1907	1
G1316	G1953	1
G1510	G2098	1
G2723	G2838	1
G1010	G2514	1
G1452	G1741	1
G693	G1320	1
G425	G1677	1
G899	G1112	1
G340	G2522	1
G1429	G2664	1
G177	G456	1
G1329	G2977	1
G80	G2435	1
G55	G396	1
G851	G2365	1
G1547	G2815	1
G1573	G2464	1
G1571	G2214	1
G439	G1741	1
G366	G1320	1
G2327	G2676	1
G2494	G2528	1
G353	G2769	1
G1007	G1139	1
G1058	G1090	1
G733	G2360	1
G364	G660	1
G200	G534	1
G231	G2825	1
G682	G2871	1
G848	G2426	1
G1316	G2988	1
G722	G1513	1
G1793	G2848	1
G2346	G2352	1
G1133	G1681	1
G578	G2621	1
G1551	G2035	1
G1036	G1398	1
G1719	G1863	1
G1538	G2395	1
G1332	G2620	1
G1382	G1622	1
G1139	G2540	1
G2108	G2741	1
G462	G1835	1
G1893	G2622	1
G934	G1016	1
G2814	G2940	1
G1747	G2514	1
G1039	G1397	1
G835	G2092	1
G511	G2634	1
G514	G1700	1
G192	G2257	1
G353	G1901	1
G660	G1320	1
G2046	G2622	1
G2369	G2979	1
G1116	G2478	1
G2369	G2618	1
G1004	G2092	1
G1774	G1867	1
G335	G402	1
G844	G1684	1
G2569	G2667	1
G955	G2100	1
G574	G596	1
G2385	G2568	1
G245	G1948	1
G1236	G2320	1
G577	G2563	1
G578	G1140	1
G1726	G1835	1
G444	G1068	1
G2069	G2969	1
G1515	G2366	1
G366	G1741	1
G2346	G2425	1
G610	G2440	1
G2599	G2789	1
G652	G2480	1
G729	G1313	1
G1334	G1903	1
G1741	G2405	1
G2191	G2870	1
G2229	G2946	1
G1012	G2685	1
G1645	G2535	1
G1562	G2949	1
G2866	G2963	1
G1966	G2846	1
G243	G974	1
G1687	G2041	1
G1948	G2447	1
G475	G2242	1
G364	G1893	1
G437	G1783	1
G490	G1446	1
G1191	G2230	1
G141	G1513	1
G2232	G2776	1
G475	G2191	1
G577	G2784	1
G141	G2849	1
G298	G1431	1
G1793	G1966	1
G315	G2040	1
G529	G2366	1
G1492	G1601	1
G1473	G1763	1
G2366	G2676	1
G2071	G2887	1
G1591	G1923	1
G144	G2793	1
G1116	G2188	1
G660	G1741	1
G1706	G2846	1
G715	G1719	1
G1562	G1989	1
G1066	G2427	1
G456	G2017	1
G1566	G1982	1
G354	G1606	1
G349	G533	1
G806	G2881	1
G1223	G1920	1
G1982	G2121	1
G475	G2441	1
G1948	G2451	1
G514	G600	1
G2766	G2849	1
G1513	G2465	1
G1382	G2380	1
G762	G2460	1
G307	G2348	1
G1027	G1515	1
G1859	G2865	1
G2581	G2877	1
G1211	G2789	1
G213	G1687	1
G835	G1500	1
G577	G2769	1
G1264	G1907	1
G1932	G2068	1
G723	G1751	1
G1576	G2865	1
G364	G1328	1
G1741	G2312	1
G2063	G2977	1
G1953	G1985	1
G2724	G2940	1
G2162	G2583	1
G462	G1027	1
G506	G2849	1
G2369	G2730	1
G1975	G2156	1
G1611	G2077	1
G336	G1381	1
G141	G1446	1
G806	G1675	1
G2351	G2443	1
G1500	G2882	1
G456	G1916	1
G1455	G1783	1
G1508	G2025	1
G2263	G2977	1
G918	G2569	1
G1446	G2972	1
G577	G1901	1
G622	G1381	1
G2766	G2780	1
G443	G1455	1
G911	G2430	1
G1489	G2846	1
G574	G801	1
G1915	G2889	1
G490	G1288	1
G497	G2188	1
G1261	G1390	1
G767	G2000	1
G1329	G2766	1
G728	G2103	1
G381	G590	1
G993	G2496	1
G770	G2047	1
G744	G2465	1
G629	G1612	1
G1916	G2105	1
G49	G2557	1
G2208	G2721	1
G1671	G2599	1
G266	G1723	1
G1801	G2109	1
G1043	G1660	1
G1229	G2149	1
G1212	G1722	1
G402	G456	1
G613	G2098	1
G1335	G1591	1
G1628	G2080	1
G11	G2419	1
G1986	G2180	1
G2180	G2780	1
G223	G551	1
G501	G939	1
G194	G2939	1
G257	G1495	1
G642	G1335	1
G563	G1747	1
G642	G1551	1
G1968	G2429	1
G1007	G2274	1
G1256	G1538	1
G610	G1003	1
G405	G2341	1
G1242	G1879	1
G2671	G2969	1
G1141	G1570	1
G934	G1758	1
G1140	G2880	1
G596	G2522	1
G187	G1863	1
G1500	G2535	1
G1139	G2877	1
G1806	G1916	1
G266	G1090	1
G2463	G2468	1
G1901	G2972	1
G362	G1112	1
G546	G1862	1
G1540	G2924	1
G2368	G2467	1
G1965	G2681	1
G758	G964	1
G773	G2425	1
G402	G1986	1
G1817	G2367	1
G691	G1452	1
G596	G629	1
G1521	G2983	1
G1383	G2865	1
G281	G1542	1
G1751	G2490	1
G122	G1700	1
G1397	G2208	1
G1681	G2838	1
G2969	G2999	1
G1554	G1637	1
G177	G2063	1
G1007	G1562	1
G629	G2766	1
G853	G1907	1
G1510	G2641	1
G364	G796	1
G382	G959	1
G391	G1758	1
G414	G1848	1
G1515	G2017	1
G387	G2876	1
G1418	G1513	1
G923	G1850	1
G860	G2973	1
G596	G907	1
G1821	G2692	1
G1329	G2327	1
G1836	G2814	1
G563	G1010	1
G1948	G2620	1
G2293	G2433	1
G1455	G2924	1
G1445	G2317	1
G589	G1771	1
G353	G2570	1
G132	G2662	1
G433	G2320	1
G438	G1375	1
G1521	G2849	1
G200	G1881	1
G563	G2676	1
G1099	G2798	1
G1681	G2369	1
G1780	G2465	1
G2118	G2406	1
G141	G1223	1
G1382	G2232	1
G364	G2553	1
G514	G2972	1
G395	G2021	1
G1329	G1953	1
G1785	G2846	1
G780	G1923	1
G177	G514	1
G1612	G1741	1
G989	G1149	1
G1635	G2404	1
G192	G1598	1
G1328	G2730	1
G238	G553	1
G1334	G2405	1
G1591	G2544	1
G2073	G2346	1
G889	G2232	1
G1681	G2738	1
G2381	G2426	1
G1130	G1893	1
G2063	G2766	1
G853	G2257	1
G1455	G1903	1
G610	G2092	1
G148	G187	1
G1816	G2991	1
G1828	G1912	1
G2162	G2514	1
G901	G1375	1
G1099	G2025	1
G1551	G2963	1
G497	G794	1
G1877	G2116	1
G332	G514	1
G1538	G2730	1
G835	G1612	1
G1500	G1673	1
G693	G1726	1
G736	G2296	1
G1332	G1741	1
G40	G2994	1
G107	G1130	1
G828	G1008	1
G989	G1483	1
G1191	G1751	1
G564	G697	1
G275	G794	1
G2462	G2544	1
G624	G2538	1
G531	G1979	1
G1554	G2789	1
G366	G1726	1
G1332	G1855	1
G1700	G1963	1
G691	G963	1
G1329	G2523	1
G613	G656	1
G1261	G1696	1
G1935	G2044	1
G934	G2072	1
G2790	G2865	1
G462	G2103	1
G1564	G2540	1
G1551	G1963	1
G1637	G1916	1
G391	G917	1
G631	G2692	1
G642	G1963	1
G337	G2449	1
G778	G2689	1
G2098	G2671	1
G882	G2682	1
G1109	G1787	1
G414	G2621	1
G2206	G2849	1
G1382	G1982	1
G925	G2719	1
G458	G2946	1
G1026	G2398	1
G660	G1726	1
G2550	G2579	1
G456	G660	1
G275	G444	1
G2368	G2425	1
G462	G734	1
G2470	G2799	1
G1874	G2063	1
G1112	G2780	1
G1726	G2103	1
G75	G2597	1
G1328	G2366	1
G2425	G2581	1
G275	G2046	1
G1042	G1806	1
G497	G1116	1
G2360	G2979	1
G1315	G2440	1
G514	G2583	1
G962	G2360	1
G610	G1500	1
G1116	G2979	1
G428	G1001	1
G391	G2072	1
G1723	G2166	1
G2195	G2383	1
G385	G2865	1
G2583	G2924	1
G507	G806	1
G2063	G2327	1
G1488	G2320	1
G1881	G2793	1
G879	G2870	1
G412	G2786	1
G426	G852	1
G275	G1116	1
G450	G1412	1
G454	G554	1
G153	G1957	1
G1434	G2081	1
G801	G2758	1
G2462	G2860	1
G1787	G2584	1
G134	G2092	1
G775	G1916	1
G2263	G2327	1
G806	G1112	1
G600	G2780	1
G134	G1080	1
G2335	G2503	1
G923	G2040	1
G115	G1408	1
G1585	G1634	1
G1419	G2869	1
G613	G1006	1
G111	G2009	1
G402	G2063	1
G453	G943	1
G2374	G2893	1
G456	G1893	1
G2451	G2869	1
G1000	G2503	1
G1591	G2790	1
G1264	G1598	1
G1427	G2041	1
G233	G1651	1
G934	G1489	1
G947	G2103	1
G1433	G2484	1
G1473	G2490	1
G444	G1211	1
G552	G2104	1
G336	G2908	1
G1606	G2924	1
G758	G2266	1
G515	G2865	1
G574	G1850	1
G676	G2311	1
G765	G1135	1
G1316	G2648	1
G960	G1383	1
G1179	G2216	1
G1329	G2949	1
G11	G1671	1
G622	G2908	1
G931	G1827	1
G148	G1143	1
G1452	G2834	1
G2462	G2790	1
G1211	G2642	1
G2263	G2988	1
G2401	G2971	1
G402	G514	1
G726	G1709	1
G24	G2662	1
G1090	G2496	1
G2238	G2375	1
G1390	G1918	1
G1010	G1948	1
G215	G2235	1
G456	G1328	1
G275	G2979	1
G402	G2776	1
G391	G1489	1
G1157	G2632	1
G1243	G2467	1
G1606	G1903	1
G2014	G2354	1
G2025	G2568	1
G2667	G2789	1
G159	G482	1
G1772	G2108	1
G266	G918	1
G1543	G2026	1
G1143	G1867	1
G1551	G1719	1
G1688	G2819	1
G1576	G2693	1
G1155	G2464	1
G1985	G2944	1
G1948	G2724	1
G1090	G1748	1
G1823	G2686	1
G1083	G1452	1
G405	G2738	1
G151	G994	1
G1152	G2780	1
G2730	G2940	1
G993	G2944	1
G2283	G2451	1
G569	G1747	1
G1218	G1452	1
G1741	G2650	1
G907	G923	1
G890	G2274	1
G1747	G1774	1
G851	G2447	1
G472	G1048	1
G388	G1128	1
G826	G2142	1
G1455	G2405	1
G1827	G2924	1
G2172	G2981	1
G470	G1417	1
G1039	G1112	1
G1353	G1640	1
G2092	G2435	1
G2581	G2784	1
G1783	G2924	1
G629	G2162	1
G1985	G2204	1
G1278	G2864	1
G1827	G2297	1
G414	G1141	1
G995	G1646	1
G703	G1932	1
G1161	G2630	1
G858	G2810	1
G1783	G2297	1
G141	G2865	1
G1398	G1654	1
G85	G1857	1
G558	G1130	1
G1889	G2938	1
G852	G1973	1
G194	G2682	1
G1251	G2966	1
G1419	G2137	1
G830	G1953	1
G1012	G1979	1
G882	G2812	1
G266	G456	1
G1138	G2404	1
G1316	G2365	1
G514	G2514	1
G1612	G1726	1
G139	G2245	1
G2735	G2934	1
G634	G2230	1
G1857	G2873	1
G456	G1058	1
G747	G2773	1
G1042	G1580	1
G2327	G2538	1
G1328	G2017	1
G1397	G1564	1
G1387	G2478	1
G1397	G1525	1
G1783	G1903	1
G2068	G2618	1
G408	G2834	1
G194	G739	1
G2236	G2281	1
G1049	G2522	1
G426	G817	1
G923	G1932	1
G596	G1039	1
G36	G2045	1
G1192	G1356	1
G1525	G2118	1
G266	G1986	1
G758	G1139	1
G1332	G1726	1
G1383	G2693	1
G1455	G2312	1
G139	G2498	1
G662	G2034	1
G696	G1264	1
G1645	G2465	1
G2363	G2672	1
G1500	G2547	1
G1058	G2063	1
G1112	G2175	1
G187	G2736	1
G642	G848	1
G1787	G2012	1
G2232	G2869	1
G923	G2724	1
G709	G1806	1
G1452	G1870	1
G1953	G2041	1
G2263	G2949	1
G586	G2471	1
G11	G1625	1
G1112	G2283	1
G67	G293	1
G574	G2040	1
G1953	G2285	1
G835	G2381	1
G157	G2869	1
G1361	G1718	1
G1328	G1916	1
G1313	G1935	1
G391	G2560	1
G772	G1930	1
G1933	G2385	1
G1953	G2206	1
G2041	G2244	1
G2092	G2859	1
G194	G315	1
G391	G2946	1
G629	G1218	1
G456	G2553	1
G609	G1286	1
G1932	G2758	1
G24	G2457	1
G426	G840	1
G629	G2462	1
G1243	G2425	1
G2040	G2465	1
G282	G2184	1
G1211	G2835	1
G275	G853	1
G600	G2175	1
G1106	G1953	1
G691	G2648	1
G758	G1406	1
G2140	G2331	1
G630	G1907	1
G393	G1251	1
G150	G958	1
G600	G2283	1
G521	G1963	1
G1133	G1747	1
G960	G1316	1
G744	G1827	1
G529	G1328	1
G1975	G2435	1
G1739	G1877	1
G163	G2467	1
G955	G1265	1
G475	G569	1
G475	G2689	1
G2776	G2865	1
G1771	G1864	1
G231	G693	1
G1610	G2157	1
G586	G734	1
G1916	G2979	1
G835	G2162	1
G266	G283	1
G1078	G2162	1
G1916	G2618	1
G517	G1140	1
G1106	G2988	1
G816	G1706	1
G947	G2297	1
G1586	G2807	1
G660	G663	1
G708	G2375	1
G2296	G2815	1
G82	G1992	1
G1133	G2591	1
G2190	G2698	1
G846	G2612	1
G1806	G2553	1
G2381	G2467	1
G2188	G2563	1
G902	G1420	1
G866	G1877	1
G1524	G1849	1
G2232	G2798	1
G680	G1550	1
G2467	G2497	1
G192	G1612	1
G213	G708	1
G306	G573	1
G36	G2346	1
G629	G806	1
G3	G619	1
G1550	G2843	1
G816	G866	1
G851	G2620	1
G275	G2031	1
G1728	G1864	1
G2768	G2979	1
G801	G2496	1
G955	G2733	1
G192	G758	1
G364	G577	1
G1418	G2865	1
G865	G867	1
G1718	G1837	1
G894	G2983	1
G1576	G2263	1
G331	G1320	1
G398	G1041	1
G1855	G2365	1
G2425	G2544	1
G882	G1329	1
G907	G2877	1
G48	G2899	1
G2514	G2620	1
G421	G1476	1
G931	G1455	1
G1500	G2465	1
G1133	G2676	1
G150	G1130	1
G740	G2743	1
G1570	G2681	1
G960	G2789	1
G1010	G2940	1
G1251	G2990	1
G1521	G2865	1
G902	G1607	1
G36	G2892	1
G1320	G2941	1
G1986	G2103	1
G1639	G2063	1
G691	G2365	1
G1313	G2144	1
G733	G2430	1
G2850	G2880	1
G539	G2073	1
G729	G1508	1
G1564	G2073	1
G315	G1243	1
G2188	G2769	1
G2383	G2698	1
G306	G2441	1
G1513	G2599	1
G2769	G2870	1
G2451	G2557	1
G192	G2766	1
G744	G890	1
G1524	G2664	1
G835	G2462	1
G1787	G2108	1
G1140	G2505	1
G162	G2240	1
G596	G964	1
G1566	G2354	1
G974	G1245	1
G2235	G2433	1
G2742	G2745	1
G964	G1139	1
G1334	G1452	1
G2443	G2812	1
G636	G815	1
G1827	G2405	1
G266	G2063	1
G625	G2263	1
G315	G2406	1
G1118	G2188	1
G1728	G1771	1
G374	G2822	1
G586	G1975	1
G444	G1645	1
G1116	G1916	1
G1027	G1723	1
G163	G2425	1
G1316	G1521	1
G2496	G2780	1
G1495	G2570	1
G1757	G1968	1
G461	G475	1
G758	G1562	1
G2073	G2435	1
G1383	G2263	1
G2724	G2789	1
G378	G2737	1
G107	G1496	1
G2570	G2581	1
G842	G1806	1
G624	G1523	1
G1337	G2418	1
G624	G2452	1
G2327	G2723	1
G125	G1140	1
G586	G1331	1
G266	G514	1
G1027	G1090	1
G1513	G1606	1
G674	G785	1
G245	G456	1
G501	G1914	1
G1384	G1914	1
G563	G2208	1
G1554	G2835	1
G524	G1741	1
G1550	G2849	1
G2721	G2736	1
G374	G1365	1
G1783	G2312	1
G2425	G2790	1
G629	G2380	1
G306	G1282	1
G773	G2972	1
G1382	G1768	1
G514	G835	1
G471	G1822	1
G663	G2869	1
G139	G2937	1
G758	G1495	1
G700	G1923	1
G610	G2381	1
G993	G1543	1
G993	G2346	1
G364	G2877	1
G882	G2869	1
G660	G2881	1
G426	G1155	1
G1496	G2180	1
G744	G1309	1
G882	G1416	1
G1118	G2815	1
G1751	G2921	1
G426	G1757	1
G1383	G1496	1
G1835	G2877	1
G600	G2138	1
G1383	G2118	1
G159	G2899	1
G216	G563	1
G108	G1691	1
G400	G1666	1
G462	G1606	1
G2017	G2648	1
G1591	G2092	1
G1716	G2951	1
G1238	G1809	1
G1264	G2766	1
G1054	G2661	1
G2283	G2724	1
G539	G2597	1
G634	G789	1
G1207	G1475	1
G1564	G2597	1
G1681	G1747	1
G126	G574	1
G1083	G2648	1
G11	G2435	1
G625	G1313	1
G1316	G2121	1
G78	G2312	1
G80	G1637	1
G907	G960	1
G923	G2355	1
G1547	G2320	1
G315	G1870	1
G348	G2517	1
G283	G1747	1
G2235	G2779	1
G153	G354	1
G610	G2162	1
G846	G1554	1
G843	G2459	1
G837	G944	1
G1455	G2713	1
G80	G1316	1
G2591	G2882	1
G1152	G2180	1
G1427	G1965	1
G1007	G1116	1
G267	G2467	1
G1289	G1818	1
G960	G2674	1
G508	G2683	1
G275	G1480	1
G1314	G2990	1
G2823	G2951	1
G364	G563	1
G2181	G2357	1
G1681	G2591	1
G2354	G2365	1
G1090	G2419	1
G964	G2274	1
G445	G828	1
G960	G1083	1
G773	G2583	1
G962	G2699	1
G1901	G1948	1
G283	G2591	1
G955	G1542	1
G1748	G2835	1
G1828	G2206	1
G1220	G2080	1
G1801	G2119	1
G52	G820	1
G554	G1923	1
G1505	G2380	1
G2780	G2814	1
G69	G124	1
G2497	G2724	1
G4	G2449	1
G199	G2263	1
G107	G1591	1
G2346	G2514	1
G2103	G2241	1
G497	G1382	1
G733	G2569	1
G888	G2457	1
G563	G569	1
G734	G1139	1
G1236	G1398	1
G1331	G1397	1
G1138	G1375	1
G1419	G1551	1
G1363	G2302	1
G144	G159	1
G663	G1106	1
G1810	G1990	1
G111	G1933	1
G1551	G1636	1
G416	G1003	1
G283	G1010	1
G1681	G2676	1
G851	G1741	1
G1527	G2582	1
G1739	G2246	1
G794	G2118	1
G882	G1106	1
G1806	G2045	1
G1352	G2640	1
G1407	G1922	1
G924	G1591	1
G2784	G2972	1
G918	G964	1
G1604	G2202	1
G40	G1654	1
G80	G2789	1
G1494	G1580	1
G1542	G2004	1
G2166	G2443	1
G625	G2478	1
G1666	G1863	1
G2713	G2849	1
G853	G2766	1
G216	G960	1
G1083	G2365	1
G194	G2497	1
G703	G958	1
G1223	G2468	1
G851	G2375	1
G2144	G2946	1
G610	G2462	1
G525	G1735	1
G335	G1741	1
G514	G1948	1
G703	G931	1
G1251	G1764	1
G1012	G1565	1
G612	G2402	1
G331	G1726	1
G2108	G2734	1
G275	G715	1
G772	G2730	1
G876	G1445	1
G885	G1923	1
G335	G1855	1
G456	G2540	1
G885	G1524	1
G452	G2854	1
G1109	G2741	1
G267	G2352	1
G1335	G1645	1
G1863	G2544	1
G924	G2622	1
G192	G2162	1
G15	G2141	1
G890	G2188	1
G2121	G2496	1
G2320	G2994	1
G2583	G2713	1
G96	G124	1
G1553	G1952	1
G177	G1806	1
G1143	G2257	1
G2175	G2435	1
G1316	G2447	1
G923	G958	1
G1389	G1929	1
G1329	G1422	1
G1612	G2881	1
G1645	G1827	1
G694	G1704	1
G2793	G2899	1
G216	G902	1
G960	G2642	1
G1397	G2258	1
G2063	G2232	1
G177	G266	1
G923	G931	1
G640	G1102	1
G337	G708	1
G2367	G2549	1
G1852	G2005	1
G1116	G1893	1
G934	G1994	1
G263	G2298	1
G907	G1550	1
G334	G360	1
G600	G1835	1
G529	G2341	1
G923	G1243	1
G200	G2412	1
G563	G2723	1
G715	G1953	1
G896	G1742	1
G332	G1806	1
G421	G1561	1
G1521	G2693	1
G402	G2798	1
G834	G2680	1
G685	G2686	1
G1130	G2877	1
G891	G2921	1
G1564	G2721	1
G2447	G2988	1
G1112	G1429	1
G1473	G2921	1
G934	G2876	1
G721	G1864	1
G1725	G2198	1
G694	G2921	1
G610	G806	1
G642	G2312	1
G958	G2686	1
G1332	G2881	1
G1806	G2540	1
G2208	G2628	1
G324	G421	1
G149	G1424	1
G907	G2563	1
G963	G2736	1
G144	G438	1
G1897	G2040	1
G402	G1106	1
G815	G2858	1
G1065	G2682	1
G2443	G2869	1
G923	G2406	1
G889	G1932	1
G245	G514	1
G1606	G2713	1
G663	G1806	1
G2045	G2977	1
G1870	G1963	1
G278	G1303	1
G715	G2988	1
G1306	G2482	1
G2	G1218	1
G1135	G1203	1
G1543	G2467	1
G456	G1946	1
G1286	G1878	1
G510	G2684	1
G391	G1994	1
G374	G1780	1
G194	G823	1
G108	G110	1
G859	G1942	1
G315	G1334	1
G773	G2514	1
G2078	G2572	1
G907	G2784	1
G586	G2405	1
G889	G2724	1
G600	G1429	1
G2712	G2939	1
G624	G1261	1
G596	G1139	1
G1419	G1963	1
G1372	G2780	1
G2013	G2108	1
G515	G889	1
G443	G1748	1
G1446	G1828	1
G578	G2864	1
G1499	G2235	1
G80	G1228	1
G391	G2876	1
G444	G657	1
G192	G2462	1
G366	G1112	1
G1236	G1877	1
G1963	G2327	1
G794	G1591	1
G340	G1562	1
G75	G2457	1
G1004	G2232	1
G1223	G2118	1
G1420	G2232	1
G554	G2544	1
G1090	G1543	1
G563	G1525	1
G1591	G1612	1
G907	G2769	1
G2978	G2995	1
G1677	G1783	1
G1719	G2486	1
G574	G1133	1
G2176	G2948	1
G323	G2620	1
G758	G993	1
G250	G1145	1
G1863	G2790	1
G425	G600	1
G531	G1155	1
G600	G1027	1
G660	G1112	1
G1080	G1328	1
G2020	G2681	1
G1953	G2564	1
G2738	G2979	1
G1982	G2834	1
G1422	G2869	1
G405	G1010	1
G1313	G2222	1
G558	G1591	1
G1091	G2572	1
G1827	G2713	1
G801	G2419	1
G1803	G2263	1
G907	G1901	1
G307	G1565	1
G366	G554	1
G1500	G1827	1
G456	G885	1
G907	G1997	1
G1963	G2988	1
G141	G1761	1
G36	G1550	1
G1397	G2849	1
G1741	G1912	1
G374	G2092	1
G367	G2582	1
G421	G2071	1
G1075	G2341	1
G126	G2465	1
G1901	G2940	1
G374	G1080	1
G634	G1547	1
G1090	G1671	1
G1148	G1329	1
G629	G1332	1
G613	G1743	1
G1543	G2352	1
G2046	G2581	1
G629	G801	1
G2447	G2949	1
G433	G960	1
G835	G1982	1
G413	G967	1
G1783	G2650	1
G842	G1429	1
G11	G1828	1
G715	G963	1
G36	G2563	1
G402	G1806	1
G193	G2140	1
G666	G2767	1
G755	G2419	1
G885	G2544	1
G1489	G2300	1
G408	G554	1
G1625	G2496	1
G1006	G2098	1
G1316	G2620	1
G1857	G2295	1
G360	G770	1
G659	G1954	1
G610	G2380	1
G600	G2368	1
G574	G958	1
G1	G1687	1
G1058	G2798	1
G1385	G2395	1
G1429	G2327	1
G747	G2939	1
G890	G1116	1
G325	G1887	1
G1543	G2425	1
G576	G1746	1
G758	G1455	1
G2341	G2583	1
G1397	G1446	1
G1397	G1920	1
G1116	G2553	1
G163	G600	1
G302	G1998	1
G827	G2736	1
G1806	G2877	1
G1429	G1953	1
G1010	G1986	1
G425	G2419	1
G899	G1867	1
G1044	G2606	1
G1420	G1422	1
G456	G563	1
G876	G2435	1
G691	G1441	1
G1897	G2724	1
G1835	G2784	1
G755	G2972	1
G75	G405	1
G311	G522	1
G1112	G2471	1
G2570	G2790	1
G554	G2790	1
G574	G2406	1
G139	G1610	1
G444	G1524	1
G709	G848	1
G853	G2162	1
G36	G2769	1
G306	G2689	1
G2676	G2870	1
G918	G2465	1
G1521	G2263	1
G525	G1191	1
G85	G316	1
G1223	G1591	1
G2734	G2779	1
G1066	G1216	1
G2724	G2835	1
G1116	G1540	1
G85	G2142	1
G157	G1963	1
G824	G2776	1
G1701	G2686	1
G64	G1008	1
G910	G1056	1
G934	G1694	1
G231	G1090	1
G400	G1041	1
G490	G2622	1
G810	G2497	1
G1954	G2909	1
G600	G2471	1
G1774	G2766	1
G1835	G2859	1
G1916	G2401	1
G318	G415	1
G809	G2341	1
G890	G2979	1
G905	G1536	1
G854	G1257	1
G1997	G2563	1
G2214	G2814	1
G1789	G2104	1
G1237	G1966	1
G835	G1332	1
G596	G1562	1
G46	G955	1
G258	G851	1
G1835	G1901	1
G1090	G1625	1
G1004	G1332	1
G1243	G2583	1
G931	G2758	1
G1329	G2463	1
G907	G2360	1
G885	G2790	1
G2317	G2345	1
G150	G1591	1
G1562	G1932	1
G1849	G2822	1
G529	G885	1
G1923	G2497	1
G516	G2899	1
G940	G1286	1
G600	G2103	1
G984	G2658	1
G1035	G2547	1
G2165	G2803	1
G433	G1550	1
G612	G635	1
G1628	G2009	1
G1008	G2210	1
G1141	G2792	1
G1521	G2118	1
G2671	G2837	1
G1719	G2274	1
G754	G2690	1
G1145	G2943	1
G187	G1139	1
G258	G1946	1
G516	G2250	1
G755	G2583	1
G1012	G1155	1
G1562	G2724	1
G2065	G2691	1
G2724	G2780	1
G1012	G1757	1
G1570	G2449	1
G2597	G2977	1
G2570	G2738	1
G1808	G2223	1
G1673	G1741	1
G1026	G2069	1
G1637	G2877	1
G944	G2030	1
G434	G1358	1
G1903	G2798	1
G433	G2563	1
G1168	G1418	1
G426	G1683	1
G854	G2768	1
G1422	G1639	1
G1560	G2122	1
G459	G1114	1
G663	G1335	1
G663	G1551	1
G911	G2547	1
G1455	G2648	1
G1313	G2296	1
G2427	G2449	1
G960	G1836	1
G1496	G2103	1
G1090	G1445	1
G835	G882	1
G882	G1335	1
G959	G961	1
G773	G835	1
G882	G1551	1
G1143	G2092	1
G433	G2784	1
G1168	G1525	1
G1634	G1934	1
G1500	G1606	1
G278	G2449	1
G1577	G2784	1
G2047	G2739	1
G865	G1040	1
G1130	G1550	1
G425	G2583	1
G187	G1406	1
G64	G2072	1
G642	G2713	1
G2068	G2553	1
G456	G2073	1
G266	G2798	1
G1106	G1521	1
G923	G1334	1
G600	G2351	1
G801	G1671	1
G1243	G2041	1
G1576	G2366	1
G1723	G1774	1
G2380	G2983	1
G1700	G1953	1
G514	G1090	1
G1591	G2381	1
G2638	G2948	1
G848	G2514	1
G157	G1719	1
G266	G1106	1
G1551	G1953	1
G1433	G1741	1
G275	G2828	1
G885	G2738	1
G1903	G2175	1
G80	G275	1
G139	G1099	1
G433	G2769	1
G685	G2822	1
G1010	G2063	1
G1152	G2103	1
G784	G1542	1
G1316	G1320	1
G758	G2046	1
G709	G2924	1
G1112	G1975	1
G2559	G2806	1
G958	G2822	1
G1829	G2084	1
G1700	G2988	1
G2263	G2447	1
G624	G1473	1
G1130	G2784	1
G1542	G2469	1
G444	G490	1
G444	G2544	1
G332	G1429	1
G1336	G2781	1
G736	G2230	1
G1551	G2988	1
G433	G1901	1
G286	G1979	1
G901	G2551	1
G2380	G2849	1
G2395	G2462	1
G2327	G2983	1
G577	G817	1
G924	G2366	1
G2405	G2870	1
G266	G2175	1
G216	G2570	1
G2149	G2393	1
G758	G1387	1
G2465	G2979	1
G610	G879	1
G1591	G2162	1
G2741	G2955	1
G642	G1452	1
G1455	G2365	1
G453	G1921	1
G2369	G2877	1
G1083	G2447	1
G2263	G2451	1
G2270	G2296	1
G1704	G2230	1
G192	G2232	1
G408	G739	1
G470	G589	1
G2462	G2951	1
G2092	G2789	1
G2814	G2882	1
G1316	G1741	1
G2534	G2626	1
G921	G930	1
G2241	G2988	1
G163	G2583	1
G64	G1489	1
G1793	G2210	1
G1130	G2769	1
G587	G1286	1
G402	G1335	1
G755	G2807	1
G445	G1793	1
G586	G2426	1
G854	G2272	1
G456	G1877	1
G2583	G2648	1
G374	G2766	1
G1003	G2988	1
G590	G2210	1
G36	G529	1
G1916	G2553	1
G2533	G2925	1
G1335	G1524	1
G1383	G2366	1
G2327	G2849	1
G1681	G2208	1
G2045	G2949	1
G1823	G2044	1
G744	G2758	1
G306	G1863	1
G80	G774	1
G157	G848	1
G194	G1849	1
G1106	G2121	1
G1130	G1901	1
G852	G2567	1
G1083	G1441	1
G187	G2274	1
G1099	G2405	1
G349	G2041	1
G364	G2570	1
G1822	G2970	1
G148	G315	1
G456	G1007	1
G553	G1156	1
G2749	G2902	1
G533	G2590	1
G2366	G2983	1
G882	G1963	1
G80	G2780	1
G267	G2825	1
G1419	G1903	1
G266	G1806	1
G987	G1573	1
G2347	G2508	1
G438	G2273	1
G1606	G2648	1
G801	G1625	1
G1159	G1500	1
G773	G1948	1
G889	G931	1
G335	G663	1
G934	G1123	1
G876	G1828	1
G960	G2535	1
G1677	G2312	1
G1143	G2977	1
G456	G2597	1
G1013	G2427	1
G2080	G2991	1
G340	G1455	1
G187	G1562	1
G1256	G1753	1
G875	G2882	1
G876	G2940	1
G1591	G2462	1
G1042	G2775	1
G216	G366	1
G1133	G1525	1
G1881	G2293	1
G1384	G2743	1
G1773	G2439	1
G1388	G2063	1
G444	G2790	1
G960	G1030	1
G589	G1040	1
G355	G2899	1
G642	G963	1
G194	G2664	1
G2461	G2588	1
G192	G596	1
G574	G1334	1
G1668	G2894	1
G421	G836	1
G194	G685	1
G11	G1383	1
G163	G2206	1
G1204	G1499	1
G1927	G2440	1
G355	G2250	1
G325	G2436	1
G1985	G2360	1
G859	G2319	1
G351	G2970	1
G157	G364	1
G133	G2921	1
G1781	G1907	1
G799	G1207	1
G99	G2013	1
G1726	G2467	1
G1261	G1793	1
G1695	G2150	1
G1932	G2892	1
G794	G2366	1
G192	G462	1
G423	G1382	1
G315	G773	1
G257	G2872	1
G231	G456	1
G2222	G2230	1
G2457	G2662	1
G1264	G2232	1
G1476	G1931	1
G691	G1320	1
G1877	G2946	1
G789	G1099	1
G1157	G2047	1
G934	G2799	1
G527	G1604	1
G1211	G2103	1
G1573	G2347	1
G275	G2045	1
G64	G2946	1
G2263	G2620	1
G1090	G2435	1
G1806	G2784	1
G476	G2882	1
G1116	G2540	1
G477	G1645	1
G774	G2557	1
G539	G2457	1
G148	G2812	1
G882	G1419	1
G964	G1116	1
G111	G1918	1
G448	G1005	1
G674	G1547	1
G1606	G2365	1
G1076	G2058	1
G2435	G2838	1
G423	G715	1
G283	G569	1
G2142	G2433	1
G880	G2165	1
G1310	G2522	1
G444	G2369	1
G2181	G2416	1
G2467	G2822	1
G1044	G2887	1
G1562	G2355	1
G1427	G2887	1
G758	G899	1
G391	G2799	1
G1793	G2421	1
G433	G529	1
G1469	G2544	1
G2188	G2470	1
G1719	G2105	1
G1554	G1573	1
G433	G2570	1
G1848	G2347	1
G1893	G2838	1
G444	G1681	1
G1161	G1375	1
G708	G2887	1
G2232	G2924	1
G444	G2738	1
G882	G1719	1
G1591	G2667	1
G514	G918	1
G960	G2180	1
G2381	G2514	1
G902	G2689	1
G409	G1566	1
G1383	G2017	1
G2468	G2547	1
G1013	G2092	1
G1604	G1920	1
G192	G801	1
G577	G1836	1
G514	G1103	1
G717	G1181	1
G1422	G1551	1
G2302	G2739	1
G1694	G2568	1
G1329	G1932	1
G2798	G2870	1
G890	G1916	1
G1881	G1919	1
G1806	G1901	1
G1923	G2557	1
G1694	G1966	1
G2009	G2921	1
G125	G2119	1
G956	G2775	1
G2044	G2188	1
G1749	G2345	1
G1524	G2977	1
G1005	G1018	1
G563	G2983	1
G887	G933	1
G266	G2138	1
G554	G2092	1
G1046	G2478	1
G781	G2121	1
G2951	G2979	1
G516	G1327	1
G1893	G2369	1
G2274	G2467	1
G1143	G2766	1
G807	G2935	1
G1329	G2724	1
G2730	G2780	1
G703	G1046	1
G630	G926	1
G889	G1397	1
G1712	G2828	1
G462	G2425	1
G964	G2979	1
G914	G1741	1
G306	G1957	1
G964	G2618	1
G286	G480	1
G456	G1858	1
G529	G2597	1
G853	G2232	1
G1858	G2949	1
G1455	G2166	1
G456	G2721	1
G1383	G1916	1
G2514	G2881	1
G1130	G2570	1
G1186	G1404	1
G1726	G2634	1
G344	G2935	1
G2172	G2671	1
G2317	G2427	1
G1118	G2320	1
G1316	G1726	1
G1681	G2723	1
G774	G1867	1
G1726	G2425	1
G402	G1419	1
G1598	G2979	1
G364	G1282	1
G734	G2068	1
G1513	G2496	1
G283	G2086	1
G563	G1513	1
G899	G2822	1
G563	G2849	1
G685	G1780	1
G2073	G2789	1
G192	G882	1
G827	G1971	1
G860	G950	1
G1668	G2958	1
G139	G2994	1
G1332	G1577	1
G1112	G2405	1
G1223	G2366	1
G493	G2179	1
G1363	G1771	1
G354	G1671	1
G286	G1207	1
G2620	G2825	1
G300	G693	1
G15	G2354	1
G353	G1039	1
G374	G2162	1
G534	G1857	1
G1455	G1985	1
G1211	G2871	1
G807	G841	1
G778	G1406	1
G596	G2603	1
G1591	G2380	1
G1385	G1538	1
G1334	G1441	1
G11	G1316	1
G2162	G2776	1
G2597	G2949	1
G554	G1500	1
G1390	G1793	1
G1662	G2130	1
G2392	G2442	1
G443	G1671	1
G1469	G2790	1
G773	G2940	1
G708	G2639	1
G758	G827	1
G736	G789	1
G400	G1639	1
G1934	G2069	1
G412	G2711	1
G2044	G2815	1
G2142	G2779	1
G2254	G2758	1
G2058	G2535	1
G1675	G2921	1
G1143	G2327	1
G2498	G2722	1
G141	G2366	1
G1741	G2206	1
G2588	G2864	1
G148	G1329	1
G600	G2405	1
G853	G1982	1
G444	G2440	1
G442	G854	1
G933	G2019	1
G1441	G2814	1
G947	G2425	1
G1148	G1849	1
G75	G2522	1
G656	G2047	1
G1264	G1332	1
G283	G1418	1
G2094	G2464	1
G159	G1138	1
G894	G2118	1
G656	G1339	1
G634	G1944	1
G149	G2157	1
G994	G1688	1
G1554	G2103	1
G253	G1227	1
G1403	G2484	1
G1235	G1630	1
G525	G934	1
G809	G2073	1
G891	G1008	1
G1118	G1269	1
G1575	G1948	1
G715	G1521	1
G694	G1008	1
G744	G1748	1
G1906	G2312	1
G1816	G2961	1
G2063	G2724	1
G36	G733	1
G1327	G1787	1
G1916	G1924	1
G1328	G2073	1
G1837	G2508	1
G1833	G2433	1
G1046	G2395	1
G1562	G2406	1
G835	G2849	1
G315	G1859	1
G958	G2092	1
G2274	G2425	1
G784	G860	1
G2263	G2724	1
G660	G2941	1
G858	G1424	1
G425	G835	1
G801	G2435	1
G2425	G2951	1
G885	G1500	1
G75	G1053	1
G11	G2789	1
G1335	G2838	1
G1012	G1683	1
G194	G1719	1
G126	G1606	1
G374	G1218	1
G1551	G2648	1
G736	G897	1
G424	G2626	1
G2025	G2144	1
G46	G810	1
G374	G2462	1
G1671	G2346	1
G586	G2467	1
G224	G256	1
G144	G2630	1
G2369	G2784	1
G642	G2648	1
G198	G2733	1
G1268	G2525	1
G1403	G2973	1
G177	G2924	1
G1914	G2038	1
G163	G693	1
G364	G844	1
G1083	G1320	1
G2262	G2807	1
G275	G2877	1
G1319	G1494	1
G2224	G2890	1
G367	G1527	1
G736	G2686	1
G2380	G2865	1
G529	G2721	1
G1550	G2118	1
G1335	G2369	1
G1218	G1320	1
G1780	G2496	1
G1651	G2144	1
G842	G2405	1
G1916	G2540	1
G835	G1920	1
G522	G1385	1
G960	G1835	1
G444	G691	1
G437	G1554	1
G1806	G2570	1
G1267	G2326	1
G644	G1527	1
G2369	G2769	1
G187	G1004	1
G1335	G1681	1
G1478	G2341	1
G889	G1334	1
G1335	G2738	1
G1625	G1671	1
G149	G1933	1
G691	G1726	1
G1800	G2966	1
G1243	G2115	1
G904	G1455	1
G1090	G1828	1
G1881	G2437	1
G733	G2547	1
G1543	G2583	1
G197	G1313	1
G839	G1998	1
G443	G1625	1
G563	G1223	1
G528	G2502	1
G1748	G2103	1
G374	G806	1
G700	G2766	1
G515	G1916	1
G1337	G2041	1
G2327	G2865	1
G760	G1053	1
G402	G1783	1
G715	G2121	1
G1090	G2940	1
G541	G2503	1
G1940	G2488	1
G266	G1429	1
G876	G1383	1
G1524	G2327	1
G715	G824	1
G1719	G2395	1
G904	G2603	1
G2352	G2365	1
G266	G842	1
G192	G1850	1
G2141	G2638	1
G355	G1327	1
G1551	G2365	1
G610	G2258	1
G456	G2191	1
G693	G823	1
G302	G802	1
G1220	G2498	1
G2073	G2674	1
G514	G2063	1
G1136	G1962	1
G1152	G1606	1
G642	G2365	1
G1053	G1971	1
G663	G1903	1
G554	G1612	1
G1109	G2734	1
G2425	G2462	1
G1627	G2719	1
G1695	G2920	1
G1455	G1554	1
G1562	G1870	1
G2437	G2630	1
G674	G729	1
G201	G2681	1
G1521	G2366	1
G126	G696	1
G456	G2441	1
G918	G1455	1
G882	G1903	1
G1143	G2949	1
G1971	G2005	1
G2232	G2312	1
G758	G1480	1
G2365	G2686	1
G323	G1397	1
G1099	G1452	1
G1442	G2549	1
G1833	G2779	1
G875	G2547	1
G634	G2044	1
G2175	G2789	1
G353	G2814	1
G1383	G1893	1
G678	G2311	1
G1141	G1806	1
G596	G1387	1
G216	G630	1
G1445	G2979	1
G340	G899	1
G1524	G2988	1
G1874	G2924	1
G153	G2188	1
G1445	G2618	1
G420	G736	1
G691	G911	1
G1494	G2775	1
G1191	G1966	1
G399	G1643	1
G117	G2528	1
G148	G823	1
G433	G733	1
G960	G1027	1
G758	G1152	1
G824	G1806	1
G963	G2274	1
G1591	G1982	1
G2366	G2865	1
G1027	G1106	1
G1949	G2051	1
G425	G1948	1
G1757	G1974	1
G1524	G2523	1
G2723	G2736	1
G429	G2877	1
G307	G1683	1
G774	G924	1
G2498	G2876	1
G1060	G1950	1
G1510	G2572	1
G2570	G2676	1
G2369	G2989	1
G2297	G2924	1
G693	G2137	1
G1329	G2355	1
G835	G1223	1
G1783	G1985	1
G554	G2766	1
G1424	G2490	1
G2642	G2940	1
G1098	G1139	1
G470	G1040	1
G885	G1612	1
G2412	G2741	1
G826	G1799	1
G1238	G2719	1
G1550	G1591	1
G103	G1153	1
G304	G1276	1
G120	G524	1
G960	G2465	1
G1541	G2786	1
G329	G2474	1
G402	G2924	1
G1106	G1320	1
G216	G405	1
G258	G2591	1
G963	G1562	1
G569	G1513	1
G1316	G1870	1
G2525	G2833	1
G733	G2465	1
G1849	G2766	1
G62	G658	1
G1320	G1780	1
G577	G964	1
G2586	G2754	1
G2206	G2366	1
G1332	G2941	1
G1932	G2435	1
G1916	G2877	1
G122	G2789	1
G1204	G1787	1
G1010	G2798	1
G1136	G1448	1
G899	G1780	1
G319	G1688	1
G715	G2447	1
G11	G1083	1
G2069	G2980	1
G2320	G2892	1
G275	G960	1
G1155	G2347	1
G161	G2671	1
G278	G708	1
G374	G2380	1
G931	G2419	1
G2447	G2451	1
G879	G1751	1
G694	G736	1
G1220	G2009	1
G2425	G2667	1
G402	G1903	1
G139	G2385	1
G331	G2682	1
G2341	G2940	1
G1543	G2514	1
G590	G1686	1
G1877	G1994	1
G2435	G2597	1
G577	G2814	1
G685	G1612	1
G799	G1155	1
G1106	G1741	1
G817	G1403	1
G574	G773	1
G1138	G2551	1
G531	G1193	1
G965	G2082	1
G715	G2451	1
G444	G1500	1
G800	G1275	1
G2768	G2877	1
G958	G1612	1
G1692	G2425	1
G685	G758	1
G613	G1412	1
G1058	G1256	1
G7	G71	1
G1332	G2497	1
G1116	G1877	1
G569	G1446	1
G1500	G2768	1
G707	G2808	1
G2799	G2848	1
G2865	G2979	1
G1953	G2682	1
G275	G902	1
G177	G2405	1
G1406	G2535	1
G1524	G2949	1
G985	G2188	1
G1429	G2121	1
G1010	G2175	1
G1422	G1783	1
G1863	G2381	1
G1719	G2979	1
G774	G1719	1
G1116	G1550	1
G806	G2822	1
G1598	G1916	1
G1870	G2327	1
G36	G2430	1
G311	G1466	1
G1010	G2283	1
G1820	G2374	1
G1654	G1933	1
G1007	G2045	1
G1985	G2699	1
G385	G1893	1
G890	G2553	1
G529	G2441	1
G450	G1934	1
G564	G2505	1
G1525	G2341	1
G2369	G2570	1
G1211	G1606	1
G709	G1452	1
G437	G2041	1
G899	G2092	1
G267	G693	1
G801	G1828	1
G1963	G2447	1
G680	G2522	1
G685	G2766	1
G1428	G2481	1
G1075	G2154	1
G348	G612	1
G858	G2009	1
G1159	G2462	1
G721	G2398	1
G1521	G2017	1
G2058	G2547	1
G1991	G2902	1
G187	G794	1
G1328	G2721	1
G462	G600	1
G801	G2940	1
G958	G2766	1
G153	G444	1
G239	G551	1
G2041	G2089	1
G827	G2274	1
G934	G1191	1
G870	G2819	1
G80	G1835	1
G1026	G2833	1
G11	G2642	1
G1383	G2553	1
G2360	G2784	1
G1133	G1513	1
G2004	G2517	1
G715	G914	1
G2121	G2435	1
G2182	G2436	1
G563	G2865	1
G1123	G1398	1
G755	G1586	1
G1083	G1726	1
G1963	G2451	1
G1116	G2784	1
G1863	G2162	1
G596	G899	1
G1935	G2210	1
G1418	G1916	1
G1611	G2819	1
G1006	G1743	1
G1143	G2667	1
G475	G2274	1
G1436	G2374	1
G1758	G2490	1
G1044	G2621	1
G616	G902	1
G806	G1365	1
G192	G2354	1
G755	G1828	1
G153	G1116	1
G817	G2494	1
G960	G2103	1
G2208	G2865	1
G2523	G2563	1
G1473	G2144	1
G1329	G2834	1
G596	G853	1
G1513	G2419	1
G700	G2162	1
G417	G1891	1
G876	G2789	1
G1010	G1806	1
G1136	G2685	1
G809	G2591	1
G354	G2435	1
G1218	G2829	1
G923	G1211	1
G868	G2955	1
G1543	G1604	1
G641	G1658	1
G258	G2191	1
G1230	G1573	1
G727	G1488	1
G450	G1864	1
G1419	G1452	1
G275	G1550	1
G456	G1264	1
G985	G2815	1
G1231	G2497	1
G2467	G2977	1
G343	G697	1
G2523	G2784	1
G2360	G2859	1
G1382	G1591	1
G2568	G2815	1
G629	G958	1
G1144	G1444	1
G1316	G2881	1
G2137	G2144	1
G2138	G2175	1
G2004	G2489	1
G1768	G2758	1
G835	G1803	1
G1397	G1496	1
G443	G2435	1
G1397	G2118	1
G1422	G2924	1
G1042	G2467	1
G1469	G2092	1
G425	G1828	1
G554	G2381	1
G715	G2620	1
G476	G2705	1
G2312	G2814	1
G275	G2563	1
G1747	G1806	1
G1329	G2870	1
G1116	G1901	1
G424	G1211	1
G1429	G2447	1
G1513	G2972	1
G1683	G2347	1
G2435	G2721	1
G1203	G1714	1
G444	G1747	1
G2523	G2769	1
G148	G2557	1
G2121	G2859	1
G286	G1757	1
G331	G2812	1
G1452	G1867	1
G2031	G2924	1
G275	G2784	1
G153	G2979	1
G1145	G2556	1
G674	G1944	1
G1320	G1576	1
G596	G2031	1
G1863	G2462	1
G2327	G2693	1
G931	G1543	1
G266	G1783	1
G848	G1090	1
G710	G1408	1
G1701	G2044	1
G1182	G1989	1
G2025	G2222	1
G2972	G2979	1
G78	G1554	1
G721	G2340	1
G522	G758	1
G967	G2597	1
G1203	G2743	1
G1310	G1971	1
G1799	G2779	1
G402	G2405	1
G18	G281	1
G497	G2769	1
G920	G2979	1
G1250	G1651	1
G1681	G2843	1
G829	G895	1
G445	G694	1
G554	G2162	1
G1852	G1923	1
G187	G2979	1
G629	G1130	1
G296	G776	1
G433	G2430	1
G1939	G2271	1
G1320	G2977	1
G1953	G2812	1
G1901	G2835	1
G187	G2618	1
G1039	G1365	1
G283	G2843	1
G2191	G2790	1
G1742	G1984	1
G233	G2991	1
G1551	G2121	1
G1954	G2394	1
G2175	G2642	1
G2544	G2583	1
G99	G1833	1
G885	G2381	1
G275	G2769	1
G1966	G2991	1
G1090	G1383	1
G596	G827	1
G1112	G2418	1
G2092	G2535	1
G1446	G2780	1
G462	G2972	1
G629	G2870	1
G1636	G2895	1
G426	G1278	1
G1500	G2496	1
G157	G2713	1
G2435	G2591	1
G104	G1136	1
G931	G1671	1
G1264	G2354	1
G1849	G2162	1
G1382	G2241	1
G1963	G2620	1
G374	G596	1
G1329	G1870	1
G2559	G2638	1
G823	G1606	1
G1040	G2525	1
G1706	G2991	1
G678	G2070	1
G444	G2676	1
G275	G1901	1
G133	G1758	1
G773	G1666	1
G577	G2465	1
G1497	G1940	1
G917	G2222	1
G266	G1331	1
G2366	G2693	1
G362	G2092	1
G1576	G2341	1
G1893	G2591	1
G1671	G2435	1
G682	G693	1
G625	G2165	1
G374	G462	1
G2365	G2822	1
G133	G1008	1
G770	G1268	1
G1034	G2949	1
G1625	G2435	1
G207	G2814	1
G1133	G1223	1
G2162	G2798	1
G216	G1863	1
G36	G2569	1
G348	G1749	1
G2210	G2296	1
G42	G1773	1
G1013	G2462	1
G1919	G2293	1
G885	G2162	1
G956	G2467	1
G1010	G2138	1
G462	G828	1
G1671	G2563	1
G1382	G2010	1
G1648	G2581	1
G809	G2191	1
G267	G1774	1
G2063	G2870	1
G693	G1849	1
G1901	G2780	1
G2467	G2766	1
G2045	G2463	1
G708	G1141	1
G958	G2381	1
G2097	G2460	1
G433	G880	1
G1397	G1591	1
G515	G2553	1
G2235	G2273	1
G1598	G2401	1
G2421	G2815	1
G554	G1218	1
G1681	G2983	1
G454	G1780	1
G266	G2924	1
G574	G1211	1
G554	G2462	1
G1328	G2191	1
G1381	G2063	1
G149	G1236	1
G1007	G2877	1
G429	G2784	1
G947	G1042	1
G2689	G2972	1
G300	G1090	1
G676	G2080	1
G11	G2780	1
G1780	G2972	1
G126	G642	1
G1099	G1704	1
G2195	G2698	1
G899	G1612	1
G826	G2013	1
G1256	G2699	1
G426	G836	1
G1332	G2895	1
G2683	G2704	1
G1630	G2895	1
G462	G2583	1
G1742	G1881	1
G1696	G2994	1
G99	G516	1
G1849	G2462	1
G1915	G2892	1
G1027	G1335	1
G2162	G2175	1
G148	G1849	1
G233	G1823	1
G727	G2967	1
G450	G1585	1
G531	G1444	1
G1027	G1551	1
G1610	G2072	1
G266	G1903	1
G1238	G2868	1
G1700	G2447	1
G374	G801	1
G1743	G2098	1
G2225	G2446	1
G2327	G2468	1
G1681	G2849	1
G736	G1118	1
G958	G2162	1
G1551	G2447	1
G438	G2793	1
G592	G1927	1
G806	G1003	1
G1671	G2859	1
G622	G682	1
G693	G2664	1
G283	G1513	1
G1072	G1273	1
G1143	G2232	1
G283	G2849	1
G1564	G2317	1
G1726	G2583	1
G1564	G2736	1
G634	G1966	1
G696	G1562	1
G1224	G1554	1
G75	G1971	1
G2447	G2724	1
G642	G2447	1
G525	G1842	1
G1916	G2784	1
G1513	G1671	1
G2274	G2972	1
G558	G1524	1
G721	G2172	1
G758	G2944	1
G642	G1554	1
G1320	G2766	1
G885	G2462	1
G1700	G2451	1
G554	G806	1
G1116	G2570	1
G1671	G1997	1
G956	G2352	1
G231	G2798	1
G1363	G2401	1
G899	G2766	1
G715	G1320	1
G958	G2848	1
G454	G2092	1
G168	G2621	1
G1375	G2873	1
G2628	G2693	1
G1264	G1288	1
G1290	G2945	1
G2357	G2431	1
G1783	G2206	1
G148	G1551	1
G851	G2812	1
G405	G2453	1
G514	G1255	1
G758	G2828	1
G1482	G2777	1
G2198	G2890	1
G642	G1441	1
G1370	G1452	1
G1916	G2769	1
G986	G1910	1
G1305	G2198	1
G148	G685	1
G2103	G2838	1
G2180	G2425	1
G2514	G2812	1
G1261	G2810	1
G1469	G1612	1
G275	G2360	1
G1335	G1747	1
G456	G2689	1
G2504	G2689	1
G157	G963	1
G596	G1480	1
G554	G2667	1
G1278	G1554	1
G703	G1645	1
G1090	G1316	1
G122	G275	1
G773	G2063	1
G354	G1828	1
G824	G2368	1
G1441	G1827	1
G2581	G2814	1
G1205	G2671	1
G534	G2142	1
G963	G2188	1
G685	G1218	1
G163	G1090	1
G177	G2426	1
G564	G2317	1
G101	G696	1
G630	G2451	1
G685	G2462	1
G715	G1741	1
G1017	G2920	1
G354	G2940	1
G563	G2693	1
G1329	G1334	1
G1112	G2467	1
G596	G1152	1
G931	G1445	1
G194	G2977	1
G433	G2569	1
G958	G2462	1
G263	G2396	1
G715	G1855	1
G421	G426	1
G1335	G2591	1
G2467	G2523	1
G2103	G2369	1
G1446	G2175	1
G332	G2713	1
G475	G889	1
G890	G2540	1
G2208	G2693	1
G1806	G2430	1
G2175	G2780	1
G801	G1383	1
G1228	G1741	1
G82	G1842	1
G693	G719	1
G2721	G2979	1
G275	G529	1
G923	G1645	1
G1320	G2327	1
G1651	G2296	1
G596	G1382	1
G1428	G2098	1
G2118	G2790	1
G275	G2570	1
G2274	G2583	1
G2462	G2843	1
G901	G1772	1
G1228	G1855	1
G480	G517	1
G1141	G2864	1
G2738	G2877	1
G2103	G2738	1
G774	G1780	1
G1628	G1918	1
G187	G827	1
G444	G2381	1
G773	G2776	1
G46	G2469	1
G433	G1863	1
G600	G2467	1
G663	G2713	1
G1161	G2079	1
G2441	G2642	1
G1034	G2667	1
G199	G1433	1
G2498	G2799	1
G612	G1333	1
G517	G2038	1
G1027	G1963	1
G197	G1508	1
G343	G2700	1
G290	G1177	1
G1335	G2676	1
G2099	G2669	1
G462	G2514	1
G461	G744	1
G693	G1963	1
G1090	G2789	1
G2494	G2606	1
G2073	G2535	1
G596	G715	1
G2474	G2703	1
G229	G1005	1
G1901	G2175	1
G685	G806	1
G514	G2798	1
G947	G2041	1
G149	G1918	1
G1612	G1849	1
G1513	G1625	1
G215	G1499	1
G1448	G1786	1
G892	G1625	1
G1901	G2283	1
G1985	G2642	1
G107	G2838	1
G610	G958	1
G1903	G2405	1
G1949	G2381	1
G1010	G1429	1
G1199	G1412	1
G2463	G2597	1
G868	G1109	1
G1118	G1398	1
G1700	G2620	1
G1376	G1561	1
G1064	G2979	1
G2352	G2620	1
G1133	G2865	1
G201	G2449	1
G2230	G2961	1
G1500	G1700	1
G1551	G2620	1
G1953	G2869	1
G1320	G2523	1
G122	G2780	1
G722	G2165	1
G1832	G1846	1
G231	G266	1
G362	G758	1
G1130	G1863	1
G1112	G2352	1
G1671	G2360	1
G283	G1223	1
G781	G911	1
G642	G2620	1
G1288	G2682	1
G148	G1963	1
G2547	G2972	1
G120	G2086	1
G197	G391	1
G150	G1524	1
G300	G340	1
G343	G612	1
G685	G2667	1
G324	G852	1
G1220	G1610	1
G514	G1630	1
G1445	G2401	1
G266	G2405	1
G663	G1452	1
G107	G2369	1
G2757	G2759	1
G1289	G1379	1
G2736	G2972	1
G168	G1141	1
G1366	G2443	1
G500	G1747	1
G2113	G2320	1
G137	G2606	1
G2258	G2263	1
G2467	G2949	1
G770	G2671	1
G714	G2846	1
G481	G1203	1
G882	G1452	1
G437	G2344	1
G514	G2175	1
G1235	G1783	1
G1933	G2810	1
G107	G1681	1
G437	G2115	1
G1136	G1979	1
G1429	G2724	1
G1625	G1828	1
G2044	G2320	1
G107	G2738	1
G226	G1157	1
G842	G2467	1
G400	G2924	1
G600	G2352	1
G848	G1666	1
G1106	G1397	1
G1525	G2073	1
G700	G2232	1
G2398	G2999	1
G529	G2689	1
G924	G2369	1
G1338	G1673	1
G64	G2799	1
G362	G2766	1
G806	G1576	1
G2461	G2681	1
G364	G629	1
G1894	G2948	1
G977	G1867	1
G24	G348	1
G610	G1130	1
G1343	G1559	1
G722	G2341	1
G1390	G2810	1
G133	G2560	1
G1218	G2881	1
G1394	G2293	1
G2622	G2979	1
G2462	G2849	1
G897	G2594	1
G920	G1916	1
G1023	G1488	1
G955	G1878	1
G75	G1139	1
G120	G2900	1
G133	G2946	1
G858	G1933	1
G154	G1006	1
G408	G1608	1
G600	G2425	1
G1419	G2365	1
G1332	G2686	1
G1645	G2972	1
G500	G1010	1
G1429	G1741	1
G159	G896	1
G728	G835	1
G364	G907	1
G744	G1445	1
G2086	G2972	1
G2274	G2514	1
G2073	G2180	1
G2327	G2478	1
G963	G1116	1
G1528	G2666	1
G1151	G2975	1
G315	G1923	1
G402	G2650	1
G1204	G2741	1
G1159	G1332	1
G2514	G2941	1
G1309	G2238	1
G1099	G2085	1
G794	G851	1
G899	G2951	1
G828	G2049	1
G1317	G2394	1
G960	G1606	1
G1863	G1982	1
G2009	G2875	1
G700	G1980	1
G368	G2875	1
G1919	G2437	1
G2553	G2766	1
G1446	G2180	1
G521	G2447	1
G1320	G2949	1
G148	G1419	1
G2490	G2810	1
G1916	G2570	1
G157	G443	1
G801	G1316	1
G755	G1986	1
G514	G1806	1
G1004	G1334	1
G816	G1201	1
G1007	G1550	1
G563	G2263	1
G2085	G2230	1
G318	G2386	1
G456	G1863	1
G454	G758	1
G958	G2380	1
G1587	G2393	1
G1704	G1944	1
G287	G1962	1
G1212	G1675	1
G758	G923	1
G1310	G1562	1
G852	G2252	1
G148	G157	1
G1018	G1207	1
G296	G2647	1
G2208	G2263	1
G2671	G2966	1
G402	G1452	1
G882	G963	1
G391	G934	1
G554	G2232	1
G1250	G1488	1
G625	G1310	1
G733	G1455	1
G336	G2642	1
G2175	G2882	1
G1441	G1455	1
G2202	G2535	1
G148	G1719	1
G1007	G2563	1
G931	G2435	1
G1452	G2822	1
G1187	G2010	1
G2415	G2671	1
G194	G2327	1
G2072	G2490	1
G36	G122	1
G133	G634	1
G1469	G2381	1
G2232	G2648	1
G425	G1986	1
G1901	G2180	1
G1500	G2419	1
G344	G1157	1
G1849	G2232	1
G267	G1090	1
G1007	G2784	1
G157	G2648	1
G506	G2341	1
G963	G2979	1
G2293	G2793	1
G194	G1953	1
G8	G1754	1
G426	G2948	1
G124	G766	1
G1030	G2766	1
G1079	G2508	1
G454	G2766	1
G963	G2618	1
G1561	G2342	1
G187	G1382	1
G1760	G2241	1
G1986	G2583	1
G2009	G2946	1
G192	G1130	1
G758	G1543	1
G758	G2346	1
G1010	G2471	1
G85	G1799	1
G577	G1827	1
G1152	G2425	1
G1806	G1863	1
G36	G1836	1
G139	G2892	1
G776	G1900	1
G433	G2522	1
G554	G1469	1
G801	G2789	1
G2603	G2979	1
G563	G1496	1
G1683	G1837	1
G1758	G2921	1
G2092	G2465	1
G723	G2961	1
G563	G2118	1
G764	G1087	1
G1039	G2977	1
G1161	G2551	1
G2696	G2938	1
G2535	G2972	1
G834	G2316	1
G1525	G2597	1
G150	G2544	1
G697	G2449	1
G846	G1848	1
G2004	G2559	1
G433	G629	1
G624	G2170	1
G366	G1907	1
G2419	G2435	1
G1007	G2769	1
G1502	G1668	1
G475	G794	1
G899	G1218	1
G1901	G2138	1
G1606	G1726	1
G122	G2175	1
G187	G715	1
G223	G272	1
G163	G456	1
G554	G1982	1
G1500	G2972	1
G161	G450	1
G975	G1303	1
G194	G2523	1
G1524	G2121	1
G323	G1577	1
G1255	G1719	1
G139	G676	1
G353	G2599	1
G642	G1320	1
G1139	G2244	1
G1912	G2758	1
G2467	G2667	1
G633	G1088	1
G806	G2766	1
G353	G755	1
G1007	G1901	1
G433	G907	1
G2323	G2327	1
G824	G2297	1
G554	G596	1
G586	G2514	1
G1681	G2865	1
G907	G1039	1
G558	G1681	1
G1397	G2366	1
G1923	G2977	1
G669	G2720	1
G1917	G2924	1
G2115	G2467	1
G2241	G2724	1
G462	G835	1
G700	G2856	1
G796	G1562	1
G827	G1116	1
G381	G1393	1
G1654	G1696	1
G2232	G2365	1
G444	G2208	1
G283	G2865	1
G885	G1469	1
G1881	G2404	1
G2005	G2977	1
G2465	G2877	1
G2846	G2991	1
G758	G1159	1
G1700	G1741	1
G2108	G2899	1
G2468	G2702	1
G86	G1038	1
G157	G2365	1
G176	G1218	1
G923	G2581	1
G736	G2044	1
G1551	G1741	1
G102	G1554	1
G1495	G1716	1
G475	G1116	1
G514	G2138	1
G896	G1881	1
G958	G2232	1
G2108	G2250	1
G890	G960	1
G1513	G2435	1
G1068	G2225	1
G157	G402	1
G456	G1034	1
G642	G1741	1
G1257	G2712	1
G1645	G1671	1
G177	G586	1
G1090	G2642	1
G75	G1562	1
G2275	G2405	1
G199	G421	1
G940	G2700	1
G1441	G2068	1
G2881	G2972	1
G245	G2405	1
G2060	G2582	1
G751	G1066	1
G1143	G1850	1
G2535	G2583	1
G141	G851	1
G57	G1140	1
G622	G2446	1
G362	G2951	1
G629	G1591	1
G2365	G2977	1
G1532	G2277	1
G2425	G2843	1
G1469	G2462	1
G153	G1893	1
G1543	G1723	1
G1975	G2465	1
G2671	G2990	1
G1223	G2838	1
G1893	G2208	1
G1004	G1098	1
G1953	G2557	1
G334	G2525	1
G758	G1852	1
G1966	G2919	1
G1313	G2686	1
G1161	G2273	1
G148	G364	1
G557	G2126	1
G1566	G2712	1
G2738	G2784	1
G806	G2327	1
G150	G2790	1
G490	G2369	1
G1422	G1452	1
G304	G2867	1
G353	G1455	1
G1828	G2869	1
G2175	G2180	1
G899	G2667	1
G163	G283	1
G1017	G1795	1
G1991	G2772	1
G827	G2979	1
G1265	G2019	1
G1133	G2693	1
G194	G2949	1
G554	G1332	1
G1387	G2570	1
G1446	G1835	1
G2769	G2790	1
G563	G1930	1
G1085	G1491	1
G1564	G1971	1
G2355	G2664	1
G629	G2622	1
G1112	G2166	1
G418	G662	1
G1949	G2380	1
G506	G851	1
G1619	G2460	1
G960	G1401	1
G1040	G2966	1
G233	G2538	1
G1278	G2375	1
G475	G2979	1
G2357	G2610	1
G1235	G1636	1
G182	G2545	1
G1978	G2072	1
G475	G2618	1
G1288	G1329	1
G1966	G2538	1
G1855	G2682	1
G1027	G2924	1
G1858	G2724	1
G1251	G2739	1
G2738	G2769	1
G219	G1066	1
G1098	G2979	1
G876	G2283	1
G1211	G2425	1
G2821	G2943	1
G2412	G2734	1
G760	G1562	1
G789	G2892	1
G1864	G2525	1
G1026	G1120	1
G80	G1606	1
G762	G1693	1
G1321	G2660	1
G2177	G2749	1
G2258	G2395	1
G32	G2947	1
G1064	G1916	1
G1155	G2880	1
G1761	G2951	1
G144	G1375	1
G176	G2667	1
G685	G1422	1
G1363	G1924	1
G897	G2230	1
G1010	G1331	1
G1103	G2977	1
G1027	G1903	1
G1489	G2919	1
G1932	G2789	1
G1296	G2772	1
G723	G1456	1
G300	G1087	1
G150	G2369	1
G141	G885	1
G1867	G1963	1
G801	G1083	1
G923	G1923	1
G393	G1040	1
G2500	G2847	1
G2041	G2877	1
G554	G882	1
G923	G1524	1
G663	G2648	1
G462	G1948	1
G1781	G2141	1
G1939	G2221	1
G1500	G1671	1
G194	G926	1
G334	G1205	1
G362	G2462	1
G1469	G2667	1
G2597	G2724	1
G1508	G1758	1
G150	G1681	1
G1806	G2522	1
G890	G1550	1
G150	G2738	1
G882	G2648	1
G1554	G2467	1
G24	G57	1
G1780	G2435	1
G656	G752	1
G907	G964	1
G835	G1591	1
G899	G2380	1
G433	G1249	1
G577	G1455	1
G1372	G2418	1
G967	G1168	1
G1141	G2528	1
G1726	G1948	1
G1985	G2882	1
G197	G2300	1
G331	G1849	1
G1039	G2327	1
G2425	G2849	1
G2157	G2230	1
G656	G2981	1
G252	G1112	1
G596	G1566	1
G405	G2865	1
G1143	G2040	1
G1781	G2232	1
G794	G2073	1
G1090	G2835	1
G774	G1953	1
G1828	G2137	1
G1007	G2570	1
G931	G1828	1
G1564	G2266	1
G402	G586	1
G1035	G2496	1
G1799	G2142	1
G1694	G2210	1
G141	G425	1
G2365	G2766	1
G924	G2597	1
G126	G1700	1
G340	G923	1
G962	G1606	1
G1008	G1488	1
G685	G1332	1
G1540	G1723	1
G715	G1397	1
G985	G2320	1
G1452	G1780	1
G2360	G2430	1
G685	G801	1
G715	G1870	1
G958	G1332	1
G1472	G2701	1
G317	G480	1
G283	G1372	1
G586	G693	1
G1018	G1519	1
G1381	G2283	1
G266	G1452	1
G1998	G2094	1
G1375	G1589	1
G2180	G2972	1
G456	G2736	1
G200	G2235	1
G703	G809	1
G1006	G1412	1
G1044	G2119	1
G1335	G2208	1
G187	G362	1
G153	G2553	1
G385	G2073	1
G2327	G2730	1
G357	G1475	1
G435	G517	1
G587	G612	1
G495	G2877	1
G2430	G2822	1
G964	G2877	1
G624	G985	1
G1106	G1112	1
G2004	G2927	1
G2202	G2547	1
G663	G2365	1
G1725	G2224	1
G340	G1543	1
G36	G722	1
G565	G2777	1
G514	G1429	1
G157	G1521	1
G331	G685	1
G801	G2642	1
G1923	G1953	1
G180	G1621	1
G2780	G2944	1
G1375	G2295	1
G1505	G2241	1
G2121	G2789	1
G1090	G2780	1
G278	G1561	1
G1314	G2687	1
G1224	G1726	1
G1469	G2380	1
G882	G2365	1
G773	G2798	1
G1551	G1726	1
G1564	G2244	1
G1561	G2588	1
G1112	G2825	1
G402	G2648	1
G1598	G2877	1
G642	G1726	1
G810	G2291	1
G868	G2108	1
G685	G882	1
G153	G709	1
G454	G2462	1
G1855	G2812	1
G153	G1540	1
G316	G2873	1
G890	G1901	1
G1042	G2041	1
G354	G2789	1
G1103	G2766	1
G1508	G2072	1
G444	G1617	1
G515	G2073	1
G1870	G2447	1
G1452	G2092	1
G1050	G2255	1
G2638	G2681	1
G216	G2814	1
G85	G2013	1
G858	G1236	1
G1076	G1761	1
G2103	G2591	1
G703	G2544	1
G642	G956	1
G1923	G2523	1
G423	G529	1
G696	G2979	1
G444	G1564	1
G1742	G2412	1
G750	G2368	1
G600	G2825	1
G522	G1422	1
G1099	G1758	1
G126	G2644	1
G443	G2789	1
G444	G1525	1
G1220	G1390	1
G1576	G1858	1
G2366	G2730	1
G1320	G2232	1
G2648	G2798	1
G1743	G2069	1
G1138	G1772	1
G2327	G2366	1
G139	G1250	1
G1513	G1828	1
G2180	G2583	1
G773	G2175	1
G2092	G2970	1
G851	G2114	1
G697	G1518	1
G574	G1923	1
G969	G2449	1
G740	G2559	1
G1006	G2572	1
G955	G1433	1
G1433	G2497	1
G1681	G2693	1
G36	G2814	1
G574	G1524	1
G1513	G2940	1
G773	G2283	1
G516	G1799	1
G1313	G1628	1
G2869	G2979	1
G283	G2693	1
G806	G1218	1
G1143	G1932	1
G1316	G2941	1
G1525	G2191	1
G2103	G2676	1
G794	G2597	1
G923	G2544	1
G64	G1191	1
G267	G283	1
G666	G1945	1
G560	G1337	1
G23	G2272	1
G2628	G2979	1
G1066	G1107	1
G554	G1850	1
G207	G755	1
G106	G1801	1
G2365	G2523	1
G1954	G2201	1
G1143	G2724	1
G2671	G2754	1
G1039	G2949	1
G897	G1751	1
G1835	G2814	1
G1133	G2118	1
G2465	G2563	1
G776	G1871	1
G402	G2365	1
G126	G2419	1
G682	G918	1
G955	G1838	1
G362	G2380	1
G1515	G2736	1
G744	G1828	1
G1103	G2327	1
G1576	G2591	1
G682	G1103	1
G141	G2073	1
G752	G1702	1
G1793	G2230	1
G2224	G2742	1
G2082	G2528	1
G1316	G2497	1
G2465	G2784	1
G1309	G1570	1
G134	G1098	1
G1953	G2963	1
G2583	G2881	1
G2258	G2730	1
G596	G923	1
G529	G2736	1
G612	G1303	1
G867	G2525	1
G1012	G2948	1
G752	G841	1
G107	G2591	1
G1082	G1972	1
G2784	G2798	1
G1093	G1505	1
G773	G1806	1
G1383	G2721	1
G2341	G2780	1
G226	G2719	1
G675	G1154	1
G2191	G2381	1
G511	G2138	1
G736	G2848	1
G923	G2860	1
G1923	G2949	1
G149	G714	1
G2208	G2979	1
G1515	G2453	1
G2268	G2743	1
G1930	G2369	1
G1953	G1963	1
G610	G1591	1
G1748	G2425	1
G38	G2951	1
G383	G2378	1
G1581	G1658	1
G1010	G2405	1
G1901	G2103	1
G2005	G2949	1
G1309	G1948	1
G758	G2563	1
G1159	G1446	1
G1290	G2872	1
G450	G2398	1
G2465	G2769	1
G1237	G1739	1
G2774	G2786	1
G1313	G2822	1
G1530	G2243	1
G1203	G1408	1
G107	G1010	1
G2465	G2859	1
G2141	G2900	1
G598	G2320	1
G916	G2078	1
G1625	G2789	1
G2360	G2569	1
G681	G2601	1
G2118	G2766	1
G987	G1136	1
G596	G1543	1
G596	G2346	1
G1529	G2369	1
G2109	G2607	1
G894	G2165	1
G107	G2676	1
G899	G1422	1
G2191	G2951	1
G1177	G2612	1
G349	G1140	1
G1606	G2881	1
G1116	G2569	1
G586	G1143	1
G2365	G2951	1
G286	G1371	1
G1039	G1218	1
G11	G2103	1
G1893	G2214	1
G300	G1329	1
G301	G685	1
G1452	G2977	1
G2101	G2781	1
G417	G1987	1
G907	G2465	1
G1730	G2463	1
G1979	G2763	1
G2121	G2674	1
G433	G964	1
G761	G2179	1
G924	G1010	1
G1008	G1751	1
G1335	G2723	1
G923	G2790	1
G2365	G2949	1
G157	G374	1
G1645	G2435	1
G1823	G2210	1
G2570	G2843	1
G1780	G1828	1
G1870	G2620	1
G1651	G2594	1
G736	G1966	1
G1220	G1696	1
G2162	G2924	1
G1332	G1598	1
G1152	G2419	1
G1313	G2083	1
G924	G2676	1
G1332	G2443	1
G11	G734	1
G1372	G2352	1
G1190	G2359	1
G2162	G2297	1
G2429	G2880	1
G1116	G1863	1
G1681	G2468	1
G1480	G2180	1
G693	G1576	1
G801	G2780	1
G1524	G1932	1
G2095	G2549	1
G475	G1916	1
G1903	G2467	1
G1835	G2547	1
G2563	G2766	1
G1610	G1694	1
G758	G2769	1
G1863	G2849	1
G1518	G2449	1
G157	G2447	1
G758	G2859	1
G1666	G2758	1
G2451	G2620	1
G1564	G2274	1
G402	G1912	1
G176	G1422	1
G1441	G2758	1
G674	G1564	1
G106	G1214	1
G176	G625	1
G418	G1261	1
G1312	G1725	1
G1577	G2814	1
G1677	G1741	1
G719	G1606	1
G2040	G2435	1
G334	G613	1
G794	G2721	1
G1069	G2019	1
G693	G2977	1
G739	G2073	1
G1508	G2946	1
G2072	G2921	1
G1536	G2751	1
G1609	G2111	1
G889	G2581	1
G1332	G1780	1
G899	G1332	1
G758	G1997	1
G1589	G1857	1
G1035	G2944	1
G1445	G2877	1
G852	G2427	1
G629	G1211	1
G362	G2232	1
G1282	G2738	1
G1747	G2312	1
G755	G2780	1
G600	G2583	1
G435	G2973	1
G1335	G1418	1
G1140	G1878	1
G2245	G2560	1
G141	G2597	1
G2069	G2532	1
G384	G2917	1
G967	G1525	1
G266	G586	1
G1090	G2535	1
G610	G1068	1
G2245	G2946	1
G2468	G2496	1
G1681	G2263	1
G1418	G2073	1
G187	G1093	1
G348	G2086	1
G1335	G1564	1
G2175	G2471	1
G1863	G1920	1
G424	G2838	1
G1335	G1525	1
G1385	G2360	1
G283	G2263	1
G660	G2977	1
G1422	G2365	1
G1103	G2949	1
G2191	G2462	1
G450	G2340	1
G408	G2977	1
G1327	G2734	1
G1361	G2469	1
G287	G1979	1
G206	G473	1
G610	G2010	1
G1496	G2583	1
G425	G2780	1
G2212	G2672	1
G2079	G2433	1
G355	G1799	1
G1220	G2385	1
G1179	G1554	1
G964	G1550	1
G931	G1383	1
G581	G1203	1
G2714	G2943	1
G564	G2901	1
G1550	G2341	1
G36	G2465	1
G374	G958	1
G1136	G1155	1
G1136	G1757	1
G1692	G2178	1
G1537	G2985	1
G11	G1975	1
G808	G2342	1
G924	G2191	1
G1500	G2435	1
G1725	G2190	1
G1985	G2547	1
G2676	G2790	1
G306	G444	1
G762	G2917	1
G315	G2092	1
G2570	G2849	1
G316	G2235	1
G964	G2563	1
G1452	G2766	1
G1681	G2118	1
G1741	G2812	1
G624	G2320	1
G882	G2121	1
G2197	G2247	1
G2214	G2944	1
G851	G924	1
G1543	G2063	1
G1982	G2257	1
G1152	G2583	1
G281	G2348	1
G362	G596	1
G1383	G2242	1
G366	G758	1
G964	G2784	1
G625	G2441	1
G1390	G2025	1
G871	G1929	1
G1687	G2312	1
G1383	G2191	1
G1335	G2214	1
G558	G1010	1
G1382	G1524	1
G15	G1712	1
G192	G2241	1
G362	G1422	1
G1801	G2375	1
G824	G2650	1
G1489	G1523	1
G543	G1378	1
G454	G2232	1
G1112	G2514	1
G2436	G2495	1
G2597	G2834	1
G2865	G2877	1
G362	G462	1
G1077	G1739	1
G1243	G2798	1
G1428	G1743	1
G141	G216	1
G2175	G2351	1
G2043	G2301	1
G2118	G2381	1
G889	G1923	1
G283	G889	1
G1383	G2441	1
G1719	G2877	1
G660	G758	1
G1099	G2946	1
G1917	G2650	1
G1090	G2180	1
G106	G3003	1
G691	G823	1
G676	G2009	1
G1328	G2736	1
G728	G918	1
G715	G1112	1
G645	G1688	1
G2405	G2544	1
G474	G2339	1
G1771	G2833	1
G964	G2769	1
G885	G2849	1
G1640	G2262	1
G187	G577	1
G761	G1347	1
G964	G2859	1
G758	G2360	1
G366	G2766	1
G846	G1321	1
G315	G1500	1
G385	G2570	1
G960	G2425	1
G1849	G1932	1
G374	G2870	1
G1249	G1863	1
G600	G2514	1
G500	G1564	1
G1997	G2465	1
G2441	G2465	1
G1677	G1845	1
G1932	G2780	1
G2170	G2188	1
G1418	G2597	1
G2375	G2516	1
G964	G1901	1
G577	G642	1
G2676	G2738	1
G551	G2894	1
G517	G1384	1
G543	G2508	1
G149	G2072	1
G1723	G1963	1
G801	G2882	1
G1473	G2400	1
G306	G2979	1
G660	G2766	1
G2118	G2162	1
G364	G1406	1
G2179	G2857	1
G879	G2381	1
G1494	G2041	1
G2162	G2405	1
G1828	G2963	1
G408	G2766	1
G362	G1332	1
G2740	G2819	1
G1116	G2522	1
G848	G1806	1
G450	G2172	1
G362	G801	1
G682	G1087	1
G1979	G2039	1
G1087	G2664	1
G1621	G1979	1
G454	G2202	1
G1223	G2591	1
G1612	G2977	1
G851	G1719	1
G1027	G2713	1
G2426	G2924	1
G515	G2570	1
G574	G1681	1
G1237	G2846	1
G296	G2331	1
G762	G1321	1
G2381	G2869	1
G882	G2447	1
G1864	G2966	1
G1828	G1963	1
G454	G596	1
G1671	G2642	1
G693	G2327	1
G810	G2973	1
G2510	G2850	1
G1625	G2642	1
G2025	G2230	1
G370	G1601	1
G110	G1015	1
G797	G1551	1
G353	G2768	1
G926	G1420	1
G744	G1383	1
G897	G1547	1
G2435	G2736	1
G1882	G2970	1
G901	G2293	1
G1419	G1741	1
G1790	G2449	1
G1869	G2603	1
G1332	G2977	1
G141	G2591	1
G1196	G2749	1
G1645	G1828	1
G876	G2471	1
G2012	G2412	1
G2354	G2497	1
G57	G1044	1
G187	G1159	1
G454	G462	1
G1452	G2523	1
G931	G1316	1
G2191	G2380	1
G663	G1441	1
G628	G976	1
G2389	G2948	1
G1913	G2397	1
G1419	G1855	1
G1288	G1551	1
G2365	G2380	1
G527	G1639	1
G1152	G2514	1
G1320	G1850	1
G577	G2758	1
G828	G1763	1
G517	G1554	1
G444	G2843	1
G733	G2496	1
G444	G2258	1
G896	G2412	1
G425	G2175	1
G1083	G2941	1
G801	G1030	1
G2170	G2815	1
G1204	G2734	1
G1243	G1806	1
G2076	G2374	1
G149	G1489	1
G660	G2327	1
G226	G2868	1
G2405	G2790	1
G194	G2121	1
G954	G2795	1
G734	G2563	1
G1401	G1645	1
G194	G824	1
G2118	G2462	1
G1903	G1912	1
G410	G2355	1
G693	G2988	1
G876	G2103	1
G497	G629	1
G1027	G1452	1
G276	G2141	1
G2430	G2977	1
G405	G2118	1
G1524	G2355	1
G1550	G2838	1
G163	G2798	1
G1143	G1243	1
G150	G1010	1
G1978	G2876	1
G1010	G2426	1
G1610	G2799	1
G1697	G2999	1
G264	G1028	1
G126	G1445	1
G1441	G1748	1
G1139	G2068	1
G148	G1953	1
G1948	G2092	1
G275	G629	1
G1334	G2812	1
G693	G2523	1
G150	G2676	1
G1058	G1985	1
G806	G1422	1
G462	G918	1
G163	G1106	1
G919	G2440	1
G443	G774	1
G2812	G2979	1
G2040	G2681	1
G366	G2523	1
G1398	G2245	1
G1918	G2991	1
G2253	G2529	1
G267	G1329	1
G266	G1912	1
G454	G1332	1
G245	G2363	1
G421	G2681	1
G650	G1859	1
G405	G889	1
G875	G2496	1
G1112	G1515	1
G418	G1473	1
G823	G2419	1
G931	G2789	1
G889	G2544	1
G911	G923	1
G586	G1090	1
G2432	G2667	1
G918	G1625	1
G148	G2988	1
G456	G2266	1
G885	G1223	1
G1747	G2713	1
G629	G1645	1
G233	G1261	1
G275	G907	1
G1455	G2682	1
G577	G2768	1
G200	G868	1
G660	G2523	1
G475	G1058	1
G1256	G2547	1
G153	G563	1
G965	G2494	1
G238	G1156	1
G2291	G2685	1
G1398	G2498	1
G364	G1562	1
G111	G1992	1
G2103	G2208	1
G1064	G2112	1
G444	G2983	1
G1521	G2721	1
G302	G2056	1
G600	G1515	1
G1452	G2949	1
G316	G486	1
G1255	G2327	1
G1525	G2689	1
G64	G934	1
G1710	G1774	1
G801	G2180	1
G901	G1919	1
G402	G1441	1
G734	G1997	1
G2405	G2738	1
G157	G1320	1
G1500	G1828	1
G710	G754	1
G911	G1543	1
G911	G2346	1
G1381	G1388	1
G266	G267	1
G2564	G2780	1
G735	G2582	1
G1748	G2825	1
G880	G1957	1
G752	G1268	1
G1157	G1268	1
G1424	G2144	1
G2419	G2789	1
G1445	G2784	1
G529	G1971	1
G1855	G2557	1
G964	G2570	1
G984	G2537	1
G1500	G2940	1
G80	G2352	1
G907	G1827	1
G923	G2092	1
G1064	G1924	1
G1129	G1739	1
G1133	G2730	1
G1806	G2266	1
G2138	G2426	1
G2118	G2667	1
G454	G882	1
G1984	G2873	1
G174	G300	1
G600	G693	1
G693	G963	1
G2147	G2841	1
G344	G2868	1
G444	G1513	1
G462	G1986	1
G444	G2849	1
G1332	G2766	1
G1864	G2990	1
G1630	G2766	1
G1397	G2341	1
G335	G2160	1
G616	G907	1
G2041	G2685	1
G141	G2191	1
G723	G1739	1
G1893	G2983	1
G2650	G2689	1
G475	G2553	1
G1261	G1424	1
G693	G2949	1
G709	G1117	1
G1080	G2453	1
G989	G1160	1
G911	G1671	1
G233	G2961	1
G194	G2463	1
G634	G2210	1
G828	G1576	1
G851	G2561	1
G514	G2405	1
G99	G2433	1
G596	G2563	1
G1161	G2793	1
G1445	G2769	1
G876	G1975	1
G1047	G1577	1
G163	G1806	1
G744	G1316	1
G515	G1282	1
G2083	G2946	1
G693	G1989	1
G1095	G1420	1
G2206	G2721	1
G1109	G2899	1
G2430	G2766	1
G163	G266	1
G148	G963	1
G1211	G2514	1
G1387	G1863	1
G1023	G2155	1
G1947	G2926	1
G353	G2496	1
G2369	G2814	1
G2713	G2838	1
G613	G1934	1
G889	G2790	1
G1612	G2327	1
G181	G1012	1
G1294	G1593	1
G181	G2850	1
G1445	G1901	1
G1120	G2525	1
G1513	G2789	1
G660	G2949	1
G578	G1427	1
G444	G1446	1
G834	G2429	1
G2421	G2892	1
G11	G1606	1
G506	G2191	1
G824	G2467	1
G1948	G2977	1
G408	G2949	1
G1508	G1994	1
G1806	G2244	1
G456	G1139	1
G1625	G2780	1
G923	G1500	1
G153	G960	1
G1524	G2406	1
G755	G1580	1
G2327	G2553	1
G1612	G1953	1
G2307	G2357	1
G2236	G2381	1
G1540	G2812	1
G806	G904	1
G488	G2100	1
G911	G1186	1
G1332	G2327	1
G1063	G2271	1
G596	G2769	1
G1915	G2470	1
G2331	G2688	1
G590	G1547	1
G187	G960	1
G2467	G2724	1
G674	G2961	1
G1591	G2005	1
G1719	G2563	1
G187	G616	1
G150	G194	1
G2312	G2768	1
G685	G2210	1
G1591	G2622	1
G1612	G2988	1
G1276	G1292	1
G1850	G2360	1
G2838	G2941	1
G1161	G1772	1
G709	G1143	1
G447	G1664	1
G867	G2966	1
G1382	G2369	1
G233	G1513	1
G1075	G1971	1
G1554	G2238	1
G456	G1406	1
G911	G1852	1
G2245	G2876	1
G2569	G2838	1
G596	G1997	1
G554	G1133	1
G744	G2449	1
G1455	G2812	1
G1140	G1433	1
G613	G1864	1
G1179	G2375	1
G1612	G2523	1
G1719	G2784	1
G2210	G2686	1
G2230	G2846	1
G1007	G2569	1
G2685	G2880	1
G4	G570	1
G1382	G1681	1
G622	G2103	1
G1382	G2738	1
G1005	G1362	1
G2462	G2622	1
G1313	G2044	1
G126	G2435	1
G1288	G1719	1
G354	G2283	1
G2366	G2553	1
G391	G2490	1
G840	G2457	1
G678	G2080	1
G931	G1083	1
G960	G1700	1
G1758	G2144	1
G2496	G2514	1
G1439	G2900	1
G1331	G2327	1
G388	G2430	1
G404	G2536	1
G2721	G2877	1
G15	G2712	1
G577	G2496	1
G1636	G2951	1
G985	G1252	1
G1332	G2523	1
G985	G1398	1
G1243	G1335	1
G1168	G1574	1
G691	G1849	1
G1719	G2769	1
G1320	G1932	1
G630	G1112	1
G1452	G2667	1
G871	G2318	1
G2121	G2535	1
G1303	G2041	1
G2316	G2681	1
G656	G1268	1
G904	G2435	1
G38	G1332	1
G899	G1932	1
G563	G1328	1
G1278	G2887	1
G1932	G2180	1
G1112	G1774	1
G2078	G2397	1
G444	G1223	1
G2803	G2897	1
G149	G891	1
G36	G231	1
G1320	G2724	1
G2103	G2723	1
G1112	G1143	1
G1768	G2940	1
G462	G2063	1
G1719	G1901	1
G2162	G2426	1
G674	G1513	1
G1783	G2682	1
G90	G410	1
G205	G1441	1
G554	G958	1
G801	G1835	1
G402	G2206	1
G901	G2437	1
G1780	G2789	1
G382	G1702	1
G1953	G2312	1
G307	G426	1
G466	G656	1
G94	G2895	1
G1521	G2441	1
G153	G1550	1
G1099	G1994	1
G300	G1335	1
G1398	G2937	1
G776	G1301	1
G663	G1320	1
G1334	G2869	1
G1751	G2049	1
G477	G1617	1
G600	G1774	1
G723	G1313	1
G497	G1039	1
G1948	G2766	1
G335	G2443	1
G1723	G1903	1
G443	G2535	1
G132	G784	1
G923	G1747	1
G534	G1799	1
G882	G1320	1
G462	G514	1
G1329	G1730	1
G334	G1764	1
G1828	G2924	1
G132	G1433	1
G2814	G2825	1
G1416	G1513	1
G1612	G2949	1
G1397	G2838	1
G918	G2435	1
G1525	G2214	1
G216	G2599	1
G911	G967	1
G2762	G2794	1
G456	G2274	1
G1335	G1513	1
G275	G1039	1
G1335	G2849	1
G320	G2255	1
G2583	G2812	1
G159	G2734	1
G331	G1576	1
G907	G1455	1
G187	G1550	1
G360	G721	1
G1681	G2730	1
G2924	G2979	1
G1143	G1334	1
G574	G1500	1
G685	G1133	1
G2118	G2232	1
G923	G1612	1
G307	G933	1
G98	G1580	1
G197	G1877	1
G773	G1975	1
G1090	G2103	1
G314	G2599	1
G958	G1133	1
G1010	G2467	1
G1019	G2233	1
G1726	G2776	1
G1445	G2570	1
G1828	G1903	1
G1332	G2949	1
G36	G2599	1
G331	G2977	1
G1083	G2557	1
G1397	G2369	1
G187	G2563	1
G1452	G2380	1
G408	G2667	1
G554	G1130	1
G721	G2586	1
G315	G2162	1
G752	G2671	1
G1264	G1712	1
G36	G755	1
G882	G1741	1
G306	G1382	1
G1027	G2648	1
G456	G1562	1
G676	G1933	1
G2532	G2980	1
G2341	G2368	1
G403	G2808	1
G622	G2871	1
G778	G2877	1
G882	G1855	1
G1225	G2692	1
G2622	G2877	1
G755	G1429	1
G801	G1027	1
G1606	G2812	1
G2121	G2180	1
G828	G2327	1
G1673	G1907	1
G830	G2895	1
G112	G1099	1
G860	G2347	1
G1337	G1630	1
G601	G2307	1
G46	G612	1
G2498	G3004	1
G281	G1361	1
G153	G2769	1
G586	G1666	1
G1508	G1694	1
G86	G1826	1
G610	G1645	1
G960	G2419	1
G1140	G1270	1
G1141	G1882	1
G2430	G2949	1
G774	G2451	1
G266	G1441	1
G1523	G1696	1
G177	G693	1
G153	G728	1
G1849	G2870	1
G685	G958	1
G723	G2846	1
G2689	G2776	1
G1741	G2557	1
G1681	G2366	1
G1857	G2741	1
G2724	G2825	1
G163	G1335	1
G49	G1112	1
G770	G845	1
G1559	G2339	1
G163	G1551	1
G1654	G1793	1
G947	G2776	1
G153	G1901	1
G216	G1455	1
G148	G2648	1
G283	G2366	1
G1801	G1887	1
G187	G2769	1
G1334	G2137	1
G2327	G2341	1
G1068	G1963	1
G1919	G2955	1
G514	G674	1
G885	G1130	1
G2572	G2978	1
G1589	G2142	1
G450	G1697	1
G1671	G2535	1
G1329	G1923	1
G2312	G2971	1
G144	G2551	1
G111	G197	1
G1719	G2360	1
G2814	G2972	1
G1564	G2979	1
G647	G1178	1
G354	G1869	1
G187	G1901	1
G2138	G2467	1
G412	G1541	1
G231	G1452	1
G960	G2972	1
G1250	G2991	1
G315	G2462	1
G36	G1455	1
G1827	G2812	1
G2005	G2463	1
G106	G1333	1
G64	G149	1
G546	G2461	1
G1542	G2316	1
G1027	G2365	1
G1783	G2812	1
G388	G2569	1
G1522	G2946	1
G1428	G2199	1
G362	G1932	1
G1550	G2407	1
G2274	G2776	1
G1238	G1627	1
G172	G754	1
G1982	G2766	1
G500	G1513	1
G1515	G2274	1
G2789	G2972	1
G2003	G2683	1
G981	G1174	1
G433	G890	1
G438	G2630	1
G2620	G2798	1
G2188	G2994	1
G963	G2877	1
G1155	G2733	1
G1337	G1806	1
G1747	G2648	1
G40	G2498	1
G177	G187	1
G651	G948	1
G685	G1130	1
G924	G1564	1
G1719	G2570	1
G755	G2368	1
G529	G2274	1
G1007	G2522	1
G497	G964	1
G574	G1747	1
G194	G2724	1
G475	G2540	1
G349	G2119	1
G1424	G2222	1
G958	G1130	1
G1109	G1327	1
G148	G408	1
G239	G2958	1
G132	G1270	1
G475	G577	1
G1420	G2581	1
G1452	G2232	1
G590	G729	1
G148	G2365	1
G405	G409	1
G574	G1612	1
G2736	G2789	1
G1455	G2869	1
G875	G2972	1
G1116	G1971	1
G126	G1828	1
G1218	G1849	1
G2363	G2872	1
G148	G402	1
G1978	G2799	1
G801	G2471	1
G709	G744	1
G2724	G2972	1
G482	G2955	1
G2437	G2551	1
G1438	G2529	1
G275	G2814	1
G601	G632	1
G605	G1400	1
G1099	G1694	1
G2583	G2941	1
G2435	G2865	1
G36	G696	1
G960	G2583	1
G2357	G2879	1
G1460	G1508	1
G423	G817	1
G1853	G2231	1
G890	G1863	1
G1543	G1806	1
G897	G1944	1
G507	G2279	1
G625	G1863	1
G876	G2428	1
G1186	G1486	1
G931	G2780	1
G415	G2207	1
G80	G600	1
G315	G2667	1
G366	G506	1
G1293	G1315	1
G374	G1068	1
G15	G1923	1
G1138	G2293	1
G801	G2103	1
G1025	G2617	1
G2360	G2547	1
G1893	G2865	1
G703	G2381	1
G366	G2232	1
G720	G1214	1
G1747	G2365	1
G1723	G2312	1
G1320	G2355	1
G1912	G2435	1
G889	G2092	1
G476	G2972	1
G1645	G2789	1
G715	G2497	1
G66	G426	1
G149	G2876	1
G1111	G1834	1
G899	G2355	1
G691	G1719	1
G909	G1624	1
G2425	G2622	1
G1191	G2846	1
G1218	G2664	1
G752	G2840	1
G331	G2327	1
G1606	G2941	1
G2094	G2880	1
G660	G2232	1
G1228	G2497	1
G1026	G1864	1
G2144	G2490	1
G1397	G2073	1
G755	G2103	1
G370	G2671	1
G923	G2381	1
G92	G1294	1
G408	G2232	1
G2155	G2848	1
G380	G2951	1
G1334	G2557	1
G1924	G2141	1
G918	G1828	1
G433	G1455	1
G1329	G2544	1
G1136	G1378	1
G1313	G2848	1
G2721	G2784	1
G956	G1575	1
G2366	G2540	1
G2758	G2979	1
G2040	G2789	1
G4	G237	1
G1140	G2700	1
G266	G2206	1
G1058	G1604	1
G1199	G1934	1
G374	G773	1
G586	G1087	1
G824	G1985	1
G1681	G1916	1
G801	G2351	1
G456	G497	1
G827	G2877	1
G141	G569	1
G1455	G2137	1
G676	G727	1
G456	G2105	1
G828	G1816	1
G421	G2449	1
G806	G1932	1
G858	G2072	1
G1598	G2802	1
G1924	G2232	1
G899	G1133	1
G1112	G1723	1
G331	G2988	1
G624	G1252	1
G1917	G1985	1
G2470	G2946	1
G1550	G2591	1
G187	G529	1
G1704	G2961	1
G2810	G2946	1
G828	G2568	1
G733	G1671	1
G1075	G1562	1
G187	G2570	1
G773	G2405	1
G1441	G1671	1
G475	G2877	1
G443	G1835	1
G879	G882	1
G1021	G1242	1
G2303	G2599	1
G2721	G2769	1
G486	G826	1
G806	G2724	1
G275	G2547	1
G2693	G2798	1
G1422	G1855	1
G923	G2162	1
G1111	G2082	1
G1419	G2881	1
G2721	G2859	1
G525	G1008	1
G364	G444	1
G902	G1916	1
G1098	G2877	1
G36	G1099	1
G2191	G2258	1
G1313	G2568	1
G2846	G2961	1
G1130	G1455	1
G1424	G1675	1
G80	G437	1
G519	G2227	1
G425	G734	1
G2352	G2812	1
G267	G1335	1
G1313	G1966	1
G267	G1551	1
G523	G1307	1
G2283	G2766	1
G600	G1723	1
G205	G1741	1
G932	G2331	1
G629	G2544	1
G1133	G1328	1
G418	G2229	1
G1513	G2780	1
G1138	G1919	1
G1912	G1997	1
G1186	G2467	1
G826	G1161	1
G2214	G2859	1
G1278	G1848	1
G2360	G2465	1
G1621	G1757	1
G198	G1838	1
G1185	G1476	1
G335	G758	1
G2739	G2969	1
G112	G2994	1
G362	G955	1
G2559	G2733	1
G801	G1975	1
G1398	G1610	1
G2049	G2565	1
G1500	G2789	1
G2086	G2776	1
G1819	G2237	1
G600	G1090	1
G1543	G2138	1
G2405	G2676	1
G1916	G2814	1
G80	G2972	1
G546	G2973	1
G703	G2462	1
G899	G958	1
G1508	G2799	1
G634	G1739	1
G2186	G2396	1
G2190	G2198	1
G475	G563	1
G848	G2924	1
G858	G1489	1
G1897	G2092	1
G1855	G2160	1
G1984	G2295	1
G162	G1292	1
G1394	G2955	1
G122	G148	1
G622	G1606	1
G680	G1152	1
G2121	G2465	1
G1554	G1570	1
G40	G2937	1
G1329	G2790	1
G137	G2133	1
G2713	G2721	1
G2245	G2799	1
G353	G923	1
G1416	G2865	1
G723	G1651	1
G1335	G2865	1
G1610	G2025	1
G306	G709	1
G1446	G2467	1
G200	G1635	1
G148	G1521	1
G778	G2784	1
G835	G2341	1
G306	G1540	1
G443	G1027	1
G1039	G1932	1
G1106	G2686	1
G387	G1008	1
G923	G2462	1
G1328	G2274	1
G2768	G2814	1
G1335	G2014	1
G1827	G2869	1
G231	G586	1
G1485	G2425	1
G934	G1704	1
G423	G1836	1
G1741	G1963	1
G1008	G2991	1
G2449	G2485	1
G767	G2265	1
G1120	G2966	1
G1066	G2559	1
G176	G958	1
G735	G1527	1
G1039	G2724	1
G331	G2949	1
G1932	G2103	1
G1554	G1948	1
G796	G1540	1
G1625	G1835	1
G117	G1956	1
G133	G2137	1
G574	G2381	1
G141	G1235	1
G1264	G2712	1
G1645	G2674	1
G890	G2522	1
G1112	G1720	1
G1042	G2639	1
G1406	G1700	1
G353	G1543	1
G353	G2346	1
G733	G1625	1
G443	G2465	1
G1066	G2252	1
G261	G1620	1
G2544	G2798	1
G934	G2921	1
G1441	G1625	1
G1099	G1123	1
G301	G2327	1
G1090	G1884	1
G660	G801	1
G1793	G1944	1
G1604	G2369	1
G1320	G2870	1
G1606	G2137	1
G1901	G2467	1
G1923	G1932	1
G624	G1877	1
G842	G1090	1
G391	G1704	1
G590	G1944	1
G963	G1550	1
G629	G2790	1
G1332	G2232	1
G80	G2583	1
G1743	G2143	1
G2170	G2320	1
G2591	G2940	1
G899	G2870	1
G693	G2121	1
G2293	G2630	1
G456	G2188	1
G2103	G2843	1
G1068	G2924	1
G1334	G1335	1
G827	G960	1
G426	G2681	1
G851	G1953	1
G174	G2766	1
G117	G2606	1
G267	G1963	1
G336	G2026	1
G1334	G1551	1
G1428	G2572	1
G1923	G2724	1
G2232	G2881	1
G1562	G2092	1
G2429	G2733	1
G1305	G2224	1
G1455	G2557	1
G2543	G2868	1
G1780	G2780	1
G563	G851	1
G1334	G2664	1
G24	G421	1
G889	G1612	1
G340	G682	1
G353	G1671	1
G433	G1099	1
G890	G907	1
G963	G2563	1
G283	G660	1
G574	G2162	1
G157	G2881	1
G1836	G2642	1
G475	G960	1
G586	G1187	1
G1924	G2856	1
G66	G180	1
G1488	G2815	1
G335	G1953	1
G1441	G1445	1
G851	G2988	1
G963	G2784	1
G1218	G1719	1
G482	G826	1
G148	G2121	1
G1090	G1606	1
G563	G1946	1
G696	G2877	1
G1837	G2681	1
G176	G2870	1
G194	G911	1
G279	G1099	1
G1433	G2516	1
G2514	G2988	1
G1320	G1397	1
G1948	G2380	1
G442	G1624	1
G2435	G2693	1
G354	G2471	1
G1220	G1793	1
G514	G586	1
G1926	G2041	1
G335	G2988	1
G629	G2369	1
G1446	G2425	1
G139	G2080	1
G1384	G2347	1
G885	G2118	1
G1269	G2072	1
G577	G1543	1
G2346	G2713	1
G2116	G2780	1
G2869	G2877	1
G462	G2798	1
G364	G899	1
G747	G1332	1
G963	G2769	1
G1030	G2355	1
G1723	G2713	1
G1199	G1585	1
G2532	G2966	1
G629	G1681	1
G1893	G2693	1
G629	G2738	1
G1513	G2882	1
G1168	G2341	1
G1671	G2465	1
G266	G693	1
G456	G2395	1
G2103	G2983	1
G315	G596	1
G826	G2433	1
G1502	G2993	1
G374	G1211	1
G1138	G2437	1
G354	G2103	1
G1406	G1648	1
G482	G1109	1
G1726	G2798	1
G656	G883	1
G75	G1566	1
G463	G1934	1
G778	G947	1
G24	G278	1
G2263	G2822	1
G1397	G2721	1
G1332	G1422	1
G963	G1901	1
G1564	G1897	1
G676	G1390	1
G574	G2462	1
G1413	G1738	1
G1982	G2667	1
G194	G931	1
G1027	G2447	1
G380	G1438	1
G161	G2047	1
G586	G1329	1
G577	G1671	1
G1383	G2736	1
G1901	G2425	1
G194	G1243	1
G1828	G2713	1
G231	G402	1
G1545	G2539	1
G1551	G2497	1
G1628	G1992	1
G1004	G2790	1
G2535	G2545	1
G239	G2573	1
G917	G1118	1
G1591	G1645	1
G456	G794	1
G642	G2497	1
G2103	G2849	1
G511	G1452	1
G858	G1793	1
G2540	G2977	1
G417	G2639	1
G462	G2175	1
G1216	G1467	1
G931	G2180	1
G1236	G2994	1
G1473	G1628	1
G1010	G2825	1
G1916	G2244	1
G827	G1550	1
G554	G1591	1
G866	G2320	1
G923	G2380	1
G1452	G1850	1
G36	G642	1
G1116	G1562	1
G1334	G1963	1
G2208	G2877	1
G194	G2834	1
G1027	G1441	1
G2581	G2944	1
G925	G1492	1
G835	G2838	1
G600	G1103	1
G1410	G2845	1
G192	G1923	1
G1726	G2175	1
G332	G744	1
G2381	G2924	1
G354	G2351	1
G192	G1524	1
G1331	G1422	1
G1455	G1849	1
G2056	G2681	1
G163	G1903	1
G148	G2447	1
G823	G1828	1
G1505	G2369	1
G362	G1130	1
G456	G2046	1
G1606	G2557	1
G525	G2946	1
G2514	G2949	1
G2505	G2700	1
G1264	G1730	1
G177	G1723	1
G1765	G2593	1
G1136	G1309	1
G736	G2210	1
G2570	G2622	1
G2894	G2993	1
G488	G1542	1
G920	G1264	1
G835	G2369	1
G150	G703	1
G456	G1116	1
G196	G421	1
G405	G660	1
G364	G827	1
G1948	G2232	1
G2274	G2798	1
G629	G2440	1
G864	G2395	1
G676	G1918	1
G835	G1681	1
G858	G891	1
G423	G1673	1
G812	G2866	1
G885	G1591	1
G835	G2738	1
G462	G1806	1
G758	G774	1
G475	G2784	1
G57	G533	1
G1628	G2810	1
G1455	G1551	1
G776	G1475	1
G715	G1867	1
G794	G2736	1
G122	G2467	1
G433	G899	1
G773	G2426	1
G1141	G2041	1
G342	G2201	1
G2312	G2346	1
G1455	G2664	1
G809	G2105	1
G1543	G2368	1
G424	G2670	1
G696	G960	1
G817	G2440	1
G826	G2779	1
G1413	G2971	1
G827	G2769	1
G354	G1975	1
G75	G2045	1
G2736	G2780	1
G1726	G1806	1
G851	G926	1
G1625	G2103	1
G2553	G2870	1
G239	G272	1
G1320	G1334	1
G802	G975	1
G1316	G2977	1
G2177	G2503	1
G1836	G2780	1
G586	G1255	1
G2532	G2990	1
G2189	G2219	1
G381	G2438	1
G276	G1403	1
G1953	G2648	1
G1965	G2020	1
G2137	G2822	1
G2877	G2972	1
G577	G1625	1
G899	G1334	1
G1262	G1921	1
G2015	G2751	1
G1133	G2341	1
G1562	G1612	1
G586	G2869	1
G1335	G2693	1
G801	G1606	1
G1513	G2180	1
G924	G1513	1
G456	G2979	1
G1256	G1387	1
G1441	G2435	1
G126	G1316	1
G194	G1397	1
G806	G958	1
G1473	G2083	1
G1154	G1450	1
G531	G2681	1
G958	G1591	1
G722	G1053	1
G15	G2638	1
G806	G931	1
G2175	G2425	1
G475	G1901	1
G1622	G2693	1
G734	G1083	1
G1334	G1719	1
G2440	G2620	1
G654	G2821	1
G2156	G2435	1
G659	G2786	1
G889	G2381	1
G909	G1337	1
G425	G2405	1
G1027	G2620	1
G323	G758	1
G1264	G1923	1
G1116	G1148	1
G1452	G2040	1
G1694	G2230	1
G693	G2620	1
G529	G794	1
G283	G1337	1
G157	G1112	1
G703	G1469	1
G482	G2584	1
G947	G1806	1
G1006	G1934	1
G149	G2799	1
G1645	G2780	1
G405	G1328	1
G75	G923	1
G444	G1496	1
G2412	G2899	1
G444	G2118	1
G569	G851	1
G227	G2528	1
G266	G1143	1
G714	G2991	1
G963	G2570	1
G1505	G2440	1
G577	G1445	1
G113	G1446	1
G806	G2406	1
G958	G2622	1
G197	G2919	1
G898	G1003	1
G2004	G2100	1
G370	G1026	1
G960	G1948	1
G809	G2196	1
G40	G1610	1
G1397	G2191	1
G1013	G1494	1
G1606	G1849	1
G2366	G2597	1
G1152	G1986	1
G216	G1480	1
G433	G2994	1
G703	G2202	1
G879	G1920	1
G923	G1469	1
G687	G2723	1
G413	G747	1
G421	G1376	1
G889	G2162	1
G148	G2620	1
G1835	G2768	1
G423	G2814	1
G2583	G2664	1
G1522	G1694	1
G126	G2789	1
G2320	G2498	1
G505	G2336	1
G1953	G2365	1
G192	G2544	1
G563	G2073	1
G157	G554	1
G1053	G1550	1
G1305	G2336	1
G1510	G2397	1
G897	G1966	1
G245	G693	1
G586	G2798	1
G529	G1116	1
G926	G2214	1
G1982	G2232	1
G2848	G2994	1
G931	G1835	1
G2780	G2789	1
G1455	G1963	1
G438	G2404	1
G622	G2236	1
G923	G1982	1
G533	G2485	1
G806	G2870	1
G462	G2138	1
G2151	G2681	1
G1398	G2994	1
G275	G1148	1
G586	G1106	1
G216	G1382	1
G2005	G2773	1
G2092	G2972	1
G2380	G2721	1
G1441	G1997	1
G2899	G2955	1
G1901	G2655	1
G660	G2040	1
G760	G923	1
G1268	G2739	1
G1877	G2490	1
G901	G2404	1
G610	G2838	1
G691	G1576	1
G64	G2490	1
G853	G1923	1
G1726	G2138	1
G1207	G1321	1
G1316	G2766	1
G1476	G2746	1
G596	G1064	1
G2286	G2950	1
G1416	G2468	1
G141	G2736	1
G1780	G2180	1
G1799	G2013	1
G364	G1152	1
G1515	G2979	1
G1335	G2468	1
G426	G802	1
G456	G853	1
G1771	G2302	1
G216	G715	1
G1965	G1998	1
G691	G2977	1
G2327	G2721	1
G279	G1390	1
G674	G2263	1
G2	G177	1
G2283	G2380	1
G889	G2462	1
G1500	G2780	1
G1931	G2082	1
G529	G2979	1
G1227	G2525	1
G610	G2369	1
G1329	G1500	1
G486	G2108	1
G1112	G2776	1
G558	G2849	1
G806	G1397	1
G1525	G2266	1
G1141	G2375	1
G1986	G2798	1
G1452	G1932	1
G1332	G1850	1
G1681	G2165	1
G1103	G2355	1
G564	G1801	1
G353	G2435	1
G315	G1850	1
G817	G2092	1
G1010	G2206	1
G610	G1681	1
G928	G1467	1
G444	G1591	1
G590	G2381	1
G610	G2738	1
G1339	G2525	1
G1547	G1610	1
G380	G1332	1
G931	G1027	1
G1543	G1783	1
G2086	G2798	1
G613	G2398	1
G1452	G2724	1
G1053	G1901	1
G194	G1334	1
G827	G2570	1
G750	G1985	1
G192	G2790	1
G364	G715	1
G1335	G2263	1
G2352	G2557	1
G2235	G2630	1
G1	G564	1
G482	G2012	1
G233	G1313	1
G1956	G2449	1
G1012	G2681	1
G1309	G1806	1
G1778	G2235	1
G1923	G2834	1
G923	G1332	1
G456	G2031	1
G1316	G2327	1
G366	G2303	1
G421	G708	1
G1513	G1835	1
G503	G2743	1
G882	G1035	1
G2769	G2843	1
G75	G1852	1
G715	G924	1
G2223	G2278	1
G606	G1156	1
G586	G1806	1
G1064	G1264	1
G1455	G1719	1
G809	G2395	1
G1606	G2963	1
G1394	G2584	1
G629	G1500	1
G2440	G2724	1
G2222	G2421	1
G1021	G1436	1
G1893	G2478	1
G474	G2317	1
G1027	G1320	1
G366	G1932	1
G1681	G2341	1
G55	G909	1
G241	G2943	1
G1729	G2801	1
G1893	G1930	1
G2341	G2426	1
G574	G1469	1
G693	G2724	1
G1066	G2638	1
G1119	G1251	1
G2385	G2848	1
G36	G2496	1
G2025	G2044	1
G257	G1716	1
G866	G1978	1
G703	G882	1
G1694	G1751	1
G1666	G2016	1
G1857	G2734	1
G2079	G2273	1
G456	G827	1
G758	G2535	1
G258	G2979	1
G2252	G2342	1
G366	G2724	1
G678	G2009	1
G691	G758	1
G1099	G1329	1
G1606	G1963	1
G1671	G1827	1
G1562	G2381	1
G1279	G1939	1
G1723	G2648	1
G660	G1932	1
G1251	G1428	1
G1998	G2056	1
G634	G1651	1
G889	G2667	1
G2	G1681	1
G774	G1397	1
G1205	G2047	1
G1335	G2118	1
G426	G1979	1
G126	G2674	1
G1835	G2496	1
G2210	G2327	1
G53	G1434	1
G149	G197	1
G679	G1116	1
G823	G1383	1
G960	G1828	1
G707	G1205	1
G2540	G2949	1
G577	G2435	1
G834	G846	1
G1642	G2526	1
G1316	G2523	1
G433	G1152	1
G231	G374	1
G660	G2724	1
G589	G1417	1
G1027	G1741	1
G1223	G1513	1
G1422	G2881	1
G1867	G2447	1
G1924	G2303	1
G2103	G2865	1
G960	G2940	1
G275	G2599	1
G148	G1320	1
G693	G1741	1
G1543	G2924	1
G2812	G2877	1
G1161	G1919	1
G192	G2738	1
G275	G755	1
G2495	G2720	1
G1700	G1867	1
G275	G993	1
G917	G2044	1
G1828	G2648	1
G433	G1382	1
G2789	G2940	1
G2538	G2686	1
G1099	G1191	1
G1897	G2462	1
G734	G774	1
G2232	G2682	1
G773	G2467	1
G1521	G2736	1
G2365	G2870	1
G2671	G2687	1
G1867	G2451	1
G1562	G2162	1
G613	G2340	1
G80	G1948	1
G2073	G2419	1
G642	G1867	1
G2895	G2951	1
G2585	G2754	1
G1901	G2825	1
G268	G1610	1
G1168	G2073	1
G1543	G1903	1
G307	G1448	1
G1116	G2603	1
G1421	G1731	1
G462	G1429	1
G694	G1763	1
G1827	G1963	1
G2869	G2989	1
G1604	G2591	1
G1783	G1963	1
G148	G1741	1
G1000	G1158	1
G150	G2849	1
G1255	G2033	1
G1130	G1152	1
G1329	G1612	1
G554	G1211	1
G85	G1161	1
G1786	G2469	1
G2591	G2789	1
G1550	G2723	1
G2620	G2924	1
G231	G1441	1
G2769	G2849	1
G344	G1339	1
G2346	G2365	1
G306	G960	1
G830	G1749	1
G2380	G2441	1
G2870	G2979	1
G426	G2449	1
G1723	G2365	1
G875	G2940	1
G2671	G2739	1
G2545	G2951	1
G335	G506	1
G482	G2108	1
G806	G1334	1
G456	G1538	1
G443	G1606	1
G307	G2681	1
G2573	G2641	1
G38	G875	1
G215	G2873	1
G1004	G1500	1
G497	G1455	1
G1500	G2175	1
G2073	G2972	1
G680	G923	1
G931	G2103	1
G2405	G2723	1
G1508	G2137	1
G918	G1083	1
G2586	G2837	1
G1985	G2496	1
G281	G2429	1
G1187	G2381	1
G275	G1455	1
G1838	G2115	1
G1140	G2662	1
G200	G1984	1
G691	G2327	1
G1316	G2949	1
G2206	G2736	1
G468	G1413	1
G1583	G2650	1
G1469	G1591	1
G1606	G1719	1
G1855	G1953	1
G150	G1446	1
G1218	G1576	1
G1828	G2365	1
G1310	G1550	1
G2327	G2441	1
G875	G1330	1
G1270	G1667	1
G1394	G2012	1
G1562	G2462	1
G153	G1863	1
G433	G2496	1
G141	G380	1
G809	G2979	1
G1742	G2235	1
G133	G149	1
G149	G2197	1
G2188	G2892	1
G120	G1916	1
G935	G1168	1
G885	G2366	1
G828	G1220	1
G1083	G2977	1
G2588	G2887	1
G720	G1818	1
G924	G2865	1
G2465	G2814	1
G283	G851	1
G977	G2040	1
G1489	G2188	1
G1398	G2385	1
G300	G388	1
G1953	G2121	1
G2258	G2570	1
G1855	G2988	1
G1218	G2977	1
G715	G1907	1
G267	G2312	1
G1328	G2979	1
G1774	G1923	1
G197	G662	1
G1211	G2063	1
G1010	G1515	1
G2404	G2412	1
G1469	G2005	1
G1645	G2180	1
G1739	G2892	1
G578	G1141	1
G2266	G2360	1
G2312	G2435	1
G192	G515	1
G475	G1282	1
G1551	G2686	1
G853	G2790	1
G2401	G2768	1
G199	G2429	1
G2437	G2793	1
G2293	G2404	1
G594	G1111	1
G157	G306	1
G1612	G1932	1
G691	G2988	1
G1164	G1473	1
G502	G2036	1
G300	G1452	1
G934	G1008	1
G1228	G1907	1
G2214	G2789	1
G2618	G2724	1
G629	G1010	1
G1310	G2784	1
G331	G1906	1
G194	G1112	1
G596	G774	1
G1867	G2620	1
G563	G2591	1
G192	G612	1
G1612	G2724	1
G629	G2676	1
G691	G2523	1
G1513	G2471	1
G1726	G2368	1
G539	G2045	1
G1991	G2542	1
G2119	G2449	1
G774	G1334	1
G823	G1316	1
G685	G1211	1
G1564	G2045	1
G1141	G1427	1
G246	G1506	1
G652	G1536	1
G1332	G1932	1
G1039	G1334	1
G1168	G2597	1
G958	G1211	1
G715	G2257	1
G613	G2172	1
G1385	G2547	1
G1347	G2179	1
G456	G1382	1
G758	G2814	1
G869	G2787	1
G1446	G2583	1
G657	G1606	1
G564	G1433	1
G1327	G2899	1
G417	G2497	1
G2232	G2812	1
G418	G1508	1
G181	G1618	1
G268	G1099	1
G1554	G1621	1
G112	G2311	1
G1310	G2769	1
G1332	G2724	1
G1112	G1329	1
G2210	G2848	1
G213	G474	1
G809	G2730	1
G480	G701	1
G841	G2840	1
G306	G1550	1
G99	G2551	1
G1133	G2073	1
G745	G1155	1
G1203	G2347	1
G1513	G2103	1
G324	G2342	1
G1186	G2041	1
G916	G1510	1
G194	G554	1
G1125	G2571	1
G877	G1348	1
G586	G1335	1
G586	G1551	1
G776	G2460	1
G1809	G2069	1
G298	G472	1
G1489	G2815	1
G2381	G2713	1
G755	G2418	1
G1562	G2667	1
G1310	G1901	1
G1337	G2312	1
G860	G1914	1
G456	G715	1
G1550	G2214	1
G796	G1550	1
G2056	G2449	1
G1042	G1664	1
G1099	G2137	1
G82	G368	1
G2435	G2979	1
G122	G600	1
G2435	G2618	1
G283	G885	1
G784	G2316	1
G1027	G1726	1
G1448	G2673	1
G2208	G2570	1
G410	G2230	1
G600	G1329	1
G1543	G2405	1
G1687	G2375	1
G1331	G1932	1
G1901	G2583	1
G2263	G2766	1
G775	G2758	1
G1326	G2458	1
G1948	G2040	1
G1704	G1739	1
G823	G2789	1
G2693	G2924	1
G2766	G2798	1
G1806	G1897	1
G197	G1523	1
G362	G2622	1
G1523	G1793	1
G2080	G2320	1
G318	G2207	1
G529	G1916	1
G2025	G2381	1
G306	G2784	1
G2210	G2568	1
G281	G1683	1
G2175	G2419	1
G364	G1540	1
G977	G2303	1
G1953	G2447	1
G668	G1788	1
G75	G1550	1
G744	G2103	1
G4	G2606	1
G794	G2865	1
G2045	G2544	1
G163	G1452	1
G1383	G2486	1
G1751	G2327	1
G1500	G2180	1
G890	G1139	1
G1375	G1787	1
G1505	G2676	1
G11	G2583	1
G85	G2433	1
G691	G2949	1
G656	G770	1
G2180	G2798	1
G174	G462	1
G1288	G2365	1
G1659	G1835	1
G1040	G2739	1
G907	G2419	1
G577	G1828	1
G610	G2992	1
G1220	G1992	1
G2107	G2625	1
G2389	G2681	1
G2395	G2838	1
G2622	G2689	1
G835	G1010	1
G1106	G2977	1
G1575	G2467	1
G901	G2955	1
G148	G1726	1
G1529	G2983	1
G577	G2940	1
G2369	G2758	1
G835	G2676	1
G1916	G2603	1
G708	G2019	1
G1090	G2425	1
G1543	G2312	1
G1835	G2944	1
G126	G500	1
G923	G2843	1
G1069	G2497	1
G1066	G2867	1
G40	G1390	1
G2341	G2467	1
G758	G2547	1
G923	G2423	1
G443	G1401	1
G2435	G2730	1
G1196	G2503	1
G1329	G2381	1
G2154	G2860	1
G1580	G2597	1
G2103	G2693	1
G955	G2317	1
G275	G1387	1
G450	G1213	1
G1429	G2822	1
G495	G964	1
G592	G773	1
G842	G1329	1
G1966	G2170	1
G1785	G2815	1
G880	G2395	1
G760	G1550	1
G841	G883	1
G420	G2858	1
G1619	G1900	1
G2702	G2712	1
G258	G1916	1
G2426	G2620	1
G1112	G2869	1
G918	G2835	1
G36	G2644	1
G962	G2940	1
G563	G2441	1
G1390	G2467	1
G2630	G2873	1
G1780	G2103	1
G129	G358	1
G1706	G2170	1
G174	G801	1
G1256	G2496	1
G1183	G2533	1
G891	G2490	1
G2214	G2674	1
G1887	G1931	1
G66	G2681	1
G1645	G1835	1
G2838	G2977	1
G444	G2366	1
G686	G2781	1
G495	G2814	1
G521	G876	1
G694	G2490	1
G454	G2005	1
G964	G2814	1
G1384	G2943	1
G153	G629	1
G360	G883	1
G2105	G2447	1
G1218	G2327	1
G46	G2505	1
G1220	G2810	1
G1329	G2162	1
G1452	G2406	1
G1554	G2776	1
G2414	G2556	1
G676	G828	1
G600	G2869	1
G1867	G2724	1
G828	G1932	1
G1591	G2838	1
G629	G2381	1
G1233	G1670	1
G112	G676	1
G2849	G2979	1
G1010	G1774	1
G693	G931	1
G362	G773	1
G331	G2620	1
G858	G1558	1
G1010	G1143	1
G693	G1243	1
G1282	G2849	1
G187	G629	1
G703	G2849	1
G1901	G2514	1
G2137	G2766	1
G159	G1857	1
G2175	G2583	1
G36	G2419	1
G366	G931	1
G194	G773	1
G270	G434	1
G1916	G2068	1
G245	G1090	1
G1489	G2170	1
G2496	G2545	1
G231	G1320	1
G1204	G2899	1
G1433	G2973	1
G1223	G2865	1
G85	G2779	1
G889	G1332	1
G2462	G2838	1
G2739	G2837	1
G1863	G2432	1
G192	G1500	1
G1218	G2988	1
G1591	G2369	1
G1896	G2164	1
G755	G2467	1
G956	G1806	1
G539	G2877	1
G107	G2693	1
G1452	G2870	1
G1725	G2474	1
G1741	G1953	1
G960	G1103	1
G11	G2514	1
G774	G1112	1
G437	G2312	1
G660	G931	1
G1564	G2877	1
G1877	G2921	1
G340	G722	1
G1086	G2066	1
G1651	G1966	1
G950	G1914	1
G758	G2465	1
G923	G2849	1
G1106	G2766	1
G1617	G2620	1
G462	G1331	1
G2063	G2381	1
G64	G2921	1
G1112	G2798	1
G1591	G1681	1
G391	G736	1
G348	G1286	1
G2341	G2425	1
G1591	G2738	1
G637	G2747	1
G663	G2812	1
G880	G1116	1
G174	G703	1
G199	G1139	1
G529	G660	1
G17	G143	1
G1681	G2073	1
G703	G1446	1
G267	G2713	1
G503	G1243	1
G1741	G2988	1
G586	G1419	1
G694	G2327	1
G410	G1751	1
G40	G1696	1
G610	G1747	1
G851	G2451	1
G1329	G2462	1
G1383	G2274	1
G1141	G2606	1
G150	G2865	1
G302	G1042	1
G423	G1827	1
G1390	G1704	1
G306	G1529	1
G316	G1499	1
G890	G1562	1
G2462	G2738	1
G2103	G2468	1
G306	G2360	1
G600	G2798	1
G122	G2583	1
G634	G1701	1
G907	G1543	1
G625	G1562	1
G934	G2946	1
G899	G1211	1
G340	G574	1
G1500	G1835	1
G414	G2497	1
G574	G2423	1
G111	G1842	1
G923	G1446	1
G2063	G2162	1
G199	G1406	1
G102	G578	1
G828	G1935	1
G2085	G2961	1
G600	G1106	1
G149	G2025	1
G796	G1529	1
G309	G2691	1
G858	G2799	1
G2700	G2887	1
G506	G2865	1
G515	G1139	1
G1997	G2419	1
G2712	G2874	1
G477	G2263	1
G662	G2994	1
G1971	G2843	1
G958	G1645	1
G268	G2994	1
G275	G899	1
G801	G2425	1
G1335	G2730	1
G755	G2352	1
G1496	G2798	1
G600	G1630	1
G306	G529	1
G795	G1221	1
G907	G1671	1
G1106	G2327	1
G2351	G2766	1
G1139	G2784	1
G2676	G2983	1
G30	G453	1
G343	G348	1
G610	G1010	1
G886	G2833	1
G888	G2685	1
G1589	G1799	1
G18	G1361	1
G1653	G1693	1
G126	G2175	1
G934	G2827	1
G1751	G2568	1
G1710	G2114	1
G2103	G2263	1
G1083	G2949	1
G1143	G1923	1
G610	G2676	1
G1726	G1903	1
G444	G2017	1
G517	G2621	1
G1143	G1524	1
G1723	G2447	1
G715	G1080	1
G197	G1261	1
G1799	G1833	1
G233	G1508	1
G1603	G2732	1
G1218	G2949	1
G1264	G1500	1
G693	G1397	1
G1316	G2232	1
G133	G1763	1
G2019	G2347	1
G636	G1826	1
G693	G1870	1
G2175	G2514	1
G1997	G2972	1
G755	G2425	1
G2441	G2972	1
G402	G2812	1
G2780	G2882	1
G1397	G2214	1
G2012	G2235	1
G794	G2274	1
G216	G2346	1
G40	G2385	1
G1422	G2682	1
G2188	G2435	1
G157	G823	1
G2676	G2849	1
G1218	G1989	1
G1152	G2798	1
G163	G586	1
G423	G890	1
G364	G923	1
G1329	G2667	1
G758	G1716	1
G456	G1540	1
G1112	G1806	1
G1828	G2447	1
G2019	G2638	1
G148	G663	1
G2063	G2462	1
G865	G1363	1
G586	G848	1
G314	G2346	1
G1139	G1901	1
G1106	G2523	1
G660	G1397	1
G1139	G1997	1
G1985	G2972	1
G794	G2693	1
G931	G1606	1
G1335	G2366	1
G1863	G1917	1
G2591	G2780	1
G1007	G1455	1
G233	G391	1
G1334	G2713	1
G1681	G2597	1
G148	G1870	1
G36	G2156	1
G2103	G2118	1
G391	G634	1
G2274	G2924	1
G574	G2849	1
G283	G2597	1
G1321	G1900	1
G828	G2144	1
G331	G2724	1
G139	G2009	1
G600	G1806	1
G1418	G2266	1
G876	G2583	1
G1963	G2092	1
G1543	G2713	1
G963	G1863	1
G1686	G2811	1
G1543	G2426	1
G1525	G2478	1
G1099	G1335	1
G1489	G1508	1
G193	G1214	1
G558	G2693	1
G1835	G2346	1
G1152	G2175	1
G315	G958	1
G2626	G2829	1
G107	G2263	1
G1445	G2814	1
G1091	G2833	1
G1441	G2789	1
G337	G1140	1
G1647	G2713	1
G1313	G2210	1
G1612	G2406	1
G1645	G2103	1
G405	G2073	1
G36	G1671	1
G163	G2648	1
G264	G1293	1
G1586	G2262	1
G2838	G2988	1
G368	G1763	1
G106	G542	1
G2441	G2583	1
G508	G2307	1
G1363	G2968	1
G577	G1383	1
G1424	G2049	1
G141	G1372	1
G924	G2263	1
G2478	G2547	1
G1004	G2462	1
G1199	G2172	1
G2082	G2606	1
G1090	G1700	1
G1473	G2848	1
G1092	G2932	1
G1635	G2955	1
G2381	G2648	1
G2620	G2713	1
G410	G1036	1
G1670	G2238	1
G2040	G2103	1
G1903	G2682	1
G298	G2774	1
G762	G1619	1
G323	G801	1
G514	G693	1
G836	G1140	1
G215	G1589	1
G1557	G2326	1
G1683	G2469	1
G529	G2553	1
G629	G2208	1
G1550	G2983	1
G875	G2789	1
G1499	G2873	1
G376	G1421	1
G960	G2063	1
G596	G2814	1
G715	G2977	1
G1237	G2991	1
G1106	G2949	1
G1934	G2398	1
G1365	G2263	1
G2583	G2977	1
G1264	G1747	1
G2341	G2655	1
G828	G2355	1
G107	G2118	1
G956	G1335	1
G1152	G1806	1
G1723	G2620	1
G918	G1030	1
G1473	G1816	1
G1654	G2025	1
G680	G1997	1
G1027	G2881	1
G2026	G2924	1
G215	G2295	1
G433	G923	1
G126	G2180	1
G462	G2405	1
G694	G1816	1
G1627	G1809	1
G907	G1445	1
G2047	G2719	1
G402	G1329	1
G1429	G2092	1
G1315	G2721	1
G1143	G2544	1
G1932	G2425	1
G1473	G2568	1
G1313	G2355	1
G112	G1250	1
G1332	G2870	1
G1053	G2430	1
G426	G708	1
G374	G1681	1
G694	G2568	1
G778	G2248	1
G529	G709	1
G500	G2366	1
G46	G2654	1
G163	G2365	1
G2085	G2113	1
G859	G1149	1
G80	G456	1
G922	G2449	1
G924	G2105	1
G354	G475	1
G1120	G2732	1
G1422	G2812	1
G2092	G2940	1
G1223	G2693	1
G709	G876	1
G1828	G2620	1
G2496	G2869	1
G809	G1893	1
G141	G2274	1
G1863	G2377	1
G586	G2924	1
G1525	G2395	1
G678	G727	1
G2405	G2849	1
G939	G1475	1
G1994	G2222	1
G685	G1751	1
G161	G752	1
G1681	G1858	1
G433	G1543	1
G1010	G1723	1
G126	G2138	1
G1116	G1152	1
G1681	G2721	1
G1719	G2814	1
G148	G2881	1
G1504	G1660	1
G1090	G2825	1
G1500	G2103	1
G194	G454	1
G744	G1606	1
G426	G1968	1
G876	G2514	1
G2838	G2949	1
G1204	G1327	1
G2142	G2630	1
G1963	G2977	1
G2425	G2838	1
G846	G1203	1
G36	G1625	1
G141	G2693	1
G660	G1334	1
G823	G2780	1
G118	G1797	1
G266	G315	1
G589	G867	1
G1116	G1382	1
G574	G1223	1
G1564	G2563	1
G586	G1903	1
G433	G2892	1
G2063	G2380	1
G1010	G1090	1
G1030	G1211	1
G789	G2009	1
G1250	G1473	1
G1332	G1397	1
G1726	G2312	1
G2291	G2508	1
G734	G2465	1
G715	G758	1
G794	G2263	1
G506	G2274	1
G1877	G1886	1
G433	G1671	1
G181	G1216	1
G2263	G2380	1
G227	G570	1
G899	G1645	1
G1564	G2784	1
G2157	G2961	1
G2232	G2557	1
G1313	G2421	1
G719	G1090	1
G90	G147	1
G2032	G2077	1
G2226	G2539	1
G1335	G1916	1
G1551	G1780	1
G1282	G2865	1
G353	G2789	1
G516	G2779	1
G1130	G1543	1
G1329	G2232	1
G456	G2045	1
G851	G2724	1
G703	G1133	1
G2447	G2766	1
G2724	G2776	1
G2677	G2938	1
G871	G2049	1
G2302	G2415	1
G1398	G2892	1
G335	G1932	1
G2425	G2738	1
G2514	G2724	1
G192	G194	1
G36	G1445	1
G1816	G2919	1
G1143	G2790	1
G1455	G1953	1
G554	G1524	1
G577	G1316	1
G2274	G2405	1
G2713	G2983	1
G107	G2478	1
G715	G2766	1
G1564	G2769	1
G2362	G2698	1
G1763	G2848	1
G1741	G2648	1
G80	G283	1
G1536	G2480	1
G2429	G2469	1
G516	G1857	1
G374	G2440	1
G1044	G1427	1
G226	G1728	1
G1863	G2341	1
G806	G1211	1
G1141	G2887	1
G1975	G2940	1
G1008	G2961	1
G1112	G1335	1
G1112	G1551	1
G923	G1133	1
G474	G2901	1
G1130	G1671	1
G402	G2869	1
G334	G2739	1
G613	G2069	1
G1916	G2758	1
G163	G1912	1
G11	G1948	1
G1006	G2398	1
G1564	G1901	1
G1157	G1743	1
G133	G2490	1
G758	G1827	1
G15	G1754	1
G1200	G1297	1
G1455	G2988	1
G1429	G2977	1
G2360	G2496	1
G514	G2115	1
G2300	G2815	1
G1003	G2051	1
G2621	G2973	1
G1090	G2972	1
G1397	G2736	1
G443	G2425	1
G1589	G2013	1
G801	G1700	1
G1211	G1806	1
G1719	G2547	1
G1210	G1841	1
G266	G2812	1
G226	G1199	1
G1329	G1982	1
G890	G1455	1
G1675	G1722	1
G600	G1335	1
G66	G1979	1
G600	G1551	1
G1763	G2568	1
G1375	G2741	1
G185	G1287	1
G564	G2339	1
G794	G889	1
G2115	G2595	1
G514	G1143	1
G1763	G1966	1
G267	G2648	1
G558	G2118	1
G1138	G2955	1
G1382	G1513	1
G550	G1012	1
G1382	G2849	1
G911	G2535	1
G402	G823	1
G503	G1408	1
G616	G1152	1
G1864	G2739	1
G577	G2789	1
G521	G610	1
G1768	G2471	1
G1478	G2031	1
G385	G2105	1
G456	G577	1
G514	G2564	1
G676	G1793	1
G902	G2570	1
G1521	G2274	1
G102	G132	1
G1448	G2291	1
G1725	G1939	1
G920	G2814	1
G520	G1503	1
G1963	G2766	1
G1194	G1223	1
G411	G2818	1
G625	G2188	1
G715	G2327	1
G360	G2098	1
G709	G1963	1
G1188	G2512	1
G1735	G2311	1
G187	G2814	1
G2468	G2780	1
G316	G1787	1
G1525	G2979	1
G1948	G2870	1
G696	G1064	1
G1741	G2365	1
G2395	G2591	1
G596	G2465	1
G433	G1625	1
G364	G960	1
G728	G2426	1
G1812	G2102	1
G1053	G2569	1
G1441	G2642	1
G907	G2435	1
G1223	G2263	1
G1383	G2188	1
G298	G412	1
G1833	G2630	1
G1071	G2985	1
G46	G1265	1
G1382	G1920	1
G539	G947	1
G258	G778	1
G685	G1524	1
G2214	G2535	1
G703	G1130	1
G275	G2496	1
G1677	G1907	1
G958	G1923	1
G741	G2528	1
G629	G1617	1
G357	G2763	1
G691	G2121	1
G1090	G2583	1
G809	G1540	1
G2395	G2676	1
G1249	G1382	1
G889	G1446	1
G1230	G2039	1
G1301	G2601	1
G2583	G2988	1
G1332	G1334	1
G141	G2263	1
G1934	G2172	1
G2540	G2620	1
G1806	G2346	1
G823	G2175	1
G629	G1564	1
G2230	G2991	1
G278	G302	1
G80	G514	1
G693	G1112	1
G1256	G1543	1
G828	G1397	1
G1793	G2961	1
G267	G2365	1
G362	G1645	1
G715	G2523	1
G2302	G2719	1
G1743	G1864	1
G1554	G2175	1
G1706	G2320	1
G1887	G2720	1
G590	G2961	1
G1730	G1923	1
G1329	G1332	1
G923	G1130	1
G1606	G1953	1
G666	G1505	1
G1625	G2425	1
G1681	G2441	1
G1591	G1747	1
G921	G1092	1
G1966	G2300	1
G215	G482	1
G612	G2299	1
G1525	G2730	1
G1140	G2317	1
G848	G1441	1
G1397	G2983	1
G758	G2599	1
G755	G2825	1
G828	G2222	1
G1429	G2766	1
G1524	G2822	1
G1858	G2092	1
G126	G1027	1
G1228	G2291	1
G642	G1576	1
G1706	G2300	1
G2082	G2436	1
G1606	G2988	1
G1677	G2160	1
G1201	G2470	1
G154	G1864	1
G678	G1390	1
G1591	G2591	1
G148	G1112	1
G1211	G2138	1
G157	G685	1
G454	G2534	1
G2435	G2553	1
G475	G629	1
G2467	G2581	1
G1264	G2162	1
G346	G1302	1
G266	G1329	1
G355	G2779	1
G1334	G2648	1
G1551	G2977	1
G1748	G2798	1
G1849	G2544	1
G602	G1540	1
G610	G2208	1
G1433	G2019	1
G827	G907	1
G1243	G1554	1
G1143	G2440	1
G649	G2391	1
G865	G1904	1
G1489	G2320	1
G1912	G2180	1
G2189	G2597	1
G642	G2977	1
G719	G918	1
G333	G800	1
G445	G2072	1
G2447	G2951	1
G1335	G1893	1
G278	G802	1
G2312	G2789	1
G58	G1380	1
G360	G656	1
G860	G2733	1
G122	G1948	1
G529	G2540	1
G36	G2435	1
G456	G2877	1
G846	G1714	1
G1162	G2543	1
G2255	G2464	1
G2462	G2591	1
G150	G1496	1
G1447	G1977	1
G1863	G2838	1
G729	G2320	1
G150	G2118	1
G1564	G2570	1
G475	G907	1
G659	G2711	1
G1554	G1806	1
G1963	G2523	1
G2351	G2380	1
G364	G1550	1
G1591	G2676	1
G2465	G2603	1
G1622	G1893	1
G1783	G1953	1
G355	G1857	1
G1134	G2041	1
G331	G2834	1
G1337	G2365	1
G1671	G2496	1
G1152	G1429	1
G148	G554	1
G758	G1606	1
G2047	G2868	1
G1768	G1975	1
G1112	G1419	1
G2069	G2837	1
G801	G2972	1
G904	G2465	1
G851	G1403	1
G715	G2949	1
G2789	G2835	1
G364	G2563	1
G922	G1518	1
G2583	G2949	1
G1827	G2988	1
G1863	G2369	1
G1809	G2586	1
G2462	G2676	1
G835	G1564	1
G1523	G2810	1
G1783	G2988	1
G625	G1116	1
G918	G1027	1
G1726	G2426	1
G2620	G2648	1
G2299	G2927	1
G947	G1013	1
G577	G1083	1
G141	G1004	1
G897	G2210	1
G627	G2378	1
G2758	G2989	1
G531	G928	1
G1090	G2514	1
G364	G2784	1
G1275	G2309	1
G139	G1933	1
G159	G1327	1
G1576	G2979	1
G951	G2743	1
G755	G1042	1
G1417	G1864	1
G1863	G2738	1
G1696	G2498	1
G1264	G2462	1
G1573	G1838	1
G1533	G2529	1
G40	G828	1
G714	G1261	1
G2621	G2731	1
G609	G1878	1
G374	G1500	1
G1334	G2365	1
G678	G1918	1
G1106	G2232	1
G360	G1006	1
G734	G999	1
G1016	G1933	1
G1316	G2040	1
G937	G1741	1
G685	G2544	1
G1161	G2404	1
G880	G1893	1
G1550	G2865	1
G1887	G2117	1
G1619	G2917	1
G1446	G1723	1
G1442	G2095	1
G1006	G2172	1
G960	G2780	1
G1650	G1824	1
G958	G2544	1
G625	G2546	1
G1223	G2478	1
G1261	G2072	1
G364	G2769	1
G1785	G2320	1
G258	G577	1
G207	G2789	1
G823	G2180	1
G1042	G1066	1
G364	G2859	1
G1849	G2790	1
G1997	G2435	1
G2447	G2462	1
G126	G2471	1
G799	G1979	1
G281	G1278	1
G539	G2685	1
G723	G2991	1
G590	G2323	1
G2570	G2838	1
G1963	G2949	1
G554	G2838	1
G1638	G2456	1
G828	G1334	1
G385	G2395	1
G1748	G1806	1
G266	G2869	1
G963	G1039	1
G1700	G2766	1
G1513	G2418	1
G801	G2583	1
G364	G1901	1
G470	G1363	1
G364	G1997	1
G2766	G2924	1
G1551	G2766	1
G4	G1140	1
G2327	G2736	1
G2540	G2724	1
G2043	G2549	1
G177	G1335	1
G331	G1397	1
G876	G1948	1
G1053	G2522	1
G1515	G2877	1
G331	G1870	1
G1035	G1835	1
G2103	G2366	1
G2768	G2971	1
G126	G2103	1
G1723	G1726	1
G177	G2664	1
G1383	G2979	1
G1383	G2618	1
G1023	G1689	1
G875	G2780	1
G577	G2642	1
G2175	G2940	1
G916	G2641	1
G1419	G2822	1
G433	G2435	1
G696	G2522	1
G891	G1706	1
G2381	G2447	1
G734	G1827	1
G80	G141	1
G589	G1904	1
G2320	G2385	1
G554	G1681	1
G907	G1828	1
G1012	G1968	1
G46	G1542	1
G828	G2296	1
G554	G2738	1
G163	G1441	1
G534	G1161	1
G794	G1116	1
G1335	G2553	1
G1712	G2496	1
G830	G1332	1
G1428	G1679	1
G366	G773	1
G885	G2838	1
G1261	G1489	1
G1617	G1870	1
G1932	G2419	1
G851	G931	1
G456	G960	1
G564	G922	1
G1320	G1923	1
G1310	G2569	1
G1735	G2070	1
G344	G2981	1
G924	G2730	1
G685	G2790	1
G1849	G2738	1
G514	G1723	1
G1329	G1850	1
G444	G2341	1
G2366	G2736	1
G899	G1524	1
G760	G2430	1
G977	G1098	1
G1129	G1823	1
G2542	G2772	1
G660	G773	1
G132	G2255	1
G958	G2790	1
G1741	G2121	1
G275	G2944	1
G85	G99	1
G975	G1166	1
G1429	G2949	1
G1551	G2327	1
G1112	G1783	1
G405	G1282	1
G1130	G2435	1
G622	G835	1
G698	G2195	1
G144	G1919	1
G723	G1823	1
G964	G1455	1
G374	G1747	1
G354	G600	1
G1316	G1932	1
G778	G2814	1
G1499	G1589	1
G529	G563	1
G1135	G2743	1
G423	G2758	1
G281	G846	1
G736	G1488	1
G2713	G2865	1
G315	G1591	1
G918	G2103	1
G885	G1681	1
G1932	G2972	1
G438	G2551	1
G785	G815	1
G1130	G2563	1
G256	G521	1
G1316	G2724	1
G755	G2041	1
G985	G2245	1
G433	G2859	1
G958	G2838	1
G1933	G2072	1
G402	G1849	1
G794	G2979	1
G1716	G1982	1
G2789	G2798	1
G448	G1021	1
G997	G1428	1
G2790	G2979	1
G2426	G2881	1
G600	G1783	1
G1382	G2865	1
G789	G1610	1
G1499	G2295	1
G362	G2581	1
G755	G2206	1
G368	G2568	1
G461	G2447	1
G1237	G2538	1
G564	G2087	1
G610	G1617	1
G2190	G2224	1
G587	G1494	1
G1199	G2069	1
G433	G1997	1
G2144	G2222	1
G216	G529	1
G1013	G2638	1
G1390	G2072	1
G761	G1434	1
G685	G2369	1
G642	G2988	1
G1007	G1152	1
G1143	G1500	1
G801	G2514	1
G1076	G1235	1
G613	G865	1
G958	G2369	1
G610	G1564	1
G1551	G2523	1
G1469	G1524	1
G447	G1554	1
G1191	G2991	1
G1093	G2865	1
G36	G1828	1
G1438	G1590	1
G2467	G2544	1
G685	G1681	1
G1010	G2776	1
G826	G1204	1
G960	G2175	1
G2121	G2419	1
G586	G2713	1
G374	G2676	1
G1099	G1763	1
G963	G964	1
G1671	G1700	1
G141	G794	1
G958	G1681	1
G2538	G2848	1
G402	G1551	1
G461	G1441	1
G662	G2311	1
G960	G2283	1
G1141	G2621	1
G109	G1026	1
G1625	G1700	1
G722	G1116	1
G1334	G1521	1
G1628	G1842	1
G425	G2206	1
G596	G1827	1
G854	G1413	1
G1066	G2100	1
G2724	G2798	1
G205	G2557	1
G2	G1469	1
G1696	G2937	1
G1547	G2892	1
G762	G2985	1
G192	G2086	1
G402	G685	1
G2597	G2766	1
G258	G563	1
G634	G729	1
G2058	G2780	1
G846	G1786	1
G1112	G2924	1
G1513	G2467	1
G456	G1550	1
G307	G1968	1
G1610	G1704	1
G1130	G1997	1
G331	G1334	1
G1284	G2144	1
G1932	G2583	1
G2498	G2946	1
G368	G1023	1
G1401	G2258	1
G2156	G2283	1
G663	G1963	1
G931	G2425	1
G1773	G2727	1
G1741	G2447	1
G153	G1562	1
G1953	G2881	1
G1193	G1203	1
G64	G736	1
G851	G1397	1
G965	G1749	1
G529	G960	1
G1561	G2970	1
G1203	G1914	1
G778	G2547	1
G515	G2979	1
G2471	G2758	1
G506	G794	1
G577	G774	1
G2603	G2814	1
G1282	G2118	1
G703	G2118	1
G1635	G2012	1
G456	G2563	1
G2538	G2568	1
G2435	G2540	1
G1112	G1903	1
G539	G1264	1
G964	G2068	1
G1390	G1489	1
G2425	G2591	1
G600	G2924	1
G875	G2175	1
G773	G1143	1
G425	G2514	1
G806	G1751	1
G882	G924	1
G586	G1452	1
G563	G2736	1
G2544	G2648	1
G1741	G2451	1
G444	G851	1
G601	G2003	1
G1193	G1554	1
G1320	G2544	1
G622	G1948	1
G303	G2504	1
G456	G2784	1
G755	G2262	1
G192	G1418	1
G302	G2606	1
G1543	G1985	1
G577	G2780	1
G180	G2122	1
G722	G2979	1
G629	G2843	1
G734	G1606	1
G462	G2467	1
G899	G2544	1
G8	G1450	1
G1027	G2812	1
G1604	G2983	1
G710	G955	1
G1551	G2949	1
G529	G902	1
G534	G2433	1
G462	G475	1
G883	G1792	1
G554	G691	1
G600	G1903	1
G194	G2686	1
G267	G2447	1
G714	G1473	1
G462	G586	1
G454	G1730	1
G642	G2949	1
G122	G1090	1
G2180	G2405	1
G2425	G2676	1
G691	G1932	1
G1735	G2533	1
G2045	G2462	1
G1550	G2693	1
G596	G890	1
G1806	G2563	1
G1710	G2312	1
G1972	G2524	1
G1397	G2865	1
G1415	G2082	1
G2467	G2790	1
G456	G2769	1
G1963	G2380	1
G300	G1320	1
G2188	G2789	1
G1513	G2352	1
G196	G2317	1
G515	G1847	1
G760	G2569	1
G433	G1529	1
G444	G2838	1
G433	G2360	1
G1328	G2877	1
G55	G182	1
G1265	G1837	1
G889	G1130	1
G266	G2557	1
G739	G794	1
G1335	G2341	1
G1422	G1849	1
G2063	G2258	1
G458	G1201	1
G2317	G2440	1
G141	G2979	1
G1408	G1542	1
G258	G960	1
G1496	G1903	1
G456	G1901	1
G402	G1963	1
G144	G2437	1
G793	G943	1
G11	G918	1
G680	G2789	1
G2799	G2991	1
G1877	G2144	1
G1116	G1543	1
G1513	G2425	1
G1558	G2921	1
G1083	G2620	1
G1949	G2838	1
G264	G2131	1
G1671	G2419	1
G2244	G2389	1
G417	G2516	1
G596	G755	1
G663	G1719	1
G722	G2730	1
G956	G2312	1
G1780	G2467	1
G1788	G2342	1
G157	G610	1
G354	G2583	1
G629	G2983	1
G1806	G2769	1
G475	G964	1
G1467	G1911	1
G1806	G2859	1
G444	G885	1
G1508	G2490	1
G193	G1818	1
G390	G1693	1
G1130	G2360	1
G715	G2232	1
G1920	G2103	1
G258	G902	1
G1932	G2514	1
G2250	G2873	1
G1640	G1854	1
G529	G1550	1
G40	G64	1
G2144	G2296	1
G955	G1142	1
G1390	G2946	1
G662	G676	1
G1445	G1455	1
G132	G2429	1
G924	G1916	1
G1739	G2470	1
G1264	G1982	1
G891	G1220	1
G443	G2583	1
G275	G923	1
G864	G2784	1
G521	G2327	1
G703	G1591	1
G1320	G2790	1
G1441	G2180	1
G1525	G1893	1
G1707	G2378	1
G1949	G2369	1
G1561	G2071	1
G1090	G1948	1
G516	G2142	1
G1806	G1997	1
G694	G1220	1
G508	G521	1
G1228	G2232	1
G1329	G1446	1
G1747	G2812	1
G1848	G2638	1
G177	G848	1
G399	G528	1
G334	G1227	1
G899	G2790	1
G11	G456	1
G1155	G1838	1
G1264	G1418	1
G1561	G1822	1
G755	G1515	1
G1741	G2620	1
G454	G1923	1
G1002	G2504	1
G1635	G2108	1
G454	G1524	1
G629	G2849	1
G374	G2381	1
G1671	G2972	1
G630	G1710	1
G1445	G2603	1
G685	G691	1
G1455	G1521	1
G141	G2730	1
G1827	G2365	1
G2230	G2919	1
G67	G1298	1
G163	G1320	1
G751	G2497	1
G596	G1606	1
G1783	G2365	1
G18	G2429	1
G960	G2138	1
G1591	G2208	1
G703	G2005	1
G923	G1591	1
G534	G2779	1
G444	G1310	1
G64	G2276	1
G529	G2784	1
G876	G1090	1
G531	G1573	1
G275	G1543	1
G275	G2346	1
G1334	G2447	1
G2570	G2597	1
G907	G1383	1
G348	G697	1
G336	G595	1
G2586	G2990	1
G596	G1455	1
G353	G2535	1
G425	G1515	1
G698	G1471	1
G1335	G2540	1
G1722	G2179	1
G2086	G2418	1
G1492	G2098	1
G2230	G2538	1
G1963	G2232	1
G1858	G2848	1
G801	G835	1
G574	G2118	1
G1518	G2042	1
G1687	G1848	1
G306	G629	1
G275	G2892	1
G923	G2005	1
G629	G1446	1
G1220	G1424	1
G2465	G2758	1
G529	G2769	1
G362	G2544	1
G2293	G2551	1
G278	G1518	1
G402	G1719	1
G882	G2822	1
G177	G364	1
G1540	G2121	1
G331	G1112	1
G275	G1671	1
G161	G1268	1
G1382	G2693	1
G1953	G2939	1
G1640	G2312	1
G809	G960	1
G1138	G2012	1
G890	G1382	1
G1418	G2979	1
G1422	G1485	1
G1524	G1612	1
G835	G2983	1
G456	G2360	1
G999	G2263	1
G2239	G2681	1
G899	G1681	1
G1764	G2172	1
G529	G1901	1
G1780	G2425	1
G836	G2864	1
G823	G2103	1
G1387	G2944	1
G470	G1904	1
G40	G1793	1
G2190	G2336	1
G1265	G2291	1
G2210	G2355	1
G1521	G2979	1
G1075	G1550	1
G323	G958	1
G1521	G2618	1
G1625	G2583	1
G740	G2004	1
G139	G1390	1
G150	G2366	1
G1550	G2263	1
G1564	G2430	1
G1112	G2312	1
G1858	G2462	1
G153	G890	1
G2303	G2681	1
G1007	G2159	1
G1010	G1329	1
G1099	G2490	1
G4	G196	1
G299	G1770	1
G442	G2802	1
G354	G2514	1
G245	G266	1
G1774	G2208	1
G676	G1992	1
G1455	G2121	1
G437	G1906	1
G794	G1916	1
G1445	G2068	1
G1469	G2838	1
G676	G694	1
G1387	G2828	1
G331	G554	1
G80	G1806	1
G266	G1335	1
G1454	G2823	1
G266	G1551	1
G835	G1513	1
G2369	G2563	1
G456	G529	1
G1496	G2405	1
G596	G696	1
G157	G1780	1
G266	G2664	1
G1250	G1313	1
G456	G2570	1
G2300	G2320	1
G1155	G1270	1
G524	G1112	1
G2365	G2581	1
G876	G1720	1
G176	G1681	1
G60	G1433	1
G1524	G2766	1
G1806	G2360	1
G148	G2941	1
G577	G2535	1
G2351	G2882	1
G600	G2312	1
G13	G2379	1
G1104	G1832	1
G2730	G2798	1
G1828	G2881	1
G1863	G2591	1
G1429	G2232	1
G2025	G2210	1
G989	G2697	1
G36	G1383	1
G213	G361	1
G2849	G2877	1
G57	G349	1
G348	G851	1
G715	G801	1
G1083	G2724	1
G426	G1561	1
G1039	G1923	1
G512	G1897	1
G1500	G2418	1
G1039	G1524	1
G1469	G1681	1
G1469	G2738	1
G806	G809	1
G904	G1606	1
G629	G1223	1
G2206	G2618	1
G1901	G2063	1
G1152	G2405	1
G1576	G1893	1
G1066	G2240	1
G1651	G2210	1
G362	G2790	1
G148	G2497	1
G1863	G2676	1
G1068	G2829	1
G1857	G2899	1
G187	G755	1
G461	G1741	1
G1228	G2856	1
G1836	G2467	1
G2369	G2859	1
G828	G1237	1
G300	G1726	1
G177	G1903	1
G574	G1591	1
G685	G1500	1
G2118	G2432	1
G2522	G2838	1
G133	G866	1
G122	G456	1
G1420	G1446	1
G1677	G1953	1
G1334	G2620	1
G1806	G2681	1
G15	G1288	1
G723	G2919	1
G696	G2814	1
G2429	G2680	1
G1237	G1523	1
G902	G1863	1
G139	G1918	1
G801	G1948	1
G958	G1500	1
G634	G2991	1
G1099	G1460	1
G690	G2418	1
G1143	G2381	1
G1452	G1645	1
G11	G2063	1
G1083	G1741	1
G2496	G2924	1
G1248	G1595	1
G361	G2484	1
G907	G1316	1
G1003	G2380	1
G816	G2222	1
G1744	G1822	1
G2429	G2760	1
G355	G2142	1
G1012	G1573	1
G2639	G3003	1
G1397	G2693	1
G2041	G2948	1
G1903	G1963	1
G918	G1606	1
G586	G2648	1
G1375	G2734	1
G266	G2963	1
G723	G2538	1
G2553	G2790	1
G1008	G1739	1
G1591	G2723	1
G1455	G2447	1
G960	G1429	1
G163	G187	1
G194	G2822	1
G806	G2544	1
G1243	G2564	1
G1645	G2467	1
G488	G1433	1
G490	G1916	1
G773	G1090	1
G1893	G2073	1
G2092	G2835	1
G2086	G2467	1
G153	G1455	1
G1006	G2069	1
G11	G514	1
G1010	G2869	1
G2406	G2790	1
G1422	G1719	1
G2244	G2814	1
G2046	G2073	1
G336	G1090	1
G755	G1143	1
G1316	G2870	1
G875	G1835	1
G1625	G2514	1
G2570	G2591	1
G139	G1696	1
G2398	G2532	1
G885	G2721	1
G1143	G2162	1
G1192	G2886	1
G2069	G2525	1
G1328	G2563	1
G266	G1963	1
G628	G990	1
G809	G2784	1
G1133	G2736	1
G2462	G2723	1
G1455	G2451	1
G2705	G2972	1
G1741	G1855	1
G625	G2320	1
G267	G1320	1
G1542	G1878	1
G306	G1249	1
G187	G1455	1
G851	G1112	1
G362	G1681	1
G1606	G2121	1
G1261	G2876	1
G542	G2861	1
G1382	G2263	1
G1751	G2144	1
G362	G2738	1
G789	G1390	1
G1385	G2496	1
G2137	G2724	1
G1328	G2784	1
G46	G2263	1
G416	G2670	1
G491	G1186	1
G554	G1010	1
G423	G426	1
G907	G2789	1
G577	G1869	1
G1268	G1428	1
G2312	G2535	1
G733	G1027	1
G1711	G2193	1
G2475	G2685	1
G360	G1743	1
G98	G1081	1
G475	G1139	1
G554	G2676	1
G141	G1916	1
G1179	G2516	1
G122	G283	1
G1605	G2383	1
G1106	G1932	1
G514	G1087	1
G444	G1007	1
G200	G215	1
G2092	G2780	1
G1513	G1700	1
G662	G1250	1
G896	G1635	1
G2025	G2421	1
G610	G2983	1
G4	G1044	1
G1551	G2232	1
G1106	G2724	1
G1316	G1397	1
G1328	G2769	1
G586	G2365	1
G1870	G2766	1
G1935	G2113	1
G1523	G2025	1
G1666	G2465	1
G180	G834	1
G2382	G2460	1
G2553	G2738	1
G1441	G2465	1
G354	G693	1
G197	G2188	1
G2340	G2966	1
G36	G1316	1
G1585	G2868	1
G2212	G2872	1
G691	G931	1
G592	G2440	1
G956	G1452	1
G882	G1385	1
G558	G660	1
G960	G2368	1
G1328	G1901	1
G396	G1715	1
G515	G715	1
G1827	G2121	1
G506	G1916	1
G2451	G2766	1
G1039	G2544	1
G1143	G2462	1
G2525	G2543	1
G885	G1010	1
G2395	G2987	1
G60	G371	1
G958	G1747	1
G1211	G2405	1
G1576	G2553	1
G1010	G1106	1
G736	G1547	1
G1229	G1888	1
G266	G1419	1
G2739	G2990	1
G1605	G2745	1
G1681	G1957	1
G610	G2849	1
G1500	G2467	1
G1577	G1659	1
G157	G2977	1
G1751	G2355	1
G1412	G2098	1
G348	G2700	1
G2711	G2909	1
G1315	G2704	1
G799	G1757	1
G1645	G2425	1
G2266	G2547	1
G2405	G2622	1
G1136	G2681	1
G2072	G2083	1
G46	G1142	1
G258	G2570	1
G1023	G1581	1
G311	G1420	1
G876	G1666	1
G233	G1877	1
G1030	G1681	1
G1066	G2733	1
G2083	G2490	1
G454	G1681	1
G266	G1719	1
G858	G3004	1
G207	G2535	1
G2046	G2597	1
G587	G1878	1
G426	G1309	1
G1524	G2162	1
G1606	G2447	1
G931	G2972	1
G56	G2536	1
G758	G2496	1
G1932	G1948	1
G685	G1010	1
G36	G2789	1
G967	G2073	1
G1455	G2620	1
G1372	G1783	1
G187	G2068	1
G709	G2988	1
G1320	G2092	1
G2543	G2981	1
G2040	G2425	1
G2210	G2222	1
G362	G515	1
G1191	G2538	1
G629	G2865	1
G99	G159	1
G958	G1010	1
G1335	G2073	1
G685	G2676	1
G1799	G2433	1
G985	G1610	1
G191	G1188	1
G1112	G2713	1
G197	G2815	1
G958	G2676	1
G1933	G2876	1
G409	G539	1
G2150	G2920	1
G932	G2140	1
G1397	G2263	1
G1606	G2451	1
G1116	G2563	1
G2115	G2312	1
G1835	G2789	1
G174	G1591	1
G1008	G1313	1
G561	G1761	1
G1387	G2892	1
G256	G1090	1
G1419	G1953	1
G558	G1328	1
G697	G1956	1
G271	G1418	1
G586	G1912	1
G456	G733	1
G2365	G2544	1
G2166	G2199	1
G784	G1142	1
G2156	G2471	1
G964	G1152	1
G1801	G2082	1
G2375	G2497	1
G126	G2426	1
G195	G2711	1
G435	G2347	1
G1216	G2056	1
G1500	G2352	1
G1334	G1741	1
G1409	G1465	1
G1743	G2398	1
G1039	G2790	1
G472	G1691	1
G257	G561	1
G1521	G1916	1
G1489	G1877	1
G201	G2094	1
G192	G1513	1
G694	G2144	1
G1994	G2230	1
G192	G2849	1
G880	G960	1
G733	G2103	1
G1142	G2681	1
G1827	G2447	1
G577	G1835	1
G1058	G2924	1
G1441	G2103	1
G497	G2435	1
G758	G781	1
G1320	G1500	1
G907	G2674	1
G2157	G2846	1
G1237	G1261	1
G1524	G2462	1
G1112	G1452	1
G1261	G1694	1
G133	G1220	1
G444	G1858	1
G141	G660	1
G931	G2583	1
G1116	G2769	1
G529	G700	1
G899	G1500	1
G2238	G2497	1
G275	G2435	1
G691	G1397	1
G907	G1083	1
G433	G1316	1
G444	G2721	1
G843	G2518	1
G1296	G2902	1
G1381	G1666	1
G1500	G2425	1
G2137	G2210	1
G2230	G2452	1
G112	G2080	1
G364	G880	1
G426	G488	1
G2340	G2990	1
G1827	G2451	1
G154	G2398	1
G889	G1591	1
G353	G2465	1
G1997	G2789	1
G622	G918	1
G1681	G2736	1
G126	G148	1
G2590	G2606	1
G1316	G1334	1
G205	G610	1
G1223	G1893	1
G85	G1204	1
G797	G1035	1
G157	G2766	1
G865	G2966	1
G553	G1660	1
G2092	G2175	1
G2583	G2620	1
G1282	G2526	1
G1405	G2181	1
G283	G2736	1
G1116	G1997	1
G53	G1811	1
G2936	G2953	1
G132	G281	1
G337	G2528	1
G245	G1963	1
G2892	G2921	1
G1508	G1704	1
G600	G1452	1
G834	G2685	1
G951	G1408	1
G2235	G2551	1
G751	G1224	1
G809	G2570	1
G2582	G2751	1
G2103	G2341	1
G286	G1968	1
G610	G1223	1
G1008	G2846	1
G1159	G1168	1
G473	G1263	1
G1849	G2381	1
G835	G2865	1
G1429	G2463	1
G596	G642	1
G889	G2005	1
G797	G2939	1
G794	G2553	1
G194	G1780	1
G354	G1948	1
G807	G1268	1
G848	G2881	1
G876	G2063	1
G1012	G2508	1
G1328	G2570	1
G306	G964	1
G2419	G2583	1
G1683	G2638	1
G433	G682	1
G1508	G2921	1
G1288	G2939	1
G2547	G2655	1
G267	G1726	1
G444	G2591	1
G2278	G2488	1
G539	G2248	1
G715	G2040	1
G216	G1064	1
G266	G364	1
G1335	G2597	1
G1445	G2758	1
G1007	G1671	1
G433	G2789	1
G2073	G2780	1
G577	G1027	1
G1606	G2620	1
G1237	G2961	1
G1920	G2026	1
G2354	G2834	1
G2365	G2790	1
G107	G2165	1
G2541	G2679	1
G23	G755	1
G306	G461	1
G1428	G2398	1
G1870	G2949	1
G642	G2121	1
G985	G1099	1
G374	G1617	1
G306	G2814	1
G218	G1632	1
G693	G1867	1
G368	G1220	1
G444	G1010	1
G1984	G2741	1
G1750	G1888	1
G1743	G2340	1
G1747	G2557	1
G1218	G2275	1
G1524	G2667	1
G157	G2327	1
G801	G1090	1
G2263	G2406	1
G2557	G2724	1
G219	G1224	1
G1118	G2892	1
G275	G1997	1
G36	G2674	1
G410	G2857	1
G2191	G2838	1
G889	G2241	1
G514	G1329	1
G1639	G2924	1
G437	G1741	1
G197	G2170	1
G880	G1550	1
G336	G1666	1
G443	G2178	1
G1619	G2374	1
G36	G1083	1
G346	G1914	1
G454	G691	1
G1513	G2583	1
G527	G2881	1
G1861	G2485	1
G842	G1452	1
G2180	G2467	1
G1044	G1141	1
G1627	G2868	1
G2570	G2823	1
G622	G1666	1
G596	G2758	1
G194	G2092	1
G227	G2606	1
G960	G1331	1
G1975	G2175	1
G685	G2381	1
G1939	G2195	1
G1598	G2971	1
G2232	G2988	1
G1692	G2655	1
G1932	G2940	1
G1949	G2676	1
G1975	G2283	1
G1090	G1103	1
G1397	G2478	1
G1963	G2040	1
G364	G2569	1
G1269	G3004	1
G2191	G2369	1
G2435	G2570	1
G192	G1223	1
G931	G2514	1
G157	G2988	1
G899	G1747	1
G1763	G2210	1
G2263	G2870	1
G405	G2800	1
G574	G2366	1
G1748	G2405	1
G153	G2387	1
G1251	G2719	1
G408	G1730	1
G1320	G1612	1
G153	G899	1
G880	G2784	1
G1424	G2568	1
G1452	G1923	1
G2365	G2738	1
G157	G2523	1
G1452	G1524	1
G1116	G1529	1
G1424	G1966	1
G1455	G1741	1
G616	G1997	1
G1116	G2360	1
G1141	G2119	1
G1793	G2846	1
G810	G2347	1
G1053	G1562	1
G281	G2588	1
G1455	G1855	1
G708	G2497	1
G723	G1523	1
G1397	G2188	1
G2118	G2544	1
G365	G1553	1
G641	G2311	1
G362	G1500	1
G122	G141	1
G691	G1334	1
G1751	G2222	1
G1625	G1948	1
G1916	G2563	1
G187	G899	1
G785	G2932	1
G1719	G2758	1
G1223	G2553	1
G256	G918	1
G1168	G2266	1
G115	G2347	1
G1099	G2921	1
G141	G362	1
G721	G1040	1
G1334	G1726	1
G307	G2508	1
G596	G2768	1
G1525	G2877	1
G1824	G2129	1
G810	G2638	1
G853	G1513	1
G1428	G2340	1
G215	G1138	1
G1966	G2246	1
G2041	G2159	1
G2375	G2806	1
G2812	G2814	1
G1470	G1717	1
G715	G1932	1
G28	G1906	1
G1305	G1939	1
G1965	G2056	1
G1186	G1630	1
G577	G2471	1
G169	G2369	1
G30	G889	1
G444	G2191	1
G1990	G2786	1
G1417	G2340	1
G226	G2671	1
G1017	G1605	1
G1313	G1488	1
G715	G2724	1
G141	G2553	1
G366	G1923	1
G1406	G1835	1
G1446	G2798	1
G1763	G2355	1
G1310	G2465	1
G2583	G2724	1
G642	G2451	1
G373	G1435	1
G456	G2430	1
G476	G1076	1
G1850	G2496	1
G1645	G1700	1
G963	G1455	1
G1646	G2909	1
G661	G822	1
G1337	G2564	1
G1562	G1591	1
G2121	G2940	1
G563	G2274	1
G2092	G2138	1
G1250	G1508	1
G1743	G2172	1
G1236	G2080	1
G747	G1730	1
G577	G2103	1
G2478	G2496	1
G357	G1230	1
G1010	G1335	1
G1201	G2498	1
G1010	G1551	1
G660	G1923	1
G1313	G2230	1
G474	G1801	1
G1780	G2583	1
G2395	G2983	1
G1218	G1397	1
G503	G754	1
G1005	G2652	1
G408	G1923	1
G163	G2881	1
G897	G1651	1
G408	G1524	1
G1220	G2157	1
G336	G2063	1
G111	G1008	1
G1397	G2395	1
G1513	G2514	1
G141	G709	1
G955	G1916	1
G462	G2206	1
G1446	G1630	1
G1651	G1739	1
G1591	G2843	1
G1143	G1982	1
G577	G734	1
G2073	G2175	1
G438	G1772	1
G610	G2865	1
G1313	G1701	1
G2273	G2433	1
G1916	G1997	1
G2802	G2971	1
G1056	G1369	1
G622	G2063	1
G1901	G2798	1
G1406	G1429	1
G1854	G2807	1
G1309	G1554	1
G384	G762	1
G443	G1828	1
G1143	G1418	1
G1357	G1553	1
G924	G2540	1
G720	G2277	1
G1893	G2441	1
G2822	G2924	1
G917	G1739	1
G2381	G2881	1
G714	G1313	1
G443	G2940	1
G302	G1140	1
G181	G1844	1
G454	G1500	1
G1261	G2799	1
G1469	G2676	1
G1372	G2312	1
G1186	G1806	1
G1963	G2724	1
G1806	G2449	1
G2253	G2363	1
G126	G2467	1
G2045	G2843	1
G11	G2798	1
G144	G901	1
G1237	G1473	1
G907	G2780	1
G577	G2351	1
G1365	G2540	1
G1953	G2497	1
G2307	G2683	1
G876	G1187	1
G586	G1441	1
G1332	G2581	1
G1031	G1599	1
G36	G275	1
G544	G2190	1
G1606	G1741	1
G2162	G2557	1
G967	G2570	1
G2082	G2133	1
G177	G1452	1
G634	G2538	1
G1524	G2232	1
G362	G1747	1
G1939	G2836	1
G2118	G2838	1
G344	G2671	1
G882	G2327	1
G1723	G2812	1
G443	G1330	1
G758	G2419	1
G190	G336	1
G1606	G1855	1
G663	G1953	1
G24	G2485	1
G2454	G2663	1
G1452	G2544	1
G2563	G2790	1
G578	G2973	1
G1630	G1730	1
G1348	G1647	1
G133	G736	1
G1854	G2262	1
G110	G1691	1
G801	G1103	1
G157	G1218	1
G882	G1953	1
G1591	G2983	1
G514	G1106	1
G40	G694	1
G1428	G2172	1
G1199	G1213	1
G1159	G1418	1
G835	G2693	1
G1012	G1309	1
G514	G2137	1
G1008	G1651	1
G1112	G2648	1
G1220	G1933	1
G1249	G1529	1
G1446	G1806	1
G1249	G2360	1
G36	G2835	1
G641	G676	1
G934	G2049	1
G11	G2175	1
G194	G1612	1
G423	G1445	1
G891	G2222	1
G1168	G1406	1
G433	G2642	1
G1473	G2222	1
G963	G2068	1
G2118	G2369	1
G2901	G2936	1
G624	G2815	1
G1971	G2219	1
G437	G956	1
G663	G2988	1
G853	G1223	1
G694	G2222	1
G11	G2283	1
G1159	G1564	1
G1828	G2812	1
G194	G758	1
G1554	G2038	1
G1143	G1332	1
G400	G610	1
G2563	G2838	1
G774	G2092	1
G1429	G1932	1
G577	G1975	1
G2462	G2983	1
G882	G2988	1
G827	G1455	1
G762	G2149	1
G758	G2972	1
G2568	G2994	1
G142	G2659	1
G1112	G1704	1
G1610	G2946	1
G1010	G1963	1
G2118	G2738	1
G148	G924	1
G1671	G1828	1
G596	G2496	1
G1090	G2063	1
G1591	G2849	1
G600	G2648	1
G137	G1887	1
G960	G2405	1
G264	G2975	1
G1093	G2730	1
G1152	G2467	1
G516	G1204	1
G1455	G1726	1
G2273	G2779	1
G1524	G1982	1
G1671	G2940	1
G366	G2544	1
G1598	G2944	1
G1780	G2514	1
G1321	G1475	1
G354	G1723	1
G1385	G1543	1
G2838	G2870	1
G141	G778	1
G36	G500	1
G1452	G2860	1
G1625	G2940	1
G1783	G1855	1
G525	G1763	1
G139	G828	1
G545	G2740	1
G794	G2540	1
G1320	G2381	1
G149	G1704	1
G1612	G1923	1
G194	G2766	1
G426	G642	1
G879	G2369	1
G2368	G2682	1
G1604	G2118	1
G899	G2381	1
G36	G2780	1
G691	G1112	1
G2175	G2798	1
G1747	G1963	1
G475	G2603	1
G1083	G1334	1
G958	G2208	1
G700	G2086	1
G660	G2544	1
G354	G1090	1
G1244	G1552	1
G1099	G2270	1
G1335	G2191	1
G2563	G2738	1
G1397	G2979	1
G1496	G2648	1
G11	G1806	1
G408	G2544	1
G40	G2810	1
G1892	G2487	1
G1129	G1261	1
G923	G2432	1
G1218	G1334	1
G1382	G2366	1
G2295	G2433	1
G963	G1099	1
G1933	G2799	1
G1907	G2497	1
G1027	G1719	1
G1112	G2365	1
G402	G1953	1
G466	G593	1
G176	G194	1
G1332	G1923	1
G1500	G2825	1
G1630	G1923	1
G2044	G2706	1
G111	G1489	1
G506	G778	1
G315	G1524	1
G1835	G2780	1
G1741	G2881	1
G723	G1261	1
G1452	G2790	1
G1039	G1500	1
G1719	G2496	1
G865	G2754	1
G133	G2144	1
G332	G477	1
G1313	G1751	1
G1320	G2162	1
G733	G1606	1
G2726	G2756	1
G1390	G2799	1
G320	G2685	1
G1441	G1606	1
G385	G577	1
G2083	G2921	1
G1916	G2681	1
G1492	G1743	1
G107	G563	1
G36	G622	1
G1622	G2441	1
G899	G2162	1
G824	G1783	1
G425	G456	1
G1696	G2385	1
G1007	G2435	1
G402	G2988	1
G159	G1799	1
G193	G1207	1
G834	G1361	1
G1010	G1419	1
G600	G2365	1
G2166	G2258	1
G515	G923	1
G1243	G2639	1
G1681	G1971	1
G2207	G2920	1
G1406	G2103	1
G2175	G2283	1
G153	G1382	1
G629	G1496	1
G882	G2949	1
G187	G1152	1
G629	G2118	1
G1309	G2041	1
G408	G2860	1
G1075	G2430	1
G1525	G1550	1
G1006	G2833	1
G2648	G2812	1
G696	G2599	1
G2490	G2799	1
G594	G2345	1
G896	G1984	1
G200	G2873	1
G1748	G2713	1
G1687	G2119	1
G554	G2723	1
G1052	G1135	1
G1397	G2730	1
G1251	G2868	1
G366	G2790	1
G515	G577	1
G2069	G2990	1
G806	G1612	1
G969	G2094	1
G1496	G2365	1
G1997	G2780	1
G135	G1352	1
G1330	G2258	1
G1645	G2583	1
G475	G2068	1
G2154	G2809	1
G462	G693	1
G630	G2354	1
G807	G2840	1
G141	G1924	1
G1598	G2065	1
G374	G2843	1
G374	G2258	1
G947	G2375	1
G660	G2790	1
G1148	G2977	1
G1551	G1932	1
G1495	G2705	1
G1452	G2738	1
G693	G2822	1
G2686	G2991	1
G1013	G1418	1
G1320	G2462	1
G439	G2257	1
G736	G2991	1
G835	G2263	1
G2009	G2144	1
G1525	G2784	1
G1604	G2478	1
G1223	G2540	1
G721	G807	1
G1700	G2724	1
G1985	G2780	1
G1363	G1904	1
G564	G710	1
G899	G2462	1
G1207	G2985	1
G634	G2628	1
G2031	G2359	1
G931	G1948	1
G758	G1671	1
G4	G2528	1
G1090	G1647	1
G2040	G2583	1
G1013	G1564	1
G794	G2877	1
G2327	G2395	1
G2790	G2877	1
G2295	G2779	1
G554	G1418	1
G642	G2724	1
G1329	G1591	1
G2721	G2758	1
G1455	G2834	1
G993	G2780	1
G1139	G2465	1
G1053	G1455	1
G885	G2723	1
G694	G2296	1
G1704	G2991	1
G2340	G2532	1
G1412	G2069	1
G391	G685	1
G181	G646	1
G1007	G1997	1
G789	G828	1
G402	G963	1
G1106	G1334	1
G610	G2693	1
G744	G835	1
G2443	G2988	1
G423	G2435	1
G558	G885	1
G455	G1556	1
G554	G1564	1
G1681	G2266	1
G2433	G2873	1
G554	G1525	1
G1612	G2544	1
G1525	G2769	1
G604	G1935	1
G421	G2238	1
G728	G1143	1
G480	G1914	1
G216	G2882	1
G696	G1455	1
G2115	G2913	1
G801	G2063	1
G283	G2266	1
G693	G1365	1
G600	G1912	1
G141	G577	1
G1422	G2327	1
G444	G1825	1
G268	G694	1
G362	G2381	1
G828	G897	1
G1307	G1464	1
G1704	G1858	1
G122	G1639	1
G1329	G2622	1
G1270	G2662	1
G1564	G2814	1
G385	G2877	1
G875	G2026	1
G773	G1329	1
G729	G858	1
G2035	G2547	1
G1525	G1901	1
G187	G2496	1
G1159	G2746	1
G835	G2118	1
G1932	G1986	1
G2271	G2474	1
G1422	G1953	1
G355	G1204	1
G1332	G2544	1
G529	G1863	1
G433	G622	1
G401	G1019	1
G36	G2283	1
G36	G2882	1
G715	G958	1
G828	G2686	1
G1058	G1452	1
G1419	G1422	1
G353	G1606	1
G715	G931	1
G1133	G2274	1
G924	G2073	1
G1103	G1500	1
G1496	G1912	1
G625	G1065	1
G1675	G2144	1
G1500	G2583	1
G2032	G2819	1
G302	G1664	1
G885	G1564	1
G150	G163	1
G1418	G2045	1
G586	G1320	1
G955	G1069	1
G1422	G2988	1
G360	G1412	1
G2188	G2465	1
G2103	G2597	1
G2197	G2635	1
G66	G2071	1
G1076	G1495	1
G515	G2877	1
G1186	G1429	1
G1852	G2073	1
G560	G1640	1
G126	G1136	1
G563	G2478	1
G194	G2162	1
G1083	G1112	1
G1320	G1622	1
G170	G612	1
G715	G2406	1
G774	G2766	1
G2092	G2103	1
G176	G806	1
G1576	G1877	1
G1093	G1916	1
G2238	G2783	1
G714	G2170	1
G1331	G2544	1
G1513	G1948	1
G907	G2180	1
G377	G1306	1
G36	G2535	1
G755	G2776	1
G18	G846	1
G177	G2648	1
G964	G1543	1
G1455	G1870	1
G758	G1625	1
G2380	G2979	1
G2222	G2991	1
G2380	G2618	1
G2618	G2790	1
G2447	G2870	1
G259	G2597	1
G641	G2533	1
G1171	G2869	1
G2494	G2887	1
G2769	G2838	1
G36	G1030	1
G1612	G2790	1
G1309	G2375	1
G563	G2188	1
G685	G1525	1
G899	G2208	1
G456	G629	1
G798	G1434	1
G1075	G2569	1
G2040	G2514	1
G1739	G2245	1
G1835	G2535	1
G958	G1564	1
G2160	G2338	1
G958	G1525	1
G148	G610	1
G1550	G1893	1
G1997	G2175	1
G2425	G2983	1
G354	G456	1
G303	G1076	1
G1500	G2041	1
G108	G2201	1
G197	G2320	1
G425	G2776	1
G1923	G2766	1
G709	G904	1
G744	G1948	1
G964	G1671	1
G577	G1606	1
G514	G1335	1
G266	G2713	1
G514	G1551	1
G306	G1827	1
G898	G1068	1
G366	G515	1
G2327	G2979	1
G1838	G2516	1
G773	G1255	1
G1332	G2790	1
G823	G2467	1
G630	G972	1
G1726	G2115	1
G27	G2715	1
G456	G907	1
G514	G2664	1
G1576	G2784	1
G141	G2877	1
G462	G1143	1
G1339	G2739	1
G1975	G2471	1
G336	G1255	1
G1877	G2400	1
G1739	G2498	1
G150	G885	1
G2628	G2815	1
G865	G2532	1
G773	G2869	1
G1920	G2425	1
G2497	G2712	1
G835	G2478	1
G194	G2462	1
G231	G1963	1
G57	G1141	1
G1356	G2096	1
G1621	G2681	1
G960	G2426	1
G758	G967	1
G889	G1645	1
G1010	G2924	1
G876	G1806	1
G596	G2644	1
G324	G708	1
G144	G2955	1
G2276	G2810	1
G274	G1154	1
G300	G315	1
G609	G2662	1
G1148	G2327	1
G2191	G2676	1
G136	G1067	1
G2317	G2505	1
G723	G1473	1
G2380	G2730	1
G1099	G1220	1
G806	G2381	1
G177	G2365	1
G215	G1787	1
G315	G2838	1
G866	G2498	1
G610	G2263	1
G1412	G1743	1
G612	G2761	1
G1975	G2103	1
G2063	G2241	1
G1310	G1841	1
G631	G1629	1
G1591	G2865	1
G506	G2877	1
G1010	G1903	1
G202	G1953	1
G1946	G1985	1
G1397	G1916	1
G1438	G2363	1
G1932	G2063	1
G497	G1316	1
G1500	G2514	1
G1331	G2790	1
G2940	G2977	1
G963	G2758	1
G1220	G1236	1
G1963	G2870	1
G2167	G2438	1
G1116	G2430	1
G2369	G2642	1
G475	G899	1
G1066	G2004	1
G2366	G2979	1
G2406	G2462	1
G1576	G1901	1
G1852	G2597	1
G1383	G2563	1
G2073	G2368	1
G126	G1075	1
G157	G462	1
G1420	G2622	1
G2366	G2618	1
G453	G2574	1
G46	G1878	1
G68	G661	1
G275	G1316	1
G1525	G2570	1
G2103	G2721	1
G596	G2419	1
G703	G2341	1
G2462	G2865	1
G826	G1833	1
G1948	G2544	1
G1383	G2784	1
G1835	G2180	1
G806	G2162	1
G36	G1869	1
G521	G2724	1
G2381	G2682	1
G180	G2763	1
G266	G385	1
G315	G1681	1
G2523	G2789	1
G306	G890	1
G563	G794	1
G1313	G1547	1
G890	G2769	1
G515	G960	1
G539	G2244	1
G1403	G2494	1
G693	G1780	1
G625	G2769	1
G126	G600	1
G985	G2706	1
G1577	G2535	1
G610	G1496	1
G1080	G2430	1
G529	G2522	1
G1606	G1870	1
G1455	G2881	1
G2142	G2551	1
G133	G2222	1
G776	G1693	1
G1710	G2620	1
G773	G1106	1
G194	G2667	1
G433	G1030	1
G964	G1625	1
G890	G1997	1
G1143	G2849	1
G529	G629	1
G596	G2972	1
G625	G1901	1
G1383	G2769	1
G1182	G2653	1
G1597	G2070	1
G1940	G2111	1
G739	G2877	1
G2799	G2961	1
G722	G960	1
G1848	G2100	1
G1681	G2274	1
G514	G1963	1
G774	G2381	1
G161	G656	1
G685	G703	1
G157	G801	1
G275	G2789	1
G2784	G2869	1
G283	G2274	1
G1039	G2381	1
G1683	G2880	1
G573	G2924	1
G148	G1780	1
G714	G1508	1
G697	G1140	1
G1184	G1467	1
G364	G964	1
G656	G721	1
G1383	G1901	1
G1666	G2236	1
G1406	G2528	1
G1418	G1852	1
G1512	G2222	1
G563	G1116	1
G1978	G2946	1
G424	G2364	1
G907	G1835	1
G918	G1075	1
G1418	G2877	1
G529	G907	1
G1909	G2988	1
G1997	G2180	1
G2693	G2881	1
G1393	G2296	1
G122	G1335	1
G266	G963	1
G4	G1013	1
G826	G1394	1
G1112	G1554	1
G799	G2936	1
G774	G2951	1
G1654	G2085	1
G2156	G2236	1
G161	G770	1
G1323	G2972	1
G476	G2650	1
G734	G1671	1
G1589	G2433	1
G2657	G2670	1
G806	G2462	1
G671	G2030	1
G11	G1171	1
G12	G433	1
G331	G1485	1
G495	G1445	1
G693	G2092	1
G589	G2532	1
G364	G2814	1
G141	G960	1
G636	G921	1
G456	G1249	1
G693	G1080	1
G226	G450	1
G139	G1793	1
G1112	G1441	1
G1320	G1469	1
G354	G2063	1
G1086	G2181	1
G1039	G2162	1
G6	G815	1
G2	G2118	1
G1037	G2917	1
G1139	G2970	1
G600	G1554	1
G1452	G1500	1
G899	G1469	1
G800	G1186	1
G1056	G1542	1
G202	G2949	1
G1948	G2790	1
G931	G1090	1
G161	G1006	1
G364	G433	1
G963	G1152	1
G1264	G2468	1
G1828	G2557	1
G2044	G2892	1
G192	G2118	1
G660	G2092	1
G1816	G2815	1
G1320	G1982	1
G1013	G2654	1
G157	G904	1
G2142	G2273	1
G563	G2979	1
G141	G902	1
G2235	G2793	1
G1984	G2734	1
G600	G1441	1
G1075	G2522	1
G1738	G2141	1
G778	G2496	1
G306	G1455	1
G379	G1573	1
G385	G2784	1
G351	G437	1
G963	G1382	1
G163	G2812	1
G1139	G1561	1
G1243	G1329	1
G715	G1334	1
G1309	G2115	1
G2317	G2746	1
G2642	G2869	1
G758	G2435	1
G828	G2822	1
G1090	G2798	1
G1982	G2544	1
G2365	G2381	1
G448	G1871	1
G1220	G1918	1
G899	G1617	1
G311	G1525	1
G1923	G2162	1
G433	G722	1
G2570	G2736	1
G490	G1420	1
G907	G1027	1
G181	G531	1
G245	G2713	1
G421	G546	1
G674	G2628	1
G2180	G2206	1
G2471	G2940	1
G1445	G1671	1
G631	G1568	1
G1739	G2937	1
G1927	G2704	1
G796	G1455	1
G1139	G1827	1
G1671	G2789	1
G2118	G2676	1
G1428	G2069	1
G755	G1329	1
G1998	G2887	1
G2381	G2812	1
G366	G1500	1
G1576	G2570	1
G722	G1550	1
G1469	G2723	1
G2115	G2612	1
G232	G1449	1
G719	G2405	1
G2780	G2972	1
G596	G2156	1
G890	G2360	1
G1863	G2983	1
G36	G1835	1
G774	G2462	1
G1261	G2025	1
G1623	G2995	1
G506	G902	1
G1723	G1867	1
G402	G506	1
G828	G2083	1
G393	G2980	1
G197	G723	1
G1039	G2462	1
G574	G2341	1
G515	G2784	1
G456	G1039	1
G2415	G2481	1
G2103	G2191	1
G522	G882	1
G1881	G2955	1
G2355	G2822	1
G1833	G2551	1
G141	G920	1
G703	G2838	1
G810	G2880	1
G215	G896	1
G660	G1500	1
G1748	G2365	1
G2543	G2671	1
G554	G2843	1
G2497	G2559	1
G1143	G1223	1
G433	G574	1
G1090	G2175	1
G1948	G2738	1
G490	G2597	1
G1338	G1975	1
G882	G1422	1
G344	G450	1
G408	G1500	1
G1027	G1576	1
G1397	G1893	1
G1609	G1940	1
G1711	G2888	1
G2892	G2946	1
G2232	G2447	1
G1090	G2283	1
G1155	G2475	1
G46	G1069	1
G2563	G2676	1
G104	G2115	1
G1099	G1320	1
G1589	G2779	1
G563	G2730	1
G1042	G1741	1
G596	G1671	1
G678	G1992	1
G924	G2570	1
G405	G2274	1
G1315	G2263	1
G112	G2009	1
G437	G1112	1
G628	G684	1
G1806	G2535	1
G467	G1071	1
G2238	G2673	1
G1916	G2449	1
G80	G148	1
G703	G2369	1
G657	G2063	1
G1551	G2870	1
G1027	G2977	1
G923	G2838	1
G890	G2681	1
G1103	G2381	1
G1133	G2478	1
G646	G1998	1
G1320	G1332	1
G2940	G2988	1
G1026	G2968	1
G1042	G2375	1
G1625	G2063	1
G1923	G2462	1
G111	G368	1
G145	G1455	1
G1082	G1915	1
G97	G1956	1
G2005	G2462	1
G180	G2039	1
G126	G2583	1
G1870	G2040	1
G2320	G2810	1
G703	G1681	1
G150	G1007	1
G891	G1237	1
G2086	G2115	1
G781	G1046	1
G1	G1797	1
G703	G2738	1
G2768	G2789	1
G629	G2366	1
G1469	G1525	1
G1058	G2365	1
G1383	G2570	1
G855	G2177	1
G50	G787	1
G148	G1576	1
G694	G1237	1
G1452	G1747	1
G1982	G2790	1
G200	G1589	1
G192	G1591	1
G2344	G2401	1
G194	G2232	1
G1645	G1948	1
G462	G1723	1
G511	G1335	1
G789	G1793	1
G827	G1152	1
G923	G2369	1
G1109	G2779	1
G421	G1570	1
G960	G2467	1
G1828	G1849	1
G319	G2032	1
G1591	G2693	1
G177	G2121	1
G1910	G2054	1
G511	G2664	1
G150	G2597	1
G1090	G1806	1
G1168	G2046	1
G1598	G1781	1
G1452	G1612	1
G1235	G1953	1
G231	G610	1
G824	G1013	1
G1347	G1434	1
G266	G443	1
G722	G1901	1
G806	G2380	1
G2570	G2983	1
G744	G1090	1
G148	G2977	1
G554	G2983	1
G634	G2961	1
G569	G794	1
G923	G1681	1
G1575	G2137	1
G2365	G2462	1
G923	G2738	1
G200	G2295	1
G435	G1914	1
G1066	G1494	1
G462	G1090	1
G163	G1329	1
G662	G2080	1
G1185	G1734	1
G144	G1109	1
G525	G1023	1
G1903	G2648	1
G149	G1758	1
G349	G1141	1
G444	G1957	1
G1109	G1857	1
G1725	G2703	1
G2462	G2693	1
G828	G1118	1
G475	G1382	1
G642	G1397	1
G1833	G2273	1
G2516	G2639	1
G1849	G2983	1
G107	G2441	1
G964	G2435	1
G149	G1008	1
G642	G1870	1
G1136	G1968	1
G1233	G2141	1
G1236	G2245	1
G1066	G1286	1
G1948	G2440	1
G281	G1448	1
G534	G1204	1
G1444	G2255	1
G1704	G2919	1
G1332	G2092	1
G2009	G2296	1
G663	G2121	1
G554	G1513	1
G364	G2465	1
G554	G2849	1
G958	G2843	1
G693	G1612	1
G153	G923	1
G663	G824	1
G993	G1835	1
G402	G1521	1
G907	G2103	1
G2210	G2230	1
G2425	G2865	1
G879	G2191	1
G310	G1914	1
G918	G2583	1
G266	G2648	1
G194	G1982	1
G1554	G2612	1
G1646	G2394	1
G693	G758	1
G710	G1477	1
G366	G1612	1
G529	G1039	1
G475	G715	1
G1508	G2276	1
G425	G2869	1
G698	G1305	1
G739	G1550	1
G439	G2766	1
G1849	G2849	1
G362	G1564	1
G245	G394	1
G531	G1136	1
G1236	G2498	1
G56	G2460	1
G801	G2798	1
G1982	G2738	1
G362	G1525	1
G2940	G2949	1
G1237	G1313	1
G229	G286	1
G2676	G2838	1
G1704	G2538	1
G194	G596	1
G437	G1670	1
G834	G1155	1
G456	G964	1
G1133	G2395	1
G1062	G2889	1
G1533	G1590	1
G2435	G2522	1
G1139	G1309	1
G660	G1612	1
G1500	G2115	1
G595	G2642	1
G2515	G2628	1
G177	G374	1
G153	G1543	1
G194	G1422	1
G835	G2366	1
G2232	G2620	1
G426	G437	1
G2381	G2941	1
G408	G1612	1
G586	G663	1
G194	G625	1
G774	G2380	1
G1543	G2682	1
G880	G2569	1
G194	G462	1
G554	G1920	1
G1397	G2553	1
G993	G1429	1
G1004	G2366	1
G148	G758	1
G693	G2766	1
G1500	G1948	1
G1628	G2072	1
G2346	G2963	1
G885	G1513	1
G1901	G1903	1
G1243	G2137	1
G1903	G2365	1
G2535	G2564	1
G456	G2814	1
G806	G1949	1
G348	G2505	1
G161	G845	1
G755	G2798	1
G1870	G1932	1
G2369	G2882	1
G659	G1541	1
G1143	G1803	1
G1332	G1500	1
G1139	G1455	1
G1968	G2681	1
G315	G2407	1
G2244	G2948	1
G574	G2838	1
G934	G1763	1
G596	G1445	1
G685	G2983	1
G2345	G2528	1
G1849	G1920	1
G1398	G1424	1
G733	G2425	1
G1870	G2724	1
G709	G1741	1
G999	G2540	1
G773	G1335	1
G1419	G1932	1
G36	G2471	1
G755	G1106	1
G773	G1551	1
G801	G2175	1
G958	G2983	1
G1441	G2425	1
G569	G2979	1
G964	G1997	1
G1591	G2468	1
G612	G2449	1
G629	G2017	1
G801	G2283	1
G758	G1828	1
G332	G2447	1
G1264	G2622	1
G158	G2307	1
G516	G2013	1
G266	G2365	1
G1035	G2972	1
G1420	G1669	1
G1090	G2138	1
G1059	G2699	1
G148	G2766	1
G1026	G2302	1
G1419	G2724	1
G1006	G1120	1
G758	G2940	1
G150	G2721	1
G2451	G2724	1
G177	G1441	1
G402	G2121	1
G755	G1630	1
G1112	G1320	1
G1565	G2469	1
G1152	G2206	1
G266	G402	1
G425	G2798	1
G2159	G2522	1
G1912	G2419	1
G498	G2519	1
G362	G2100	1
G770	G2098	1
G2622	G2944	1
G187	G1671	1
G931	G1986	1
G685	G1513	1
G438	G2293	1
G194	G1332	1
G685	G2849	1
G828	G1512	1
G444	G2736	1
G663	G2447	1
G1806	G2814	1
G2462	G2468	1
G36	G2103	1
G1042	G1726	1
G514	G1903	1
G2369	G2535	1
G958	G1513	1
G574	G885	1
G958	G2849	1
G425	G1106	1
G2244	G2768	1
G1249	G2642	1
G1027	G2327	1
G46	G1433	1
G2447	G2622	1
G1007	G1316	1
G433	G2465	1
G1378	G2595	1
G1313	G1512	1
G517	G1203	1
G1848	G2934	1
G1282	G2073	1
G2648	G2664	1
G580	G2857	1
G2622	G2828	1
G36	G734	1
G454	G1525	1
G714	G2320	1
G1681	G2478	1
G600	G1320	1
G1591	G2263	1
G776	G2917	1
G2497	G2860	1
G1027	G1953	1
G1521	G2769	1
G2291	G2681	1
G2734	G2793	1
G163	G823	1
G1268	G1492	1
G1799	G2551	1
G1603	G2525	1
G1099	G2276	1
G993	G2368	1
G1473	G2594	1
G1749	G2746	1
G2065	G2114	1
G801	G1806	1
G1912	G2972	1
G734	G2435	1
G586	G744	1
G2357	G2970	1
G642	G1334	1
G150	G2591	1
G554	G1223	1
G563	G1916	1
G1223	G2570	1
G1877	G2049	1
G685	G1920	1
G1867	G2092	1
G1893	G2736	1
G1772	G1984	1
G714	G2300	1
G565	G2253	1
G1255	G2766	1
G1027	G2988	1
G958	G1446	1
G1159	G2865	1
G1654	G1758	1
G1666	G2615	1
G456	G2547	1
G148	G2327	1
G1757	G2041	1
G1681	G2188	1
G470	G2532	1
G194	G882	1
G1130	G2465	1
G2121	G2780	1
G245	G586	1
G2523	G2780	1
G1010	G2713	1
G564	G2485	1
G2073	G2405	1
G80	G2467	1
G985	G2892	1
G806	G879	1
G612	G1228	1
G2467	G2843	1
G634	G1473	1
G1027	G2523	1
G2497	G2790	1
G755	G1806	1
G676	G1842	1
G610	G2730	1
G1007	G2789	1
G335	G2790	1
G426	G2238	1
G1133	G2979	1
G141	G2570	1
G2041	G2681	1
G1446	G2405	1
G1452	G2381	1
G624	G1654	1
G1499	G1787	1
G1269	G1704	1
G1305	G2771	1
G1741	G2941	1
G2405	G2838	1
G306	G899	1
G696	G715	1
G1591	G2118	1
G742	G2602	1
G85	G159	1
G315	G1747	1
G1997	G2103	1
G1543	G2812	1
G496	G541	1
G773	G1963	1
G109	G2856	1
G1932	G2798	1
G215	G2741	1
G934	G1576	1
G586	G2881	1
G1261	G1335	1
G2723	G2979	1
G402	G2447	1
G1014	G2758	1
G438	G1919	1
G1637	G2814	1
G1186	G2775	1
G1332	G1612	1
G796	G899	1
G924	G1264	1
G2684	G2836	1
G443	G2780	1
G1525	G2430	1
G425	G1806	1
G956	G1726	1
G1445	G2435	1
G1768	G1948	1
G2815	G2848	1
G1564	G1841	1
G187	G1625	1
G1203	G2464	1
G1948	G2992	1
G148	G2523	1
G126	G1515	1
G315	G2591	1
G1923	G2232	1
G157	G1932	1
G2395	G2478	1
G36	G1975	1
G835	G1916	1
G122	G2924	1
G817	G1645	1
G539	G993	1
G332	G2620	1
G1010	G1452	1
G1741	G2497	1
G1901	G2405	1
G1452	G2162	1
G1445	G2563	1
G1747	G1953	1
G1612	G2766	1
G1808	G2278	1
G1446	G2312	1
G1704	G2628	1
G578	G1403	1
G1478	G1863	1
G497	G622	1
G1799	G2273	1
G1236	G2937	1
G157	G2724	1
G964	G1792	1
G1751	G2230	1
G1666	G2908	1
G2620	G2812	1
G610	G2366	1
G439	G2162	1
G1772	G1881	1
G315	G1010	1
G1932	G2175	1
G663	G2620	1
G126	G693	1
G1422	G2121	1
G899	G2843	1
G1424	G2210	1
G899	G2258	1
G685	G1223	1
G2085	G2515	1
G11	G2405	1
G1949	G2983	1
G2229	G2568	1
G628	G2039	1
G1747	G2988	1
G715	G773	1
G931	G2063	1
G1863	G2865	1
G958	G1223	1
G1645	G1723	1
G1317	G1646	1
G1604	G1893	1
G57	G2119	1
G141	G366	1
G1027	G2949	1
G1238	G2047	1
G624	G723	1
G149	G2946	1
G596	G2435	1
G272	G2078	1
G1238	G1339	1
G978	G2896	1
G1419	G2144	1
G1329	G2712	1
G1953	G2443	1
G744	G1666	1
G801	G2138	1
G1418	G2360	1
G1465	G1743	1
G1758	G1935	1
G1886	G2568	1
G577	G2352	1
G773	G1419	1
G1090	G1429	1
G697	G1580	1
G283	G794	1
G1375	G2899	1
G355	G2013	1
G770	G1006	1
G298	G1691	1
G506	G573	1
G1923	G1982	1
G2425	G2693	1
G266	G1521	1
G1445	G2859	1
G2467	G2849	1
G2784	G2963	1
G1429	G2005	1
G85	G438	1
G1023	G1183	1
G144	G2012	1
G1366	G2199	1
G2266	G2496	1
G848	G1849	1
G501	G1343	1
G524	G1598	1
G1116	G1249	1
G1335	G2736	1
G150	G2441	1
G263	G2777	1
G529	G2898	1
G574	G691	1
G848	G876	1
G319	G716	1
G205	G904	1
G1152	G1515	1
G1452	G2462	1
G1445	G1997	1
G960	G2166	1
G245	G2365	1
G1222	G2660	1
G1671	G2780	1
G826	G2630	1
G1591	G2478	1
G148	G2949	1
G1877	G2686	1
G577	G2425	1
G1806	G2465	1
G466	G2098	1
G1316	G1923	1
G1418	G2570	1
G923	G2407	1
G1622	G2736	1
G309	G2312	1
G823	G2583	1
G174	G1681	1
G134	G2366	1
G846	G2239	1
G1719	G2435	1
G1156	G2248	1
G1521	G2570	1
G1875	G2193	1
G85	G1833	1
G774	G1332	1
G2103	G2689	1
G149	G634	1
G306	G2758	1
G993	G1256	1
G774	G801	1
G192	G2366	1
G934	G2490	1
G1112	G1726	1
G1408	G1433	1
G876	G2924	1
G2121	G2175	1
G925	G1601	1
G2176	G2216	1
G693	G1218	1
G960	G1985	1
G2355	G2977	1
G2570	G2865	1
G554	G2865	1
G141	G700	1
G226	G2632	1
G828	G2044	1
G432	G480	1
G1524	G2870	1
G1133	G2031	1
G867	G925	1
G366	G2462	1
G866	G1099	1
G1334	G2941	1
G2497	G2638	1
G2175	G2405	1
G642	G1112	1
G899	G2849	1
G1513	G2063	1
G563	G1893	1
G348	G2317	1
G2105	G2443	1
G289	G805	1
G902	G1387	1
G354	G2175	1
G364	G1827	1
G421	G2844	1
G388	G682	1
G1561	G1998	1
G1252	G1935	1
G132	G2588	1
G600	G1726	1
G1881	G2584	1
G521	G1334	1
G2045	G2622	1
G2798	G2838	1
G266	G2121	1
G1103	G1469	1
G889	G1681	1
G1255	G2162	1
G1576	G2430	1
G889	G2738	1
G660	G2462	1
G773	G848	1
G595	G1249	1
G1681	G2979	1
G300	G1849	1
G542	G1687	1
G734	G1828	1
G610	G2017	1
G275	G2882	1
G177	G1320	1
G408	G2462	1
G1243	G1551	1
G2206	G2570	1
G2586	G2687	1
G127	G1979	1
G283	G2979	1
G85	G1394	1
G438	G2437	1
G612	G1518	1
G1554	G2041	1
G1469	G2983	1
G745	G2681	1
G569	G1916	1
G734	G2940	1
G1320	G1446	1
G426	G1445	1
G2693	G2812	1
G758	G1383	1
G1473	G2230	1
G506	G1282	1
G574	G1007	1
G1612	G2381	1
G1550	G2073	1
G733	G1075	1
G885	G2865	1
G899	G1446	1
G527	G685	1
G1867	G2766	1
G755	G1335	1
G1406	G2467	1
G126	G2115	1
G755	G1551	1
G851	G1598	1
G1719	G1997	1
G851	G2443	1
G85	G516	1
G1693	G1979	1
G1694	G2846	1
G1743	G2833	1
G741	G2436	1
G2003	G2307	1
G882	G1932	1
G2630	G2741	1
G126	G1948	1
G354	G1806	1
G405	G794	1
G1469	G2849	1
G907	G1606	1
G1332	G2381	1
G894	G1550	1
G1381	G2924	1
G2426	G2977	1
G40	G1424	1
G1452	G2208	1
G1462	G2718	1
G703	G2591	1
G1269	G2085	1
G300	G2664	1
G834	G1683	1
G2468	G2583	1
G630	G1591	1
G1654	G2946	1
G55	G1337	1
G300	G685	1
G529	G1139	1
G1181	G1247	1
G387	G866	1
G114	G1122	1
G842	G1726	1
G425	G1335	1
G851	G1780	1
G1865	G1929	1
G425	G1551	1
G1612	G2162	1
G1903	G2447	1
G139	G694	1
G1971	G2597	1
G2617	G2710	1
G216	G755	1
G1021	G1888	1
G153	G2563	1
G1091	G2397	1
G1605	G2698	1
G600	G2564	1
G904	G1948	1
G154	G2833	1
G2255	G2475	1
G266	G374	1
G239	G2894	1
G1787	G1881	1
G2162	G2988	1
G824	G2365	1
G1332	G2951	1
G563	G1058	1
G958	G2865	1
G963	G1543	1
G187	G2435	1
G126	G511	1
G1136	G1573	1
G49	G1098	1
G1316	G2544	1
G2789	G2825	1
G383	G1707	1
G923	G2591	1
G897	G2515	1
G835	G1328	1
G1065	G1422	1
G281	G1979	1
G163	G1849	1
G1332	G2162	1
G1889	G2717	1
G426	G2020	1
G266	G2447	1
G141	G1264	1
G1581	G2533	1
G1566	G2597	1
G1671	G2175	1
G1780	G2063	1
G2118	G2723	1
G902	G1951	1
G963	G2892	1
G414	G1403	1
G1625	G2175	1
G1671	G2283	1
G1004	G1505	1
G181	G1224	1
G466	G1006	1
G1625	G2283	1
G2239	G2508	1
G348	G808	1
G923	G1010	1
G593	G1668	1
G2170	G2994	1
G963	G1671	1
G1446	G2713	1
G1246	G2529	1
G1930	G2191	1
G923	G2676	1
G60	G2317	1
G2369	G2465	1
G918	G1948	1
G216	G1606	1
G2544	G2812	1
G596	G1828	1
G899	G1223	1
G2085	G2991	1
G206	G2688	1
G324	G1561	1
G563	G2553	1
G110	G472	1
G596	G2940	1
G1881	G2012	1
G1428	G2833	1
G426	G546	1
G362	G2849	1
G2563	G2723	1
G2471	G2504	1
G194	G2354	1
G437	G2497	1
G1406	G2425	1
G773	G2924	1
G1441	G2419	1
G139	G2810	1
G1612	G2462	1
G1735	G2009	1
G316	G482	1
G2676	G2721	1
G402	G1320	1
G1816	G2320	1
G1550	G2597	1
G336	G2924	1
G1954	G1990	1
G181	G2252	1
G747	G1350	1
G2681	G2898	1
G1863	G2693	1
G36	G1606	1
G1538	G2547	1
G1003	G1068	1
G1916	G2882	1
G1562	G2838	1
G163	G685	1
G510	G2745	1
G275	G2180	1
G709	G1870	1
G2121	G2138	1
G1065	G1332	1
G1529	G2441	1
G876	G2405	1
G546	G2880	1
G1329	G1524	1
G1901	G2713	1
G36	G301	1
G429	G2535	1
G18	G180	1
G723	G2188	1
G1214	G2765	1
G1010	G2648	1
G622	G2297	1
G455	G1232	1
G2405	G2597	1
G374	G1591	1
G1237	G1508	1
G1625	G1806	1
G2395	G2730	1
G827	G923	1
G773	G1903	1
G1332	G2462	1
G2142	G2793	1
G331	G1612	1
G758	G1316	1
G1630	G2462	1
G2381	G2664	1
G416	G1068	1
G1139	G2758	1
G1116	G2814	1
G1446	G1452	1
G1576	G2569	1
G1063	G2836	1
G806	G2258	1
G258	G1406	1
G125	G1342	1
G2465	G2789	1
G113	G1418	1
G331	G758	1
G1083	G1867	1
G2607	G2806	1
G402	G1741	1
G848	G1719	1
G1441	G2972	1
G2553	G2849	1
G362	G1446	1
G267	G2557	1
G475	G923	1
G1316	G2790	1
G1099	G1675	1
G2092	G2467	1
G364	G1455	1
G112	G727	1
G1830	G2061	1
G1236	G1610	1
G194	G1932	1
G1012	G2238	1
G11	G2426	1
G1244	G2098	1
G472	G2774	1
G2406	G2849	1
G302	G2775	1
G955	G2348	1
G2828	G2939	1
G1562	G1681	1
G1916	G2535	1
G1109	G2142	1
G1473	G1751	1
G852	G2880	1
G1191	G1313	1
G521	G1112	1
G353	G600	1
G835	G2553	1
G610	G660	1
G2430	G2462	1
G1576	G1863	1
G2019	G2469	1
G306	G1748	1
G514	G2713	1
G2597	G2622	1
G157	G931	1
G456	G1148	1
G310	G435	1
G216	G696	1
G331	G2766	1
G1331	G2462	1
G1869	G2758	1
G1897	G2440	1
G444	G2865	1
G522	G1133	1
G1877	G2822	1
G1948	G2381	1
G193	G390	1
G600	G663	1
G1561	G2681	1
G439	G2232	1
G758	G2789	1
G574	G2591	1
G233	G1971	1
G285	G1122	1
G324	G1822	1
G529	G1562	1
G577	G1700	1
G858	G1008	1
G11	G148	1
G1243	G1719	1
G141	G335	1
G266	G2620	1
G1010	G2365	1
G2138	G2648	1
G2570	G2693	1
G525	G1220	1
G554	G2693	1
G1115	G1936	1
G1806	G2970	1
G612	G708	1
G2242	G2263	1
G1671	G2180	1
G1591	G2730	1
G2784	G2924	1
G2359	G2667	1
G1452	G1469	1
G574	G1010	1
G2026	G2682	1
G904	G1828	1
G163	G1963	1
G267	G2114	1
G2065	G2561	1
G194	G1288	1
G1068	G1719	1
G1332	G2667	1
G653	G2317	1
G1441	G2583	1
G1877	G2083	1
G2503	G2692	1
G177	G2829	1
G722	G2430	1
G149	G1994	1
G1881	G2108	1
G1220	G2072	1
G904	G2940	1
G514	G1452	1
G332	G1726	1
G153	G1529	1
G1904	G2671	1
G1948	G2162	1
G268	G1424	1
G1863	G2468	1
G1270	G2429	1
G894	G2360	1
G2462	G2730	1
G1671	G1869	1
G1452	G1982	1
G1383	G1863	1
G2137	G2581	1
G1690	G2959	1
G1422	G1932	1
G391	G1816	1
G489	G1317	1
G1159	G2118	1
G433	G1606	1
G577	G600	1
G435	G2733	1
G1018	G1371	1
G1398	G2157	1
G2426	G2988	1
G1500	G1986	1
G610	G1328	1
G531	G834	1
G828	G2848	1
G1671	G2138	1
G245	G374	1
G694	G789	1
G1836	G2063	1
G325	G2082	1
G1288	G1598	1
G1806	G1827	1
G2430	G2667	1
G590	G2515	1
G2175	G2426	1
G353	G437	1
G1207	G1693	1
G1625	G2138	1
G885	G2693	1
G148	G2232	1
G2092	G2425	1
G2405	G2721	1
G2355	G2949	1
G1037	G2374	1
G1619	G2985	1
G2419	G2780	1
G153	G529	1
G736	G2961	1
G2041	G2449	1
G423	G774	1
G1485	G2467	1
G245	G2447	1
G149	G368	1
G1299	G2149	1
G1295	G2668	1
G1591	G2366	1
G2274	G2812	1
G577	G2825	1
G734	G1383	1
G964	G1316	1
G1767	G1867	1
G827	G1852	1
G987	G2115	1
G1833	G2793	1
G859	G1160	1
G141	G2689	1
G1617	G2327	1
G1133	G1893	1
G1863	G2263	1
G1268	G2719	1
G283	G1916	1
G323	G515	1
G2736	G2776	1
G1499	G2741	1
G1335	G1971	1
G660	G1469	1
G366	G1982	1
G456	G890	1
G624	G1398	1
G1130	G1606	1
G1387	G2882	1
G1802	G2945	1
G806	G1920	1
G2642	G2924	1
G1758	G2222	1
G2355	G2848	1
G1220	G1489	1
G286	G1052	1
G1143	G1591	1
G828	G1966	1
G462	G1329	1
G700	G2263	1
G1332	G2380	1
G197	G2246	1
G1010	G1912	1
G516	G1394	1
G1683	G2733	1
G1420	G2377	1
G2317	G2901	1
G897	G2991	1
G694	G897	1
G1985	G2026	1
G911	G2178	1
G245	G1441	1
G1585	G1728	1
G1948	G2462	1
G157	G1397	1
G2380	G2877	1
G610	G1058	1
G366	G596	1
G157	G1870	1
G514	G963	1
G622	G2405	1
G1723	G2977	1
G282	G2672	1
G302	G533	1
G2365	G2843	1
G2405	G2591	1
G1136	G2508	1
G126	G1723	1
G696	G923	1
G1907	G2766	1
G177	G2275	1
G1000	G2692	1
G1953	G2988	1
G1186	G2189	1
G560	G1154	1
G534	G2013	1
G408	G1982	1
G325	G1861	1
G506	G2689	1
G2664	G2977	1
G213	G1956	1
G554	G2468	1
G1316	G2440	1
G1451	G2819	1
G691	G2822	1
G694	G2686	1
G1398	G1933	1
G456	G2599	1
G1027	G1521	1
G1199	G1864	1
G1953	G2523	1
G410	G1313	1
G960	G2514	1
G964	G2789	1
G456	G755	1
G2341	G2924	1
G1116	G2465	1
G126	G1090	1
G715	G1645	1
G2355	G2568	1
G1550	G2570	1
G600	G2881	1
G1863	G2118	1
G408	G596	1
G931	G2798	1
G2157	G2991	1
G755	G1783	1
G302	G1013	1
G1099	G1112	1
G1828	G2977	1
G1855	G2257	1
G1334	G1867	1
G1580	G1801	1
G107	G1957	1
G851	G2766	1
G485	G2938	1
G723	G2170	1
G902	G1480	1
G696	G1543	1
G696	G2346	1
G1774	G2366	1
G1044	G1861	1
G2235	G2293	1
G148	G462	1
G2162	G2648	1
G1433	G2427	1
G75	G134	1
G1982	G2162	1
G592	G1803	1
G752	G883	1
G1205	G1743	1
G2073	G2467	1
G521	G773	1
G2514	G2766	1
G801	G1331	1
G1923	G2354	1
G122	G1452	1
G577	G2972	1
G1589	G2079	1
G554	G2263	1
G693	G1332	1
G24	G1231	1
G238	G1660	1
G2263	G2544	1
G1335	G2266	1
G266	G1320	1
G882	G931	1
G1554	G2115	1
G2622	G2784	1
G693	G801	1
G2799	G2846	1
G1106	G1923	1
G377	G2023	1
G2191	G2983	1
G1039	G1920	1
G112	G1390	1
G366	G1332	1
G1106	G1524	1
G2189	G2794	1
G1382	G2721	1
G2121	G2368	1
G1252	G2222	1
G810	G1265	1
G696	G1671	1
G1139	G1748	1
G1334	G1849	1
G1337	G1551	1
G2103	G2736	1
G497	G2465	1
G931	G2175	1
G824	G2130	1
G1671	G1835	1
G596	G1383	1
G1612	G2232	1
G2340	G2739	1
G586	G2812	1
G2465	G2642	1
G357	G1203	1
G2222	G2961	1
G1152	G1723	1
G1329	G2838	1
G1003	G1211	1
G472	G1616	1
G722	G2569	1
G2366	G2877	1
G275	G2465	1
G1543	G1849	1
G2080	G2815	1
G435	G955	1
G456	G1455	1
G660	G1332	1
G2628	G2892	1
G899	G1130	1
G914	G2738	1
G629	G851	1
G918	G1090	1
G2622	G2769	1
G104	G1848	1
G1090	G2405	1
G1255	G1422	1
G462	G2869	1
G563	G577	1
G266	G1741	1
G2072	G2144	1
G592	G1315	1
G149	G1694	1
G1654	G2876	1
G148	G801	1
G316	G2250	1
G1027	G2121	1
G36	G148	1
G1953	G2949	1
G1053	G1186	1
G2365	G2849	1
G101	G2115	1
G529	G890	1
G625	G629	1
G271	G777	1
G685	G2468	1
G885	G2263	1
G810	G2733	1
G1007	G2535	1
G734	G1316	1
G2355	G2667	1
G963	G2435	1
G355	G1833	1
G682	G1849	1
G554	G2118	1
G2162	G2365	1
G1982	G2462	1
G958	G2468	1
G1948	G2208	1
G836	G1427	1
G1772	G2412	1
G1266	G2100	1
G2073	G2352	1
G1401	G2369	1
G1087	G2977	1
G195	G1541	1
G1500	G2776	1
G1329	G1681	1
G11	G2467	1
G1513	G2798	1
G117	G1887	1
G1223	G1863	1
G758	G2642	1
G1446	G2648	1
G2589	G2641	1
G577	G2583	1
G1543	G1551	1
G1907	G2291	1
G1867	G2380	1
G882	G2870	1
G267	G924	1
G11	G475	1
G1591	G1916	1
G444	G2693	1
G931	G1806	1
G1849	G2118	1
G1795	G2362	1
G2121	G2471	1
G1863	G2478	1
G11	G586	1
G194	G1133	1
G1332	G1469	1
G755	G1903	1
G2676	G2823	1
G858	G2946	1
G1559	G2477	1
G157	G1334	1
G163	G364	1
G1986	G2812	1
G662	G2009	1
G331	G2462	1
G1850	G2789	1
G2068	G2465	1
G925	G2671	1
G2073	G2425	1
G1079	G2097	1
G1893	G2274	1
G709	G1112	1
G621	G1196	1
G889	G1010	1
G36	G2236	1
G2263	G2790	1
G618	G1661	1
G1513	G1630	1
G835	G2540	1
G958	G2263	1
G1332	G1982	1
G682	G2664	1
G2385	G2991	1
G1630	G1982	1
G1956	G2844	1
G1681	G1893	1
G868	G1742	1
G53	G1308	1
G1107	G2041	1
G729	G2498	1
G734	G2789	1
G182	G1636	1
G682	G685	1
G1901	G2648	1
G875	G1604	1
G2283	G2381	1
G2072	G2355	1
G1513	G2175	1
G85	G2630	1
G355	G1394	1
G2063	G2838	1
G315	G1418	1
G911	G1330	1
G2105	G2951	1
G425	G1903	1
G466	G2069	1
G663	G1397	1
G629	G885	1
G964	G2674	1
G1793	G2991	1
G696	G1625	1
G1316	G2092	1
G1422	G2355	1
G525	G736	1
G83	G2534	1
G1723	G2327	1
G532	G949	1
G90	G1252	1
G923	G2208	1
G926	G2689	1
G462	G1106	1
G964	G1083	1
G882	G1397	1
G885	G889	1
G374	G2366	1
G1237	G2300	1
G310	G414	1
G462	G2137	1
G1040	G2415	1
G634	G1313	1
G2572	G2993	1
G1428	G2143	1
G355	G516	1
G194	G958	1
G525	G2875	1
G963	G1997	1
G481	G531	1
G890	G1020	1
G1723	G1953	1
G1446	G2365	1
G2274	G2869	1
G1455	G1867	1
G1671	G2368	1
G2063	G2369	1
G331	G806	1
G1799	G2793	1
G723	G1508	1
G1224	G2497	1
G2181	G2683	1
G410	G624	1
G1066	G1838	1
G2425	G2730	1
G685	G2118	1
G447	G745	1
G1106	G2544	1
G393	G2532	1
G215	G2734	1
G1828	G2327	1
G958	G1496	1
G529	G1455	1
G563	G2877	1
G514	G2648	1
G958	G2118	1
G1092	G1826	1
G360	G1934	1
G2063	G2738	1
G405	G715	1
G2563	G2843	1
G1723	G2988	1
G596	G1316	1
G629	G1310	1
G851	G2951	1
G1218	G2822	1
G1916	G2465	1
G2175	G2467	1
G694	G1628	1
G784	G2348	1
G1828	G1953	1
G1445	G2789	1
G2144	G2568	1
G584	G1403	1
G2263	G2738	1
G1513	G1806	1
G331	G2667	1
G1316	G1500	1
G1382	G2242	1
G1901	G2365	1
G364	G642	1
G1445	G2449	1
G697	G2528	1
G1543	G1963	1
G1741	G1907	1
G586	G2941	1
G827	G2563	1
G1697	G2969	1
G577	G2514	1
G685	G1313	1
G2118	G2983	1
G691	G1780	1
G194	G1130	1
G421	G1140	1
G402	G663	1
G1828	G2988	1
G197	G858	1
G353	G539	1
G1431	G1954	1
G1098	G2435	1
G2044	G2470	1
G174	G194	1
G207	G2972	1
G445	G674	1
G85	G144	1
G456	G1099	1
G810	G955	1
G1010	G2447	1
G1442	G2367	1
G1701	G1739	1
G1382	G2441	1
G723	G985	1
G2447	G2581	1
G126	G456	1
G1236	G1390	1
G1671	G2471	1
G82	G2875	1
G402	G1397	1
G801	G2405	1
G1010	G1554	1
G1783	G2895	1
G1793	G1823	1
G194	G2870	1
G1427	G2973	1
G1654	G1694	1
G1828	G2523	1
G1034	G1591	1
G456	G1387	1
G744	G1806	1
G835	G885	1
G40	G2157	1
G1429	G2712	1
G24	G564	1
G596	G2789	1
G1741	G2257	1
G1397	G2570	1
G2118	G2849	1
G127	G1757	1
G2380	G2784	1
G514	G2365	1
G1010	G1441	1
G721	G2999	1
G266	G1726	1
G1420	G2738	1
G283	G362	1
G1521	G1863	1
G1604	G2073	1
G2563	G2983	1
G1747	G2447	1
G1948	G2086	1
G1099	G1237	1
G571	G2236	1
G1335	G2274	1
G722	G2522	1
G1671	G2103	1
G588	G2148	1
G879	G2983	1
G444	G2263	1
G149	G1123	1
G1331	G1332	1
G1469	G2693	1
G1562	G1747	1
G918	G1103	1
G2175	G2352	1
G851	G1710	1
G1929	G2049	1
G758	G2780	1
G1087	G2327	1
G1681	G2553	1
G1106	G2790	1
G90	G1877	1
G337	G2606	1
G1622	G2274	1
G1223	G2522	1
G558	G2736	1
G323	G1747	1
G475	G2769	1
G851	G2462	1
G2235	G2437	1
G15	G1450	1
G2092	G2825	1
G1013	G1931	1
G1148	G2355	1
G1452	G2843	1
G963	G2360	1
G1747	G2451	1
G2180	G2682	1
G708	G2141	1
G691	G2092	1
G827	G1997	1
G1787	G2412	1
G1525	G2814	1
G1723	G2949	1
G685	G1591	1
G278	G1042	1
G470	G2978	1
G1562	G2591	1
G2563	G2849	1
G238	G863	1
G1335	G1562	1
G2040	G2835	1
G2327	G2784	1
G2263	G2440	1
G694	G2083	1
G1606	G1867	1
G92	G2850	1
G569	G577	1
G703	G2723	1
G1485	G1985	1
G2664	G2949	1
G475	G1997	1
G193	G846	1
G1719	G2789	1
G2121	G2297	1
G773	G1452	1
G2540	G2766	1
G893	G905	1
G1132	G1678	1
G1269	G2946	1
G1589	G2273	1
G368	G678	1
G630	G1645	1
G755	G2312	1
G1780	G1806	1
G2768	G2942	1
G2687	G2837	1
G1543	G1719	1
G319	G2851	1
G907	G2425	1
G508	G1884	1
G126	G283	1
G797	G1953	1
G354	G2924	1
G1828	G2949	1
G40	G1933	1
G154	G1120	1
G433	G642	1
G1513	G2138	1
G2045	G2712	1
G2327	G2769	1
G2073	G2655	1
G586	G823	1
G625	G1039	1
G923	G2723	1
G1546	G2301	1
G563	G960	1
G2366	G2563	1
G437	G924	1
G1495	G2972	1
G1288	G1953	1
G960	G1774	1
G1116	G1827	1
G1561	G2449	1
G2648	G2988	1
G281	G1757	1
G533	G1561	1
G960	G1143	1
G207	G429	1
G2255	G2733	1
G1305	G2703	1
G438	G901	1
G1666	G1948	1
G596	G1228	1
G1385	G2882	1
G2069	G2314	1
G2581	G2972	1
G141	G907	1
G432	G1177	1
G444	G889	1
G1316	G1612	1
G1441	G1948	1
G1327	G2779	1
G2366	G2784	1
G693	G2040	1
G505	G2190	1
G823	G1090	1
G1397	G2441	1
G806	G1130	1
G1305	G2190	1
G715	G1923	1
G75	G2346	1
G1236	G1696	1
G645	G2032	1
G715	G1524	1
G576	G1963	1
G133	G897	1
G301	G2667	1
G2086	G2869	1
G703	G1525	1
G2230	G2320	1
G1742	G2873	1
G1090	G2426	1
G883	G1655	1
G529	G1387	1
G402	G2881	1
G1223	G2736	1
G1523	G1758	1
G408	G2423	1
G1228	G1923	1
G1867	G2856	1
G774	G958	1
G1006	G1864	1
G2738	G2814	1
G267	G610	1
G1327	G1857	1
G199	G1757	1
G2514	G2667	1
G809	G1455	1
G923	G1418	1
G187	G1316	1
G923	G1617	1
G696	G2435	1
G733	G2178	1
G2366	G2769	1
G1334	G2822	1
G36	G2352	1
G2736	G2798	1
G388	G722	1
G773	G963	1
G1494	G2639	1
G2056	G2094	1
G1675	G2049	1
G1452	G2849	1
G1997	G2467	1
G456	G899	1
G599	G1721	1
G672	G2559	1
G2876	G2921	1
G2230	G2300	1
G1328	G1455	1
G923	G1564	1
G1244	G2069	1
G2072	G2222	1
G2079	G2551	1
G1518	G2056	1
G1429	G2581	1
G1889	G2520	1
G923	G1525	1
G2105	G2380	1
G1747	G2620	1
G139	G2025	1
G331	G2232	1
G532	G615	1
G2191	G2865	1
G789	G2780	1
G1932	G2405	1
G2630	G2734	1
G694	G1118	1
G2766	G2812	1
G369	G1022	1
G976	G1333	1
G2168	G2713	1
G2351	G2369	1
G971	G1089	1
G1209	G2162	1
G931	G1429	1
G596	G2674	1
G1570	G2041	1
G2242	G2366	1
G300	G2977	1
G495	G2780	1
G2258	G2784	1
G1245	G2746	1
G1112	G2682	1
G1429	G1730	1
G1512	G2686	1
G1087	G2949	1
G1717	G1804	1
G36	G2425	1
G150	G2736	1
G1222	G2122	1
G596	G1083	1
G2137	G2440	1
G899	G1496	1
G569	G2877	1
G824	G1741	1
G629	G1007	1
G899	G2118	1
G1627	G2981	1
G2114	G2312	1
G2357	G2683	1
G846	G2291	1
G1488	G2994	1
G824	G1855	1
G826	G1375	1
G1161	G2293	1
G1795	G2383	1
G366	G2354	1
G1469	G2263	1
G1006	G1771	1
G904	G2063	1
G1220	G2876	1
G703	G2214	1
G1452	G1920	1
G1944	G2072	1
G1645	G2798	1
G187	G2789	1
G1218	G1780	1
G126	G514	1
G2025	G2991	1
G1835	G2425	1
G192	G851	1
G1390	G2490	1
G75	G1186	1
G543	G1136	1
G2584	G2630	1
G600	G2682	1
G758	G2882	1
G577	G835	1
G406	G1307	1
G851	G2380	1
G126	G2776	1
G146	G2554	1
G168	G2973	1
G2085	G2628	1
G1007	G2465	1
G2092	G2583	1
G211	G1420	1
G216	G2496	1
G1157	G2098	1
G2047	G2671	1
G475	G529	1
G1877	G2327	1
G1582	G2408	1
G923	G2214	1
G1651	G2991	1
G897	G2538	1
G2040	G2798	1
G444	G2188	1
G693	G1932	1
G226	G2047	1
G1523	G2072	1
G1895	G2309	1
G2462	G2553	1
G435	G810	1
G462	G1335	1
G2380	G2570	1
G587	G808	1
G153	G880	1
G226	G1339	1
G462	G1551	1
G1238	G2981	1
G2069	G2739	1
G796	G1625	1
G2341	G2713	1
G2628	G2769	1
G331	G596	1
G2017	G2092	1
G1027	G2724	1
G2208	G2563	1
G332	G1112	1
G2162	G2451	1
G563	G2784	1
G2051	G2191	1
G1894	G2057	1
G691	G1612	1
G2447	G2544	1
G353	G1948	1
G2121	G2405	1
G266	G663	1
G331	G1422	1
G1469	G2118	1
G1654	G2799	1
G2467	G2622	1
G1083	G2092	1
G1919	G2108	1
G331	G462	1
G437	G1907	1
G2208	G2784	1
G1916	G2970	1
G1997	G2425	1
G480	G2464	1
G264	G767	1
G177	G554	1
G2041	G2389	1
G663	G1112	1
G1726	G2664	1
G1628	G1735	1
G2196	G2341	1
G1429	G1923	1
G721	G1251	1
G2570	G2730	1
G2157	G2538	1
G715	G2544	1
G1907	G2141	1
G148	G1932	1
G157	G773	1
G2327	G2570	1
G1245	G1588	1
G24	G947	1
G882	G1112	1
G1893	G2188	1
G1480	G2467	1
G354	G2405	1
G774	G875	1
G1841	G2835	1
G694	G1512	1
G563	G2769	1
G1133	G2877	1
G311	G2478	1
G723	G2320	1
G529	G899	1
G534	G1833	1
G2381	G2977	1
G1855	G2766	1
G148	G2724	1
G1332	G2843	1
G1332	G2258	1
G1441	G1828	1
G1529	G1957	1
G785	G1038	1
G315	G2843	1
G192	G885	1
G159	G1161	1
G543	G910	1
G1985	G2425	1
G1320	G1591	1
G755	G1013	1
G2548	G2557	1
G456	G2758	1
G2208	G2769	1
G1700	G2581	1
G1533	G2363	1
G443	G2405	1
G1116	G1455	1
G1907	G2232	1
G1666	G2940	1
G574	G1564	1
G2260	G2420	1
G691	G2766	1
G1441	G2940	1
G2769	G2983	1
G268	G1933	1
G563	G1901	1
G899	G1591	1
G1551	G2581	1
G132	G2685	1
G1500	G2798	1
G1912	G1986	1
G2597	G2712	1
G1913	G2310	1
G33	G1812	1
G231	G2447	1
G1010	G1320	1
G1257	G2900	1
G1042	G2497	1
G263	G1196	1
G801	G2426	1
G2031	G2881	1
G934	G1220	1
G1850	G2780	1
G80	G1774	1
G1398	G1696	1
G919	G2505	1
G122	G267	1
G723	G2300	1
G848	G2988	1
G1645	G1806	1
G1008	G2538	1
G1984	G2899	1
G1265	G1894	1
G331	G1332	1
G539	G1566	1
G1719	G2642	1
G2188	G2583	1
G1204	G1857	1
G1455	G2822	1
G1112	G2812	1
G1564	G1566	1
G331	G801	1
G1118	G2498	1
G1320	G2622	1
G612	G2056	1
G1109	G1204	1
G462	G842	1
G1316	G2381	1
G1966	G2188	1
G1139	G1671	1
G2013	G2412	1
G2191	G2657	1
G497	G1606	1
G851	G2232	1
G462	G2963	1
G2366	G2570	1
G554	G2366	1
G899	G2622	1
G2833	G2968	1
G344	G2047	1
G721	G2968	1
G2072	G2296	1
G577	G1948	1
G1963	G2544	1
G144	G355	1
G1080	G1455	1
G349	G940	1
G1500	G1630	1
G1806	G2758	1
G1243	G1953	1
G444	G794	1
G629	G2721	1
G561	G903	1
G362	G2118	1
G2092	G2514	1
G275	G1606	1
G176	G1591	1
G967	G2196	1
G1681	G2540	1
G1893	G2395	1
G920	G1064	1
G2447	G2790	1
G600	G2812	1
G758	G2180	1
G335	G2232	1
G324	G1738	1
G1849	G2366	1
G2046	G2395	1
G2118	G2865	1
G529	G2031	1
G462	G1963	1
G2082	G2375	1
G337	G2887	1
G894	G2569	1
G2162	G2620	1
G402	G1112	1
G258	G899	1
G1442	G1546	1
G1542	G2429	1
G300	G2327	1
G271	G1337	1
G283	G577	1
G1639	G2881	1
G2760	G2850	1
G715	G2790	1
G527	G2988	1
G1316	G2162	1
G287	G326	1
G656	G2098	1
G187	G1083	1
G1220	G1694	1
G200	G1499	1
G331	G882	1
G1726	G1963	1
G773	G2648	1
G1903	G2881	1
G385	G964	1
G758	G1869	1
G408	G1223	1
G2008	G2266	1
G678	G1842	1
G830	G1500	1
G1332	G2354	1
G1068	G2988	1
G1480	G2425	1
G2066	G2541	1
G444	G1116	1
G2721	G2789	1
G883	G2837	1
G836	G2887	1
G755	G1452	1
G930	G2932	1
G1261	G2116	1
G1012	G2953	1
G1625	G2405	1
G2563	G2865	1
G823	G1986	1
G899	G1068	1
G1793	G2919	1
G315	G1513	1
G1334	G1780	1
G752	G1006	1
G402	G554	1
G423	G2471	1
G1079	G2115	1
G374	G424	1
G848	G963	1
G514	G2447	1
G879	G2865	1
G960	G1723	1
G1382	G2689	1
G1689	G2294	1
G1966	G2815	1
G385	G2814	1
G456	G1480	1
G1518	G2528	1
G266	G2881	1
G326	G2115	1
G424	G1957	1
G1700	G1923	1
G2268	G2714	1
G514	G1554	1
G2766	G2869	1
G1551	G1923	1
G2583	G2822	1
G2300	G2498	1
G1042	G2845	1
G335	G1982	1
G1500	G1806	1
G1065	G2870	1
G1429	G2544	1
G1763	G2155	1
G1090	G2467	1
G1118	G2009	1
G586	G1849	1
G1591	G2341	1
G1335	G2188	1
G747	G1288	1
G456	G1152	1
G960	G1090	1
G569	G920	1
G529	G2758	1
G1886	G2355	1
G634	G1508	1
G784	G1361	1
G1793	G2538	1
G1741	G2977	1
G866	G2892	1
G2073	G2583	1
G897	G2628	1
G2447	G2738	1
G423	G2103	1
G425	G1452	1
G153	G2642	1
G586	G876	1
G514	G1441	1
G2063	G2591	1
G858	G1694	1
G462	G1419	1
G1963	G2790	1
G1975	G2514	1
G108	G995	1
G1507	G2092	1
G445	G1704	1
G454	G2118	1
G133	G2822	1
G958	G2366	1
G1332	G1446	1
G711	G1813	1
G1499	G2734	1
G231	G2620	1
G835	G2721	1
G596	G2780	1
G368	G1628	1
G1331	G2849	1
G1316	G2462	1
G1877	G2568	1
G1920	G2063	1
G2244	G2681	1
G1168	G2784	1
G515	G2814	1
G1550	G1863	1
G24	G1883	1
G630	G1923	1
G1488	G2385	1
G1106	G1500	1
G444	G2979	1
G64	G2568	1
G773	G2365	1
G1004	G2721	1
G418	G2994	1
G267	G1576	1
G444	G2618	1
G1606	G2822	1
G187	G2642	1
G1242	G1888	1
G2302	G2671	1
G1191	G2300	1
G890	G2465	1
G362	G1591	1
G1448	G2347	1
G1907	G2856	1
G1282	G2736	1
G1867	G2040	1
G1948	G2843	1
G40	G1236	1
G736	G1739	1
G2063	G2676	1
G880	G1455	1
G163	G1953	1
G563	G2570	1
G450	G463	1
G714	G858	1
G133	G2083	1
G1161	G2437	1
G2294	G2533	1
G2497	G2505	1
G1995	G2309	1
G586	G685	1
G875	G1090	1
G503	G955	1
G36	G1700	1
G1681	G2877	1
G539	G923	1
G1445	G1836	1
G334	G1244	1
G1296	G2542	1
G851	G1332	1
G809	G899	1
G596	G622	1
G1140	G2493	1
G1139	G1445	1
G634	G985	1
G1239	G1727	1
G1331	G1446	1
G2012	G2873	1
G931	G1331	1
G57	G2484	1
G889	G2723	1
G1335	G2395	1
G163	G2988	1
G474	G710	1
G889	G2086	1
G1112	G2941	1
G438	G2955	1
G964	G2180	1
G1948	G2961	1
G2478	G2882	1
G194	G2005	1
G194	G2622	1
G1855	G2162	1
G1637	G2768	1
G36	G1075	1
G1313	G2961	1
G2543	G2744	1
G157	G1211	1
G896	G2873	1
G448	G2460	1
G335	G1332	1
G300	G2949	1
G540	G2737	1
G1394	G2108	1
G2020	G2041	1
G1083	G2766	1
G1962	G2680	1
G111	G149	1
G149	G1191	1
G1963	G2738	1
G1768	G2283	1
G2381	G2988	1
G1429	G2790	1
G629	G2242	1
G539	G1543	1
G539	G2346	1
G556	G1792	1
G694	G2044	1
G456	G2496	1
G1261	G1704	1
G1591	G2540	1
G923	G2453	1
G1004	G1010	1
G963	G1316	1
G1743	G2302	1
G885	G2017	1
G334	G2719	1
G2103	G2274	1
G331	G1850	1
G758	G1835	1
G1112	G2497	1
G616	G1677	1
G2381	G2523	1
G340	G1030	1
G205	G1112	1
G629	G2441	1
G315	G1223	1
G514	G2620	1
G693	G1133	1
G1010	G1726	1
G1513	G1783	1
G1500	G2138	1
G423	G1975	1
G851	G882	1
G283	G563	1
G675	G2027	1
G889	G1617	1
G1133	G1550	1
G139	G1424	1
G1757	G2621	1
G1220	G1558	1
G656	G1006	1
G1261	G2921	1
G306	G1997	1
G653	G2485	1
G2462	G2540	1
G1305	G1430	1
G1741	G2766	1
G518	G1721	1
G1222	G1226	1
G1030	G1591	1
G586	G719	1
G1570	G1965	1
G316	G1138	1
G529	G1152	1
G773	G1912	1
G454	G1591	1
G815	G930	1
G967	G2046	1
G177	G306	1
G1764	G1864	1
G2365	G2468	1
G889	G1564	1
G907	G2972	1
G421	G1044	1
G1152	G1329	1
G729	G1099	1
G1564	G1671	1
G219	G1243	1
G1222	G1770	1
G1551	G2544	1
G2498	G2921	1
G323	G2380	1
G885	G1916	1
G1867	G2303	1
G2121	G2426	1
G879	G2657	1
G1806	G2496	1
G1948	G2849	1
G1334	G1576	1
G1455	G1780	1
G529	G1382	1
G1864	G2719	1
G1994	G2210	1
G660	G1133	1
G703	G2983	1
G1281	G2368	1
G133	G1118	1
G488	G1142	1
G180	G2038	1
G272	G593	1
G993	G1985	1
G408	G1133	1
G586	G1963	1
G663	G1577	1
G1524	G2432	1
G163	G963	1
G509	G2957	1
G159	G2779	1
G774	G1098	1
G1462	G1756	1
G1623	G2833	1
G1816	G2246	1
G963	G2789	1
G2270	G2961	1
G1133	G2784	1
G831	G1137	1
G691	G2462	1
G78	G780	1
G354	G2426	1
G1334	G2977	1
G222	G2937	1
G1106	G1612	1
G1429	G1681	1
G613	G1603	1
G192	G2597	1
G370	G1006	1
G561	G1235	1
G801	G2467	1
G693	G958	1
G770	G1412	1
G2676	G2736	1
G987	G1848	1
G2191	G2263	1
G529	G715	1
G674	G2979	1
G1593	G2880	1
G806	G1591	1
G1751	G2381	1
G1598	G2814	1
G2723	G2784	1
G539	G1186	1
G919	G2317	1
G923	G2983	1
G1505	G2191	1
G2341	G2648	1
G758	G1027	1
G1833	G2293	1
G794	G1139	1
G1550	G1957	1
G1316	G2380	1
G1801	G2806	1
G1133	G2769	1
G1312	G2474	1
G2381	G2949	1
G1310	G1828	1
G596	G2283	1
G596	G2882	1
G1723	G2121	1
G802	G808	1
G1793	G2628	1
G1863	G1893	1
G1513	G2924	1
G192	G2407	1
G216	G2972	1
G364	G2419	1
G266	G1112	1
G736	G1313	1
G590	G2628	1
G585	G2182	1
G1220	G2799	1
G405	G1852	1
G1004	G2191	1
G907	G2583	1
G1424	G2230	1
G1417	G2302	1
G405	G2877	1
G148	G958	1
G2662	G2887	1
G610	G2721	1
G733	G918	1
G1133	G1901	1
G283	G960	1
G1335	G2979	1
G1550	G2522	1
G923	G1513	1
G148	G931	1
G600	G823	1
G354	G1452	1
G835	G2441	1
G733	G1103	1
G258	G1382	1
G1418	G2814	1
G1494	G2497	1
G148	G1243	1
G1742	G2295	1
G391	G1935	1
G2496	G2812	1
G1828	G2121	1
G153	G622	1
G374	G2341	1
G1075	G1152	1
G1513	G1903	1
G1622	G2979	1
G2263	G2381	1
G36	G2972	1
G867	G2415	1
G516	G1161	1
G2398	G2525	1
G2232	G2497	1
G1480	G1985	1
G1551	G2790	1
G324	G426	1
G577	G1090	1
G1112	G2137	1
G868	G1635	1
G2314	G2586	1
G574	G2453	1
G1458	G2631	1
G126	G2798	1
G266	G554	1
G1933	G2921	1
G1741	G2523	1
G462	G2924	1
G691	G2667	1
G2769	G2865	1
G1751	G2848	1
G809	G1538	1
G1480	G2598	1
G955	G2255	1
G1139	G2435	1
G1719	G2882	1
G1008	G1523	1
G1098	G1316	1
G425	G586	1
G1243	G2648	1
G1835	G2972	1
G899	G2366	1
G267	G1953	1
G445	G2085	1
G579	G1674	1
G2341	G2365	1
G126	G1106	1
G774	G1591	1
G18	G1979	1
G876	G1441	1
G586	G1719	1
G875	G1103	1
G1007	G1841	1
G1562	G2723	1
G1039	G1591	1
G600	G2137	1
G1637	G2971	1
G660	G1130	1
G36	G828	1
G1554	G1848	1
G806	G1068	1
G1264	G2597	1
G1671	G2426	1
G1237	G1877	1
G1438	G2545	1
G755	G2648	1
G462	G1903	1
G1139	G1998	1
G1606	G1780	1
G2542	G2902	1
G2043	G2095	1
G1625	G2426	1
G1833	G1919	1
G934	G2144	1
G736	G2846	1
G148	G2870	1
G1441	G1986	1
G1334	G2766	1
G2190	G2771	1
G774	G2622	1
G931	G2405	1
G514	G1320	1
G1253	G2301	1
G323	G1469	1
G1397	G1863	1
G739	G2547	1
G715	G2092	1
G2535	G2963	1
G1751	G1966	1
G1719	G2535	1
G1327	G2142	1
G1027	G1397	1
G762	G1018	1
G1179	G2497	1
G283	G920	1
G1827	G2443	1
G2490	G2921	1
G36	G2583	1
G205	G773	1
G561	G2058	1
G1550	G2736	1
G1543	G2359	1
G315	G2865	1
G1709	G2330	1
G2689	G2924	1
G425	G2648	1
G811	G927	1
G1562	G1617	1
G1455	G1576	1
G391	G2144	1
G1780	G2924	1
G2426	G2724	1
G662	G1390	1
G904	G2175	1
G1418	G2547	1
G1029	G1085	1
G1077	G1252	1
G2354	G2462	1
G200	G1787	1
G1375	G1799	1
G1007	G1606	1
G500	G2979	1
G904	G2283	1
G1469	G2366	1
G554	G1328	1
G1372	G2682	1
G1003	G2369	1
G1337	G1953	1
G2405	G2736	1
G1562	G1564	1
G1243	G2365	1
G1835	G2583	1
G691	G2380	1
G2369	G2496	1
G514	G1741	1
G963	G1083	1
G907	G2514	1
G444	G1916	1
G896	G2235	1
G426	G1376	1
G758	G2103	1
G1758	G2230	1
G2464	G2681	1
G1741	G2949	1
G2241	G2738	1
G596	G2180	1
G1932	G2467	1
G497	G642	1
G2949	G2983	1
G374	G2907	1
G153	G1249	1
G1455	G2977	1
G1923	G2622	1
G1261	G2085	1
G2492	G2708	1
G1606	G2092	1
G1695	G2383	1
G331	G1932	1
G148	G1397	1
G2263	G2462	1
G2293	G2955	1
G558	G2274	1
G2327	G2430	1
G524	G2354	1
G376	G545	1
G755	G2365	1
G1255	G2870	1
G1116	G2758	1
G456	G2944	1
G1904	G2632	1
G2137	G2381	1
G126	G1806	1
G216	G1671	1
G1412	G1934	1
G574	G1513	1
G715	G1500	1
G923	G1223	1
G1334	G2327	1
G964	G2465	1
G1681	G2784	1
G405	G960	1
G2235	G2404	1
G1477	G2656	1
G674	G1508	1
G126	G266	1
G364	G1543	1
G466	G470	1
G596	G1869	1
G828	G2210	1
G1130	G2419	1
G421	G2864	1
G1156	G1504	1
G2118	G2263	1
G85	G1375	1
G986	G1072	1
G474	G2244	1
G1334	G1953	1
G606	G1660	1
G1489	G2994	1
G2921	G2994	1
G203	G2304	1
G1523	G2876	1
G192	G1010	1
G911	G2780	1
G438	G1109	1
G1133	G2570	1
G885	G1328	1
G799	G2681	1
G920	G2882	1
G2365	G2622	1
G267	G2949	1
G880	G899	1
G1335	G2031	1
G1106	G2381	1
G1099	G2686	1
G495	G1323	1
G669	G1274	1
G758	G2351	1
G890	G1827	1
G425	G2365	1
G610	G2242	1
G729	G2994	1
G836	G2621	1
G1424	G1751	1
G1543	G1953	1
G1997	G2583	1
G1112	G2557	1
G2597	G2790	1
G2327	G2470	1
G11	G693	1
G1681	G2769	1
G610	G2191	1
G1617	G2724	1
G1927	G2066	1
G138	G1672	1
G1719	G2180	1
G1157	G2069	1
G1143	G2341	1
G2137	G2162	1
G2496	G2941	1
G364	G1671	1
G1334	G2988	1
G283	G2769	1
G433	G828	1
G1659	G1783	1
G1747	G1870	1
G662	G1918	1
G1591	G2073	1
G1912	G2780	1
G554	G760	1
G901	G1109	1
G2465	G2871	1
G1130	G2972	1
G374	G2838	1
G773	G2447	1
G1601	G2719	1
G746	G1233	1
G169	G1930	1
G1524	G1923	1
G694	G2848	1
G516	G2433	1
G610	G2441	1
G1681	G1901	1
G1412	G1864	1
G1543	G2988	1
G1334	G2523	1
G2201	G2786	1
G2427	G2606	1
G543	G834	1
G773	G1554	1
G72	G2457	1
G1619	G1693	1
G1730	G2712	1
G423	G1606	1
G2597	G2838	1
G1353	G2499	1
G2638	G2775	1
G801	G1912	1
G281	G1193	1
G355	G1161	1
G600	G2557	1
G1103	G1591	1
G272	G1510	1
G2164	G2286	1
G2214	G2780	1
G758	G1256	1
G278	G2606	1
G676	G1489	1
G918	G1806	1
G615	G1999	1
G1118	G1610	1
G2121	G2467	1
G1106	G2162	1
G36	G2514	1
G2346	G2620	1
G360	G2398	1
G187	G2535	1
G1663	G2916	1
G371	G587	1
G1446	G1726	1
G1855	G2232	1
G744	G2405	1
G2271	G2703	1
G374	G2369	1
G132	G480	1
G1441	G2063	1
G773	G1441	1
G534	G2630	1
G2405	G2983	1
G1223	G2274	1
G2557	G2766	1
G1384	G2316	1
G803	G1554	1
G106	G708	1
G891	G1966	1
G466	G2572	1
G174	G2843	1
G252	G2462	1
G1473	G1966	1
G630	G2638	1
G586	G610	1
G694	G1966	1
G1027	G1334	1
G458	G2222	1
G2620	G2988	1
G722	G1562	1
G1159	G2341	1
G1316	G1332	1
G1538	G2496	1
G840	G1561	1
G1907	G2303	1
G1455	G2766	1
G693	G1334	1
G1833	G2437	1
G354	G586	1
G18	G480	1
G1072	G2234	1
G1218	G2667	1
G696	G2789	1
G1186	G2564	1
G163	G402	1
G2137	G2462	1
G797	G2463	1
G1726	G2516	1
G405	G1550	1
G1606	G2977	1
G1159	G1838	1
G1488	G2311	1
G2465	G2970	1
G1223	G1562	1
G897	G2961	1
G625	G890	1
G112	G1793	1
G589	G1363	1
G15	G854	1
G593	G2993	1
G411	G1584	1
G1204	G2142	1
G955	G2429	1
G715	G1747	1
G1564	G2435	1
G2068	G2758	1
G646	G2056	1
G1044	G1403	1
G150	G2274	1
G104	G1178	1
G691	G1469	1
G1139	G1828	1
G1008	G1261	1
G323	G703	1
G425	G1912	1
G444	G660	1
G1315	G2357	1
G2463	G2794	1
G1139	G2940	1
G1010	G2881	1
G708	G1403	1
G715	G1612	1
G1046	G2547	1
G148	G1334	1
G1334	G2949	1
G828	G2421	1
G1106	G2462	1
G2360	G2425	1
G527	G1422	1
G1429	G1500	1
G1806	G2419	1
G1320	G1645	1
G889	G2843	1
G150	G2693	1
G133	G2044	1
G364	G1625	1
G564	G1333	1
G989	G2616	1
G1780	G2405	1
G1828	G2040	1
G1139	G2681	1
G851	G1932	1
G1688	G1731	1
G1997	G2514	1
G149	G934	1
G924	G1004	1
G1446	G2564	1
G1935	G2919	1
G836	G1141	1
G1080	G1152	1
G2447	G2676	1
G1799	G1919	1
G1591	G2597	1
G79	G2104	1
G2327	G2569	1
G36	G521	1
G902	G947	1
G642	G1780	1
G514	G1726	1
G1515	G1566	1
G1455	G2327	1
G871	G1777	1
G1123	G1390	1
G1237	G2246	1
G1081	G2299	1
G23	G2780	1
G1238	G1268	1
G266	G306	1
G1540	G2988	1
G1610	G2490	1
G360	G2340	1
G828	G958	1
G2121	G2425	1
G444	G1893	1
G1139	G1507	1
G776	G1619	1
G723	G1252	1
G853	G2591	1
G141	G1495	1
G1525	G2046	1
G437	G2291	1
G916	G2397	1
G600	G1849	1
G773	G2620	1
G1806	G2972	1
G2798	G2843	1
G1329	G2086	1
G2462	G2597	1
G514	G956	1
G1523	G1694	1
G2583	G2766	1
G1134	G1554	1
G801	G1985	1
G923	G2865	1
G716	G1688	1
G918	G2138	1
G736	G1651	1
G1903	G2812	1
G2467	G2712	1
G364	G1445	1
G174	G1513	1
G1704	G2170	1
G317	G1136	1
G1524	G2544	1
G682	G1989	1
G1870	G1923	1
G1452	G2118	1
G1671	G2467	1
G890	G1606	1
G2188	G2940	1
G775	G1874	1
G752	G1743	1
G1500	G1783	1
G1625	G2467	1
G1564	G1997	1
G153	G574	1
G569	G1264	1
G896	G1589	1
G1412	G1585	1
G306	G1383	1
G708	G2494	1
G444	G1328	1
G784	G1653	1
G943	G1262	1
G1143	G2838	1
G1445	G2465	1
G1681	G2570	1
G120	G1924	1
G107	G2188	1
G456	G923	1
G848	G904	1
G126	G1335	1
G447	G2973	1
G879	G2478	1
G46	G808	1
G1455	G2523	1
G283	G2570	1
G1551	G2092	1
G161	G721	1
G514	G911	1
G596	G1027	1
G642	G2092	1
G1887	G2269	1
G2041	G2970	1
G1312	G1939	1
G1606	G2766	1
G778	G1836	1
G2044	G2245	1
G658	G2671	1
G896	G2295	1
G1329	G1418	1
G1168	G2493	1
G1723	G1932	1
G355	G2433	1
G511	G1320	1
G691	G1332	1
G1099	G1628	1
G1013	G1433	1
G1249	G1381	1
G759	G2393	1
G691	G801	1
G590	G1261	1
G1850	G2103	1
G2693	G2988	1
G1329	G1564	1
G1383	G1455	1
G353	G514	1
G955	G1683	1
G1723	G2724	1
G889	G2849	1
G387	G1201	1
G1596	G2784	1
G823	G2798	1
G466	G2078	1
G934	G2222	1
G2798	G2983	1
G456	G1543	1
G456	G2346	1
G153	G433	1
G1143	G1681	1
G122	G187	1
G546	G810	1
G2144	G2210	1
G1415	G1749	1
G1916	G2768	1
G1897	G2843	1
G734	G2103	1
G1109	G2013	1
G1664	G2662	1
G1244	G1412	1
G823	G1106	1
G1828	G1932	1
G2073	G2730	1
G500	G1916	1
G940	G1185	1
G444	G1058	1
G2236	G2263	1
G2557	G2951	1
G1748	G2869	1
G456	G2892	1
G554	G2341	1
G1828	G2724	1
G2095	G2367	1
G1429	G1612	1
G453	G1972	1
G331	G1133	1
G163	G1521	1
G1310	G1316	1
G1112	G2963	1
G391	G2222	1
G107	G2395	1
G2798	G2849	1
G456	G1671	1
G1325	G1789	1
G108	G2909	1
G1500	G2924	1
G223	G239	1
G1966	G2320	1
G1524	G2790	1
G1783	G2766	1
G2676	G2865	1
G1438	G1630	1
G444	G796	1
G577	G2063	1
G1606	G2327	1
G1027	G1112	1
G1152	G1335	1
G2191	G2730	1
G283	G366	1
G1152	G1551	1
G826	G2551	1
G360	G2172	1
G1278	G2957	1
G1265	G2638	1
G504	G1131	1
G723	G1877	1
G1006	G2340	1
G1455	G2949	1
G1671	G2425	1
G78	G758	1
G258	G2065	1
G357	G762	1
G2206	G2274	1
G1112	G1963	1
G213	G1044	1
G490	G2105	1
G150	G2263	1
G897	G1473	1
G1452	G1591	1
G1099	G2822	1
G1669	G2292	1
G2462	G2721	1
G231	G1870	1
G1500	G1903	1
G1719	G2465	1
G438	G2012	1
G194	G1645	1
G1651	G2578	1
G444	G2553	1
G456	G1159	1
G817	G1564	1
G286	G2953	1
G907	G1948	1
G53	G1722	1
G1127	G2826	1
G775	G2972	1
G1034	G2341	1
G574	G2865	1
G1401	G2214	1
G2195	G2198	1
G1741	G2232	1
G315	G2468	1
G1198	G2185	1
G216	G2435	1
G515	G755	1
G1220	G1255	1
G270	G1704	1
G1413	G1586	1
G380	G1372	1
G600	G1963	1
G331	G958	1
G1627	G2671	1
G901	G2012	1
G1310	G2789	1
G1261	G1758	1
G1452	G2622	1
G1914	G2656	1
G2881	G2924	1
G64	G1220	1
G258	G1093	1
G529	G923	1
G1570	G2887	1
G1099	G2083	1
G475	G774	1
G596	G2471	1
G1550	G1971	1
G964	G1827	1
G2478	G2822	1
G2544	G2988	1
G2103	G2979	1
G1286	G2342	1
G348	G1878	1
G715	G2381	1
G303	G476	1
G1130	G1445	1
G656	G1743	1
G1420	G2086	1
G1863	G1946	1
G46	G2805	1
G1606	G2523	1
G168	G414	1
G1383	G2068	1
G773	G1320	1
G1099	G1365	1
G1971	G2266	1
G955	G1139	1
G1694	G2991	1
G2191	G2366	1
G768	G2920	1
G1419	G2544	1
G1543	G2648	1
G960	G1329	1
G2365	G2366	1
G2162	G2881	1
G778	G2535	1
G2369	G2972	1
G1524	G1681	1
G1524	G2738	1
G911	G2138	1
G163	G2121	1
G734	G1975	1
G40	G714	1
G1496	G1963	1
G2327	G2522	1
G1564	G2681	1
G596	G2103	1
G450	G1251	1
G563	G1863	1
G1645	G2405	1
G685	G2341	1
G1488	G2070	1
G628	G1289	1
G364	G2435	1
G315	G2263	1
G462	G2713	1
G489	G2855	1
G529	G1543	1
G660	G1591	1
G958	G2341	1
G259	G2979	1
G421	G2528	1
G1203	G2880	1
G266	G2941	1
G1008	G1473	1
G2049	G2876	1
G150	G889	1
G408	G1591	1
G343	G2402	1
G1218	G1422	1
G715	G2162	1
G826	G2273	1
G773	G1741	1
G1238	G2671	1
G2058	G2545	1
G456	G1625	1
G1700	G1747	1
G625	G1099	1
G166	G1295	1
G1428	G1864	1
G586	G1576	1
G302	G1965	1
G773	G1855	1
G159	G2142	1
G2652	G2878	1
G876	G1117	1
G879	G1116	1
G515	G1455	1
G1004	G1564	1
G1562	G2983	1
G141	G993	1
G625	G1387	1
G1152	G1963	1
G1420	G1525	1
G1112	G1719	1
G1963	G2381	1
G306	G2789	1
G2103	G2730	1
G1079	G2349	1
G36	G1948	1
G256	G892	1
G408	G2005	1
G1916	G2496	1
G1551	G1612	1
G703	G2693	1
G586	G2977	1
G2072	G2230	1
G433	G835	1
G443	G2655	1
G934	G2296	1
G2808	G2868	1
G153	G2465	1
G266	G2497	1
G1056	G1175	1
G177	G1849	1
G194	G2712	1
G1550	G2266	1
G722	G1455	1
G425	G1441	1
G843	G2562	1
G1543	G2365	1
G796	G2789	1
G462	G1452	1
G1606	G2949	1
G642	G758	1
G1675	G2327	1
G830	G1564	1
G1963	G2951	1
G1523	G2799	1
G177	G876	1
G450	G2968	1
G2332	G2521	1
G630	G1747	1
G1562	G2849	1
G46	G2429	1
G1953	G2870	1
G521	G2092	1
G1220	G2025	1
G1441	G2780	1
G2405	G2865	1
G600	G1719	1
G529	G1159	1
G645	G2851	1
G1780	G2713	1
G187	G2465	1
G641	G727	1
G923	G2693	1
G133	G2848	1
G924	G2979	1
G1339	G1809	1
G36	G511	1
G1419	G2790	1
G180	G2612	1
G1428	G1771	1
G1963	G2162	1
G758	G2026	1
G391	G2296	1
G785	G1826	1
G271	G2591	1
G2044	G2937	1
G1249	G2908	1
G2352	G2766	1
G715	G2462	1
G2343	G2588	1
G2016	G2566	1
G901	G2108	1
G200	G2741	1
G1455	G2667	1
G1591	G2191	1
G2814	G2869	1
G511	G1726	1
G433	G1793	1
G1223	G2188	1
G1741	G2731	1
G2425	G2597	1
G1417	G1771	1
G2217	G2933	1
G642	G2766	1
G960	G2869	1
G1849	G2838	1
G1500	G2405	1
G1106	G1982	1
G1822	G2796	1
G856	G1750	1
G177	G685	1
G596	G1975	1
G1508	G1763	1
G2789	G2869	1
G816	G1456	1
G199	G1278	1
G1062	G2259	1
G622	G693	1
G1289	G2953	1
G1313	G1739	1
G132	G1155	1
G1429	G2381	1
G465	G2114	1
G1118	G1390	1
G693	G773	1
G909	G1264	1
G1159	G2073	1
G1	G474	1
G133	G1966	1
G157	G2544	1
G554	G885	1
G323	G1446	1
G1398	G1793	1
G784	G2429	1
G856	G2382	1
G845	G1934	1
G266	G823	1
G1142	G2238	1
G669	G2244	1
G911	G1835	1
G283	G1264	1
G542	G2299	1
G1373	G1504	1
G2633	G2960	1
G1799	G2630	1
G824	G1577	1
G1075	G1671	1
G1445	G2970	1
G1320	G1524	1
G374	G1858	1
G1689	G2925	1
G462	G963	1
G2381	G2451	1
G374	G2721	1
G1489	G1654	1
G715	G806	1
G964	G1606	1
G931	G2467	1
G1500	G2312	1
G2687	G2990	1
G544	G2771	1
G443	G962	1
G1116	G2644	1
G1418	G2599	1
G1063	G2910	1
G2650	G2758	1
G445	G2946	1
G1963	G2462	1
G2009	G2848	1
G368	G2848	1
G1224	G1618	1
G486	G1742	1
G148	G773	1
G2433	G2741	1
G1384	G2317	1
G1981	G2949	1
G2300	G2994	1
G1429	G2162	1
G868	G1881	1
G2724	G2869	1
G809	G923	1
G1335	G1540	1
G684	G1979	1
G1625	G2166	1
G1525	G1538	1
G963	G2180	1
G882	G1923	1
G956	G1066	1
G1561	G2056	1
G433	G1948	1
G2622	G2814	1
G1332	G1591	1
G2118	G2366	1
G911	G1429	1
G1316	G1446	1
G960	G2798	1
G2457	G2685	1
G522	G1059	1
G685	G2838	1
G423	G1746	1
G2676	G2693	1
G275	G600	1
G517	G754	1
G199	G836	1
G1445	G1827	1
G2682	G2822	1
G625	G899	1
G2348	G2681	1
G650	G1982	1
G960	G1106	1
G1823	G2991	1
G216	G1828	1
G966	G2162	1
G2419	G2467	1
G80	G1329	1
G923	G2468	1
G1106	G1332	1
G1116	G2419	1
G4	G1141	1
G2009	G2568	1
G1139	G1316	1
G2730	G2812	1
G180	G1384	1
G2738	G2758	1
G824	G2812	1
G563	G629	1
G368	G1966	1
G809	G1543	1
G1268	G1627	1
G2026	G2327	1
G2941	G2949	1
G1332	G2622	1
G194	G2581	1
G337	G1044	1
G889	G2865	1
G1576	G2031	1
G911	G1027	1
G233	G1978	1
G823	G1335	1
G1006	G1603	1
G353	G2780	1
G1966	G1978	1
G773	G1726	1
G437	G2141	1
G1328	G1543	1
G374	G1010	1
G2514	G2870	1
G445	G634	1
G1372	G2557	1
G2115	G2239	1
G157	G2790	1
G1331	G1591	1
G2025	G2961	1
G194	G1730	1
G1606	G2667	1
G40	G2072	1
G1042	G2516	1
G2425	G2721	1
G1418	G1455	1
G563	G907	1
G2963	G2972	1
G1948	G2118	1
G24	G708	1
G1027	G1577	1
G835	G1957	1
G1429	G2462	1
G586	G2327	1
G36	G80	1
G364	G1828	1
G1441	G2175	1
G1087	G2355	1
G1261	G2946	1
G1156	G1572	1
G1329	G2843	1
G215	G2899	1
G1666	G2283	1
G1159	G2597	1
G357	G1693	1
G2026	G2988	1
G1441	G2283	1
G734	G1884	1
G923	G2263	1
G75	G2674	1
G2798	G2865	1
G899	G2341	1
G2346	G2834	1
G109	G2481	1
G1651	G2961	1
G120	G920	1
G1075	G1625	1
G444	G2540	1
G586	G1953	1
G1723	G2834	1
G1328	G1671	1
G1884	G2440	1
G283	G630	1
G1982	G2468	1
G2210	G2323	1
G268	G828	1
G629	G2736	1
G1139	G2789	1
G719	G1087	1
G715	G2380	1
G456	G2435	1
G784	G1683	1
G1284	G2210	1
G1492	G2398	1
G2381	G2620	1
G781	G2202	1
G911	G2368	1
G444	G577	1
G887	G1136	1
G1551	G2381	1
G421	G533	1
G1321	G2917	1
G685	G1310	1
G830	G2746	1
G1610	G2921	1
G586	G2988	1
G1675	G2568	1
G2232	G2257	1
G501	G1750	1
G1700	G2951	1
G1243	G1320	1
G380	G1761	1
G1772	G2235	1
G1828	G2406	1
G951	G955	1
G960	G1806	1
G1551	G2951	1
G1455	G2232	1
G2470	G2686	1
G306	G2642	1
G586	G2523	1
G1719	G1827	1
G1550	G2274	1
G1003	G2381	1
G231	G1112	1
G40	G1489	1
G703	G889	1
G1697	G2525	1
G733	G1806	1
G283	G405	1
G1978	G2327	1
G923	G1496	1
G750	G1035	1
G24	G46	1
G923	G2118	1
G1098	G1673	1
G1806	G2435	1
G755	G1320	1
G2419	G2425	1
G1551	G2162	1
G275	G2972	1
G554	G2073	1
G474	G1278	1
G1671	G2825	1
G2360	G2583	1
G1223	G2979	1
G1452	G2366	1
G642	G2162	1
G194	G1923	1
G2142	G2404	1
G828	G1129	1
G194	G1524	1
G1469	G2341	1
G482	G1742	1
G1923	G2712	1
G113	G2933	1
G890	G2758	1
G394	G565	1
G1243	G1741	1
G882	G2544	1
G865	G2525	1
G374	G2191	1
G1138	G2584	1
G153	G507	1
G1828	G2870	1
G456	G2859	1
G1261	G2276	1
G1550	G1562	1
G385	G899	1
G1475	G2122	1
G1716	G2058	1
G286	G771	1
G1681	G2430	1
G1932	G2206	1
G480	G2347	1
G1133	G1863	1
G1313	G1522	1
G1918	G2815	1
G2405	G2693	1
G1543	G2121	1
G1664	G2505	1
G283	G2430	1
G1702	G1792	1
G1704	G2320	1
G964	G1401	1
G425	G1320	1
G572	G1016	1
G1310	G2835	1
G2121	G2583	1
G2523	G2583	1
G360	G1697	1
G456	G1997	1
G1186	G2639	1
G1383	G2758	1
G845	G1585	1
G1329	G1513	1
G1329	G2849	1
G1838	G2497	1
G2263	G2843	1
G693	G1211	1
G1521	G2068	1
G531	G839	1
G2467	G2838	1
G433	G1828	1
G150	G2979	1
G1723	G1870	1
G86	G921	1
G1099	G1576	1
G150	G2618	1
G835	G2736	1
G898	G2983	1
G1010	G2812	1
G1700	G1710	1
G982	G2918	1
G794	G2031	1
G112	G1992	1
G64	G2144	1
G616	G2972	1
G1155	G1433	1
G433	G2940	1
G1313	G2846	1
G1445	G1606	1
G586	G963	1
G462	G2648	1
G1700	G2462	1
G1975	G2063	1
G642	G1710	1
G2730	G2941	1
G1158	G2298	1
G2352	G2462	1
G82	G111	1
G1099	G2977	1
G1948	G2622	1
G2302	G2443	1
G586	G2949	1
G1551	G2462	1
G858	G934	1
G1152	G1903	1
G275	G2583	1
G1912	G2103	1
G1251	G1492	1
G2017	G2040	1
G703	G2478	1
G574	G2263	1
G642	G2462	1
G2072	G2686	1
G1726	G2648	1
G1828	G1870	1
G410	G2991	1
G2355	G2408	1
G2687	G2754	1
G1116	G1671	1
G739	G1387	1
G1589	G1833	1
G1143	G2676	1
G1090	G1143	1
G931	G1912	1
G722	G899	1
G475	G2814	1
G586	G1989	1
G1083	G2040	1
G1130	G1828	1
G433	G1330	1
G2467	G2738	1
G2242	G2721	1
G2241	G2462	1
G529	G2563	1
G1562	G2865	1
G2435	G2877	1
G80	G2137	1
G1500	G2713	1
G234	G2255	1
G1013	G2597	1
G2063	G2983	1
G1264	G1564	1
G139	G1236	1
G630	G2880	1
G715	G1469	1
G426	G2056	1
G958	G2073	1
G1161	G2955	1
G2312	G2780	1
G2642	G2829	1
G755	G830	1
G1320	G2838	1
G985	G2937	1
G634	G1877	1
G1087	G2870	1
G2300	G2385	1
G2490	G2946	1
G882	G2790	1
G774	G2581	1
G733	G2138	1
G1606	G2232	1
G198	G2255	1
G2266	G2535	1
G2273	G2630	1
G899	G2838	1
G1893	G2877	1
G2655	G2949	1
G1877	G2355	1
G514	G554	1
G2381	G2724	1
G1515	G2769	1
G715	G1982	1
G444	G563	1
G107	G1382	1
G149	G1763	1
G1741	G2040	1
G1543	G2447	1
G281	G2948	1
G591	G1289	1
G462	G2365	1
G2063	G2849	1
G278	G1140	1
G267	G2620	1
G1320	G2369	1
G1916	G2972	1
G698	G2150	1
G163	G1741	1
G806	G1524	1
G1489	G2892	1
G2463	G2828	1
G459	G877	1
G1228	G1982	1
G1184	G1367	1
G720	G1968	1
G963	G2465	1
G141	G853	1
G899	G2369	1
G2263	G2849	1
G723	G858	1
G266	G1849	1
G848	G1403	1
G885	G1007	1
G1515	G1997	1
G524	G1098	1
G1726	G2365	1
G883	G2990	1
G577	G2175	1
G1320	G1681	1
G1833	G2404	1
G2630	G2899	1
G194	G490	1
G194	G2544	1
G1320	G2738	1
G2190	G2703	1
G126	G2405	1
G589	G2525	1
G2222	G2300	1
G360	G2069	1
G266	G876	1
G577	G2283	1
G1771	G1904	1
G2274	G2648	1
G2137	G2843	1
G889	G2693	1
G529	G1997	1
G1671	G2583	1
G187	G231	1
G1394	G1742	1
G199	G2948	1
G934	G1237	1
G1827	G2232	1
G2522	G2540	1
G1564	G2789	1
G1783	G2232	1
G521	G2381	1
G2369	G2435	1
G1492	G2172	1
G1787	G2235	1
G283	G1064	1
G904	G2405	1
G1419	G1500	1
G2591	G2924	1
G545	G1688	1
G1513	G1912	1
G176	G2369	1
G2366	G2814	1
G292	G624	1
G454	G2341	1
G377	G2482	1
G1211	G2924	1
G1822	G2775	1
G2460	G2916	1
G1963	G1982	1
G272	G2641	1
G1116	G1625	1
G207	G2780	1
G685	G1007	1
G922	G1580	1
G1728	G1904	1
G500	G1924	1
G1080	G1852	1
G1681	G2569	1
G80	G266	1
G958	G1007	1
G306	G622	1
G266	G685	1
G132	G1683	1
G960	G1335	1
G967	G1159	1
G391	G1237	1
G960	G1551	1
G1243	G1726	1
G2297	G2822	1
G85	G2551	1
G1083	G1932	1
G215	G316	1
G2017	G2724	1
G1412	G2398	1
G577	G1806	1
G570	G1476	1
G1846	G2190	1
G715	G1332	1
G527	G2355	1
G1010	G2941	1
G624	G2498	1
G1329	G2762	1
G1681	G1863	1
G215	G1327	1
G2249	G2355	1
G1446	G2682	1
G751	G1894	1
G958	G2597	1
G40	G891	1
G1806	G1828	1
G1956	G2528	1
G755	G1726	1
G918	G2405	1
G1700	G2380	1
G78	G2232	1
G364	G1383	1
G362	G851	1
G283	G1863	1
G1112	G1576	1
G1319	G2046	1
G2206	G2979	1
G2327	G2547	1
G2462	G2689	1
G6	G1038	1
G462	G1912	1
G245	G2557	1
G907	G1986	1
G1428	G2174	1
G1551	G2380	1
G2274	G2365	1
G1772	G2295	1
G525	G897	1
G1157	G1412	1
G1806	G2940	1
G1008	G2229	1
G1116	G1445	1
G610	G2736	1
G213	G653	1
G758	G2467	1
G348	G371	1
G1920	G2297	1
G213	G2528	1
G642	G2380	1
G700	G1209	1
G315	G2366	1
G1696	G1933	1
G119	G1185	1
G1554	G2656	1
G967	G1852	1
G554	G2721	1
G1741	G1932	1
G2116	G2365	1
G967	G2877	1
G194	G2790	1
G1397	G2274	1
G1494	G2516	1
G1099	G2327	1
G801	G1774	1
G1916	G2156	1
G543	G1900	1
G1010	G2497	1
G1335	G2877	1
G334	G393	1
G875	G1335	1
G1797	G1801	1
G2295	G2630	1
G36	G918	1
G157	G2092	1
G600	G1576	1
G794	G1382	1
G1741	G2724	1
G1543	G2620	1
G36	G1103	1
G1547	G1793	1
G2137	G2849	1
G1235	G2895	1
G153	G1606	1
G1305	G2474	1
G1058	G1719	1
G1541	G1691	1
G394	G2363	1
G561	G1495	1
G1546	G2095	1
G534	G1375	1
G839	G2115	1
G2404	G2873	1
G1691	G2909	1
G1138	G2108	1
G219	G1894	1
G1397	G1562	1
G475	G2465	1
G773	G2881	1
G1525	G2944	1
G767	G912	1
G2814	G2963	1
G529	G2360	1
G349	G1403	1
G1328	G2435	1
G879	G1893	1
G1334	G2040	1
G1564	G1687	1
G1671	G2514	1
G497	G1445	1
G187	G1606	1
G987	G1066	1
G563	G964	1
G676	G2799	1
G302	G2887	1
G554	G2591	1
G1261	G1994	1
G1106	G2849	1
G362	G2369	1
G693	G1645	1
G85	G2273	1
G622	G1090	1
G955	G1278	1
G36	G456	1
G755	G2564	1
G2789	G2963	1
G267	G2724	1
G1387	G2972	1
G2581	G2780	1
G1412	G2340	1
G52	G1153	1
G926	G1951	1
G2553	G2838	1
G709	G2766	1
G758	G2352	1
G1513	G1985	1
G685	G2991	1
G2103	G2553	1
G627	G1707	1
G977	G2366	1
G1313	G1651	1
G1849	G2591	1
G1428	G2401	1
G1751	G2210	1
G266	G924	1
G1139	G2835	1
G2406	G2838	1
G2648	G2881	1
G194	G1681	1
G129	G349	1
G424	G1116	1
G2766	G2988	1
G194	G2738	1
G192	G2736	1
G348	G421	1
G889	G2263	1
G1278	G2973	1
G2532	G2739	1
G115	G784	1
G402	G610	1
G529	G2681	1
G2208	G2814	1
G985	G2157	1
G177	G1780	1
G331	G773	1
G1674	G2060	1
G838	G1811	1
G399	G2261	1
G1106	G1446	1
G433	G1383	1
G1508	G1816	1
G434	G847	1
G1455	G1850	1
G634	G1823	1
G758	G2425	1
G521	G806	1
G150	G1916	1
G1986	G2648	1
G267	G1741	1
G663	G2443	1
G564	G1687	1
G916	G1502	1
G958	G1858	1
G1408	G2901	1
G306	G1909	1
G1508	G2568	1
G958	G2721	1
G1656	G2884	1
G1863	G2441	1
G1007	G2419	1
G1003	G1949	1
G2698	G2920	1
G642	G2232	1
G880	G1625	1
G823	G1903	1
G634	G2246	1
G332	G1780	1
G2317	G2721	1
G1446	G2812	1
G2276	G2946	1
G897	G1313	1
G2449	G2681	1
G1478	G1543	1
G245	G876	1
G1419	G2766	1
G500	G2877	1
G2406	G2738	1
G423	G600	1
G1524	G2381	1
G1283	G1722	1
G1329	G2865	1
G89	G541	1
G765	G2954	1
G1422	G2822	1
G1825	G2381	1
G1328	G1997	1
G141	G1480	1
G1687	G2497	1
G1722	G1811	1
G1196	G2335	1
G747	G1095	1
G1877	G2222	1
G268	G1793	1
G2435	G2563	1
G364	G1316	1
G443	G693	1
G1090	G1723	1
G1223	G1382	1
G64	G2222	1
G656	G1412	1
G879	G1058	1
G1010	G2137	1
G187	G696	1
G149	G2490	1
G1325	G1976	1
G889	G2118	1
G1130	G1383	1
G433	G918	1
G883	G2754	1
G1799	G2404	1
G216	G2789	1
G2784	G2881	1
G141	G1152	1
G353	G1835	1
G258	G529	1
G642	G1469	1
G848	G1397	1
G685	G2591	1
G2435	G2784	1
G391	G2594	1
G1823	G2538	1
G1874	G2443	1
G1893	G2563	1
G1018	G2953	1
G826	G2793	1
G958	G2591	1
G2191	G2341	1
G1521	G2758	1
G2514	G2622	1
G1570	G1664	1
G685	G1823	1
G1901	G2812	1
G1873	G2443	1
G2518	G2562	1
G102	G517	1
G834	G1448	1
G1681	G2522	1
G1469	G2073	1
G1334	G1932	1
G1115	G1682	1
G141	G1382	1
G1948	G2366	1
G1551	G1982	1
G80	G1335	1
G1605	G2911	1
G728	G1441	1
G806	G2838	1
G80	G1551	1
G1923	G2544	1
G1598	G2768	1
G1893	G2784	1
G985	G1933	1
G1591	G2214	1
G1406	G1806	1
G680	G2835	1
G923	G2730	1
G2369	G2940	1
G691	G1130	1
G698	G2920	1
G1986	G2365	1
G275	G835	1
G515	G2496	1
G624	G2937	1
G1334	G2724	1
G511	G554	1
G1499	G2899	1
G554	G2191	1
G1116	G2435	1
G94	G2503	1
G1726	G2121	1
G188	G1315	1
G2435	G2769	1
G2119	G2528	1
G1053	G2465	1
G1912	G2405	1
G574	G1116	1
G1640	G1953	1
G879	G2553	1
G324	G802	1
G364	G2789	1
G1499	G2250	1
G650	G1014	1
G834	G2681	1
G899	G1007	1
G2682	G2766	1
G1412	G2172	1
G1112	G2327	1
G141	G715	1
G806	G2369	1
G986	G2500	1
G2188	G2780	1
G851	G2241	1
G1666	G2471	1
G1441	G2471	1
G1893	G2769	1
G696	G2465	1
G868	G2412	1
G1677	G2462	1
G226	G1268	1
G122	G2682	1
G2667	G2924	1
G2013	G2235	1
G1112	G1953	1
G2676	G2979	1
G596	G2236	1
G806	G1681	1
G1099	G1816	1
G521	G2380	1
G729	G1250	1
G806	G2738	1
G899	G2597	1
G1455	G2040	1
G157	G1612	1
G2092	G2798	1
G149	G1460	1
G826	G1772	1
G1099	G1218	1
G2063	G2865	1
G159	G1204	1
G1893	G1901	1
G1099	G2568	1
G1513	G1554	1
G600	G2327	1
G1218	G2355	1
G1289	G1871	1
G1878	G2342	1
G525	G1628	1
G1473	G2210	1
G1666	G2103	1
G1606	G1850	1
G306	G2180	1
G36	G2063	1
G1543	G1741	1
G694	G2210	1
G770	G1934	1
G1112	G2988	1
G506	G715	1
G923	G2366	1
G596	G2418	1
G2162	G2497	1
G600	G1953	1
G1543	G1855	1
G11	G1187	1
G127	G426	1
G955	G987	1
G245	G2963	1
G216	G1228	1
G278	G1806	1
G781	G1446	1
G1252	G2044	1
G266	G2822	1
G233	G2769	1
G963	G1827	1
G362	G2073	1
G1286	G1333	1
G1332	G1645	1
G2232	G2766	1
G2447	G2843	1
G1438	G1636	1
G150	G660	1
G194	G691	1
G927	G2972	1
G676	G1735	1
G1598	G1738	1
G120	G1264	1
G462	G2447	1
G470	G2525	1
G36	G514	1
G967	G1550	1
G2949	G2979	1
G642	G1332	1
G177	G1576	1
G197	G1099	1
G600	G2988	1
G1850	G2467	1
G126	G1452	1
G776	G1520	1
G1923	G2790	1
G1398	G2810	1
G808	G1561	1
G853	G2736	1
G474	G2176	1
G642	G801	1
G865	G925	1
G1335	G1550	1
G2738	G2972	1
G36	G2776	1
G1382	G2188	1
G1376	G2864	1
G1315	G2181	1
G200	G2734	1
G1870	G2381	1
G715	G2843	1
G1857	G2142	1
G2425	G2689	1
G2493	G2746	1
G823	G2405	1
G353	G2368	1
G774	G2369	1
G2676	G2730	1
G1562	G2263	1
G1568	G1629	1
G80	G1963	1
G2799	G2919	1
G24	G199	1
G958	G2191	1
G742	G746	1
G2208	G2465	1
G177	G2977	1
G497	G1948	1
G1004	G2865	1
G412	G2774	1
G1419	G2381	1
G933	G1542	1
G1010	G2557	1
G1130	G1316	1
G774	G1681	1
G462	G1441	1
G587	G1319	1
G586	G1521	1
G1329	G1372	1
G842	G2327	1
G1039	G1681	1
G1496	G2988	1
G2682	G2988	1
G1245	G2720	1
G275	G1948	1
G344	G1268	1
G1070	G1875	1
G1008	G2188	1
G1140	G2485	1
G1525	G1543	1
G960	G1783	1
G360	G865	1
G332	G2977	1
G801	G1723	1
G758	G2655	1
G1576	G1978	1
G1293	G2357	1
G2068	G2435	1
G2849	G2859	1
G1335	G2784	1
G1654	G2490	1
G1013	G2662	1
G1997	G2063	1
G572	G891	1
G2108	G2433	1
G2317	G2817	1
G475	G999	1
G1870	G2162	1
G267	G956	1
G2467	G2591	1
G931	G2206	1
G2373	G2606	1
G281	G426	1
G1763	G2762	1
G315	G660	1
G163	G1397	1
G1264	G1513	1
G169	G577	1
G1554	G2312	1
G1901	G2941	1
G1701	G1823	1
G18	G1193	1
G1419	G2162	1
G542	G2238	1
G1836	G2166	1
G1112	G2949	1
G1123	G1793	1
G1455	G1932	1
G964	G1748	1
G1562	G2118	1
G1407	G1465	1
G2365	G2838	1
G1963	G2843	1
G75	G574	1
G1666	G1975	1
G1850	G2352	1
G899	G1858	1
G1866	G2177	1
G306	G433	1
G2433	G2734	1
G444	G2570	1
G1335	G2769	1
G2051	G2263	1
G2623	G2998	1
G1550	G2979	1
G454	G2073	1
G899	G2721	1
G1606	G2040	1
G1066	G1542	1
G410	G2538	1
G1152	G1452	1
G1384	G2821	1
G2118	G2341	1
G1130	G2789	1
G1455	G2724	1
G364	G2674	1
G1492	G1697	1
G49	G1564	1
G2467	G2676	1
G600	G963	1
G266	G610	1
G1997	G2776	1
G2015	G2480	1
G2166	G2214	1
G364	G1083	1
G1622	G2769	1
G1320	G1747	1
G1255	G1751	1
G2447	G2849	1
G1335	G1901	1
G199	G426	1
G151	G1688	1
G1445	G2768	1
G2274	G2447	1
G2405	G2618	1
G2365	G2369	1
G694	G2421	1
G2359	G2432	1
G1168	G2547	1
G362	G2597	1
G1418	G2496	1
G2232	G2523	1
G2385	G2846	1
G923	G2017	1
G516	G2273	1
G1645	G2166	1
G2103	G2540	1
G2814	G2924	1
G715	G2849	1
G586	G2121	1
G2232	G2291	1
G456	G1316	1
G859	G2697	1
G1916	G2435	1
G1893	G2570	1
G1320	G2591	1
G960	G2924	1
G982	G1757	1
G475	G1827	1
G1870	G2462	1
G1329	G2693	1
G1735	G1992	1
G2681	G2685	1
G774	G2440	1
G924	G1093	1
G1106	G1133	1
G2046	G2570	1
G1758	G2381	1
G899	G2591	1
G1671	G1948	1
G425	G2881	1
G1671	G1774	1
G758	G1700	1
G596	G2467	1
G462	G2620	1
G1406	G1551	1
G2789	G2924	1
G1835	G2545	1
G589	G2966	1
G694	G958	1
G733	G2297	1
G1901	G2869	1
G1982	G2933	1
G15	G1372	1
G1218	G2870	1
G102	G310	1
G1419	G2462	1
G476	G1783	1
G1747	G1867	1
G586	G904	1
G1133	G2814	1
G1103	G2838	1
G1589	G2630	1
G193	G1979	1
G663	G758	1
G923	G1916	1
G194	G1500	1
G1116	G1828	1
G882	G1612	1
G1010	G1849	1
G1469	G2721	1
G1793	G2188	1
G2360	G2940	1
G960	G1903	1
G2180	G2648	1
G1726	G2620	1
G758	G1075	1
G514	G2497	1
G1320	G2676	1
G899	G1010	1
G2079	G2437	1
G1429	G2843	1
G629	G2274	1
G1116	G2940	1
G963	G1606	1
G154	G2424	1
G693	G1923	1
G715	G1446	1
G715	G1920	1
G150	G362	1
G2108	G2779	1
G1543	G1726	1
G899	G2676	1
G693	G1524	1
G11	G2869	1
G1013	G2457	1
G157	G2381	1
G1201	G2245	1
G1591	G2736	1
G1211	G2713	1
G366	G1524	1
G577	G1388	1
G1040	G1428	1
G364	G2642	1
G2019	G2654	1
G828	G2230	1
G456	G2789	1
G444	G2441	1
G629	G2693	1
G1963	G2849	1
G1276	G2342	1
G1005	G2331	1
G728	G1320	1
G770	G1585	1
G182	G2939	1
G1918	G2320	1
G2344	G2603	1
G1103	G1681	1
G2083	G2568	1
G2462	G2736	1
G828	G1701	1
G1949	G2191	1
G36	G141	1
G2305	G2808	1
G1042	G1216	1
G882	G2766	1
G660	G1524	1
G2283	G2366	1
G148	G1923	1
G323	G1591	1
G454	G2597	1
G497	G1828	1
G1606	G1932	1
G2013	G2295	1
G1551	G1850	1
G1139	G1869	1
G475	G890	1
G334	G1627	1
G1492	G2069	1
G24	G2970	1
G187	G642	1
G596	G2352	1
G1327	G2013	1
G177	G2327	1
G122	G1329	1
G986	G2847	1
G275	G1828	1
G761	G1082	1
G1606	G2724	1
G305	G2614	1
G1576	G2892	1
G563	G1562	1
G586	G2447	1
G1452	G2341	1
G2154	G2453	1
G2063	G2693	1
G2157	G2170	1
G1382	G2979	1
G1806	G2789	1
G1677	G2232	1
G62	G253	1
G216	G275	1
G466	G1864	1
G1211	G1452	1
G476	G2924	1
G2180	G2365	1
G634	G2919	1
G266	G1780	1
G773	G2682	1
G1753	G1985	1
G1143	G1564	1
G1901	G2137	1
G624	G1610	1
G24	G1561	1
G362	G2721	1
G402	G758	1
G596	G2425	1
G2030	G2264	1
G698	G1795	1
G696	G2970	1
G2103	G2877	1
G1329	G2468	1
G1758	G1966	1
G1106	G1130	1
G126	G586	1
G1316	G1591	1
G306	G2465	1
G1332	G1917	1
G177	G2988	1
G663	G2327	1
G675	G2807	1
G1731	G2819	1
G1870	G2208	1
G1500	G1985	1
G197	G2994	1
G1564	G2389	1
G11	G1106	1
G263	G2177	1
G835	G2274	1
G899	G2191	1
G553	G2193	1
G1827	G1932	1
G531	G1079	1
G1429	G2849	1
G1008	G2170	1
G1335	G2570	1
G1783	G1932	1
G2175	G2869	1
G1383	G1543	1
G625	G2892	1
G622	G1087	1
G796	G2465	1
G620	G2529	1
G553	G863	1
G1611	G1731	1
G1397	G2046	1
G2471	G2514	1
G964	G1700	1
G1827	G2724	1
G402	G2766	1
G890	G1671	1
G2138	G2664	1
G104	G1554	1
G784	G846	1
G335	G1669	1
G1783	G2724	1
G1316	G2622	1
G2553	G2721	1
G157	G2462	1
G625	G1671	1
G802	G1878	1
G827	G1606	1
G1677	G1982	1
G139	G714	1
G2068	G2940	1
G2040	G2825	1
G1216	G2775	1
G1154	G2126	1
G1700	G2843	1
G835	G1562	1
G1329	G2263	1
G880	G2360	1
G2496	G2988	1
G192	G2865	1
G355	G2273	1
G245	G610	1
G1383	G1671	1
G1429	G1446	1
G1098	G1309	1
G1012	G2775	1
G40	G1558	1
G362	G1010	1
G693	G2544	1
G462	G1320	1
G794	G923	1
G995	G1954	1
G216	G2780	1
G1564	G2535	1
G1580	G2244	1
G1546	G2549	1
G703	G1893	1
G1704	G1877	1
G685	G2538	1
G194	G1010	1
G475	G1455	1
G577	G1331	1
G1455	G2355	1
G1333	G1392	1
G1441	G2405	1
G1469	G2191	1
G399	G2502	1
G642	G2040	1
G2553	G2591	1
G140	G1837	1
G157	G806	1
G1610	G2144	1
G2501	G2649	1
G841	G2586	1
G2091	G2608	1
G799	G1573	1
G1681	G2814	1
G402	G2327	1
G2398	G2808	1
G87	G2837	1
G153	G1381	1
G629	G2263	1
G1140	G1278	1
G794	G2346	1
G148	G2544	1
G456	G1083	1
G462	G1741	1
G1412	G1697	1
G283	G2814	1
G923	G1893	1
G1979	G2268	1
G924	G2877	1
G141	G2065	1
G1329	G2118	1
G985	G1390	1
G177	G2949	1
G531	G2038	1
G364	G2780	1
G149	G2921	1
G897	G1508	1
G828	G1751	1
G586	G2620	1
G834	G1979	1
G11	G266	1
G774	G1500	1
G907	G2798	1
G1332	G1524	1
G443	G1090	1
G662	G2600	1
G906	G1580	1
G882	G2381	1
G1916	G2940	1
G889	G2366	1
G106	G2299	1
G817	G2263	1
G1726	G1741	1
G1518	G1956	1
G624	G1099	1
G177	G1989	1
G709	G2232	1
G823	G1452	1
G773	G2812	1
G1668	G2098	1
G154	G1603	1
G2041	G2972	1
G1793	G2170	1
G133	G2210	1
G300	G554	1
G758	G2583	1
G686	G2251	1
G923	G1328	1
G1204	G2013	1
G917	G1313	1
G141	G1093	1
G1152	G2648	1
G2063	G2263	1
G882	G2951	1
G543	G2595	1
G691	G1591	1
G1146	G1887	1
G1334	G1397	1
G40	G2799	1
G1564	G1673	1
G663	G2949	1
G1719	G1748	1
G993	G1329	1
G1551	G2354	1
G87	G423	1
G1903	G2977	1
G1201	G2937	1
G1334	G1870	1
G1452	G2838	1
G402	G2523	1
G657	G744	1
G1076	G1716	1
G266	G1576	1
G391	G789	1
G1518	G2606	1
G1003	G2983	1
G1118	G1793	1
G1264	G2865	1
G642	G2354	1
G714	G2815	1
G175	G2158	1
G964	G2419	1
G1822	G1882	1
G1500	G1554	1
G962	G2297	1
G693	G2790	1
G366	G851	1
G2369	G2789	1
G856	G1222	1
G1564	G2180	1
G907	G2175	1
G622	G1041	1
G1042	G2121	1
G340	G1075	1
G348	G922	1
G111	G2875	1
G936	G2511	1
G1010	G1719	1
G722	G923	1
G135	G2640	1
G691	G2005	1
G947	G1741	1
G256	G1087	1
G1742	G1787	1
G896	G1499	1
G2025	G2846	1
G266	G2977	1
G1418	G1566	1
G1422	G2766	1
G1284	G1651	1
G2238	G2559	1
G1419	G2232	1
G1452	G2369	1
G456	G2642	1
G148	G177	1
G515	G1543	1
G629	G889	1
G1540	G2406	1
G267	G1334	1
G400	G1003	1
G806	G2591	1
G1488	G2080	1
G132	G1278	1
G776	G2149	1
G1671	G1723	1
G2144	G2230	1
G514	G2557	1
G1008	G1508	1
G554	G1596	1
G1687	G2783	1
G1027	G2822	1
G1625	G1723	1
G876	G2869	1
G340	G600	1
G622	G1187	1
G849	G2334	1
G1452	G1681	1
G1473	G1739	1
G2951	G2972	1
G596	G1136	1
G574	G660	1
G148	G2790	1
G495	G2972	1
G99	G2437	1
G1478	G2360	1
G157	G2380	1
G642	G1932	1
G1116	G1383	1
G610	G2274	1
G2597	G2843	1
G199	G1159	1
G391	G897	1
G2009	G2210	1
G806	G1010	1
G1004	G2263	1
G534	G2079	1
G715	G1133	1
G1606	G2355	1
G36	G2798	1
G707	G2868	1
G647	G688	1
G1855	G2241	1
G1303	G1891	1
G141	G923	1
G1339	G2868	1
G1152	G2365	1
G806	G2676	1
G515	G1671	1
G163	G554	1
G476	G2312	1
G1455	G2406	1
G696	G1606	1
G2441	G2869	1
G1058	G2327	1
G433	G2780	1
G192	G1372	1
G539	G574	1
G907	G1806	1
G660	G2838	1
G2041	G2238	1
G107	G960	1
G391	G2686	1
G2525	G2999	1
G762	G2912	1
G858	G2490	1
G1244	G1864	1
G882	G2462	1
G2425	G2736	1
G2784	G2812	1
G85	G2793	1
G693	G1681	1
G662	G1992	1
G851	G1645	1
G402	G2949	1
G1953	G2895	1
G693	G2738	1
G774	G1747	1
G1525	G2859	1
G853	G2865	1
G630	G1446	1
G193	G229	1
G911	G2467	1
G1445	G1700	1
G470	G2966	1
G1701	G2538	1
G366	G2738	1
G923	G2553	1
G1079	G1344	1
G1083	G1098	1
G309	G2114	1
G141	G1543	1
G326	G1344	1
G930	G1038	1
G506	G923	1
G470	G925	1
G194	G2381	1
G2320	G2876	1
G2693	G2834	1
G758	G2514	1
G266	G758	1
G424	G796	1
G613	G1251	1
G1455	G2870	1
G1867	G1923	1
G36	G2175	1
G1920	G2467	1
G374	G2983	1
G1058	G2988	1
G1191	G1261	1
G1446	G1551	1
G1234	G2041	1
G139	G2072	1
G911	G1830	1
G1372	G1953	1
G622	G1329	1
G1130	G2780	1
G660	G1681	1
G1848	G2316	1
G528	G2021	1
G275	G1383	1
G514	G1867	1
G660	G2738	1
G1328	G2789	1
G1687	G2345	1
G801	G2682	1
G1425	G2660	1
G964	G2583	1
G199	G919	1
G187	G1748	1
G421	G2041	1
G1382	G1916	1
G828	G1036	1
G1654	G2921	1
G202	G758	1
G1034	G1525	1
G1835	G2175	1
G423	G1948	1
G586	G2724	1
G2214	G2467	1
G774	G1010	1
G1250	G2320	1
G2822	G2977	1
G2297	G2462	1
G1090	G1187	1
G889	G1916	1
G1997	G2798	1
G2441	G2798	1
G266	G2766	1
G774	G2676	1
G462	G1726	1
G1671	G1720	1
G85	G1772	1
G2103	G2784	1
G1921	G2574	1
G109	G524	1
G577	G2405	1
G629	G2188	1
G2365	G2721	1
G1018	G1871	1
G622	G1191	1
G1604	G2395	1
G2597	G2849	1
G563	G1455	1
G1513	G1774	1
G514	G1849	1
G701	G2612	1
G2642	G2812	1
G1901	G2664	1
G1562	G2366	1
G490	G2877	1
G1152	G1912	1
G882	G2667	1
G1591	G1971	1
G2116	G2946	1
G153	G2908	1
G36	G1806	1
G80	G2312	1
G586	G1741	1
G1320	G2208	1
G211	G2478	1
G515	G1625	1
G1264	G1372	1
G715	G1130	1
G126	G2166	1
G364	G2535	1
G477	G1901	1
G11	G1335	1
G1513	G2564	1
G2103	G2769	1
G36	G266	1
G501	G1222	1
G885	G1863	1
G1790	G1956	1
G139	G1489	1
G693	G2440	1
G1903	G2327	1
G2014	G2434	1
G1139	G2103	1
G1255	G1681	1
G456	G774	1
G40	G197	1
G107	G1550	1
G1427	G2252	1
G596	G600	1
G2478	G2972	1
G1576	G2563	1
G5	G664	1
G2583	G2870	1
G1903	G1953	1
G1806	G2835	1
G1116	G1316	1
G1675	G2355	1
G1446	G2963	1
G1863	G1957	1
G2341	G2812	1
G2365	G2591	1
G739	G1543	1
G75	G2970	1
G739	G2346	1
G157	G1469	1
G574	G760	1
G149	G866	1
G904	G2166	1
G2263	G2622	1
G2180	G2447	1
G2347	G2612	1
G2118	G2597	1
G794	G960	1
G107	G2563	1
G1095	G2944	1
G1612	G2838	1
G443	G456	1
G266	G2327	1
G574	G796	1
G1293	G2416	1
G866	G2245	1
G1496	G1521	1
G1090	G1329	1
G514	G685	1
G1333	G2004	1
G1703	G2347	1
G1639	G2988	1
G1007	G1828	1
G2141	G2802	1
G960	G2713	1
G1422	G2951	1
G1109	G1161	1
G2877	G2924	1
G515	G1445	1
G263	G321	1
G622	G1255	1
G890	G2435	1
G624	G2994	1
G1903	G2988	1
G1418	G1543	1
G466	G1510	1
G1418	G2346	1
G1446	G1963	1
G565	G2212	1
G266	G1953	1
G2297	G2667	1
G625	G2435	1
G1525	G2360	1
G1420	G2478	1
G1095	G2828	1
G1112	G2121	1
G1822	G1905	1
G2365	G2676	1
G676	G934	1
G574	G2553	1
G267	G1112	1
G1422	G2162	1
G558	G960	1
G113	G2597	1
G1332	G2838	1
G433	G2175	1
G1606	G2870	1
G2622	G2768	1
G1903	G2523	1
G334	G1428	1
G1576	G2769	1
G2214	G2425	1
G21	G1947	1
G1719	G1874	1
G1576	G2859	1
G882	G2380	1
G1398	G2025	1
G2563	G2597	1
G1383	G2435	1
G2618	G2738	1
G1242	G2000	1
G456	G622	1
G534	G2551	1
G924	G2784	1
G266	G2988	1
G2072	G2848	1
G216	G1869	1
G940	G1781	1
G1591	G2266	1
G1612	G1681	1
G1806	G2780	1
G934	G1628	1
G2784	G2941	1
G629	G794	1
G1612	G2738	1
G789	G2072	1
G958	G2214	1
G694	G1129	1
G773	G823	1
G1116	G2789	1
G1815	G2184	1
G853	G1372	1
G107	G2769	1
G1939	G2920	1
G1418	G1671	1
G205	G2162	1
G1445	G2972	1
G600	G2121	1
G2306	G2718	1
G1133	G1148	1
G1332	G2369	1
G266	G2523	1
G1901	G1963	1
G113	G1501	1
G828	G1547	1
G2430	G2838	1
G364	G2180	1
G734	G2583	1
G1103	G2591	1
G960	G1452	1
G1520	G1532	1
G6	G1826	1
G159	G2013	1
G2045	G2865	1
G2474	G2836	1
G107	G1901	1
G150	G563	1
G1183	G1842	1
G1332	G1681	1
G1130	G2175	1
G1332	G2738	1
G924	G2769	1
G1473	G2846	1
G1027	G1780	1
G739	G1186	1
G2285	G2292	1
G554	G1957	1
G533	G2449	1
G1935	G2188	1
G331	G1524	1
G1564	G2465	1
G1397	G1480	1
G755	G2812	1
G36	G2138	1
G456	G1836	1
G1716	G1761	1
G660	G691	1
G923	G2341	1
G1310	G1606	1
G924	G1901	1
G233	G2470	1
G629	G1116	1
G1158	G2396	1
G1422	G2462	1
G1635	G1742	1
G1908	G2607	1
G1143	G1513	1
G2437	G2955	1
G1849	G1957	1
G251	G1108	1
G1331	G2369	1
G994	G2032	1
G701	G1203	1
G108	G1646	1
G102	G435	1
G1090	G1255	1
G1863	G2736	1
G461	G773	1
G813	G2192	1
G1903	G2949	1
G1524	G2423	1
G1106	G1591	1
G1278	G1403	1
G853	G2274	1
G1331	G1681	1
G1090	G2869	1
G572	G2799	1
G187	G1700	1
G475	G642	1
G1382	G1893	1
G1671	G1986	1
G1331	G2738	1
G425	G2812	1
G897	G2300	1
G1446	G1719	1
G1774	G2014	1
G2195	G2224	1
G547	G730	1
G1365	G1901	1
G758	G835	1
G2603	G2768	1
G1112	G2447	1
G514	G924	1
G1383	G1997	1
G2118	G2721	1
G482	G534	1
G2597	G2762	1
G122	G1551	1
G524	G1923	1
G794	G2563	1
G2157	G2320	1
G563	G1387	1
G1436	G2688	1
G534	G2273	1
G2738	G2940	1
G267	G977	1
G851	G2581	1
G956	G2620	1
G163	G306	1
G554	G1053	1
G1027	G2092	1
G1320	G2723	1
G1502	G2958	1
G266	G2949	1
G2405	G2553	1
G122	G685	1
G399	G1475	1
G809	G2642	1
G1210	G1948	1
G1982	G2341	1
G964	G1445	1
G1106	G2005	1
G1335	G2430	1
G931	G1723	1
G1106	G2622	1
G1112	G2451	1
G426	G1136	1
G899	G2723	1
G1554	G2365	1
G794	G2784	1
G2865	G2972	1
G934	G2083	1
G2103	G2570	1
G1327	G1833	1
G691	G1211	1
G882	G2232	1
G1978	G2144	1
G600	G2447	1
G629	G2979	1
G2822	G2988	1
G126	G1554	1
G629	G2618	1
G1719	G2972	1
G393	G2525	1
G2108	G2142	1
G2157	G2300	1
G1566	G2828	1
G1286	G2449	1
G150	G960	1
G1475	G1900	1
G2341	G2941	1
G444	G1863	1
G1044	G2345	1
G462	G663	1
G1191	G1473	1
G193	G1968	1
G630	G2865	1
G2563	G2721	1
G306	G1606	1
G1850	G2514	1
G907	G1429	1
G141	G192	1
G410	G2983	1
G1207	G2268	1
G456	G2882	1
G1008	G2320	1
G331	G809	1
G433	G2180	1
G596	G2583	1
G675	G1586	1
G1576	G2360	1
G1012	G1289	1
G2584	G2793	1
G11	G157	1
G685	G1957	1
G2118	G2591	1
G801	G1329	1
G600	G2451	1
G896	G1787	1
G794	G2769	1
G148	G2092	1
G919	G1433	1
G1422	G2667	1
G191	G1574	1
G734	G2514	1
G475	G2758	1
G1109	G2433	1
G132	G2948	1
G391	G2083	1
G796	G1606	1
G506	G960	1
G2068	G2449	1
G1496	G2447	1
G826	G2293	1
G506	G616	1
G1320	G1418	1
G2858	G2932	1
G739	G967	1
G2815	G2991	1
G516	G2793	1
G2588	G2973	1
G216	G1835	1
G835	G1116	1
G278	G2528	1
G1038	G1092	1
G911	G2655	1
G1948	G2838	1
G642	G958	1
G554	G2736	1
G1975	G2924	1
G1008	G2300	1
G192	G889	1
G529	G1020	1
G810	G2662	1
G275	G514	1
G794	G1901	1
G2206	G2877	1
G250	G1559	1
G1133	G2599	1
G1320	G1564	1
G693	G1500	1
G1320	G1525	1
G1090	G1106	1
G2275	G2327	1
G558	G2769	1
G139	G891	1
G1388	G2443	1
G1090	G2137	1
G1524	G2849	1
G899	G1564	1
G266	G1218	1
G300	G454	1
G514	G1719	1
G882	G1982	1
G433	G2138	1
G1648	G2597	1
G1907	G1923	1
G899	G1525	1
G2894	G2958	1
G1806	G2283	1
G2563	G2591	1
G828	G2369	1
G456	G2535	1
G1130	G2180	1
G2098	G2572	1
G348	G2689	1
G1849	G2736	1
G133	G1686	1
G1948	G2369	1
G1035	G1985	1
G2369	G2780	1
G331	G2544	1
G107	G529	1
G1152	G2447	1
G1329	G2366	1
G1492	G2833	1
G16	G1608	1
G2544	G2881	1
G1223	G1550	1
G866	G2937	1
G828	G1681	1
G1747	G2092	1
G107	G2570	1
G165	G2762	1
G610	G2188	1
G149	G1220	1
G402	G2232	1
G1719	G2583	1
G393	G1205	1
G364	G1835	1
G157	G576	1
G505	G1695	1
G823	G1912	1
G148	G1500	1
G634	G1261	1
G890	G1828	1
G388	G1330	1
G231	G1365	1
G1305	G1695	1
G122	G1963	1
G851	G1923	1
G758	G1948	1
G474	G564	1
G106	G2861	1
G475	G2768	1
G187	G2419	1
G511	G1849	1
G885	G2736	1
G1916	G2789	1
G890	G2940	1
G490	G2784	1
G934	G1118	1
G1223	G2563	1
G835	G2979	1
G755	G2941	1
G2822	G2949	1
G1953	G2544	1
G470	G2589	1
G1524	G1920	1
G1231	G2638	1
G966	G1132	1
G1112	G2620	1
G11	G848	1
G770	G2398	1
G1152	G1441	1
G586	G2275	1
G1220	G1704	1
G1422	G2380	1
G1452	G2721	1
G2238	G2638	1
G1382	G2553	1
G36	G1429	1
G1671	G2063	1
G525	G2568	1
G374	G2865	1
G215	G1799	1
G586	G931	1
G1243	G2497	1
G1316	G1645	1
G80	G1452	1
G144	G826	1
G859	G989	1
G1920	G1985	1
G1561	G2238	1
G141	G150	1
G1133	G1455	1
G1591	G2274	1
G1199	G1251	1
G2597	G2865	1
G1971	G2045	1
G141	G2563	1
G962	G2211	1
G1208	G2432	1
G197	G1978	1
G563	G899	1
G899	G2214	1
G826	G1919	1
G258	G1836	1
G335	G2377	1
G1793	G2320	1
G1375	G2779	1
G2366	G2758	1
G2365	G2823	1
G391	G1118	1
G710	G1135	1
G353	G2418	1
G600	G2620	1
G187	G2972	1
G421	G1965	1
G755	G2497	1
G1934	G2999	1
G1505	G1847	1
G801	G2869	1
G493	G1055	1
G1116	G2642	1
G685	G2736	1
G2092	G2405	1
G663	G801	1
G596	G2514	1
G1508	G2144	1
G1877	G2230	1
G1223	G2769	1
G2586	G2719	1
G1010	G1576	1
G882	G1332	1
G685	G1261	1
G1917	G2766	1
G2256	G2358	1
G490	G1901	1
G958	G2736	1
G1255	G1500	1
G733	G2467	1
G64	G2230	1
G435	G2316	1
G1441	G2467	1
G993	G1551	1
G958	G1261	1
G1585	G2047	1
G462	G2881	1
G364	G1027	1
G456	G2180	1
G517	G2731	1
G1452	G2591	1
G1793	G2300	1
G194	G2086	1
G482	G1881	1
G1375	G1857	1
G1867	G2440	1
G1742	G2741	1
G521	G1803	1
G736	G2919	1
G2320	G2799	1
G1253	G2549	1
G1223	G1901	1
G11	G364	1
G2118	G2441	1
G2063	G2366	1
G1010	G2977	1
G421	G1427	1
G1699	G1961	1
G955	G1231	1
G354	G2812	1
G693	G1747	1
G402	G462	1
G141	G2769	1
G574	G2540	1
G1139	G1884	1
G773	G1867	1
G1927	G2181	1
G955	G1159	1
G2263	G2366	1
G1205	G2098	1
G456	G722	1
G610	G794	1
G506	G2784	1
G273	G2182	1
G1027	G1612	1
G1473	G1651	1
G1140	G2342	1
G2819	G2851	1
G715	G1098	1
G416	G2657	1
G1452	G2676	1
G668	G753	1
G536	G1819	1
G1335	G1863	1
G444	G2522	1
G933	G2469	1
G736	G2538	1
G956	G1741	1
G1953	G2790	1
G1222	G2374	1
G141	G1997	1
G1577	G1835	1
G876	G1963	1
G1550	G2045	1
G1806	G2180	1
G1542	G2348	1
G1848	G2317	1
G444	G629	1
G194	G1418	1
G309	G2561	1
G960	G2648	1
G879	G2441	1
G281	G2681	1
G1429	G2468	1
G315	G2597	1
G773	G1849	1
G824	G1953	1
G1211	G2447	1
G1835	G2368	1
G709	G2724	1
G533	G1518	1
G834	G1968	1
G194	G1564	1
G456	G574	1
G87	G1445	1
G1774	G2693	1
G435	G799	1
G194	G1525	1
G1422	G2232	1
G355	G2793	1
G1222	G1475	1
G1525	G1659	1
G1139	G1606	1
G1806	G1869	1
G148	G1612	1
G322	G912	1
G801	G1106	1
G773	G876	1
G2465	G2940	1
G75	G738	1
G610	G1116	1
G1027	G2766	1
G964	G1948	1
G216	G2471	1
G366	G1010	1
G1564	G2970	1
G1268	G2671	1
G402	G801	1
G433	G894	1
G506	G1997	1
G408	G2591	1
G558	G2570	1
G1963	G2118	1
G2730	G2988	1
G586	G1397	1
G2188	G2405	1
G331	G1681	1
G1261	G2049	1
G514	G610	1
G2138	G2977	1
G586	G1870	1
G391	G1512	1
G180	G1693	1
G947	G1662	1
G425	G823	1
G640	G1122	1
G283	G2599	1
G199	G2681	1
G660	G1010	1
G734	G835	1
G551	G593	1
G1580	G2046	1
G1500	G2564	1
G2854	G3000	1
G708	G2638	1
G1235	G2951	1
G2274	G2881	1
G1136	G1806	1
G1099	G2144	1
G128	G375	1
G283	G993	1
G153	G1671	1
G1994	G2991	1
G258	G2535	1
G1521	G2563	1
G1489	G2080	1
G1069	G1265	1
G1419	G1446	1
G120	G2814	1
G2089	G2244	1
G525	G2350	1
G1798	G2482	1
G433	G1027	1
G192	G794	1
G450	G1040	1
G904	G2514	1
G722	G2360	1
G272	G2572	1
G729	G2080	1
G903	G1586	1
G1112	G2724	1
G475	G1748	1
G1143	G2865	1
G1564	G1827	1
G2779	G2873	1
G987	G1554	1
G226	G770	1
G1130	G1429	1
G1422	G1982	1
G1452	G2191	1
G960	G2365	1
G2222	G2919	1
G715	G1591	1
G1573	G2255	1
G278	G533	1
G610	G2979	1
G1223	G2360	1
G1419	G2323	1
G610	G2618	1
G13	G496	1
G542	G1179	1
G1058	G1422	1
G1542	G2685	1
G296	G856	1
G353	G2467	1
G596	G1515	1
G2045	G2468	1
G2398	G2739	1
G213	G2041	1
G197	G2892	1
G354	G1329	1
G878	G2438	1
G1932	G2869	1
G629	G1916	1
G1286	G1518	1
G139	G2876	1
G1822	G2131	1
G364	G2103	1
G703	G2073	1
G826	G2437	1
G1157	G1934	1
G1600	G2652	1
G490	G2570	1
G1016	G2876	1
G1093	G2065	1
G2222	G2538	1
G1112	G1741	1
G1237	G2188	1
G1044	G2427	1
G1394	G1881	1
G1429	G2118	1
G1116	G2780	1
G699	G2925	1
G278	G1013	1
G817	G1916	1
G2721	G2972	1
G1747	G2766	1
G1112	G1855	1
G2206	G2563	1
G283	G1455	1
G1978	G2222	1
G889	G2341	1
G907	G1331	1
G205	G596	1
G609	G852	1
G681	G1301	1
G1099	G2355	1
G1412	G2833	1
G770	G2172	1
G851	G2790	1
G2431	G2683	1
G1521	G1997	1
G923	G2073	1
G48	G1833	1
G2312	G2418	1
G2283	G2838	1
G2977	G2988	1
G809	G2882	1
G806	G1617	1
G2175	G2924	1
G543	G1344	1
G1797	G2493	1
G365	G1952	1
G2514	G2790	1
G600	G1741	1
G529	G574	1
G344	G656	1
G1624	G2136	1
G2173	G2931	1
G106	G2537	1
G393	G613	1
G231	G2092	1
G1319	G1333	1
G1293	G2181	1
G582	G1282	1
G141	G529	1
G600	G1855	1
G1010	G2327	1
G1628	G2875	1
G882	G1850	1
G1738	G2841	1
G505	G2771	1
G194	G703	1
G487	G1169	1
G1157	G1864	1
G2283	G2369	1
G1012	G1136	1
G715	G2241	1
G353	G2352	1
G596	G835	1
G1332	G1747	1
G1554	G2447	1
G149	G736	1
G153	G1625	1
G1010	G1953	1
G1090	G1335	1
G579	G735	1
G1538	G2882	1
G150	G2570	1
G1090	G1551	1
G2177	G2692	1
G1004	G2017	1
G577	G2467	1
G2206	G2769	1
G1617	G2440	1
G344	G770	1
G569	G853	1
G1806	G2217	1
G1806	G1835	1
G2514	G2838	1
G734	G1948	1
G192	G2979	1
G1201	G1390	1
G842	G2724	1
G1963	G2622	1
G1505	G1916	1
G1152	G1320	1
G1948	G2597	1
G1627	G2047	1
G275	G2780	1
G479	G541	1
G899	G2736	1
G960	G1912	1
G572	G1191	1
G577	G586	1
G890	G1383	1
G1774	G2263	1
G1761	G2058	1
G758	G1723	1
G858	G2270	1
G1237	G2815	1
G92	G609	1
G823	G1441	1
G1315	G2068	1
G828	G1944	1
G99	G901	1
G2266	G2425	1
G1332	G2591	1
G2073	G2312	1
G1134	G1551	1
G866	G1610	1
G1010	G2988	1
G2162	G2977	1
G539	G755	1
G200	G482	1
G1093	G1924	1
G1912	G2583	1
G421	G2606	1
G426	G2041	1
G405	G755	1
G353	G2425	1
G2232	G2724	1
G693	G2381	1
G1550	G2877	1
G563	G1382	1
G964	G1828	1
G1004	G1916	1
G1042	G1243	1
G758	G1090	1
G1527	G1674	1
G851	G2738	1
G1010	G2523	1
G344	G1006	1
G1382	G2540	1
G1187	G2553	1
G1320	G2843	1
G2258	G2496	1
G964	G2940	1
G2214	G2583	1
G433	G2103	1
G1923	G2086	1
G2168	G2664	1
G1027	G2951	1
G678	G1735	1
G703	G2597	1
G36	G1331	1
G187	G521	1
G2496	G2620	1
G1332	G2676	1
G1357	G1952	1
G1681	G2068	1
G2430	G2591	1
G256	G2664	1
G161	G2069	1
G1429	G1591	1
G923	G1007	1
G2138	G2327	1
G774	G1564	1
G266	G1422	1
G335	G2738	1
G1282	G2784	1
G400	G2380	1
G774	G1525	1
G266	G625	1
G858	G866	1
G563	G715	1
G641	G1992	1
G2603	G2644	1
G456	G2465	1
G266	G462	1
G148	G2381	1
G187	G1445	1
G1039	G1564	1
G1749	G2317	1
G1331	G2591	1
G2092	G2713	1
G951	G1311	1
G258	G2814	1
G1250	G1398	1
G1419	G2210	1
G693	G2162	1
G934	G2044	1
G2025	G2300	1
G533	G708	1
G150	G366	1
G286	G2038	1
G1564	G1606	1
G1190	G2667	1
G964	G1330	1
G1823	G2693	1
G923	G2597	1
G1856	G2609	1
G656	G1934	1
G1140	G2588	1
G629	G660	1
G1232	G2374	1
G1748	G2447	1
G2047	G2981	1
G113	G1168	1
G159	G1833	1
G1446	G1576	1
G1429	G2622	1
G1130	G2103	1
G1090	G2963	1
G64	G897	1
G2121	G2798	1
G2523	G2798	1
G733	G2655	1
G149	G2144	1
G132	G426	1
G682	G764	1
G1456	G2876	1
G213	G2375	1
G405	G1455	1
G963	G2419	1
G1224	G2004	1
G2220	G2576	1
G714	G1654	1
G1331	G2676	1
G139	G1694	1
G1508	G2222	1
G1912	G2206	1
G2738	G2789	1
G1448	G2469	1
G1907	G2638	1
G2538	G2846	1
G773	G1719	1
G75	G642	1
G1748	G2451	1
G391	G2044	1
G148	G2162	1
G257	G2545	1
G2103	G2430	1
G1159	G1406	1
G1828	G2822	1
G1320	G2983	1
G1090	G1963	1
G126	G187	1
G1316	G1524	1
G2083	G2144	1
G1116	G2283	1
G1313	G2991	1
G307	G1136	1
G80	G2365	1
G596	G1948	1
G810	G2505	1
G2341	G2664	1
G1328	G2180	1
G46	G1231	1
G899	G2983	1
G1010	G2949	1
G394	G978	1
G883	G2314	1
G266	G801	1
G1691	G2201	1
G2190	G2474	1
G629	G1893	1
G2525	G2969	1
G1255	G2381	1
G423	G2063	1
G1605	G2390	1
G450	G2980	1
G1388	G2988	1
G1858	G2263	1
G1982	G2597	1
G2440	G2462	1
G963	G2972	1
G1027	G2462	1
G1847	G2645	1
G1591	G2188	1
G856	G1229	1
G1948	G2721	1
G1903	G2121	1
G1006	G1251	1
G1303	G2019	1
G2162	G2766	1
G112	G1933	1
G693	G2462	1
G1320	G1513	1
G1562	G2341	1
G1320	G2849	1
G1337	G2497	1
G1916	G2780	1
G2354	G2712	1
G733	G1985	1
G149	G2276	1
G2713	G2877	1
G1211	G1320	1
G896	G2741	1
G899	G1513	1
G1747	G2949	1
G205	G576	1
G475	G2791	1
G1541	G2774	1
G890	G1316	1
G750	G811	1
G710	G1838	1
G1191	G2229	1
G1787	G1984	1
G362	G2317	1
G1997	G2924	1
G362	G2736	1
G629	G1328	1
G2441	G2924	1
G374	G2263	1
G939	G2149	1
G1561	G1570	1
G625	G1316	1
G1473	G1488	1
G1953	G2092	1
G177	G1932	1
G1849	G2865	1
G159	G516	1
G1543	G2941	1
G226	G845	1
G673	G1262	1
G694	G1488	1
G801	G1335	1
G15	G2401	1
G801	G1551	1
G1488	G2009	1
G1617	G2092	1
G1758	G2210	1
G907	G2405	1
G1719	G1948	1
G275	G2175	1
G1687	G1834	1
G612	G1140	1
G514	G1576	1
G433	G1331	1
G736	G1523	1
G1244	G2398	1
G2383	G2474	1
G2768	G2780	1
G148	G2462	1
G177	G2724	1
G2961	G2991	1
G2472	G2886	1
G517	G2743	1
G1513	G2682	1
G600	G956	1
G1090	G1419	1
G891	G2230	1
G853	G2979	1
G809	G2814	1
G1985	G2924	1
G529	G2465	1
G733	G962	1
G1801	G1926	1
G2041	G2251	1
G875	G1985	1
G1806	G2471	1
G2312	G2352	1
G694	G2230	1
G1099	G1870	1
G1551	G1591	1
G1985	G2297	1
G2138	G2949	1
G693	G806	1
G331	G1500	1
G514	G2977	1
G2175	G2312	1
G1480	G1783	1
G1006	G2968	1
G207	G2467	1
G1110	G1586	1
G1313	G1823	1
G2553	G2736	1
G663	G1932	1
G1591	G2395	1
G2162	G2327	1
G923	G2721	1
G694	G1701	1
G1120	G1428	1
G144	G2108	1
G1269	G2270	1
G1099	G2222	1
G194	G2843	1
G610	G1916	1
G486	G2412	1
G827	G2419	1
G422	G2131	1
G1103	G1525	1
G1948	G2676	1
G306	G1381	1
G1671	G2798	1
G586	G1112	1
G1027	G2667	1
G2352	G2622	1
G374	G2105	1
G882	G1446	1
G1806	G2103	1
G414	G955	1
G1499	G1799	1
G1551	G2622	1
G1229	G2331	1
G2273	G2551	1
G153	G2435	1
G148	G806	1
G462	G2682	1
G521	G592	1
G24	G426	1
G556	G2837	1
G426	G834	1
G1152	G1726	1
G2390	G2474	1
G443	G1806	1
G1383	G2789	1
G685	G2865	1
G85	G2293	1
G1141	G2973	1
G1445	G1828	1
G2406	G2453	1
G2230	G2815	1
G107	G880	1
G883	G2739	1
G691	G1524	1
G393	G2990	1
G46	G278	1
G1112	G1243	1
G1116	G2180	1
G2464	G2690	1
G1065	G1525	1
G1525	G2642	1
G1123	G2025	1
G1155	G2255	1
G2471	G2776	1
G139	G456	1
G344	G845	1
G80	G267	1
G340	G1723	1
G696	G1700	1
G693	G2208	1
G2043	G2367	1
G2520	G2938	1
G808	G2238	1
G36	G2405	1
G1205	G1697	1
G629	G2553	1
G697	G2119	1
G1004	G1328	1
G1508	G2296	1
G1654	G2827	1
G2073	G2713	1
G475	G2972	1
G1112	G2834	1
G2435	G2814	1
G721	G2532	1
G1964	G2526	1
G514	G758	1
G1143	G2468	1
G1971	G2769	1
G543	G1079	1
G882	G1288	1
G283	G899	1
G801	G1963	1
G809	G2547	1
G624	G2892	1
G1919	G2412	1
G728	G2093	1
G534	G2793	1
G1935	G2320	1
G1378	G2239	1
G245	G1802	1
G1397	G2877	1
G466	G2641	1
G1066	G1878	1
G1863	G2274	1
G656	G1585	1
G569	G715	1
G402	G1932	1
G1040	G1492	1
G1218	G1751	1
G139	G1123	1
G1893	G2814	1
G1027	G2380	1
G2827	G2846	1
G1687	G1861	1
G985	G1793	1
G192	G1916	1
G629	G709	1
G930	G1826	1
G187	G1948	1
G118	G2109	1
G758	G1986	1
G1758	G2421	1
G1550	G2563	1
G1446	G1953	1
G1982	G2591	1
G402	G2724	1
G1916	G2175	1
G1332	G2823	1
G960	G1441	1
G601	G1293	1
G1008	G1398	1
G2612	G2733	1
G200	G2899	1
G194	G1513	1
G755	G1963	1
G194	G2849	1
G1916	G2283	1
G1387	G2780	1
G851	G1749	1
G331	G1747	1
G734	G1090	1
G622	G2924	1
G1550	G2784	1
G1133	G1480	1
G398	G1920	1
G1513	G2812	1
G181	G1276	1
G1894	G2115	1
G1143	G2263	1
G1671	G1806	1
G964	G1383	1
G1220	G1758	1
G852	G2662	1
G1857	G2013	1
G552	G2928	1
G323	G2838	1
G421	G2887	1
G364	G1606	1
G577	G2166	1
G1446	G2988	1
G1251	G2047	1
G1554	G1741	1
G85	G1919	1
G1251	G1339	1
G1662	G2645	1
G1236	G1933	1
G1099	G1334	1
G2682	G2834	1
G66	G1136	1
G2107	G2961	1
G2426	G2766	1
G1133	G1152	1
G880	G1030	1
G1406	G2365	1
G1876	G2128	1
G642	G773	1
G2381	G2686	1
G2162	G2949	1
G936	G2684	1
G1591	G2979	1
G1719	G1828	1
G2497	G2597	1
G889	G2073	1
G139	G2799	1
G1901	G1953	1
G1997	G2405	1
G2865	G2940	1
G534	G1772	1
G842	G931	1
G1007	G2835	1
G425	G1963	1
G931	G1329	1
G1171	G2443	1
G1375	G2142	1
G1550	G2769	1
G2766	G2881	1
G2535	G2939	1
G897	G1877	1
G385	G2789	1
G1719	G2940	1
G750	G1953	1
G1550	G2859	1
G1016	G2799	1
G1170	G2914	1
G194	G1446	1
G851	G1500	1
G1006	G2302	1
G1040	G1157	1
G745	G2094	1
G1030	G2983	1
G673	G1082	1
G1597	G1992	1
G199	G2449	1
G2295	G2551	1
G1224	G2464	1
G694	G1751	1
G569	G2971	1
G770	G1697	1
G2462	G2979	1
G462	G2812	1
G482	G2412	1
G1112	G1397	1
G1901	G2988	1
G1550	G1901	1
G157	G958	1
G331	G2676	1
G934	G2848	1
G1112	G1870	1
G2180	G2881	1
G828	G2381	1
G283	G827	1
G554	G2274	1
G1316	G2838	1
G2433	G2899	1
G923	G2191	1
G2244	G2825	1
G514	G2327	1
G1099	G2296	1
G1143	G2118	1
G868	G2235	1
G107	G1863	1
G1205	G2069	1
G1747	G2380	1
G691	G2544	1
G426	G1965	1
G353	G2825	1
G1012	G2041	1
G1328	G2465	1
G723	G2815	1
G514	G1953	1
G426	G1570	1
G1452	G2723	1
G1235	G1332	1
G846	G2347	1
G1683	G2255	1
G600	G1397	1
G1264	G1916	1
G1244	G2172	1
G1007	G2780	1
G827	G1671	1
G736	G1261	1
G11	G1452	1
G600	G1870	1
G456	G1827	1
G1867	G2162	1
G1953	G2766	1
G1316	G2369	1
G2467	G2865	1
G596	G1723	1
G962	G1985	1
G426	G2115	1
G806	G2983	1
G610	G1893	1
G1828	G2092	1
G934	G2568	1
G1979	G2850	1
G305	G338	1
G1090	G2924	1
G755	G1719	1
G1932	G2963	1
G475	G1671	1
G934	G1966	1
G2092	G2648	1
G514	G2988	1
G879	G1863	1
G2355	G2381	1
G1316	G1681	1
G1316	G2738	1
G572	G934	1
G231	G2949	1
G1735	G1842	1
G1849	G2693	1
G267	G1867	1
G596	G1090	1
G885	G2274	1
G1696	G2876	1
G157	G1130	1
G1008	G1877	1
G2412	G2433	1
G1335	G2814	1
G963	G1445	1
G516	G1833	1
G1223	G2430	1
G2232	G2870	1
G1823	G2188	1
G703	G1282	1
G902	G2758	1
G1289	G2460	1
G354	G1335	1
G551	G916	1
G889	G1007	1
G2713	G2784	1
G866	G1390	1
G1932	G1963	1
G1837	G2115	1
G1090	G1903	1
G806	G2849	1
G955	G2685	1
G758	G2063	1
G1455	G1645	1
G1027	G1469	1
G1083	G1524	1
G270	G1358	1
G674	G1971	1
G2327	G2892	1
G153	G1828	1
G391	G1966	1
G425	G1719	1
G1916	G2180	1
G192	G660	1
G801	G848	1
G2869	G2972	1
G306	G423	1
G1332	G2208	1
G1218	G1524	1
G443	G1551	1
G1452	G1564	1
G931	G2869	1
G153	G2940	1
G889	G2597	1
G1452	G1525	1
G885	G1562	1
G2547	G2682	1
G1923	G2843	1
G57	G2427	1
G923	G1282	1
G2435	G2465	1
G817	G1433	1
G1320	G2865	1
G1855	G2790	1
G307	G2238	1
G187	G1828	1
G1867	G2462	1
G2283	G2591	1
G2713	G2859	1
G257	G1630	1
G1433	G2638	1
G899	G2865	1
G1155	G2429	1
G1383	G2642	1
G11	G963	1
G340	G918	1
G958	G2274	1
G853	G1916	1
G80	G2447	1
G1163	G1439	1
G691	G2790	1
G1741	G1923	1
G1774	G2730	1
G770	G2069	1
G789	G2799	1
G693	G1617	1
G1139	G2425	1
G2103	G2522	1
G340	G1103	1
G774	G2983	1
G1196	G2692	1
G148	G1469	1
G275	G1835	1
G444	G1139	1
G1382	G2769	1
G1524	G2118	1
G2092	G2365	1
G12	G674	1
G80	G1554	1
G194	G2762	1
G511	G2977	1
G1550	G2360	1
G1372	G1741	1
G685	G2693	1
G213	G349	1
G1968	G2039	1
G1747	G2232	1
G521	G1068	1
G1081	G1580	1
G801	G1783	1
G36	G674	1
G958	G2693	1
G2063	G2341	1
G653	G965	1
G2063	G2364	1
G882	G1133	1
G1742	G2734	1
G2317	G2821	1
G374	G1116	1
G1591	G2031	1
G85	G2437	1
G148	G1982	1
G824	G2121	1
G1424	G1739	1
G691	G2838	1
G364	G1401	1
G514	G2949	1
G1525	G1836	1
G1944	G2085	1
G433	G2026	1
G177	G931	1
G410	G493	1
G2263	G2341	1
G967	G2547	1
G418	G2937	1
G1394	G2412	1
G408	G1418	1
G475	G1625	1
G644	G2751	1
G340	G456	1
G1554	G1726	1
G1903	G1932	1
G77	G2743	1
G403	G2719	1
G1039	G1513	1
G1335	G2547	1
G1039	G2849	1
G1452	G2214	1
G122	G1953	1
G148	G596	1
G275	G1429	1
G529	G1827	1
G1869	G2425	1
G660	G1564	1
G1956	G2606	1
G139	G197	1
G851	G2676	1
G462	G2941	1
G2056	G2115	1
G1666	G2514	1
G108	G298	1
G283	G1152	1
G1441	G2514	1
G1903	G2724	1
G2412	G2779	1
G1397	G1550	1
G1793	G1877	1
G331	G2381	1
G2360	G2368	1
G2551	G2873	1
G2514	G2676	1
G1855	G2738	1
G1168	G2944	1
G931	G1106	1
G1042	G1107	1
G834	G2508	1
G2405	G2570	1
G1469	G2266	1
G354	G1963	1
G610	G2553	1
G1924	G2900	1
G663	G958	1
G266	G1932	1
G1726	G2941	1
G283	G1382	1
G904	G1090	1
G353	G2583	1
G691	G1681	1
G799	G1136	1
G663	G931	1
G1270	G1683	1
G1027	G1332	1
G148	G558	1
G691	G2738	1
G866	G1696	1
G1397	G2563	1
G882	G958	1
G774	G1446	1
G36	G2426	1
G834	G1193	1
G2069	G2719	1
G629	G2540	1
G1264	G1640	1
G266	G2724	1
G374	G2979	1
G1953	G2381	1
G1923	G2849	1
G475	G1445	1
G613	G1238	1
G1806	G1884	1
G462	G2497	1
G1488	G1933	1
G1617	G2381	1
G1606	G1645	1
G1797	G2317	1
G2365	G2983	1
G456	G1606	1
G563	G923	1
G1897	G2597	1
G1538	G2351	1
G107	G629	1
G2419	G2798	1
G355	G438	1
G806	G1223	1
G1397	G2784	1
G1010	G1521	1
G149	G2296	1
G964	G2063	1
G2181	G2307	1
G1261	G1763	1
G960	G1320	1
G174	G2591	1
G1849	G2263	1
G283	G715	1
G1313	G2919	1
G1418	G2789	1
G758	G2545	1
G801	G2924	1
G2312	G2825	1
G133	G2230	1
G889	G2721	1
G1726	G2497	1
G1083	G2544	1
G1220	G2946	1
G2919	G2991	1
G1953	G2951	1
G714	G1398	1
G200	G1327	1
G1078	G2112	1
G385	G2642	1
G198	G1050	1
G1966	G2498	1
G865	G2314	1
G1524	G1591	1
G148	G1332	1
G956	G1112	1
G552	G704	1
G1525	G2882	1
G1612	G2723	1
G46	G887	1
G1152	G2881	1
G1542	G1565	1
G1109	G2079	1
G2593	G2964	1
G2736	G2812	1
G762	G1888	1
G1669	G2650	1
G2072	G2210	1
G773	G2977	1
G141	G1064	1
G1397	G2769	1
G563	G1543	1
G801	G1903	1
G1116	G2471	1
G275	G2368	1
G1397	G2859	1
G2426	G2462	1
G466	G1091	1
G1313	G2538	1
G306	G600	1
G444	G2274	1
G2311	G2875	1
G1564	G2768	1
G2346	G2766	1
G1500	G2682	1
G1683	G2429	1
G531	G2115	1
G2381	G2822	1
G1723	G2766	1
G1330	G2730	1
G410	G2188	1
G2263	G2907	1
G117	G1260	1
G1741	G2544	1
G564	G2948	1
G826	G901	1
G1397	G1901	1
G310	G955	1
G1332	G2086	1
G1673	G2992	1
G1512	G1701	1
G414	G810	1
G1397	G1997	1
G374	G2730	1
G425	G610	1
G368	G1488	1
G402	G958	1
G177	G1397	1
G866	G2385	1
G1116	G2103	1
G802	G2457	1
G1334	G1923	1
G24	G919	1
G462	G823	1
G1730	G2468	1
G2405	G2441	1
G402	G931	1
G1525	G2535	1
G2425	G2979	1
G1513	G2137	1
G2648	G2977	1
G2118	G2736	1
G444	G1562	1
G826	G2404	1
G474	G1687	1
G112	G1918	1
G612	G1580	1
G1828	G2766	1
G1339	G1627	1
G148	G882	1
G231	G2380	1
G1489	G2498	1
G685	G2263	1
G736	G1473	1
G994	G2851	1
G332	G1397	1
G876	G2988	1
G1858	G2366	1
G1625	G1963	1
G2467	G2693	1
G2009	G2230	1
G2799	G2815	1
G848	G1780	1
G1010	G2121	1
G1039	G1223	1
G2671	G2719	1
G456	G696	1
G2721	G2940	1
G1237	G2320	1
G93	G1180	1
G694	G1547	1
G963	G1948	1
G1780	G2869	1
G2017	G2790	1
G1751	G2369	1
G2553	G2865	1
G1321	G2985	1
G2274	G2497	1
G46	G2348	1
G150	G1863	1
G554	G1004	1
G353	G2514	1
G234	G1159	1
G511	G2327	1
G1103	G1513	1
G1332	G1418	1
G405	G1152	1
G2406	G2865	1
G2118	G2453	1
G1953	G2462	1
G1066	G1433	1
G286	G1136	1
G1083	G2790	1
G2563	G2736	1
G663	G875	1
G1265	G2469	1
G704	G1082	1
G1286	G1788	1
G2162	G2232	1
G1332	G1564	1
G704	G1722	1
G2263	G2838	1
G2073	G2365	1
G760	G1075	1
G1332	G1525	1
G529	G1309	1
G2426	G2667	1
G11	G2648	1
G569	G2065	1
G529	G1606	1
G1256	G2026	1
G1455	G2581	1
G1261	G1576	1
G2465	G2835	1
G816	G2991	1
G275	G2103	1
G1007	G2180	1
G577	G2206	1
G1385	G2780	1
G784	G1448	1
G423	G1806	1
G1774	G1916	1
G845	G1213	1
G2784	G2977	1
G1159	G2046	1
G1146	G2006	1
G2263	G2369	1
G454	G2865	1
G1390	G1763	1
G1939	G2742	1
G1741	G2790	1
G865	G2739	1
G947	G2645	1
G1320	G2693	1
G554	G2478	1
G696	G1445	1
G1878	G2056	1
G1636	G2058	1
G858	G2276	1
G421	G2621	1
G1257	G1264	1
G1310	G2583	1
G569	G1093	1
G699	G1942	1
G899	G2693	1
G827	G2435	1
G1068	G1780	1
G685	G889	1
G1331	G1525	1
G2535	G2812	1
G1431	G2711	1
G153	G1383	1
G2017	G2738	1
G1932	G2924	1
G600	G1112	1
G787	G1960	1
G907	G2467	1
G1381	G2988	1
G1424	G2846	1
G1589	G2551	1
G253	G2671	1
G1489	G2009	1
G475	G2435	1
G445	G2490	1
G551	G2098	1
G1148	G2210	1
G819	G873	1
G1083	G1681	1
G1500	G2812	1
G2463	G2547	1
G1668	G2572	1
G1216	G2115	1
G2465	G2780	1
G1068	G2051	1
G1116	G2871	1
G46	G2685	1
G437	G1923	1
G1332	G2214	1
G1419	G1591	1
G558	G907	1
G729	G2009	1
G1953	G2667	1
G2648	G2766	1
G1218	G1681	1
G187	G1383	1
G2105	G2462	1
G46	G2510	1
G806	G2865	1
G1264	G1337	1
G4	G337	1
G11	G2365	1
G1597	G2022	1
G258	G1606	1
G539	G2496	1
G1901	G1981	1
G329	G2169	1
G1327	G2433	1
G410	G1116	1
G110	G2201	1
G1012	G2115	1
G2380	G2563	1
G360	G1864	1
G331	G2208	1
G2467	G2468	1
G1469	G2274	1
G2233	G2808	1
G11	G402	1
G1907	G2462	1
G354	G364	1
G1334	G2544	1
G2218	G2684	1
G515	G774	1
G1419	G2622	1
G177	G1334	1
G258	G1455	1
G700	G794	1
G2460	G2652	1
G773	G2327	1
G810	G1542	1
G275	G1256	1
G267	G1907	1
G1143	G2730	1
G1249	G2103	1
G634	G2188	1
G23	G80	1
G1513	G2557	1
G1948	G2628	1
G2175	G2648	1
G2327	G2435	1
G834	G1309	1
G266	G2355	1
G1168	G1543	1
G1313	G2628	1
G1006	G1417	1
G2331	G2652	1
G1329	G2073	1
G306	G2583	1
G1331	G2214	1
G1551	G1645	1
G1455	G1923	1
G773	G1953	1
G490	G629	1
G771	G1618	1
G960	G1726	1
G1455	G1524	1
G187	G918	1
G1149	G1942	1
G2327	G2563	1
G1452	G2453	1
G846	G1837	1
G2815	G2961	1
G1157	G2398	1
G1916	G2471	1
G2223	G2577	1
G642	G1645	1
G216	G2467	1
G1098	G1948	1
G801	G2312	1
G2242	G2618	1
G388	G1030	1
G1374	G2493	1
G430	G2891	1
G842	G1112	1
G1772	G2741	1
G2346	G2949	1
G853	G2553	1
G80	G1741	1
G685	G2478	1
G216	G475	1
G2380	G2769	1
G304	G2997	1
G1040	G2719	1
G1224	G1894	1
G663	G1334	1
G2812	G2972	1
G773	G2988	1
G1245	G2962	1
G2121	G2924	1
G1261	G2490	1
G488	G1683	1
G418	G1610	1
G560	G1659	1
G1591	G1893	1
G596	G2063	1
G728	G1849	1
G904	G1666	1
G963	G1828	1
G36	G2467	1
G569	G2346	1
G462	G2557	1
G1320	G2468	1
G1390	G1576	1
G1916	G2103	1
G133	G789	1
G1953	G2380	1
G2736	G2869	1
G774	G2865	1
G773	G2523	1
G1191	G1508	1
G1236	G1918	1
G709	G773	1
G231	G596	1
G610	G2540	1
G353	G693	1
G2366	G2435	1
G36	G475	1
G963	G2940	1
G1139	G2825	1
G1836	G2869	1
G622	G1452	1
G1039	G2865	1
G36	G586	1
G1143	G2366	1
G685	G2188	1
G444	G497	1
G1002	G2130	1
G1648	G2317	1
G1422	G2870	1
G2210	G2991	1
G1828	G2162	1
G693	G2843	1
G931	G1335	1
G1877	G2044	1
G931	G1551	1
G554	G794	1
G2327	G2859	1
G374	G1916	1
G958	G2188	1
G620	G1590	1
G652	G905	1
G1390	G2977	1
G417	G1286	1
G2086	G2497	1
G1835	G2467	1
G231	G462	1
G676	G2921	1
G1257	G2802	1
G150	G629	1
G634	G2815	1
G896	G2734	1
G477	G964	1
G2175	G2365	1
G281	G1968	1
G357	G1862	1
G1027	G2040	1
G199	G708	1
G596	G2776	1
G283	G2944	1
G187	G1986	1
G1671	G1783	1
G1334	G2790	1
G1863	G2979	1
G286	G981	1
G1106	G1681	1
G380	G1235	1
G660	G2453	1
G1106	G2738	1
G362	G2693	1
G1109	G2273	1
G1452	G2983	1
G1320	G2263	1
G216	G2352	1
G153	G1316	1
G493	G2049	1
G296	G1222	1
G408	G2453	1
G1058	G1397	1
G91	G1768	1
G1741	G2440	1
G1783	G2581	1
G1719	G2063	1
G630	G1878	1
G192	G1924	1
G1090	G2713	1
G1596	G1748	1
G1645	G2869	1
G157	G1591	1
G1010	G2620	1
G899	G2263	1
G700	G2979	1
G1723	G2462	1
G920	G1637	1
G751	G1265	1
G24	G1998	1
G1243	G2977	1
G1569	G2335	1
G1328	G1606	1
G266	G931	1
G1168	G1852	1
G476	G775	1
G554	G1116	1
G1261	G2327	1
G15	G2073	1
G266	G1243	1
G1157	G2340	1
G2080	G2994	1
G1675	G1751	1
G2103	G2814	1
G1668	G2078	1
G161	G1412	1
G1525	G2547	1
G694	G729	1
G1604	G2784	1
G1423	G2884	1
G216	G2425	1
G402	G1334	1
G1316	G2676	1
G1007	G1429	1
G2049	G2085	1
G1452	G1513	1
G758	G2798	1
G1329	G2597	1
G196	G564	1
G685	G2395	1
G2545	G2570	1
G1417	G2999	1
G2553	G2693	1
G122	G2365	1
G909	G1566	1
G577	G693	1
G1828	G2462	1
G773	G2949	1
G1543	G2822	1
G958	G2395	1
G347	G637	1
G2365	G2865	1
G835	G960	1
G1971	G2430	1
G266	G2406	1
G1133	G1543	1
G1133	G2346	1
G435	G860	1
G758	G1106	1
G1606	G1923	1
G890	G2180	1
G2784	G2988	1
G176	G2263	1
G122	G402	1
G1835	G2352	1
G1187	G1209	1
G1726	G1867	1
G488	G1139	1
G1320	G1496	1
G1026	G1363	1
G964	G2780	1
G1320	G2118	1
G153	G2789	1
G1204	G2433	1
G955	G1687	1
G931	G2963	1
G1090	G1452	1
G1916	G1975	1
G98	G2516	1
G426	G2887	1
G1007	G1027	1
G1455	G2544	1
G1933	G2490	1
G259	G2814	1
G758	G1630	1
G656	G2398	1
G1780	G2035	1
G315	G1053	1
G514	G625	1
G1694	G2320	1
G1953	G2232	1
G2180	G2812	1
G1513	G1551	1
G1601	G2671	1
G794	G1039	1
G1571	G2674	1
G885	G1116	1
G364	G2425	1
G462	G1849	1
G827	G1828	1
G693	G2849	1
G1671	G2924	1
G1524	G2366	1
G1635	G1881	1
G696	G1948	1
G1313	G1523	1
G897	G2919	1
G2570	G2979	1
G2648	G2949	1
G554	G2979	1
G433	G2467	1
G758	G2175	1
G848	G2766	1
G1625	G2924	1
G835	G902	1
G549	G1032	1
G366	G2849	1
G931	G1963	1
G310	G860	1
G291	G2107	1
G462	G876	1
G266	G2870	1
G1288	G2951	1
G2568	G2810	1
G1999	G2764	1
G911	G1103	1
G1576	G2814	1
G1591	G2553	1
G475	G1828	1
G2346	G2667	1
G1726	G1849	1
G1694	G2300	1
G2360	G2405	1
G132	G2681	1
G2273	G2793	1
G331	G1982	1
G475	G2940	1
G1849	G2979	1
G1671	G1903	1
G177	G1112	1
G516	G2630	1
G283	G2065	1
G456	G642	1
G660	G1513	1
G2208	G2435	1
G1027	G1932	1
G660	G2849	1
G563	G2563	1
G1564	G1700	1
G1783	G1923	1
G1223	G1249	1
G387	G816	1
G149	G1237	1
G1185	G2580	1
G408	G1513	1
G592	G2263	1
G1538	G2026	1
G2327	G2360	1
G867	G1492	1
G524	G2086	1
G685	G1116	1
G474	G542	1
G1550	G2430	1
G267	G1598	1
G1018	G2460	1
G462	G2664	1
G194	G2468	1
G1130	G2467	1
G66	G546	1
G80	G1726	1
G958	G1116	1
G1462	G2839	1
G1901	G2121	1
G2642	G2988	1
G18	G2681	1
G1953	G1982	1
G1525	G2465	1
G1087	G1218	1
G380	G2058	1
G1139	G2583	1
G462	G685	1
G176	G889	1
G924	G2814	1
G885	G2979	1
G1243	G2766	1
G200	G1138	1
G403	G1895	1
G2111	G2223	1
G126	G315	1
G187	G2063	1
G1701	G2188	1
G1143	G1916	1
G806	G2693	1
G15	G2597	1
G163	G2977	1
G515	G2535	1
G2263	G2597	1
G574	G680	1
G758	G1806	1
G301	G331	1
G1356	G2886	1
G2557	G2790	1
G266	G1397	1
G815	G1092	1
G2368	G2949	1
G266	G1870	1
G2130	G2645	1
G2784	G2949	1
G1157	G2172	1
G1041	G2364	1
G348	G2485	1
G1605	G1725	1
G1679	G2206	1
G1116	G1606	1
G310	G810	1
G1133	G1852	1
G1058	G1334	1
G148	G1446	1
G497	G2405	1
G835	G1550	1
G1071	G1436	1
G1327	G1375	1
G1863	G2031	1
G1455	G2790	1
G362	G2263	1
G931	G1419	1
G691	G1010	1
G304	G1737	1
G524	G2900	1
G1963	G2341	1
G1334	G2440	1
G187	G514	1
G456	G1390	1
G1204	G2779	1
G1430	G1939	1
G2341	G2988	1
G75	G539	1
G275	G2405	1
G282	G763	1
G656	G2340	1
G691	G2676	1
G920	G1228	1
G300	G2766	1
G1741	G2092	1
G233	G1455	1
G466	G865	1
G685	G2979	1
G918	G1087	1
G133	G1547	1
G906	G1042	1
G835	G2563	1
G1187	G2441	1
G563	G1997	1
G1010	G2724	1
G867	G1157	1
G2065	G2951	1
G364	G2024	1
G46	G630	1
G1513	G1963	1
G1446	G2447	1
G410	G985	1
G2058	G2564	1
G958	G2979	1
G433	G2425	1
G1751	G2991	1
G1577	G2425	1
G1133	G1625	1
G1842	G2080	1
G853	G1924	1
G974	G1887	1
G2056	G2887	1
G1337	G1598	1
G405	G1566	1
G1083	G1500	1
G1034	G2730	1
G1606	G2544	1
G2168	G2949	1
G835	G2784	1
G1335	G2599	1
G444	G2068	1
G1488	G1918	1
G967	G993	1
G2430	G2843	1
G882	G1591	1
G2033	G2381	1
G1852	G1971	1
G1828	G2380	1
G1604	G2360	1
G1475	G2374	1
G1446	G2451	1
G331	G1194	1
G1007	G2103	1
G577	G1774	1
G1329	G2591	1
G1747	G2724	1
G693	G1223	1
G917	G1823	1
G1010	G1741	1
G1971	G2569	1
G163	G758	1
G964	G2175	1
G636	G674	1
G1870	G2366	1
G1039	G2693	1
G699	G2319	1
G781	G1450	1
G1901	G2447	1
G194	G2118	1
G835	G2769	1
G851	G2086	1
G11	G374	1
G1130	G2425	1
G529	G642	1
G1907	G1982	1
G882	G2622	1
G381	G2167	1
G715	G851	1
G801	G1452	1
G2693	G2822	1
G755	G1953	1
G610	G960	1
G620	G1324	1
G817	G2721	1
G1332	G2983	1
G2618	G2849	1
G1141	G1403	1
G1564	G2419	1
G794	G2814	1
G362	G889	1
G36	G267	1
G2295	G2793	1
G2790	G2814	1
G1612	G2849	1
G685	G2730	1
G1604	G2570	1
G2498	G2568	1
G2094	G2317	1
G462	G924	1
G835	G1901	1
G1111	G2746	1
G1944	G2946	1
G283	G2346	1
G963	G1383	1
G669	G1687	1
G2583	G2790	1
G297	G1104	1
G1139	G2514	1
G11	G2447	1
G958	G2730	1
G1720	G1806	1
G75	G219	1
G257	G1076	1
G2063	G2721	1
G1783	G2544	1
G2447	G2838	1
G163	G2766	1
G742	G1670	1
G694	G1944	1
G1806	G2467	1
G417	G2517	1
G311	G2395	1
G1671	G2405	1
G306	G835	1
G696	G2940	1
G1681	G2892	1
G371	G612	1
G1056	G1069	1
G1445	G2780	1
G1332	G1513	1
G2263	G2721	1
G1332	G2849	1
G425	G1953	1
G1335	G1455	1
G784	G1979	1
G715	G2838	1
G1877	G2848	1
G1564	G2972	1
G2191	G2274	1
G1224	G1923	1
G2381	G2766	1
G2712	G2762	1
G11	G1441	1
G1331	G2983	1
G956	G2497	1
G534	G2293	1
G1489	G1610	1
G141	G1673	1
G139	G934	1
G1523	G2946	1
G922	G2606	1
G1543	G1780	1
G1576	G2465	1
G36	G2166	1
G387	G2222	1
G327	G2519	1
G355	G2630	1
G1513	G1719	1
G764	G1218	1
G851	G1564	1
G1606	G2790	1
G642	G1923	1
G851	G1525	1
G960	G2881	1
G1005	G2140	1
G1072	G1821	1
G1550	G2569	1
G177	G773	1
G374	G796	1
G266	G1334	1
G1869	G2514	1
G425	G2988	1
G656	G2172	1
G771	G2820	1
G1505	G2989	1
G348	G1185	1
G213	G1848	1
G208	G1979	1
G1702	G2837	1
G2591	G2682	1
G1390	G2949	1
G417	G2489	1
G563	G2360	1
G613	G1040	1
G1152	G2812	1
G904	G1187	1
G1191	G2320	1
G1149	G2319	1
G806	G2263	1
G2475	G2690	1
G715	G2369	1
G527	G2381	1
G923	G1053	1
G2789	G2881	1
G2415	G2833	1
G2365	G2693	1
G700	G1916	1
G1376	G2606	1
G629	G2570	1
G425	G2523	1
G931	G1783	1
G1141	G2494	1
G1610	G2083	1
G590	G1915	1
G801	G963	1
G1083	G1747	1
G715	G1681	1
G734	G2798	1
G1446	G2620	1
G85	G901	1
G715	G2738	1
G1828	G2232	1
G1591	G2045	1
G1877	G1966	1
G1646	G1990	1
G723	G1654	1
G163	G2327	1
G2583	G2738	1
G64	G1966	1
G1085	G1592	1
G1428	G2968	1
G624	G694	1
G412	G1691	1
G1418	G2535	1
G703	G2736	1
G340	G2175	1
G625	G2465	1
G1334	G2092	1
G462	G1719	1
G1806	G2352	1
G1243	G2949	1
G1963	G2838	1
G194	G1591	1
G312	G1446	1
G1473	G2991	1
G1932	G2713	1
G691	G2381	1
G159	G2433	1
G85	G2404	1
G1039	G2468	1
G1099	G2230	1
G2118	G2724	1
G1500	G2557	1
G233	G1099	1
G1827	G2790	1
G2263	G2676	1
G2175	G2447	1
G1783	G2790	1
G1406	G1726	1
G1383	G2465	1
G245	G1870	1
G405	G923	1
G437	G1598	1
G1739	G2072	1
G848	G1218	1
G806	G1496	1
G828	G2961	1
G806	G2118	1
G1223	G2814	1
G899	G1116	1
G192	G902	1
G1336	G2119	1
G1901	G2620	1
G1090	G2648	1
G923	G2736	1
G1205	G1412	1
G1452	G2865	1
G1542	G1683	1
G1806	G2425	1
G1963	G2369	1
G2094	G2255	1
G418	G1390	1
G2100	G2244	1
G835	G2360	1
G1390	G2568	1
G1719	G2780	1
G748	G1428	1
G2622	G2789	1
G1143	G1328	1
G2428	G2514	1
G163	G2523	1
G534	G1919	1
G554	G1916	1
G774	G2263	1
G425	G963	1
G610	G2784	1
G11	G2620	1
G141	G2814	1
G196	G2681	1
G475	G1383	1
G1039	G2263	1
G1562	G1825	1
G1546	G2367	1
G405	G1543	1
G405	G2346	1
G315	G354	1
G1251	G2981	1
G1334	G1500	1
G828	G2983	1
G931	G2924	1
G524	G2841	1
G2360	G2426	1
G1139	G1515	1
G744	G848	1
G1948	G2983	1
G2013	G2741	1
G113	G1406	1
G197	G2080	1
G2162	G2724	1
G1667	G2187	1
G574	G2522	1
G515	G1835	1
G2316	G2595	1
G466	G2833	1
G1313	G2983	1
G1064	G1228	1
G1418	G1814	1
G366	G2865	1
G527	G1218	1
G223	G2078	1
G364	G600	1
G610	G2769	1
G1982	G2736	1
G1429	G2838	1
G2758	G2972	1
G187	G275	1
G444	G899	1
G931	G1903	1
G710	G2575	1
G402	G773	1
G234	G2685	1
G405	G1671	1
G506	G2814	1
G1422	G1591	1
G734	G1806	1
G2121	G2713	1
G426	G447	1
G36	G126	1
G1971	G2522	1
G2063	G2191	1
G596	G2798	1
G281	G1573	1
G600	G2497	1
G794	G2465	1
G1090	G2365	1
G227	G2082	1
G831	G1955	1
G1133	G2563	1
G610	G1901	1
G660	G2865	1
G2591	G2812	1
G612	G2528	1
G271	G2045	1
G800	G2808	1
G198	G2685	1
G1492	G1864	1
G2395	G2877	1
G574	G1053	1
G1316	G2208	1
G1855	G2462	1
G1237	G1398	1
G2369	G2467	1
G408	G2865	1
G758	G1429	1
G890	G2103	1
G1398	G2085	1
G1039	G2118	1
G148	G1133	1
G357	G2268	1
G2063	G2441	1
G723	G1978	1
G1020	G2898	1
G1543	G1576	1
G1723	G2168	1
G2224	G2745	1
G846	G1914	1
G1382	G1863	1
G1606	G2440	1
G276	G348	1
G1984	G2142	1
G267	G2766	1
G2603	G2789	1
G311	G1951	1
G410	G2320	1
G2118	G2274	1
G1500	G1849	1
G1106	G2591	1
G443	G2713	1
G2381	G2951	1
G806	G1930	1
G2404	G2741	1
G2230	G2892	1
G527	G806	1
G974	G2436	1
G426	G2621	1
G770	G1213	1
G1543	G2977	1
G2780	G2869	1
G329	G2836	1
G1320	G2730	1
G2210	G2538	1
G682	G1576	1
G1269	G2296	1
G1106	G1823	1
G1475	G2038	1
G1763	G2991	1
G596	G2175	1
G1143	G2553	1
G515	G1027	1
G2224	G2911	1
G958	G1916	1
G2430	G2762	1
G899	G2730	1
G1475	G2660	1
G1428	G2302	1
G187	G500	1
G231	G2724	1
G349	G1861	1
G2118	G2693	1
G331	G2843	1
G2138	G2355	1
G275	G2650	1
G646	G839	1
G1103	G2468	1
G925	G2098	1
G1492	G1771	1
G426	G1140	1
G682	G2977	1
G213	G1141	1
G245	G1334	1
G227	G1861	1
G1455	G2092	1
G194	G1494	1
G187	G2780	1
G1116	G2236	1
G24	G302	1
G577	G1723	1
G955	G1155	1
G773	G1521	1
G2038	G2743	1
G671	G944	1
G1500	G1551	1
G2231	G2476	1
G437	G1500	1
G340	G2138	1
G1099	G1751	1
G827	G1316	1
G2218	G2742	1
G2620	G2977	1
G444	G827	1
G1827	G2440	1
G1027	G1130	1
G315	G1971	1
G1591	G2877	1
G462	G610	1
G2067	G2930	1
G2405	G2522	1
G1645	G1963	1
G693	G1130	1
G1393	G1944	1
G181	G2880	1
G758	G2368	1
G1010	G1243	1
G1446	G1741	1
G433	G600	1
G2563	G2693	1
G1826	G2932	1
G565	G1438	1
G2681	G2948	1
G1334	G1612	1
G642	G2790	1
G554	G660	1
G801	G2648	1
G475	G1316	1
G1027	G2870	1
G1719	G2175	1
G662	G1236	1
G1320	G2366	1
G722	G2465	1
G596	G1806	1
G964	G1835	1
G556	G2990	1
G2465	G2471	1
G876	G2451	1
G2462	G2877	1
G1761	G2945	1
G2780	G2798	1
G2369	G2425	1
G40	G1704	1
G2195	G2474	1
G1218	G2381	1
G1551	G2838	1
G676	G1008	1
G2025	G2919	1
G1120	G1492	1
G11	G1320	1
G306	G1828	1
G1508	G2686	1
G1598	G1835	1
G1671	G2713	1
G1455	G1500	1
G24	G802	1
G148	G1130	1
G1148	G1591	1
G1625	G2713	1
G2242	G2553	1
G514	G1932	1
G216	G2583	1
G1588	G2746	1
G461	G2162	1
G1539	G2574	1
G2655	G2904	1
G2083	G2230	1
G1313	G1473	1
G362	G2979	1
G1612	G2865	1
G827	G2789	1
G907	G2206	1
G1385	G2351	1
G934	G2210	1
G1445	G2180	1
G1700	G2369	1
G177	G454	1
G413	G2592	1
G514	G2724	1
G1741	G2381	1
G1651	G2919	1
G112	G1489	1
G823	G2812	1
G2206	G2814	1
G1551	G2369	1
G564	G919	1
G2025	G2538	1
G720	G2953	1
G258	G2496	1
G475	G2789	1
G797	G1332	1
G1543	G2766	1
G1687	G2494	1
G773	G2121	1
G331	G1513	1
G1979	G2885	1
G275	G2418	1
G853	G920	1
G139	G149	1
G1716	G2570	1
G2447	G2597	1
G1068	G2380	1
G1139	G1948	1
G736	G2188	1
G1332	G2865	1
G854	G2312	1
G1551	G1681	1
G1966	G2994	1
G1849	G1893	1
G1739	G1793	1
G2026	G2822	1
G926	G2814	1
G2142	G2437	1
G1288	G1332	1
G46	G817	1
G454	G1116	1
G2105	G2258	1
G642	G1681	1
G801	G2365	1
G882	G1712	1
G1129	G2892	1
G2144	G2961	1
G364	G2583	1
G6	G921	1
G391	G2210	1
G1164	G2498	1
G1953	G2354	1
G1651	G2538	1
G964	G1027	1
G456	G1700	1
G159	G1375	1
G1706	G2994	1
G1561	G1806	1
G1376	G2887	1
G2553	G2618	1
G1704	G2188	1
G773	G904	1
G1316	G2086	1
G1136	G1411	1
G374	G2540	1
G438	G826	1
G1965	G2887	1
G784	G1565	1
G89	G2712	1
G1120	G1157	1
G1452	G2693	1
G1500	G1963	1
G694	G2381	1
G1846	G2771	1
G1741	G2162	1
G1133	G2360	1
G1658	G2533	1
G374	G577	1
G1681	G2563	1
G1847	G2951	1
G2430	G2865	1
G1589	G2793	1
G368	G2155	1
G586	G2822	1
G2327	G2789	1
G283	G2563	1
G2620	G2766	1
G1256	G1985	1
G2621	G2880	1
G956	G1867	1
G634	G2320	1
G905	G2060	1
G2435	G2768	1
G120	G426	1
G2017	G2462	1
G2381	G2667	1
G15	G1264	1
G1525	G1606	1
G137	G2082	1
G1010	G1397	1
G153	G2283	1
G700	G2553	1
G1010	G1870	1
G851	G2843	1
G876	G2620	1
G1083	G2462	1
G1543	G2327	1
G780	G2877	1
G109	G1679	1
G942	G2856	1
G1181	G2075	1
G456	G1874	1
G1635	G2412	1
G480	G1135	1
G2115	G2497	1
G2514	G2843	1
G2686	G2815	1
G2693	G2977	1
G925	G1006	1
G187	G2175	1
G1307	G1567	1
G2812	G2940	1
G528	G2912	1
G187	G2283	1
G1186	G1726	1
G1320	G2017	1
G1433	G2505	1
G685	G1893	1
G816	G1523	1
G282	G2830	1
G1109	G2793	1
G586	G1365	1
G1316	G1564	1
G2360	G2467	1
G444	G1152	1
G1681	G2859	1
G752	G2069	1
G1455	G1747	1
G958	G1893	1
G324	G1042	1
G682	G2327	1
G700	G709	1
G192	G2570	1
G266	G773	1
G1068	G1949	1
G1116	G2467	1
G141	G1716	1
G216	G2514	1
G1704	G2815	1
G353	G456	1
G1243	G2232	1
G2366	G2789	1
G897	G1261	1
G1589	G1772	1
G1932	G2648	1
G660	G2693	1
G123	G1061	1
G437	G2766	1
G444	G1382	1
G503	G2901	1
G1224	G2638	1
G1477	G2018	1
G1741	G2462	1
G1383	G1827	1
G685	G2320	1
G1455	G1612	1
G1681	G1997	1
G245	G1112	1
G987	G2497	1
G758	G1783	1
G858	G1237	1
G281	G307	1
G634	G1269	1
G194	G2366	1
G823	G1329	1
G934	G2421	1
G1320	G1916	1
G1494	G2806	1
G1799	G2293	1
G2684	G2742	1
G809	G2496	1
G1252	G2230	1
G1229	G2893	1
G1236	G2072	1
G137	G1861	1
G776	G1018	1
G1907	G2354	1
G899	G1916	1
G2045	G2073	1
G1598	G2705	1
G729	G1390	1
G111	G1763	1
G958	G1328	1
G1666	G2063	1
G1801	G2559	1
G433	G2583	1
G554	G2553	1
G2447	G2721	1
G728	G2977	1
G1513	G2312	1
G1017	G2362	1
G444	G715	1
G1500	G1719	1
G24	G2449	1
G848	G1422	1
G364	G2514	1
G267	G1710	1
G1916	G2418	1
G331	G1223	1
G2719	G2833	1
G1305	G2221	1
G708	G955	1
G1806	G2825	1
G2191	G2395	1
G2395	G2784	1
G323	G2987	1
G497	G2467	1
G1452	G2468	1
G960	G2682	1
G1334	G2381	1
G456	G2419	1
G267	G2462	1
G934	G958	1
G1849	G2553	1
G2007	G2842	1
G1803	G2103	1
G560	G2535	1
G2144	G2323	1
G417	G2559	1
G889	G2736	1
G1997	G2206	1
G2258	G2789	1
G275	G2467	1
G1629	G1991	1
G691	G2723	1
G758	G1331	1
G923	G1971	1
G851	G1513	1
G2589	G2833	1
G851	G2849	1
G1112	G1867	1
G964	G2103	1
G275	G475	1
G676	G2875	1
G192	G366	1
G122	G1855	1
G2004	G2244	1
G863	G1156	1
G1130	G2583	1
G1948	G2865	1
G1332	G1372	1
G2544	G2977	1
G443	G586	1
G1932	G2365	1
G337	G1141	1
G685	G1058	1
G2514	G2849	1
G1828	G2258	1
G2395	G2859	1
G1508	G1628	1
G733	G1087	1
G2150	G2383	1
G521	G2838	1
G556	G2754	1
G527	G879	1
G794	G1827	1
G15	G2802	1
G340	G2368	1
G1855	G1982	1
G1143	G2540	1
G1236	G1489	1
G2121	G2648	1
G2463	G2702	1
G2981	G2999	1
G456	G2972	1
G642	G691	1
G2693	G2766	1
G288	G2133	1
G1334	G2162	1
G1452	G2263	1
G1264	G2570	1
G758	G2924	1
G324	G2238	1
G600	G1867	1
G282	G1482	1
G1179	G2806	1
G715	G2591	1
G1116	G2425	1
G1524	G2341	1
G2622	G2780	1
G199	G1561	1
G1543	G2949	1
G1554	G2497	1
G924	G993	1
G2435	G2496	1
G1303	G2497	1
G851	G1446	1
G1398	G1758	1
G1576	G1606	1
G433	G892	1
G1501	G2755	1
G2570	G2828	1
G709	G1923	1
G987	G2845	1
G521	G2369	1
G1090	G2447	1
G1912	G2798	1
G1963	G2721	1
G2368	G2463	1
G1129	G1398	1
G663	G1645	1
G1090	G1554	1
G1606	G1747	1
G715	G1010	1
G163	G2232	1
G630	G2073	1
G1591	G2784	1
G2162	G2870	1
G200	G896	1
G521	G1681	1
G1021	G2331	1
G691	G1525	1
G1564	G1948	1
G1893	G2496	1
G1681	G2360	1
G521	G2738	1
G126	G1849	1
G456	G828	1
G592	G1916	1
G682	G2949	1
G715	G2676	1
G438	G2584	1
G2462	G2563	1
G1562	G1957	1
G231	G958	1
G1869	G2940	1
G462	G1576	1
G723	G1398	1
G170	G348	1
G275	G2352	1
G656	G2069	1
G958	G2553	1
G1343	G1750	1
G2583	G2676	1
G2425	G2877	1
G1606	G1612	1
G1489	G1696	1
G2112	G2115	1
G1637	G2825	1
G1612	G2693	1
G2208	G2789	1
G320	G888	1
G1090	G1441	1
G2045	G2597	1
G799	G2953	1
G187	G1869	1
G1026	G2980	1
G1327	G2079	1
G806	G2366	1
G107	G1455	1
G2462	G2784	1
G923	G2266	1
G2620	G2949	1
G596	G1429	1
G355	G2404	1
G1044	G2494	1
G433	G2514	1
G1314	G1702	1
G1473	G2538	1
G824	G1112	1
G2063	G2689	1
G1591	G2769	1
G462	G2977	1
G1966	G2385	1
G1168	G1659	1
G426	G1806	1
G625	G1606	1
G429	G2467	1
G1515	G2419	1
G1719	G1835	1
G149	G897	1
G1963	G2591	1
G2121	G2365	1
G2919	G2961	1
G1334	G2462	1
G275	G2425	1
G1332	G2693	1
G660	G2263	1
G296	G1229	1
G425	G1521	1
G283	G529	1
G924	G1455	1
G1446	G2834	1
G294	G304	1
G876	G1741	1
G1726	G2977	1
G586	G1003	1
G1591	G1901	1
G362	G1916	1
G529	G2419	1
G1383	G1606	1
G126	G2664	1
G2462	G2769	1
G2667	G2941	1
G196	G2449	1
G1696	G1885	1
G963	G2780	1
G659	G1431	1
G543	G2115	1
G586	G1780	1
G1508	G2083	1
G2191	G2979	1
G149	G2686	1
G634	G723	1
G1335	G1382	1
G2232	G2581	1
G501	G1207	1
G960	G2812	1
G1847	G2380	1
G693	G1496	1
G700	G2112	1
G486	G2235	1
G693	G2118	1
G300	G801	1
G956	G1608	1
G1547	G2085	1
G784	G1155	1
G2544	G2766	1
G1963	G2676	1
G1982	G2865	1
G1505	G2689	1
G784	G1757	1
G1916	G2467	1
G911	G1806	1
G904	G1335	1
G1899	G2505	1
G458	G1739	1
G1066	G2457	1
G1252	G1777	1
G2789	G2812	1
G574	G1971	1
G36	G693	1
G682	G1218	1
G163	G596	1
G366	G2118	1
G2538	G2991	1
G794	G2599	1
G1375	G2013	1
G443	G2365	1
G1778	G2250	1
G1398	G2072	1
G1654	G2049	1
G1152	G1849	1
G1677	G2790	1
G1806	G2583	1
G402	G1645	1
G1739	G2876	1
G437	G2162	1
G572	G2921	1
G1331	G2693	1
G673	G2560	1
G700	G1924	1
G755	G2121	1
G163	G462	1
G1455	G2381	1
G529	G2972	1
G1489	G2385	1
G1752	G2141	1
G755	G824	1
G660	G1496	1
G1797	G2046	1
G660	G2118	1
G899	G1893	1
G521	G2440	1
G606	G2193	1
G1420	G2689	1
G796	G918	1
G1625	G2648	1
G2924	G2940	1
G163	G558	1
G408	G2118	1
G729	G2385	1
G2118	G2395	1
G514	G931	1
G2815	G2846	1
G1039	G2366	1
G38	G2730	1
G606	G863	1
G514	G1243	1
G642	G1500	1
G931	G1452	1
G1268	G2047	1
G2263	G2723	1
G168	G955	1
G1455	G2951	1
G215	G2779	1
G2098	G2398	1
G1090	G2620	1
G660	G889	1
G586	G2092	1
G1032	G1985	1
G281	G1309	1
G1603	G2719	1
G710	G2317	1
G1320	G1328	1
G2365	G2730	1
G771	G2743	1
G2395	G2570	1
G393	G2314	1
G1229	G1343	1
G2274	G2977	1
G1492	G2174	1
G554	G2045	1
G700	G2540	1
G899	G1328	1
G1452	G2478	1
G1455	G2162	1
G364	G835	1
G1957	G2103	1
G2540	G2843	1
G1335	G2496	1
G1372	G2497	1
G691	G703	1
G1916	G2352	1
G215	G1857	1
G506	G1827	1
G2622	G2882	1
G1923	G2366	1
G1191	G1398	1
G1398	G1489	1
G1524	G2838	1
G192	G1264	1
G163	G801	1
G516	G1375	1
G794	G1455	1
G1445	G2103	1
G1159	G2877	1
G266	G454	1
G685	G2165	1
G758	G2405	1
G2010	G2283	1
G1332	G2468	1
G801	G2447	1
G1677	G2738	1
G106	G1580	1
G923	G1406	1
G258	G2972	1
G1799	G2437	1
G199	G1309	1
G1763	G2538	1
G1726	G2766	1
G187	G1835	1
G680	G1723	1
G2467	G2553	1
G2766	G2822	1
G736	G1508	1
G2693	G2949	1
G629	G1863	1
G1625	G2365	1
G514	G2870	1
G268	G2085	1
G1564	G1828	1
G1916	G2425	1
G1612	G2263	1
G461	G596	1
G693	G1591	1
G827	G2780	1
G444	G709	1
G1253	G2367	1
G2258	G2642	1
G773	G2724	1
G1618	G2240	1
G600	G924	1
G1010	G1112	1
G1385	G2026	1
G2235	G2955	1
G1564	G2940	1
G1418	G2970	1
G399	G2587	1
G2427	G2887	1
G680	G1090	1
G801	G1441	1
G2430	G2468	1
G1636	G1761	1
G755	G2447	1
G899	G1058	1
G806	G1916	1
G931	G963	1
G11	G663	1
G102	G2347	1
G500	G715	1
G781	G1168	1
G2041	G2528	1
G1334	G2380	1
G433	G693	1
G1664	G2457	1
G1332	G2263	1
G24	G1518	1
G1806	G2514	1
G140	G2409	1
G554	G2540	1
G1455	G2462	1
G1476	G1561	1
G1948	G2693	1
G480	G784	1
G693	G2622	1
G1179	G2559	1
G187	G1429	1
G1591	G2570	1
G1965	G2621	1
G515	G1606	1
G2846	G2994	1
G148	G1591	1
G462	G2327	1
G1550	G2547	1
G1741	G1982	1
G2944	G2972	1
G2019	G2348	1
G2648	G2724	1
G963	G2175	1
G482	G2235	1
G1606	G2381	1
G1515	G1671	1
G1742	G2899	1
G1852	G2046	1
G1316	G2843	1
G425	G2447	1
G1561	G2864	1
G462	G1953	1
G736	G985	1
G1551	G1747	1
G141	G755	1
G514	G1397	1
G1057	G1929	1
G1288	G1446	1
G943	G1082	1
G1612	G2118	1
G674	G1393	1
G1017	G2383	1
G1726	G2327	1
G1772	G2873	1
G2341	G2620	1
G2462	G2570	1
G514	G1870	1
G1742	G2250	1
G642	G1747	1
G722	G1606	1
G1850	G2924	1
G674	G1269	1
G2283	G2865	1
G529	G1671	1
G899	G2553	1
G2713	G2814	1
G1387	G2467	1
G1749	G1801	1
G36	G1774	1
G2870	G2972	1
G148	G2622	1
G1823	G1877	1
G1606	G2951	1
G1006	G1040	1
G36	G1143	1
G563	G2642	1
G832	G1450	1
G1687	G2004	1
G1937	G2382	1
G456	G521	1
G1027	G2241	1
G462	G2988	1
G923	G2274	1
G213	G2119	1
G381	G3004	1
G1719	G2103	1
G1328	G2419	1
G393	G2739	1
G1332	G2118	1
G1332	G1761	1
G574	G1139	1
G1630	G1761	1
G1027	G1068	1
G1606	G2162	1
G2369	G2583	1
G882	G2581	1
G438	G2108	1
G192	G630	1
G456	G1445	1
G462	G2523	1
G1671	G1912	1
G149	G1628	1
G1191	G1877	1
G1223	G1455	1
G1099	G1118	1
G835	G1863	1
G122	G2834	1
G1251	G1268	1
G2293	G2584	1
G2544	G2949	1
G2827	G2991	1
G1211	G2664	1
G755	G914	1
G1610	G1816	1
G500	G2971	1
G868	G1984	1
G1255	G1591	1
G112	G368	1
G799	G2763	1
G799	G1621	1
G1700	G2676	1
G1827	G2381	1
G1120	G2719	1
G2514	G2865	1
G2312	G2776	1
G267	G596	1
G2563	G2979	1
G596	G1783	1
G192	G335	1
G1610	G2568	1
G445	G736	1
G1093	G2814	1
G923	G1562	1
G1551	G2676	1
G1774	G2570	1
G2497	G2865	1
G231	G1334	1
G2563	G2618	1
G2425	G2563	1
G2297	G2767	1
G278	G2639	1
G2724	G2941	1
G801	G2620	1
G1090	G1320	1
G964	G2405	1
G1316	G2983	1
G1780	G1953	1
G1870	G2838	1
G306	G2063	1
G609	G2342	1
G267	G462	1
G141	G1455	1
G828	G1739	1
G1327	G2273	1
G275	G1985	1
G1241	G2149	1
G2425	G2784	1
G119	G1476	1
G1331	G2118	1
G2210	G2961	1
G1256	G1604	1
G1164	G1610	1
G1719	G2351	1
G1978	G2977	1
G958	G2540	1
G2840	G2990	1
G1858	G2721	1
G1112	G1907	1
G860	G2429	1
G192	G405	1
G1857	G2433	1
G410	G1252	1
G258	G1671	1
G1441	G2869	1
G2232	G2544	1
G1013	G2877	1
G1986	G2977	1
G2019	G2510	1
G796	G2063	1
G2274	G2327	1
G2689	G2988	1
G316	G1799	1
G1112	G2822	1
G1780	G2988	1
G1932	G2447	1
G1827	G2162	1
G889	G1971	1
G1870	G2369	1
G2758	G2940	1
G1783	G2162	1
G1007	G2467	1
G586	G758	1
G1316	G1513	1
G1963	G2823	1
G1106	G1564	1
G1316	G2849	1
G1982	G2693	1
G708	G810	1
G1090	G1741	1
G1543	G2232	1
G354	G2121	1
G2570	G2877	1
G2630	G2779	1
G554	G2877	1
G40	G1008	1
G853	G1264	1
G596	G1331	1
G744	G963	1
G1606	G2462	1
G153	G2471	1
G355	G1375	1
G2425	G2769	1
G306	G1285	1
G1419	G2369	1
G11	G2881	1
G600	G1907	1
G1068	G2258	1
G1152	G1719	1
G1934	G2980	1
G2098	G2172	1
G2563	G2730	1
G697	G1987	1
G600	G2822	1
G902	G1383	1
G107	G899	1
G462	G2949	1
G267	G1332	1
G1262	G2574	1
G1334	G1469	1
G188	G2704	1
G1419	G1681	1
G2258	G2780	1
G2274	G2988	1
G696	G2780	1
G1419	G2738	1
G1761	G2872	1
G2355	G2468	1
G187	G2471	1
G267	G801	1
G197	G2498	1
G1433	G2733	1
G267	G2856	1
G2342	G2621	1
G1792	G2837	1
G475	G2283	1
G153	G2103	1
G586	G2766	1
G823	G1849	1
G596	G2924	1
G1455	G2380	1
G1332	G2478	1
G2274	G2523	1
G1726	G2949	1
G1948	G2263	1
G75	G514	1
G882	G1524	1
G2354	G2841	1
G1473	G2578	1
G149	G2083	1
G1507	G1564	1
G890	G2236	1
G1394	G2235	1
G2404	G2734	1
G461	G576	1
G1488	G1793	1
G445	G2144	1
G241	G1560	1
G514	G1334	1
G1397	G2814	1
G1134	G1360	1
G2532	G2719	1
G859	G2616	1
G2312	G2545	1
G324	G1570	1
G456	G835	1
G761	G2049	1
G1441	G2798	1
G569	G1064	1
G272	G2397	1
G885	G2877	1
G2369	G2514	1
G554	G563	1
G187	G2103	1
G1667	G1965	1
G1333	G2100	1
G960	G2137	1
G1827	G2462	1
G2345	G2436	1
G46	G1683	1
G1249	G1985	1
G656	G865	1
G126	G364	1
G629	G907	1
G1783	G2462	1
G1329	G2736	1
G1671	G1985	1
G417	G612	1
G1106	G2214	1
G1333	G2636	1
G1241	G2290	1
G563	G774	1
G187	G734	1
G286	G2763	1
G2397	G2993	1
G2232	G2790	1
G2103	G2758	1
G1042	G2092	1
G823	G1551	1
G889	G2266	1
G1159	G1550	1
G354	G374	1
G1003	G2191	1
G931	G2648	1
G1130	G1948	1
G1521	G1606	1
G1331	G2478	1
G258	G1625	1
G1857	G2779	1
G574	G1562	1
G444	G923	1
G456	G1793	1
G1003	G2441	1
G423	G586	1
G354	G2447	1
G482	G486	1
G1007	G2425	1
G1891	G2970	1
G1787	G2873	1
G1320	G2341	1
G410	G1877	1
G180	G1203	1
G437	G2232	1
G374	G2570	1
G1270	G2588	1
G490	G1387	1
G534	G901	1
G622	G2829	1
G958	G2877	1
G2208	G2780	1
G734	G2405	1
G1758	G2369	1
G2175	G2881	1
G111	G2568	1
G907	G1723	1
G1452	G2730	1
G1236	G2876	1
G344	G721	1
G1943	G2879	1
G1460	G2247	1
G2273	G2437	1
G402	G1923	1
G1159	G2784	1
G663	G809	1
G2510	G2733	1
G402	G1524	1
G2274	G2949	1
G197	G2009	1
G835	G2522	1
G1203	G2316	1
G1659	G1953	1
G735	G1674	1
G534	G2404	1
G2419	G2648	1
G828	G1313	1
G1448	G2316	1
G2108	G2630	1
G426	G2864	1
G907	G1090	1
G1261	G2144	1
G642	G2381	1
G177	G2544	1
G801	G1320	1
G955	G1561	1
G691	G1513	1
G691	G2849	1
G2734	G2955	1
G2467	G2540	1
G80	G2497	1
G153	G1975	1
G157	G2369	1
G57	G1403	1
G1963	G2208	1
G1397	G2547	1
G781	G1525	1
G554	G960	1
G935	G2547	1
G443	G1441	1
G876	G1870	1
G2098	G2641	1
G1157	G2833	1
G2232	G2738	1
G2780	G2924	1
G806	G1058	1
G1211	G1719	1
G59	G1980	1
G634	G1398	1
G827	G2180	1
G931	G2365	1
G1099	G1944	1
G1422	G1917	1
G1422	G2581	1
G2188	G2799	1
G157	G1681	1
G372	G1569	1
G1251	G2671	1
G157	G2738	1
G1441	G1806	1
G437	G1982	1
G387	G2230	1
G835	G907	1
G2849	G2972	1
G521	G1010	1
G1855	G1920	1
G1606	G2380	1
G1645	G2713	1
G801	G1741	1
G2263	G2736	1
G46	G1139	1
G663	G2544	1
G1143	G2721	1
G456	G1948	1
G1166	G1878	1
G956	G2092	1
G315	G794	1
G1116	G2583	1
G189	G1403	1
G951	G1542	1
G216	G1723	1
G691	G1446	1
G736	G2320	1
G801	G1855	1
G774	G1505	1
G1513	G2648	1
G1560	G1714	1
G1823	G2570	1
G437	G596	1
G408	G409	1
G926	G1455	1
G1562	G1971	1
G2425	G2570	1
G307	G2595	1
G1547	G2072	1
G696	G2175	1
G1455	G1469	1
G187	G1331	1
G823	G1963	1
G140	G1276	1
G773	G931	1
G1863	G2563	1
G1775	G2813	1
G1751	G2961	1
G696	G2283	1
G1112	G1598	1
G475	G1869	1
G2040	G2713	1
G168	G810	1
G828	G1591	1
G577	G2869	1
G778	G1027	1
G885	G960	1
G1511	G2759	1
G425	G2724	1
G806	G2553	1
G755	G1741	1
G1525	G2496	1
G36	G1723	1
G1027	G1211	1
G828	G2846	1
G161	G1934	1
G809	G1625	1
G1863	G2784	1
G1433	G1542	1
G1455	G1982	1
G1625	G2447	1
G1916	G2825	1
G693	G2366	1
G1139	G2776	1
G192	G1863	1
G1034	G2073	1
G1554	G2239	1
G1806	G1948	1
G2538	G2919	1
G773	G2406	1
G596	G2405	1
G1877	G2210	1
G1986	G2523	1
G2769	G2979	1
G729	G828	1
G366	G2366	1
G1827	G2380	1
G505	G698	1
G1004	G2736	1
G497	G2583	1
G890	G2467	1
G1720	G2713	1
G519	G704	1
G1112	G1780	1
G1751	G2983	1
G1224	G2880	1
G1139	G1210	1
G2156	G2557	1
G752	G2586	1
G354	G2620	1
G609	G2588	1
G1183	G1735	1
G551	G2572	1
G425	G1741	1
G1107	G2845	1
G458	G1651	1
G1863	G2769	1
G924	G2768	1
G1675	G2857	1
G364	G1090	1
G1495	G2545	1
G2012	G2899	1
G444	G2877	1
G233	G2892	1
G1397	G2465	1
G2768	G2825	1
G741	G2082	1
G1313	G2188	1
G660	G2366	1
G843	G908	1
G1966	G2892	1
G198	G1155	1
G529	G2435	1
G181	G1265	1
G963	G1429	1
G624	G1424	1
G514	G1112	1
G1933	G2144	1
G958	G960	1
G2012	G2250	1
G1513	G2365	1
G163	G1932	1
G564	G1179	1
G2547	G2949	1
G896	G2899	1
G830	G2317	1
G554	G1550	1
G2295	G2437	1
G40	G2946	1
G1933	G2827	1
G437	G2856	1
G501	G856	1
G2583	G2723	1
G161	G1864	1
G402	G2544	1
G757	G2716	1
G2427	G2621	1
G2380	G2814	1
G1223	G2387	1
G2766	G2977	1
G163	G2724	1
G663	G2790	1
G1628	G1763	1
G1499	G2779	1
G1390	G2144	1
G194	G2341	1
G525	G678	1
G558	G827	1
G1719	G2405	1
G271	G1264	1
G810	G1069	1
G1398	G1994	1
G2117	G2619	1
G2263	G2983	1
G963	G1027	1
G315	G2979	1
G1099	G2044	1
G181	G2733	1
G1039	G2553	1
G1375	G1833	1
G1500	G1953	1
G1080	G1671	1
G2046	G2877	1
G103	G1821	1
G2180	G2977	1
G865	G1428	1
G1112	G2092	1
G656	G2833	1
G2570	G2784	1
G554	G2784	1
G1398	G2876	1
G1499	G1857	1
G1116	G2514	1
G2222	G2320	1
G1109	G1833	1
G2535	G2988	1
G515	G642	1
G353	G1806	1
G531	G1230	1
G561	G1716	1
G569	G774	1
G2068	G2583	1
G715	G1418	1
G1986	G2949	1
G2441	G2881	1
G2496	G2822	1
G435	G784	1
G1030	G2165	1
G586	G1218	1
G1127	G1371	1
G889	G2274	1
G885	G1550	1
G1452	G2017	1
G882	G2838	1
G2235	G2584	1
G835	G1249	1
G150	G899	1
G485	G1889	1
G1335	G1543	1
G1335	G2346	1
G1018	G1937	1
G1500	G2988	1
G773	G1397	1
G715	G1564	1
G955	G1309	1
G1963	G2723	1
G773	G1870	1
G573	G1859	1
G2017	G2849	1
G600	G2092	1
G610	G629	1
G1316	G2865	1
G2368	G2834	1
G70	G1554	1
G2570	G2769	1
G2010	G2471	1
G554	G2769	1
G1982	G2478	1
G1159	G2570	1
G960	G1849	1
G1838	G1894	1
G885	G2563	1
G879	G1382	1
G433	G1723	1
G1524	G2591	1
G159	G2551	1
G1335	G2892	1
G685	G1877	1
G1083	G1513	1
G554	G728	1
G1083	G2849	1
G882	G2369	1
G1606	G1982	1
G595	G892	1
G1390	G2355	1
G267	G2040	1
G1473	G2961	1
G958	G1877	1
G1452	G1916	1
G1903	G2686	1
G1136	G2115	1
G1545	G2884	1
G1218	G2849	1
G703	G2395	1
G554	G1901	1
G1332	G2730	1
G794	G2768	1
G694	G2961	1
G456	G1828	1
G885	G2784	1
G1335	G1671	1
G630	G2457	1
G1702	G2990	1
G610	G907	1
G1375	G1394	1
G882	G1681	1
G433	G1090	1
G1877	G2421	1
G1700	G2208	1
G806	G2165	1
G824	G2645	1
G2465	G2467	1
G456	G2940	1
G402	G2790	1
G1576	G2496	1
G1591	G2430	1
G801	G1726	1
G2137	G2961	1
G902	G2504	1
G275	G2514	1
G1551	G2208	1
G331	G1591	1
G2026	G2667	1
G1622	G1671	1
G268	G1489	1
G1780	G2365	1
G1741	G2354	1
G2297	G2838	1
G2881	G2988	1
G1561	G2775	1
G1207	G1914	1
G642	G2208	1
G1310	G2798	1
G259	G1002	1
G362	G577	1
G2013	G2873	1
G15	G750	1
G482	G868	1
G112	G641	1
G923	G2395	1
G1130	G1723	1
G2073	G2682	1
G1916	G2583	1
G266	G1923	1
G885	G2769	1
G960	G2664	1
G215	G2142	1
G1612	G2366	1
G660	G2017	1
G1863	G2360	1
G1441	G1551	1
G134	G2522	1
G122	G1112	1
G500	G923	1
G444	G960	1
G967	G1186	1
G1218	G1920	1
G835	G1039	1
G193	G2681	1
G721	G2837	1
G366	G1916	1
G180	G1862	1
G1424	G2991	1
G2535	G2949	1
G551	G2078	1
G496	G1712	1
G1080	G1625	1
G885	G1901	1
G1148	G1524	1
G784	G1378	1
G924	G2496	1
G354	G1370	1
G1920	G2924	1
G1783	G1982	1
G1081	G2537	1
G806	G2341	1
G278	G1141	1
G354	G1320	1
G1469	G2877	1
G1332	G2366	1
G1422	G2544	1
G187	G2405	1
G150	G827	1
G1157	G1213	1
G564	G2449	1
G2297	G2738	1
G586	G1622	1
G1007	G1075	1
G267	G2354	1
G80	G2557	1
G1730	G2597	1
G2	G1053	1
G660	G1916	1
G956	G2766	1
G1112	G2977	1
G475	G1027	1
G161	G1585	1
G1863	G2570	1
G1953	G2622	1
G2429	G2588	1
G443	G1320	1
G875	G1551	1
G963	G2103	1
G159	G2273	1
G340	G1452	1
G505	G544	1
G703	G1116	1
G1915	G2085	1
G1106	G2983	1
G141	G2758	1
G2339	G2477	1
G1653	G2347	1
G1190	G2432	1
G558	G1152	1
G1596	G2789	1
G708	G1494	1
G364	G918	1
G514	G773	1
G947	G2232	1
G2230	G2470	1
G153	G301	1
G216	G456	1
G267	G2303	1
G1916	G2041	1
G923	G2046	1
G194	G2838	1
G600	G2977	1
G1948	G2618	1
G1823	G2637	1
G354	G1855	1
G958	G1901	1
G435	G1270	1
G1261	G2222	1
G1335	G1625	1
G1329	G1971	1
G2144	G2846	1
G923	G1116	1
G2380	G2465	1
G1795	G2698	1
G1027	G1645	1
G1429	G1564	1
G644	G2480	1
G691	G2865	1
G1106	G1513	1
G1429	G1525	1
G1171	G1702	1
G18	G1573	1
G1313	G2170	1
G1398	G1694	1
G268	G2946	1
G773	G1334	1
G828	G1651	1
G1589	G1919	1
G311	G616	1
G506	G2758	1
G2041	G2467	1
G1066	G2255	1
G586	G2380	1
G529	G1828	1
G1508	G2848	1
G2180	G2327	1
G474	G2299	1
G1870	G2591	1
G1310	G1806	1
G810	G1433	1
G139	G1704	1
G364	G456	1
G529	G2940	1
G1218	G1223	1
G960	G1963	1
G462	G1521	1
G311	G1065	1
G563	G2814	1
G208	G1193	1
G1604	G2547	1
G2838	G2983	1
G194	G885	1
G674	G2932	1
G306	G2175	1
G2327	G2465	1
G141	G2768	1
G876	G1112	1
G444	G1550	1
G1320	G2073	1
G405	G2674	1
G714	G2498	1
G1916	G2514	1
G1168	G2535	1
G381	G674	1
G824	G2895	1
G148	G1645	1
G806	G2540	1
G848	G2870	1
G2719	G2968	1
G2560	G2628	1
G1701	G1877	1
G899	G2073	1
G696	G1835	1
G794	G2496	1
G1431	G1541	1
G2105	G2622	1
G554	G2570	1
G139	G2921	1
G710	G2901	1
G364	G1986	1
G2190	G2271	1
G616	G1604	1
G1948	G2730	1
G1309	G2973	1
G1058	G2822	1
G2180	G2988	1
G2073	G2812	1
G515	G2425	1
G923	G2979	1
G1612	G2017	1
G1758	G2991	1
G796	G2283	1
G1016	G2921	1
G1099	G2381	1
G444	G2563	1
G1918	G2994	1
G1508	G1966	1
G353	G1335	1
G1152	G2977	1
G112	G197	1
G596	G2426	1
G353	G1551	1
G2443	G2738	1
G2838	G2849	1
G49	G854	1
G266	G2544	1
G931	G2447	1
G474	G2948	1
G497	G693	1
G851	G1591	1
G858	G1628	1
G600	G758	1
G2142	G2955	1
G2180	G2523	1
G1236	G2799	1
G790	G2189	1
G475	G2471	1
G194	G1310	1
G1372	G1907	1
G2005	G2341	1
G444	G2784	1
G755	G2834	1
G1112	G2766	1
G275	G693	1
G1205	G1934	1
G896	G1327	1
G112	G1735	1
G1014	G1869	1
G1927	G2357	1
G425	G931	1
G1452	G1893	1
G1981	G2168	1
G197	G1610	1
G362	G563	1
G445	G2296	1
G784	G1371	1
G698	G1605	1
G964	G2467	1
G946	G1781	1
G642	G2086	1
G258	G1828	1
G302	G2567	1
G1893	G2435	1
G827	G2103	1
G366	G660	1
G2366	G2465	1
G335	G1930	1
G1836	G2365	1
G2467	G2597	1
G1867	G2366	1
G922	G2119	1
G523	G1567	1
G2485	G2528	1
G931	G1441	1
G447	G955	1
G1726	G2168	1
G2175	G2682	1
G433	G1103	1
G1591	G1863	1
G885	G2570	1
G963	G1331	1
G2873	G2955	1
G1090	G2881	1
G1422	G2369	1
G1247	G2075	1
G475	G2103	1
G1913	G2993	1
G199	G1748	1
G600	G2766	1
G90	G2245	1
G444	G2769	1
G462	G2121	1
G1403	G2505	1
G150	G1152	1
G444	G2859	1
G1933	G2222	1
G1422	G1681	1
G426	G2312	1
G899	G1877	1
G1068	G2870	1
G2041	G2425	1
G1332	G1916	1
G1422	G2738	1
G1334	G1446	1
G610	G1039	1
G315	G1916	1
G370	G470	1
G372	G1196	1
G475	G734	1
G1451	G1611	1
G145	G2283	1
G1316	G2693	1
G1702	G2754	1
G2046	G2784	1
G2738	G2825	1
G444	G1901	1
G1284	G1739	1
G1397	G1827	1
G332	G2092	1
G1099	G2848	1
G1543	G1932	1
G2766	G2949	1
G586	G2232	1
G960	G1719	1
G1039	G2540	1
G444	G1997	1
G1133	G2882	1
G723	G2470	1
G642	G1418	1
G1645	G2365	1
G1525	G2972	1
G1205	G1864	1
G11	G2812	1
G1261	G1675	1
G1390	G2222	1
G334	G1339	1
G433	G456	1
G612	G2041	1
G1042	G2462	1
G1455	G2843	1
G1551	G1564	1
G1455	G2258	1
G577	G1335	1
G1106	G1223	1
G577	G1551	1
G1543	G2724	1
G221	G2410	1
G1630	G2309	1
G1787	G2295	1
G413	G2939	1
G685	G2570	1
G2791	G2983	1
G642	G1564	1
G1897	G2263	1
G163	G931	1
G125	G612	1
G216	G2063	1
G958	G2570	1
G1495	G1630	1
G531	G1344	1
G1320	G2597	1
G322	G1222	1
G2180	G2949	1
G2525	G2532	1
G774	G851	1
G150	G715	1
G1500	G2648	1
G266	G2790	1
G1786	G2348	1
G1273	G2500	1
G1513	G2447	1
G789	G1704	1
G756	G2277	1
G1261	G2296	1
G1223	G2496	1
G1862	G1962	1
G810	G1270	1
G1135	G2901	1
G1849	G2441	1
G632	G2662	1
G2206	G2758	1
G366	G1328	1
G897	G2188	1
G2650	G2972	1
G281	G1136	1
G587	G2342	1
G616	G2292	1
G912	G2952	1
G1099	G1966	1
G1007	G2583	1
G1489	G1793	1
G1313	G1508	1
G1598	G2352	1
G163	G2406	1
G1103	G2341	1
G1211	G1576	1
G1924	G2401	1
G2092	G2137	1
G1116	G1948	1
G2263	G2865	1
G875	G1719	1
G2606	G2654	1
G456	G1383	1
G709	G2381	1
G437	G2354	1
G1589	G2437	1
G2620	G2724	1
G758	G1912	1
G729	G1793	1
G1327	G2793	1
G348	G564	1
G964	G2425	1
G216	G2776	1
G660	G1328	1
G574	G2979	1
G141	G2496	1
G364	G2063	1
G1930	G2758	1
G157	G1010	1
G697	G1790	1
G1139	G2798	1
G1488	G1992	1
G1382	G1455	1
G1453	G1537	1
G193	G286	1
G561	G755	1
G1469	G1550	1
G157	G2676	1
G1211	G2977	1
G1771	G2525	1
G561	G993	1
G1848	G2348	1
G126	G2988	1
G1130	G1986	1
G773	G1112	1
G586	G596	1
G1496	G2327	1
G194	G2073	1
G1828	G2622	1
G475	G1975	1
G437	G2303	1
G1833	G2955	1
G2266	G2368	1
G1385	G1985	1
G1946	G1953	1
G1140	G1561	1
G882	G1500	1
G2467	G2721	1
G2224	G2390	1
G563	G2465	1
G1328	G1828	1
G586	G625	1
G688	G1565	1
G475	G2871	1
G422	G1927	1
G923	G2031	1
G364	G514	1
G1452	G2553	1
G1335	G2435	1
G709	G2162	1
G600	G2523	1
G2583	G2843	1
G1852	G2828	1
G516	G2551	1
G918	G2713	1
G476	G1719	1
G2206	G2768	1
G1500	G2365	1
G1097	G2696	1
G2449	G2844	1
G42	G2259	1
G744	G1441	1
G2175	G2812	1
G36	G1087	1
G93	G1355	1
G629	G1139	1
G770	G1864	1
G784	G1309	1
G1728	G2525	1
G904	G1452	1
G1469	G2784	1
G1335	G2563	1
G897	G2815	1
G2381	G2870	1
G2681	G2903	1
G685	G2441	1
G15	G2244	1
G1455	G2849	1
G82	G1628	1
G1152	G2327	1
G80	G924	1
G630	G2214	1
G18	G357	1
G444	G1529	1
G1026	G2532	1
G1053	G2103	1
G187	G2426	1
G456	G694	1
G444	G2360	1
G1948	G2017	1
G1148	G1681	1
G1748	G1780	1
G348	G1333	1
G674	G2769	1
G1398	G2799	1
G577	G1963	1
G817	G1139	1
G506	G1748	1
G1282	G2758	1
G569	G2814	1
G610	G964	1
G700	G1264	1
G745	G2690	1
G1027	G2581	1
G75	G2138	1
G1152	G1953	1
G1201	G1424	1
G496	G2712	1
G1112	G2951	1
G1325	G2037	1
G1606	G2843	1
G1606	G2258	1
G113	G778	1
G1469	G2769	1
G801	G2881	1
G408	G760	1
G2447	G2983	1
G665	G2310	1
G1780	G2447	1
G586	G1332	1
G2283	G2979	1
G2157	G2815	1
G816	G1313	1
G1591	G2522	1
G1525	G1671	1
G1320	G2721	1
G194	G1420	1
G586	G801	1
G610	G2814	1
G444	G529	1
G918	G1452	1
G1152	G2988	1
G934	G1488	1
G1625	G1726	1
G1316	G2263	1
G1469	G1901	1
G574	G899	1
G1205	G1585	1
G1412	G1603	1
G239	G2078	1
G1445	G2467	1
G1513	G2620	1
G329	G1305	1
G402	G1500	1
G456	G1986	1
G410	G1915	1
G132	G1561	1
G1152	G2523	1
G1243	G1334	1
G194	G1007	1
G1428	G1904	1
G1564	G2780	1
G1139	G1806	1
G2435	G2940	1
G199	G1700	1
G1390	G2296	1
G177	G1612	1
G433	G2063	1
G2405	G2979	1
G1140	G2071	1
G529	G1383	1
G600	G2949	1
G934	G2230	1
G1335	G1997	1
G1329	G2274	1
G111	G1220	1
G758	G1985	1
G1417	G1904	1
G470	G1428	1
G1010	G1867	1
G1383	G2419	1
G1985	G2682	1
G1397	G1455	1
G1008	G2815	1
G1310	G1429	1
G542	G2041	1
G60	G564	1
G678	G2875	1
G760	G2138	1
G24	G2056	1
G194	G2597	1
G715	G1513	1
G2497	G2979	1
G1222	G2917	1
G2320	G2946	1
G283	G2882	1
G1783	G2843	1
G2583	G2849	1
G330	G337	1
G634	G858	1
G472	G2909	1
G1106	G2865	1
G1207	G2556	1
G90	G2937	1
G2693	G2724	1
G993	G2682	1
G586	G882	1
G433	G514	1
G300	G1334	1
G1316	G1496	1
G223	G1510	1
G1004	G1139	1
G1666	G2924	1
G1316	G2118	1
G120	G1637	1
G1441	G2924	1
G1496	G2949	1
G2283	G2730	1
G40	G1694	1
G114	G948	1
G391	G2230	1
G521	G1617	1
G663	G1612	1
G1288	G2622	1
G709	G806	1
G267	G958	1
G2236	G2553	1
G794	G2644	1
G624	G2157	1
G1963	G2983	1
G589	G925	1
G758	G962	1
G2111	G2278	1
G1383	G2972	1
G391	G1701	1
G1118	G2072	1
G1249	G1478	1
G433	G1087	1
G2232	G2381	1
G955	G2948	1
G1331	G1893	1
G149	G1816	1
G1027	G1524	1
G2172	G2398	1
G1220	G1763	1
G2465	G2825	1
G931	G1320	1
G1441	G1903	1
G1606	G2849	1
G149	G2568	1
G283	G2535	1
G1852	G2045	1
G2273	G2404	1
G625	G828	1
G1003	G1957	1
G2480	G2582	1
G1543	G2355	1
G907	G1329	1
G2296	G2946	1
G751	G1838	1
G258	G1383	1
G736	G1398	1
G462	G2040	1
G889	G1116	1
G1152	G2949	1
G1916	G1948	1
G899	G2570	1
G1686	G1966	1
G170	G3003	1
G1211	G2327	1
G174	G2979	1
G882	G1010	1
G574	G827	1
G1525	G1625	1
G2838	G2865	1
G2496	G2766	1
G550	G628	1
G1040	G1728	1
G1403	G2317	1
G882	G2676	1
G515	G600	1
G629	G1562	1
G1719	G2467	1
G1109	G2630	1
G680	G1806	1
G1445	G2425	1
G353	G1783	1
G962	G1719	1
G1726	G2040	1
G1499	G2142	1
G682	G2355	1
G780	G2248	1
G890	G2583	1
G931	G1741	1
G148	G1524	1
G1679	G2415	1
G747	G1337	1
G355	G2551	1
G625	G2583	1
G1816	G2498	1
G964	G2166	1
G1606	G1920	1
G1500	G1521	1
G443	G663	1
G1430	G2190	1
G761	G1722	1
G691	G2263	1
G163	G1334	1
G306	G1027	1
G858	G1763	1
G1211	G2988	1
G2849	G2940	1
G624	G1933	1
G1997	G2812	1
G1793	G2815	1
G1335	G2360	1
G1062	G2439	1
G1271	G2921	1
G1932	G2881	1
G2544	G2724	1
G402	G1612	1
G1273	G2847	1
G2538	G2961	1
G1222	G1321	1
G75	G1429	1
G1576	G1671	1
G1424	G2538	1
G2263	G2693	1
G456	G2063	1
G889	G2979	1
G842	G926	1
G924	G1543	1
G924	G2346	1
G1903	G1986	1
G1799	G2955	1
G1133	G2547	1
G2214	G2713	1
G2303	G2776	1
G124	G2554	1
G193	G976	1
G1747	G1923	1
G107	G1671	1
G1203	G2429	1
G529	G1316	1
G1985	G2812	1
G1320	G2191	1
G41	G260	1
G292	G1165	1
G2671	G2981	1
G715	G1223	1
G1203	G1560	1
G1923	G2073	1
G1852	G2346	1
G1564	G2175	1
G482	G1635	1
G1429	G1513	1
G693	G2341	1
G2115	G2291	1
G2172	G2340	1
G1857	G2079	1
G2005	G2073	1
G1004	G2274	1
G1719	G2352	1
G420	G525	1
G456	G514	1
G2538	G2983	1
G1827	G1920	1
G36	G1329	1
G1270	G2681	1
G385	G2972	1
G1365	G2156	1
G1622	G1792	1
G2232	G2462	1
G1783	G1920	1
G924	G1671	1
G577	G1783	1
G1207	G2743	1
G691	G2118	1
G2798	G2979	1
G2504	G2776	1
G985	G1236	1
G117	G2082	1
G934	G1751	1
G2877	G2963	1
G1806	G2063	1
G132	G1309	1
G2250	G2779	1
G1332	G1337	1
G907	G2869	1
G315	G709	1
G995	G2711	1
G755	G2939	1
G266	G2092	1
G660	G2341	1
G462	G1932	1
G2072	G2991	1
G1500	G2121	1
G194	G2591	1
G1645	G2447	1
G1119	G2525	1
G1551	G2843	1
G1719	G2425	1
G736	G1877	1
G2317	G2493	1
G197	G1390	1
G475	G1606	1
G1513	G1741	1
G374	G2522	1
G1027	G2544	1
G642	G2843	1
G896	G1138	1
G126	G2648	1
G194	G1823	1
G529	G2789	1
G1015	G2909	1
G1224	G2240	1
G1543	G2406	1
G1513	G1855	1
G1543	G2834	1
G462	G2724	1
G675	G2262	1
G1313	G2320	1
G1448	G1542	1
G177	G2381	1
G335	G2526	1
G1328	G1383	1
G515	G2972	1
G1112	G2380	1
G2295	G2404	1
G1726	G1932	1
G418	G2810	1
G2502	G2587	1
G721	G2525	1
G374	G629	1
G144	G200	1
G2118	G2877	1
G2121	G2881	1
G755	G1112	1
G612	G2115	1
G1806	G2776	1
G1452	G2540	1
G1645	G2451	1
G1613	G1768	1
G187	G2467	1
G1161	G2108	1
G554	G2430	1
G2040	G2447	1
G1726	G2724	1
G774	G2597	1
G195	G2774	1
G2465	G2583	1
G362	G2570	1
G187	G475	1
G2418	G2467	1
G1039	G2597	1
G1313	G2300	1
G558	G923	1
G802	G2342	1
G1654	G2568	1
G823	G1953	1
G2730	G2822	1
G1211	G1989	1
G1280	G1914	1
G1718	G2244	1
G1576	G1625	1
G2228	G2919	1
G600	G2380	1
G1090	G2682	1
G385	G2583	1
G497	G1090	1
G794	G1543	1
G714	G1610	1
G117	G1861	1
G1387	G1948	1
G663	G2381	1
G527	G1591	1
G964	G2825	1
G2316	G2612	1
G1938	G2328	1
G425	G1112	1
G177	G2162	1
G266	G1500	1
G2563	G2877	1
G2137	G2693	1
G1758	G2538	1
G107	G1625	1
G275	G1090	1
G577	G2924	1
G563	G1827	1
G880	G1330	1
G823	G2988	1
G302	G2497	1
G306	G2103	1
G1551	G2983	1
G126	G408	1
G439	G851	1
G767	G2357	1
G907	G1106	1
G2467	G2637	1
G1923	G2597	1
G596	G1912	1
G806	G2721	1
G126	G2365	1
G1915	G2560	1
G794	G1671	1
G2200	G2877	1
G36	G2869	1
G257	G2564	1
G2005	G2597	1
G1917	G2257	1
G724	G900	1
G1106	G2693	1
G1836	G2620	1
G721	G1205	1
G134	G1139	1
G425	G554	1
G574	G715	1
G2496	G2949	1
G931	G1726	1
G2545	G2945	1
G586	G2040	1
G1761	G2570	1
G1554	G2291	1
G1500	G2447	1
G1155	G2685	1
G1058	G2766	1
G901	G1742	1
G1027	G2790	1
G1874	G2381	1
G2190	G2221	1
G1605	G2198	1
G1551	G2849	1
G846	G2469	1
G634	G2470	1
G2979	G2988	1
G157	G2208	1
G192	G1139	1
G2597	G2736	1
G642	G1513	1
G1518	G1790	1
G1543	G1870	1
G642	G2849	1
G1635	G2235	1
G1299	G2556	1
G139	G1758	1
G556	G2687	1
G2274	G2724	1
G1743	G2980	1
G960	G1576	1
G104	G2019	1
G1525	G2435	1
G1422	G2676	1
G1561	G1882	1
G1220	G2490	1
G2365	G2597	1
G381	G407	1
G1394	G1635	1
G630	G808	1
G177	G1218	1
G139	G1008	1
G913	G1461	1
G1948	G2553	1
G1040	G2981	1
G177	G2462	1
G2191	G2784	1
G161	G2398	1
G1328	G1986	1
G1112	G2232	1
G2440	G2838	1
G187	G2425	1
G1562	G2979	1
G2395	G2814	1
G2447	G2865	1
G1615	G2395	1
G1645	G2620	1
G1087	G1211	1
G110	G2909	1
G693	G2838	1
G1224	G1265	1
G1008	G2994	1
G159	G2793	1
G563	G890	1
G402	G2381	1
G2025	G2188	1
G694	G1739	1
G216	G1106	1
G332	G2462	1
G2063	G2105	1
G1564	G2138	1
G2031	G2766	1
G2789	G2977	1
G1515	G2674	1
G215	G1204	1
G715	G2865	1
G2236	G2540	1
G823	G963	1
G2895	G2979	1
G642	G1446	1
G2465	G2514	1
G213	G2484	1
G758	G2206	1
G639	G2454	1
G1383	G1445	1
G1332	G2341	1
G2191	G2769	1
G1382	G2758	1
G600	G2232	1
G1329	G2478	1
G1997	G2869	1
G417	G2505	1
G663	G2462	1
G693	G2369	1
G1143	G2522	1
G1223	G1543	1
G956	G2856	1
G1223	G2156	1
G364	G2798	1
G36	G1106	1
G148	G2838	1
G196	G2071	1
G1027	G1681	1
G529	G1083	1
G1224	G2733	1
G2047	G2233	1
G1521	G2419	1
G1027	G2738	1
G216	G2175	1
G480	G2316	1
G714	G1099	1
G1083	G1496	1
G563	G2599	1
G177	G806	1
G911	G2189	1
G693	G885	1
G2667	G2988	1
G402	G2162	1
G1065	G1420	1
G722	G1671	1
G1218	G2118	1
G366	G885	1
G1449	G2315	1
G517	G2880	1
G1513	G1726	1
G266	G1612	1
G1862	G1979	1
G2004	G2067	1
G554	G2569	1
G2724	G2977	1
G141	G2156	1
G2098	G2833	1
G112	G934	1
G809	G2789	1
G1223	G1671	1
G433	G1255	1
G148	G2369	1
G159	G1772	1
G1331	G2341	1
G197	G2385	1
G1419	G1564	1
G133	G2421	1
G949	G2764	1
G433	G2869	1
G353	G2312	1
G835	G890	1
G926	G2644	1
G1591	G2814	1
G993	G1416	1
G1903	G2766	1
G660	G885	1
G1963	G2865	1
G586	G1932	1
G2025	G2815	1
G1288	G1712	1
G148	G1681	1
G1521	G2972	1
G148	G2738	1
G364	G2175	1
G2137	G2263	1
G663	G806	1
G1261	G2400	1
G1231	G1433	1
G1606	G2421	1
G554	G1863	1
G2019	G2429	1
G2103	G2563	1
G161	G2340	1
G1751	G2846	1
G2395	G2547	1
G923	G1540	1
G1966	G2247	1
G141	G1671	1
G11	G1849	1
G366	G425	1
G514	G1730	1
G528	G765	1
G1500	G2620	1
G563	G1606	1
G1681	G2465	1
G794	G1445	1
G2462	G2814	1
G192	G2274	1
G216	G1806	1
G1683	G2685	1
G306	G2297	1
G514	G789	1
G1141	G2427	1
G1550	G2496	1
G1687	G2927	1
G283	G2465	1
G1849	G1863	1
G1982	G2553	1
G216	G266	1
G1093	G2768	1
G736	G2246	1
G600	G1422	1
G1793	G2994	1
G1857	G2273	1
G806	G2242	1
G1106	G2263	1
G2	G1562	1
G1524	G1957	1
G1588	G2720	1
G1992	G2994	1
G789	G1758	1
G625	G835	1
G2496	G2667	1
G806	G2191	1
G1668	G2641	1
G402	G2462	1
G2551	G2741	1
G798	G2049	1
G2810	G2848	1
G303	G2160	1
G315	G2540	1
G354	G1112	1
G145	G1975	1
G1136	G1848	1
G789	G1008	1
G1719	G1985	1
G1157	G2302	1
G903	G2262	1
G772	G2940	1
G734	G1441	1
G2138	G2822	1
G1781	G2689	1
G806	G2441	1
G1576	G2435	1
G1112	G1332	1
G267	G1098	1
G281	G834	1
G364	G1806	1
G1912	G2648	1
G1116	G1666	1
G1564	G1835	1
G157	G2723	1
G1749	G2493	1
G433	G2798	1
G1495	G1783	1
G232	G2315	1
G11	G685	1
G2063	G2188	1
G1422	G2381	1
G934	G1547	1
G2162	G2544	1
G107	G2435	1
G2435	G2789	1
G1424	G1523	1
G577	G2312	1
G1429	G2865	1
G764	G1211	1
G1869	G2471	1
G722	G1625	1
G1906	G2856	1
G354	G554	1
G758	G1604	1
G433	G1106	1
G1801	G2746	1
G1915	G2722	1
G1218	G1591	1
G772	G1330	1
G256	G764	1
G275	G456	1
G2398	G2719	1
G694	G1313	1
G456	G2780	1
G1171	G2840	1
G2467	G2689	1
G1106	G1496	1
G1953	G2581	1
G1106	G2118	1
G433	G2025	1
G600	G1332	1
G1893	G2789	1
G402	G806	1
G514	G2686	1
G163	G773	1
G924	G2435	1
G600	G801	1
G1502	G2894	1
G1332	G1946	1
G1452	G2073	1
G1316	G2366	1
G685	G1863	1
G38	G2570	1
G960	G2327	1
G2572	G2894	1
G391	G1547	1
G835	G1455	1
G1441	G2713	1
G563	G696	1
G258	G2642	1
G2769	G2877	1
G1130	G2798	1
G2687	G2719	1
G663	G2380	1
G1240	G2449	1
G157	G1617	1
G629	G2068	1
G2462	G2547	1
G1064	G2352	1
G977	G2540	1
G1228	G1372	1
G960	G1953	1
G2191	G2570	1
G77	G628	1
G964	G2514	1
G2365	G2570	1
G851	G1505	1
G1645	G1741	1
G1306	G2684	1
G1339	G2632	1
G1525	G1828	1
G157	G1564	1
G1152	G1521	1
G1310	G2405	1
G281	G546	1
G407	G1393	1
G126	G2121	1
G89	G479	1
G902	G2471	1
G1141	G1749	1
G2814	G2988	1
G1489	G2810	1
G161	G2172	1
G462	G931	1
G1912	G2365	1
G965	G2317	1
G1525	G2940	1
G801	G2812	1
G1742	G1799	1
G596	G1554	1
G462	G1243	1
G848	G1211	1
G960	G2988	1
G1741	G2622	1
G1610	G2222	1
G1023	G1658	1
G729	G2810	1
G1521	G1671	1
G182	G1712	1
G1719	G2825	1
G2429	G2685	1
G890	G1948	1
G823	G2648	1
G1524	G2736	1
G2789	G2988	1
G2214	G2365	1
G2346	G2712	1
G625	G1948	1
G891	G2846	1
G960	G2523	1
G2045	G2266	1
G2200	G2784	1
G2429	G2510	1
G139	G2946	1
G797	G1095	1
G1441	G1452	1
G2175	G2664	1
G883	G959	1
G902	G2103	1
G616	G1986	1
G141	G1445	1
G2162	G2790	1
G532	G2764	1
G275	G283	1
G875	G1953	1
G1080	G2789	1
G907	G1335	1
G2115	G2232	1
G2447	G2693	1
G433	G1806	1
G907	G1551	1
G421	G2375	1
G148	G691	1
G1383	G1948	1
G1577	G1806	1
G963	G2467	1
G897	G2320	1
G1673	G1916	1
G2344	G2768	1
G194	G1168	1
G1524	G2453	1
G1726	G2834	1
G1589	G2404	1
G1329	G2979	1
G940	G2701	1
G266	G2381	1
G1093	G2496	1
G1518	G2887	1
G1116	G2063	1
G554	G2522	1
G715	G2693	1
G569	G2599	1
G1741	G2241	1
G2283	G2553	1
G2103	G2360	1
G87	G1314	1
G778	G2425	1
G402	G2380	1
G1903	G2162	1
G545	G2032	1
G794	G2435	1
G306	G2405	1
G554	G629	1
G1586	G1923	1
G2724	G2988	1
G923	G2045	1
G1700	G2865	1
G1948	G2540	1
G1842	G2311	1
G714	G2994	1
G1833	G2108	1
G1849	G2522	1
G1445	G2583	1
G529	G2780	1
G1152	G2121	1
G1469	G2430	1
G1551	G2865	1
G1007	G1723	1
G974	G2082	1
G2026	G2355	1
G1068	G1211	1
G1847	G2241	1
G1452	G2597	1
G448	G1693	1
G889	G1893	1
G1010	G1780	1
G1130	G1806	1
G1249	G1666	1
G476	G1953	1
G796	G2405	1
G177	G1469	1
G1309	G1403	1
G1500	G1741	1
G777	G1168	1
G139	G634	1
G823	G2365	1
G298	G995	1
G1654	G1706	1
G1460	G2009	1
G1919	G1984	1
G554	G907	1
G266	G2162	1
G960	G963	1
G1335	G2789	1
G153	G600	1
G1095	G2972	1
G1500	G1855	1
G2814	G2949	1
G2572	G2958	1
G858	G1816	1
G300	G1211	1
G1007	G1090	1
G2241	G2865	1
G693	G1007	1
G659	G957	1
G1316	G2017	1
G691	G2366	1
G1205	G2398	1
G960	G2949	1
G876	G1867	1
G1978	G2210	1
G558	G2563	1
G1806	G2798	1
G897	G1269	1
G2837	G2990	1
G231	G2790	1
G150	G616	1
G1915	G2876	1
G456	G2175	1
G931	G2881	1
G1017	G2698	1
G1329	G2730	1
G2789	G2949	1
G212	G1540	1
G1963	G2693	1
G456	G2283	1
G747	G2073	1
G126	G2451	1
G693	G2597	1
G2239	G2595	1
G1375	G2433	1
G2230	G2245	1
G462	G1397	1
G663	G1469	1
G956	G2040	1
G177	G596	1
G462	G1870	1
G587	G1333	1
G624	G1696	1
G1914	G2743	1
G2274	G2406	1
G1112	G1850	1
G36	G1335	1
G2468	G2648	1
G2229	G2991	1
G1903	G2462	1
G595	G2063	1
G709	G1768	1
G1334	G1591	1
G1316	G1916	1
G1420	G2046	1
G36	G2664	1
G1020	G1526	1
G2380	G2758	1
G2063	G2979	1
G885	G907	1
G1123	G2799	1
G177	G462	1
G1010	G2092	1
G836	G2973	1
G1576	G1828	1
G1027	G1500	1
G1992	G2385	1
G963	G2425	1
G1564	G2103	1
G1397	G2496	1
G1792	G2754	1
G1010	G1080	1
G685	G2522	1
G907	G1963	1
G2230	G2498	1
G2404	G2899	1
G1881	G2412	1
G368	G525	1
G1710	G2354	1
G660	G2597	1
G40	G1191	1
G2031	G2667	1
G437	G1098	1
G610	G1455	1
G1806	G2175	1
G2263	G2618	1
G275	G2776	1
G1939	G2890	1
G2419	G2881	1
G601	G1927	1
G1431	G2786	1
G736	G858	1
G1932	G2812	1
G600	G1850	1
G2299	G2317	1
G266	G2462	1
G827	G2467	1
G353	G1452	1
G1854	G2147	1
G2425	G2814	1
G2724	G2949	1
G109	G854	1
G789	G2946	1
G1334	G2622	1
G2274	G2870	1
G882	G1418	1
G2118	G2570	1
G525	G2848	1
G1397	G1748	1
G1495	G1636	1
G1612	G2073	1
G879	G1529	1
G482	G1984	1
G2355	G2838	1
G2547	G2773	1
G315	G960	1
G558	G1997	1
G1645	G1726	1
G475	G2467	1
G192	G993	1
G1799	G2012	1
G803	G1012	1
G231	G1681	1
G685	G1053	1
G1223	G2435	1
G231	G2738	1
G80	G1953	1
G882	G1525	1
G924	G1828	1
G26	G359	1
G577	G2713	1
G1058	G2380	1
G1288	G2712	1
G133	G1739	1
G685	G907	1
G1176	G2696	1
G1901	G2822	1
G625	G1828	1
G1018	G2917	1
G758	G1143	1
G1332	G2073	1
G1874	G1982	1
G1630	G2073	1
G596	G2206	1
G1893	G2642	1
G629	G899	1
G569	G696	1
G516	G1772	1
G177	G801	1
G1133	G1606	1
G1205	G2340	1
G2044	G2072	1
G899	G1863	1
G1249	G2063	1
G122	G924	1
G2563	G2570	1
G1513	G2881	1
G586	G958	1
G646	G1965	1
G141	G2435	1
G463	G2999	1
G1333	G1494	1
G1383	G1828	1
G525	G1966	1
G266	G806	1
G2553	G2689	1
G36	G719	1
G715	G2263	1
G36	G842	1
G150	G1550	1
G1512	G1739	1
G391	G729	1
G2263	G2730	1
G2192	G2396	1
G889	G2553	1
G1383	G2940	1
G364	G894	1
G1681	G1827	1
G334	G2981	1
G364	G1429	1
G907	G1419	1
G956	G2303	1
G607	G1603	1
G126	G2620	1
G1220	G2921	1
G1138	G1742	1
G2730	G2766	1
G1963	G2468	1
G747	G2597	1
G703	G2877	1
G663	G1332	1
G691	G2017	1
G82	G2848	1
G150	G2563	1
G2440	G2721	1
G577	G1452	1
G2041	G2115	1
G1112	G2040	1
G1331	G2073	1
G1495	G2312	1
G586	G2406	1
G1187	G1382	1
G266	G2667	1
G2121	G2812	1
G693	G2721	1
G1265	G1542	1
G2180	G2724	1
G867	G1728	1
G744	G2881	1
G1508	G2210	1
G440	G1605	1
G1916	G2063	1
G46	G426	1
G402	G596	1
G574	G923	1
G433	G1335	1
G2425	G2547	1
G810	G2457	1
G1561	G2041	1
G125	G799	1
G923	G1852	1
G610	G2068	1
G266	G1622	1
G247	G611	1
G2255	G2685	1
G2769	G2784	1
G923	G2877	1
G809	G2780	1
G1027	G1747	1
G1540	G1591	1
G1864	G2981	1
G2174	G2671	1
G1240	G1518	1
G1835	G1963	1
G1223	G1997	1
G1870	G2983	1
G715	G1496	1
G1332	G1420	1
G723	G2245	1
G1204	G1833	1
G823	G1521	1
G715	G2118	1
G462	G1334	1
G1723	G1923	1
G1139	G2405	1
G721	G2990	1
G883	G2719	1
G962	G2988	1
G1500	G1726	1
G2357	G2796	1
G1209	G2553	1
G801	G823	1
G1328	G2780	1
G231	G2440	1
G660	G2721	1
G1963	G2263	1
G1008	G1654	1
G865	G1157	1
G331	G1946	1
G475	G2425	1
G586	G2870	1
G402	G558	1
G153	G2583	1
G315	G1550	1
G109	G2833	1
G694	G1651	1
G150	G2769	1
G2369	G2798	1
G2017	G2366	1
G794	G1828	1
G1916	G2776	1
G456	G2138	1
G521	G2865	1
G715	G889	1
G60	G2449	1
G563	G642	1
G1716	G2945	1
G835	G899	1
G2693	G2976	1
G197	G828	1
G1719	G2514	1
G723	G2498	1
G331	G2838	1
G1966	G2080	1
G1455	G1591	1
G1130	G1335	1
G590	G1269	1
G1083	G2366	1
G2426	G2738	1
G486	G1778	1
G2790	G2940	1
G1828	G1923	1
G1554	G2731	1
G1159	G2814	1
G2522	G2569	1
G150	G1901	1
G187	G2583	1
G533	G1140	1
G1944	G2490	1
G524	G851	1
G1542	G2681	1
G426	G1554	1
G1332	G2597	1
G2412	G2630	1
G663	G703	1
G1112	G2354	1
G1630	G2597	1
G1808	G2577	1
G1046	G1604	1
G1803	G1948	1
G1579	G2021	1
G312	G1007	1
G521	G1315	1
G714	G2385	1
G1419	G1513	1
G2968	G2978	1
G374	G1139	1
G1419	G2849	1
G11	G610	1
G36	G1419	1
G693	G1010	1
G577	G963	1
G1053	G2467	1
G1441	G2648	1
G112	G1842	1
G1027	G2676	1
G266	G2380	1
G610	G1099	1
G1953	G2838	1
G402	G1332	1
G497	G1187	1
G2721	G2825	1
G1700	G2693	1
G693	G2676	1
G890	G1090	1
G622	G1849	1
G385	G1828	1
G1205	G2172	1
G1372	G2232	1
G1455	G2005	1
G444	G907	1
G1455	G2622	1
G1842	G2070	1
G148	G2591	1
G1551	G2693	1
G1288	G2581	1
G1114	G2785	1
G1335	G2642	1
G1681	G1841	1
G36	G157	1
G1806	G2138	1
G696	G2467	1
G622	G876	1
G1241	G1242	1
G1010	G1612	1
G2232	G2843	1
G1566	G2346	1
G1329	G1916	1
G1523	G2490	1
G777	G1418	1
G1521	G2435	1
G2230	G2937	1
G1758	G2961	1
G1906	G2303	1
G2038	G2347	1
G1136	G2595	1
G552	G763	1
G226	G656	1
G2763	G2943	1
G283	G755	1
G1953	G2369	1
G2435	G2780	1
G315	G2769	1
G148	G1010	1
G1429	G2263	1
G2283	G2540	1
G268	G1191	1
G1112	G1932	1
G563	G2758	1
G2380	G2496	1
G2484	G2528	1
G899	G1957	1
G1099	G2210	1
G148	G2676	1
G315	G728	1
G2676	G2877	1
G2545	G2872	1
G1006	G2999	1
G1316	G1328	1
G2351	G2979	1
G515	G1828	1
G1953	G2738	1
G907	G1783	1
G1617	G1681	1
G315	G1901	1
G1475	G1693	1
G423	G476	1
G1254	G1301	1
G1671	G2812	1
G515	G2940	1
G703	G960	1
G2662	G2973	1
G529	G2180	1
G2266	G2467	1
G1508	G2421	1
G139	G1994	1
G109	G2900	1
G187	G2206	1
G355	G1772	1
G622	G685	1
G1625	G2812	1
G445	G897	1
G1758	G2983	1
G1010	G2766	1
G1090	G1867	1
G1621	G2763	1
G545	G716	1
G899	G2522	1
G1446	G1780	1
G600	G1932	1
G205	G1980	1
G1693	G2145	1
G1441	G2365	1
G174	G2045	1
G2426	G2440	1
G126	G1320	1
G283	G1606	1
G709	G1223	1
G2474	G2920	1
G173	G313	1
G1109	G1375	1
G600	G2724	1
G722	G2940	1
G1438	G2866	1
G153	G2514	1
G1201	G1236	1
G2514	G2907	1
G2618	G2721	1
G1422	G1525	1
G2467	G2736	1
G1008	G1978	1
G923	G960	1
G275	G1329	1
G1406	G1953	1
G1903	G2232	1
G375	G1098	1
G217	G648	1
G226	G1006	1
G696	G2352	1
G1562	G2553	1
G1450	G1754	1
G2336	G2771	1
G1612	G2721	1
G36	G848	1
G799	G2038	1
G596	G693	1
G1723	G2544	1
G2583	G2622	1
G400	G806	1
G245	G806	1
G157	G2983	1
G958	G1039	1
G1424	G1473	1
G1550	G1671	1
G1496	G1932	1
G64	G1751	1
G1090	G1849	1
G1112	G1288	1
G653	G2449	1
G187	G2514	1
G456	G1835	1
G1106	G2366	1
G197	G676	1
G835	G2758	1
G2210	G2300	1
G1473	G1508	1
G875	G2365	1
G738	G1186	1
G309	G1598	1
G1142	G1806	1
G2232	G2354	1
G2351	G2730	1
G2730	G2949	1
G126	G1741	1
G141	G1828	1
G266	G2232	1
G1496	G2724	1
G722	G1330	1
G2105	G2369	1
G1332	G2721	1
G1313	G1877	1
G720	G1289	1
G1328	G2175	1
G2591	G2620	1
G335	G851	1
G2232	G2849	1
G391	G1944	1
G141	G2940	1
G1116	G1255	1
G1566	G1852	1
G1551	G2468	1
G1828	G2544	1
G259	G1659	1
G157	G2849	1
G420	G785	1
G466	G2397	1
G554	G964	1
G482	G1778	1
G1606	G2622	1
G2138	G2766	1
G752	G1864	1
G1933	G2049	1
G842	G1932	1
G1636	G2570	1
G150	G529	1
G1118	G2799	1
G719	G2327	1
G1903	G1982	1
G993	G1719	1
G456	G1429	1
G918	G1320	1
G1320	G2736	1
G462	G1112	1
G629	G1382	1
G266	G1469	1
G1090	G2664	1
G2165	G2829	1
G360	G1251	1
G1152	G2724	1
G866	G1933	1
G514	G1780	1
G734	G1143	1
G374	G1562	1
G36	G364	1
G2340	G2415	1
G2365	G2689	1
G2597	G2693	1
G907	G1903	1
G2570	G2814	1
G1524	G2865	1
G610	G899	1
G1982	G2073	1
G1525	G2789	1
G303	G1953	1
G1604	G2496	1
G388	G1103	1
G348	G817	1
G1261	G2686	1
G586	G1334	1
G703	G1550	1
G1700	G2263	1
G901	G1635	1
G18	G1136	1
G1027	G2381	1
G1441	G1912	1
G200	G1857	1
G283	G696	1
G177	G2258	1
G1099	G2421	1
G77	G799	1
G215	G2013	1
G127	G286	1
G1397	G2419	1
G723	G2937	1
G1551	G2263	1
G1564	G2405	1
G266	G1982	1
G1159	G2244	1
G1695	G1725	1
G2736	G2881	1
G2009	G2846	1
G531	G1203	1
G914	G2401	1
G456	G1027	1
G629	G715	1
G231	G1500	1
G721	G2754	1
G885	G964	1
G1591	G2599	1
G824	G2462	1
G462	G554	1
G1725	G2195	1
G703	G2563	1
G2300	G2810	1
G148	G194	1
G159	G438	1
G1152	G1741	1
G2025	G2320	1
G266	G596	1
G1075	G2138	1
G2405	G2877	1
G527	G1751	1
G1157	G1771	1
G923	G1550	1
G1783	G2622	1
G1044	G1749	1
G531	G1554	1
G2622	G2972	1
G985	G2072	1
G33	G2102	1
G1915	G2799	1
G703	G2784	1
G653	G1687	1
G1550	G1625	1
G1116	G2798	1
G450	G2525	1
G353	G2365	1
G364	G1331	1
G2462	G2599	1
G687	G1550	1
G663	G2258	1
G830	G1916	1
G192	G1951	1
G172	G1135	1
G1413	G2312	1
G682	G1211	1
G295	G1773	1
G474	G2681	1
G577	G2648	1
G1445	G1948	1
G1445	G1774	1
G923	G2563	1
G360	G2968	1
G1651	G2320	1
G514	G2092	1
G2108	G2551	1
G266	G558	1
G882	G2843	1
G1828	G2790	1
G574	G960	1
G362	G629	1
G1551	G2118	1
G625	G694	1
G456	G2368	1
G902	G1677	1
G835	G1152	1
G1849	G1971	1
G193	G1573	1
G801	G1867	1
G444	G1039	1
G923	G2784	1
G958	G964	1
G703	G2859	1
G40	G934	1
G335	G425	1
G960	G1521	1
G1243	G2581	1
G1827	G2241	1
G828	G2991	1
G1310	G2467	1
G596	G2115	1
G835	G1382	1
G1783	G2241	1
G475	G1700	1
G1521	G1828	1
G1139	G2426	1
G1264	G2979	1
G1828	G2838	1
G187	G1515	1
G1446	G2977	1
G1116	G2175	1
G1008	G2892	1
G1209	G2540	1
G1992	G2311	1
G1939	G2684	1
G703	G1901	1
G1069	G1542	1
G2662	G2731	1
G563	G2496	1
G497	G2798	1
G1747	G2381	1
G1867	G2721	1
G794	G1383	1
G266	G1332	1
G596	G1774	1
G1093	G1671	1
G2083	G2210	1
G923	G2769	1
G596	G1143	1
G1010	G2162	1
G785	G921	1
G275	G2798	1
G1335	G1836	1
G1855	G1917	1
G801	G1849	1
G1577	G1783	1
G1806	G2368	1
G1106	G1916	1
G107	G1316	1
G1828	G2369	1
G187	G693	1
G1591	G2603	1
G2115	G2303	1
G719	G2949	1
G656	G1864	1
G2447	G2979	1
G450	G1205	1
G868	G2873	1
G1554	G2019	1
G1747	G2951	1
G923	G1901	1
G1143	G2274	1
G2815	G2919	1
G275	G1106	1
G577	G2365	1
G2355	G2991	1
G965	G1406	1
G1134	G2783	1
G551	G1510	1
G2340	G2719	1
G1041	G1116	1
G890	G1666	1
G1332	G2191	1
G1671	G2869	1
G924	G1637	1
G610	G2758	1
G400	G1949	1
G1901	G2977	1
G676	G1763	1
G1828	G2738	1
G108	G1990	1
G865	G2415	1
G964	G1723	1
G11	G1576	1
G2551	G2734	1
G536	G2237	1
G1747	G2162	1
G258	G1835	1
G126	G1726	1
G1390	G2686	1
G153	G835	1
G1561	G1965	1
G529	G1027	1
G1030	G2522	1
G685	G1971	1
G454	G2522	1
G1172	G2210	1
G2766	G2870	1
G2108	G2273	1
G1554	G2040	1
G663	G2849	1
G1654	G1935	1
G1897	G2540	1
G1116	G1806	1
G1130	G1783	1
G1576	G2789	1
G1596	G1606	1
G1143	G1562	1
G194	G2736	1
G964	G1090	1
G266	G882	1
G1923	G2214	1
G1419	G2865	1
G1500	G2881	1
G882	G1513	1
G1140	G2042	1
G456	G2103	1
G882	G2849	1
G126	G956	1
G1397	G1543	1
G475	G2825	1
G889	G2877	1
G1751	G2300	1
G960	G2121	1
G306	G475	1
G370	G1864	1
G767	G2431	1
G569	G2768	1
G806	G1957	1
G1112	G1133	1
G574	G1550	1
G624	G828	1
G2648	G2790	1
G828	G1823	1
G2068	G2798	1
G1305	G2271	1
G1098	G2825	1
G332	G1446	1
G2676	G2784	1
G462	G773	1
G444	G722	1
G656	G1771	1
G266	G703	1
G1030	G1053	1
G1730	G1971	1
G426	G2375	1
G2738	G2776	1
G1087	G2838	1
G207	G2189	1
G454	G1053	1
G192	G827	1
G947	G2241	1
G642	G1591	1
G2447	G2730	1
G1243	G1923	1
G405	G1677	1
G204	G2853	1
G339	G2375	1
G963	G2583	1
G433	G2924	1
G574	G2563	1
G199	G1179	1
G1416	G2882	1
G1774	G2603	1
G1012	G1554	1
G663	G1446	1
G924	G2789	1
G851	G2073	1
G1335	G2882	1
G1673	G2540	1
G1893	G2180	1
G1040	G2671	1
G2406	G2736	1
G1397	G1671	1
G2547	G2939	1
G1090	G1719	1
G133	G1651	1
G773	G2257	1
G1329	G2553	1
G75	G2467	1
G1793	G2892	1
G2798	G2877	1
G1130	G1331	1
G715	G2730	1
G2355	G2591	1
G876	G2443	1
G2676	G2769	1
G574	G2784	1
G931	G2812	1
G1446	G2766	1
G2676	G2859	1
G1747	G2462	1
G2540	G2907	1
G444	G964	1
G805	G2800	1
G1155	G1757	1
G1508	G1686	1
G456	G2351	1
G1971	G2563	1
G1948	G2570	1
G703	G2360	1
G1013	G1139	1
G897	G1398	1
G275	G1806	1
G433	G1903	1
G1223	G1383	1
G1485	G2988	1
G1671	G2137	1
G1293	G2610	1
G1087	G1681	1
G298	G2909	1
G239	G593	1
G1371	G1653	1
G139	G598	1
G1702	G2687	1
G1562	G2540	1
G876	G1003	1
G521	G2263	1
G444	G461	1
G967	G2535	1
G1524	G2274	1
G680	G1452	1
G102	G810	1
G2355	G2676	1
G197	G1793	1
G66	G1411	1
G554	G1139	1
G245	G596	1
G444	G2814	1
G400	G879	1
G1028	G2213	1
G574	G2769	1
G1335	G2535	1
G402	G2849	1
G1207	G2464	1
G1697	G2719	1
G2312	G2365	1
G1654	G2144	1
G798	G1722	1
G794	G1316	1
G1916	G2798	1
G141	G1383	1
G734	G744	1
G574	G728	1
G1901	G2766	1
G1053	G1075	1
G2138	G2462	1
G245	G462	1
G514	G1612	1
G1013	G1406	1
G890	G2063	1
G703	G2570	1
G174	G960	1
G600	G958	1
G1136	G1230	1
G2419	G2812	1
G1475	G2917	1
G1524	G2693	1
G2463	G2780	1
G2175	G2977	1
G1238	G1412	1
G529	G2471	1
G574	G1901	1
G600	G931	1
G625	G2063	1
G2327	G2419	1
G103	G1225	1
G1010	G2667	1
G1130	G1903	1
G306	G2425	1
G2119	G2375	1
G380	G2570	1
G153	G1948	1
G715	G2366	1
G960	G2447	1
G2380	G2972	1
G267	G2712	1
G316	G2779	1
G600	G1243	1
G364	G2405	1
G1334	G1645	1
G1963	G2730	1
G216	G2312	1
G865	G2719	1
G851	G1420	1
G1488	G1842	1
G1515	G2103	1
G589	G2415	1
G610	G1382	1
G1550	G2435	1
G2859	G2988	1
G1116	G2138	1
G823	G1320	1
G1604	G2204	1
G2784	G2822	1
G2540	G2838	1
G834	G1573	1
G1897	G2877	1
G470	G1157	1
G858	G1220	1
G159	G1919	1
G920	G1774	1
G801	G924	1
G1554	G2724	1
G923	G2570	1
G148	G2208	1
G2046	G2814	1
G501	G1229	1
G187	G1774	1
G2162	G2381	1
G529	G2103	1
G1161	G1742	1
G934	G2381	1
G751	G2475	1
G1743	G2532	1
G187	G1143	1
G1948	G2242	1
G2063	G2553	1
G335	G1420	1
G456	G1331	1
G122	G1576	1
G36	G2312	1
G1610	G2594	1
G1112	G2870	1
G514	G2766	1
G882	G1223	1
G794	G2789	1
G824	G2232	1
G2073	G2988	1
G2041	G2887	1
G610	G715	1
G2263	G2553	1
G1397	G1625	1
G2072	G2961	1
G529	G734	1
G2405	G2563	1
G106	G1081	1
G2306	G2839	1
G266	G1850	1
G889	G960	1
G181	G2680	1
G1129	G1610	1
G823	G1741	1
G827	G2583	1
G963	G2514	1
G1106	G1893	1
G163	G1524	1
G193	G357	1
G1473	G2300	1
G1772	G1787	1
G2366	G2419	1
G1855	G2341	1
G755	G924	1
G578	G860	1
G1901	G2327	1
G875	G2447	1
G1261	G2083	1
G1835	G2312	1
G1237	G2994	1
G2461	G2850	1
G2405	G2784	1
G723	G1610	1
G60	G708	1
G192	G1480	1
G331	G2591	1
G569	G2496	1
G691	G2341	1
G1963	G2366	1
G207	G2365	1
G343	G1518	1
G475	G2583	1
G2425	G2599	1
G1066	G2342	1
G586	G2241	1
G2144	G2991	1
G2118	G2569	1
G809	G1027	1
G283	G642	1
G132	G2238	1
G445	G1118	1
G2103	G2642	1
G1982	G2570	1
G2138	G2667	1
G2421	G2946	1
G2400	G2946	1
G764	G2838	1
G1010	G2380	1
G1099	G1739	1
G354	G1867	1
G1204	G2630	1
G1106	G1328	1
G955	G2681	1
G331	G1010	1
G1397	G1445	1
G1422	G2983	1
G1390	G1628	1
G2405	G2769	1
G1992	G2070	1
G866	G1236	1
G458	G2538	1
G2045	G2979	1
G2405	G2859	1
G1550	G1997	1
G258	G2103	1
G935	G967	1
G824	G1982	1
G192	G1382	1
G1339	G2047	1
G1817	G2043	1
G174	G1550	1
G641	G1735	1
G1223	G1316	1
G586	G2010	1
G1139	G2467	1
G231	G2381	1
G801	G1719	1
G1806	G2924	1
G1039	G2736	1
G108	G1100	1
G1185	G2133	1
G24	G1042	1
G1714	G2985	1
G1994	G2538	1
G1320	G1971	1
G1256	G2924	1
G1570	G2973	1
G433	G2405	1
G474	G1179	1
G11	G2988	1
G2046	G2547	1
G148	G331	1
G354	G1849	1
G574	G2360	1
G1184	G2029	1
G126	G1870	1
G141	G1637	1
G1422	G1513	1
G1075	G2103	1
G1422	G2849	1
G1849	G2274	1
G362	G710	1
G1858	G2815	1
G1953	G2676	1
G40	G149	1
G1234	G2639	1
G600	G875	1
G192	G715	1
G2341	G2822	1
G141	G1316	1
G586	G773	1
G354	G876	1
G353	G374	1
G1417	G2532	1
G11	G2523	1
G554	G1562	1
G122	G758	1
G960	G2620	1
G1576	G2642	1
G149	G2222	1
G266	G2258	1
G2045	G2794	1
G715	G2017	1
G1561	G2606	1
G2162	G2462	1
G1870	G2693	1
G876	G1576	1
G1774	G2979	1
G358	G2119	1
G1185	G2119	1
G1831	G2361	1
G2121	G2664	1
G153	G595	1
G1542	G1687	1
G1446	G2949	1
G1923	G2736	1
G311	G2547	1
G107	G2642	1
G1027	G2723	1
G889	G1550	1
G1419	G2693	1
G1525	G2780	1
G1524	G2263	1
G1739	G2116	1
G1223	G2789	1
G1133	G2496	1
G323	G563	1
G1130	G2405	1
G852	G2457	1
G15	G1566	1
G1243	G2790	1
G1382	G2563	1
G2366	G2583	1
G1329	G2045	1
G1422	G1920	1
G344	G2069	1
G593	G2894	1
G444	G2465	1
G334	G1268	1
G197	G2635	1
G122	G2766	1
G715	G1916	1
G1716	G2872	1
G275	G1335	1
G275	G1551	1
G851	G2721	1
G2175	G2327	1
G1420	G2828	1
G2309	G2749	1
G1388	G2380	1
G141	G2789	1
G475	G2514	1
G824	G1332	1
G1228	G1916	1
G2514	G2721	1
G2365	G2736	1
G281	G2039	1
G1901	G2949	1
G174	G1901	1
G1010	G2232	1
G723	G1099	1
G1318	G2451	1
G457	G2634	1
G163	G2544	1
G1390	G2083	1
G889	G2784	1
G1152	G1397	1
G685	G2274	1
G758	G2682	1
G1574	G2512	1
G514	G2381	1
G1963	G2017	1
G1211	G2275	1
G250	G912	1
G1027	G1617	1
G470	G2573	1
G899	G2266	1
G902	G2467	1
G1855	G1946	1
G773	G2092	1
G374	G444	1
G755	G1907	1
G207	G267	1
G1513	G2941	1
G66	G1384	1
G1700	G2730	1
G1068	G2838	1
G2381	G2544	1
G11	G2949	1
G1027	G1564	1
G1594	G2984	1
G2175	G2988	1
G1027	G1525	1
G1157	G2174	1
G239	G1510	1
G663	G1133	1
G1551	G2730	1
G693	G1564	1
G507	G1625	1
G2258	G2583	1
G882	G2865	1
G889	G2769	1
G1671	G1849	1
G292	G858	1
G324	G2775	1
G1138	G1635	1
G315	G405	1
G1499	G2013	1
G527	G2369	1
G685	G1562	1
G1452	G1863	1
G577	G2447	1
G1328	G2103	1
G2175	G2523	1
G437	G2712	1
G196	G237	1
G755	G780	1
G1329	G2540	1
G1337	G1730	1
G958	G1562	1
G1262	G1972	1
G2514	G2591	1
G1007	G2798	1
G226	G1743	1
G92	G1593	1
G1112	G1334	1
G1348	G1576	1
G514	G2162	1
G907	G1452	1
G1068	G2369	1
G824	G882	1
G889	G1901	1
G851	G1010	1
G456	G2405	1
G929	G1548	1
G267	G1923	1
G1007	G1106	1
G423	G2869	1
G148	G1564	1
G577	G1441	1
G1405	G2307	1
G699	G1149	1
G500	G2814	1
G47	G1481	1
G2303	G2312	1
G149	G1686	1
G315	G2430	1
G809	G2351	1
G1315	G2307	1
G629	G923	1
G1397	G2435	1
G1419	G2468	1
G600	G1334	1
G1283	G1325	1
G231	G806	1
G956	G1098	1
G474	G2449	1
G2041	G2776	1
G1388	G1949	1
G42	G2889	1
G1218	G2341	1
G2435	G2471	1
G300	G1681	1
G516	G2293	1
G475	G521	1
G1610	G2230	1
G1332	G2689	1
G2118	G2522	1
G691	G885	1
G836	G1403	1
G1551	G2366	1
G141	G1228	1
G2684	G2890	1
G266	G1446	1
G36	G2713	1
G848	G2440	1
G1159	G1455	1
G1723	G1747	1
G2297	G2865	1
G816	G1877	1
G163	G2790	1
G2369	G2924	1
G642	G2366	1
G2497	G2570	1
G101	G1726	1
G2188	G2921	1
G233	G2245	1
G2230	G2994	1
G1142	G1178	1
G435	G2429	1
G157	G2693	1
G1074	G1506	1
G199	G474	1
G828	G2919	1
G1806	G2405	1
G593	G2958	1
G1412	G2999	1
G177	G1130	1
G413	G811	1
G15	G1924	1
G1870	G2263	1
G1118	G2025	1
G2105	G2191	1
G2597	G2979	1
G1654	G2222	1
G564	G2299	1
G960	G2724	1
G1835	G2713	1
G901	G1984	1
G1099	G1591	1
G2208	G2583	1
G200	G2142	1
G2718	G2839	1
G2381	G2790	1
G1576	G2780	1
G216	G1452	1
G902	G2425	1
G2188	G2365	1
G1884	G2263	1
G514	G2462	1
G153	G1090	1
G733	G1320	1
G2175	G2949	1
G187	G1723	1
G940	G1518	1
G827	G1515	1
G1419	G2263	1
G1521	G2789	1
G1693	G1871	1
G2462	G2758	1
G539	G2467	1
G828	G2538	1
G907	G963	1
G1337	G1923	1
G556	G1314	1
G2568	G2876	1
G141	G2504	1
G622	G1576	1
G1564	G2467	1
G1155	G1683	1
G624	G1793	1
G1406	G2121	1
G868	G1589	1
G1211	G1397	1
G663	G1130	1
G758	G2812	1
G36	G1452	1
G1010	G1332	1
G1211	G1870	1
G1985	G2359	1
G2263	G2540	1
G1220	G2144	1
G1492	G2968	1
G960	G1741	1
G1152	G1334	1
G1007	G1806	1
G1313	G1915	1
G2258	G2514	1
G696	G2514	1
G622	G2977	1
G215	G1394	1
G1335	G2465	1
G1901	G2667	1
G2397	G2589	1
G554	G890	1
G2096	G2886	1
G960	G1855	1
G586	G1211	1
G18	G834	1
G2738	G2798	1
G470	G2415	1
G496	G1418	1
G1558	G2230	1
G868	G2295	1
G283	G2496	1
G625	G2780	1
G194	G2865	1
G159	G2630	1
G1329	G2877	1
G577	G2620	1
G275	G1419	1
G2355	G2538	1
G1598	G2776	1
G1149	G1483	1
G454	G1971	1
G99	G826	1
G1626	G2310	1
G514	G806	1
G2720	G2962	1
G1334	G1524	1
G835	G923	1
G974	G1111	1
G563	G1671	1
G516	G1919	1
G1828	G2676	1
G1984	G2433	1
G1332	G1596	1
G456	G2026	1
G80	G2040	1
G1383	G2780	1
G324	G533	1
G1543	G1923	1
G1671	G1963	1
G1403	G1916	1
G880	G1027	1
G2449	G2528	1
G1562	G2784	1
G2381	G2738	1
G760	G1779	1
G890	G1255	1
G334	G2671	1
G374	G899	1
G901	G1881	1
G132	G546	1
G545	G2851	1
G450	G2990	1
G192	G709	1
G443	G1719	1
G501	G1005	1
G554	G993	1
G858	G2144	1
G1315	G2683	1
G1140	G1998	1
G885	G890	1
G46	G2681	1
G710	G2339	1
G1518	G2119	1
G773	G1612	1
G715	G1328	1
G835	G1543	1
G889	G2570	1
G475	G835	1
G433	G2713	1
G574	G733	1
G324	G1013	1
G1997	G2988	1
G1452	G2522	1
G2441	G2988	1
G955	G1179	1
G1966	G2009	1
G1342	G2880	1
G2485	G2606	1
G1562	G2769	1
G2044	G2799	1
G36	G963	1
G445	G2044	1
G18	G546	1
G1090	G1576	1
G402	G1130	1
G755	G1598	1
G1320	G2274	1
G542	G1806	1
G2940	G2983	1
G36	G477	1
G993	G1953	1
G2138	G2168	1
G2208	G2514	1
G1864	G2671	1
G1564	G2425	1
G709	G1591	1
G799	G1384	1
G2049	G2921	1
G956	G977	1
G111	G2230	1
G2246	G2498	1
G893	G2060	1
G1562	G1901	1
G899	G2274	1
G1316	G2597	1
G315	G2569	1
G723	G2994	1
G1083	G2838	1
G2395	G2496	1
G835	G1671	1
G1561	G2887	1
G1090	G2977	1
G1700	G1916	1
G286	G2612	1
G2041	G2621	1
G1252	G1739	1
G1218	G2838	1
G747	G2058	1
G349	G612	1
G567	G1013	1
G773	G2766	1
G476	G1855	1
G1610	G1751	1
G1143	G2979	1
G1993	G2084	1
G157	G2263	1
G353	G1320	1
G691	G2073	1
G1327	G2404	1
G676	G1023	1
G355	G2293	1
G1889	G2696	1
G758	G1329	1
G2137	G2540	1
G554	G1455	1
G810	G2429	1
G784	G2681	1
G1687	G2100	1
G1525	G2180	1
G112	G2921	1
G209	G486	1
G1935	G3001	1
G2440	G2704	1
G461	G2738	1
G433	G1452	1
G2591	G2881	1
G126	G1112	1
G15	G2877	1
G899	G1562	1
G890	G2798	1
G2369	G2405	1
G1218	G2369	1
G563	G1625	1
G1741	G2838	1
G1576	G2283	1
G2381	G2440	1
G2092	G2121	1
G1984	G2779	1
G2243	G2646	1
G659	G1691	1
G2380	G2435	1
G1671	G1719	1
G400	G1920	1
G470	G2719	1
G199	G1376	1
G630	G1916	1
G1625	G1719	1
G256	G2977	1
G75	G1042	1
G1222	G1619	1
G385	G2780	1
G799	G1554	1
G1076	G2972	1
G296	G1232	1
G1397	G1828	1
G1957	G2063	1
G1492	G2302	1
G1261	G2044	1
G521	G2366	1
G2244	G2375	1
G923	G2430	1
G148	G353	1
G1243	G2092	1
G354	G1365	1
G126	G554	1
G1452	G2736	1
G1133	G2419	1
G1480	G1953	1
G157	G1496	1
G1130	G1452	1
G1723	G2381	1
G80	G2724	1
G879	G1249	1
G444	G1827	1
G1496	G2976	1
G715	G2553	1
G153	G918	1
G275	G1783	1
G828	G2628	1
G1920	G2881	1
G885	G1455	1
G233	G2937	1
G239	G916	1
G890	G2175	1
G1912	G2881	1
G1109	G2551	1
G141	G275	1
G924	G2882	1
G1741	G2738	1
G336	G2327	1
G236	G899	1
G755	G2092	1
G2360	G2924	1
G424	G682	1
G1543	G2544	1
G2191	G2814	1
G286	G1145	1
G1332	G2058	1
G1596	G2425	1
G1630	G2058	1
G604	G1701	1
G1953	G2208	1
G1691	G1990	1
G475	G1948	1
G1116	G2924	1
G703	G880	1
G1558	G1751	1
G1480	G2988	1
G622	G2327	1
G1469	G1562	1
G2230	G2385	1
G490	G774	1
G1877	G2991	1
G2236	G2522	1
G907	G2648	1
G1828	G2381	1
G1608	G2303	1
G2144	G2919	1
G1383	G2175	1
G64	G2991	1
G931	G1849	1
G2462	G2496	1
G2018	G2746	1
G1264	G2828	1
G693	G2736	1
G1098	G1143	1
G835	G1625	1
G516	G2437	1
G357	G435	1
G2338	G2453	1
G456	G2426	1
G355	G1919	1
G366	G2736	1
G510	G2123	1
G153	G456	1
G517	G810	1
G524	G854	1
G610	G923	1
G1605	G2224	1
G2341	G2977	1
G2838	G2907	1
G1286	G2056	1
G461	G2440	1
G1387	G1429	1
G286	G1384	1
G2108	G2793	1
G629	G960	1
G1058	G2870	1
G1243	G1500	1
G1614	G2049	1
G354	G610	1
G1524	G2979	1
G1120	G1601	1
G1316	G2721	1
G371	G697	1
G924	G2535	1
G612	G2119	1
G1982	G2689	1
G266	G1133	1
G2504	G2650	1
G2144	G2538	1
G577	G1741	1
G758	G2869	1
G889	G1282	1
G1963	G2553	1
G1099	G1651	1
G660	G2736	1
G890	G1806	1
G1191	G2994	1
G1693	G2261	1
G283	G1700	1
G187	G456	1
G1027	G2843	1
G1027	G2258	1
G2040	G2941	1
G577	G1855	1
G1328	G2405	1
G2092	G2447	1
G141	G774	1
G197	G694	1
G364	G2467	1
G2069	G2868	1
G421	G1141	1
G958	G2603	1
G362	G2274	1
G287	G1230	1
G1217	G1624	1
G765	G1755	1
G197	G2247	1
G514	G2232	1
G444	G890	1
G1806	G2426	1
G364	G586	1
G596	G2682	1
G801	G1576	1
G275	G2924	1
G2465	G2798	1
G286	G1203	1
G882	G2468	1
G1034	G2395	1
G300	G1500	1
G153	G1666	1
G198	G219	1
G1375	G2273	1
G489	G2394	1
G141	G2780	1
G586	G1645	1
G1252	G1313	1
G1635	G1984	1
G349	G1749	1
G1279	G1305	1
G750	G1982	1
G263	G1866	1
G823	G2881	1
G49	G1916	1
G1722	G2049	1
G907	G2365	1
G750	G2202	1
G450	G1764	1
G111	G678	1
G1918	G2080	1
G801	G2977	1
G1329	G1550	1
G1923	G2865	1
G1576	G2180	1
G2346	G2462	1
G1543	G2790	1
G148	G2843	1
G194	G2693	1
G275	G1903	1
G1364	G1402	1
G286	G1554	1
G1923	G2014	1
G266	G958	1
G24	G1570	1
G1090	G2327	1
G1140	G2681	1
G2089	G2948	1
G2005	G2266	1
G1087	G2381	1
G1071	G1537	1
G2642	G2766	1
G211	G1065	1
G36	G2648	1
G1334	G2838	1
G752	G2340	1
G574	G2430	1
G1313	G1863	1
G1525	G1835	1
G1513	G1849	1
G2232	G2622	1
G1090	G1953	1
G867	G2671	1
G1500	G2941	1
G2442	G2565	1
G197	G2810	1
G1930	G2642	1
G161	G1213	1
G1283	G2104	1
G2779	G2899	1
G1559	G1621	1
G524	G569	1
G693	G2983	1
G808	G2606	1
G46	G1303	1
G388	G2138	1
G1329	G2784	1
G773	G2162	1
G958	G2815	1
G1010	G2040	1
G551	G2641	1
G2085	G2470	1
G600	G773	1
G2620	G2790	1
G1334	G2369	1
G1529	G2642	1
G514	G596	1
G634	G1099	1
G1090	G2988	1
G1861	G1956	1
G2814	G2834	1
G1401	G2784	1
G1747	G2843	1
G1270	G1561	1
G193	G379	1
G796	G2514	1
G923	G2569	1
G584	G2604	1
G2158	G2233	1
G2341	G2766	1
G828	G1523	1
G2868	G2981	1
G2375	G2746	1
G256	G2327	1
G2722	G3004	1
G799	G2041	1
G1334	G1681	1
G11	G1521	1
G1027	G1513	1
G1334	G2738	1
G947	G2767	1
G1027	G2849	1
G1090	G2523	1
G258	G1401	1
G1427	G2505	1
G1726	G1730	1
G353	G1726	1
G31	G945	1
G1249	G2924	1
G995	G1541	1
G163	G1500	1
G266	G1130	1
G723	G2385	1
G1500	G2497	1
G2073	G2121	1
G693	G1513	1
G522	G2478	1
G1383	G2180	1
G622	G1989	1
G1329	G2769	1
G2789	G2834	1
G148	G2983	1
G663	G1496	1
G2522	G2970	1
G1264	G2045	1
G2232	G2241	1
G696	G1774	1
G629	G2563	1
G744	G876	1
G809	G2026	1
G374	G715	1
G1133	G1671	1
G810	G1139	1
G923	G1863	1
G1681	G2419	1
G515	G2175	1
G444	G1455	1
G2374	G2660	1
G1953	G2086	1
G1901	G2168	1
G433	G586	1
G283	G2419	1
G563	G2435	1
G963	G1090	1
G1329	G1901	1
G36	G2365	1
G629	G2784	1
G802	G852	1
G1030	G1562	1
G2799	G2994	1
G964	G2869	1
G1612	G2736	1
G907	G1912	1
G2339	G2948	1
G454	G1562	1
G715	G2341	1
G40	G2490	1
G1677	G2526	1
G2092	G2620	1
G1997	G2648	1
G1116	G2405	1
G36	G402	1
G2380	G2940	1
G2485	G2887	1
G148	G1513	1
G148	G2849	1
G773	G1218	1
G697	G940	1
G122	G2232	1
G1027	G1446	1
G153	G2063	1
G2578	G3001	1
G2354	G2597	1
G826	G2955	1
G773	G2462	1
G755	G758	1
G1418	G2780	1
G355	G2437	1
G1835	G2365	1
G1916	G2924	1
G596	G2812	1
G1550	G2789	1
G610	G1625	1
G145	G2514	1
G514	G1332	1
G1855	G2591	1
G1332	G2736	1
G1681	G2972	1
G1521	G2780	1
G985	G2799	1
G629	G2769	1
G2568	G2799	1
G514	G801	1
G1966	G2157	1
G629	G2859	1
G1787	G2741	1
G462	G2686	1
G1223	G2882	1
G1723	G2208	1
G283	G2972	1
G2784	G2951	1
G2063	G2784	1
G1255	G2983	1
G1979	G2347	1
G1078	G1839	1
G750	G882	1
G1316	G2441	1
G153	G514	1
G2327	G2940	1
G1606	G2341	1
G806	G1562	1
G629	G1901	1
G1068	G2676	1
G1719	G2545	1
G433	G2648	1
G1186	G2463	1
G177	G1591	1
G629	G1997	1
G425	G758	1
G354	G1080	1
G755	G2766	1
G1090	G2949	1
G1540	G2838	1
G393	G1157	1
G2363	G2529	1
G1726	G1923	1
G2242	G2758	1
G902	G2972	1
G960	G1397	1
G423	G1963	1
G1075	G2426	1
G529	G2236	1
G1406	G1741	1
G141	G2882	1
G960	G1870	1
G835	G2435	1
G1932	G2977	1
G1010	G1932	1
G1828	G2208	1
G2063	G2769	1
G773	G806	1
G194	G2263	1
G2073	G2447	1
G964	G2798	1
G302	G1216	1
G1331	G2736	1
G1700	G2553	1
G1106	G2073	1
G1371	G2145	1
G335	G2689	1
G11	G904	1
G1997	G2365	1
G522	G2395	1
G1171	G1622	1
G789	G2137	1
G1505	G2784	1
G794	G1869	1
G554	G899	1
G764	G2381	1
G1138	G1984	1
G2234	G2749	1
G722	G1030	1
G2447	G2540	1
G514	G882	1
G2451	G2730	1
G2375	G2654	1
G969	G2516	1
G1564	G2825	1
G1004	G2563	1
G2418	G2776	1
G964	G1106	1
G801	G2327	1
G609	G1561	1
G1261	G2848	1
G425	G2766	1
G931	G1719	1
G108	G1150	1
G1455	G2838	1
G334	G1026	1
G1975	G2620	1
G1220	G1675	1
G1139	G2041	1
G1489	G2157	1
G669	G1245	1
G827	G1723	1
G1473	G1877	1
G2924	G2972	1
G574	G2569	1
G2693	G2790	1
G1320	G2188	1
G1018	G1289	1
G715	G2540	1
G1116	G2428	1
G1540	G2738	1
G1948	G2522	1
G2366	G2940	1
G1896	G2286	1
G1039	G2274	1
G2241	G2553	1
G2045	G2828	1
G801	G1953	1
G2498	G2848	1
G1387	G1783	1
G141	G2535	1
G899	G2188	1
G1398	G1704	1
G122	G462	1
G952	G2201	1
G163	G1612	1
G2425	G2496	1
G275	G2312	1
G99	G2108	1
G2238	G2654	1
G827	G1090	1
G456	G2467	1
G957	G1431	1
G233	G1610	1
G245	G958	1
G174	G2430	1
G1455	G2369	1
G2368	G2462	1
G924	G1835	1
G371	G2700	1
G239	G2098	1
G278	G337	1
G256	G1989	1
G299	G1242	1
G2103	G2465	1
G433	G2365	1
G1220	G2296	1
G797	G1350	1
G1670	G2141	1
G1706	G1933	1
G456	G475	1
G1913	G2589	1
G1863	G2758	1
G801	G2988	1
G2786	G2909	1
G1366	G2302	1
G1508	G2230	1
G1305	G2195	1
G885	G899	1
G776	G2021	1
G1261	G2568	1
G8	G2129	1
G75	G1515	1
G177	G2241	1
G475	G1090	1
G1398	G2921	1
G1433	G2662	1
G2068	G2405	1
G1455	G1681	1
G1261	G1966	1
G811	G1350	1
G1004	G2769	1
G674	G1455	1
G405	G2419	1
G1455	G2738	1
G2780	G2812	1
G807	G2586	1
G1237	G2892	1
G1378	G2291	1
G1245	G1274	1
G1561	G2621	1
G2474	G2742	1
G2141	G2675	1
G188	G2357	1
G801	G2523	1
G858	G1686	1
G1923	G2274	1
G2713	G2789	1
G1525	G2103	1
G1270	G1309	1
G596	G1329	1
G848	G2381	1
G2833	G2978	1
G554	G2031	1
G749	G2552	1
G2116	G2686	1
G1852	G2547	1
G1869	G2206	1
G148	G1223	1
G835	G1997	1
G1335	G1606	1
G194	G889	1
G283	G2156	1
G354	G1576	1
G12	G2270	1
G1606	G2907	1
G636	G2858	1
G450	G2532	1
G2421	G2799	1
G1329	G2570	1
G515	G1869	1
G1739	G1758	1
G444	G1099	1
G2137	G2597	1
G1963	G2540	1
G691	G2191	1
G1138	G1881	1
G1923	G2693	1
G2341	G2949	1
G539	G1042	1
G122	G801	1
G69	G2554	1
G1066	G1333	1
G923	G2522	1
G1401	G2570	1
G1489	G1933	1
G625	G1429	1
G1424	G1508	1
G1223	G2180	1
G132	G2094	1
G685	G899	1
G554	G827	1
G46	G2449	1
G899	G2395	1
G2017	G2721	1
G2374	G2460	1
G703	G907	1
G1264	G2877	1
G1550	G2674	1
G2583	G2838	1
G267	G1500	1
G1418	G2175	1
G2178	G2448	1
G964	G1806	1
G402	G1591	1
G858	G2296	1
G934	G2961	1
G283	G1671	1
G663	G1068	1
G1452	G1971	1
G2672	G2830	1
G437	G2638	1
G848	G2162	1
G1106	G2597	1
G828	G1261	1
G456	G2352	1
G1083	G2721	1
G1403	G1433	1
G973	G2150	1
G1525	G2351	1
G1284	G2919	1
G418	G1236	1
G192	G439	1
G2544	G2790	1
G364	G2166	1
G141	G2180	1
G598	G2799	1
G1598	G1806	1
G159	G2404	1
G1726	G2544	1
G1441	G2881	1
G2368	G2667	1
G1916	G2405	1
G704	G1283	1
G824	G1133	1
G2468	G2939	1
G1933	G2848	1
G1723	G2723	1
G265	G1402	1
G1472	G2119	1
G360	G1238	1
G2405	G2569	1
G2178	G2341	1
G424	G2931	1
G1523	G2144	1
G1422	G2118	1
G328	G2815	1
G1099	G1488	1
G391	G2961	1
G715	G885	1
G1704	G2937	1
G925	G2398	1
G1068	G2381	1
G1098	G1575	1
G612	G1066	1
G1606	G2838	1
G781	G2073	1
G2664	G2723	1
G1059	G1256	1
G456	G2425	1
G563	G1828	1
G192	G960	1
G924	G2465	1
G801	G2949	1
G226	G1412	1
G457	G539	1
G126	G454	1
G1390	G2848	1
G1915	G3004	1
G563	G2940	1
G1204	G1375	1
G994	G1451	1
G1763	G1877	1
G423	G848	1
G514	G1850	1
G2469	G2508	1
G300	G2381	1
G2423	G2453	1
G891	G2991	1
G194	G2478	1
G1243	G2162	1
G1828	G2723	1
G529	G2467	1
G694	G2991	1
G1250	G2080	1
G2467	G2979	1
G461	G1010	1
G1881	G2235	1
G1433	G2457	1
G1606	G2369	1
G1932	G2327	1
G2312	G2564	1
G2063	G2570	1
G789	G1358	1
G1933	G2568	1
G1916	G2312	1
G1871	G2460	1
G1564	G2583	1
G1365	G2465	1
G1933	G1966	1
G1741	G1747	1
G354	G758	1
G755	G2949	1
G596	G2869	1
G1726	G2860	1
G1785	G1933	1
G586	G1524	1
G1513	G1907	1
G901	G2412	1
G1308	G1811	1
G111	G1628	1
G1859	G2471	1
G2263	G2570	1
G408	G1971	1
G1606	G1681	1
G708	G2654	1
G758	G1335	1
G596	G1416	1
G1932	G1953	1
G506	G1869	1
G758	G1551	1
G441	G1125	1
G1606	G2738	1
G454	G993	1
G1130	G1912	1
G610	G2563	1
G1513	G2822	1
G907	G2447	1
G2196	G2877	1
G696	G1723	1
G1390	G1966	1
G2570	G2768	1
G2175	G2451	1
G157	G2366	1
G577	G663	1
G1827	G2838	1
G303	G1845	1
G500	G1455	1
G1741	G2591	1
G1551	G2341	1
G866	G2072	1
G1397	G2789	1
G1445	G2798	1
G700	G1382	1
G1932	G2988	1
G1625	G2977	1
G174	G2569	1
G1859	G2103	1
G192	G1781	1
G1224	G1838	1
G354	G2766	1
G696	G1090	1
G773	G2232	1
G2440	G2865	1
G1870	G1916	1
G421	G578	1
G426	G1848	1
G1726	G2790	1
G1576	G2103	1
G1901	G2040	1
G907	G1441	1
G163	G194	1
G267	G1747	1
G1007	G1903	1
G693	G2865	1
G1058	G1591	1
G1508	G1751	1
G1932	G2523	1
G1116	G2426	1
G674	G1099	1
G1884	G1916	1
G1827	G2369	1
G2769	G2814	1
G1320	G2979	1
G1243	G2462	1
G1591	G2346	1
G539	G2041	1
G1034	G1538	1
G1719	G2869	1
G258	G2467	1
G826	G1109	1
G2	G1550	1
G462	G2822	1
G1564	G2041	1
G899	G2979	1
G1529	G1909	1
G1133	G2435	1
G1420	G2570	1
G1040	G2632	1
G144	G1742	1
G163	G2381	1
G344	G1412	1
G1827	G2738	1
G1025	G2710	1
G1774	G1924	1
G2072	G2846	1
G126	G2497	1
G2341	G2667	1
G789	G934	1
G678	G1763	1
G1783	G2738	1
G112	G1008	1
G1500	G1867	1
G1923	G2263	1
G1877	G2538	1
G133	G729	1
G719	G2355	1
G694	G1823	1
G572	G2490	1
G1591	G2892	1
G2519	G2915	1
G192	G1550	1
G1339	G2981	1
G2355	G2983	1
G1521	G2180	1
G2010	G2063	1
G1222	G2985	1
G610	G1997	1
G554	G1152	1
G1383	G2471	1
G385	G1027	1
G774	G2105	1
G148	G2865	1
G194	G2395	1
G1075	G2467	1
G1155	G1278	1
G1793	G2470	1
G1473	G2246	1
G876	G904	1
G36	G374	1
G1591	G1671	1
G2210	G2919	1
G596	G1106	1
G1997	G2121	1
G839	G2461	1
G590	G2470	1
G529	G2425	1
G596	G2137	1
G866	G1489	1
G1573	G2948	1
G331	G2736	1
G500	G696	1
G1843	G2192	1
G773	G1982	1
G846	G2316	1
G192	G2563	1
G676	G1220	1
G354	G2327	1
G546	G2429	1
G2263	G2441	1
G1010	G1133	1
G257	G1636	1
G1191	G1654	1
G36	G2447	1
G1562	G2430	1
G423	G2924	1
G1383	G2103	1
G1213	G1412	1
G145	G1774	1
G369	G1480	1
G1564	G2514	1
G194	G794	1
G141	G1835	1
G1120	G2671	1
G1446	G1932	1
G773	G879	1
G2121	G2988	1
G1288	G2086	1
G758	G1963	1
G1780	G2822	1
G2274	G2790	1
G773	G1422	1
G108	G1810	1
G2175	G2620	1
G554	G715	1
G827	G1986	1
G1719	G2798	1
G1932	G2949	1
G708	G808	1
G362	G444	1
G1835	G2447	1
G424	G1249	1
G258	G2352	1
G444	G642	1
G956	G2712	1
G1285	G2103	1
G479	G2503	1
G789	G1551	1
G885	G1152	1
G1148	G1313	1
G1445	G1806	1
G1612	G1971	1
G1201	G2876	1
G1912	G2812	1
G433	G962	1
G336	G625	1
G2738	G2924	1
G1112	G1645	1
G36	G1441	1
G362	G2046	1
G354	G2988	1
G806	G2188	1
G1859	G1975	1
G1216	G2567	1
G964	G1335	1
G495	G1551	1
G586	G2544	1
G1140	G2449	1
G964	G1551	1
G192	G2769	1
G2341	G2380	1
G1382	G2642	1
G612	G2312	1
G1101	G2778	1
G497	G1452	1
G963	G2063	1
G2188	G2946	1
G960	G1112	1
G955	G1968	1
G153	G1255	1
G157	G2017	1
G2214	G2812	1
G1334	G1747	1
G80	G1334	1
G1006	G1363	1
G1953	G2843	1
G177	G1211	1
G1901	G1932	1
G794	G2471	1
G443	G2988	1
G1576	G2871	1
G258	G2425	1
G275	G1452	1
G194	G1116	1
G366	G1139	1
G642	G851	1
G1363	G2415	1
G120	G423	1
G942	G2086	1
G319	G1451	1
G955	G2389	1
G600	G1645	1
G1739	G2946	1
G271	G2346	1
G1901	G2724	1
G2041	G2119	1
G213	G2497	1
G1510	G1913	1
G481	G784	1
G163	G2462	1
G685	G1152	1
G1857	G2630	1
G1872	G2770	1
G718	G1295	1
G923	G1039	1
G415	G2150	1
G1135	G2575	1
G2314	G2532	1
G613	G1205	1
G193	G1136	1
G266	G1591	1
G773	G1332	1
G958	G1152	1
G2261	G2502	1
G187	G2869	1
G616	G2650	1
G1543	G1612	1
G149	G2230	1
G1903	G2622	1
G1997	G2447	1
G794	G2103	1
G773	G801	1
G1328	G2467	1
G1223	G2465	1
G1010	G2406	1
G2097	G2409	1
G828	G1473	1
G1591	G1625	1
G444	G2758	1
G534	G2437	1
G405	G539	1
G2381	G2462	1
G176	G899	1
G1963	G2073	1
G2471	G2924	1
G975	G1891	1
G196	G2094	1
G1561	G1664	1
G642	G2838	1
G1007	G2405	1
G1480	G2121	1
G1986	G2544	1
G1334	G2676	1
G826	G2584	1
G942	G2900	1
G40	G2921	1
G266	G2622	1
G1625	G2327	1
G1726	G2638	1
G474	G2371	1
G2532	G2671	1
G2983	G2994	1
G194	G2979	1
G1053	G1103	1
G758	G1719	1
G1671	G1953	1
G456	G1985	1
G1008	G2080	1
G1401	G1659	1
G506	G1027	1
G1438	G2212	1
G641	G1842	1
G454	G2046	1
G1524	G2553	1
G88	G2265	1
G1010	G2870	1
G1191	G1978	1
G750	G1288	1
G721	G2687	1
G150	G2465	1
G253	G2098	1
G1870	G1893	1
G153	G2798	1
G1719	G1806	1
G267	G524	1
G1774	G2877	1
G586	G2790	1
G84	G2311	1
G354	G2949	1
G1418	G1835	1
G1452	G2274	1
G2380	G2789	1
G36	G2620	1
G374	G923	1
G426	G1141	1
G773	G882	1
G1139	G1143	1
G728	G1080	1
G522	G1538	1
G1271	G2049	1
G1916	G2713	1
G525	G2846	1
G181	G2457	1
G54	G2374	1
G1112	G2712	1
G1265	G1433	1
G1671	G2988	1
G890	G2924	1
G809	G2352	1
G715	G2597	1
G851	G2317	1
G1252	G1300	1
G1625	G2988	1
G1681	G2435	1
G2553	G2979	1
G184	G288	1
G1797	G2936	1
G340	G1335	1
G443	G477	1
G144	G868	1
G443	G2949	1
G1141	G2609	1
G539	G1515	1
G187	G2798	1
G563	G1383	1
G708	G2805	1
G739	G1429	1
G153	G2025	1
G1090	G1521	1
G2583	G2597	1
G1953	G2849	1
G283	G2435	1
G723	G2892	1
G947	G2440	1
G1586	G2354	1
G433	G1441	1
G340	G2664	1
G435	G846	1
G721	G2739	1
G2320	G2490	1
G393	G2719	1
G112	G2875	1
G1066	G2685	1
G1452	G1562	1
G2488	G2577	1
G187	G1106	1
G263	G2749	1
G516	G901	1
G1079	G1844	1
G271	G1852	1
G335	G2736	1
G174	G1053	1
G486	G2873	1
G1562	G2569	1
G1429	G2073	1
G1523	G2222	1
G1424	G2300	1
G233	G1390	1
G809	G2425	1
G1006	G2837	1
G1418	G1429	1
G153	G2175	1
G1220	G1237	1
G475	G2063	1
G630	G2877	1
G1547	G1704	1
G1384	G1979	1
G1133	G1828	1
G366	G2274	1
G215	G1161	1
G806	G1116	1
G776	G2647	1
G1772	G2734	1
G1328	G2425	1
G516	G2404	1
G2175	G2724	1
G462	G1780	1
G1133	G2940	1
G1158	G1196	1
G693	G2693	1
G456	G600	1
G517	G1593	1
G1562	G1863	1
G2713	G2780	1
G141	G2471	1
G1986	G2790	1
G413	G2463	1
G1223	G2103	1
G719	G1870	1
G1130	G1441	1
G1375	G2793	1
G736	G2815	1
G362	G899	1
G586	G1681	1
G660	G2274	1
G703	G2814	1
G586	G2738	1
G1963	G2597	1
G907	G1320	1
G923	G964	1
G789	G1419	1
G931	G1576	1
G2412	G2551	1
G192	G529	1
G2551	G2899	1
G2049	G2144	1
G774	G794	1
G475	G2776	1
G180	G517	1
G2049	G2827	1
G1751	G2538	1
G102	G784	1
G141	G2103	1
G889	G907	1
G85	G2955	1
G590	G878	1
G674	G1390	1
G2166	G2877	1
G258	G423	1
G148	G2693	1
G306	G1090	1
G1992	G2080	1
G931	G2977	1
G157	G660	1
G122	G1932	1
G253	G656	1
G675	G1854	1
G739	G2368	1
G153	G1806	1
G410	G723	1
G923	G2814	1
G506	G2471	1
G939	G1888	1
G1090	G2121	1
G315	G1139	1
G1455	G2591	1
G29	G2677	1
G1919	G2873	1
G826	G2012	1
G755	G2232	1
G1508	G1547	1
G806	G2979	1
G1625	G2949	1
G408	G1562	1
G153	G266	1
G907	G1741	1
G331	G354	1
G80	G1112	1
G1494	G2712	1
G796	G1090	1
G149	G1751	1
G462	G2092	1
G1525	G2026	1
G1742	G2779	1
G115	G193	1
G1080	G2467	1
G1418	G2368	1
G187	G1806	1
G2180	G2686	1
G2721	G2869	1
G511	G2423	1
G2346	G2843	1
G506	G2103	1
G187	G266	1
G1823	G2892	1
G1870	G2553	1
G2365	G2395	1
G1039	G1116	1
G2465	G2924	1
G1329	G2430	1
G1109	G1772	1
G1455	G2676	1
G1726	G2092	1
G2297	G2933	1
G1867	G2865	1
G715	G2721	1
G956	G1923	1
G1332	G1406	1
G133	G2991	1
G1065	G2478	1
G1136	G2612	1
G425	G2232	1
G374	G2877	1
G2583	G2721	1
G834	G1136	1
G497	G586	1
G193	G720	1
G1742	G1857	1
G773	G1850	1
G448	G1018	1
G1429	G2597	1
G1112	G2581	1
G1543	G2381	1
G2451	G2553	1
G2597	G2877	1
G515	G1331	1
G424	G433	1
G596	G1335	1
G1758	G2300	1
G596	G1551	1
G253	G1006	1
G734	G1963	1
G708	G1542	1
G2056	G2497	1
G563	G1316	1
G2073	G2773	1
G300	G1469	1
G1732	G1856	1
G1828	G2843	1
G801	G1422	1
G1026	G2525	1
G1901	G2355	1
G1012	G1848	1
G703	G2547	1
G586	G2440	1
G177	G1645	1
G36	G1320	1
G57	G417	1
G1944	G2296	1
G1551	G2073	1
G1317	G1954	1
G500	G642	1
G126	G1867	1
G268	G2921	1
G1543	G2951	1
G2523	G2648	1
G2570	G2944	1
G808	G1140	1
G674	G1826	1
G157	G1328	1
G2793	G2955	1
G642	G2073	1
G600	G2581	1
G1489	G1918	1
G529	G600	1
G774	G2979	1
G1186	G1243	1
G801	G1521	1
G622	G1220	1
G482	G2873	1
G749	G2287	1
G188	G2416	1
G890	G2405	1
G46	G708	1
G1140	G1518	1
G2583	G2591	1
G1155	G2948	1
G1039	G2979	1
G1591	G2563	1
G1010	G1334	1
G923	G2547	1
G444	G1748	1
G1513	G2977	1
G625	G2405	1
G2721	G2798	1
G1564	G2115	1
G149	G789	1
G1397	G2780	1
G277	G1224	1
G2676	G2814	1
G1103	G2395	1
G1612	G2274	1
G14	G1113	1
G36	G1741	1
G1161	G1881	1
G507	G2642	1
G258	G1700	1
G758	G1903	1
G719	G1334	1
G1979	G2943	1
G148	G2468	1
G415	G2920	1
G2447	G2570	1
G36	G1855	1
G107	G1606	1
G115	G846	1
G355	G901	1
G694	G2919	1
G1418	G2103	1
G205	G2366	1
G2009	G2991	1
G563	G2789	1
G1099	G1547	1
G425	G596	1
G2046	G2496	1
G215	G2433	1
G329	G1605	1
G719	G1675	1
G876	G2724	1
G693	G2263	1
G324	G2041	1
G437	G524	1
G1090	G2451	1
G1521	G2103	1
G2206	G2705	1
G133	G1823	1
G826	G2108	1
G1332	G2274	1
G835	G1316	1
G1960	G2804	1
G1606	G2591	1
G1828	G2983	1
G1243	G1332	1
G1923	G2979	1
G1723	G2849	1
G400	G1068	1
G425	G462	1
G1130	G2206	1
G924	G1606	1
G1460	G2635	1
G1681	G1828	1
G2380	G2642	1
G1026	G1205	1
G1172	G2581	1
G904	G1849	1
G200	G1799	1
G596	G842	1
G1562	G2522	1
G694	G2538	1
G1138	G2412	1
G2217	G2546	1
G283	G1828	1
G1591	G2859	1
G163	G1469	1
G2073	G2834	1
G1681	G2940	1
G1550	G2180	1
G425	G558	1
G417	G1433	1
G587	G1561	1
G456	G2583	1
G774	G2730	1
G1787	G2734	1
G755	G1332	1
G454	G827	1
G1112	G1923	1
G848	G1760	1
G1159	G1543	1
G1512	G1823	1
G2311	G2400	1
G148	G2263	1
G525	G1651	1
G773	G2040	1
G267	G2208	1
G734	G1719	1
G1606	G2676	1
G315	G1562	1
G1591	G1997	1
G2468	G2941	1
G1543	G2462	1
G860	G1155	1
G1918	G2009	1
G1828	G2849	1
G860	G1757	1
G2462	G2859	1
G2410	G2918	1
G1027	G1496	1
G596	G1963	1
G1836	G2443	1
G801	G2121	1
G2045	G2769	1
G1027	G2118	1
G1293	G2683	1
G334	G2632	1
G2365	G2979	1
G194	G1916	1
G642	G1007	1
G2648	G2843	1
G1331	G2274	1
G275	G408	1
G1236	G2946	1
G691	G2214	1
G931	G2327	1
G1700	G2597	1
G612	G1891	1
G227	G603	1
G784	G1968	1
G2352	G2597	1
G600	G1923	1
G835	G2789	1
G307	G1848	1
G374	G960	1
G1006	G1904	1
G1441	G2812	1
G918	G1849	1
G275	G2365	1
G600	G1524	1
G1551	G2597	1
G2799	G2892	1
G165	G1310	1
G425	G1332	1
G2053	G2128	1
G369	G1566	1
G1783	G2591	1
G1136	G1203	1
G425	G801	1
G801	G904	1
G931	G1953	1
G417	G697	1
G73	G838	1
G907	G1726	1
G693	G889	1
G364	G693	1
G1320	G1893	1
G500	G2768	1
G1140	G1376	1
G266	G1211	1
G1143	G2877	1
G2622	G2798	1
G715	G2242	1
G1780	G2977	1
G1671	G2648	1
G1007	G1452	1
G715	G2191	1
G963	G2869	1
G1365	G2325	1
G514	G958	1
G148	G1496	1
G476	G1577	1
G1238	G1585	1
G1554	G1894	1
G462	G1612	1
G148	G2118	1
G1864	G2632	1
G2	G733	1
G331	G2865	1
G1136	G1554	1
G889	G1039	1
G1255	G2263	1
G931	G2988	1
G1827	G2676	1
G1002	G1662	1
G2284	G2483	1
G462	G758	1
G1087	G2983	1
G866	G2876	1
G1226	G1229	1
G360	G1040	1
G1730	G2828	1
G139	G1763	1
G1998	G2461	1
G298	G1646	1
G1329	G1863	1
G385	G2405	1
G1538	G1985	1
G931	G2523	1
G1069	G1433	1
G918	G2664	1
G148	G889	1
G306	G456	1
G1901	G2870	1
G1494	G2559	1
G366	G1004	1
G187	G1335	1
G1010	G1098	1
G613	G2966	1
G794	G1606	1
G1103	G2979	1
G1394	G2873	1
G85	G826	1
G1953	G2865	1
G2766	G2790	1
G1645	G1780	1
G596	G1419	1
G964	G1903	1
G1919	G2235	1
G1543	G2667	1
G925	G1697	1
G2405	G2814	1
G903	G1854	1
G733	G764	1
G109	G1916	1
G955	G1573	1
G1433	G2317	1
G163	G1332	1
G110	G298	1
G1039	G2031	1
G1806	G2041	1
G462	G2766	1
G528	G2714	1
G2780	G2963	1
G1205	G1251	1
G660	G1004	1
G2559	G2948	1
G663	G1505	1
G2419	G2988	1
G1935	G2470	1
G362	G715	1
G1669	G1845	1
G1963	G2242	1
G1806	G2206	1
G1090	G2040	1
G514	G1130	1
G456	G2514	1
G1429	G2570	1
G1963	G2191	1
G418	G714	1
G53	G1202	1
G596	G1719	1
G1334	G2208	1
G403	G2047	1
G529	G2583	1
G380	G1716	1
G600	G809	1
G773	G1932	1
G1513	G2327	1
G1452	G2188	1
G1671	G2365	1
G569	G1637	1
G306	G1666	1
G622	G2033	1
G1027	G1591	1
G1216	G2497	1
G963	G2798	1
G685	G1978	1
G1591	G2360	1
G736	G2994	1
G1099	G1681	1
G2098	G2397	1
G2584	G2955	1
G85	G1109	1
G1741	G2086	1
G1887	G2495	1
G2056	G2850	1
G586	G1500	1
G1513	G1953	1
G2232	G2377	1
G801	G2451	1
G36	G1726	1
G1093	G1673	1
G374	G1550	1
G1142	G1554	1
G1948	G2274	1
G1403	G2357	1
G904	G1963	1
G1316	G2736	1
G554	G923	1
G963	G1106	1
G1112	G2544	1
G2872	G2945	1
G1480	G1741	1
G1204	G2079	1
G24	G1140	1
G516	G2955	1
G1103	G2730	1
G778	G1806	1
G2463	G2467	1
G828	G2693	1
G758	G2312	1
G678	G1023	1
G1083	G1564	1
G1488	G1489	1
G130	G2352	1
G1397	G2535	1
G755	G2463	1
G2380	G2780	1
G961	G2754	1
G374	G2563	1
G931	G2949	1
G11	G1397	1
G1513	G2988	1
G642	G1858	1
G426	G578	1
G149	G1547	1
G1327	G2551	1
G1438	G2895	1
G2689	G2766	1
G11	G1870	1
G642	G2721	1
G1168	G1404	1
G1330	G2784	1
G1289	G1520	1
G317	G1203	1
G194	G660	1
G1543	G2380	1
G600	G2544	1
G797	G1446	1
G1932	G2121	1
G1513	G2523	1
G197	G1424	1
G694	G2628	1
G1870	G2540	1
G554	G1543	1
G374	G2784	1
G554	G2346	1
G2291	G2312	1
G361	G2721	1
G934	G1739	1
G995	G2786	1
G1859	G2426	1
G354	G462	1
G616	G1912	1
G577	G1577	1
G529	G2041	1
G175	G2233	1
G458	G1313	1
G319	G545	1
G1320	G2553	1
G490	G1606	1
G40	G1220	1
G1708	G1996	1
G1452	G2395	1
G885	G923	1
G139	G1576	1
G1971	G2465	1
G2045	G2570	1
G1842	G2009	1
G835	G1083	1
G1956	G2119	1
G2327	G2780	1
G2848	G2946	1
G1042	G2638	1
G1858	G1901	1
G889	G964	1
G880	G2024	1
G2478	G2924	1
G1074	G1484	1
G2606	G2662	1
G2274	G2766	1
G1398	G2946	1
G2352	G2591	1
G755	G1850	1
G1223	G1606	1
G2467	G2828	1
G770	G1251	1
G1496	G2544	1
G2012	G2779	1
G2046	G2944	1
G374	G2769	1
G2496	G2581	1
G456	G1604	1
G2085	G2498	1
G194	G1893	1
G391	G1739	1
G1877	G2961	1
G1332	G2105	1
G267	G1982	1
G196	G474	1
G364	G1143	1
G1730	G2045	1
G1330	G1901	1
G64	G2961	1
G531	G1012	1
G851	G2865	1
G414	G1433	1
G1013	G1159	1
G174	G1971	1
G774	G1916	1
G2736	G2977	1
G2425	G2435	1
G939	G2021	1
G374	G1901	1
G885	G1543	1
G1934	G2525	1
G1090	G1932	1
G141	G1606	1
G305	G560	1
G890	G2426	1
G963	G1806	1
G1780	G2327	1
G2435	G2825	1
G866	G1694	1
G634	G2892	1
G1224	G1292	1
G685	G923	1
G868	G1499	1
G1112	G2790	1
G642	G1010	1
G2320	G2921	1
G529	G2514	1
G1013	G1186	1
G354	G801	1
G1610	G1966	1
G2191	G2758	1
G682	G2370	1
G577	G2812	1
G1090	G2724	1
G2222	G2994	1
G827	G2798	1
G2366	G2780	1
G2041	G2775	1
G911	G1551	1
G1564	G1723	1
G896	G1857	1
G1397	G2180	1
G1877	G2983	1
G1250	G2498	1
G911	G2664	1
G586	G1747	1
G319	G1421	1
G380	G1495	1
G1513	G2949	1
G1982	G2274	1
G2019	G2685	1
G1255	G2188	1
G315	G2599	1
G827	G1106	1
G2013	G2734	1
G444	G2419	1
G475	G2798	1
G885	G1671	1
G2271	G2836	1
G150	G1455	1
G1550	G2465	1
G600	G2790	1
G1806	G2375	1
G586	G1612	1
G477	G642	1
G858	G2230	1
G867	G2632	1
G1098	G2798	1
G1998	G2973	1
G177	G1524	1
G366	G794	1
G1645	G2977	1
G691	G2736	1
G433	G2829	1
G892	G1989	1
G2026	G2676	1
G283	G1383	1
G958	G1543	1
G1133	G2789	1
G1455	G2208	1
G109	G2401	1
G2507	G2982	1
G2405	G2465	1
G1337	G1982	1
G85	G2584	1
G456	G693	1
G353	G1329	1
G2296	G2921	1
G1334	G2723	1
G2425	G2859	1
G827	G2175	1
G685	G2892	1
G1475	G1619	1
G660	G794	1
G1179	G1838	1
G876	G958	1
G266	G1645	1
G955	G2056	1
G1867	G2263	1
G1143	G1550	1
G1496	G2790	1
G281	G2038	1
G958	G2892	1
G1994	G2188	1
G144	G1635	1
G462	G2162	1
G354	G904	1
G475	G2175	1
G11	G1334	1
G1112	G1681	1
G258	G2514	1
G693	G1116	1
G1112	G2738	1
G1525	G2467	1
G1335	G1700	1
G755	G2040	1
G331	G2693	1
G122	G1397	1
G139	G2490	1
G1143	G2563	1
G1328	G2583	1
G1104	G2388	1
G2435	G2972	1
G1726	G2162	1
G2031	G2432	1
G1452	G2979	1
G355	G2955	1
G891	G1523	1
G1551	G2191	1
G910	G1045	1
G194	G362	1
G353	G2941	1
G1473	G1523	1
G315	G1455	1
G369	G1852	1
G1080	G2825	1
G437	G569	1
G1648	G2046	1
G1828	G2865	1
G1204	G2551	1
G694	G1523	1
G934	G1313	1
G445	G2210	1
G1334	G1617	1
G2072	G2300	1
G1543	G1982	1
G1735	G2875	1
G326	G531	1
G439	G2979	1
G600	G2738	1
G806	G1893	1
G660	G1116	1
G1953	G2693	1
G1919	G2295	1
G2736	G2766	1
G1781	G1924	1
G596	G1903	1
G1893	G2972	1
G1282	G1827	1
G1250	G2009	1
G1009	G1512	1
G527	G2983	1
G1007	G2648	1
G111	G2848	1
G104	G1837	1
G1334	G1564	1
G133	G2919	1
G525	G1488	1
G827	G1806	1
G1365	G2236	1
G2465	G2713	1
G1325	G2524	1
G141	G1677	1
G2263	G2522	1
G36	G663	1
G376	G1731	1
G1068	G2983	1
G2312	G2812	1
G157	G163	1
G2170	G2799	1
G2274	G2381	1
G2865	G2924	1
G2207	G2383	1
G475	G1806	1
G1143	G2769	1
G1780	G2949	1
G187	G848	1
G391	G1313	1
G554	G967	1
G876	G2870	1
G1752	G2841	1
G521	G1858	1
G462	G1218	1
G1500	G2977	1
G231	G1496	1
G336	G2355	1
G1719	G2924	1
G521	G2721	1
G563	G2780	1
G773	G1803	1
G462	G2462	1
G348	G426	1
G1098	G1806	1
G366	G2979	1
G610	G1083	1
G725	G850	1
G133	G2538	1
G1912	G1963	1
G564	G2094	1
G1406	G1577	1
G194	G1337	1
G755	G2354	1
G860	G1683	1
G1143	G1901	1
G1554	G1923	1
G1671	G2121	1
G1645	G2766	1
G370	G865	1
G1136	G1741	1
G1290	G2963	1
G1220	G2049	1
G182	G1288	1
G1726	G2462	1
G1625	G2121	1
G111	G1966	1
G2086	G2766	1
G2435	G2583	1
G1384	G1757	1
G506	G1677	1
G1328	G2206	1
G443	G2447	1
G801	G1932	1
G660	G2979	1
G92	G2880	1
G758	G2713	1
G1382	G2465	1
G482	G1589	1
G1112	G2440	1
G39	G1377	1
G663	G2341	1
G408	G2979	1
G437	G2086	1
G1606	G2208	1
G812	G2945	1
G907	G2881	1
G577	G2941	1
G1512	G2538	1
G842	G1681	1
G1118	G1704	1
G1730	G2877	1
G934	G2846	1
G801	G2724	1
G444	G1543	1
G1058	G1917	1
G1525	G2425	1
G2381	G2843	1
G882	G2341	1
G1261	G2210	1
G1040	G2047	1
G1007	G2365	1
G1397	G1835	1
G82	G1488	1
G1332	G2395	1
G85	G2012	1
G1510	G1668	1
G2389	G2497	1
G2525	G2990	1
G283	G1316	1
G2881	G2977	1
G149	G1118	1
G233	G828	1
G482	G2295	1
G1204	G2273	1
G2009	G2919	1
G2245	G2991	1
G1836	G1953	1
G809	G2514	1
G462	G806	1
G755	G1932	1
G846	G1542	1
G693	G2730	1
G2162	G2622	1
G1393	G2628	1
G570	G1044	1
G1957	G2405	1
G1693	G2460	1
G157	G885	1
G1335	G2419	1
G756	G1379	1
G1499	G2433	1
G858	G1751	1
G2588	G2760	1
G2736	G2988	1
G863	G1660	1
G921	G2932	1
G1680	G2097	1
G97	G1861	1
G444	G1671	1
G1742	G2142	1
G2381	G2961	1
G472	G995	1
G963	G1335	1
G2157	G2498	1
G2	G2569	1
G437	G2900	1
G1445	G2405	1
G1455	G2723	1
G1483	G1890	1
G456	G1774	1
G303	G1577	1
G610	G2642	1
G1381	G2870	1
G758	G1452	1
G1645	G2327	1
G1953	G2468	1
G1863	G2435	1
G2009	G2538	1
G529	G835	1
G789	G2490	1
G889	G1139	1
G1701	G2892	1
G466	G2968	1
G1576	G2467	1
G708	G1142	1
G425	G1932	1
G399	G1693	1
G773	G958	1
G974	G1402	1
G784	G1573	1
G437	G1564	1
G1227	G2671	1
G1331	G2395	1
G181	G2255	1
G2014	G2599	1
G148	G2730	1
G493	G1283	1
G879	G2758	1
G1645	G1953	1
G1681	G2789	1
G40	G736	1
G899	G923	1
G414	G421	1
G2297	G2341	1
G1083	G2736	1
G335	G2274	1
G98	G672	1
G2274	G2462	1
G331	G2263	1
G462	G1622	1
G1726	G2667	1
G586	G2381	1
G153	G2924	1
G283	G2789	1
G157	G425	1
G267	G353	1
G514	G1098	1
G866	G2799	1
G1335	G2972	1
G2719	G2999	1
G1075	G1515	1
G1261	G2355	1
G1320	G2540	1
G1689	G2155	1
G1806	G2115	1
G662	G1008	1
G1339	G2671	1
G2162	G2241	1
G157	G1310	1
G433	G663	1
G1332	G2046	1
G1671	G2447	1
G2514	G2693	1
G1027	G2366	1
G1500	G2766	1
G2121	G2620	1
G923	G2599	1
G104	G2291	1
G1008	G2498	1
G1654	G2083	1
G208	G1573	1
G24	G1806	1
G163	G2849	1
G364	G1723	1
G609	G1166	1
G2208	G2798	1
G1455	G1617	1
G1953	G2263	1
G36	G2881	1
G318	G2150	1
G11	G1112	1
G817	G965	1
G2591	G2822	1
G1617	G2263	1
G828	G2188	1
G1166	G2342	1
G1370	G1681	1
G1309	G2162	1
G774	G1058	1
G1671	G2451	1
G625	G2467	1
G956	G1500	1
G1455	G1564	1
G527	G1223	1
G1948	G2603	1
G454	G2828	1
G1625	G2451	1
G2435	G2514	1
G1948	G2188	1
G806	G1540	1
G1455	G1525	1
G1099	G2991	1
G2355	G2478	1
G2381	G2849	1
G2540	G2865	1
G435	G2588	1
G46	G199	1
G586	G2162	1
G155	G2301	1
G1525	G2024	1
G141	G148	1
G685	G960	1
G809	G1604	1
G1161	G2412	1
G1316	G1971	1
G773	G1130	1
G696	G1806	1
G2261	G2460	1
G2034	G2355	1
G148	G2366	1
G1424	G1877	1
G1383	G2467	1
G1612	G2979	1
G703	G1455	1
G758	G963	1
G1933	G2210	1
G462	G2380	1
G177	G2838	1
G964	G2713	1
G1989	G2327	1
G773	G2870	1
G2736	G2949	1
G1427	G1667	1
G1863	G1997	1
G85	G2108	1
G563	G2882	1
G521	G2242	1
G544	G1846	1
G1174	G1757	1
G11	G554	1
G2467	G2877	1
G596	G2312	1
G476	G2895	1
G1143	G2570	1
G1223	G2236	1
G1372	G1923	1
G2496	G2790	1
G1741	G2843	1
G444	G1625	1
G474	G1797	1
G1500	G2327	1
G891	G1261	1
G1390	G2210	1
G1419	G1420	1
G1538	G1604	1
G554	G2563	1
G1953	G2118	1
G1017	G1279	1
G1387	G1985	1
G1203	G1207	1
G1332	G2979	1
G2395	G2789	1
G1630	G2979	1
G694	G1261	1
G1236	G1694	1
G2312	G2497	1
G909	G1228	1
G923	G1455	1
G2739	G2981	1
G174	G1562	1
G40	G2144	1
G177	G2369	1
G1622	G2583	1
G1576	G2425	1
G960	G1867	1
G1756	G2718	1
G2390	G2482	1
G408	G2031	1
G366	G827	1
G13	G2564	1
G629	G1039	1
G882	G1946	1
G1683	G2588	1
G1932	G2724	1
G2357	G2887	1
G1793	G2245	1
G283	G1228	1
G858	G897	1
G40	G2827	1
G512	G2467	1
G1469	G1543	1
G2103	G2496	1
G514	G1591	1
G663	G2838	1
G1747	G2366	1
G1849	G2563	1
G529	G1948	1
G177	G1681	1
G2412	G2793	1
G2212	G2363	1
G177	G2738	1
G1997	G2881	1
G1455	G2214	1
G740	G2936	1
G324	G2606	1
G1333	G2317	1
G656	G2543	1
G1328	G1515	1
G586	G2462	1
G1218	G2983	1
G139	G1816	1
G1645	G2949	1
G2430	G2979	1
G964	G1452	1
G868	G1787	1
G660	G827	1
G885	G2435	1
G1313	G2815	1
G1419	G2597	1
G902	G2776	1
G267	G2843	1
G2086	G2162	1
G444	G1445	1
G1005	G1207	1
G126	G1080	1
G1046	G2061	1
G332	G1681	1
G1106	G2736	1
G1793	G2498	1
G141	G2418	1
G1933	G2355	1
G529	G1478	1
G663	G2369	1
G610	G774	1
G1234	G2082	1
G514	G2622	1
G1500	G2523	1
G1923	G2553	1
G1320	G2877	1
G924	G2425	1
G1090	G2406	1
G2713	G2871	1
G1159	G2681	1
G899	G2877	1
G889	G1562	1
G931	G1521	1
G1671	G2620	1
G1441	G1849	1
G370	G2833	1
G663	G1681	1
G2040	G2949	1
G362	G923	1
G355	G1109	1
G1625	G2620	1
G402	G851	1
G1849	G2769	1
G554	G1997	1
G693	G2017	1
G1547	G2560	1
G1903	G1923	1
G433	G2881	1
G853	G1064	1
G1606	G1617	1
G1112	G1500	1
G2685	G2948	1
G1053	G2138	1
G685	G1550	1
G450	G2739	1
G1543	G1850	1
G439	G1916	1
G1547	G2946	1
G374	G733	1
G1397	G2103	1
G851	G2263	1
G1383	G2425	1
G149	G1944	1
G963	G1419	1
G1827	G2086	1
G1282	G1677	1
G616	G2285	1
G1244	G1251	1
G1783	G2086	1
G586	G806	1
G1406	G2497	1
G2784	G2870	1
G1849	G1901	1
G2115	G2347	1
G827	G1429	1
G616	G2206	1
G1849	G1997	1
G462	G2232	1
G1758	G1877	1
G685	G2563	1
G87	G997	1
G1741	G2849	1
G1874	G2369	1
G1986	G2462	1
G251	G788	1
G2430	G2730	1
G828	G1116	1
G315	G899	1
G2068	G2206	1
G266	G1524	1
G600	G1500	1
G958	G2563	1
G2535	G2951	1
G694	G2983	1
G2462	G2789	1
G693	G1916	1
G153	G2405	1
G522	G616	1
G148	G2017	1
G1059	G1985	1
G733	G2664	1
G402	G2838	1
G2045	G2430	1
G2115	G2638	1
G426	G1066	1
G1489	G2072	1
G610	G622	1
G1726	G2232	1
G1000	G2298	1
G1183	G2294	1
G685	G2784	1
G1403	G2689	1
G18	G839	1
G1152	G2092	1
G1354	G1811	1
G286	G1693	1
G422	G2440	1
G268	G736	1
G958	G2784	1
G46	G307	1
G885	G1997	1
G563	G2180	1
G729	G2072	1
G447	G2733	1
G354	G2724	1
G613	G2532	1
G1329	G2814	1
G462	G1469	1
G1570	G2497	1
G340	G388	1
G1008	G2937	1
G2180	G2766	1
G1315	G2003	1
G515	G2467	1
G1500	G2949	1
G2547	G2667	1
G612	G1554	1
G851	G2105	1
G20	G44	1
G11	G773	1
G402	G2369	1
G1401	G2814	1
G1109	G2293	1
G1133	G2780	1
G1992	G2009	1
G275	G1320	1
G2252	G2887	1
G574	G1455	1
G148	G1916	1
G267	G1513	1
G1187	G2465	1
G685	G2769	1
G931	G2121	1
G46	G2970	1
G1012	G2239	1
G2342	G2850	1
G2465	G2648	1
G1090	G1397	1
G391	G1651	1
G548	G2938	1
G774	G778	1
G462	G1982	1
G589	G1428	1
G402	G1681	1
G958	G2769	1
G629	G964	1
G193	G951	1
G1090	G1870	1
G1334	G2843	1
G402	G2738	1
G539	G2776	1
G1606	G2214	1
G712	G2489	1
G586	G2208	1
G454	G923	1
G794	G2425	1
G851	G889	1
G1469	G1625	1
G577	G2557	1
G1238	G2398	1
G368	G662	1
G302	G609	1
G126	G2977	1
G2642	G2870	1
G685	G1901	1
G784	G2508	1
G362	G1159	1
G1418	G2418	1
G987	G1302	1
G1948	G2979	1
G920	G2312	1
G1726	G1982	1
G1855	G2865	1
G462	G596	1
G46	G1561	1
G133	G1523	1
G1202	G1811	1
G958	G1997	1
G1916	G2206	1
G842	G1500	1
G208	G357	1
G629	G2814	1
G2309	G2408	1
G704	G1325	1
G2165	G2327	1
G78	G1418	1
G462	G625	1
G2083	G2991	1
G733	G1485	1
G1382	G1827	1
G2325	G2540	1
G267	G1446	1
G2446	G2829	1
G456	G1723	1
G846	G860	1
G1258	G2863	1
G554	G2360	1
G1445	G2713	1
G696	G1335	1
G729	G1489	1
G1220	G1628	1
G2812	G2869	1
G835	G2180	1
G1112	G1747	1
G758	G2648	1
G801	G931	1
G1211	G1780	1
G1091	G2978	1
G817	G2814	1
G462	G558	1
G2144	G2188	1
G177	G691	1
G36	G554	1
G153	G2428	1
G534	G2955	1
G999	G1606	1
G899	G960	1
G1337	G2354	1
G515	G2352	1
G2241	G2689	1
G173	G1295	1
G1962	G1979	1
G456	G1090	1
G149	G2044	1
G1867	G2730	1
G362	G2877	1
G1112	G1612	1
G2620	G2843	1
G1849	G2360	1
G622	G1675	1
G2468	G2822	1
G918	G1576	1
G2667	G2822	1
G1903	G2544	1
G1441	G1963	1
G1723	G2118	1
G2257	G2979	1
G1550	G1606	1
G2063	G2814	1
G1554	G2347	1
G645	G1451	1
G1334	G2983	1
G1224	G2475	1
G318	G2920	1
G226	G1934	1
G600	G1747	1
G444	G2435	1
G782	G882	1
G755	G931	1
G1429	G1863	1
G1460	G2197	1
G15	G2814	1
G947	G1418	1
G755	G1243	1
G1428	G2837	1
G1109	G1919	1
G918	G2977	1
G1422	G1946	1
G596	G2713	1
G1010	G1645	1
G1625	G2724	1
G577	G1867	1
G462	G1332	1
G1793	G2937	1
G600	G1612	1
G868	G896	1
G266	G490	1
G1314	G1645	1
G1445	G1452	1
G462	G801	1
G1828	G2118	1
G197	G1933	1
G882	G2073	1
G1184	G1911	1
G1334	G1513	1
G1334	G2849	1
G816	G2229	1
G891	G1473	1
G367	G735	1
G1058	G2369	1
G734	G963	1
G2462	G2674	1
G281	G1411	1
G1871	G1937	1
G694	G1473	1
G2467	G2563	1
G801	G2870	1
G925	G2833	1
G331	G1116	1
G758	G2365	1
G797	G2468	1
G1671	G1741	1
G1107	G1224	1
G1217	G2802	1
G1612	G1916	1
G644	G735	1
G141	G2352	1
G306	G1806	1
G1058	G1681	1
G875	G924	1
G1058	G2738	1
G1265	G2457	1
G2449	G2606	1
G2312	G2557	1
G1671	G1855	1
G1140	G2056	1
G1681	G2835	1
G1934	G2990	1
G2467	G2784	1
G193	G2953	1
G126	G2766	1
G348	G1445	1
G1316	G2274	1
G2190	G2195	1
G1087	G2263	1
G586	G1949	1
G1004	G2814	1
G576	G1768	1
G685	G2360	1
G1475	G2985	1
G1949	G2784	1
G1420	G2814	1
G233	G1793	1
G1982	G2979	1
G2419	G2447	1
G577	G876	1
G231	G2366	1
G596	G1452	1
G153	G336	1
G2766	G2951	1
G1220	G2083	1
G148	G660	1
G563	G1835	1
G1323	G1953	1
G1330	G2430	1
G462	G882	1
G1090	G1334	1
G157	G1858	1
G739	G2467	1
G673	G1189	1
G1005	G1519	1
G774	G2540	1
G157	G2721	1
G1133	G2175	1
G693	G1893	1
G454	G2877	1
G1261	G1334	1
G141	G2425	1
G703	G899	1
G1320	G1550	1
G374	G2430	1
G1188	G1574	1
G1877	G2693	1
G144	G1984	1
G448	G2268	1
G2467	G2769	1
G1903	G2790	1
G963	G2924	1
G334	G2047	1
G239	G2572	1
G899	G1550	1
G2381	G2421	1
G1152	G1612	1
G1541	G2909	1
G1543	G1920	1
G1946	G2766	1
G511	G1591	1
G75	G1806	1
G344	G1934	1
G612	G1987	1
G801	G1397	1
G1441	G1719	1
G1418	G2467	1
G283	G500	1
G801	G1870	1
G373	G2504	1
G1591	G2642	1
G882	G1420	1
G1252	G2991	1
G1036	G2049	1
G1493	G2076	1
G402	G691	1
G1681	G2780	1
G1727	G2853	1
G964	G2648	1
G529	G1090	1
G899	G2563	1
G174	G1455	1
G963	G1903	1
G828	G1508	1
G283	G2780	1
G693	G1328	1
G1012	G2656	1
G2232	G2591	1
G924	G1700	1
G139	G572	1
G506	G2425	1
G824	G2581	1
G1320	G2784	1
G586	G1469	1
G2317	G2681	1
G423	G1441	1
G1923	G2540	1
G1980	G2604	1
G899	G2784	1
G195	G472	1
G2366	G2471	1
G421	G2973	1
G2686	G2892	1
G362	G960	1
G353	G1963	1
G1864	G2047	1
G1573	G2681	1
G2346	G2622	1
G1382	G1606	1
G2693	G2843	1
G46	G1309	1
G736	G2892	1
G355	G2012	1
G1152	G2766	1
G715	G2736	1
G1605	G2474	1
G1639	G2369	1
G461	G2865	1
G1213	G1934	1
G475	G1783	1
G2103	G2419	1
G882	G2597	1
G1116	G1143	1
G275	G1726	1
G2583	G2736	1
G789	G2921	1
G266	G2838	1
G2017	G2865	1
G1903	G2369	1
G629	G2465	1
G596	G963	1
G344	G1864	1
G1320	G2769	1
G148	G1328	1
G2591	G2977	1
G1704	G2892	1
G586	G1617	1
G750	G1712	1
G899	G2769	1
G1269	G1547	1
G163	G1130	1
G1083	G2865	1
G1123	G2946	1
G943	G1921	1
G2425	G2789	1
G1525	G2583	1
G156	G2816	1
G899	G2859	1
G1903	G2738	1
G2086	G2232	1
G1455	G2983	1
G1551	G2214	1
G960	G2822	1
G331	G2730	1
G586	G879	1
G889	G1455	1
G144	G1881	1
G789	G2365	1
G1320	G1901	1
G642	G2214	1
G654	G1514	1
G828	G985	1
G266	G2369	1
G133	G1261	1
G2780	G2988	1
G932	G1005	1
G578	G2662	1
G2108	G2404	1
G1469	G2563	1
G899	G1901	1
G495	G2365	1
G947	G1583	1
G964	G2365	1
G161	G1238	1
G153	G2426	1
G315	G715	1
G2180	G2462	1
G1109	G2437	1
G266	G1681	1
G456	G1103	1
G564	G1140	1
G266	G2738	1
G2724	G2790	1
G956	G2462	1
G691	G2274	1
G918	G2327	1
G2052	G2788	1
G1112	G2381	1
G385	G2166	1
G1455	G1513	1
G301	G1116	1
G187	G2713	1
G324	G2639	1
G1741	G2865	1
G1823	G2470	1
G1270	G1998	1
G1963	G2736	1
G1468	G1836	1
G1418	G2425	1
G777	G2073	1
G2044	G2116	1
G1629	G2772	1
G774	G2877	1
G1327	G1772	1
G206	G1263	1
G1551	G2058	1
G907	G2812	1
G443	G911	1
G226	G1585	1
G52	G2234	1
G716	G2032	1
G1619	G1888	1
G228	G861	1
G1452	G1540	1
G1867	G1916	1
G691	G2693	1
G846	G1142	1
G176	G1901	1
G693	G2553	1
G1008	G1610	1
G962	G1485	1
G1133	G2180	1
G475	G2924	1
G600	G2381	1
G577	G924	1
G423	G2620	1
G444	G1828	1
G758	G1521	1
G858	G1118	1
G1469	G2859	1
G366	G2553	1
G534	G826	1
G1982	G2031	1
G153	G1452	1
G479	G2712	1
G1335	G1948	1
G827	G1903	1
G2693	G2849	1
G1671	G1726	1
G444	G2940	1
G2599	G2766	1
G1112	G2162	1
G133	G2961	1
G320	G2115	1
G890	G1554	1
G612	G1741	1
G1994	G2320	1
G801	G1334	1
G835	G2465	1
G139	G866	1
G1612	G1893	1
G1636	G2872	1
G1249	G2829	1
G1984	G2013	1
G1134	G2004	1
G1469	G1997	1
G1422	G2073	1
G600	G2951	1
G2583	G2983	1
G2222	G2892	1
G1923	G2877	1
G1953	G2366	1
G1397	G1606	1
G187	G1452	1
G570	G2528	1
G1012	G1066	1
G554	G733	1
G141	G423	1
G1500	G2232	1
G1496	G2381	1
G721	G1314	1
G1628	G2848	1
G1168	G1835	1
G851	G2979	1
G362	G2563	1
G612	G2375	1
G1157	G2999	1
G1488	G2799	1
G1852	G2419	1
G2467	G2570	1
G600	G2162	1
G901	G2235	1
G157	G2441	1
G306	G1335	1
G1681	G2175	1
G354	G2406	1
G806	G960	1
G1160	G1942	1
G1332	G1893	1
G897	G1099	1
G1748	G2092	1
G2591	G2766	1
G963	G2405	1
G1090	G1112	1
G2514	G2979	1
G904	G963	1
G534	G1109	1
G2206	G2425	1
G40	G2296	1
G216	G2812	1
G187	G385	1
G362	G2784	1
G1429	G2736	1
G809	G1723	1
G924	G2972	1
G149	G2848	1
G796	G1335	1
G500	G2435	1
G563	G2103	1
G773	G2241	1
G177	G1010	1
G1606	G2983	1
G852	G2342	1
G2365	G2877	1
G1328	G1723	1
G1926	G2927	1
G1112	G1710	1
G1881	G1984	1
G2708	G2744	1
G842	G2381	1
G2103	G2156	1
G823	G2977	1
G1329	G1562	1
G794	G2825	1
G899	G2360	1
G1628	G2568	1
G1168	G1429	1
G36	G2812	1
G2553	G2563	1
G1628	G1966	1
G868	G2741	1
G102	G2316	1
G2078	G2993	1
G477	G1671	1
G1112	G2462	1
G1850	G2365	1
G931	G1932	1
G354	G2870	1
G362	G2769	1
G758	G2121	1
G332	G1010	1
G425	G1334	1
G577	G1719	1
G462	G2258	1
G1838	G2750	1
G193	G1621	1
G419	G1258	1
G1204	G2793	1
G2069	G2981	1
G2009	G2961	1
G1576	G2583	1
G2471	G2620	1
G2320	G2827	1
G882	G2591	1
G126	G926	1
G525	G729	1
G1446	G1645	1
G1635	G2873	1
G931	G2724	1
G1842	G1918	1
G192	G2814	1
G1835	G2812	1
G300	G2468	1
G362	G1901	1
G1030	G1550	1
G1320	G2570	1
G918	G2949	1
G1861	G2528	1
G663	G1010	1
G149	G1966	1
G362	G1997	1
G454	G1550	1
G2544	G2849	1
G704	G2104	1
G703	G1152	1
G600	G2462	1
G2514	G2730	1
G1726	G2423	1
G663	G2676	1
G842	G2162	1
G1375	G2630	1
G2676	G2758	1
G64	G1313	1
G2672	G2872	1
G263	G2503	1
G1827	G2983	1
G923	G1480	1
G918	G1989	1
G1008	G1099	1
G765	G1621	1
G1062	G2727	1
G685	G733	1
G2553	G2769	1
G1154	G2027	1
G1213	G1585	1
G1035	G1953	1
G1334	G2865	1
G924	G2583	1
G2449	G2887	1
G1591	G1836	1
G80	G1907	1
G902	G1806	1
G1515	G1986	1
G2470	G2991	1
G266	G691	1
G1953	G2933	1
G596	G2648	1
G622	G773	1
G316	G1394	1
G1469	G2360	1
G923	G1152	1
G2419	G2724	1
G354	G1870	1
G2263	G2274	1
G2221	G2224	1
G1496	G2462	1
G1564	G2798	1
G1058	G1500	1
G1018	G2149	1
G1010	G1923	1
G2591	G2988	1
G1204	G1772	1
G400	G2369	1
G515	G2825	1
G558	G2419	1
G1010	G1524	1
G1525	G1604	1
G1475	G2268	1
G533	G2606	1
G272	G1502	1
G443	G1397	1
G1251	G2098	1
G1827	G2849	1
G2188	G2557	1
G1383	G2583	1
G1920	G2327	1
G1168	G2368	1
G2040	G2121	1
G1612	G2553	1
G253	G1412	1
G316	G516	1
G1783	G2849	1
G197	G1236	1
G794	G2972	1
G245	G1681	1
G827	G2405	1
G2790	G2972	1
G1133	G1835	1
G331	G1916	1
G1863	G2789	1
G529	G1666	1
G592	G2357	1
G496	G1337	1
G2389	G2656	1
G216	G1329	1
G539	G1630	1
G1372	G1500	1
G2017	G2693	1
G215	G2273	1
G960	G1780	1
G1054	G2146	1
G1564	G1630	1
G1335	G1828	1
G1513	G1932	1
G1668	G2397	1
G813	G2396	1
G1912	G1953	1
G2869	G2924	1
G475	G2405	1
G758	G2447	1
G2395	G2535	1
G514	G1645	1
G1152	G2462	1
G1554	G1837	1
G1585	G2069	1
G1448	G2429	1
G1681	G2180	1
G1027	G2341	1
G714	G2157	1
G747	G2828	1
G823	G2766	1
G1335	G2940	1
G1551	G2736	1
G2468	G2977	1
G1083	G2693	1
G2667	G2977	1
G806	G2784	1
G141	G600	1
G1030	G1901	1
G1877	G2846	1
G1719	G2648	1
G402	G1010	1
G1513	G2724	1
G258	G456	1
G1622	G1828	1
G1772	G2899	1
G64	G2846	1
G1439	G2518	1
G1554	G2766	1
G1726	G2354	1
G1837	G2291	1
G1920	G2988	1
G1099	G2628	1
G1264	G2814	1
G402	G2676	1
G1116	G1723	1
G193	G771	1
G213	G1861	1
G610	G2465	1
G1489	G2876	1
G1112	G2208	1
G1912	G2988	1
G703	G2496	1
G423	G1741	1
G962	G2822	1
G133	G1473	1
G182	G257	1
G2282	G2667	1
G596	G2365	1
G781	G2266	1
G1836	G2451	1
G1042	G1418	1
G619	G1999	1
G1576	G2514	1
G2586	G2671	1
G2758	G2869	1
G2946	G2991	1
G1316	G2188	1
G174	G899	1
G708	G1878	1
G758	G1441	1
G2360	G2881	1
G801	G1112	1
G882	G2191	1
G542	G2375	1
G1591	G2882	1
G856	G1232	1
G524	G1916	1
G2115	G2735	1
G6	G674	1
G806	G2769	1
G2214	G2988	1
G848	G1591	1
G1042	G1564	1
G828	G2320	1
G370	G1120	1
G1741	G2693	1
G148	G2341	1
G506	G600	1
G1278	G2654	1
G2180	G2232	1
G323	G2395	1
G425	G1098	1
G293	G2592	1
G447	G810	1
G1173	G2331	1
G1257	G2768	1
G744	G2724	1
G600	G2208	1
G2730	G2790	1
G923	G2496	1
G794	G2583	1
G1098	G2312	1
G590	G1099	1
G960	G2092	1
G1488	G1735	1
G806	G1901	1
G57	G1286	1
G565	G1533	1
G36	G2941	1
G153	G586	1
G2591	G2949	1
G476	G2443	1
G1130	G2812	1
G2523	G2881	1
G437	G2865	1
G539	G1806	1
G1155	G2681	1
G1671	G1870	1
G709	G1078	1
G885	G1316	1
G828	G2300	1
G1191	G2080	1
G139	G1220	1
G1564	G1806	1
G198	G326	1
G2570	G2789	1
G823	G2327	1
G1118	G2946	1
G1625	G1870	1
G1758	G2919	1
G366	G1924	1
G408	G2045	1
G1039	G2563	1
G629	G1827	1
G1591	G2535	1
G714	G1933	1
G1719	G2365	1
G490	G2972	1
G187	G586	1
G889	G899	1
G2405	G2758	1
G1332	G2828	1
G1331	G1540	1
G2341	G2626	1
G577	G610	1
G1610	G2210	1
G752	G1251	1
G1157	G1251	1
G1654	G1966	1
G194	G2570	1
G2115	G2162	1
G586	G1768	1
G1808	G2488	1
G1828	G2366	1
G1743	G2525	1
G1243	G1591	1
G574	G1152	1
G1849	G2430	1
G1770	G2680	1
G202	G2597	1
G141	G437	1
G1383	G2514	1
G2366	G2405	1
G734	G1521	1
G2758	G2798	1
G150	G2419	1
G368	G1473	1
G910	G1175	1
G2440	G2540	1
G691	G2196	1
G275	G2881	1
G2462	G2535	1
G133	G139	1
G324	G2621	1
G354	G1334	1
G193	G2039	1
G835	G999	1
G406	G1567	1
G897	G2994	1
G205	G2721	1
G192	G2465	1
G1780	G1932	1
G693	G2540	1
G444	G1383	1
G1010	G2544	1
G529	G2063	1
G1106	G2274	1
G514	G2712	1
G1455	G2865	1
G500	G2940	1
G1907	G1916	1
G1605	G1939	1
G830	G1495	1
G380	G2872	1
G1034	G2430	1
G586	G2258	1
G2451	G2689	1
G438	G1742	1
G1243	G2622	1
G1855	G1930	1
G154	G2525	1
G1780	G2724	1
G885	G2789	1
G1603	G1800	1
G2667	G2766	1
G1203	G1683	1
G1039	G2769	1
G823	G2523	1
G2496	G2951	1
G813	G1843	1
G141	G2972	1
G197	G1918	1
G824	G2738	1
G1422	G2591	1
G1030	G2360	1
G300	G1591	1
G758	G2620	1
G531	G1618	1
G2945	G2972	1
G454	G2360	1
G1515	G2776	1
G2276	G2296	1
G1795	G2224	1
G1211	G1218	1
G774	G1901	1
G1758	G2228	1
G1524	G1863	1
G2191	G2435	1
G187	G2648	1
G1058	G2676	1
G1186	G1730	1
G1473	G2229	1
G1283	G2857	1
G1329	G2599	1
G46	G642	1
G364	G2869	1
G3	G1999	1
G1039	G1901	1
G1257	G2272	1
G1867	G2553	1
G306	G848	1
G148	G2540	1
G851	G1916	1
G852	G2588	1
G2210	G2815	1
G700	G1064	1
G529	G2776	1
G461	G2263	1
G752	G2968	1
G1157	G2968	1
G673	G2524	1
G2191	G2563	1
G2115	G2880	1
G2017	G2263	1
G1014	G2924	1
G534	G2012	1
G1500	G2463	1
G2365	G2563	1
G629	G890	1
G2258	G2405	1
G186	G1778	1
G1741	G2468	1
G791	G2059	1
G80	G1598	1
G781	G1406	1
G1596	G1806	1
G964	G1441	1
G685	G2430	1
G1445	G2166	1
G1989	G2653	1
G1446	G2581	1
G335	G1916	1
G1083	G2263	1
G787	G1208	1
G1012	G1134	1
G1223	G2583	1
G794	G2514	1
G2365	G2784	1
G134	G608	1
G1997	G2497	1
G835	G1827	1
G1027	G2838	1
G1218	G2263	1
G2312	G2561	1
G258	G2063	1
G960	G2977	1
G1139	G1963	1
G331	G1893	1
G148	G163	1
G283	G1835	1
G1130	G1329	1
G1043	G1504	1
G246	G1440	1
G126	G506	1
G577	G2443	1
G733	G2977	1
G1252	G2538	1
G357	G2347	1
G878	G2722	1
G2317	G2449	1
G1671	G2881	1
G1417	G2525	1
G1452	G2877	1
G1112	G2086	1
G641	G2875	1
G1806	G2812	1
G126	G2232	1
G141	G2583	1
G2583	G2865	1
G770	G1238	1
G1857	G2551	1
G1133	G2103	1
G2196	G2547	1
G1500	G1850	1
G1103	G1550	1
G1010	G2790	1
G696	G2312	1
G1334	G2693	1
G1027	G2369	1
G2365	G2769	1
G2586	G2840	1
G306	G364	1
G1255	G2540	1
G515	G2206	1
G1741	G2263	1
G789	G1220	1
G1495	G1719	1
G685	G2470	1
G1901	G2581	1
G596	G1521	1
G187	G2365	1
G963	G1452	1
G727	G2311	1
G1787	G2899	1
G423	G775	1
G631	G1991	1
G163	G1591	1
G1329	G1455	1
G2071	G2662	1
G1313	G1654	1
G525	G2991	1
G1554	G2162	1
G586	G2849	1
G176	G733	1
G266	G1747	1
G702	G2629	1
G1787	G2250	1
G1627	G2069	1
G524	G2401	1
G1869	G1963	1
G1269	G1944	1
G1828	G2017	1
G685	G880	1
G1018	G1693	1
G1008	G1390	1
G1332	G2045	1
G324	G1141	1
G364	G1106	1
G437	G1372	1
G1112	G1982	1
G656	G1251	1
G1257	G2971	1
G691	G2395	1
G4	G1749	1
G750	G1730	1
G1329	G2603	1
G1160	G2319	1
G1316	G2979	1
G1220	G2327	1
G938	G2658	1
G955	G1136	1
G2150	G2698	1
G985	G1704	1
G600	G1469	1
G1316	G2618	1
G1523	G2083	1
G1606	G2865	1
G2208	G2405	1
G85	G355	1
G1112	G1418	1
G2244	G2312	1
G1112	G1617	1
G925	G1120	1
G1778	G1799	1
G196	G2528	1
G366	G2877	1
G779	G955	1
G1006	G2532	1
G117	G325	1
G625	G693	1
G15	G755	1
G2103	G2435	1
G719	G2822	1
G444	G1316	1
G564	G1580	1
G1429	G1971	1
G2712	G2877	1
G148	G885	1
G233	G694	1
G600	G1982	1
G1849	G2569	1
G1741	G2118	1
G1966	G1992	1
G1748	G2381	1
G1027	G1310	1
G2568	G2921	1
G1350	G2828	1
G1747	G2838	1
G660	G2877	1
G629	G1455	1
G703	G2944	1
G2381	G2622	1
G2056	G2461	1
G266	G1010	1
G693	G1310	1
G733	G758	1
G408	G1852	1
G2273	G2955	1
G1446	G1923	1
G1422	G2441	1
G600	G1418	1
G1148	G1823	1
G533	G2887	1
G1238	G2069	1
G1152	G2232	1
G2385	G2994	1
G332	G1168	1
G1010	G1681	1
G1120	G1800	1
G266	G2676	1
G306	G2924	1
G1403	G2429	1
G534	G2108	1
G2882	G2979	1
G1010	G2738	1
G734	G2447	1
G2206	G2419	1
G40	G1237	1
G150	G1671	1
G387	G2991	1
G885	G1083	1
G1841	G2447	1
G425	G773	1
G1335	G1383	1
G2144	G2320	1
G1554	G2462	1
G2086	G2354	1
G195	G412	1
G1457	G1823	1
G610	G999	1
G126	G462	1
G1576	G1793	1
G488	G2681	1
G1103	G1901	1
G1751	G2188	1
G596	G2121	1
G1747	G2369	1
G774	G2570	1
G1827	G2865	1
G1130	G2869	1
G960	G2766	1
G372	G1000	1
G809	G2063	1
G148	G425	1
G715	G1139	1
G1174	G1309	1
G1783	G2865	1
G1211	G2380	1
G758	G1320	1
G676	G678	1
G728	G2406	1
G148	G1310	1
G1058	G2381	1
G187	G1912	1
G444	G2789	1
G810	G2348	1
G1746	G2758	1
G438	G868	1
G1500	G2040	1
G1237	G2498	1
G2144	G2300	1
G409	G457	1
G1334	G2468	1
G2588	G2880	1
G1524	G2522	1
G315	G2346	1
G443	G1112	1
G2206	G2972	1
G331	G2553	1
G1489	G1992	1
G2468	G2949	1
G148	G563	1
G1282	G2644	1
G1294	G1561	1
G2667	G2949	1
G703	G2644	1
G2259	G2889	1
G767	G1744	1
G118	G1260	1
G1774	G2814	1
G1149	G1160	1
G2429	G2681	1
G2117	G2269	1
G1645	G1932	1
G1521	G2583	1
G663	G2208	1
G1966	G2810	1
G624	G1236	1
G144	G2412	1
G462	G1133	1
G1191	G1249	1
G685	G2569	1
G2118	G2563	1
G758	G1741	1
G891	G1313	1
G1138	G2235	1
G1429	G2266	1
G370	G2968	1
G1218	G2478	1
G1923	G2570	1
G747	G1852	1
G835	G1606	1
G24	G533	1
G1313	G1978	1
G1598	G2041	1
G1645	G2724	1
G758	G1855	1
G747	G2877	1
G1008	G1696	1
G1591	G2547	1
G126	G801	1
G1735	G2294	1
G875	G2766	1
G1183	G2925	1
G1489	G1558	1
G139	G736	1
G187	G267	1
G194	G2637	1
G1617	G2553	1
G2118	G2784	1
G462	G2421	1
G349	G597	1
G586	G1223	1
G1508	G2961	1
G889	G1897	1
G2724	G2766	1
G1322	G2308	1
G15	G2675	1
G514	G1923	1
G610	G1827	1
G1751	G2815	1
G1334	G2263	1
G194	G1264	1
G579	G893	1
G632	G2431	1
G1265	G2255	1
G1455	G2693	1
G1388	G2369	1
G1576	G1948	1
G283	G2471	1
G911	G2365	1
G733	G2327	1
G691	G2979	1
G1010	G2440	1
G1442	G1817	1
G2812	G2924	1
G1441	G2327	1
G931	G1397	1
G1748	G2462	1
G1701	G2470	1
G2040	G2724	1
G2369	G2812	1
G1513	G2834	1
G2045	G2547	1
G456	G1255	1
G2425	G2535	1
G1142	G1848	1
G1492	G2310	1
G161	G1040	1
G2118	G2769	1
G577	G1576	1
G456	G2869	1
G366	G960	1
G2118	G2859	1
G462	G958	1
G1441	G1953	1
G1679	G2561	1
G907	G1849	1
G596	G2447	1
G2340	G2671	1
G1681	G2103	1
G2563	G2784	1
G2206	G2583	1
G794	G835	1
G2366	G2426	1
G1027	G2073	1
G1329	G1387	1
G729	G1123	1
G890	G2115	1
G1320	G2430	1
G325	G2590	1
G674	G1316	1
G880	G918	1
G283	G2103	1
G810	G2685	1
G1612	G2877	1
G1220	G2848	1
G899	G2430	1
G880	G1103	1
G600	G882	1
G1893	G2063	1
G1635	G2295	1
G924	G1948	1
G810	G2510	1
G2295	G2955	1
G660	G960	1
G1209	G1382	1
G1666	G2988	1
G974	G1834	1
G1441	G2988	1
G1294	G2071	1
G1446	G2544	1
G890	G1143	1
G708	G1433	1
G1903	G2381	1
G1334	G1496	1
G267	G1591	1
G1334	G2118	1
G2323	G2637	1
G402	G2208	1
G596	G1441	1
G1152	G1332	1
G2563	G2769	1
G366	G902	1
G486	G1499	1
G2041	G2375	1
G2511	G2703	1
G600	G703	1
G1332	G2877	1
G1630	G2877	1
G715	G2274	1
G1441	G2523	1
G1008	G2385	1
G1500	G1932	1
G2166	G2814	1
G1806	G2869	1
G1382	G2615	1
G1489	G2799	1
G629	G1099	1
G1365	G1948	1
G148	G2073	1
G150	G1445	1
G964	G1320	1
G545	G870	1
G1598	G2691	1
G2741	G2873	1
G882	G2689	1
G1220	G2568	1
G539	G2368	1
G1500	G2724	1
G694	G2188	1
G1591	G2465	1
G188	G601	1
G729	G2799	1
G36	G1867	1
G1452	G1550	1
G405	G2368	1
G139	G2144	1
G267	G2622	1
G316	G2630	1
G462	G1130	1
G2470	G2538	1
G656	G2302	1
G1211	G1469	1
G374	G964	1
G1816	G1933	1
G1247	G2728	1
G2162	G2838	1
G2583	G2693	1
G19	G528	1
G1901	G2544	1
G1835	G2114	1
G1653	G2316	1
G2137	G2188	1
G315	G1625	1
G456	G2798	1
G609	G802	1
G858	G2848	1
G1801	G2317	1
G1768	G2040	1
G462	G2870	1
G226	G2398	1
G1870	G2522	1
G177	G2723	1
G761	G1283	1
G2056	G2973	1
G1099	G2961	1
G2352	G2865	1
G742	G2141	1
G1452	G2563	1
G2462	G2465	1
G1700	G2266	1
G1749	G2449	1
G727	G2070	1
G1499	G2273	1
G2360	G2682	1
G1331	G2877	1
G1397	G2425	1
G444	G1083	1
G456	G1106	1
G2814	G2951	1
G1158	G2177	1
G374	G2814	1
G2013	G2899	1
G642	G2865	1
G1116	G2682	1
G1375	G2404	1
G1155	G1979	1
G851	G2553	1
G456	G2025	1
G840	G2115	1
G934	G2369	1
G1455	G2468	1
G642	G2014	1
G36	G1849	1
G1452	G2784	1
G703	G923	1
G2570	G2780	1
G1433	G1916	1
G2103	G2940	1
G577	G758	1
G1053	G1452	1
G1109	G2404	1
G955	G1042	1
G354	G773	1
G543	G2239	1
G1963	G2274	1
G104	G955	1
G456	G1630	1
G122	G1923	1
G281	G2115	1
G2514	G2553	1
G370	G2302	1
G1606	G2693	1
G2789	G2951	1
G959	G1792	1
G410	G1249	1
G216	G1335	1
G2162	G2738	1
G80	G2766	1
G374	G433	1
G2467	G2569	1
G2572	G2671	1
G1099	G2983	1
G529	G1255	1
G1525	G1723	1
G514	G2544	1
G858	G1966	1
G963	G2648	1
G696	G1452	1
G1475	G2149	1
G733	G2949	1
G1712	G2939	1
G905	G2582	1
G1446	G2790	1
G1027	G2597	1
G1237	G2937	1
G2072	G2919	1
G1473	G2815	1
G909	G1170	1
G794	G1948	1
G1083	G1116	1
G1982	G2045	1
G1452	G2769	1
G199	G1570	1
G747	G797	1
G1806	G2137	1
G703	G1543	1
G2311	G2568	1
G1159	G2535	1
G596	G2620	1
G931	G1334	1
G1371	G1979	1
G408	G1550	1
G2062	G2128	1
G12	G685	1
G353	G1953	1
G554	G622	1
G2118	G2360	1
G758	G1726	1
G1869	G2924	1
G1780	G2870	1
G1554	G1914	1
G1455	G2263	1
G148	G1007	1
G177	G1525	1
G610	G1606	1
G1189	G1972	1
G2300	G2876	1
G865	G2671	1
G2522	G2789	1
G1533	G2253	1
G231	G2838	1
G1452	G1901	1
G1748	G2380	1
G794	G1478	1
G2833	G2966	1
G1136	G2497	1
G36	G685	1
G615	G949	1
G2072	G2538	1
G364	G1335	1
G904	G2451	1
G364	G1551	1
G275	G2682	1
G1252	G2452	1
G1543	G1591	1
G517	G799	1
G1445	G2206	1
G1953	G2341	1
G2263	G2979	1
G112	G149	1
G1610	G1739	1
G1901	G2790	1
G444	G2642	1
G875	G2949	1
G148	G2597	1
G923	G1543	1
G923	G2346	1
G1398	G2049	1
G823	G2232	1
G187	G374	1
G703	G1671	1
G1261	G2230	1
G107	G1828	1
G723	G1424	1
G344	G2398	1
G2148	G2185	1
G660	G2784	1
G348	G2449	1
G11	G177	1
G1622	G2063	1
G302	G2252	1
G380	G561	1
G226	G2340	1
G1554	G2232	1
G231	G2369	1
G1023	G2311	1
G1320	G2569	1
G2744	G2868	1
G1659	G2773	1
G366	G2769	1
G456	G1806	1
G22	G804	1
G960	G1218	1
G1429	G2274	1
G1515	G2798	1
G1743	G2966	1
G192	G755	1
G663	G1525	1
G1419	G2736	1
G1543	G2005	1
G899	G2569	1
G774	G1264	1
G1083	G2618	1
G2025	G2994	1
G482	G1499	1
G963	G2365	1
G200	G1161	1
G2255	G2681	1
G2546	G2870	1
G2380	G2467	1
G734	G1320	1
G1455	G1496	1
G153	G1441	1
G1455	G2118	1
G475	G586	1
G529	G2798	1
G923	G1671	1
G902	G2924	1
G1265	G2429	1
G1418	G1515	1
G789	G2144	1
G1079	G1837	1
G660	G2769	1
G758	G911	1
G2064	G2248	1
G924	G2940	1
G1510	G2993	1
G1320	G1863	1
G955	G2238	1
G1948	G2877	1
G326	G1837	1
G458	G1877	1
G1768	G2724	1
G402	G2723	1
G402	G2086	1
G408	G2769	1
G1162	G2708	1
G275	G315	1
G2066	G2181	1
G1010	G1500	1
G514	G2790	1
G421	G1403	1
G897	G1654	1
G529	G1106	1
G154	G2966	1
G1429	G1562	1
G1694	G2498	1
G577	G1953	1
G187	G1441	1
G737	G1222	1
G660	G1901	1
G2360	G2812	1
G2443	G2689	1
G868	G2734	1
G784	G1136	1
G2369	G2869	1
G334	G752	1
G433	G1849	1
G1606	G2468	1
G1850	G1855	1
G865	G1492	1
G541	G2298	1
G490	G1948	1
G168	G1433	1
G1112	G2843	1
G1290	G1802	1
G923	G1159	1
G1116	G2812	1
G2327	G2467	1
G150	G2435	1
G331	G2540	1
G1564	G1783	1
G2314	G2837	1
G609	G2449	1
G514	G2838	1
G577	G2988	1
G1550	G2419	1
G1978	G2421	1
G962	G2327	1
G1223	G1948	1
G714	G1696	1
G529	G2175	1
G554	G1249	1
G682	G2626	1
G1363	G1428	1
G360	G2999	1
G1917	G2676	1
G663	G2214	1
G856	G1071	1
G1027	G2721	1
G1083	G2730	1
G192	G1455	1
G224	G1989	1
G2398	G2868	1
G1106	G1116	1
G2523	G2812	1
G1030	G2430	1
G600	G2843	1
G454	G2430	1
G1763	G2815	1
G904	G2620	1
G1617	G2540	1
G1284	G2320	1
G1903	G2208	1
G433	G1551	1
G2426	G2838	1
G364	G1963	1
G1855	G1916	1
G1130	G1849	1
G2570	G2882	1
G36	G924	1
G344	G2340	1
G402	G1564	1
G891	G2170	1
G960	G2667	1
G1606	G2263	1
G1452	G2360	1
G511	G1524	1
G1428	G2966	1
G676	G1628	1
G141	G1948	1
G2877	G2977	1
G433	G2664	1
G629	G642	1
G703	G1625	1
G1966	G2197	1
G215	G2793	1
G586	G1130	1
G433	G685	1
G362	G1687	1
G1093	G1700	1
G2137	G2979	1
G1420	G1951	1
G1116	G1187	1
G374	G2465	1
G1390	G1488	1
G514	G1681	1
G421	G2494	1
G2323	G2470	1
G326	G1618	1
G674	G921	1
G1417	G2966	1
G444	G2835	1
G1436	G2578	1
G2366	G2467	1
G2471	G2881	1
G2610	G2704	1
G1133	G2026	1
G1933	G2230	1
G1515	G1806	1
G963	G1912	1
G1145	G1371	1
G2682	G2843	1
G1332	G1550	1
G889	G2944	1
G461	G2366	1
G148	G2721	1
G42	G2439	1
G1742	G2013	1
G266	G2208	1
G275	G2812	1
G1013	G2535	1
G940	G1956	1
G399	G1242	1
G2380	G2425	1
G574	G1543	1
G226	G2172	1
G574	G2156	1
G2085	G2892	1
G590	G1393	1
G322	G1820	1
G835	G2236	1
G1965	G2461	1
G1612	G2784	1
G2083	G2961	1
G923	G1625	1
G529	G1806	1
G2207	G2698	1
G1390	G2230	1
G596	G1320	1
G1006	G2732	1
G406	G523	1
G1452	G2570	1
G828	G1252	1
G1130	G1551	1
G1106	G2979	1
G1799	G2108	1
G1979	G2464	1
G1288	G2883	1
G444	G774	1
G258	G2175	1
G1315	G1884	1
G781	G2395	1
G1551	G2274	1
G700	G1673	1
G1863	G2180	1
G157	G2736	1
G1327	G1919	1
G2175	G2822	1
G2467	G2522	1
G1251	G1743	1
G354	G1211	1
G1982	G2877	1
G1265	G1683	1
G1606	G2118	1
G1279	G2920	1
G558	G1828	1
G1313	G1398	1
G1827	G2263	1
G525	G2538	1
G1112	G2849	1
G1332	G2784	1
G1010	G1747	1
G1554	G2100	1
G414	G2317	1
G1901	G2440	1
G574	G1671	1
G715	G1004	1
G2327	G2425	1
G931	G1112	1
G1612	G2769	1
G456	G934	1
G790	G911	1
G444	G2780	1
G629	G2758	1
G577	G2949	1
G1316	G1893	1
G688	G2508	1
G625	G1090	1
G685	G1249	1
G1261	G1751	1
G2072	G2628	1
G445	G789	1
G596	G1741	1
G1564	G1903	1
G1394	G1499	1
G1963	G2105	1
G616	G2812	1
G960	G2380	1
G1310	G1452	1
G693	G2570	1
G1494	G2240	1
G408	G2360	1
G1741	G2366	1
G433	G719	1
G570	G2411	1
G596	G1855	1
G1116	G1329	1
G1681	G1884	1
G133	G1313	1
G1612	G1901	1
G1550	G2583	1
G882	G1034	1
G1598	G1774	1
G2374	G2917	1
G420	G636	1
G853	G2599	1
G600	G2849	1
G2113	G2560	1
G553	G606	1
G1332	G2769	1
G1573	G1968	1
G2425	G2465	1
G589	G1492	1
G2430	G2784	1
G200	G2433	1
G1157	G1417	1
G896	G1799	1
G2092	G2977	1
G2838	G2979	1
G1989	G2275	1
G1478	G2063	1
G2044	G2560	1
G1112	G1446	1
G194	G1863	1
G500	G1083	1
G1397	G1700	1
G258	G1806	1
G1331	G2784	1
G444	G622	1
G433	G1963	1
G435	G480	1
G2063	G2758	1
G514	G2440	1
G660	G2570	1
G1332	G1901	1
G1893	G2780	1
G139	G2222	1
G420	G1508	1
G1827	G2118	1
G408	G529	1
G1005	G1600	1
G199	G2606	1
G1320	G2522	1
G2046	G2780	1
G80	G2462	1
G773	G1524	1
G266	G331	1
G340	G1726	1
G1747	G2591	1
G2366	G2425	1
G126	G1932	1
G1823	G2245	1
G1877	G2300	1
G1058	G1525	1
G344	G2172	1
G1496	G2849	1
G2430	G2769	1
G486	G1787	1
G1372	G1982	1
G267	G2366	1
G2540	G2553	1
G1610	G2846	1
G2029	G2813	1
G456	G1335	1
G490	G1828	1
G456	G1551	1
G1848	G1968	1
G1075	G1806	1
G833	G2134	1
G2447	G2603	1
G1328	G2798	1
G600	G1446	1
G15	G1257	1
G2514	G2540	1
G126	G2724	1
G1589	G2955	1
G1159	G2547	1
G827	G1912	1
G1828	G2341	1
G1524	G1971	1
G2210	G2320	1
G331	G563	1
G2969	G2981	1
G941	G2355	1
G501	G1071	1
G563	G2467	1
G1134	G2581	1
G1223	G1828	1
G1187	G2908	1
G1363	G1774	1
G1505	G2758	1
G207	G1953	1
G1747	G2676	1
G1130	G1963	1
G306	G1452	1
G685	G1039	1
G1480	G1485	1
G1027	G2191	1
G2069	G2671	1
G1500	G2406	1
G529	G2138	1
G589	G1157	1
G1223	G2940	1
G1243	G2712	1
G1535	G2933	1
G2208	G2467	1
G1916	G2812	1
G554	G722	1
G828	G1877	1
G842	G2849	1
G904	G2724	1
G1229	G1519	1
G1834	G2927	1
G899	G907	1
G1020	G2681	1
G458	G1823	1
G1237	G1610	1
G891	G1508	1
G1561	G2375	1
G574	G1625	1
G796	G1452	1
G234	G888	1
G694	G1508	1
G1191	G2498	1
G1083	G2017	1
G985	G1008	1
G2073	G2092	1
G755	G2712	1
G955	G1515	1
G962	G1218	1
G340	G911	1
G1109	G2955	1
G1087	G2165	1
G11	G1003	1
G15	G2768	1
G2758	G2924	1
G885	G2180	1
G2121	G2497	1
G150	G1828	1
G1446	G2092	1
G960	G2232	1
G1387	G2682	1
G148	G366	1
G2465	G2881	1
G348	G1518	1
G107	G1383	1
G11	G1780	1
G747	G2570	1
G1500	G2870	1
G148	G2191	1
G266	G2723	1
G776	G2916	1
G1112	G1223	1
G554	G574	1
G1152	G1932	1
G132	G1136	1
G2341	G2767	1
G1211	G2258	1
G200	G2779	1
G2365	G2430	1
G438	G1635	1
G372	G2902	1
G2435	G2798	1
G1609	G2223	1
G2544	G2622	1
G918	G2724	1
G1948	G2563	1
G1390	G1751	1
G1083	G1916	1
G433	G1719	1
G439	G700	1
G1316	G2553	1
G1847	G2933	1
G1512	G2188	1
G2156	G2232	1
G67	G479	1
G754	G2464	1
G1577	G1719	1
G1741	G2017	1
G1192	G1985	1
G1963	G2188	1
G2092	G2766	1
G696	G2365	1
G84	G2009	1
G2630	G2793	1
G187	G1320	1
G1204	G1919	1
G2877	G2988	1
G1388	G2676	1
G515	G1723	1
G1068	G1505	1
G891	G985	1
G759	G1587	1
G600	G1223	1
G1130	G1419	1
G112	G1763	1
G1327	G2437	1
G1948	G2784	1
G1376	G2973	1
G1710	G2014	1
G1901	G2092	1
G1038	G2932	1
G934	G2991	1
G694	G985	1
G806	G1863	1
G1965	G2973	1
G40	G2049	1
G897	G2892	1
G1575	G1730	1
G1334	G2366	1
G758	G2881	1
G2522	G2835	1
G1328	G1806	1
G656	G1417	1
G642	G2263	1
G889	G923	1
G967	G2780	1
G894	G1604	1
G882	G2736	1
G579	G1536	1
G691	G1328	1
G1747	G2191	1
G1612	G2570	1
G1446	G1500	1
G1335	G2780	1
G563	G2425	1
G1741	G1916	1
G332	G2843	1
G113	G1659	1
G1186	G2867	1
G848	G1917	1
G1495	G1953	1
G715	G794	1
G1500	G1870	1
G2849	G2869	1
G2244	G2365	1
G331	G2073	1
G366	G1282	1
G685	G722	1
G1626	G1913	1
G2198	G2224	1
G1222	G1242	1
G1948	G2769	1
G934	G1858	1
G760	G1452	1
G266	G1564	1
G609	G1518	1
G773	G2544	1
G266	G1525	1
G2514	G2877	1
G923	G2435	1
G596	G1726	1
G275	G1416	1
G564	G653	1
G391	G2991	1
G1034	G2814	1
G564	G2528	1
G2433	G2779	1
G315	G529	1
G36	G610	1
G1984	G2630	1
G2497	G2877	1
G1332	G2570	1
G1103	G2430	1
G1630	G2570	1
G722	G1090	1
G1397	G2972	1
G1985	G2822	1
G66	G317	1
G539	G2312	1
G180	G287	1
G1628	G2210	1
G2045	G2599	1
G728	G773	1
G889	G1543	1
G1525	G2063	1
G1564	G2312	1
G2525	G2739	1
G482	G1787	1
G249	G695	1
G960	G1422	1
G1723	G2838	1
G433	G848	1
G139	G2296	1
G197	G1489	1
G2092	G2327	1
G1671	G2941	1
G1953	G2073	1
G1178	G1837	1
G596	G956	1
G194	G2522	1
G1806	G1963	1
G1010	G2381	1
G462	G2622	1
G865	G1026	1
G2300	G2799	1
G610	G642	1
G1551	G2105	1
G2222	G2470	1
G476	G2232	1
G1695	G2336	1
G2664	G2838	1
G1039	G2569	1
G445	G1547	1
G99	G200	1
G750	G1500	1
G1382	G1671	1
G1966	G2025	1
G539	G2775	1
G2474	G2890	1
G177	G2983	1
G1004	G1152	1
G1591	G1606	1
G1696	G2827	1
G715	G1116	1
G364	G2924	1
G149	G2210	1
G1726	G2005	1
G1256	G1346	1
G1768	G2406	1
G2188	G2490	1
G1139	G2713	1
G1857	G2793	1
G1975	G2766	1
G2113	G2722	1
G410	G2245	1
G1229	G1750	1
G629	G1748	1
G362	G907	1
G1670	G1752	1
G1441	G1521	1
G2103	G2789	1
G554	G2547	1
G963	G1441	1
G57	G697	1
G1331	G2570	1
G153	G693	1
G456	G1419	1
G993	G2257	1
G1039	G1863	1
G642	G889	1
G934	G1823	1
G751	G2457	1
G282	G2529	1
G194	G1053	1
G1739	G2490	1
G2877	G2949	1
G525	G662	1
G958	G2814	1
G1523	G2848	1
G755	G2581	1
G2557	G2730	1
G1863	G2465	1
G364	G1903	1
G923	G2859	1
G2046	G2535	1
G1023	G2533	1
G875	G1422	1
G529	G1429	1
G177	G2849	1
G1855	G2553	1
G514	G1500	1
G960	G1332	1
G663	G2983	1
G533	G1664	1
G1117	G2856	1
G231	G2721	1
G755	G1730	1
G1455	G2730	1
G1397	G2583	1
G955	G1570	1
G1823	G2937	1
G480	G2429	1
G923	G1997	1
G1576	G2799	1
G2354	G2401	1
G2650	G2776	1
G616	G823	1
G391	G1823	1
G876	G2440	1
G470	G2671	1
G773	G2790	1
G1751	G2320	1
G586	G1496	1
G715	G2979	1
G1489	G2025	1
G2138	G2381	1
G1139	G1452	1
G586	G2118	1
G715	G2618	1
G1034	G2547	1
G271	G2599	1
G1428	G2754	1
G15	G2971	1
G2583	G2618	1
G1446	G1747	1
G271	G755	1
G1654	G2113	1
G1523	G1966	1
G806	G877	1
G729	G2025	1
G1334	G2017	1
G219	G2457	1
G444	G2180	1
G1261	G1547	1
G1673	G1924	1
G1228	G2979	1
G1383	G1666	1
G1279	G1795	1
G1982	G2769	1
G153	G187	1
G476	G1422	1
G2188	G2327	1
G426	G1741	1
G1681	G2426	1
G1670	G2638	1
G2866	G2945	1
G1610	G1651	1
G905	G1527	1
G2117	G2678	1
G102	G860	1
G1886	G2538	1
G306	G586	1
G744	G773	1
G80	G2232	1
G2380	G2825	1
G1916	G2869	1
G2115	G2733	1
G733	G2121	1
G608	G1083	1
G1256	G1719	1
G2457	G2775	1
G2094	G2681	1
G1204	G2437	1
G574	G2435	1
G1010	G2462	1
G1441	G2121	1
G1953	G2597	1
G2538	G2815	1
G1455	G2366	1
G622	G2822	1
G1930	G2940	1
G1831	G1910	1
G1313	G2360	1
G758	G1035	1
G159	G2293	1
G719	G1218	1
G1335	G2175	1
G426	G1360	1
G685	G2547	1
G554	G2465	1
G231	G1010	1
G1080	G1806	1
G754	G1559	1
G144	G215	1
G348	G708	1
G1418	G1723	1
G1335	G2283	1
G889	G1625	1
G2092	G2949	1
G2073	G2766	1
G335	G616	1
G818	G863	1
G600	G1133	1
G789	G2296	1
G1963	G2979	1
G2648	G2838	1
G1236	G1763	1
G1963	G2618	1
G1027	G1168	1
G773	G1681	1
G1429	G2046	1
G402	G2983	1
G755	G1923	1
G828	G2570	1
G773	G2738	1
G1551	G2188	1
G2178	G2395	1
G2583	G2730	1
G1576	G2063	1
G961	G1655	1
G2568	G2946	1
G902	G2650	1
G1849	G2465	1
G149	G2421	1
G1394	G1787	1
G1155	G1968	1
G229	G1362	1
G470	G1492	1
G2810	G2961	1
G226	G1697	1
G444	G574	1
G1168	G2425	1
G268	G2049	1
G505	G1846	1
G1103	G2569	1
G2191	G2642	1
G1083	G1328	1
G1305	G1846	1
G1242	G2893	1
G1469	G2535	1
G370	G1771	1
G1136	G2239	1
G385	G456	1
G1310	G2365	1
G622	G1365	1
G187	G1726	1
G569	G2352	1
G1792	G2869	1
G2682	G2865	1
G1382	G1445	1
G1838	G2475	1
G11	G1612	1
G52	G1225	1
G1508	G1739	1
G335	G902	1
G2441	G2443	1
G806	G907	1
G2103	G2504	1
G46	G1445	1
G514	G1747	1
G723	G2157	1
G1328	G1335	1
G1328	G1551	1
G2784	G2790	1
G402	G1513	1
G587	G802	1
G555	G639	1
G1099	G2693	1
G1098	G1441	1
G885	G2465	1
G213	G1403	1
G456	G1783	1
G1397	G2514	1
G425	G1524	1
G923	G2360	1
G2648	G2738	1
G1126	G2907	1
G1133	G2467	1
G722	G918	1
G346	G501	1
G2568	G2827	1
G1606	G2730	1
G715	G853	1
G80	G596	1
G323	G577	1
G586	G1591	1
G122	G1500	1
G1554	G2303	1
G2113	G2876	1
G722	G1103	1
G145	G586	1
G1436	G2331	1
G774	G2248	1
G539	G1013	1
G823	G1932	1
G150	G1383	1
G1329	G2944	1
G609	G708	1
G2467	G2814	1
G2341	G2544	1
G2366	G2825	1
G482	G896	1
G1499	G2793	1
G1916	G2137	1
G1524	G1562	1
G80	G462	1
G963	G2206	1
G2900	G2971	1
G1087	G1310	1
G404	G2986	1
G259	G2504	1
G832	G2126	1
G558	G1316	1
G11	G2766	1
G1441	G2447	1
G907	G2977	1
G1551	G2395	1
G1723	G2073	1
G266	G353	1
G695	G1343	1
G1090	G2822	1
G1383	G2063	1
G1429	G2979	1
G1329	G2828	1
G2799	G2937	1
G2261	G2587	1
G891	G2320	1
G1112	G1130	1
G514	G1010	1
G2232	G2865	1
G1473	G2320	1
G685	G2465	1
G747	G1659	1
G2946	G2961	1
G634	G2498	1
G1316	G2540	1
G1232	G1242	1
G283	G2418	1
G694	G2320	1
G2405	G2435	1
G1390	G1547	1
G2478	G2881	1
G172	G1214	1
G612	G2497	1
G958	G2465	1
G421	G609	1
G1452	G2430	1
G1636	G1659	1
G435	G1155	1
G1243	G1838	1
G1982	G2360	1
G306	G2365	1
G2780	G2834	1
G1010	G2208	1
G286	G517	1
G1492	G2999	1
G773	G2440	1
G812	G1290	1
G366	G405	1
G899	G964	1
G1454	G1606	1
G2738	G2812	1
G775	G1719	1
G306	G402	1
G1606	G2366	1
G1617	G2721	1
G1828	G2073	1
G891	G2300	1
G1050	G1344	1
G999	G1948	1
G723	G1933	1
G1080	G2138	1
G2017	G2553	1
G600	G1130	1
G625	G1087	1
G563	G1700	1
G918	G2275	1
G1455	G2017	1
G151	G716	1
G642	G794	1
G224	G1182	1
G80	G1332	1
G1429	G2794	1
G685	G2245	1
G788	G1108	1
G439	G2689	1
G374	G1455	1
G1090	G1365	1
G1320	G2814	1
G325	G922	1
G223	G1502	1
G456	G2924	1
G2504	G2924	1
G1083	G2553	1
G962	G1422	1
G1058	G2983	1
G75	G408	1
G87	G744	1
G715	G827	1
G899	G2814	1
G1335	G2180	1
G141	G456	1
G1337	G2712	1
G226	G2069	1
G2876	G2991	1
G2380	G2583	1
G784	G834	1
G586	G1068	1
G426	G1403	1
G1551	G2046	1
G247	G2103	1
G501	G2122	1
G99	G2412	1
G133	G1508	1
G36	G1576	1
G1133	G2425	1
G1693	G2290	1
G1455	G1916	1
G755	G2544	1
G1683	G1757	1
G456	G1903	1
G1953	G2591	1
G918	G2406	1
G2341	G2790	1
G2467	G2547	1
G789	G1112	1
G2086	G2622	1
G57	G2700	1
G1152	G2406	1
G15	G2944	1
G1237	G1390	1
G642	G1116	1
G848	G851	1
G563	G600	1
G1741	G2553	1
G1827	G2366	1
G925	G1864	1
G731	G1959	1
G824	G1418	1
G36	G2977	1
G331	G2570	1
G1335	G2138	1
G1446	G2381	1
G1116	G1335	1
G2327	G2583	1
G408	G2430	1
G2360	G2664	1
G2175	G2766	1
G610	G1748	1
G459	G2785	1
G914	G1093	1
G402	G1223	1
G126	G1397	1
G2676	G2940	1
G1428	G2532	1
G1116	G2664	1
G1264	G2768	1
G634	G2009	1
G1372	G2354	1
G824	G1525	1
G425	G2544	1
G911	G1726	1
G1333	G1801	1
G1146	G1402	1
G1008	G1250	1
G133	G391	1
G729	G934	1
G2041	G2639	1
G374	G696	1
G2427	G2973	1
G427	G2611	1
G1419	G2274	1
G275	G1849	1
G1806	G1903	1
G794	G2776	1
G1446	G2951	1
G266	G2843	1
G462	G1211	1
G510	G2474	1
G577	G824	1
G921	G1038	1
G444	G1027	1
G919	G2681	1
G1543	G2432	1
G2073	G2949	1
G2244	G2447	1
G1099	G2263	1
G574	G1828	1
G475	G2206	1
G336	G1003	1
G57	G612	1
G150	G1316	1
G755	G2860	1
G1058	G1920	1
G904	G1870	1
G1441	G2620	1
G1700	G2979	1
G479	G854	1
G596	G2881	1
G1382	G2435	1
G1141	G2505	1
G1916	G2557	1
G2352	G2979	1
G353	G2447	1
G1901	G2381	1
G629	G2419	1
G939	G1559	1
G1316	G2877	1
G624	G1489	1
G1551	G2979	1
G1308	G2651	1
G141	G283	1
G914	G1924	1
G1420	G2944	1
G1763	G2320	1
G642	G2979	1
G368	G1508	1
G224	G2653	1
G925	G1771	1
G1828	G2597	1
G316	G1375	1
G1017	G1725	1
G899	G2547	1
G1103	G2522	1
G1235	G2058	1
G773	G2051	1
G797	G2073	1
G2341	G2738	1
G848	G2369	1
G960	G2040	1
G2466	G2586	1
G177	G2865	1
G497	G685	1
G1681	G2467	1
G1903	G2983	1
G124	G1794	1
G46	G1998	1
G889	G2563	1
G192	G2496	1
G2241	G2979	1
G2535	G2622	1
G121	G126	1
G1207	G1559	1
G1918	G1992	1
G1288	G2073	1
G1606	G2017	1
G283	G2467	1
G755	G2790	1
G78	G777	1
G543	G2291	1
G848	G1681	1
G801	G2822	1
G1671	G1867	1
G879	G2642	1
G2375	G2493	1
G275	G685	1
G1997	G2977	1
G36	G758	1
G187	G663	1
G529	G2924	1
G918	G1870	1
G1236	G2490	1
G1625	G1867	1
G1105	G1475	1
G1243	G2838	1
G1901	G2162	1
G2681	G2864	1
G159	G2437	1
G2380	G2514	1
G362	G964	1
G806	G1039	1
G907	G2327	1
G150	G2789	1
G1452	G2569	1
G1700	G1847	1
G1508	G2846	1
G266	G2983	1
G1919	G2741	1
G810	G1155	1
G994	G2077	1
G2769	G2789	1
G1934	G2739	1
G40	G2083	1
G303	G2232	1
G1066	G2159	1
G1903	G2849	1
G828	G2637	1
G60	G196	1
G907	G1953	1
G1485	G2667	1
G433	G1576	1
G1223	G2063	1
G2170	G2921	1
G1213	G2069	1
G1734	G2580	1
G663	G2865	1
G139	G1237	1
G1953	G2191	1
G529	G1903	1
G1606	G1916	1
G934	G2919	1
G11	G2162	1
G425	G2790	1
G1783	G2933	1
G362	G2814	1
G1143	G1455	1
G2105	G2570	1
G1446	G2462	1
G1249	G1849	1
G2682	G2693	1
G634	G2937	1
G1116	G1963	1
G287	G2850	1
G1237	G1696	1
G2025	G2892	1
G490	G514	1
G1010	G1469	1
G1218	G2165	1
G374	G1099	1
G258	G1331	1
G889	G2859	1
G2327	G2514	1
G999	G2940	1
G1521	G1986	1
G300	G2838	1
G1013	G1561	1
G2591	G2834	1
G481	G543	1
G907	G2988	1
G1243	G1681	1
G1058	G1223	1
G2474	G2684	1
G266	G1513	1
G1550	G1828	1
G1099	G1313	1
G266	G2849	1
G447	G1433	1
G1266	G1687	1
G797	G1420	1
G1335	G1835	1
G381	G2296	1
G1275	G2808	1
G889	G1997	1
G1651	G3001	1
G934	G2538	1
G215	G438	1
G2049	G2568	1
G323	G960	1
G2103	G2780	1
G907	G2523	1
G66	G1203	1
G391	G2919	1
G734	G1112	1
G722	G1087	1
G577	G2451	1
G1329	G1543	1
G1329	G2346	1
G1288	G1420	1
G24	G2041	1
G1064	G1774	1
G1090	G1780	1
G283	G2352	1
G641	G2294	1
G563	G828	1
G955	G2094	1
G1010	G1418	1
G1159	G1606	1
G1901	G2462	1
G709	G2263	1
G275	G2963	1
G126	G1334	1
G580	G761	1
G1261	G1512	1
G1251	G1412	1
G773	G1500	1
G1117	G2303	1
G157	G2274	1
G917	G2892	1
G851	G2570	1
G447	G1838	1
G141	G514	1
G758	G1577	1
G2532	G2981	1
G354	G809	1
G1827	G1916	1
G1112	G2468	1
G2705	G2895	1
G967	G1429	1
G656	G1238	1
G1264	G2496	1
G1783	G1916	1
G1211	G2870	1
G2001	G2959	1
G141	G2776	1
G1681	G2425	1
G2232	G2693	1
G444	G2103	1
G438	G1984	1
G1434	G2179	1
G391	G2538	1
G149	G1739	1
G194	G1971	1
G2514	G2570	1
G2738	G2869	1
G353	G2620	1
G470	G1026	1
G2366	G2514	1
G1772	G1799	1
G569	G1700	1
G11	G1218	1
G797	G2597	1
G215	G1833	1
G890	G1329	1
G36	G75	1
G1027	G2214	1
G1335	G1429	1
G909	G1413	1
G1455	G1893	1
G445	G1944	1
G283	G2425	1
G275	G1963	1
G482	G2741	1
G1828	G1858	1
G11	G2462	1
G2465	G2812	1
G625	G1329	1
G691	G2877	1
G960	G1932	1
G1828	G2721	1
G335	G2570	1
G425	G1681	1
G456	G2312	1
G425	G2738	1
G563	G2583	1
G1012	G1360	1
G2073	G2667	1
G1118	G2137	1
G1288	G2597	1
G364	G2713	1
G809	G1783	1
G199	G447	1
G444	G734	1
G1116	G1419	1
G2175	G2951	1
G2191	G2882	1
G402	G2865	1
G1741	G2341	1
G2346	G2591	1
G1997	G2766	1
G36	G1953	1
G408	G1863	1
G1723	G2591	1
G60	G1580	1
G472	G1646	1
G1822	G2000	1
G754	G1477	1
G1725	G2920	1
G454	G2814	1
G901	G1499	1
G1735	G1763	1
G2822	G2983	1
G1099	G2846	1
G1441	G2724	1
G947	G2933	1
G1525	G2175	1
G337	G2494	1
G506	G2776	1
G1090	G2092	1
G1397	G1948	1
G132	G834	1
G405	G2467	1
G2156	G2724	1
G2313	G2729	1
G394	G2212	1
G1469	G2465	1
G1835	G1953	1
G914	G2877	1
G1013	G1822	1
G36	G2988	1
G112	G1023	1
G750	G1350	1
G187	G2881	1
G569	G600	1
G907	G2949	1
G122	G2381	1
G806	G964	1
G638	G1154	1
G918	G1334	1
G1806	G2312	1
G685	G1148	1
G2870	G2924	1
G1828	G2591	1
G2381	G2838	1
G629	G1671	1
G199	G2621	1
G11	G806	1
G2597	G2794	1
G672	G2089	1
G36	G2523	1
G1694	G2994	1
G993	G2766	1
G2312	G2447	1
G1172	G1739	1
G1771	G2415	1
G823	G931	1
G924	G2780	1
G880	G894	1
G364	G1452	1
G586	G2366	1
G1441	G1741	1
G1835	G2988	1
G789	G1237	1
G551	G2397	1
G755	G2638	1
G1897	G1901	1
G163	G1681	1
G569	G2825	1
G935	G2178	1
G475	G693	1
G302	G324	1
G163	G2738	1
G1589	G2108	1
G676	G2848	1
G1842	G1992	1
G438	G1881	1
G199	G1140	1
G194	G2266	1
G889	G2360	1
G1255	G1863	1
G215	G516	1
G1335	G2368	1
G335	G366	1
G1261	G1944	1
G1562	G2563	1
G2499	G2698	1
G1852	G2780	1
G1749	G2705	1
G1997	G2327	1
G2497	G2685	1
G1398	G2490	1
G266	G1223	1
G521	G2618	1
G529	G2405	1
G364	G385	1
G1382	G1828	1
G1747	G2214	1
G1112	G2118	1
G1525	G1806	1
G1953	G2823	1
G809	G2924	1
G1979	G2760	1
G141	G2545	1
G306	G374	1
G2462	G2768	1
G1446	G2380	1
G1382	G2940	1
G1359	G2519	1
G624	G891	1
G462	G1645	1
G2175	G2462	1
G773	G1747	1
G11	G1622	1
G275	G1719	1
G554	G755	1
G625	G1255	1
G2180	G2622	1
G1564	G2648	1
G1155	G1573	1
G2094	G2449	1
G319	G2077	1
G963	G1143	1
G1985	G2327	1
G1140	G1570	1
G695	G912	1
G1741	G2540	1
G858	G2210	1
G676	G2568	1
G2275	G2983	1
G1316	G1550	1
G777	G2266	1
G111	G1488	1
G400	G2983	1
G1762	G2778	1
G454	G2547	1
G676	G1966	1
G75	G126	1
G1093	G2940	1
G1220	G2355	1
G346	G846	1
G525	G1473	1
G774	G964	1
G1606	G1893	1
G563	G2514	1
G2103	G2283	1
G154	G370	1
G2719	G2980	1
G1562	G2859	1
G1106	G2045	1
G1328	G1903	1
G1383	G2869	1
G192	G2944	1
G642	G2017	1
G2641	G2993	1
G1916	G1963	1
G1058	G2865	1
G1901	G2380	1
G1997	G2523	1
G1455	G2553	1
G36	G2949	1
G405	G2425	1
G364	G963	1
G315	G1083	1
G1335	G2471	1
G1637	G2312	1
G1042	G1494	1
G306	G1441	1
G1774	G2768	1
G691	G960	1
G587	G1518	1
G1612	G1863	1
G514	G2208	1
G1577	G1953	1
G1428	G1873	1
G934	G2628	1
G1562	G1997	1
G851	G1282	1
G1985	G2988	1
G714	G1793	1
G524	G1264	1
G498	G2915	1
G554	G1606	1
G1560	G2347	1
G2232	G2263	1
G876	G2381	1
G923	G1316	1
G773	G2676	1
G1316	G2784	1
G122	G2462	1
G860	G2681	1
G80	G2354	1
G1576	G2025	1
G1551	G1916	1
G11	G2380	1
G133	G2300	1
G693	G2522	1
G1102	G1122	1
G1835	G2949	1
G2465	G2941	1
G374	G642	1
G433	G2988	1
G642	G1916	1
G1320	G1562	1
G1588	G2954	1
G335	G1282	1
G882	G2274	1
G1332	G1863	1
G1335	G2103	1
G1334	G2341	1
G1508	G1651	1
G2498	G2991	1
G1828	G2191	1
G1935	G2892	1
G283	G423	1
G1564	G2365	1
G2263	G2877	1
G2430	G2569	1
G703	G2789	1
G799	G1203	1
G2175	G2667	1
G1576	G2175	1
G964	G2812	1
G2478	G2682	1
G1130	G1953	1
G1316	G2769	1
G842	G2118	1
G1313	G2470	1
G2312	G2620	1
G1387	G1551	1
G1828	G2441	1
G723	G1390	1
G2648	G2676	1
G267	G851	1
G132	G1570	1
G558	G2780	1
G876	G2162	1
G693	G1053	1
G2073	G2232	1
G149	G1129	1
G1112	G1591	1
G408	G2522	1
G904	G1112	1
G353	G1741	1
G885	G1606	1
G629	G1445	1
G1383	G2798	1
G1119	G2573	1
G1316	G1901	1
G346	G987	1
G132	G2115	1
G1870	G2188	1
G923	G2789	1
G1302	G1475	1
G366	G907	1
G947	G1386	1
G1130	G2988	1
G758	G2941	1
G194	G1406	1
G454	G2465	1
G1397	G2940	1
G38	G2814	1
G154	G2732	1
G1375	G2551	1
G1997	G2949	1
G442	G1413	1
G1335	G2351	1
G924	G2175	1
G1419	G2188	1
G1090	G1612	1
G2368	G2591	1
G1591	G2496	1
G1726	G2712	1
G1905	G2131	1
G600	G1591	1
G149	G2846	1
G1112	G2622	1
G577	G1932	1
G767	G2952	1
G1700	G1897	1
G660	G907	1
G370	G589	1
G1007	G1849	1
G192	G2419	1
G18	G2115	1
G2365	G2814	1
G1975	G2856	1
G776	G2455	1
G879	G2882	1
G2118	G2535	1
G1576	G1806	1
G577	G2724	1
G150	G275	1
G1446	G1469	1
G163	G691	1
G1903	G2865	1
G385	G2869	1
G634	G1610	1
G1915	G2049	1
G1027	G2736	1
G960	G2355	1
G2083	G2846	1
G433	G963	1
G456	G2713	1
G777	G1406	1
G2045	G2496	1
G733	G2355	1
G1365	G2283	1
G1255	G2522	1
G2175	G2380	1
G474	G2216	1
G1116	G1903	1
G2103	G2180	1
G1606	G2553	1
G685	G1455	1
G1562	G2360	1
G490	G2780	1
G113	G2535	1
G1090	G2766	1
G402	G2693	1
G2291	G2497	1
G751	G2255	1
G266	G2865	1
G958	G1455	1
G1671	G2822	1
G438	G1778	1
G1007	G1551	1
G1625	G2822	1
G1816	G2072	1
G794	G2798	1
G524	G2802	1
G433	G1989	1
G1007	G2664	1
G1223	G2780	1
G2790	G2798	1
G197	G1992	1
G1157	G1904	1
G1370	G2118	1
G574	G1316	1
G148	G2736	1
G755	G1500	1
G960	G1133	1
G2321	G2555	1
G1852	G2535	1
G2137	G2877	1
G810	G1683	1
G1806	G2713	1
G2005	G2547	1
G2849	G2924	1
G2405	G2540	1
G1687	G2746	1
G192	G2338	1
G1694	G2385	1
G177	G2263	1
G180	G2347	1
G194	G2274	1
G456	G1452	1
G1269	G2210	1
G934	G1523	1
G125	G2901	1
G11	G1469	1
G832	G2129	1
G1383	G1806	1
G2676	G2789	1
G1675	G2300	1
G733	G911	1
G723	G1696	1
G364	G443	1
G680	G2121	1
G925	G2174	1
G1408	G2681	1
G341	G2604	1
G1433	G2348	1
G1139	G2447	1
G758	G823	1
G529	G674	1
G773	G2381	1
G332	G2263	1
G947	G1505	1
G1758	G2188	1
G425	G1500	1
G150	G2780	1
G1106	G2877	1
G219	G2255	1
G1783	G2553	1
G1133	G2583	1
G570	G2606	1
G336	G2381	1
G794	G2175	1
G919	G2449	1
G842	G2622	1
G1139	G1554	1
G24	G1965	1
G1066	G1186	1
G2365	G2547	1
G823	G1334	1
G610	G1671	1
G423	G876	1
G2642	G2676	1
G574	G682	1
G1174	G2020	1
G391	G2578	1
G1953	G2689	1
G1338	G2856	1
G1455	G2341	1
G194	G1562	1
G1768	G1859	1
G728	G1524	1
G1204	G2404	1
G444	G1884	1
G624	G2876	1
G696	G1726	1
G803	G2735	1
G691	G1901	1
G1310	G1320	1
G663	G2263	1
G1010	G2843	1
G574	G2789	1
G1725	G1795	1
G563	G835	1
G1329	G2563	1
G11	G596	1
G1139	G1441	1
G462	G2581	1
G1027	G2983	1
G1551	G1893	1
G364	G2648	1
G1543	G2838	1
G2467	G2599	1
G157	G2188	1
G177	G2118	1
G810	G2244	1
G1559	G2763	1
G719	G2258	1
G1932	G2092	1
G2073	G2168	1
G2221	G2474	1
G126	G773	1
G24	G1427	1
G1751	G1877	1
G923	G2674	1
G876	G1622	1
G1316	G2570	1
G1398	G2568	1
G11	G462	1
G662	G1763	1
G1220	G2222	1
G46	G302	1
G2175	G2232	1
G923	G1083	1
G521	G1916	1
G1382	G1383	1
G1387	G1419	1
G544	G1305	1
G622	G2162	1
G514	G1564	1
G458	G1261	1
G630	G2342	1
G1893	G2405	1
G514	G1525	1
G529	G2426	1
G682	G2838	1
G960	G2406	1
G2250	G2793	1
G620	G2963	1
G629	G2435	1
G2314	G2990	1
G774	G1139	1
G1053	G1143	1
G2430	G2522	1
G1543	G2369	1
G2838	G2877	1
G270	G847	1
G848	G1010	1
G216	G2365	1
G444	G1606	1
G678	G1628	1
G794	G1806	1
G192	G2156	1
G379	G1018	1
G801	G1612	1
G848	G2676	1
G1758	G2815	1
G507	G2940	1
G508	G1927	1
G354	G1003	1
G1543	G1681	1
G2620	G2838	1
G332	G889	1
G1861	G2606	1
G1387	G1719	1
G1433	G2685	1
G531	G1844	1
G1401	G2859	1
G963	G2881	1
G1513	G1923	1
G353	G956	1
G407	G2438	1
G856	G951	1
G1857	G2293	1
G306	G1320	1
G1433	G2510	1
G1870	G2979	1
G1329	G1997	1
G736	G2498	1
G1881	G2873	1
G527	G2591	1
G192	G1671	1
G960	G2870	1
G199	G1806	1
G443	G1780	1
G433	G443	1
G2191	G2465	1
G682	G1681	1
G876	G2380	1
G755	G1612	1
G11	G801	1
G141	G2798	1
G364	G2365	1
G715	G1093	1
G656	G1904	1
G722	G2175	1
G1419	G2979	1
G402	G2263	1
G529	G1452	1
G2789	G2870	1
G685	G1099	1
G1524	G2031	1
G1455	G2540	1
G565	G2672	1
G2451	G2979	1
G336	G1218	1
G1261	G2381	1
G2063	G2563	1
G1211	G1591	1
G364	G402	1
G801	G2766	1
G958	G1099	1
G36	G1981	1
G1429	G2828	1
G622	G1218	1
G1010	G1513	1
G1223	G2175	1
G1010	G2849	1
G1395	G2752	1
G405	G1075	1
G1591	G1700	1
G1133	G2514	1
G410	G2994	1
G144	G2235	1
G374	G2496	1
G1191	G1696	1
G2263	G2563	1
G1223	G2283	1
G258	G2426	1
G834	G2038	1
G1676	G2712	1
G2563	G2814	1
G462	G1923	1
G660	G1039	1
G2405	G2789	1
G2677	G2696	1
G1437	G1685	1
G462	G1524	1
G2397	G2958	1
G573	G650	1
G425	G1612	1
G43	G2509	1
G362	G1827	1
G563	G1948	1
G515	G1806	1
G1159	G2948	1
G2263	G2784	1
G388	G2664	1
G106	G2639	1
G851	G2689	1
G582	G1869	1
G781	G2877	1
G374	G1748	1
G1499	G1833	1
G141	G2175	1
G2369	G2713	1
G1090	G2162	1
G405	G600	1
G1161	G1635	1
G56	G1241	1
G127	G578	1
G256	G2381	1
G410	G2565	1
G424	G2642	1
G402	G1496	1
G610	G1445	1
G157	G444	1
G149	G1651	1
G443	G2092	1
G733	G1397	1
G402	G2118	1
G776	G939	1
G1264	G2346	1
G1855	G2570	1
G426	G1670	1
G1010	G1446	1
G1264	G2156	1
G122	G1982	1
G1004	G2435	1
G1228	G1924	1
G331	G1863	1
G1719	G2812	1
G336	G806	1
G1320	G1455	1
G1550	G2063	1
G475	G744	1
G878	G3004	1
G1140	G2844	1
G2263	G2769	1
G558	G2180	1
G691	G2570	1
G622	G806	1
G344	G2543	1
G2263	G2859	1
G899	G1455	1
G907	G1521	1
G642	G2553	1
G1138	G1499	1
G624	G1694	1
G1893	G2026	1
G157	G1116	1
G1857	G1919	1
G574	G1083	1
G1140	G2094	1
G122	G596	1
G2222	G2245	1
G891	G1877	1
G402	G889	1
G625	G1551	1
G2381	G2721	1
G1130	G2648	1
G1671	G1780	1
G657	G1780	1
G2776	G2798	1
G480	G846	1
G1605	G2703	1
G193	G1289	1
G1143	G1152	1
G694	G1877	1
G1625	G1780	1
G882	G2478	1
G1327	G2955	1
G1547	G2490	1
G1681	G2583	1
G1388	G2983	1
G1741	G2597	1
G1492	G2969	1
G283	G2583	1
G354	G1500	1
G2937	G2946	1
G1075	G1452	1
G1605	G2190	1
G2171	G2174	1
G266	G2693	1
G1704	G2009	1
G141	G1806	1
G934	G1261	1
G2222	G2498	1
G835	G1948	1
G1329	G2360	1
G2360	G2977	1
G503	G710	1
G1008	G2810	1
G2848	G2921	1
G1953	G2214	1
G113	G2547	1
G1090	G1218	1
G2496	G2622	1
G1133	G1604	1
G1384	G2681	1
G1294	G2020	1
G2341	G2381	1
G505	G2195	1
G1090	G2462	1
G456	G586	1
G2693	G2838	1
G576	G2738	1
G1452	G2814	1
G1478	G2924	1
G1469	G1606	1
G215	G2630	1
G1566	G2674	1
G80	G958	1
G107	G894	1
G1675	G2165	1
G1513	G2544	1
G955	G1140	1
G700	G2758	1
G1068	G2191	1
G2381	G2591	1
G163	G1010	1
G1112	G2366	1
G1521	G2798	1
G1608	G2014	1
G1606	G2540	1
G1997	G2232	1
G2162	G2843	1
G23	G1112	1
G157	G2979	1
G267	G2597	1
G747	G750	1
G391	G1261	1
G797	G1168	1
G157	G2618	1
G2121	G2977	1
G2523	G2977	1
G497	G1576	1
G506	G1806	1
G853	G2156	1
G1591	G2419	1
G192	G1445	1
G860	G1979	1
G1004	G1997	1
G36	G1422	1
G858	G1739	1
G36	G625	1
G1106	G1550	1
G122	G1332	1
G423	G1719	1
G1625	G2092	1
G1659	G2581	1
G1953	G2058	1
G1010	G1223	1
G1418	G1630	1
G876	G1980	1
G1130	G2365	1
G275	G1576	1
G362	G755	1
G590	G694	1
G880	G2405	1
G2137	G2784	1
G24	G2606	1
G907	G2121	1
G1429	G2045	1
G1554	G1591	1
G868	G2899	1
G256	G1218	1
G461	G2721	1
G2092	G2724	1
G600	G2366	1
G2381	G2676	1
G2693	G2738	1
G159	G901	1
G36	G1521	1
G1932	G2766	1
G1667	G2973	1
G205	G2263	1
G194	G993	1
G153	G2812	1
G1106	G2563	1
G1381	G1949	1
G462	G490	1
G866	G1758	1
G462	G2544	1
G656	G1040	1
G456	G2648	1
G1488	G2921	1
G363	G894	1
G922	G1260	1
G993	G2232	1
G1155	G1309	1
G2118	G2465	1
G629	G1828	1
G319	G645	1
G443	G2977	1
G1143	G2496	1
G866	G1008	1
G953	G1223	1
G722	G2138	1
G1591	G2972	1
G736	G2937	1
G2314	G2754	1
G108	G1954	1
G890	G1963	1
G1106	G2784	1
G882	G2395	1
G329	G1312	1
G629	G2940	1
G876	G879	1
G301	G2569	1
G2206	G2798	1
G187	G2812	1
G153	G1041	1
G947	G2341	1
G2103	G2471	1
G902	G2206	1
G199	G1044	1
G960	G1334	1
G1013	G2948	1
G1445	G2869	1
G2447	G2877	1
G1223	G2138	1
G801	G2951	1
G767	G1822	1
G1919	G2734	1
G1523	G2210	1
G934	G2983	1
G122	G882	1
G1823	G2706	1
G241	G1979	1
G1328	G1452	1
G2462	G2972	1
G758	G1849	1
G1681	G2514	1
G2465	G2664	1
G693	G1971	1
G306	G775	1
G596	G2497	1
G1525	G1783	1
G1142	G1891	1
G1515	G2467	1
G715	G2877	1
G112	G1220	1
G266	G2468	1
G801	G2162	1
G1042	G1878	1
G283	G2514	1
G385	G1551	1
G1806	G2648	1
G2544	G2838	1
G728	G1681	1
G1741	G2721	1
G1106	G2769	1
G1513	G2790	1
G1446	G2843	1
G1992	G2810	1
G2810	G2846	1
G226	G1213	1
G438	G2412	1
G153	G1187	1
G362	G1455	1
G2354	G2570	1
G1418	G1806	1
G2341	G2462	1
G144	G486	1
G139	G897	1
G545	G1451	1
G1139	G1741	1
G181	G2685	1
G634	G1390	1
G1044	G2317	1
G448	G776	1
G1106	G1901	1
G610	G2435	1
G2162	G2849	1
G1427	G2317	1
G529	G586	1
G899	G1099	1
G1159	G2496	1
G709	G1916	1
G456	G2365	1
G1187	G1383	1
G148	G1971	1
G2542	G2692	1
G1334	G2597	1
G708	G2317	1
G542	G2656	1
G1635	G1787	1
G1975	G2724	1
G139	G2686	1
G2637	G2693	1
G2232	G2366	1
G1393	G2515	1
G806	G890	1
G1428	G2978	1
G1857	G2437	1
G1480	G2232	1
G75	G1726	1
G515	G1335	1
G2121	G2766	1
G2703	G2836	1
G60	G2528	1
G197	G2197	1
G266	G2263	1
G336	G1949	1
G443	G758	1
G1901	G2843	1
G2544	G2738	1
G1901	G2258	1
G212	G2642	1
G890	G1419	1
G462	G2790	1
G993	G1422	1
G424	G622	1
G625	G1419	1
G1671	G2977	1
G882	G1116	1
G1505	G2940	1
G1930	G2283	1
G1103	G1562	1
G2044	G2137	1
G2274	G2544	1
G761	G2104	1
G40	G2568	1
G1645	G1805	1
G577	G1397	1
G1835	G2121	1
G36	G904	1
G1090	G2380	1
G2355	G2897	1
G1963	G2877	1
G835	G1828	1
G2115	G2469	1
G482	G2734	1
G1027	G2865	1
G521	G2553	1
G596	G823	1
G801	G2462	1
G1116	G2713	1
G1383	G1419	1
G835	G2940	1
G1445	G2137	1
G1806	G2365	1
G1903	G2118	1
G239	G2641	1
G1543	G2407	1
G685	G1390	1
G1551	G2045	1
G1419	G1916	1
G2597	G2828	1
G2676	G2780	1
G2535	G2581	1
G1455	G2073	1
G958	G1390	1
G107	G2103	1
G2222	G2937	1
G514	G2843	1
G1422	G2478	1
G393	G1026	1
G1585	G1934	1
G200	G1204	1
G1030	G1455	1
G1446	G2354	1
G266	G1496	1
G1726	G2838	1
G1111	G1274	1
G962	G1397	1
G454	G1455	1
G266	G2118	1
G1542	G1573	1
G187	G1329	1
G755	G2462	1
G1645	G1923	1
G698	G2362	1
G64	G2538	1
G1525	G1903	1
G714	G1992	1
G2172	G2968	1
G2121	G2327	1
G752	G807	1
G304	G326	1
G1446	G2849	1
G624	G2799	1
G1397	G2063	1
G993	G1332	1
G462	G2369	1
G2045	G2346	1
G192	G2435	1
G1723	G2214	1
G563	G1723	1
G2360	G2988	1
G1268	G1743	1
G882	G2979	1
G1500	G1730	1
G1954	G2711	1
G2072	G2188	1
G1554	G2464	1
G423	G610	1
G758	G1485	1
G267	G1010	1
G854	G1598	1
G1398	G1706	1
G1130	G1521	1
G794	G2368	1
G801	G806	1
G462	G1681	1
G586	G2341	1
G921	G1826	1
G1116	G1452	1
G462	G2738	1
G1858	G1978	1
G1422	G2188	1
G456	G1912	1
G90	G387	1
G364	G374	1
G1909	G2263	1
G563	G1090	1
G1372	G2622	1
G613	G2525	1
G391	G445	1
G1332	G2814	1
G1429	G1852	1
G425	G2462	1
G694	G2570	1
G1581	G2294	1
G1630	G2814	1
G1429	G2877	1
G1749	G1797	1
G2170	G2827	1
G612	G2516	1
G715	G960	1
G564	G2041	1
G1828	G2214	1
G2078	G2589	1
G275	G2327	1
G187	G2941	1
G2523	G2988	1
G1953	G2736	1
G934	G1473	1
G283	G1515	1
G773	G1564	1
G806	G1455	1
G1901	G2849	1
G958	G2768	1
G364	G2447	1
G336	G879	1
G1099	G2300	1
G2777	G2928	1
G747	G2547	1
G789	G897	1
G801	G2667	1
G398	G1116	1
G720	G1520	1
G1838	G2901	1
G1334	G1858	1
G642	G2540	1
G1747	G2865	1
G2397	G2573	1
G1086	G1644	1
G505	G1471	1
G275	G1953	1
G412	G2909	1
G622	G879	1
G1334	G2721	1
G1550	G2835	1
G1848	G2948	1
G1932	G2162	1
G2121	G2523	1
G370	G1603	1
G433	G2121	1
G1218	G2441	1
G514	G2983	1
G848	G1825	1
G703	G2535	1
G758	G924	1
G1747	G2014	1
G1611	G1688	1
G1577	G2121	1
G663	G2730	1
G140	G543	1
G194	G444	1
G815	G2932	1
G622	G625	1
G801	G1622	1
G1671	G2766	1
G1335	G2426	1
G721	G2314	1
G466	G2532	1
G653	G2528	1
G1563	G1850	1
G789	G2686	1
G386	G1128	1
G1090	G2232	1
G194	G2046	1
G1625	G2766	1
G714	G2810	1
G353	G457	1
G715	G902	1
G882	G2730	1
G364	G1441	1
G693	G1139	1
G391	G1473	1
G931	G1780	1
G2274	G2838	1
G1331	G2814	1
G1106	G2570	1
G275	G2988	1
G1121	G2694	1
G2384	G2947	1
G433	G904	1
G2689	G2738	1
G177	G2366	1
G2072	G2815	1
G149	G1488	1
G1091	G2589	1
G723	G828	1
G641	G2925	1
G923	G2535	1
G717	G1301	1
G1422	G2395	1
G514	G1513	1
G435	G1278	1
G514	G2849	1
G1543	G1747	1
G1455	G2597	1
G1500	G1923	1
G173	G998	1
G199	G2864	1
G554	G2496	1
G2639	G2775	1
G1130	G2121	1
G577	G1334	1
G2360	G2949	1
G2274	G2369	1
G1606	G2073	1
G556	G2935	1
G1550	G2780	1
G616	G1953	1
G1185	G1861	1
G157	G1916	1
G1894	G2497	1
G107	G1331	1
G1670	G2841	1
G2224	G2474	1
G1445	G2557	1
G423	G2443	1
G194	G2546	1
G231	G354	1
G1543	G2591	1
G868	G1327	1
G1859	G2924	1
G2274	G2738	1
G1228	G1781	1
G354	G2381	1
G663	G2366	1
G1932	G2462	1
G2405	G2780	1
G1332	G2547	1
G801	G2380	1
G1039	G1455	1
G1237	G1793	1
G310	G1278	1
G1576	G2924	1
G1915	G2099	1
G616	G2988	1
G1671	G2327	1
G233	G1236	1
G2647	G2960	1
G514	G1446	1
G216	G2620	1
G2121	G2949	1
G931	G2092	1
G24	G2887	1
G1010	G1130	1
G1365	G1975	1
G1645	G2544	1
G1118	G1763	1
G551	G1502	1
G610	G1828	1
G335	G907	1
G1034	G2496	1
G437	G909	1
G844	G2341	1
G1543	G2676	1
G960	G2005	1
G1564	G2375	1
G2447	G2563	1
G497	G963	1
G703	G2180	1
G629	G1383	1
G429	G1953	1
G610	G2940	1
G393	G450	1
G131	G1794	1
G955	G1806	1
G433	G2447	1
G387	G1313	1
G1525	G2405	1
G268	G2568	1
G1090	G1422	1
G435	G836	1
G1692	G2904	1
G133	G1877	1
G596	G2557	1
G275	G963	1
G1881	G2295	1
G354	G2162	1
G993	G2463	1
G443	G2951	1
G1700	G2877	1
G1783	G2073	1
G2425	G2972	1
G2293	G2412	1
G1249	G2988	1
G2447	G2784	1
G2352	G2877	1
G715	G2563	1
G1795	G1939	1
G1551	G2877	1
G1419	G1893	1
G799	G2268	1
G2713	G2835	1
G1282	G1869	1
G1742	G2433	1
G1606	G1877	1
G1424	G2320	1
G736	G1610	1
G334	G656	1
G364	G2620	1
G773	G1760	1
G964	G1963	1
G497	G1989	1
G1319	G1580	1
G1328	G2648	1
G2210	G2470	1
G405	G1515	1
G1577	G2451	1
G1671	G2523	1
G715	G2784	1
G1416	G2418	1
G1835	G2620	1
G2736	G2790	1
G2435	G2467	1
G853	G2435	1
G2026	G2369	1
G1858	G2892	1
G1916	G1953	1
G456	G962	1
G586	G2838	1
G1512	G1877	1
G1432	G2393	1
G462	G691	1
G1948	G2814	1
G1383	G2924	1
G1913	G2958	1
G1091	G1668	1
G426	G2497	1
G890	G1903	1
G161	G1251	1
G2447	G2769	1
G374	G1543	1
G1130	G2447	1
G797	G2058	1
G36	G2040	1
G958	G2496	1
G334	G770	1
G693	G2274	1
G829	G2093	1
G876	G1768	1
G1893	G2467	1
G1968	G2656	1
G2876	G2983	1
G806	G1099	1
G993	G1850	1
G402	G2366	1
G108	G659	1
G1916	G2988	1
G715	G2769	1
G1090	G1332	1
G1455	G1858	1
G159	G2955	1
G227	G325	1
G586	G2369	1
G1027	G2693	1
G2047	G2398	1
G1455	G2721	1
G1606	G2597	1
G1743	G2739	1
G1901	G2762	1
G1383	G1903	1
G353	G1112	1
G315	G2465	1
G1325	G2104	1
G758	G2822	1
G80	G1098	1
G1334	G2191	1
G514	G1223	1
G1855	G2689	1
G24	G2639	1
G1422	G2979	1
G1681	G1948	1
G192	G1828	1
G1963	G2563	1
G374	G1671	1
G354	G2462	1
G586	G885	1
G693	G1562	1
G1806	G2121	1
G715	G1901	1
G1645	G2790	1
G283	G1948	1
G334	G1006	1
G283	G1774	1
G907	G2724	1
G148	G2274	1
G1992	G2022	1
G801	G2232	1
G963	G2812	1
G238	G606	1
G194	G899	1
G574	G1030	1
G1500	G2544	1
G596	G1867	1
G139	G2083	1
G2162	G2865	1
G1334	G2441	1
G2296	G2490	1
G1134	G2100	1
G153	G1639	1
G1963	G2784	1
G835	G1383	1
G1328	G2365	1
G612	G940	1
G2693	G2721	1
G1636	G1716	1
G306	G2881	1
G999	G2283	1
G709	G2553	1
G810	G1278	1
G1214	G2927	1
G87	G876	1
G1671	G2949	1
G1550	G2175	1
G444	G2425	1
G758	G2160	1
G122	G1446	1
G150	G2103	1
G514	G2762	1
G515	G1783	1
G1011	G1938	1
G2083	G2300	1
G1610	G2991	1
G657	G2162	1
G521	G577	1
G1984	G2079	1
G801	G1469	1
G1445	G1551	1
G1654	G2230	1
G744	G2092	1
G1103	G1455	1
G1235	G1761	1
G1499	G2630	1
G1863	G1874	1
G1963	G2769	1
G596	G1849	1
G1783	G2597	1
G705	G2606	1
G1042	G1433	1
G1932	G2380	1
G1161	G1984	1
G1316	G1863	1
G354	G806	1
G1429	G1550	1
G1545	G2226	1
G1828	G2736	1
G1375	G1772	1
G2025	G2470	1
G596	G876	1
G663	G1916	1
G835	G918	1
G2121	G2667	1
G2557	G2570	1
G1758	G2320	1
G629	G1316	1
G865	G2047	1
G694	G2637	1
G801	G1982	1
G362	G642	1
G286	G2268	1
G1420	G1659	1
G577	G1112	1
G882	G1916	1
G2513	G2725	1
G736	G1099	1
G1293	G2307	1
G1350	G2547	1
G2419	G2977	1
G674	G2467	1
G1429	G2563	1
G1667	G2852	1
G1576	G2405	1
G2086	G2738	1
G2104	G2524	1
G1116	G2648	1
G2046	G2425	1
G1651	G2470	1
G1561	G1867	1
G1982	G2814	1
G2047	G2340	1
G844	G2838	1
G698	G2383	1
G2535	G2790	1
G1243	G1418	1
G456	G1441	1
G1309	G2440	1
G641	G1763	1
G858	G1651	1
G1238	G1864	1
G1240	G2425	1
G1564	G1726	1
G231	G2865	1
G348	G2299	1
G952	G2376	1
G1429	G2784	1
G1484	G1506	1
G1448	G2348	1
G1330	G1625	1
G1133	G1723	1
G107	G2405	1
G755	G1982	1
G810	G836	1
G1255	G1562	1
G1806	G2447	1
G1243	G1564	1
G1500	G2790	1
G931	G1612	1
G2051	G2642	1
G596	G685	1
G917	G2470	1
G899	G1152	1
G1424	G1654	1
G194	G827	1
G1971	G2180	1
G374	G1625	1
G574	G722	1
G245	G2622	1
G755	G1418	1
G462	G1500	1
G920	G2557	1
G139	G1118	1
G216	G1741	1
G1106	G2637	1
G1335	G2467	1
G1591	G2435	1
G387	G624	1
G1320	G1382	1
G1606	G1858	1
G2492	G2744	1
G1625	G2462	1
G187	G2557	1
G402	G2017	1
G1877	G2452	1
G834	G2612	1
G364	G1320	1
G1606	G2721	1
G1780	G2092	1
G64	G1523	1
G216	G1855	1
G1328	G1912	1
G40	G1706	1
G629	G2789	1
G2682	G2883	1
G80	G2622	1
G114	G285	1
G2812	G2881	1
G1072	G1910	1
G1429	G2769	1
G1806	G2451	1
G727	G2009	1
G539	G2115	1
G132	G447	1
G827	G2812	1
G104	G2347	1
G1143	G1543	1
G1726	G2407	1
G2467	G2496	1
G1028	G2041	1
G896	G1161	1
G963	G1329	1
G874	G988	1
G806	G2387	1
G904	G1867	1
G1996	G2050	1
G806	G899	1
G257	G1953	1
G141	G1076	1
G773	G1768	1
G475	G2812	1
G1429	G1901	1
G2026	G2073	1
G539	G1143	1
G931	G2766	1
G402	G1916	1
G1027	G2263	1
G1383	G2405	1
G789	G2083	1
G408	G1148	1
G817	G2449	1
G364	G1741	1
G258	G962	1
G801	G1332	1
G1116	G2365	1
G1445	G1963	1
G141	G1331	1
G1034	G2944	1
G1010	G2468	1
G1455	G2191	1
G1118	G2490	1
G2303	G2620	1
G1143	G1671	1
G163	G2723	1
G354	G2380	1
G715	G2570	1
G1564	G2564	1
G2108	G2293	1
G1932	G2232	1
G1863	G2972	1
G812	G1495	1
G773	G2843	1
G1004	G1316	1
G2263	G2430	1
G1053	G1087	1
G1827	G2721	1
G2553	G2758	1
G2544	G2591	1
G1979	G2880	1
G1333	G2493	1
G586	G691	1
G1855	G1863	1
G1997	G2724	1
G1982	G2547	1
G1382	G2283	1
G443	G2380	1
G624	G1191	1
G514	G2865	1
G1335	G2352	1
G2381	G2723	1
G1774	G2435	1
G2381	G2628	1
G1635	G2741	1
G84	G2070	1
G529	G1554	1
G1230	G2464	1
G2188	G2222	1
G1143	G1159	1
G2419	G2766	1
G111	G2991	1
G1547	G2270	1
G506	G1331	1
G132	G1140	1
G426	G1012	1
G1313	G2245	1
G137	G325	1
G1625	G2667	1
G2115	G2712	1
G1513	G1612	1
G899	G2496	1
G860	G1968	1
G610	G1383	1
G563	G2063	1
G1026	G1428	1
G604	G1151	1
G2544	G2676	1
G2232	G2553	1
G1027	G2105	1
G2180	G2544	1
G2426	G2865	1
G2112	G2281	1
G1903	G2366	1
G2047	G2172	1
G801	G882	1
G126	G1923	1
G808	G1141	1
G754	G765	1
G529	G1441	1
G554	G2419	1
G1535	G2689	1
G1335	G2425	1
G774	G899	1
G157	G2553	1
G1550	G2138	1
G596	G924	1
G11	G958	1
G107	G2026	1
G1159	G1671	1
G923	G2465	1
G1313	G2498	1
G1700	G2784	1
G1963	G2570	1
G349	G2505	1
G433	G1320	1
G794	G2405	1
G1418	G1783	1
G462	G1747	1
G1111	G2244	1
G1725	G2742	1
G1984	G2551	1
G275	G402	1
G1551	G2784	1
G1332	G1495	1
G758	G1780	1
G809	G1985	1
G187	G1849	1
G1806	G2620	1
G2138	G2468	1
G1849	G2419	1
G645	G2077	1
G1289	G2268	1
G266	G2366	1
G1747	G2263	1
G1730	G2944	1
G132	G168	1
G447	G2475	1
G755	G882	1
G2320	G2568	1
G1513	G2766	1
G148	G497	1
G517	G1135	1
G1397	G2798	1
G1726	G1747	1
G1149	G2697	1
G1741	G2689	1
G678	G2848	1
G960	G1211	1
G827	G1329	1
G153	G1335	1
G348	G358	1
G2570	G2972	1
G410	G2892	1
G2121	G2232	1
G2887	G2970	1
G1700	G2769	1
G663	G1893	1
G1460	G1994	1
G577	G773	1
G1719	G1963	1
G1010	G1496	1
G1129	G1793	1
G1250	G1885	1
G1609	G2278	1
G1010	G2118	1
G1551	G2769	1
G2204	G2395	1
G885	G2419	1
G194	G1152	1
G545	G1421	1
G1429	G2360	1
G882	G1893	1
G2162	G2693	1
G475	G1329	1
G1143	G1625	1
G806	G2758	1
G1130	G1320	1
G207	G1112	1
G773	G1513	1
G773	G2849	1
G1726	G2591	1
G2368	G2843	1
G723	G1793	1
G1700	G1901	1
G1625	G2380	1
G2784	G2843	1
G354	G2232	1
G462	G1010	1
G287	G2461	1
G421	G2427	1
G2369	G2447	1
G11	G1130	1
G1090	G2258	1
G1551	G1901	1
G159	G1109	1
G172	G1207	1
G1916	G2648	1
G1480	G1932	1
G629	G1083	1
G1112	G2341	1
G462	G2676	1
G2113	G3004	1
G1065	G2546	1
G187	G685	1
G1606	G2191	1
G1452	G1455	1
G1681	G1723	1
G1152	G1923	1
G192	G1383	1
G511	G1223	1
G834	G1554	1
G957	G1616	1
G663	G1328	1
G1152	G1524	1
G267	G569	1
G408	G2599	1
G11	G2870	1
G1397	G2175	1
G283	G1723	1
G1930	G2351	1
G531	G1894	1
G2497	G2814	1
G700	G2156	1
G216	G775	1
G2235	G2412	1
G148	G1004	1
G174	G722	1
G402	G660	1
G2180	G2790	1
G896	G2433	1
G2369	G2451	1
G1250	G1424	1
G1251	G1934	1
G885	G2972	1
G651	G1102	1
G1606	G2441	1
G708	G1406	1
G1130	G1741	1
G2302	G2340	1
G2766	G2838	1
G685	G2419	1
G1452	G2603	1
G2648	G2849	1
G857	G1402	1
G194	G715	1
G2419	G2523	1
G868	G1138	1
G2461	G2973	1
G220	G2088	1
G600	G2341	1
G927	G1953	1
G773	G1920	1
G426	G1867	1
G205	G1916	1
G1751	G1863	1
G1543	G2208	1
G1984	G2273	1
G2165	G2822	1
G278	G609	1
G122	G1133	1
G2570	G2583	1
G709	G2540	1
G634	G828	1
G490	G2405	1
G574	G1027	1
G1398	G1935	1
G2848	G2875	1
G2498	G2961	1
G1052	G1573	1
G2267	G2678	1
G963	G2137	1
G374	G2435	1
G2940	G2979	1
G177	G796	1
G1591	G1828	1
G366	G1455	1
G1116	G1521	1
G1645	G2092	1
G364	G1726	1
G525	G1508	1
G64	G1261	1
G907	G931	1
G2045	G2360	1
G2784	G2983	1
G1223	G2405	1
G402	G1893	1
G852	G1561	1
G1591	G2940	1
G231	G2693	1
G610	G1316	1
G1521	G1903	1
G515	G2312	1
G693	G2188	1
G2177	G2298	1
G344	G1251	1
G81	G731	1
G931	G2162	1
G710	G1155	1
G354	G596	1
G1397	G1806	1
G1916	G2365	1
G126	G2544	1
G354	G879	1
G882	G1058	1
G574	G2465	1
G2180	G2369	1
G456	G1320	1
G660	G1455	1
G736	G1390	1
G1827	G2441	1
G2317	G2972	1
G153	G1963	1
G408	G1455	1
G614	G1988	1
G830	G1687	1
G2019	G2681	1
G2040	G2092	1
G2462	G2940	1
G1010	G1591	1
G2467	G2944	1
G266	G2017	1
G907	G2406	1
G444	G600	1
G747	G755	1
G2041	G2516	1
G2180	G2738	1
G596	G1907	1
G2784	G2849	1
G253	G1697	1
G2597	G2784	1
G747	G993	1
G475	G2869	1
G579	G644	1
G402	G1328	1
G2162	G2468	1
G810	G2948	1
G1351	G2850	1
G1136	G2019	1
G1671	G2232	1
G596	G2822	1
G443	G462	1
G1004	G1083	1
G1112	G2907	1
G2175	G2870	1
G1488	G2875	1
G2419	G2949	1
G2733	G2973	1
G1294	G2449	1
G542	G1891	1
G554	G1671	1
G1218	G1863	1
G2063	G2642	1
G1832	G2388	1
G1010	G2622	1
G1220	G2230	1
G610	G2789	1
G296	G1021	1
G1676	G2867	1
G691	G1053	1
G1513	G2381	1
G344	G403	1
G2844	G2973	1
G773	G1223	1
G2597	G2769	1
G806	G1382	1
G196	G447	1
G896	G2779	1
G691	G907	1
G426	G2252	1
G1034	G1543	1
G1191	G1793	1
G1857	G2404	1
G1027	G2395	1
G267	G2900	1
G2471	G2988	1
G1328	G1441	1
G758	G2977	1
G1313	G2937	1
G1398	G2144	1
G586	G2721	1
G1116	G2121	1
G931	G2462	1
G215	G1375	1
G474	G653	1
G437	G854	1
G2162	G2263	1
G267	G1564	1
G596	G1365	1
G2301	G2549	1
G1003	G1529	1
G1513	G2951	1
G1700	G2570	1
G126	G177	1
G150	G1606	1
G1152	G2544	1
G1305	G1795	1
G192	G1316	1
G405	G1723	1
G2108	G2437	1
G858	G1488	1
G2026	G2591	1
G2352	G2570	1
G24	G1141	1
G1500	G2092	1
G1282	G1331	1
G1985	G2355	1
G418	G1008	1
G1551	G2570	1
G245	G2366	1
G443	G1332	1
G1505	G2642	1
G36	G1243	1
G2283	G2465	1
G437	G2802	1
G600	G851	1
G1513	G2162	1
G126	G2790	1
G139	G2044	1
G1978	G2991	1
G2798	G2814	1
G693	G794	1
G462	G2381	1
G315	G755	1
G1136	G1714	1
G174	G2547	1
G200	G2013	1
G1112	G2838	1
G153	G157	1
G598	G934	1
G994	G2819	1
G1390	G2961	1
G1228	G1264	1
G1142	G2019	1
G685	G1543	1
G1611	G2740	1
G36	G2406	1
G907	G1397	1
G1285	G2426	1
G1383	G2650	1
G586	G2591	1
G1268	G1412	1
G890	G1452	1
G574	G2103	1
G612	G2484	1
G1397	G2138	1
G1550	G2368	1
G625	G1452	1
G2366	G2869	1
G196	G1140	1
G848	G2983	1
G1023	G2009	1
G700	G1445	1
G755	G2843	1
G331	G2274	1
G1337	G1418	1
G1112	G2369	1
G402	G2553	1
G600	G2838	1
G424	G2871	1
G2346	G2865	1
G1422	G1893	1
G360	G2980	1
G148	G794	1
G596	G610	1
G1372	G2712	1
G744	G2162	1
G774	G1897	1
G192	G2789	1
G275	G824	1
G444	G2972	1
G586	G1010	1
G1664	G2449	1
G2341	G2849	1
G1730	G2346	1
G1027	G1116	1
G685	G1671	1
G1039	G1382	1
G1143	G2435	1
G1971	G2103	1
G360	G1205	1
G1383	G1452	1
G2327	G2798	1
G2365	G2768	1
G497	G904	1
G521	G1901	1
G1510	G2589	1
G586	G2676	1
G1598	G2312	1
G2780	G2822	1
G960	G1645	1
G315	G1606	1
G2072	G2320	1
G958	G1671	1
G2232	G2540	1
G554	G1625	1
G1521	G2405	1
G36	G2870	1
G231	G2263	1
G1953	G2274	1
G2451	G2877	1
G316	G2793	1
G199	G1013	1
G629	G774	1
G148	G444	1
G331	G1562	1
G600	G2369	1
G1251	G1585	1
G1106	G1863	1
G1203	G1979	1
G1780	G2381	1
G1513	G2462	1
G800	G1895	1
G1332	G1455	1
G117	G697	1
G1116	G2447	1
G802	G2970	1
G931	G1622	1
G803	G955	1
G157	G577	1
G1142	G1925	1
G2440	G2546	1
G1264	G1637	1
G2360	G2463	1
G2434	G2922	1
G1152	G2790	1
G600	G1681	1
G600	G885	1
G964	G1576	1
G1833	G1881	1
G1637	G1741	1
G148	G1116	1
G629	G2780	1
G153	G848	1
G1610	G2538	1
G2258	G2869	1
G2056	G2252	1
G1418	G2312	1
G2046	G2972	1
G1780	G2951	1
G332	G2448	1
G2244	G2497	1
G1008	G1424	1
G1671	G2168	1
G340	G1080	1
G1768	G2051	1
G1997	G2406	1
G12	G1397	1
G1496	G2369	1
G802	G1561	1
G2366	G2798	1
G890	G963	1
G1006	G2525	1
G421	G562	1
G1116	G1441	1
G2078	G2573	1
G1027	G2979	1
G1034	G1625	1
G1543	G1564	1
G433	G2275	1
G1027	G2618	1
G514	G2468	1
G283	G456	1
G744	G1218	1
G1218	G1957	1
G177	G2341	1
G693	G2979	1
G374	G1828	1
G36	G1397	1
G1496	G1681	1
G1243	G1513	1
G1363	G2312	1
G1834	G1926	1
G155	G282	1
G444	G2583	1
G1496	G2738	1
G364	G663	1
G36	G1870	1
G75	G315	1
G1331	G1455	1
G2381	G2736	1
G846	G2429	1
G1550	G2103	1
G823	G1923	1
G2892	G2991	1
G362	G426	1
G662	G1220	1
G1042	G2597	1
G1220	G1751	1
G708	G2485	1
G15	G560	1
G133	G1915	1
G1401	G1836	1
G1143	G1997	1
G268	G1220	1
G1629	G2902	1
G755	G2849	1
G712	G1286	1
G531	G1224	1
G192	G1228	1
G456	G1726	1
G1997	G2870	1
G2441	G2870	1
G516	G826	1
G1264	G2789	1
G959	G1655	1
G2758	G2881	1
G2465	G2988	1
G315	G696	1
G624	G934	1
G586	G2191	1
G2103	G2467	1
G148	G2979	1
G1508	G2991	1
G1524	G1550	1
G515	G2713	1
G153	G364	1
G963	G1849	1
G1918	G1933	1
G64	G1473	1
G758	G2327	1
G1152	G1681	1
G149	G729	1
G194	G332	1
G300	G1513	1
G514	G2263	1
G685	G1625	1
G529	G693	1
G1152	G2738	1
G897	G2498	1
G889	G2465	1
G1893	G2583	1
G306	G2812	1
G642	G700	1
G1013	G2020	1
G958	G1625	1
G665	G1913	1
G1469	G2419	1
G1985	G2870	1
G2363	G2777	1
G1305	G2748	1
G758	G1953	1
G323	G2814	1
G907	G1334	1
G1076	G2545	1
G1064	G1963	1
G425	G2849	1
G1524	G2563	1
G2208	G2869	1
G187	G364	1
G2843	G2977	1
G1916	G2121	1
G596	G1780	1
G194	G2828	1
G934	G2188	1
G1006	G1205	1
G2510	G2805	1
G1118	G2921	1
G755	G1446	1
G1098	G2557	1
G24	G1664	1
G192	G2504	1
G126	G515	1
G1255	G2546	1
G1780	G2462	1
G516	G1109	1
G711	G2980	1
G1585	G2398	1
G1500	G1612	1
G2648	G2865	1
G1492	G1904	1
G546	G1278	1
G38	G2496	1
G882	G2045	1
G776	G2331	1
G655	G1649	1
G266	G1328	1
G758	G2988	1
G134	G1083	1
G1223	G2426	1
G963	G1551	1
G860	G1573	1
G802	G1822	1
G319	G2819	1
G2467	G2892	1
G2425	G2940	1
G456	G1143	1
G2017	G2736	1
G1397	G1429	1
G2191	G2496	1
G2622	G2963	1
G163	G2983	1
G1329	G2882	1
G1116	G2620	1
G758	G2523	1
G958	G1445	1
G2365	G2496	1
G693	G899	1
G514	G2118	1
G391	G2188	1
G1878	G2019	1
G500	G600	1
G2815	G2994	1
G1776	G1811	1
G2591	G2790	1
G700	G2435	1
G194	G1566	1
G1316	G2814	1
G216	G2881	1
G340	G2977	1
G1524	G2769	1
G1975	G2010	1
G301	G1562	1
G622	G958	1
G1581	G2925	1
G1439	G2562	1
G187	G610	1
G641	G1023	1
G2381	G2983	1
G1382	G2471	1
G722	G1452	1
G1446	G1591	1
G64	G139	1
G349	G1472	1
G493	G2857	1
G563	G2798	1
G503	G987	1
G2222	G2385	1
G2119	G2345	1
G2547	G2596	1
G488	G1136	1
G444	G2514	1
G163	G1513	1
G755	G1288	1
G433	G1397	1
G500	G2825	1
G660	G899	1
G1646	G1954	1
G462	G2208	1
G1524	G1997	1
G141	G2650	1
G354	G1768	1
G1320	G1543	1
G433	G1870	1
G1478	G1985	1
G157	G563	1
G418	G2946	1
G563	G1106	1
G924	G2467	1
G170	G2299	1
G824	G2933	1
G405	G456	1
G2141	G2238	1
G12	G1334	1
G897	G2009	1
G931	G2232	1
G2103	G2425	1
G1628	G2155	1
G302	G810	1
G1606	G2689	1
G899	G1543	1
G2368	G2865	1
G1332	G1387	1
G1883	G2449	1
G546	G836	1
G1093	G2471	1
G1741	G2736	1
G600	G691	1
G1390	G2762	1
G2496	G2907	1
G1659	G2951	1
G1382	G2103	1
G2098	G2980	1
G1747	G2730	1
G332	G851	1
G1446	G2622	1
G36	G1334	1
G46	G2103	1
G2300	G2921	1
G823	G2544	1
G1157	G2532	1
G1780	G2667	1
G1852	G2467	1
G1681	G2063	1
G2250	G2630	1
G46	G104	1
G1897	G2465	1
G1916	G2447	1
G899	G2892	1
G1216	G1224	1
G283	G2063	1
G1723	G2274	1
G563	G2175	1
G1211	G2369	1
G506	G2650	1
G52	G1821	1
G564	G2887	1
G1313	G1610	1
G899	G1671	1
G931	G1469	1
G554	G2435	1
G1982	G2599	1
G923	G1606	1
G2047	G2069	1
G259	G2425	1
G1099	G1858	1
G1010	G2366	1
G758	G2949	1
G964	G2327	1
G1261	G2421	1
G12	G2296	1
G1515	G2115	1
G1012	G1224	1
G1211	G1681	1
G1398	G2222	1
G1335	G2583	1
G1645	G2381	1
G11	G1591	1
G1916	G2451	1
G634	G1793	1
G1920	G2822	1
G878	G2085	1
G1723	G2693	1
G1433	G1683	1
G1901	G2622	1
G1953	G2105	1
G139	G2848	1
G495	G1953	1
G879	G1381	1
G693	G827	1
G963	G1963	1
G529	G2115	1
G283	G514	1
G1849	G2435	1
G1827	G2689	1
G1828	G2274	1
G1783	G2689	1
G2670	G2829	1
G827	G1335	1
G827	G1551	1
G423	G506	1
G1489	G1758	1
G283	G2776	1
G1870	G2563	1
G1404	G2354	1
G853	G1228	1
G1265	G2685	1
G284	G1807	1
G924	G2352	1
G355	G826	1
G995	G1317	1
G828	G2815	1
G194	G2045	1
G2496	G2838	1
G1219	G1708	1
G2385	G2498	1
G444	G521	1
G176	G1671	1
G1008	G2009	1
G529	G1143	1
G691	G964	1
G778	G1719	1
G964	G2988	1
G696	G2557	1
G1224	G2457	1
G1828	G2693	1
G1429	G2430	1
G1142	G1786	1
G2544	G2723	1
G303	G1669	1
G340	G2766	1
G157	G960	1
G729	G1008	1
G1645	G2162	1
G2497	G2970	1
G563	G1806	1
G931	G1422	1
G516	G2584	1
G148	G827	1
G596	G1576	1
G1383	G2648	1
G1948	G2068	1
G1780	G2380	1
G139	G2568	1
G1513	G2232	1
G229	G1018	1
G1562	G2465	1
G1099	G1823	1
G835	G2175	1
G139	G1966	1
G15	G1824	1
G1419	G2784	1
G758	G926	1
G1966	G2072	1
G1761	G2972	1
G1469	G1671	1
G794	G2467	1
G46	G2056	1
G1408	G1573	1
G1075	G1726	1
G1018	G2268	1
G823	G2790	1
G1524	G2360	1
G1822	G1996	1
G797	G1372	1
G456	G663	1
G276	G426	1
G832	G1154	1
G596	G2977	1
G1939	G2383	1
G1870	G2769	1
G1027	G2017	1
G180	G435	1
G1382	G1975	1
G907	G1112	1
G2242	G2940	1
G80	G2712	1
G177	G1310	1
G1716	G2780	1
G1116	G1370	1
G2058	G2895	1
G632	G2357	1
G883	G1702	1
G1861	G2119	1
G194	G923	1
G1116	G1320	1
G192	G275	1
G432	G2612	1
G1090	G1130	1
G1900	G2508	1
G1591	G2789	1
G685	G2435	1
G1320	G1625	1
G1870	G1901	1
G882	G2877	1
G1475	G1714	1
G332	G1310	1
G958	G2435	1
G99	G868	1
G885	G1948	1
G1196	G2298	1
G899	G1625	1
G1093	G1975	1
G1090	G2870	1
G1142	G1403	1
G1837	G2347	1
G1500	G2381	1
G629	G2180	1
G934	G2170	1
G625	G2365	1
G931	G1332	1
G1419	G1901	1
G1027	G1916	1
G1726	G2475	1
G1671	G2040	1
G362	G1543	1
G2121	G2724	1
G385	G586	1
G75	G2497	1
G1513	G1982	1
G1916	G2620	1
G60	G1042	1
G1547	G2144	1
G834	G2115	1
G1627	G2398	1
G1645	G2462	1
G1939	G2745	1
G963	G1719	1
G1953	G2478	1
G2045	G2789	1
G194	G2346	1
G1116	G1741	1
G1334	G2736	1
G331	G2603	1
G986	G1273	1
G960	G1923	1
G385	G443	1
G1130	G2881	1
G1335	G2514	1
G1043	G1373	1
G1383	G2365	1
G960	G1524	1
G1525	G1985	1
G574	G1606	1
G560	G1854	1
G842	G1007	1
G2180	G2676	1
G827	G1963	1
G646	G2461	1
G109	G1924	1
G1375	G2293	1
G1923	G2828	1
G1850	G1953	1
G176	G1625	1
G801	G1133	1
G216	G1112	1
G362	G1671	1
G1500	G2162	1
G1793	G2009	1
G899	G1445	1
G1012	G2783	1
G1140	G2864	1
G2160	G2988	1
G2206	G2650	1
G1243	G2865	1
G1527	G1536	1
G863	G2193	1
G1554	G1681	1
G475	G1963	1
G703	G1401	1
G2648	G2693	1
G596	G758	1
G1867	G2979	1
G842	G2597	1
G561	G1076	1
G1036	G2230	1
G2365	G2944	1
G402	G885	1
G1098	G1963	1
G426	G2427	1
G122	G1591	1
G1635	G2734	1
G1774	G2789	1
G405	G2776	1
G444	G835	1
G1850	G2988	1
G192	G2780	1
G353	G1867	1
G36	G1112	1
G149	G2991	1
G213	G1749	1
G2232	G2597	1
G589	G1728	1
G640	G948	1
G1543	G2843	1
G2478	G2988	1
G1328	G1726	1
G231	G2618	1
G902	G2812	1
G1924	G2768	1
G2147	G2807	1
G1550	G2405	1
G315	G642	1
G387	G410	1
G1112	G2721	1
G1223	G2467	1
G1053	G1335	1
G366	G1152	1
G789	G1816	1
G516	G2012	1
G462	G1564	1
G194	G1159	1
G1152	G1500	1
G275	G1741	1
G2780	G2977	1
G462	G1525	1
G709	G1209	1
G300	G2865	1
G2352	G2689	1
G1053	G2664	1
G693	G1382	1
G1406	G1645	1
G1252	G1877	1
G157	G2784	1
G122	G2622	1
G275	G1855	1
G801	G958	1
G1250	G1933	1
G1747	G1916	1
G366	G1382	1
G696	G1551	1
G1030	G1543	1
G402	G425	1
G2843	G2949	1
G1828	G2263	1
G194	G1186	1
G660	G1152	1
G266	G2341	1
G887	G2019	1
G768	G1811	1
G2618	G2758	1
G889	G1827	1
G1830	G2005	1
G141	G2467	1
G2323	G2892	1
G1764	G2525	1
G560	G2312	1
G18	G1230	1
G806	G923	1
G1224	G2011	1
G456	G2881	1
G1500	G2462	1
G200	G438	1
G141	G475	1
G2162	G2366	1
G693	G715	1
G1953	G2395	1
G554	G1828	1
G623	G2244	1
G574	G696	1
G1965	G2252	1
G1403	G1687	1
G1445	G1953	1
G1383	G1912	1
G205	G577	1
G1748	G2369	1
G2274	G2723	1
G157	G2769	1
G402	G563	1
G194	G1852	1
G331	G794	1
G1671	G1932	1
G879	G2908	1
G84	G1992	1
G1100	G2201	1
G1112	G2591	1
G1452	G2496	1
G132	G2864	1
G2142	G2412	1
G194	G2877	1
G366	G715	1
G854	G2841	1
G355	G2584	1
G1375	G1919	1
G311	G1032	1
G187	G1576	1
G1007	G2447	1
G1836	G2380	1
G1168	G1806	1
G882	G960	1
G2037	G2524	1
G2082	G2720	1
G835	G2138	1
G432	G1203	1
G1350	G2702	1
G231	G2730	1
G385	G2365	1
G1748	G2738	1
G2263	G2814	1
G1671	G2724	1
G1523	G2230	1
G610	G2175	1
G126	G1612	1
G157	G1901	1
G732	G853	1
G2312	G2895	1
G1591	G2674	1
G1076	G1630	1
G340	G2949	1
G1568	G1991	1
G663	G2073	1
G610	G2283	1
G806	G1543	1
G1554	G2638	1
G660	G715	1
G331	G444	1
G1984	G2793	1
G1182	G1736	1
G200	G1833	1
G475	G1719	1
G596	G2327	1
G486	G2250	1
G901	G2873	1
G801	G1130	1
G600	G2591	1
G374	G1316	1
G60	G2041	1
G896	G2142	1
G299	G1241	1
G1112	G2676	1
G1242	G1750	1
G1806	G2881	1
G186	G209	1
G1133	G2798	1
G1850	G2949	1
G828	G899	1
G490	G2425	1
G960	G2544	1
G1179	G2339	1
G1419	G2570	1
G596	G1953	1
G417	G922	1
G1335	G1515	1
G885	G1828	1
G163	G2865	1
G631	G1296	1
G882	G902	1
G934	G1508	1
G1069	G2348	1
G307	G2239	1
G1139	G2497	1
G1543	G2849	1
G1645	G2380	1
G2144	G2815	1
G515	G2365	1
G600	G1010	1
G1687	G1916	1
G890	G1521	1
G806	G1671	1
G444	G1948	1
G1923	G2045	1
G226	G1864	1
G1455	G2736	1
G1489	G2946	1
G196	G1044	1
G529	G744	1
G600	G2676	1
G2921	G2946	1
G1006	G2966	1
G2426	G2979	1
G774	G923	1
G596	G2988	1
G1871	G2268	1
G2381	G2865	1
G362	G1445	1
G433	G1112	1
G1606	G1957	1
G1500	G2667	1
G2191	G2972	1
G642	G680	1
G729	G2946	1
G177	G1007	1
G2180	G2381	1
G2164	G2950	1
G374	G682	1
G516	G2108	1
G391	G1508	1
G1185	G2494	1
G596	G2523	1
G2041	G2484	1
G696	G1963	1
G374	G2789	1
G904	G2766	1
G685	G1828	1
G715	G907	1
G1919	G2899	1
G644	G1536	1
G241	G1371	1
G1316	G1562	1
G332	G1007	1
G1496	G2676	1
G2467	G2859	1
G1821	G2234	1
G958	G1828	1
G425	G1130	1
G1719	G1953	1
G462	G703	1
G150	G2425	1
G80	G1923	1
G1329	G2465	1
G1508	G2919	1
G774	G1543	1
G899	G2435	1
G773	G1496	1
G1261	G1739	1
G773	G2118	1
G934	G985	1
G1534	G2090	1
G331	G2979	1
G801	G875	1
G958	G2940	1
G1160	G1483	1
G433	G554	1
G200	G516	1
G691	G1406	1
G1320	G2563	1
G2025	G2498	1
G699	G1581	1
G402	G2073	1
G1039	G2156	1
G586	G2723	1
G1772	G2779	1
G40	G2222	1
G1654	G2991	1
G1027	G1328	1
G2865	G2988	1
G893	G2582	1
G332	G2597	1
G1332	G1480	1
G148	G1893	1
G263	G1158	1
G629	G1027	1
G1719	G2988	1
G423	G2451	1
G853	G2780	1
G1942	G2319	1
G876	G2241	1
G1112	G2191	1
G1562	G2970	1
G1508	G2538	1
G2111	G2577	1
G1953	G2979	1
G36	G773	1
G1069	G2685	1
G1924	G2971	1
G1118	G1220	1
G2244	G2783	1
G1002	G2645	1
G1152	G2676	1
G876	G1068	1
G960	G2790	1
G1651	G2498	1
G1008	G2157	1
G1772	G1857	1
G652	G2582	1
G1313	G2994	1
G11	G1211	1
G287	G1862	1
G253	G2833	1
G1039	G1671	1
G851	G2068	1
G1133	G1806	1
G1833	G2412	1
G2398	G2671	1
G194	G960	1
G2789	G2790	1
G897	G1610	1
G1923	G2346	1
G1500	G2380	1
G889	G1606	1
G2245	G2538	1
G353	G924	1
G110	G1810	1
G2814	G2838	1
G799	G1012	1
G876	G2010	1
G882	G2784	1
G2484	G2497	1
G1106	G2814	1
G1203	G1757	1
G1309	G1564	1
G806	G1625	1
G1203	G1968	1
G596	G2949	1
G1420	G2547	1
G1159	G1179	1
G1659	G2202	1
G514	G2366	1
G721	G1627	1
G2140	G2460	1
G1469	G2435	1
G281	G2612	1
G454	G967	1
G783	G821	1
G1828	G2188	1
G586	G1564	1
G482	G2899	1
G2118	G2644	1
G197	G674	1
G505	G1305	1
G1848	G2681	1
G194	G797	1
G1320	G1997	1
G733	G2822	1
G1236	G1237	1
G1948	G2758	1
G906	G2497	1
G1375	G2437	1
G57	G348	1
G860	G1309	1
G1513	G1850	1
G482	G2250	1
G354	G1133	1
G1064	G2312	1
G899	G1997	1
G1606	G2736	1
G911	G2977	1
G2063	G2465	1
G1143	G1316	1
G266	G885	1
G851	G2046	1
G1006	G2990	1
G926	G2467	1
G514	G636	1
G1953	G2730	1
G924	G2825	1
G1742	G2273	1
G2395	G2780	1
G331	G899	1
G1495	G2895	1
G674	G1948	1
G2961	G2994	1
G592	G2435	1
G609	G2020	1
G2758	G2812	1
G2693	G2983	1
G1270	G1570	1
G231	G2017	1
G326	G1276	1
G960	G1681	1
G758	G1422	1
G1492	G1913	1
G1310	G2664	1
G1397	G2405	1
G1723	G2395	1
G960	G2738	1
G2369	G2881	1
G1099	G2919	1
G985	G2490	1
G1008	G1933	1
G1251	G2398	1
G1610	G2961	1
G773	G1591	1
G2158	G2309	1
G2118	G2419	1
G426	G1134	1
G46	G488	1
G141	G1912	1
G1406	G2581	1
G357	G2680	1
G2094	G2690	1
G596	G926	1
G2724	G2838	1
G402	G2597	1
G2351	G2814	1
G187	G1953	1
G1286	G2115	1
G1681	G2798	1
G691	G1562	1
G266	G425	1
G306	G1849	1
G1907	G2979	1
G283	G2798	1
G1564	G2941	1
G823	G1500	1
G2380	G2924	1
G266	G1310	1
G148	G362	1
G1335	G1774	1
G854	G2354	1
G354	G958	1
G2972	G2988	1
G1099	G2538	1
G231	G1916	1
G1390	G1739	1
G416	G2642	1
G306	G876	1
G332	G2721	1
G1418	G2365	1
G1827	G2317	1
G1793	G2157	1
G1671	G2355	1
G1143	G2789	1
G438	G2235	1
G574	G2236	1
G1550	G2426	1
G267	G2865	1
G283	G1106	1
G1245	G2495	1
G1783	G2736	1
G374	G1083	1
G187	G2988	1
G362	G2435	1
G2121	G2406	1
G810	G919	1
G1264	G2535	1
G194	G1550	1
G1412	G2525	1
G267	G2014	1
G1390	G2468	1
G1103	G1543	1
G2103	G2583	1
G2822	G2838	1
G355	G2108	1
G148	G2553	1
G2298	G2503	1
G796	G876	1
G629	G2103	1
G141	G267	1
G126	G2162	1
G283	G1630	1
G890	G1441	1
G2724	G2738	1
G192	G1869	1
G316	G438	1
G2327	G2924	1
G1211	G2676	1
G1386	G2535	1
G194	G2563	1
G1136	G1408	1
G2780	G2949	1
G56	G530	1
G1331	G2496	1
G1591	G2780	1
G1510	G2573	1
G283	G2175	1
G629	G734	1
G286	G1012	1
G1388	G1505	1
G1041	G1249	1
G554	G1383	1
G826	G1742	1
G848	G2263	1
G275	G2834	1
G1477	G1775	1
G2121	G2870	1
G357	G784	1
G853	G2882	1
G194	G2784	1
G1140	G2528	1
G1383	G1441	1
G1141	G1433	1
G1320	G2360	1
G134	G574	1
G1082	G2560	1
G163	G2693	1
G1069	G1303	1
G1573	G2953	1
G1152	G2381	1
G2462	G2780	1
G334	G1412	1
G1452	G2644	1
G781	G2814	1
G2544	G2983	1
G125	G2339	1
G1419	G2637	1
G429	G911	1
G1159	G2789	1
G923	G2768	1
G1251	G2340	1
G2180	G2208	1
G1007	G1320	1
G1261	G1522	1
G271	G275	1
G153	G963	1
G755	G2468	1
G2496	G2591	1
G1236	G2400	1
G715	G1039	1
G215	G2551	1
G1328	G2881	1
G462	G2843	1
G574	G642	1
G758	G824	1
G995	G1431	1
G2200	G2972	1
G1500	G1982	1
G1793	G1933	1
G281	G1203	1
G364	G2812	1
G2381	G2693	1
G194	G2769	1
G824	G2341	1
G1153	G2234	1
G393	G2047	1
G1422	G1753	1
G1566	G2418	1
G899	G1828	1
G1696	G2568	1
G1394	G2899	1
G374	G2642	1
G1264	G1673	1
G1912	G2766	1
G2712	G2828	1
G126	G2880	1
G835	G2471	1
G1681	G1806	1
G1726	G2843	1
G642	G2522	1
G126	G2462	1
G187	G963	1
G885	G1383	1
G107	G2583	1
G80	G2790	1
G1394	G2250	1
G1261	G2846	1
G1687	G1801	1
G1787	G1857	1
G1243	G2263	1
G1304	G2880	1
G1562	G1606	1
G283	G1806	1
G1903	G2073	1
G194	G1901	1
G2196	G2535	1
G2496	G2676	1
G194	G1997	1
G1057	G1531	1
G1723	G2979	1
G307	G2673	1
G2498	G2846	1
G965	G2449	1
G2347	G2880	1
G402	G2721	1
G1521	G1912	1
G856	G2374	1
G1090	G2622	1
G2044	G2921	1
G1524	G2430	1
G2040	G2168	1
G2427	G2559	1
G1068	G2263	1
G835	G2103	1
G882	G2570	1
G1282	G2425	1
G2092	G2581	1
G2810	G2991	1
G266	G2073	1
G149	G268	1
G323	G1455	1
G1966	G2876	1
G258	G476	1
G823	G1612	1
G497	G1870	1
G563	G1783	1
G963	G1576	1
G1543	G2865	1
G1799	G2412	1
G1547	G2296	1
G300	G2263	1
G1828	G2979	1
G2103	G2514	1
G574	G1390	1
G685	G1383	1
G856	G1475	1
G1671	G2406	1
G1828	G2618	1
G934	G2320	1
G2049	G2230	1
G275	G1397	1
G1780	G2258	1
G2320	G2355	1
G2017	G2274	1
G408	G1566	1
G1313	G2385	1
G295	G1062	1
G462	G2983	1
G306	G1963	1
G634	G694	1
G760	G2664	1
G958	G1383	1
G35	G747	1
G1706	G2876	1
G1186	G2712	1
G806	G2435	1
G1469	G1828	1
G443	G875	1
G1445	G2365	1
G231	G660	1
G1564	G2137	1
G113	G429	1
G533	G1790	1
G426	G2291	1
G1103	G1625	1
G1083	G2274	1
G747	G2944	1
G423	G2724	1
G1139	G1867	1
G918	G1218	1
G806	G2563	1
G934	G2300	1
G656	G2999	1
G1006	G1764	1
G1087	G1116	1
G177	G2441	1
G755	G2118	1
G391	G2320	1
G625	G1758	1
G1489	G1994	1
G99	G1635	1
G784	G2038	1
G240	G2624	1
G462	G1513	1
G2620	G2865	1
G462	G2849	1
G587	G1648	1
G1441	G1780	1
G1316	G1455	1
G1671	G2870	1
G2380	G2405	1
G1625	G2870	1
G865	G1601	1
G612	G1403	1
G456	G2682	1
G554	G1316	1
G2721	G2988	1
G736	G1250	1
G1251	G2172	1
G1751	G2803	1
G663	G2191	1
G2143	G2966	1
G1741	G2274	1
G1726	G2849	1
G2443	G2989	1
G1218	G1562	1
G361	G2317	1
G1591	G2175	1
G49	G817	1
G1211	G2381	1
G149	G2538	1
G1978	G2456	1
G491	G2874	1
G1828	G2730	1
G1877	G2188	1
G685	G694	1
G137	G227	1
G1455	G1971	1
G1591	G2283	1
G425	G1496	1
G1912	G2523	1
G64	G2188	1
G885	G1986	1
G1116	G2881	1
G425	G2118	1
G964	G2121	1
G1971	G2467	1
G715	G964	1
G2768	G2834	1
G1681	G2138	1
G1863	G2063	1
G268	G1675	1
G438	G486	1
G563	G2924	1
G1903	G2597	1
G1933	G2846	1
G2327	G2405	1
G916	G1668	1
G2447	G2814	1
G266	G1007	1
G163	G2263	1
G462	G1446	1
G974	G1749	1
G418	G1123	1
G1383	G2206	1
G194	G2360	1
G531	G1837	1
G1695	G2771	1
G883	G2671	1
G331	G1382	1
G806	G1997	1
G1039	G2435	1
G1010	G2341	1
G362	G1828	1
G1332	G2944	1
G233	G458	1
G1116	G1675	1
G715	G2814	1
G1492	G2966	1
G374	G774	1
G339	G2082	1
G733	G2092	1
G1508	G1523	1
G1757	G2880	1
G1250	G1918	1
G587	G1042	1
G405	G1806	1
G924	G2514	1
G1566	G2467	1
G872	G1436	1
G1269	G2515	1
G1704	G1793	1
G563	G1903	1
G1441	G2092	1
G2180	G2723	1
G2815	G2892	1
G266	G2597	1
G1337	G1372	1
G554	G2789	1
G1265	G1565	1
G148	G2045	1
G306	G1719	1
G348	G1956	1
G2471	G2724	1
G2622	G2713	1
G1917	G1946	1
G114	G651	1
G558	G2583	1
G801	G1591	1
G2730	G2838	1
G2345	G2581	1
G2465	G2620	1
G194	G529	1
G362	G2681	1
G774	G2784	1
G438	G2295	1
G703	G781	1
G312	G332	1
G433	G764	1
G1452	G1543	1
G1870	G2430	1
G2263	G2970	1
G901	G1589	1
G374	G2780	1
G331	G715	1
G693	G923	1
G605	G2106	1
G267	G2693	1
G1849	G2789	1
G911	G2949	1
G1748	G2676	1
G470	G752	1
G527	G2478	1
G2849	G2881	1
G778	G1953	1
G1138	G2873	1
G2490	G2846	1
G2675	G2841	1
G676	G1488	1
G1118	G2144	1
G366	G923	1
G1877	G2815	1
G282	G2363	1
G163	G2118	1
G610	G2471	1
G1982	G2496	1
G2274	G2849	1
G340	G801	1
G2045	G2535	1
G828	G1269	1
G1133	G2368	1
G875	G2092	1
G1561	G2973	1
G901	G2295	1
G402	G2191	1
G1550	G2467	1
G372	G2749	1
G685	G1316	1
G755	G1591	1
G172	G2936	1
G1316	G2068	1
G858	G2991	1
G1335	G1723	1
G1920	G2162	1
G2497	G2948	1
G960	G1500	1
G153	G2648	1
G1923	G2563	1
G774	G2769	1
G1455	G2266	1
G360	G2532	1
G2535	G2746	1
G2108	G2955	1
G1026	G1157	1
G958	G1316	1
G574	G2425	1
G1452	G1671	1
G443	G1334	1
G2404	G2433	1
G660	G923	1
G1007	G1726	1
G1224	G2255	1
G2468	G2766	1
G676	G2230	1
G956	G2900	1
G426	G517	1
G890	G1320	1
G163	G889	1
G374	G622	1
G1963	G2814	1
G1564	G2557	1
G402	G2441	1
G2012	G2273	1
G408	G923	1
G1018	G1362	1
G501	G1475	1
G610	G2103	1
G2138	G2341	1
G964	G2447	1
G107	G1604	1
G150	G2972	1
G325	G1801	1
G524	G715	1
G2648	G2730	1
G462	G1223	1
G2365	G2435	1
G755	G2622	1
G480	G1979	1
G521	G629	1
G2072	G2246	1
G2769	G2972	1
G2188	G2686	1
G2693	G2865	1
G2540	G2979	1
G589	G1601	1
G610	G734	1
G435	G2681	1
G897	G1390	1
G444	G918	1
G456	G2812	1
G490	G2583	1
G616	G2881	1
G2026	G2983	1
G148	G577	1
G2073	G2581	1
G1841	G2168	1
G2300	G2946	1
G344	G1238	1
G660	G1543	1
G1008	G1236	1
G964	G2451	1
G1915	G2144	1
G2013	G2779	1
G890	G1741	1
G773	G2366	1
G1923	G2769	1
G1739	G2686	1
G231	G2553	1
G408	G1543	1
G408	G2346	1
G1823	G2780	1
G200	G2630	1
G685	G2789	1
G336	G1211	1
G1756	G2839	1
G823	G2381	1
G408	G2156	1
G875	G1500	1
G2425	G2780	1
G721	G1428	1
G1903	G2721	1
G366	G1671	1
G1591	G2180	1
G906	G1224	1
G958	G2789	1
G1422	G2570	1
G112	G678	1
G622	G1211	1
G806	G1529	1
G1099	G1523	1
G1237	G1424	1
G963	G1953	1
G806	G2360	1
G1428	G2525	1
G1163	G2856	1
G1334	G2274	1
G1261	G1651	1
G364	G823	1
G1920	G2462	1
G2302	G2833	1
G586	G2983	1
G596	G1422	1
G1923	G1997	1
G1489	G1694	1
G2496	G2823	1
G723	G2025	1
G931	G1133	1
G192	G2471	1
G660	G1671	1
G1430	G2195	1
G1747	G2540	1
G1645	G2258	1
G266	G1858	1
G2300	G2827	1
G1329	G1606	1
G1112	G2628	1
G2086	G2843	1
G444	G456	1
G266	G2721	1
G2190	G2920	1
G629	G1884	1
G402	G1282	1
G1210	G2724	1
G159	G355	1
G828	G1654	1
G1683	G2681	1
G963	G2988	1
G899	G1383	1
G1429	G2814	1
G353	G2092	1
G423	G1403	1
G2400	G2568	1
G1591	G2138	1
G2244	G2516	1
G353	G1080	1
G150	G2583	1
G127	G1360	1
G856	G2660	1
G1550	G2425	1
G149	G2628	1
G1543	G2693	1
G107	G693	1
G1249	G1675	1
G1903	G2591	1
G2591	G2667	1
G586	G1513	1
G187	G402	1
G192	G2103	1
G698	G2698	1
G851	G1897	1
G283	G1429	1
G120	G141	1
G1452	G1625	1
G563	G2405	1
G1723	G1916	1
G1809	G2739	1
G2404	G2779	1
G2433	G2630	1
G882	G1264	1
G1058	G2191	1
G126	G1469	1
G1010	G2838	1
G2405	G2425	1
G693	G2877	1
G2381	G2478	1
G554	G1083	1
G960	G1747	1
G893	G1527	1
G1155	G2094	1
G285	G651	1
G2447	G2465	1
G444	G1666	1
G2232	G2689	1
G876	G1645	1
G610	G1975	1
G1346	G1753	1
G266	G2591	1
G931	G958	1
G629	G1606	1
G2383	G2920	1
G2544	G2865	1
G173	G244	1
G960	G1612	1
G267	G2263	1
G2294	G2925	1
G1565	G2508	1
G715	G2244	1
G1112	G1564	1
G696	G1576	1
G1496	G2723	1
G1112	G1525	1
G1604	G2026	1
G1828	G1916	1
G2620	G2693	1
G1010	G2369	1
G697	G1286	1
G1920	G2667	1
G964	G2620	1
G2707	G2956	1
G148	G2877	1
G1090	G1211	1
G755	G1494	1
G923	G1700	1
G141	G2206	1
G126	G596	1
G187	G506	1
G456	G1329	1
G719	G2369	1
G527	G1116	1
G529	G2812	1
G1693	G2985	1
G823	G2462	1
G2426	G2553	1
G1133	G1783	1
G1368	G1667	1
G1309	G2733	1
G2588	G2662	1
G1772	G2142	1
G323	G899	1
G577	G2092	1
G1554	G2880	1
G600	G1564	1
G1645	G2354	1
G405	G1335	1
G758	G1932	1
G1986	G2849	1
G600	G1525	1
G1994	G2892	1
G1946	G1982	1
G532	G619	1
G1223	G2514	1
G719	G1681	1
G149	G662	1
G475	G2713	1
G1208	G2031	1
G1951	G2232	1
G835	G1884	1
G2092	G2790	1
G1152	G2723	1
G1419	G1863	1
G1429	G2547	1
G758	G2724	1
G824	G2073	1
G497	G1112	1
G918	G1469	1
G104	G1265	1
G931	G1130	1
G1783	G2266	1
G2138	G2838	1
G1008	G1918	1
G1441	G2766	1
G1696	G1706	1
G267	G2105	1
G961	G2314	1
G1152	G1469	1
G1159	G2780	1
G506	G2206	1
G202	G2570	1
G275	G1112	1
G596	G904	1
G2310	G2589	1
G1332	G1543	1
G80	G1500	1
G1332	G2346	1
G1630	G2346	1
G456	G2941	1
G1378	G2469	1
G1390	G1651	1
G2266	G2977	1
G810	G2681	1
G315	G2156	1
G2118	G2435	1
G1112	G2214	1
G564	G1044	1
G828	G1978	1
G827	G1452	1
G2892	G2961	1
G2467	G2789	1
G2098	G2532	1
G1700	G2814	1
G802	G1166	1
G474	G2041	1
G653	G1956	1
G958	G1083	1
G194	G733	1
G11	G1524	1
G426	G2973	1
G896	G1204	1
G145	G610	1
G1551	G2814	1
G1591	G1835	1
G2684	G2745	1
G2040	G2303	1
G1445	G2447	1
G1573	G2039	1
G1455	G2274	1
G475	G1452	1
G834	G1848	1
G1726	G2865	1
G1012	G2291	1
G1093	G2352	1
G258	G2812	1
G1719	G2121	1
G899	G1316	1
G354	G1591	1
G1332	G1671	1
G1004	G1606	1
G315	G1671	1
G1726	G2014	1
G362	G1383	1
G275	G554	1
G923	G2644	1
G754	G2901	1
G1491	G2531	1
G842	G1564	1
G1007	G1397	1
G1470	G1804	1
G1855	G2979	1
G1570	G2638	1
G1806	G2941	1
G1331	G1543	1
G444	G2063	1
G1133	G2924	1
G2892	G2983	1
G1445	G2451	1
G233	G2799	1
G1397	G2467	1
G266	G2191	1
G1966	G2799	1
G2191	G2940	1
G199	G830	1
G1969	G2914	1
G1827	G2486	1
G1455	G1562	1
G645	G2819	1
G693	G960	1
G1543	G2263	1
G630	G2814	1
G501	G2660	1
G1499	G2551	1
G426	G2141	1
G152	G2635	1
G287	G1844	1
G902	G1719	1
G2341	G2366	1
G1278	G2429	1
G96	G2289	1
G266	G2441	1
G2366	G2713	1
G122	G1917	1
G1133	G1903	1
G410	G622	1
G187	G1521	1
G1664	G2970	1
G2475	G2497	1
G444	G514	1
G1331	G1671	1
G1806	G2497	1
G923	G2419	1
G1268	G1934	1
G1795	G2190	1
G856	G2460	1
G1564	G1963	1
G529	G1329	1
G1863	G2780	1
G1099	G1261	1
G845	G2980	1
G1927	G2003	1
G2073	G2544	1
G1927	G2683	1
G899	G2789	1
G1387	G2881	1
G1521	G2206	1
G995	G2774	1
G827	G963	1
G353	G758	1
G703	G2972	1
G1103	G2360	1
G148	G960	1
G824	G2597	1
G380	G2972	1
G351	G479	1
G993	G2712	1
G2115	G2475	1
G64	G1508	1
G1630	G1852	1
G1723	G1893	1
G475	G963	1
G125	G2493	1
G1251	G1697	1
G574	G1075	1
G456	G823	1
G2188	G2822	1
G2274	G2865	1
G1676	G2762	1
G399	G1888	1
G343	G1956	1
G371	G2485	1
G747	G967	1
G1543	G2118	1
G588	G2185	1
G80	G1747	1
G923	G2972	1
G801	G1211	1
G714	G1236	1
G90	G604	1
G564	G2119	1
G353	G2766	1
G1719	G2447	1
G1220	G1966	1
G85	G1742	1
G587	G2020	1
G2258	G2713	1
G734	G2040	1
G312	G2877	1
G1742	G2793	1
G139	G2210	1
G1452	G2435	1
G1828	G1893	1
G574	G600	1
G374	G574	1
G514	G2341	1
G1332	G1625	1
G1895	G2808	1
G960	G2381	1
G1465	G2980	1
G354	G2010	1
G231	G2540	1
G675	G1110	1
G2092	G2440	1
G482	G1138	1
G1912	G2232	1
G1316	G2758	1
G2766	G2843	1
G1453	G2382	1
G2210	G2994	1
G809	G2812	1
G1106	G1455	1
G691	G899	1
G1904	G2302	1
G753	G990	1
G1835	G1867	1
G2116	G2421	1
G1076	G1636	1
G815	G1038	1
G1606	G2274	1
G755	G2366	1
G1431	G1691	1
G998	G1295	1
G1445	G2620	1
G925	G1251	1
G2825	G2865	1
G456	G2137	1
G1004	G1677	1
G11	G2544	1
G1328	G2812	1
G1241	G1888	1
G1787	G2142	1
G413	G2712	1
G761	G2857	1
G1211	G1617	1
G1747	G2073	1
G1948	G2156	1
G80	G1010	1
G693	G1550	1
G554	G2780	1
G1155	G1621	1
G2467	G2674	1
G2597	G2814	1
G1542	G2115	1
G2525	G2719	1
G828	G2892	1
G1625	G2333	1
G2073	G2790	1
G362	G1316	1
G49	G2814	1
G364	G1849	1
G1580	G2528	1
G2297	G2689	1
G2242	G2283	1
G960	G2162	1
G2266	G2327	1
G902	G1783	1
G1564	G1719	1
G2544	G2693	1
G1310	G2977	1
G137	G1931	1
G693	G2563	1
G2573	G2993	1
G425	G2366	1
G364	G876	1
G2449	G2497	1
G1313	G2892	1
G30	G2467	1
G694	G2815	1
G366	G2563	1
