cell_id,pseudotime,cell_type,hours,media,library
CELL_0001,0.9385361799537182,Tipo_1_Intermediario_1,0,GM,LIB_001
CELL_0002,6.020242861835042,Tipo_3_Final,24,DM,LIB_002
CELL_0003,2.6334913870908987,Tipo_2_Intermediario_2,48,GM,LIB_003
CELL_0004,1.8258851075519065,Tipo_2_Intermediario_2,72,DM,LIB_004
CELL_0005,0.33924974092469257,Tipo_0_Inicial,0,GM,LIB_005
CELL_0006,0.33919258382921036,Tipo_0_Inicial,24,DM,LIB_006
CELL_0007,0.11967753721736135,Tipo_0_Inicial,48,GM,LIB_007
CELL_0008,4.022461728959879,Tipo_3_Final,72,DM,LIB_008
CELL_0009,1.838164307254529,Tipo_2_Intermediario_2,0,GM,LIB_009
CELL_0010,2.4625001234091806,Tipo_2_Intermediario_2,24,DM,LIB_010
CELL_0011,0.041598615998277244,Tipo_0_Inicial,48,GM,LIB_011
CELL_0012,7.007114950316624,Tipo_3_Final,72,DM,LIB_012
CELL_0013,3.57285908670935,Tipo_3_Final,0,GM,LIB_013
CELL_0014,0.477375250497894,Tipo_0_Inicial,24,DM,LIB_014
CELL_0015,0.4013579774993267,Tipo_0_Inicial,48,GM,LIB_015
CELL_0016,0.4052228456645141,Tipo_0_Inicial,72,DM,LIB_016
CELL_0017,0.7255074589209543,Tipo_1_Intermediario_1,0,GM,LIB_017
CELL_0018,1.487855661721709,Tipo_2_Intermediario_2,24,DM,LIB_018
CELL_0019,1.1310741335606733,Tipo_1_Intermediario_1,48,GM,LIB_019
CELL_0020,0.688445985107883,Tipo_1_Intermediario_1,72,DM,LIB_020
CELL_0021,1.8927417477995974,Tipo_2_Intermediario_2,0,GM,LIB_021
CELL_0022,0.30046905745467734,Tipo_0_Inicial,24,DM,LIB_022
CELL_0023,0.6910310240048045,Tipo_1_Intermediario_1,48,GM,LIB_023
CELL_0024,0.9125544364416941,Tipo_1_Intermediario_1,72,DM,LIB_024
CELL_0025,1.21786937571955,Tipo_1_Intermediario_1,0,GM,LIB_025
CELL_0026,3.075872022061824,Tipo_3_Final,24,DM,LIB_026
CELL_0027,0.4454717242573806,Tipo_0_Inicial,48,GM,LIB_027
CELL_0028,1.4440583100662554,Tipo_2_Intermediario_2,72,DM,LIB_028
CELL_0029,1.7950094426195211,Tipo_2_Intermediario_2,0,GM,LIB_029
CELL_0030,0.09512769951281709,Tipo_0_Inicial,24,DM,LIB_030
CELL_0031,1.8706660412992202,Tipo_2_Intermediario_2,48,GM,LIB_031
CELL_0032,0.37392250395483284,Tipo_0_Inicial,72,DM,LIB_032
CELL_0033,0.13452786175860848,Tipo_0_Inicial,0,GM,LIB_033
CELL_0034,5.947375587013862,Tipo_3_Final,24,DM,LIB_034
CELL_0035,6.741260684922345,Tipo_3_Final,48,GM,LIB_035
CELL_0036,3.3046631456257534,Tipo_3_Final,72,DM,LIB_036
CELL_0037,0.7265757199375166,Tipo_1_Intermediario_1,0,GM,LIB_037
CELL_0038,0.20555463000501248,Tipo_0_Inicial,24,DM,LIB_038
CELL_0039,2.3055015261973235,Tipo_2_Intermediario_2,48,GM,LIB_039
CELL_0040,1.1601816851707967,Tipo_1_Intermediario_1,72,DM,LIB_040
CELL_0041,0.2603044679088973,Tipo_0_Inicial,0,GM,LIB_041
CELL_0042,1.3670944562683003,Tipo_1_Intermediario_1,24,DM,LIB_042
CELL_0043,0.06998744288695817,Tipo_0_Inicial,48,GM,LIB_043
CELL_0044,4.800845774786048,Tipo_3_Final,72,DM,LIB_044
CELL_0045,0.5989155536813722,Tipo_1_Intermediario_1,0,GM,LIB_045
CELL_0046,2.1725115971299607,Tipo_2_Intermediario_2,24,DM,LIB_046
CELL_0047,0.7470931633152473,Tipo_1_Intermediario_1,48,GM,LIB_047
CELL_0048,1.4682217918184572,Tipo_2_Intermediario_2,72,DM,LIB_048
CELL_0049,1.582447595963595,Tipo_2_Intermediario_2,0,GM,LIB_049
CELL_0050,0.4087771990158115,Tipo_0_Inicial,24,DM,LIB_050
CELL_0051,6.985614265472453,Tipo_3_Final,48,GM,LIB_051
CELL_0052,2.9844907542762815,Tipo_3_Final,72,DM,LIB_052
CELL_0053,5.610188838583165,Tipo_3_Final,0,GM,LIB_053
CELL_0054,4.504303995068393,Tipo_3_Final,24,DM,LIB_054
CELL_0055,1.82210882476655,Tipo_2_Intermediario_2,48,GM,LIB_055
CELL_0056,5.09887075853881,Tipo_3_Final,72,DM,LIB_056
CELL_0057,0.18531091790623125,Tipo_0_Inicial,0,GM,LIB_057
CELL_0058,0.4362693892625349,Tipo_0_Inicial,24,DM,LIB_058
CELL_0059,0.09256393137366391,Tipo_0_Inicial,48,GM,LIB_059
CELL_0060,0.7870641736061736,Tipo_1_Intermediario_1,72,DM,LIB_060
CELL_0061,0.9842605835884372,Tipo_1_Intermediario_1,0,GM,LIB_061
CELL_0062,0.6331208864176514,Tipo_1_Intermediario_1,24,DM,LIB_062
CELL_0063,3.529115730481868,Tipo_3_Final,48,GM,LIB_063
CELL_0064,0.8824539990597403,Tipo_1_Intermediario_1,72,DM,LIB_064
CELL_0065,0.6596056802684984,Tipo_1_Intermediario_1,0,GM,LIB_065
CELL_0066,1.564814166415492,Tipo_2_Intermediario_2,24,DM,LIB_066
CELL_0067,0.3037962956412577,Tipo_0_Inicial,48,GM,LIB_067
CELL_0068,3.2409671915494624,Tipo_3_Final,72,DM,LIB_068
CELL_0069,0.15495173762261802,Tipo_0_Inicial,0,GM,LIB_069
CELL_0070,8.66829267917464,Tipo_3_Final,24,DM,LIB_070
CELL_0071,2.958967552483023,Tipo_3_Final,48,GM,LIB_071
CELL_0072,0.4430788810117719,Tipo_0_Inicial,72,DM,LIB_072
CELL_0073,0.01107484075187095,Tipo_0_Inicial,0,GM,LIB_073
CELL_0074,3.379793554972252,Tipo_3_Final,24,DM,LIB_074
CELL_0075,2.4541918147740893,Tipo_2_Intermediario_2,48,GM,LIB_075
CELL_0076,2.611325817575998,Tipo_2_Intermediario_2,72,DM,LIB_076
CELL_0077,2.950429052087027,Tipo_3_Final,0,GM,LIB_077
CELL_0078,0.1538585310275927,Tipo_0_Inicial,24,DM,LIB_078
CELL_0079,0.887785344832465,Tipo_1_Intermediario_1,48,GM,LIB_079
CELL_0080,0.2463002092088993,Tipo_0_Inicial,72,DM,LIB_080
CELL_0081,3.9770591433164455,Tipo_3_Final,0,GM,LIB_081
CELL_0082,1.9526023834247481,Tipo_2_Intermediario_2,24,DM,LIB_082
CELL_0083,0.803637602502602,Tipo_1_Intermediario_1,48,GM,LIB_083
CELL_0084,0.13133613160956578,Tipo_0_Inicial,72,DM,LIB_084
CELL_0085,0.7449767008207074,Tipo_1_Intermediario_1,0,GM,LIB_085
CELL_0086,0.7866284263682627,Tipo_1_Intermediario_1,24,DM,LIB_086
CELL_0087,2.6157515679154817,Tipo_2_Intermediario_2,48,GM,LIB_087
CELL_0088,2.02977871785204,Tipo_2_Intermediario_2,72,DM,LIB_088
CELL_0089,4.3645038248030295,Tipo_3_Final,0,GM,LIB_089
CELL_0090,1.2781322667526196,Tipo_1_Intermediario_1,24,DM,LIB_090
CELL_0091,0.2547447872310038,Tipo_0_Inicial,48,GM,LIB_091
CELL_0092,2.498252688633199,Tipo_2_Intermediario_2,72,DM,LIB_092
CELL_0093,2.860785506153728,Tipo_3_Final,0,GM,LIB_093
CELL_0094,1.6477749897716576,Tipo_2_Intermediario_2,24,DM,LIB_094
CELL_0095,2.947779933442729,Tipo_3_Final,48,GM,LIB_095
CELL_0096,1.3616294630205559,Tipo_1_Intermediario_1,72,DM,LIB_096
CELL_0097,1.479357677554534,Tipo_2_Intermediario_2,0,GM,LIB_097
CELL_0098,1.1156283878168547,Tipo_1_Intermediario_1,24,DM,LIB_098
CELL_0099,0.05149554798022746,Tipo_0_Inicial,48,GM,LIB_099
CELL_0100,0.22833487038373168,Tipo_0_Inicial,72,DM,LIB_100
CELL_0101,0.06386736258610765,Tipo_0_Inicial,0,GM,LIB_101
CELL_0102,2.023459101855099,Tipo_2_Intermediario_2,24,DM,LIB_102
CELL_0103,0.7547934175901997,Tipo_1_Intermediario_1,48,GM,LIB_103
CELL_0104,1.4208743542683802,Tipo_2_Intermediario_2,72,DM,LIB_104
CELL_0105,4.762531059691951,Tipo_3_Final,0,GM,LIB_105
CELL_0106,0.5734776459665967,Tipo_1_Intermediario_1,24,DM,LIB_106
CELL_0107,1.0565639497653452,Tipo_1_Intermediario_1,48,GM,LIB_107
CELL_0108,2.8174982950771668,Tipo_3_Final,72,DM,LIB_108
CELL_0109,0.5196103138347881,Tipo_0_Inicial,0,GM,LIB_109
CELL_0110,0.16020855710035273,Tipo_0_Inicial,24,DM,LIB_110
CELL_0111,0.6842806077741141,Tipo_1_Intermediario_1,48,GM,LIB_111
CELL_0112,0.3516167170001257,Tipo_0_Inicial,72,DM,LIB_112
CELL_0113,5.3099001717612495,Tipo_3_Final,0,GM,LIB_113
CELL_0114,3.301774160969139,Tipo_3_Final,24,DM,LIB_114
CELL_0115,2.006988381041062,Tipo_2_Intermediario_2,48,GM,LIB_115
CELL_0116,4.103039461041626,Tipo_3_Final,72,DM,LIB_116
CELL_0117,3.255937881481113,Tipo_3_Final,0,GM,LIB_117
CELL_0118,0.41299095271727815,Tipo_0_Inicial,24,DM,LIB_118
CELL_0119,4.461626810471122,Tipo_3_Final,48,GM,LIB_119
CELL_0120,1.550199803932344,Tipo_2_Intermediario_2,72,DM,LIB_120
CELL_0121,3.2946965826071324,Tipo_3_Final,0,GM,LIB_121
CELL_0122,4.528485298572463,Tipo_3_Final,24,DM,LIB_122
CELL_0123,0.7654614328366369,Tipo_1_Intermediario_1,48,GM,LIB_123
CELL_0124,0.23318432024770167,Tipo_0_Inicial,72,DM,LIB_124
CELL_0125,0.5173734922787627,Tipo_0_Inicial,0,GM,LIB_125
CELL_0126,1.1141153854972288,Tipo_1_Intermediario_1,24,DM,LIB_126
CELL_0127,3.40765945327789,Tipo_3_Final,48,GM,LIB_127
CELL_0128,3.9426899437596665,Tipo_3_Final,72,DM,LIB_128
CELL_0129,0.013952818363301294,Tipo_0_Inicial,0,GM,LIB_129
CELL_0130,1.4297523186771115,Tipo_2_Intermediario_2,24,DM,LIB_130
CELL_0131,1.0805466418373426,Tipo_1_Intermediario_1,48,GM,LIB_131
CELL_0132,0.502334676551649,Tipo_0_Inicial,72,DM,LIB_132
CELL_0133,0.2553607830912936,Tipo_0_Inicial,0,GM,LIB_133
CELL_0134,0.8238171597248649,Tipo_1_Intermediario_1,24,DM,LIB_134
CELL_0135,5.726242245382299,Tipo_3_Final,48,GM,LIB_135
CELL_0136,0.7807676057629488,Tipo_1_Intermediario_1,72,DM,LIB_136
CELL_0137,1.4629056115203039,Tipo_2_Intermediario_2,0,GM,LIB_137
CELL_0138,2.4281739537617097,Tipo_2_Intermediario_2,24,DM,LIB_138
CELL_0139,0.9039489979339247,Tipo_1_Intermediario_1,48,GM,LIB_139
CELL_0140,7.135596276583399,Tipo_3_Final,72,DM,LIB_140
CELL_0141,6.564019729082796,Tipo_3_Final,0,GM,LIB_141
CELL_0142,0.5801225899844106,Tipo_1_Intermediario_1,24,DM,LIB_142
CELL_0143,1.3753185569276944,Tipo_1_Intermediario_1,48,GM,LIB_143
CELL_0144,0.7158609201580935,Tipo_1_Intermediario_1,72,DM,LIB_144
CELL_0145,0.6704993527621634,Tipo_1_Intermediario_1,0,GM,LIB_145
CELL_0146,0.07516895553104506,Tipo_0_Inicial,24,DM,LIB_146
CELL_0147,1.8809841419651863,Tipo_2_Intermediario_2,48,GM,LIB_147
CELL_0148,1.397039265659277,Tipo_2_Intermediario_2,72,DM,LIB_148
CELL_0149,0.10570217476078496,Tipo_0_Inicial,0,GM,LIB_149
CELL_0150,0.6532518420207387,Tipo_1_Intermediario_1,24,DM,LIB_150
CELL_0151,4.777721902178681,Tipo_3_Final,48,GM,LIB_151
CELL_0152,0.5477211042841541,Tipo_0_Inicial,72,DM,LIB_152
CELL_0153,0.3130617219709395,Tipo_0_Inicial,0,GM,LIB_153
CELL_0154,1.3445442189472725,Tipo_1_Intermediario_1,24,DM,LIB_154
CELL_0155,8.48807396523052,Tipo_3_Final,48,GM,LIB_155
CELL_0156,0.5542896271194524,Tipo_0_Inicial,72,DM,LIB_156
CELL_0157,2.2303100205945867,Tipo_2_Intermediario_2,0,GM,LIB_157
CELL_0158,2.8677752524789257,Tipo_3_Final,24,DM,LIB_158
CELL_0159,0.5426663446716116,Tipo_0_Inicial,48,GM,LIB_159
CELL_0160,2.6054978569846323,Tipo_2_Intermediario_2,72,DM,LIB_160
CELL_0161,0.917045598528608,Tipo_1_Intermediario_1,0,GM,LIB_161
CELL_0162,2.0010074954635426,Tipo_2_Intermediario_2,24,DM,LIB_162
CELL_0163,2.0076756542752765,Tipo_2_Intermediario_2,48,GM,LIB_163
CELL_0164,1.5347704999046976,Tipo_2_Intermediario_2,72,DM,LIB_164
CELL_0165,0.1892583176232419,Tipo_0_Inicial,0,GM,LIB_165
CELL_0166,3.607289588492594,Tipo_3_Final,24,DM,LIB_166
CELL_0167,0.7736205873347932,Tipo_1_Intermediario_1,48,GM,LIB_167
CELL_0168,0.4128642132151131,Tipo_0_Inicial,72,DM,LIB_168
CELL_0169,0.0832595195886904,Tipo_0_Inicial,0,GM,LIB_169
CELL_0170,1.787556809189167,Tipo_2_Intermediario_2,24,DM,LIB_170
CELL_0171,2.2637034685346977,Tipo_2_Intermediario_2,48,GM,LIB_171
CELL_0172,0.03345389511694124,Tipo_0_Inicial,72,DM,LIB_172
CELL_0173,1.4352611690989767,Tipo_2_Intermediario_2,0,GM,LIB_173
CELL_0174,0.5136482941099153,Tipo_0_Inicial,24,DM,LIB_174
CELL_0175,2.072248683095384,Tipo_2_Intermediario_2,48,GM,LIB_175
CELL_0176,0.3832084450782675,Tipo_0_Inicial,72,DM,LIB_176
CELL_0177,2.348425055135438,Tipo_2_Intermediario_2,0,GM,LIB_177
CELL_0178,0.9779174019622036,Tipo_1_Intermediario_1,24,DM,LIB_178
CELL_0179,5.520687635608614,Tipo_3_Final,48,GM,LIB_179
CELL_0180,0.2958888268785579,Tipo_0_Inicial,72,DM,LIB_180
CELL_0181,0.8342648679903435,Tipo_1_Intermediario_1,0,GM,LIB_181
CELL_0182,0.24088857007399284,Tipo_0_Inicial,24,DM,LIB_182
CELL_0183,5.172380794301447,Tipo_3_Final,48,GM,LIB_183
CELL_0184,4.196667414321988,Tipo_3_Final,72,DM,LIB_184
CELL_0185,0.5966547401229778,Tipo_1_Intermediario_1,0,GM,LIB_185
CELL_0186,2.157525478087829,Tipo_2_Intermediario_2,24,DM,LIB_186
CELL_0187,3.3989681452784426,Tipo_3_Final,48,GM,LIB_187
CELL_0188,1.6202647213730161,Tipo_2_Intermediario_2,72,DM,LIB_188
CELL_0189,1.5085588203878921,Tipo_2_Intermediario_2,0,GM,LIB_189
CELL_0190,0.5537540908758063,Tipo_0_Inicial,24,DM,LIB_190
CELL_0191,0.19545228094988146,Tipo_0_Inicial,48,GM,LIB_191
CELL_0192,4.550246450389046,Tipo_3_Final,72,DM,LIB_192
CELL_0193,4.6135488552968535,Tipo_3_Final,0,GM,LIB_193
CELL_0194,2.0053398389657695,Tipo_2_Intermediario_2,24,DM,LIB_194
CELL_0195,0.8280930196226478,Tipo_1_Intermediario_1,48,GM,LIB_195
CELL_0196,0.8591352316232879,Tipo_1_Intermediario_1,72,DM,LIB_196
CELL_0197,2.588930859454236,Tipo_2_Intermediario_2,0,GM,LIB_197
CELL_0198,4.5481946982145045,Tipo_3_Final,24,DM,LIB_198
CELL_0199,4.3622651387932265,Tipo_3_Final,48,GM,LIB_199
CELL_0200,3.0271243838618065,Tipo_3_Final,72,DM,LIB_200
CELL_0201,2.05462138713541,Tipo_2_Intermediario_2,0,GM,LIB_201
CELL_0202,0.1757834523921681,Tipo_0_Inicial,24,DM,LIB_202
CELL_0203,0.352588429366823,Tipo_0_Inicial,48,GM,LIB_203
CELL_0204,4.576461000355011,Tipo_3_Final,72,DM,LIB_204
CELL_0205,1.864987893931179,Tipo_2_Intermediario_2,0,GM,LIB_205
CELL_0206,0.01847921122198882,Tipo_0_Inicial,24,DM,LIB_206
CELL_0207,0.21399380287189865,Tipo_0_Inicial,48,GM,LIB_207
CELL_0208,2.178324774580482,Tipo_2_Intermediario_2,72,DM,LIB_208
CELL_0209,0.010148874103594005,Tipo_0_Inicial,0,GM,LIB_209
CELL_0210,0.3506316322083981,Tipo_0_Inicial,24,DM,LIB_210
CELL_0211,1.5913956922778634,Tipo_2_Intermediario_2,48,GM,LIB_211
CELL_0212,2.3546305733096253,Tipo_2_Intermediario_2,72,DM,LIB_212
CELL_0213,2.1108829642704974,Tipo_2_Intermediario_2,0,GM,LIB_213
CELL_0214,0.507899734616049,Tipo_0_Inicial,24,DM,LIB_214
CELL_0215,2.4908345777970777,Tipo_2_Intermediario_2,48,GM,LIB_215
CELL_0216,0.5416475181056118,Tipo_0_Inicial,72,DM,LIB_216
CELL_0217,0.7872698178361689,Tipo_1_Intermediario_1,0,GM,LIB_217
CELL_0218,2.7447151033315813,Tipo_3_Final,24,DM,LIB_218
CELL_0219,2.097547628605536,Tipo_2_Intermediario_2,48,GM,LIB_219
CELL_0220,3.783912154926802,Tipo_3_Final,72,DM,LIB_220
CELL_0221,2.143626576339525,Tipo_2_Intermediario_2,0,GM,LIB_221
CELL_0222,1.6800886111745148,Tipo_2_Intermediario_2,24,DM,LIB_222
CELL_0223,0.19671412289682097,Tipo_0_Inicial,48,GM,LIB_223
CELL_0224,0.9168326144140401,Tipo_1_Intermediario_1,72,DM,LIB_224
CELL_0225,0.6163202957176623,Tipo_1_Intermediario_1,0,GM,LIB_225
CELL_0226,0.5594004073248425,Tipo_1_Intermediario_1,24,DM,LIB_226
CELL_0227,7.2246188123258515,Tipo_3_Final,48,GM,LIB_227
CELL_0228,0.9987749940800476,Tipo_1_Intermediario_1,72,DM,LIB_228
CELL_0229,4.452110422497046,Tipo_3_Final,0,GM,LIB_229
CELL_0230,1.9946687714729663,Tipo_2_Intermediario_2,24,DM,LIB_230
CELL_0231,3.1676505053767996,Tipo_3_Final,48,GM,LIB_231
CELL_0232,1.3968706487775409,Tipo_2_Intermediario_2,72,DM,LIB_232
CELL_0233,1.72031180528317,Tipo_2_Intermediario_2,0,GM,LIB_233
CELL_0234,1.356586866683387,Tipo_1_Intermediario_1,24,DM,LIB_234
CELL_0235,0.434429790650477,Tipo_0_Inicial,48,GM,LIB_235
CELL_0236,2.5635236061316076,Tipo_2_Intermediario_2,72,DM,LIB_236
CELL_0237,0.6591547367325259,Tipo_1_Intermediario_1,0,GM,LIB_237
CELL_0238,0.04923296216137723,Tipo_0_Inicial,24,DM,LIB_238
CELL_0239,2.073937572590548,Tipo_2_Intermediario_2,48,GM,LIB_239
CELL_0240,0.3898671404496454,Tipo_0_Inicial,72,DM,LIB_240
CELL_0241,5.642166294546606,Tipo_3_Final,0,GM,LIB_241
CELL_0242,6.1551248255760465,Tipo_3_Final,24,DM,LIB_242
CELL_0243,4.927019769267683,Tipo_3_Final,48,GM,LIB_243
CELL_0244,0.9245747929947334,Tipo_1_Intermediario_1,72,DM,LIB_244
CELL_0245,0.031154630743888766,Tipo_0_Inicial,0,GM,LIB_245
CELL_0246,5.2710469146637795,Tipo_3_Final,24,DM,LIB_246
CELL_0247,1.1178765541061226,Tipo_1_Intermediario_1,48,GM,LIB_247
CELL_0248,6.801684032244112,Tipo_3_Final,72,DM,LIB_248
CELL_0249,6.627470952260411,Tipo_3_Final,0,GM,LIB_249
CELL_0250,3.834774034358838,Tipo_3_Final,24,DM,LIB_250
CELL_0251,0.6975521363443206,Tipo_1_Intermediario_1,48,GM,LIB_251
CELL_0252,0.9725838641973872,Tipo_1_Intermediario_1,72,DM,LIB_252
CELL_0253,3.8094533049561594,Tipo_3_Final,0,GM,LIB_253
CELL_0254,0.7622924628614342,Tipo_1_Intermediario_1,24,DM,LIB_254
CELL_0255,0.37143723259150957,Tipo_0_Inicial,48,GM,LIB_255
CELL_0256,1.6274739841204555,Tipo_2_Intermediario_2,72,DM,LIB_256
CELL_0257,5.502586941614084,Tipo_3_Final,0,GM,LIB_257
CELL_0258,2.3816511955158743,Tipo_2_Intermediario_2,24,DM,LIB_258
CELL_0259,1.688224672871311,Tipo_2_Intermediario_2,48,GM,LIB_259
CELL_0260,0.20445639469864577,Tipo_0_Inicial,72,DM,LIB_260
CELL_0261,1.9090614310354355,Tipo_2_Intermediario_2,0,GM,LIB_261
CELL_0262,9.221139495692634,Tipo_3_Final,24,DM,LIB_262
CELL_0263,0.3018411732845283,Tipo_0_Inicial,48,GM,LIB_263
CELL_0264,1.4609906499630074,Tipo_2_Intermediario_2,72,DM,LIB_264
CELL_0265,4.197217275801589,Tipo_3_Final,0,GM,LIB_265
CELL_0266,2.70006849670734,Tipo_2_Intermediario_2,24,DM,LIB_266
CELL_0267,2.388148850603346,Tipo_2_Intermediario_2,48,GM,LIB_267
CELL_0268,2.42457511244898,Tipo_2_Intermediario_2,72,DM,LIB_268
CELL_0269,0.8909846846298982,Tipo_1_Intermediario_1,0,GM,LIB_269
CELL_0270,0.6951241685341903,Tipo_1_Intermediario_1,24,DM,LIB_270
CELL_0271,3.3147490145194247,Tipo_3_Final,48,GM,LIB_271
CELL_0272,3.3226563981740576,Tipo_3_Final,72,DM,LIB_272
CELL_0273,4.03590009473583,Tipo_3_Final,0,GM,LIB_273
CELL_0274,4.889231923673273,Tipo_3_Final,24,DM,LIB_274
CELL_0275,1.4321864738658074,Tipo_2_Intermediario_2,48,GM,LIB_275
CELL_0276,1.3923687551023984,Tipo_2_Intermediario_2,72,DM,LIB_276
CELL_0277,3.201899864616975,Tipo_3_Final,0,GM,LIB_277
CELL_0278,2.0994381497756005,Tipo_2_Intermediario_2,24,DM,LIB_278
CELL_0279,2.421101297023034,Tipo_2_Intermediario_2,48,GM,LIB_279
CELL_0280,3.1772389499084097,Tipo_3_Final,72,DM,LIB_280
CELL_0281,4.414646952693534,Tipo_3_Final,0,GM,LIB_281
CELL_0282,0.8249648142753084,Tipo_1_Intermediario_1,24,DM,LIB_282
CELL_0283,0.9418735774551127,Tipo_1_Intermediario_1,48,GM,LIB_283
CELL_0284,0.1973920783747211,Tipo_0_Inicial,72,DM,LIB_284
CELL_0285,1.7268280532188693,Tipo_2_Intermediario_2,0,GM,LIB_285
CELL_0286,0.073208208421714,Tipo_0_Inicial,24,DM,LIB_286
CELL_0287,1.2532138963642192,Tipo_1_Intermediario_1,48,GM,LIB_287
CELL_0288,1.564589171374252,Tipo_2_Intermediario_2,72,DM,LIB_288
CELL_0289,0.675261320629045,Tipo_1_Intermediario_1,0,GM,LIB_289
CELL_0290,1.7872650602923505,Tipo_2_Intermediario_2,24,DM,LIB_290
CELL_0291,0.06195012420294909,Tipo_0_Inicial,48,GM,LIB_291
CELL_0292,0.07612699856557877,Tipo_0_Inicial,72,DM,LIB_292
CELL_0293,3.458702739076272,Tipo_3_Final,0,GM,LIB_293
CELL_0294,0.8931700484154894,Tipo_1_Intermediario_1,24,DM,LIB_294
CELL_0295,0.271778082594856,Tipo_0_Inicial,48,GM,LIB_295
CELL_0296,1.4773071765580312,Tipo_2_Intermediario_2,72,DM,LIB_296
CELL_0297,2.9392958808914704,Tipo_3_Final,0,GM,LIB_297
CELL_0298,0.4862360068598067,Tipo_0_Inicial,24,DM,LIB_298
CELL_0299,1.9504392373129857,Tipo_2_Intermediario_2,48,GM,LIB_299
CELL_0300,0.17842205797979457,Tipo_0_Inicial,72,DM,LIB_300
CELL_0301,0.10613019182061881,Tipo_0_Inicial,0,GM,LIB_301
CELL_0302,1.5158178812510419,Tipo_2_Intermediario_2,24,DM,LIB_302
CELL_0303,1.5558208853894844,Tipo_2_Intermediario_2,48,GM,LIB_303
CELL_0304,2.0290748964092318,Tipo_2_Intermediario_2,72,DM,LIB_304
CELL_0305,2.5899211258333685,Tipo_2_Intermediario_2,0,GM,LIB_305
CELL_0306,7.4471140173999855,Tipo_3_Final,24,DM,LIB_306
CELL_0307,1.4525822384607125,Tipo_2_Intermediario_2,48,GM,LIB_307
CELL_0308,0.7800394282119576,Tipo_1_Intermediario_1,72,DM,LIB_308
CELL_0309,3.1713079594653726,Tipo_3_Final,0,GM,LIB_309
CELL_0310,0.6317029308722746,Tipo_1_Intermediario_1,24,DM,LIB_310
CELL_0311,1.1559668625466026,Tipo_1_Intermediario_1,48,GM,LIB_311
CELL_0312,0.1634103371673398,Tipo_0_Inicial,72,DM,LIB_312
CELL_0313,0.05135521908294876,Tipo_0_Inicial,0,GM,LIB_313
CELL_0314,6.574759846537204,Tipo_3_Final,24,DM,LIB_314
CELL_0315,3.615535284230125,Tipo_3_Final,48,GM,LIB_315
CELL_0316,2.3812854655986833,Tipo_2_Intermediario_2,72,DM,LIB_316
CELL_0317,1.0517192889302838,Tipo_1_Intermediario_1,0,GM,LIB_317
CELL_0318,0.3806130722842175,Tipo_0_Inicial,24,DM,LIB_318
CELL_0319,0.3402414831457083,Tipo_0_Inicial,48,GM,LIB_319
CELL_0320,0.5760119782531672,Tipo_1_Intermediario_1,72,DM,LIB_320
CELL_0321,1.5935812966266292,Tipo_2_Intermediario_2,0,GM,LIB_321
CELL_0322,2.5076985755535515,Tipo_2_Intermediario_2,24,DM,LIB_322
CELL_0323,2.158780699393597,Tipo_2_Intermediario_2,48,GM,LIB_323
CELL_0324,0.6568245227779919,Tipo_1_Intermediario_1,72,DM,LIB_324
CELL_0325,6.196206997112613,Tipo_3_Final,0,GM,LIB_325
CELL_0326,2.6780348097504527,Tipo_2_Intermediario_2,24,DM,LIB_326
CELL_0327,1.6164609638626626,Tipo_2_Intermediario_2,48,GM,LIB_327
CELL_0328,1.8920609440748701,Tipo_2_Intermediario_2,72,DM,LIB_328
CELL_0329,1.0880757310641027,Tipo_1_Intermediario_1,0,GM,LIB_329
CELL_0330,0.569322584548127,Tipo_1_Intermediario_1,24,DM,LIB_330
CELL_0331,0.8800282586462248,Tipo_1_Intermediario_1,48,GM,LIB_331
CELL_0332,2.8363636955134264,Tipo_3_Final,72,DM,LIB_332
CELL_0333,0.028996159441608552,Tipo_0_Inicial,0,GM,LIB_333
CELL_0334,0.2467607844799521,Tipo_0_Inicial,24,DM,LIB_334
CELL_0335,0.09418875390504106,Tipo_0_Inicial,48,GM,LIB_335
CELL_0336,0.08316290383458486,Tipo_0_Inicial,72,DM,LIB_336
CELL_0337,3.868406067231317,Tipo_3_Final,0,GM,LIB_337
CELL_0338,2.4324812234013766,Tipo_2_Intermediario_2,24,DM,LIB_338
CELL_0339,1.2855691888257847,Tipo_1_Intermediario_1,48,GM,LIB_339
CELL_0340,0.2059138368956265,Tipo_0_Inicial,72,DM,LIB_340
CELL_0341,1.3530359315944664,Tipo_1_Intermediario_1,0,GM,LIB_341
CELL_0342,1.2829006641887424,Tipo_1_Intermediario_1,24,DM,LIB_342
CELL_0343,0.38038942560044997,Tipo_0_Inicial,48,GM,LIB_343
CELL_0344,1.1377982626046477,Tipo_1_Intermediario_1,72,DM,LIB_344
CELL_0345,1.0166732291664138,Tipo_1_Intermediario_1,0,GM,LIB_345
CELL_0346,1.913444865826269,Tipo_2_Intermediario_2,24,DM,LIB_346
CELL_0347,2.016229072081824,Tipo_2_Intermediario_2,48,GM,LIB_347
CELL_0348,0.09272464804106946,Tipo_0_Inicial,72,DM,LIB_348
CELL_0349,0.938768009310123,Tipo_1_Intermediario_1,0,GM,LIB_349
CELL_0350,1.966249989565457,Tipo_2_Intermediario_2,24,DM,LIB_350
CELL_0351,1.3988789052155794,Tipo_2_Intermediario_2,48,GM,LIB_351
CELL_0352,3.8826989063508774,Tipo_3_Final,72,DM,LIB_352
CELL_0353,2.1499495281099956,Tipo_2_Intermediario_2,0,GM,LIB_353
CELL_0354,0.35570573753461465,Tipo_0_Inicial,24,DM,LIB_354
CELL_0355,0.14636487251248168,Tipo_0_Inicial,48,GM,LIB_355
CELL_0356,2.056788294217782,Tipo_2_Intermediario_2,72,DM,LIB_356
CELL_0357,0.05373814533478886,Tipo_0_Inicial,0,GM,LIB_357
CELL_0358,1.7626947556145813,Tipo_2_Intermediario_2,24,DM,LIB_358
CELL_0359,5.634510910774304,Tipo_3_Final,48,GM,LIB_359
CELL_0360,1.713564891155089,Tipo_2_Intermediario_2,72,DM,LIB_360
CELL_0361,0.9826013844478145,Tipo_1_Intermediario_1,0,GM,LIB_361
CELL_0362,2.061654315689964,Tipo_2_Intermediario_2,24,DM,LIB_362
CELL_0363,1.2259119481021825,Tipo_1_Intermediario_1,48,GM,LIB_363
CELL_0364,1.5776287211526403,Tipo_2_Intermediario_2,72,DM,LIB_364
CELL_0365,5.676254292465998,Tipo_3_Final,0,GM,LIB_365
CELL_0366,0.9758550547003743,Tipo_1_Intermediario_1,24,DM,LIB_366
CELL_0367,6.498183723013508,Tipo_3_Final,48,GM,LIB_367
CELL_0368,4.715152367539838,Tipo_3_Final,72,DM,LIB_368
CELL_0369,0.4357925218809,Tipo_0_Inicial,0,GM,LIB_369
CELL_0370,0.14376831060631404,Tipo_0_Inicial,24,DM,LIB_370
CELL_0371,0.21245067096326042,Tipo_0_Inicial,48,GM,LIB_371
CELL_0372,0.03677977569446741,Tipo_0_Inicial,72,DM,LIB_372
CELL_0373,0.19841002331150828,Tipo_0_Inicial,0,GM,LIB_373
CELL_0374,2.2977497451543343,Tipo_2_Intermediario_2,24,DM,LIB_374
CELL_0375,0.14769925389285404,Tipo_0_Inicial,48,GM,LIB_375
CELL_0376,0.768314376589737,Tipo_1_Intermediario_1,72,DM,LIB_376
CELL_0377,3.727052080194554,Tipo_3_Final,0,GM,LIB_377
CELL_0378,0.04709400636142302,Tipo_0_Inicial,24,DM,LIB_378
CELL_0379,3.369061012371917,Tipo_3_Final,48,GM,LIB_379
CELL_0380,0.6621669336792589,Tipo_1_Intermediario_1,72,DM,LIB_380
CELL_0381,0.2515002396582153,Tipo_0_Inicial,0,GM,LIB_381
CELL_0382,2.386310816879827,Tipo_2_Intermediario_2,24,DM,LIB_382
CELL_0383,1.9827983528664406,Tipo_2_Intermediario_2,48,GM,LIB_383
CELL_0384,4.1988316281738935,Tipo_3_Final,72,DM,LIB_384
CELL_0385,2.6565871575288007,Tipo_2_Intermediario_2,0,GM,LIB_385
CELL_0386,3.2539916119879564,Tipo_3_Final,24,DM,LIB_386
CELL_0387,0.6626677246134771,Tipo_1_Intermediario_1,48,GM,LIB_387
CELL_0388,0.39066659208089394,Tipo_0_Inicial,72,DM,LIB_388
CELL_0389,2.7775127920108496,Tipo_3_Final,0,GM,LIB_389
CELL_0390,3.288418366486839,Tipo_3_Final,24,DM,LIB_390
CELL_0391,9.314009780280461,Tipo_3_Final,48,GM,LIB_391
CELL_0392,1.06415870830521,Tipo_1_Intermediario_1,72,DM,LIB_392
CELL_0393,0.9304878239234654,Tipo_1_Intermediario_1,0,GM,LIB_393
CELL_0394,2.995909006687174,Tipo_3_Final,24,DM,LIB_394
CELL_0395,0.8334673418615063,Tipo_1_Intermediario_1,48,GM,LIB_395
CELL_0396,5.340275848798653,Tipo_3_Final,72,DM,LIB_396
CELL_0397,3.9096783143324982,Tipo_3_Final,0,GM,LIB_397
CELL_0398,1.1207112188843193,Tipo_1_Intermediario_1,24,DM,LIB_398
CELL_0399,2.779569432990922,Tipo_3_Final,48,GM,LIB_399
CELL_0400,2.8092659737100343,Tipo_3_Final,72,DM,LIB_400
CELL_0401,0.21767503761343604,Tipo_0_Inicial,0,GM,LIB_401
CELL_0402,4.656891361735264,Tipo_3_Final,24,DM,LIB_402
CELL_0403,1.4074149795135087,Tipo_2_Intermediario_2,48,GM,LIB_403
CELL_0404,3.50266511504666,Tipo_3_Final,72,DM,LIB_404
CELL_0405,0.7714708523290166,Tipo_1_Intermediario_1,0,GM,LIB_405
CELL_0406,4.517581029091852,Tipo_3_Final,24,DM,LIB_406
CELL_0407,0.9859769081203424,Tipo_1_Intermediario_1,48,GM,LIB_407
CELL_0408,0.021793613230350957,Tipo_0_Inicial,72,DM,LIB_408
CELL_0409,4.715814593924907,Tipo_3_Final,0,GM,LIB_409
CELL_0410,0.1914512210969505,Tipo_0_Inicial,24,DM,LIB_410
CELL_0411,0.7693072667700778,Tipo_1_Intermediario_1,48,GM,LIB_411
CELL_0412,5.993944766376571,Tipo_3_Final,72,DM,LIB_412
CELL_0413,6.015899080207979,Tipo_3_Final,0,GM,LIB_413
CELL_0414,1.7039945821105276,Tipo_2_Intermediario_2,24,DM,LIB_414
CELL_0415,1.9984601607810493,Tipo_2_Intermediario_2,48,GM,LIB_415
CELL_0416,1.1900293272457152,Tipo_1_Intermediario_1,72,DM,LIB_416
CELL_0417,0.694045557492394,Tipo_1_Intermediario_1,0,GM,LIB_417
CELL_0418,0.7969726691007795,Tipo_1_Intermediario_1,24,DM,LIB_418
CELL_0419,2.2326471598570126,Tipo_2_Intermediario_2,48,GM,LIB_419
CELL_0420,2.7916757473261544,Tipo_3_Final,72,DM,LIB_420
CELL_0421,3.1363908324422973,Tipo_3_Final,0,GM,LIB_421
CELL_0422,3.1176620636974834,Tipo_3_Final,24,DM,LIB_422
CELL_0423,0.19127389308063888,Tipo_0_Inicial,48,GM,LIB_423
CELL_0424,1.364099193146712,Tipo_1_Intermediario_1,72,DM,LIB_424
CELL_0425,0.11856341289747559,Tipo_0_Inicial,0,GM,LIB_425
CELL_0426,1.5949226313907858,Tipo_2_Intermediario_2,24,DM,LIB_426
CELL_0427,1.165110549974567,Tipo_1_Intermediario_1,48,GM,LIB_427
CELL_0428,4.373237328441602,Tipo_3_Final,72,DM,LIB_428
CELL_0429,0.8643832389357702,Tipo_1_Intermediario_1,0,GM,LIB_429
CELL_0430,0.24901195510490173,Tipo_0_Inicial,24,DM,LIB_430
CELL_0431,0.30861530908423873,Tipo_0_Inicial,48,GM,LIB_431
CELL_0432,2.8668610941581876,Tipo_3_Final,72,DM,LIB_432
CELL_0433,1.92581135949607,Tipo_2_Intermediario_2,0,GM,LIB_433
CELL_0434,0.21321742449077088,Tipo_0_Inicial,24,DM,LIB_434
CELL_0435,0.17571104333721016,Tipo_0_Inicial,48,GM,LIB_435
CELL_0436,2.4144169433061995,Tipo_2_Intermediario_2,72,DM,LIB_436
CELL_0437,0.15109217905159428,Tipo_0_Inicial,0,GM,LIB_437
CELL_0438,3.4503717076171627,Tipo_3_Final,24,DM,LIB_438
CELL_0439,2.44999950626001,Tipo_2_Intermediario_2,48,GM,LIB_439
CELL_0440,0.16969750116062413,Tipo_0_Inicial,72,DM,LIB_440
CELL_0441,0.17730773555561338,Tipo_0_Inicial,0,GM,LIB_441
CELL_0442,8.630917124116184,Tipo_3_Final,24,DM,LIB_442
CELL_0443,0.9376751651045792,Tipo_1_Intermediario_1,48,GM,LIB_443
CELL_0444,0.926110520950625,Tipo_1_Intermediario_1,72,DM,LIB_444
CELL_0445,3.351150806565354,Tipo_3_Final,0,GM,LIB_445
CELL_0446,5.8843290759264875,Tipo_3_Final,24,DM,LIB_446
CELL_0447,8.537547879203968,Tipo_3_Final,48,GM,LIB_447
CELL_0448,2.7997984602326835,Tipo_3_Final,72,DM,LIB_448
CELL_0449,0.9440419992382513,Tipo_1_Intermediario_1,0,GM,LIB_449
CELL_0450,0.17438798739591452,Tipo_0_Inicial,24,DM,LIB_450
CELL_0451,3.0024850809092514,Tipo_3_Final,48,GM,LIB_451
CELL_0452,1.634720815122986,Tipo_2_Intermediario_2,72,DM,LIB_452
CELL_0453,1.1040662506099475,Tipo_1_Intermediario_1,0,GM,LIB_453
CELL_0454,4.736475350956181,Tipo_3_Final,24,DM,LIB_454
CELL_0455,0.2357604159437605,Tipo_0_Inicial,48,GM,LIB_455
CELL_0456,1.3570102187459085,Tipo_1_Intermediario_1,72,DM,LIB_456
CELL_0457,0.022837178865083338,Tipo_0_Inicial,0,GM,LIB_457
CELL_0458,1.2647087391658525,Tipo_1_Intermediario_1,24,DM,LIB_458
CELL_0459,0.11590086213185155,Tipo_0_Inicial,48,GM,LIB_459
CELL_0460,0.25298199186234244,Tipo_0_Inicial,72,DM,LIB_460
CELL_0461,0.25005246401491255,Tipo_0_Inicial,0,GM,LIB_461
CELL_0462,2.095136772813943,Tipo_2_Intermediario_2,24,DM,LIB_462
CELL_0463,2.7411954351929455,Tipo_3_Final,48,GM,LIB_463
CELL_0464,1.751107554405737,Tipo_2_Intermediario_2,72,DM,LIB_464
CELL_0465,6.549440418204754,Tipo_3_Final,0,GM,LIB_465
CELL_0466,0.9395931558405344,Tipo_1_Intermediario_1,24,DM,LIB_466
CELL_0467,0.6729383148411174,Tipo_1_Intermediario_1,48,GM,LIB_467
CELL_0468,4.059005076340459,Tipo_3_Final,72,DM,LIB_468
CELL_0469,0.5061641354637068,Tipo_0_Inicial,0,GM,LIB_469
CELL_0470,6.605740212503822,Tipo_3_Final,24,DM,LIB_470
CELL_0471,0.024457888717938615,Tipo_0_Inicial,48,GM,LIB_471
CELL_0472,7.0050538457589635,Tipo_3_Final,72,DM,LIB_472
CELL_0473,0.08823799723700379,Tipo_0_Inicial,0,GM,LIB_473
CELL_0474,4.435442458320018,Tipo_3_Final,24,DM,LIB_474
CELL_0475,1.5002865006987807,Tipo_2_Intermediario_2,48,GM,LIB_475
CELL_0476,9.913657215852066,Tipo_3_Final,72,DM,LIB_476
CELL_0477,0.15332275190890987,Tipo_0_Inicial,0,GM,LIB_477
CELL_0478,1.6142193274666976,Tipo_2_Intermediario_2,24,DM,LIB_478
CELL_0479,6.96715044251201,Tipo_3_Final,48,GM,LIB_479
CELL_0480,1.480887866362088,Tipo_2_Intermediario_2,72,DM,LIB_480
CELL_0481,1.9852565807623748,Tipo_2_Intermediario_2,0,GM,LIB_481
CELL_0482,2.3798024762335483,Tipo_2_Intermediario_2,24,DM,LIB_482
CELL_0483,1.2122555113539017,Tipo_1_Intermediario_1,48,GM,LIB_483
CELL_0484,1.9753483460160441,Tipo_2_Intermediario_2,72,DM,LIB_484
CELL_0485,1.7556517236115112,Tipo_2_Intermediario_2,0,GM,LIB_485
CELL_0486,4.628465538965295,Tipo_3_Final,24,DM,LIB_486
CELL_0487,0.09302292348696195,Tipo_0_Inicial,48,GM,LIB_487
CELL_0488,0.6596854517975169,Tipo_1_Intermediario_1,72,DM,LIB_488
CELL_0489,6.007992011721862,Tipo_3_Final,0,GM,LIB_489
CELL_0490,4.419351656906972,Tipo_3_Final,24,DM,LIB_490
CELL_0491,1.21635052391924,Tipo_1_Intermediario_1,48,GM,LIB_491
CELL_0492,1.9358660574779545,Tipo_2_Intermediario_2,72,DM,LIB_492
CELL_0493,0.6497468397902603,Tipo_1_Intermediario_1,0,GM,LIB_493
CELL_0494,0.416808322872129,Tipo_0_Inicial,24,DM,LIB_494
CELL_0495,1.2461171976081975,Tipo_1_Intermediario_1,48,GM,LIB_495
CELL_0496,0.8719070692334667,Tipo_1_Intermediario_1,72,DM,LIB_496
CELL_0497,1.752487412013286,Tipo_2_Intermediario_2,0,GM,LIB_497
CELL_0498,0.16184456886636958,Tipo_0_Inicial,24,DM,LIB_498
CELL_0499,7.329920245045135,Tipo_3_Final,48,GM,LIB_499
CELL_0500,8.567731151105077,Tipo_3_Final,72,DM,LIB_500
CELL_0501,2.3957277638255787,Tipo_2_Intermediario_2,0,GM,LIB_501
CELL_0502,1.5361568688241798,Tipo_2_Intermediario_2,24,DM,LIB_502
CELL_0503,0.74075860310872,Tipo_1_Intermediario_1,48,GM,LIB_503
CELL_0504,3.3618143349759935,Tipo_3_Final,72,DM,LIB_504
CELL_0505,2.3086591672976313,Tipo_2_Intermediario_2,0,GM,LIB_505
CELL_0506,0.35494730820097675,Tipo_0_Inicial,24,DM,LIB_506
CELL_0507,4.836602183998255,Tipo_3_Final,48,GM,LIB_507
CELL_0508,3.457989022734543,Tipo_3_Final,72,DM,LIB_508
CELL_0509,5.983477050066872,Tipo_3_Final,0,GM,LIB_509
CELL_0510,2.5872080083922686,Tipo_2_Intermediario_2,24,DM,LIB_510
CELL_0511,1.9008080391827455,Tipo_2_Intermediario_2,48,GM,LIB_511
CELL_0512,1.0834050131862267,Tipo_1_Intermediario_1,72,DM,LIB_512
CELL_0513,5.398036723094236,Tipo_3_Final,0,GM,LIB_513
CELL_0514,4.02078476009384,Tipo_3_Final,24,DM,LIB_514
CELL_0515,0.09254587730624557,Tipo_0_Inicial,48,GM,LIB_515
CELL_0516,0.05344163373302273,Tipo_0_Inicial,72,DM,LIB_516
CELL_0517,0.9446955231665257,Tipo_1_Intermediario_1,0,GM,LIB_517
CELL_0518,3.3272954459921724,Tipo_3_Final,24,DM,LIB_518
CELL_0519,8.728550936440335,Tipo_3_Final,48,GM,LIB_519
CELL_0520,0.32601901986895937,Tipo_0_Inicial,72,DM,LIB_520
CELL_0521,1.8034482604314714,Tipo_2_Intermediario_2,0,GM,LIB_521
CELL_0522,0.9589473995161922,Tipo_1_Intermediario_1,24,DM,LIB_522
CELL_0523,7.007417108751925,Tipo_3_Final,48,GM,LIB_523
CELL_0524,3.6918264148672693,Tipo_3_Final,72,DM,LIB_524
CELL_0525,3.6443800929397145,Tipo_3_Final,0,GM,LIB_525
CELL_0526,1.264831142279547,Tipo_1_Intermediario_1,24,DM,LIB_526
CELL_0527,1.071669872654698,Tipo_1_Intermediario_1,48,GM,LIB_527
CELL_0528,0.6387777843001224,Tipo_1_Intermediario_1,72,DM,LIB_528
CELL_0529,0.11605392768967243,Tipo_0_Inicial,0,GM,LIB_529
CELL_0530,4.000852280006621,Tipo_3_Final,24,DM,LIB_530
CELL_0531,3.352234878499846,Tipo_3_Final,48,GM,LIB_531
CELL_0532,16.344891195636166,Tipo_3_Final,72,DM,LIB_532
CELL_0533,11.389746801488666,Tipo_3_Final,0,GM,LIB_533
CELL_0534,1.621303185282788,Tipo_2_Intermediario_2,24,DM,LIB_534
CELL_0535,2.9305661804125216,Tipo_3_Final,48,GM,LIB_535
CELL_0536,5.792343365748872,Tipo_3_Final,72,DM,LIB_536
CELL_0537,3.7895440294184914,Tipo_3_Final,0,GM,LIB_537
CELL_0538,0.568304889162293,Tipo_1_Intermediario_1,24,DM,LIB_538
CELL_0539,1.197653654799729,Tipo_1_Intermediario_1,48,GM,LIB_539
CELL_0540,0.2765926886261773,Tipo_0_Inicial,72,DM,LIB_540
CELL_0541,6.160447572883418,Tipo_3_Final,0,GM,LIB_541
CELL_0542,1.8636954051772363,Tipo_2_Intermediario_2,24,DM,LIB_542
CELL_0543,0.5192074508369674,Tipo_0_Inicial,48,GM,LIB_543
CELL_0544,2.2276590783465005,Tipo_2_Intermediario_2,72,DM,LIB_544
CELL_0545,1.9253408694861434,Tipo_2_Intermediario_2,0,GM,LIB_545
CELL_0546,0.8868409245942122,Tipo_1_Intermediario_1,24,DM,LIB_546
CELL_0547,0.24107824279693854,Tipo_0_Inicial,48,GM,LIB_547
CELL_0548,2.226882567038204,Tipo_2_Intermediario_2,72,DM,LIB_548
CELL_0549,1.4692208483720754,Tipo_2_Intermediario_2,0,GM,LIB_549
CELL_0550,2.95961416192103,Tipo_3_Final,24,DM,LIB_550
CELL_0551,1.4686197208470302,Tipo_2_Intermediario_2,48,GM,LIB_551
CELL_0552,3.823540222616968,Tipo_3_Final,72,DM,LIB_552
CELL_0553,1.605508238042975,Tipo_2_Intermediario_2,0,GM,LIB_553
CELL_0554,1.6462291619602942,Tipo_2_Intermediario_2,24,DM,LIB_554
CELL_0555,4.185517286459543,Tipo_3_Final,48,GM,LIB_555
CELL_0556,1.033294627976234,Tipo_1_Intermediario_1,72,DM,LIB_556
CELL_0557,0.2877759107805979,Tipo_0_Inicial,0,GM,LIB_557
CELL_0558,0.05841004286418937,Tipo_0_Inicial,24,DM,LIB_558
CELL_0559,2.8141149053251713,Tipo_3_Final,48,GM,LIB_559
CELL_0560,1.9367979341213593,Tipo_2_Intermediario_2,72,DM,LIB_560
CELL_0561,2.435330695595753,Tipo_2_Intermediario_2,0,GM,LIB_561
CELL_0562,0.47896298698688694,Tipo_0_Inicial,24,DM,LIB_562
CELL_0563,0.2932251024565573,Tipo_0_Inicial,48,GM,LIB_563
CELL_0564,0.029302952531337564,Tipo_0_Inicial,72,DM,LIB_564
CELL_0565,0.8633745230301385,Tipo_1_Intermediario_1,0,GM,LIB_565
CELL_0566,1.7827947513298892,Tipo_2_Intermediario_2,24,DM,LIB_566
CELL_0567,0.9959637351223014,Tipo_1_Intermediario_1,48,GM,LIB_567
CELL_0568,1.1506391256568624,Tipo_1_Intermediario_1,72,DM,LIB_568
CELL_0569,4.690123045962883,Tipo_3_Final,0,GM,LIB_569
CELL_0570,0.8562052288502234,Tipo_1_Intermediario_1,24,DM,LIB_570
CELL_0571,1.4430500561446422,Tipo_2_Intermediario_2,48,GM,LIB_571
CELL_0572,3.0617434754394033,Tipo_3_Final,72,DM,LIB_572
CELL_0573,1.0101602625983594,Tipo_1_Intermediario_1,0,GM,LIB_573
CELL_0574,1.9461809507061707,Tipo_2_Intermediario_2,24,DM,LIB_574
CELL_0575,3.9662812873686133,Tipo_3_Final,48,GM,LIB_575
CELL_0576,5.972380830749335,Tipo_3_Final,72,DM,LIB_576
CELL_0577,0.31816375862967194,Tipo_0_Inicial,0,GM,LIB_577
CELL_0578,5.223325526084158,Tipo_3_Final,24,DM,LIB_578
CELL_0579,1.3550055619910613,Tipo_1_Intermediario_1,48,GM,LIB_579
CELL_0580,0.5974709087027915,Tipo_1_Intermediario_1,72,DM,LIB_580
CELL_0581,1.229173934741395,Tipo_1_Intermediario_1,0,GM,LIB_581
CELL_0582,7.827306195161183,Tipo_3_Final,24,DM,LIB_582
CELL_0583,1.3569825853347195,Tipo_1_Intermediario_1,48,GM,LIB_583
CELL_0584,0.7972320642009996,Tipo_1_Intermediario_1,72,DM,LIB_584
CELL_0585,2.006972547915319,Tipo_2_Intermediario_2,0,GM,LIB_585
CELL_0586,0.5492569354312059,Tipo_0_Inicial,24,DM,LIB_586
CELL_0587,0.15779060995247007,Tipo_0_Inicial,48,GM,LIB_587
CELL_0588,0.2759504394248317,Tipo_0_Inicial,72,DM,LIB_588
CELL_0589,0.27403684813401424,Tipo_0_Inicial,0,GM,LIB_589
CELL_0590,0.32951980311334594,Tipo_0_Inicial,24,DM,LIB_590
CELL_0591,0.2989201321350331,Tipo_0_Inicial,48,GM,LIB_591
CELL_0592,2.048168102151613,Tipo_2_Intermediario_2,72,DM,LIB_592
CELL_0593,0.40149271406896325,Tipo_0_Inicial,0,GM,LIB_593
CELL_0594,0.8482786315896105,Tipo_1_Intermediario_1,24,DM,LIB_594
CELL_0595,4.5419482502567154,Tipo_3_Final,48,GM,LIB_595
CELL_0596,1.2847622832931873,Tipo_1_Intermediario_1,72,DM,LIB_596
CELL_0597,2.202578167304761,Tipo_2_Intermediario_2,0,GM,LIB_597
CELL_0598,0.378257034226433,Tipo_0_Inicial,24,DM,LIB_598
CELL_0599,0.4271019619901901,Tipo_0_Inicial,48,GM,LIB_599
CELL_0600,0.08345442543513061,Tipo_0_Inicial,72,DM,LIB_600
CELL_0601,0.37009468813116175,Tipo_0_Inicial,0,GM,LIB_601
CELL_0602,0.653096237262291,Tipo_1_Intermediario_1,24,DM,LIB_602
CELL_0603,0.3896236349662159,Tipo_0_Inicial,48,GM,LIB_603
CELL_0604,0.18577181572073515,Tipo_0_Inicial,72,DM,LIB_604
CELL_0605,0.25711242698670506,Tipo_0_Inicial,0,GM,LIB_605
CELL_0606,1.2352586867307582,Tipo_1_Intermediario_1,24,DM,LIB_606
CELL_0607,0.46218441269019317,Tipo_0_Inicial,48,GM,LIB_607
CELL_0608,0.905962231021837,Tipo_1_Intermediario_1,72,DM,LIB_608
CELL_0609,1.4000103694286608,Tipo_2_Intermediario_2,0,GM,LIB_609
CELL_0610,2.3449148680250844,Tipo_2_Intermediario_2,24,DM,LIB_610
CELL_0611,0.08021146020003085,Tipo_0_Inicial,48,GM,LIB_611
CELL_0612,3.212988487652239,Tipo_3_Final,72,DM,LIB_612
CELL_0613,1.9771873807345928,Tipo_2_Intermediario_2,0,GM,LIB_613
CELL_0614,0.17059086075266852,Tipo_0_Inicial,24,DM,LIB_614
CELL_0615,4.136269396976181,Tipo_3_Final,48,GM,LIB_615
CELL_0616,5.073387092757856,Tipo_3_Final,72,DM,LIB_616
CELL_0617,0.1260456551203268,Tipo_0_Inicial,0,GM,LIB_617
CELL_0618,0.6483536862573016,Tipo_1_Intermediario_1,24,DM,LIB_618
CELL_0619,3.281870366453285,Tipo_3_Final,48,GM,LIB_619
CELL_0620,2.7587144804286168,Tipo_3_Final,72,DM,LIB_620
CELL_0621,0.40795926412360095,Tipo_0_Inicial,0,GM,LIB_621
CELL_0622,0.4697980623630665,Tipo_0_Inicial,24,DM,LIB_622
CELL_0623,0.9255702200487395,Tipo_1_Intermediario_1,48,GM,LIB_623
CELL_0624,1.3253251293372288,Tipo_1_Intermediario_1,72,DM,LIB_624
CELL_0625,1.926003668117104,Tipo_2_Intermediario_2,0,GM,LIB_625
CELL_0626,0.9206251260007023,Tipo_1_Intermediario_1,24,DM,LIB_626
CELL_0627,1.2417822184418352,Tipo_1_Intermediario_1,48,GM,LIB_627
CELL_0628,2.752457880779685,Tipo_3_Final,72,DM,LIB_628
CELL_0629,0.07474590464295693,Tipo_0_Inicial,0,GM,LIB_629
CELL_0630,0.5818732437647944,Tipo_1_Intermediario_1,24,DM,LIB_630
CELL_0631,2.4989837499120515,Tipo_2_Intermediario_2,48,GM,LIB_631
CELL_0632,4.511533508661227,Tipo_3_Final,72,DM,LIB_632
CELL_0633,1.4335582244168017,Tipo_2_Intermediario_2,0,GM,LIB_633
CELL_0634,1.5190590047061379,Tipo_2_Intermediario_2,24,DM,LIB_634
CELL_0635,0.22672267708132676,Tipo_0_Inicial,48,GM,LIB_635
CELL_0636,1.1862864921671017,Tipo_1_Intermediario_1,72,DM,LIB_636
CELL_0637,1.5212135981105799,Tipo_2_Intermediario_2,0,GM,LIB_637
CELL_0638,0.5553856065213066,Tipo_0_Inicial,24,DM,LIB_638
CELL_0639,0.6273492237570877,Tipo_1_Intermediario_1,48,GM,LIB_639
CELL_0640,0.947329969604944,Tipo_1_Intermediario_1,72,DM,LIB_640
CELL_0641,0.04055072150062903,Tipo_0_Inicial,0,GM,LIB_641
CELL_0642,0.7774495225122715,Tipo_1_Intermediario_1,24,DM,LIB_642
CELL_0643,0.47511387124725973,Tipo_0_Inicial,48,GM,LIB_643
CELL_0644,0.7934984604639653,Tipo_1_Intermediario_1,72,DM,LIB_644
CELL_0645,0.25512620656956253,Tipo_0_Inicial,0,GM,LIB_645
CELL_0646,4.424159799886049,Tipo_3_Final,24,DM,LIB_646
CELL_0647,1.8007976277591196,Tipo_2_Intermediario_2,48,GM,LIB_647
CELL_0648,2.2732659157860633,Tipo_2_Intermediario_2,72,DM,LIB_648
CELL_0649,3.1134180647555825,Tipo_3_Final,0,GM,LIB_649
CELL_0650,1.3800728436977703,Tipo_1_Intermediario_1,24,DM,LIB_650
CELL_0651,0.1818641890349117,Tipo_0_Inicial,48,GM,LIB_651
CELL_0652,1.5405167265896451,Tipo_2_Intermediario_2,72,DM,LIB_652
CELL_0653,1.7678461157427472,Tipo_2_Intermediario_2,0,GM,LIB_653
CELL_0654,2.7364332976168186,Tipo_3_Final,24,DM,LIB_654
CELL_0655,1.1300692987659642,Tipo_1_Intermediario_1,48,GM,LIB_655
CELL_0656,0.27296933345862445,Tipo_0_Inicial,72,DM,LIB_656
CELL_0657,0.6675243605234078,Tipo_1_Intermediario_1,0,GM,LIB_657
CELL_0658,0.9022296509492469,Tipo_1_Intermediario_1,24,DM,LIB_658
CELL_0659,2.0764492232437233,Tipo_2_Intermediario_2,48,GM,LIB_659
CELL_0660,1.6915634424028392,Tipo_2_Intermediario_2,72,DM,LIB_660
CELL_0661,0.8804135193036123,Tipo_1_Intermediario_1,0,GM,LIB_661
CELL_0662,8.612391544339625,Tipo_3_Final,24,DM,LIB_662
CELL_0663,1.8616660169344186,Tipo_2_Intermediario_2,48,GM,LIB_663
CELL_0664,0.5415890575135999,Tipo_0_Inicial,72,DM,LIB_664
CELL_0665,0.2146860092497737,Tipo_0_Inicial,0,GM,LIB_665
CELL_0666,0.33177658517965175,Tipo_0_Inicial,24,DM,LIB_666
CELL_0667,0.5646136987902819,Tipo_1_Intermediario_1,48,GM,LIB_667
CELL_0668,0.35032974990858806,Tipo_0_Inicial,72,DM,LIB_668
CELL_0669,0.4129834909091608,Tipo_0_Inicial,0,GM,LIB_669
CELL_0670,0.6712116964308931,Tipo_1_Intermediario_1,24,DM,LIB_670
CELL_0671,0.380804867325774,Tipo_0_Inicial,48,GM,LIB_671
CELL_0672,4.541502898711831,Tipo_3_Final,72,DM,LIB_672
CELL_0673,0.16727142518400032,Tipo_0_Inicial,0,GM,LIB_673
CELL_0674,1.4868247002254054,Tipo_2_Intermediario_2,24,DM,LIB_674
CELL_0675,1.0566111129786047,Tipo_1_Intermediario_1,48,GM,LIB_675
CELL_0676,8.07728433203184,Tipo_3_Final,72,DM,LIB_676
CELL_0677,0.2376546913948098,Tipo_0_Inicial,0,GM,LIB_677
CELL_0678,1.0145159874848608,Tipo_1_Intermediario_1,24,DM,LIB_678
CELL_0679,6.97811932825343,Tipo_3_Final,48,GM,LIB_679
CELL_0680,4.0124881239363095,Tipo_3_Final,72,DM,LIB_680
CELL_0681,3.397326068072359,Tipo_3_Final,0,GM,LIB_681
CELL_0682,0.5965501670670093,Tipo_1_Intermediario_1,24,DM,LIB_682
CELL_0683,0.37479906557297504,Tipo_0_Inicial,48,GM,LIB_683
CELL_0684,2.209119197363567,Tipo_2_Intermediario_2,72,DM,LIB_684
CELL_0685,5.300770189919911,Tipo_3_Final,0,GM,LIB_685
CELL_0686,1.6273008438094845,Tipo_2_Intermediario_2,24,DM,LIB_686
CELL_0687,1.695455122917173,Tipo_2_Intermediario_2,48,GM,LIB_687
CELL_0688,0.6569500616213017,Tipo_1_Intermediario_1,72,DM,LIB_688
CELL_0689,2.934947516824177,Tipo_3_Final,0,GM,LIB_689
CELL_0690,0.4141559642921417,Tipo_0_Inicial,24,DM,LIB_690
CELL_0691,0.7821756262384653,Tipo_1_Intermediario_1,48,GM,LIB_691
CELL_0692,1.108289100139661,Tipo_1_Intermediario_1,72,DM,LIB_692
CELL_0693,1.416969925289397,Tipo_2_Intermediario_2,0,GM,LIB_693
CELL_0694,0.5552251671392117,Tipo_0_Inicial,24,DM,LIB_694
CELL_0695,0.2439665442882709,Tipo_0_Inicial,48,GM,LIB_695
CELL_0696,1.886399314858713,Tipo_2_Intermediario_2,72,DM,LIB_696
CELL_0697,0.6811267368730836,Tipo_1_Intermediario_1,0,GM,LIB_697
CELL_0698,1.7409061365848872,Tipo_2_Intermediario_2,24,DM,LIB_698
CELL_0699,0.3353295055413596,Tipo_0_Inicial,48,GM,LIB_699
CELL_0700,1.312242756057055,Tipo_1_Intermediario_1,72,DM,LIB_700
CELL_0701,1.5210944962581556,Tipo_2_Intermediario_2,0,GM,LIB_701
CELL_0702,0.10642930291424266,Tipo_0_Inicial,24,DM,LIB_702
CELL_0703,0.8207672027608465,Tipo_1_Intermediario_1,48,GM,LIB_703
CELL_0704,0.2886986536638632,Tipo_0_Inicial,72,DM,LIB_704
CELL_0705,0.13094451754504977,Tipo_0_Inicial,0,GM,LIB_705
CELL_0706,9.202402622790649,Tipo_3_Final,24,DM,LIB_706
CELL_0707,0.7782600450388405,Tipo_1_Intermediario_1,48,GM,LIB_707
CELL_0708,3.3201412275397972,Tipo_3_Final,72,DM,LIB_708
CELL_0709,0.5877776685868028,Tipo_1_Intermediario_1,0,GM,LIB_709
CELL_0710,2.288282702040703,Tipo_2_Intermediario_2,24,DM,LIB_710
CELL_0711,2.856132445656417,Tipo_3_Final,48,GM,LIB_711
CELL_0712,1.8108931883382795,Tipo_2_Intermediario_2,72,DM,LIB_712
CELL_0713,1.2757132880905435,Tipo_1_Intermediario_1,0,GM,LIB_713
CELL_0714,1.0615156270107555,Tipo_1_Intermediario_1,24,DM,LIB_714
CELL_0715,0.8580866034079496,Tipo_1_Intermediario_1,48,GM,LIB_715
CELL_0716,5.305112096441562,Tipo_3_Final,72,DM,LIB_716
CELL_0717,3.551214142283596,Tipo_3_Final,0,GM,LIB_717
CELL_0718,6.706352778831383,Tipo_3_Final,24,DM,LIB_718
CELL_0719,0.2654570836722111,Tipo_0_Inicial,48,GM,LIB_719
CELL_0720,2.625102726921015,Tipo_2_Intermediario_2,72,DM,LIB_720
CELL_0721,5.572254530522481,Tipo_3_Final,0,GM,LIB_721
CELL_0722,0.39991161940159536,Tipo_0_Inicial,24,DM,LIB_722
CELL_0723,0.13762063494499374,Tipo_0_Inicial,48,GM,LIB_723
CELL_0724,2.702786306377244,Tipo_2_Intermediario_2,72,DM,LIB_724
CELL_0725,1.7088542883973394,Tipo_2_Intermediario_2,0,GM,LIB_725
CELL_0726,3.6881542826429556,Tipo_3_Final,24,DM,LIB_726
CELL_0727,0.3011164928283852,Tipo_0_Inicial,48,GM,LIB_727
CELL_0728,3.172100222063736,Tipo_3_Final,72,DM,LIB_728
CELL_0729,0.4503595461340459,Tipo_0_Inicial,0,GM,LIB_729
CELL_0730,0.357430397931036,Tipo_0_Inicial,24,DM,LIB_730
CELL_0731,0.3588893131199014,Tipo_0_Inicial,48,GM,LIB_731
CELL_0732,3.3702065651280173,Tipo_3_Final,72,DM,LIB_732
CELL_0733,2.188427278031938,Tipo_2_Intermediario_2,0,GM,LIB_733
CELL_0734,1.4807519126920887,Tipo_2_Intermediario_2,24,DM,LIB_734
CELL_0735,0.8889228033561363,Tipo_1_Intermediario_1,48,GM,LIB_735
CELL_0736,4.194405334588665,Tipo_3_Final,72,DM,LIB_736
CELL_0737,0.9966254993948899,Tipo_1_Intermediario_1,0,GM,LIB_737
CELL_0738,3.3921653256961393,Tipo_3_Final,24,DM,LIB_738
CELL_0739,1.1565497622277607,Tipo_1_Intermediario_1,48,GM,LIB_739
CELL_0740,0.9462391316354742,Tipo_1_Intermediario_1,72,DM,LIB_740
CELL_0741,1.2423221197992051,Tipo_1_Intermediario_1,0,GM,LIB_741
CELL_0742,0.7172905508612841,Tipo_1_Intermediario_1,24,DM,LIB_742
CELL_0743,2.753554625873879,Tipo_3_Final,48,GM,LIB_743
CELL_0744,1.397205631391192,Tipo_2_Intermediario_2,72,DM,LIB_744
CELL_0745,0.5284850619941305,Tipo_0_Inicial,0,GM,LIB_745
CELL_0746,4.596679699101167,Tipo_3_Final,24,DM,LIB_746
CELL_0747,0.9686634847174226,Tipo_1_Intermediario_1,48,GM,LIB_747
CELL_0748,1.568564764355527,Tipo_2_Intermediario_2,72,DM,LIB_748
CELL_0749,4.738991217419253,Tipo_3_Final,0,GM,LIB_749
CELL_0750,1.9575986077146614,Tipo_2_Intermediario_2,24,DM,LIB_750
CELL_0751,0.2486292317155595,Tipo_0_Inicial,48,GM,LIB_751
CELL_0752,5.621233367864418,Tipo_3_Final,72,DM,LIB_752
CELL_0753,1.9761538578696525,Tipo_2_Intermediario_2,0,GM,LIB_753
CELL_0754,0.8156526311026188,Tipo_1_Intermediario_1,24,DM,LIB_754
CELL_0755,0.2999536412328516,Tipo_0_Inicial,48,GM,LIB_755
CELL_0756,3.160002791360534,Tipo_3_Final,72,DM,LIB_756
CELL_0757,1.9355510151257047,Tipo_2_Intermediario_2,0,GM,LIB_757
CELL_0758,1.5248277160980563,Tipo_2_Intermediario_2,24,DM,LIB_758
CELL_0759,4.486606661072891,Tipo_3_Final,48,GM,LIB_759
CELL_0760,3.107980027392144,Tipo_3_Final,72,DM,LIB_760
CELL_0761,0.32898264025268176,Tipo_0_Inicial,0,GM,LIB_761
CELL_0762,0.7471251027916009,Tipo_1_Intermediario_1,24,DM,LIB_762
CELL_0763,0.5713392370976759,Tipo_1_Intermediario_1,48,GM,LIB_763
CELL_0764,2.724736123736823,Tipo_3_Final,72,DM,LIB_764
CELL_0765,0.06821507971567586,Tipo_0_Inicial,0,GM,LIB_765
CELL_0766,1.687427112772286,Tipo_2_Intermediario_2,24,DM,LIB_766
CELL_0767,2.8748274317195577,Tipo_3_Final,48,GM,LIB_767
CELL_0768,4.187334688771876,Tipo_3_Final,72,DM,LIB_768
CELL_0769,0.8373491870901854,Tipo_1_Intermediario_1,0,GM,LIB_769
CELL_0770,3.443615927082006,Tipo_3_Final,24,DM,LIB_770
CELL_0771,0.23448777019755468,Tipo_0_Inicial,48,GM,LIB_771
CELL_0772,3.7474879144233753,Tipo_3_Final,72,DM,LIB_772
CELL_0773,0.2727592610561417,Tipo_0_Inicial,0,GM,LIB_773
CELL_0774,1.0126292624197286,Tipo_1_Intermediario_1,24,DM,LIB_774
CELL_0775,3.19201072665298,Tipo_3_Final,48,GM,LIB_775
CELL_0776,0.32484357984083234,Tipo_0_Inicial,72,DM,LIB_776
CELL_0777,0.5207860448895019,Tipo_0_Inicial,0,GM,LIB_777
CELL_0778,2.562086195289811,Tipo_2_Intermediario_2,24,DM,LIB_778
CELL_0779,2.5461923439833893,Tipo_2_Intermediario_2,48,GM,LIB_779
CELL_0780,2.0496884174747816,Tipo_2_Intermediario_2,72,DM,LIB_780
CELL_0781,2.368003418175234,Tipo_2_Intermediario_2,0,GM,LIB_781
CELL_0782,1.5649382023912763,Tipo_2_Intermediario_2,24,DM,LIB_782
CELL_0783,0.5801673985188198,Tipo_1_Intermediario_1,48,GM,LIB_783
CELL_0784,0.8483663875865268,Tipo_1_Intermediario_1,72,DM,LIB_784
CELL_0785,0.40080254903306367,Tipo_0_Inicial,0,GM,LIB_785
CELL_0786,4.7817522786473035,Tipo_3_Final,24,DM,LIB_786
CELL_0787,1.751218109273197,Tipo_2_Intermediario_2,48,GM,LIB_787
CELL_0788,1.0244913189580447,Tipo_1_Intermediario_1,72,DM,LIB_788
CELL_0789,1.2398150126423266,Tipo_1_Intermediario_1,0,GM,LIB_789
CELL_0790,5.885647473994422,Tipo_3_Final,24,DM,LIB_790
CELL_0791,0.33293910025700135,Tipo_0_Inicial,48,GM,LIB_791
CELL_0792,1.764889218217108,Tipo_2_Intermediario_2,72,DM,LIB_792
CELL_0793,1.4099888815863546,Tipo_2_Intermediario_2,0,GM,LIB_793
CELL_0794,1.8906886360061455,Tipo_2_Intermediario_2,24,DM,LIB_794
CELL_0795,0.03655236081299447,Tipo_0_Inicial,48,GM,LIB_795
CELL_0796,4.113387045081393,Tipo_3_Final,72,DM,LIB_796
CELL_0797,5.379977073382504,Tipo_3_Final,0,GM,LIB_797
CELL_0798,1.6654309278867954,Tipo_2_Intermediario_2,24,DM,LIB_798
CELL_0799,2.3857414810519164,Tipo_2_Intermediario_2,48,GM,LIB_799
CELL_0800,5.1149387156912525,Tipo_3_Final,72,DM,LIB_800
CELL_0801,2.4567949067850363,Tipo_2_Intermediario_2,0,GM,LIB_801
CELL_0802,0.3310210182482434,Tipo_0_Inicial,24,DM,LIB_802
CELL_0803,1.7174042997051204,Tipo_2_Intermediario_2,48,GM,LIB_803
CELL_0804,1.86644171406803,Tipo_2_Intermediario_2,72,DM,LIB_804
CELL_0805,1.1037490078456422,Tipo_1_Intermediario_1,0,GM,LIB_805
CELL_0806,2.666980607766784,Tipo_2_Intermediario_2,24,DM,LIB_806
CELL_0807,5.447353771524949,Tipo_3_Final,48,GM,LIB_807
CELL_0808,5.195752426108235,Tipo_3_Final,72,DM,LIB_808
CELL_0809,1.1987285926072353,Tipo_1_Intermediario_1,0,GM,LIB_809
CELL_0810,0.24035740910356837,Tipo_0_Inicial,24,DM,LIB_810
CELL_0811,8.378347978241413,Tipo_3_Final,48,GM,LIB_811
CELL_0812,3.6514362216368856,Tipo_3_Final,72,DM,LIB_812
CELL_0813,0.2662919194341268,Tipo_0_Inicial,0,GM,LIB_813
CELL_0814,5.072615881926552,Tipo_3_Final,24,DM,LIB_814
CELL_0815,4.078847862453727,Tipo_3_Final,48,GM,LIB_815
CELL_0816,1.4631027719372984,Tipo_2_Intermediario_2,72,DM,LIB_816
CELL_0817,1.7894275736581498,Tipo_2_Intermediario_2,0,GM,LIB_817
CELL_0818,1.0183296868180272,Tipo_1_Intermediario_1,24,DM,LIB_818
CELL_0819,0.11263629848658757,Tipo_0_Inicial,48,GM,LIB_819
CELL_0820,0.8165297726014823,Tipo_1_Intermediario_1,72,DM,LIB_820
CELL_0821,3.2476158221323574,Tipo_3_Final,0,GM,LIB_821
CELL_0822,0.00928556813268577,Tipo_0_Inicial,24,DM,LIB_822
CELL_0823,0.8114277931803374,Tipo_1_Intermediario_1,48,GM,LIB_823
CELL_0824,1.0155561897093563,Tipo_1_Intermediario_1,72,DM,LIB_824
CELL_0825,1.5417660482477635,Tipo_2_Intermediario_2,0,GM,LIB_825
CELL_0826,5.047850952306083,Tipo_3_Final,24,DM,LIB_826
CELL_0827,0.8503542217815802,Tipo_1_Intermediario_1,48,GM,LIB_827
CELL_0828,0.8522129719169905,Tipo_1_Intermediario_1,72,DM,LIB_828
CELL_0829,2.675017903331131,Tipo_2_Intermediario_2,0,GM,LIB_829
CELL_0830,1.2037555469846788,Tipo_1_Intermediario_1,24,DM,LIB_830
CELL_0831,0.5087649474054508,Tipo_0_Inicial,48,GM,LIB_831
CELL_0832,1.2045647011523102,Tipo_1_Intermediario_1,72,DM,LIB_832
CELL_0833,0.3036398438627741,Tipo_0_Inicial,0,GM,LIB_833
CELL_0834,0.3881090064161935,Tipo_0_Inicial,24,DM,LIB_834
CELL_0835,1.3797760856056354,Tipo_1_Intermediario_1,48,GM,LIB_835
CELL_0836,1.085752432512014,Tipo_1_Intermediario_1,72,DM,LIB_836
CELL_0837,4.926585470505626,Tipo_3_Final,0,GM,LIB_837
CELL_0838,0.9000691660794565,Tipo_1_Intermediario_1,24,DM,LIB_838
CELL_0839,1.737804767570544,Tipo_2_Intermediario_2,48,GM,LIB_839
CELL_0840,2.000781545035696,Tipo_2_Intermediario_2,72,DM,LIB_840
CELL_0841,0.026361889651318453,Tipo_0_Inicial,0,GM,LIB_841
CELL_0842,2.178536394071978,Tipo_2_Intermediario_2,24,DM,LIB_842
CELL_0843,0.3921172803984964,Tipo_0_Inicial,48,GM,LIB_843
CELL_0844,6.491996544544853,Tipo_3_Final,72,DM,LIB_844
CELL_0845,0.32189380862036016,Tipo_0_Inicial,0,GM,LIB_845
CELL_0846,1.0710022290732137,Tipo_1_Intermediario_1,24,DM,LIB_846
CELL_0847,0.17842687530100626,Tipo_0_Inicial,48,GM,LIB_847
CELL_0848,11.536163230301518,Tipo_3_Final,72,DM,LIB_848
CELL_0849,1.3950937313164522,Tipo_2_Intermediario_2,0,GM,LIB_849
CELL_0850,1.8096386481778914,Tipo_2_Intermediario_2,24,DM,LIB_850
CELL_0851,0.13886410165650834,Tipo_0_Inicial,48,GM,LIB_851
CELL_0852,2.772272510431998,Tipo_3_Final,72,DM,LIB_852
CELL_0853,0.4712056765005264,Tipo_0_Inicial,0,GM,LIB_853
CELL_0854,4.566629713623261,Tipo_3_Final,24,DM,LIB_854
CELL_0855,0.4591776563216667,Tipo_0_Inicial,48,GM,LIB_855
CELL_0856,0.4231408596176317,Tipo_0_Inicial,72,DM,LIB_856
CELL_0857,0.07446868371534433,Tipo_0_Inicial,0,GM,LIB_857
CELL_0858,1.2775715865909278,Tipo_1_Intermediario_1,24,DM,LIB_858
CELL_0859,1.664088207352361,Tipo_2_Intermediario_2,48,GM,LIB_859
CELL_0860,0.13593388035831294,Tipo_0_Inicial,72,DM,LIB_860
CELL_0861,2.9880051871967446,Tipo_3_Final,0,GM,LIB_861
CELL_0862,1.2076693005872434,Tipo_1_Intermediario_1,24,DM,LIB_862
CELL_0863,1.4863153091851937,Tipo_2_Intermediario_2,48,GM,LIB_863
CELL_0864,1.1623629435751606,Tipo_1_Intermediario_1,72,DM,LIB_864
CELL_0865,1.0241964025498427,Tipo_1_Intermediario_1,0,GM,LIB_865
CELL_0866,1.6403269142757495,Tipo_2_Intermediario_2,24,DM,LIB_866
CELL_0867,0.33740601352191096,Tipo_0_Inicial,48,GM,LIB_867
CELL_0868,0.401610172417251,Tipo_0_Inicial,72,DM,LIB_868
CELL_0869,3.9578986565922807,Tipo_3_Final,0,GM,LIB_869
CELL_0870,5.841823418529371,Tipo_3_Final,24,DM,LIB_870
CELL_0871,0.9346043749502772,Tipo_1_Intermediario_1,48,GM,LIB_871
CELL_0872,0.631462731385332,Tipo_1_Intermediario_1,72,DM,LIB_872
CELL_0873,2.065646530188914,Tipo_2_Intermediario_2,0,GM,LIB_873
CELL_0874,1.0509791352144926,Tipo_1_Intermediario_1,24,DM,LIB_874
CELL_0875,0.05142829746529406,Tipo_0_Inicial,48,GM,LIB_875
CELL_0876,0.33956720659902123,Tipo_0_Inicial,72,DM,LIB_876
CELL_0877,2.517366519706091,Tipo_2_Intermediario_2,0,GM,LIB_877
CELL_0878,2.1512995646350714,Tipo_2_Intermediario_2,24,DM,LIB_878
CELL_0879,0.054939715768880196,Tipo_0_Inicial,48,GM,LIB_879
CELL_0880,0.50198594773341,Tipo_0_Inicial,72,DM,LIB_880
CELL_0881,0.525523157901862,Tipo_0_Inicial,0,GM,LIB_881
CELL_0882,2.2288294456557036,Tipo_2_Intermediario_2,24,DM,LIB_882
CELL_0883,0.03981476258427881,Tipo_0_Inicial,48,GM,LIB_883
CELL_0884,0.21987211720274563,Tipo_0_Inicial,72,DM,LIB_884
CELL_0885,3.218036854592483,Tipo_3_Final,0,GM,LIB_885
CELL_0886,0.3933554189035707,Tipo_0_Inicial,24,DM,LIB_886
CELL_0887,2.1153981778411537,Tipo_2_Intermediario_2,48,GM,LIB_887
CELL_0888,0.5440972444179905,Tipo_0_Inicial,72,DM,LIB_888
CELL_0889,0.20948006696974264,Tipo_0_Inicial,0,GM,LIB_889
CELL_0890,0.5572390328228946,Tipo_0_Inicial,24,DM,LIB_890
CELL_0891,2.5621896261940638,Tipo_2_Intermediario_2,48,GM,LIB_891
CELL_0892,3.871672674907859,Tipo_3_Final,72,DM,LIB_892
CELL_0893,3.5465019999511287,Tipo_3_Final,0,GM,LIB_893
CELL_0894,1.0122849789501769,Tipo_1_Intermediario_1,24,DM,LIB_894
CELL_0895,2.20575355680919,Tipo_2_Intermediario_2,48,GM,LIB_895
CELL_0896,0.45878682065796156,Tipo_0_Inicial,72,DM,LIB_896
CELL_0897,0.6938671772250337,Tipo_1_Intermediario_1,0,GM,LIB_897
CELL_0898,4.533197257261809,Tipo_3_Final,24,DM,LIB_898
CELL_0899,0.026174376792570005,Tipo_0_Inicial,48,GM,LIB_899
CELL_0900,0.17877427926089826,Tipo_0_Inicial,72,DM,LIB_900
CELL_0901,0.4661005604796304,Tipo_0_Inicial,0,GM,LIB_901
CELL_0902,0.05378107044863377,Tipo_0_Inicial,24,DM,LIB_902
CELL_0903,0.40040600658054554,Tipo_0_Inicial,48,GM,LIB_903
CELL_0904,1.7495374574887332,Tipo_2_Intermediario_2,72,DM,LIB_904
CELL_0905,1.0943726367356008,Tipo_1_Intermediario_1,0,GM,LIB_905
CELL_0906,4.463726041643655,Tipo_3_Final,24,DM,LIB_906
CELL_0907,3.4013918060389567,Tipo_3_Final,48,GM,LIB_907
CELL_0908,0.8365456103380641,Tipo_1_Intermediario_1,72,DM,LIB_908
CELL_0909,0.6006525042945571,Tipo_1_Intermediario_1,0,GM,LIB_909
CELL_0910,0.9550796162170755,Tipo_1_Intermediario_1,24,DM,LIB_910
CELL_0911,1.7846355002866106,Tipo_2_Intermediario_2,48,GM,LIB_911
CELL_0912,0.6241234196305457,Tipo_1_Intermediario_1,72,DM,LIB_912
CELL_0913,1.9571244910941752,Tipo_2_Intermediario_2,0,GM,LIB_913
CELL_0914,1.0532720785596223,Tipo_1_Intermediario_1,24,DM,LIB_914
CELL_0915,1.606134733029689,Tipo_2_Intermediario_2,48,GM,LIB_915
CELL_0916,1.1458507901822241,Tipo_1_Intermediario_1,72,DM,LIB_916
CELL_0917,0.6975999505246663,Tipo_1_Intermediario_1,0,GM,LIB_917
CELL_0918,5.930534442304407,Tipo_3_Final,24,DM,LIB_918
CELL_0919,2.8845090074652724,Tipo_3_Final,48,GM,LIB_919
CELL_0920,0.3019089962460417,Tipo_0_Inicial,72,DM,LIB_920
CELL_0921,4.057009855438648,Tipo_3_Final,0,GM,LIB_921
CELL_0922,1.336640659323833,Tipo_1_Intermediario_1,24,DM,LIB_922
CELL_0923,4.499078980579487,Tipo_3_Final,48,GM,LIB_923
CELL_0924,3.2174289078598006,Tipo_3_Final,72,DM,LIB_924
CELL_0925,1.1075132385172146,Tipo_1_Intermediario_1,0,GM,LIB_925
CELL_0926,0.04545117895508023,Tipo_0_Inicial,24,DM,LIB_926
CELL_0927,0.6258010955529734,Tipo_1_Intermediario_1,48,GM,LIB_927
CELL_0928,1.5601755113595925,Tipo_2_Intermediario_2,72,DM,LIB_928
CELL_0929,2.0073946638690727,Tipo_2_Intermediario_2,0,GM,LIB_929
CELL_0930,0.5965093598578778,Tipo_1_Intermediario_1,24,DM,LIB_930
CELL_0931,0.3001488376614311,Tipo_0_Inicial,48,GM,LIB_931
CELL_0932,3.602774174324783,Tipo_3_Final,72,DM,LIB_932
CELL_0933,8.321248326374468,Tipo_3_Final,0,GM,LIB_933
CELL_0934,1.4917890939441738,Tipo_2_Intermediario_2,24,DM,LIB_934
CELL_0935,0.37670972732014785,Tipo_0_Inicial,48,GM,LIB_935
CELL_0936,0.6357529434578657,Tipo_1_Intermediario_1,72,DM,LIB_936
CELL_0937,0.037123774821532014,Tipo_0_Inicial,0,GM,LIB_937
CELL_0938,4.913777055387114,Tipo_3_Final,24,DM,LIB_938
CELL_0939,0.250562087692406,Tipo_0_Inicial,48,GM,LIB_939
CELL_0940,1.7184813377363117,Tipo_2_Intermediario_2,72,DM,LIB_940
CELL_0941,0.6405626572055858,Tipo_1_Intermediario_1,0,GM,LIB_941
CELL_0942,1.6156710308139706,Tipo_2_Intermediario_2,24,DM,LIB_942
CELL_0943,2.107777267972054,Tipo_2_Intermediario_2,48,GM,LIB_943
CELL_0944,3.5408783848447203,Tipo_3_Final,72,DM,LIB_944
CELL_0945,0.4624050550090717,Tipo_0_Inicial,0,GM,LIB_945
CELL_0946,0.02211345926339439,Tipo_0_Inicial,24,DM,LIB_946
CELL_0947,0.29441614137478106,Tipo_0_Inicial,48,GM,LIB_947
CELL_0948,4.605543057706363,Tipo_3_Final,72,DM,LIB_948
CELL_0949,4.141202704106245,Tipo_3_Final,0,GM,LIB_949
CELL_0950,1.819688620392985,Tipo_2_Intermediario_2,24,DM,LIB_950
CELL_0951,1.8351674370106938,Tipo_2_Intermediario_2,48,GM,LIB_951
CELL_0952,2.187468458815025,Tipo_2_Intermediario_2,72,DM,LIB_952
CELL_0953,0.3856440572771043,Tipo_0_Inicial,0,GM,LIB_953
CELL_0954,4.916419121542603,Tipo_3_Final,24,DM,LIB_954
CELL_0955,1.085219268692636,Tipo_1_Intermediario_1,48,GM,LIB_955
CELL_0956,0.9662215986557369,Tipo_1_Intermediario_1,72,DM,LIB_956
CELL_0957,1.463433865245362,Tipo_2_Intermediario_2,0,GM,LIB_957
CELL_0958,0.09620932858395444,Tipo_0_Inicial,24,DM,LIB_958
CELL_0959,0.36372341009854464,Tipo_0_Inicial,48,GM,LIB_959
CELL_0960,2.6790781808479265,Tipo_2_Intermediario_2,72,DM,LIB_960
CELL_0961,0.1728565513436872,Tipo_0_Inicial,0,GM,LIB_961
CELL_0962,1.8484044379702311,Tipo_2_Intermediario_2,24,DM,LIB_962
CELL_0963,0.5630000672008816,Tipo_1_Intermediario_1,48,GM,LIB_963
CELL_0964,0.9862845138503767,Tipo_1_Intermediario_1,72,DM,LIB_964
CELL_0965,0.681304383908292,Tipo_1_Intermediario_1,0,GM,LIB_965
CELL_0966,0.879096955445707,Tipo_1_Intermediario_1,24,DM,LIB_966
CELL_0967,2.5391279732773735,Tipo_2_Intermediario_2,48,GM,LIB_967
CELL_0968,0.7051430792111018,Tipo_1_Intermediario_1,72,DM,LIB_968
CELL_0969,1.6712870614114044,Tipo_2_Intermediario_2,0,GM,LIB_969
CELL_0970,1.2927195733805235,Tipo_1_Intermediario_1,24,DM,LIB_970
CELL_0971,2.179331846185357,Tipo_2_Intermediario_2,48,GM,LIB_971
CELL_0972,5.523843295025938,Tipo_3_Final,72,DM,LIB_972
CELL_0973,2.6378105425100857,Tipo_2_Intermediario_2,0,GM,LIB_973
CELL_0974,0.4839912264880946,Tipo_0_Inicial,24,DM,LIB_974
CELL_0975,0.06335935764851569,Tipo_0_Inicial,48,GM,LIB_975
CELL_0976,0.6083386040111758,Tipo_1_Intermediario_1,72,DM,LIB_976
CELL_0977,1.8081213037461945,Tipo_2_Intermediario_2,0,GM,LIB_977
CELL_0978,0.10559055619954937,Tipo_0_Inicial,24,DM,LIB_978
CELL_0979,1.3718119120523777,Tipo_1_Intermediario_1,48,GM,LIB_979
CELL_0980,1.8168576799751204,Tipo_2_Intermediario_2,72,DM,LIB_980
CELL_0981,0.8136637558762008,Tipo_1_Intermediario_1,0,GM,LIB_981
CELL_0982,2.9472999182934694,Tipo_3_Final,24,DM,LIB_982
CELL_0983,0.22543782952935598,Tipo_0_Inicial,48,GM,LIB_983
CELL_0984,0.15622101158449403,Tipo_0_Inicial,72,DM,LIB_984
CELL_0985,2.6052948204327855,Tipo_2_Intermediario_2,0,GM,LIB_985
CELL_0986,1.3683404533261372,Tipo_1_Intermediario_1,24,DM,LIB_986
CELL_0987,2.332085311466282,Tipo_2_Intermediario_2,48,GM,LIB_987
CELL_0988,1.1412479982577146,Tipo_1_Intermediario_1,72,DM,LIB_988
CELL_0989,0.5657925075170632,Tipo_1_Intermediario_1,0,GM,LIB_989
CELL_0990,3.4196473971423917,Tipo_3_Final,24,DM,LIB_990
CELL_0991,3.21304312792038,Tipo_3_Final,48,GM,LIB_991
CELL_0992,2.372897639418243,Tipo_2_Intermediario_2,72,DM,LIB_992
CELL_0993,0.6353072299760641,Tipo_1_Intermediario_1,0,GM,LIB_993
CELL_0994,1.7843217594469285,Tipo_2_Intermediario_2,24,DM,LIB_994
CELL_0995,0.8956199511596441,Tipo_1_Intermediario_1,48,GM,LIB_995
CELL_0996,0.19210146921330645,Tipo_0_Inicial,72,DM,LIB_996
CELL_0997,4.985399687075283,Tipo_3_Final,0,GM,LIB_997
CELL_0998,0.29426089763904006,Tipo_0_Inicial,24,DM,LIB_998
CELL_0999,6.000981306245525,Tipo_3_Final,48,GM,LIB_999
CELL_1000,1.1812020255817444,Tipo_1_Intermediario_1,72,DM,LIB_1000
CELL_1001,0.40946056382693163,Tipo_0_Inicial,0,GM,LIB_1001
CELL_1002,1.561339692303473,Tipo_2_Intermediario_2,24,DM,LIB_1002
CELL_1003,4.126283588564117,Tipo_3_Final,48,GM,LIB_1003
CELL_1004,2.6352155582609473,Tipo_2_Intermediario_2,72,DM,LIB_1004
CELL_1005,3.2855876521475147,Tipo_3_Final,0,GM,LIB_1005
CELL_1006,2.1504754303408053,Tipo_2_Intermediario_2,24,DM,LIB_1006
CELL_1007,2.3571076722830644,Tipo_2_Intermediario_2,48,GM,LIB_1007
CELL_1008,3.783543976100559,Tipo_3_Final,72,DM,LIB_1008
CELL_1009,0.5744790310802402,Tipo_1_Intermediario_1,0,GM,LIB_1009
CELL_1010,1.3444353323424827,Tipo_1_Intermediario_1,24,DM,LIB_1010
CELL_1011,0.5000262582122447,Tipo_0_Inicial,48,GM,LIB_1011
CELL_1012,8.791116834810659,Tipo_3_Final,72,DM,LIB_1012
CELL_1013,5.766927574640829,Tipo_3_Final,0,GM,LIB_1013
CELL_1014,0.08045020241075818,Tipo_0_Inicial,24,DM,LIB_1014
CELL_1015,2.445463126391458,Tipo_2_Intermediario_2,48,GM,LIB_1015
CELL_1016,5.187167114950511,Tipo_3_Final,72,DM,LIB_1016
CELL_1017,0.3983056507757,Tipo_0_Inicial,0,GM,LIB_1017
CELL_1018,1.6784058352918045,Tipo_2_Intermediario_2,24,DM,LIB_1018
CELL_1019,4.94173052825106,Tipo_3_Final,48,GM,LIB_1019
CELL_1020,0.06907104708842363,Tipo_0_Inicial,72,DM,LIB_1020
CELL_1021,2.3908209137857708,Tipo_2_Intermediario_2,0,GM,LIB_1021
CELL_1022,0.7057899294904256,Tipo_1_Intermediario_1,24,DM,LIB_1022
CELL_1023,5.164497342711352,Tipo_3_Final,48,GM,LIB_1023
CELL_1024,7.084939845244507,Tipo_3_Final,72,DM,LIB_1024
CELL_1025,5.774347362481949,Tipo_3_Final,0,GM,LIB_1025
CELL_1026,1.2857228103969165,Tipo_1_Intermediario_1,24,DM,LIB_1026
CELL_1027,3.9616214134707164,Tipo_3_Final,48,GM,LIB_1027
CELL_1028,3.7228545465981577,Tipo_3_Final,72,DM,LIB_1028
CELL_1029,0.7686810430390687,Tipo_1_Intermediario_1,0,GM,LIB_1029
CELL_1030,3.5311950827893064,Tipo_3_Final,24,DM,LIB_1030
CELL_1031,0.07541959053781945,Tipo_0_Inicial,48,GM,LIB_1031
CELL_1032,1.8140172805756138,Tipo_2_Intermediario_2,72,DM,LIB_1032
CELL_1033,0.5227524823945714,Tipo_0_Inicial,0,GM,LIB_1033
CELL_1034,0.2569555349432881,Tipo_0_Inicial,24,DM,LIB_1034
CELL_1035,0.1601506866087655,Tipo_0_Inicial,48,GM,LIB_1035
CELL_1036,2.383355899376474,Tipo_2_Intermediario_2,72,DM,LIB_1036
CELL_1037,0.8306520261371341,Tipo_1_Intermediario_1,0,GM,LIB_1037
CELL_1038,2.5802728744407553,Tipo_2_Intermediario_2,24,DM,LIB_1038
CELL_1039,0.13517987097894865,Tipo_0_Inicial,48,GM,LIB_1039
CELL_1040,0.7575207628353564,Tipo_1_Intermediario_1,72,DM,LIB_1040
CELL_1041,1.550847028800099,Tipo_2_Intermediario_2,0,GM,LIB_1041
CELL_1042,3.128194666675975,Tipo_3_Final,24,DM,LIB_1042
CELL_1043,0.7676592140803179,Tipo_1_Intermediario_1,48,GM,LIB_1043
CELL_1044,1.9664181728043253,Tipo_2_Intermediario_2,72,DM,LIB_1044
CELL_1045,4.34272331744854,Tipo_3_Final,0,GM,LIB_1045
CELL_1046,1.9135130181441724,Tipo_2_Intermediario_2,24,DM,LIB_1046
CELL_1047,0.530431285931699,Tipo_0_Inicial,48,GM,LIB_1047
CELL_1048,0.04940682748831045,Tipo_0_Inicial,72,DM,LIB_1048
CELL_1049,4.081963372748363,Tipo_3_Final,0,GM,LIB_1049
CELL_1050,0.04299772832052263,Tipo_0_Inicial,24,DM,LIB_1050
CELL_1051,4.154115533208341,Tipo_3_Final,48,GM,LIB_1051
CELL_1052,1.5055274409391088,Tipo_2_Intermediario_2,72,DM,LIB_1052
CELL_1053,5.595983685585326,Tipo_3_Final,0,GM,LIB_1053
CELL_1054,3.2067450460462505,Tipo_3_Final,24,DM,LIB_1054
CELL_1055,12.364388821694652,Tipo_3_Final,48,GM,LIB_1055
CELL_1056,0.8637572336965674,Tipo_1_Intermediario_1,72,DM,LIB_1056
CELL_1057,2.9150505182229156,Tipo_3_Final,0,GM,LIB_1057
CELL_1058,1.0280980052458817,Tipo_1_Intermediario_1,24,DM,LIB_1058
CELL_1059,1.3073746085703826,Tipo_1_Intermediario_1,48,GM,LIB_1059
CELL_1060,1.9750658152562308,Tipo_2_Intermediario_2,72,DM,LIB_1060
CELL_1061,4.13782812806478,Tipo_3_Final,0,GM,LIB_1061
CELL_1062,8.280794073682618,Tipo_3_Final,24,DM,LIB_1062
CELL_1063,2.92439422067845,Tipo_3_Final,48,GM,LIB_1063
CELL_1064,1.0817683871822836,Tipo_1_Intermediario_1,72,DM,LIB_1064
CELL_1065,1.0941391516380483,Tipo_1_Intermediario_1,0,GM,LIB_1065
CELL_1066,2.675635551947331,Tipo_2_Intermediario_2,24,DM,LIB_1066
CELL_1067,0.5456582401191886,Tipo_0_Inicial,48,GM,LIB_1067
CELL_1068,0.23413333916132295,Tipo_0_Inicial,72,DM,LIB_1068
CELL_1069,0.875838663188233,Tipo_1_Intermediario_1,0,GM,LIB_1069
CELL_1070,0.677218212835652,Tipo_1_Intermediario_1,24,DM,LIB_1070
CELL_1071,0.7028293794646111,Tipo_1_Intermediario_1,48,GM,LIB_1071
CELL_1072,0.5321223319189935,Tipo_0_Inicial,72,DM,LIB_1072
CELL_1073,0.08600956187469465,Tipo_0_Inicial,0,GM,LIB_1073
CELL_1074,0.03607120566389812,Tipo_0_Inicial,24,DM,LIB_1074
CELL_1075,8.799955958224604,Tipo_3_Final,48,GM,LIB_1075
CELL_1076,1.116439493784204,Tipo_1_Intermediario_1,72,DM,LIB_1076
CELL_1077,0.9700774549106357,Tipo_1_Intermediario_1,0,GM,LIB_1077
CELL_1078,2.2766652972528942,Tipo_2_Intermediario_2,24,DM,LIB_1078
CELL_1079,0.49245051188186667,Tipo_0_Inicial,48,GM,LIB_1079
CELL_1080,5.989912507479552,Tipo_3_Final,72,DM,LIB_1080
CELL_1081,3.0867855637511723,Tipo_3_Final,0,GM,LIB_1081
CELL_1082,0.1873272772820139,Tipo_0_Inicial,24,DM,LIB_1082
CELL_1083,1.0811295480667795,Tipo_1_Intermediario_1,48,GM,LIB_1083
CELL_1084,4.225885920281707,Tipo_3_Final,72,DM,LIB_1084
CELL_1085,5.791123206241664,Tipo_3_Final,0,GM,LIB_1085
CELL_1086,1.2599748862027846,Tipo_1_Intermediario_1,24,DM,LIB_1086
CELL_1087,1.900788345152873,Tipo_2_Intermediario_2,48,GM,LIB_1087
CELL_1088,0.3655247785135971,Tipo_0_Inicial,72,DM,LIB_1088
CELL_1089,9.458889372185626,Tipo_3_Final,0,GM,LIB_1089
CELL_1090,0.5270763300353666,Tipo_0_Inicial,24,DM,LIB_1090
CELL_1091,5.720018662987776,Tipo_3_Final,48,GM,LIB_1091
CELL_1092,2.09762611893712,Tipo_2_Intermediario_2,72,DM,LIB_1092
CELL_1093,1.871644445744388,Tipo_2_Intermediario_2,0,GM,LIB_1093
CELL_1094,1.4377035051848823,Tipo_2_Intermediario_2,24,DM,LIB_1094
CELL_1095,0.5244700561039253,Tipo_0_Inicial,48,GM,LIB_1095
CELL_1096,0.38845154004673454,Tipo_0_Inicial,72,DM,LIB_1096
CELL_1097,0.4981697972410135,Tipo_0_Inicial,0,GM,LIB_1097
CELL_1098,0.41266692710910036,Tipo_0_Inicial,24,DM,LIB_1098
CELL_1099,3.024481515145593,Tipo_3_Final,48,GM,LIB_1099
CELL_1100,0.8619512821461487,Tipo_1_Intermediario_1,72,DM,LIB_1100
CELL_1101,0.11916601666553696,Tipo_0_Inicial,0,GM,LIB_1101
CELL_1102,6.954168433053549,Tipo_3_Final,24,DM,LIB_1102
CELL_1103,4.304641940052001,Tipo_3_Final,48,GM,LIB_1103
CELL_1104,5.255309107613509,Tipo_3_Final,72,DM,LIB_1104
CELL_1105,10.560099538099413,Tipo_3_Final,0,GM,LIB_1105
CELL_1106,0.38206739315237065,Tipo_0_Inicial,24,DM,LIB_1106
CELL_1107,1.0091637097877615,Tipo_1_Intermediario_1,48,GM,LIB_1107
CELL_1108,2.8396069509625415,Tipo_3_Final,72,DM,LIB_1108
CELL_1109,2.381590804842675,Tipo_2_Intermediario_2,0,GM,LIB_1109
CELL_1110,0.3342257695870137,Tipo_0_Inicial,24,DM,LIB_1110
CELL_1111,3.3838260059726304,Tipo_3_Final,48,GM,LIB_1111
CELL_1112,0.5083413344811726,Tipo_0_Inicial,72,DM,LIB_1112
CELL_1113,0.5067355079392861,Tipo_0_Inicial,0,GM,LIB_1113
CELL_1114,1.539945968581674,Tipo_2_Intermediario_2,24,DM,LIB_1114
CELL_1115,1.797589048373838,Tipo_2_Intermediario_2,48,GM,LIB_1115
CELL_1116,1.7354116910589348,Tipo_2_Intermediario_2,72,DM,LIB_1116
CELL_1117,0.19189180594202748,Tipo_0_Inicial,0,GM,LIB_1117
CELL_1118,4.198649622582847,Tipo_3_Final,24,DM,LIB_1118
CELL_1119,0.6174029953340311,Tipo_1_Intermediario_1,48,GM,LIB_1119
CELL_1120,0.27740932193880063,Tipo_0_Inicial,72,DM,LIB_1120
CELL_1121,4.391916196960067,Tipo_3_Final,0,GM,LIB_1121
CELL_1122,6.231352705506558,Tipo_3_Final,24,DM,LIB_1122
CELL_1123,3.9628535689499245,Tipo_3_Final,48,GM,LIB_1123
CELL_1124,3.3163749394672246,Tipo_3_Final,72,DM,LIB_1124
CELL_1125,2.12982500239724,Tipo_2_Intermediario_2,0,GM,LIB_1125
CELL_1126,1.6008295631397975,Tipo_2_Intermediario_2,24,DM,LIB_1126
CELL_1127,0.18200979350470162,Tipo_0_Inicial,48,GM,LIB_1127
CELL_1128,1.0500289998205297,Tipo_1_Intermediario_1,72,DM,LIB_1128
CELL_1129,0.9326241572612323,Tipo_1_Intermediario_1,0,GM,LIB_1129
CELL_1130,0.6015448469525689,Tipo_1_Intermediario_1,24,DM,LIB_1130
CELL_1131,2.570511159994137,Tipo_2_Intermediario_2,48,GM,LIB_1131
CELL_1132,1.3698649678353072,Tipo_1_Intermediario_1,72,DM,LIB_1132
CELL_1133,0.16903889447111708,Tipo_0_Inicial,0,GM,LIB_1133
CELL_1134,0.4973925223608329,Tipo_0_Inicial,24,DM,LIB_1134
CELL_1135,2.299340255194498,Tipo_2_Intermediario_2,48,GM,LIB_1135
CELL_1136,0.15836968038982463,Tipo_0_Inicial,72,DM,LIB_1136
CELL_1137,3.8103972460884097,Tipo_3_Final,0,GM,LIB_1137
CELL_1138,1.3669740886241568,Tipo_1_Intermediario_1,24,DM,LIB_1138
CELL_1139,1.310110274871182,Tipo_1_Intermediario_1,48,GM,LIB_1139
CELL_1140,1.7949761531761497,Tipo_2_Intermediario_2,72,DM,LIB_1140
CELL_1141,3.4822958258889534,Tipo_3_Final,0,GM,LIB_1141
CELL_1142,0.8548362678904304,Tipo_1_Intermediario_1,24,DM,LIB_1142
CELL_1143,2.266507795845702,Tipo_2_Intermediario_2,48,GM,LIB_1143
CELL_1144,1.6681866820699471,Tipo_2_Intermediario_2,72,DM,LIB_1144
CELL_1145,0.6212962912021415,Tipo_1_Intermediario_1,0,GM,LIB_1145
CELL_1146,4.217822870880717,Tipo_3_Final,24,DM,LIB_1146
CELL_1147,3.193300267505465,Tipo_3_Final,48,GM,LIB_1147
CELL_1148,2.148533138769752,Tipo_2_Intermediario_2,72,DM,LIB_1148
CELL_1149,3.802011437083213,Tipo_3_Final,0,GM,LIB_1149
CELL_1150,4.03924127644106,Tipo_3_Final,24,DM,LIB_1150
CELL_1151,2.464490641818622,Tipo_2_Intermediario_2,48,GM,LIB_1151
CELL_1152,3.628173701241865,Tipo_3_Final,72,DM,LIB_1152
CELL_1153,2.3911593287439676,Tipo_2_Intermediario_2,0,GM,LIB_1153
CELL_1154,2.27974858345773,Tipo_2_Intermediario_2,24,DM,LIB_1154
CELL_1155,1.9278728380443764,Tipo_2_Intermediario_2,48,GM,LIB_1155
CELL_1156,2.7944407832521283,Tipo_3_Final,72,DM,LIB_1156
CELL_1157,0.345388350922558,Tipo_0_Inicial,0,GM,LIB_1157
CELL_1158,4.255092636104306,Tipo_3_Final,24,DM,LIB_1158
CELL_1159,4.109006644285871,Tipo_3_Final,48,GM,LIB_1159
CELL_1160,0.05936702308604403,Tipo_0_Inicial,72,DM,LIB_1160
CELL_1161,3.4952947525506275,Tipo_3_Final,0,GM,LIB_1161
CELL_1162,0.2759278148075113,Tipo_0_Inicial,24,DM,LIB_1162
CELL_1163,0.8162939650186172,Tipo_1_Intermediario_1,48,GM,LIB_1163
CELL_1164,2.7213176063214832,Tipo_3_Final,72,DM,LIB_1164
CELL_1165,0.35051686945912636,Tipo_0_Inicial,0,GM,LIB_1165
CELL_1166,3.4071348443171448,Tipo_3_Final,24,DM,LIB_1166
CELL_1167,3.5691805940244477,Tipo_3_Final,48,GM,LIB_1167
CELL_1168,1.416390610619194,Tipo_2_Intermediario_2,72,DM,LIB_1168
CELL_1169,0.012812697234830334,Tipo_0_Inicial,0,GM,LIB_1169
CELL_1170,0.6766546854237102,Tipo_1_Intermediario_1,24,DM,LIB_1170
CELL_1171,1.919058988727477,Tipo_2_Intermediario_2,48,GM,LIB_1171
CELL_1172,7.946326935948816,Tipo_3_Final,72,DM,LIB_1172
CELL_1173,1.9983314981781268,Tipo_2_Intermediario_2,0,GM,LIB_1173
CELL_1174,0.6016793940202341,Tipo_1_Intermediario_1,24,DM,LIB_1174
CELL_1175,2.010275055883101,Tipo_2_Intermediario_2,48,GM,LIB_1175
CELL_1176,1.5529940135553426,Tipo_2_Intermediario_2,72,DM,LIB_1176
CELL_1177,3.026850460258931,Tipo_3_Final,0,GM,LIB_1177
CELL_1178,0.22629403459165812,Tipo_0_Inicial,24,DM,LIB_1178
CELL_1179,2.8628169614729657,Tipo_3_Final,48,GM,LIB_1179
CELL_1180,1.558572038139779,Tipo_2_Intermediario_2,72,DM,LIB_1180
CELL_1181,6.593242555535332,Tipo_3_Final,0,GM,LIB_1181
CELL_1182,0.8367121799782223,Tipo_1_Intermediario_1,24,DM,LIB_1182
CELL_1183,2.002727394690046,Tipo_2_Intermediario_2,48,GM,LIB_1183
CELL_1184,5.377321951137103,Tipo_3_Final,72,DM,LIB_1184
CELL_1185,0.21630599533054923,Tipo_0_Inicial,0,GM,LIB_1185
CELL_1186,5.536507853677537,Tipo_3_Final,24,DM,LIB_1186
CELL_1187,2.328771767115938,Tipo_2_Intermediario_2,48,GM,LIB_1187
CELL_1188,0.1404953005822166,Tipo_0_Inicial,72,DM,LIB_1188
CELL_1189,0.7161048328564796,Tipo_1_Intermediario_1,0,GM,LIB_1189
CELL_1190,2.463181990242625,Tipo_2_Intermediario_2,24,DM,LIB_1190
CELL_1191,0.13945185478952263,Tipo_0_Inicial,48,GM,LIB_1191
CELL_1192,1.7453634581899276,Tipo_2_Intermediario_2,72,DM,LIB_1192
CELL_1193,0.8489382630227224,Tipo_1_Intermediario_1,0,GM,LIB_1193
CELL_1194,1.9399923809496695,Tipo_2_Intermediario_2,24,DM,LIB_1194
CELL_1195,0.0936424785559097,Tipo_0_Inicial,48,GM,LIB_1195
CELL_1196,4.104225689753825,Tipo_3_Final,72,DM,LIB_1196
CELL_1197,7.260388750288683,Tipo_3_Final,0,GM,LIB_1197
CELL_1198,6.9396713289835015,Tipo_3_Final,24,DM,LIB_1198
CELL_1199,2.76980531392246,Tipo_3_Final,48,GM,LIB_1199
CELL_1200,0.27872239766761153,Tipo_0_Inicial,72,DM,LIB_1200
CELL_1201,2.83981146232072,Tipo_3_Final,0,GM,LIB_1201
CELL_1202,0.04978844456502263,Tipo_0_Inicial,24,DM,LIB_1202
CELL_1203,0.04474389546894773,Tipo_0_Inicial,48,GM,LIB_1203
CELL_1204,0.7819715404344604,Tipo_1_Intermediario_1,72,DM,LIB_1204
CELL_1205,1.3413753498433603,Tipo_1_Intermediario_1,0,GM,LIB_1205
CELL_1206,2.9428978451677135,Tipo_3_Final,24,DM,LIB_1206
CELL_1207,2.299571453781638,Tipo_2_Intermediario_2,48,GM,LIB_1207
CELL_1208,1.180829974791417,Tipo_1_Intermediario_1,72,DM,LIB_1208
CELL_1209,0.639382325116814,Tipo_1_Intermediario_1,0,GM,LIB_1209
CELL_1210,11.703057523313959,Tipo_3_Final,24,DM,LIB_1210
CELL_1211,1.1108835802200683,Tipo_1_Intermediario_1,48,GM,LIB_1211
CELL_1212,1.2007240968490858,Tipo_1_Intermediario_1,72,DM,LIB_1212
CELL_1213,0.3573535849091114,Tipo_0_Inicial,0,GM,LIB_1213
CELL_1214,3.1676334012746166,Tipo_3_Final,24,DM,LIB_1214
CELL_1215,2.3662644760731477,Tipo_2_Intermediario_2,48,GM,LIB_1215
CELL_1216,0.49889705890635194,Tipo_0_Inicial,72,DM,LIB_1216
CELL_1217,0.1719461138047574,Tipo_0_Inicial,0,GM,LIB_1217
CELL_1218,2.2819916414744807,Tipo_2_Intermediario_2,24,DM,LIB_1218
CELL_1219,2.125590188846286,Tipo_2_Intermediario_2,48,GM,LIB_1219
CELL_1220,0.6383716973474793,Tipo_1_Intermediario_1,72,DM,LIB_1220
CELL_1221,6.0263088127702185,Tipo_3_Final,0,GM,LIB_1221
CELL_1222,0.3275285663893017,Tipo_0_Inicial,24,DM,LIB_1222
CELL_1223,1.1324469450068233,Tipo_1_Intermediario_1,48,GM,LIB_1223
CELL_1224,5.751136865599309,Tipo_3_Final,72,DM,LIB_1224
CELL_1225,1.0885142853871002,Tipo_1_Intermediario_1,0,GM,LIB_1225
CELL_1226,2.0351300354602055,Tipo_2_Intermediario_2,24,DM,LIB_1226
CELL_1227,1.0136486060182792,Tipo_1_Intermediario_1,48,GM,LIB_1227
CELL_1228,0.6410034601337625,Tipo_1_Intermediario_1,72,DM,LIB_1228
CELL_1229,8.267541058263548,Tipo_3_Final,0,GM,LIB_1229
CELL_1230,1.0530091516908464,Tipo_1_Intermediario_1,24,DM,LIB_1230
CELL_1231,4.490505013696264,Tipo_3_Final,48,GM,LIB_1231
CELL_1232,0.5226116249677809,Tipo_0_Inicial,72,DM,LIB_1232
CELL_1233,0.47932016275771583,Tipo_0_Inicial,0,GM,LIB_1233
CELL_1234,0.06325809819111,Tipo_0_Inicial,24,DM,LIB_1234
CELL_1235,2.1091917177519792,Tipo_2_Intermediario_2,48,GM,LIB_1235
CELL_1236,0.9193981083444027,Tipo_1_Intermediario_1,72,DM,LIB_1236
CELL_1237,3.9954761176535873,Tipo_3_Final,0,GM,LIB_1237
CELL_1238,1.2819062294056274,Tipo_1_Intermediario_1,24,DM,LIB_1238
CELL_1239,6.896164682401602,Tipo_3_Final,48,GM,LIB_1239
CELL_1240,0.4104243565216768,Tipo_0_Inicial,72,DM,LIB_1240
CELL_1241,4.059371009459821,Tipo_3_Final,0,GM,LIB_1241
CELL_1242,2.997554609348595,Tipo_3_Final,24,DM,LIB_1242
CELL_1243,2.9473840877800725,Tipo_3_Final,48,GM,LIB_1243
CELL_1244,3.725865221629178,Tipo_3_Final,72,DM,LIB_1244
CELL_1245,2.862784225207454,Tipo_3_Final,0,GM,LIB_1245
CELL_1246,1.9681775008471276,Tipo_2_Intermediario_2,24,DM,LIB_1246
CELL_1247,0.28138797185516495,Tipo_0_Inicial,48,GM,LIB_1247
CELL_1248,0.06613382669997142,Tipo_0_Inicial,72,DM,LIB_1248
CELL_1249,5.072766603628528,Tipo_3_Final,0,GM,LIB_1249
CELL_1250,1.9176153788615604,Tipo_2_Intermediario_2,24,DM,LIB_1250
CELL_1251,3.184545077863279,Tipo_3_Final,48,GM,LIB_1251
CELL_1252,1.3137167205395892,Tipo_1_Intermediario_1,72,DM,LIB_1252
CELL_1253,0.24955832834801606,Tipo_0_Inicial,0,GM,LIB_1253
CELL_1254,0.2674874982326768,Tipo_0_Inicial,24,DM,LIB_1254
CELL_1255,2.3139576298894227,Tipo_2_Intermediario_2,48,GM,LIB_1255
CELL_1256,1.1253114398483806,Tipo_1_Intermediario_1,72,DM,LIB_1256
CELL_1257,0.44759934978327226,Tipo_0_Inicial,0,GM,LIB_1257
CELL_1258,1.352952026818662,Tipo_1_Intermediario_1,24,DM,LIB_1258
CELL_1259,0.13272610158691933,Tipo_0_Inicial,48,GM,LIB_1259
CELL_1260,1.7444108646499012,Tipo_2_Intermediario_2,72,DM,LIB_1260
CELL_1261,0.6266655932249148,Tipo_1_Intermediario_1,0,GM,LIB_1261
CELL_1262,3.1946145800639236,Tipo_3_Final,24,DM,LIB_1262
CELL_1263,0.7431767943603876,Tipo_1_Intermediario_1,48,GM,LIB_1263
CELL_1264,1.214747018390625,Tipo_1_Intermediario_1,72,DM,LIB_1264
CELL_1265,0.023377172101861805,Tipo_0_Inicial,0,GM,LIB_1265
CELL_1266,0.15041044461339573,Tipo_0_Inicial,24,DM,LIB_1266
CELL_1267,0.9967849941714344,Tipo_1_Intermediario_1,48,GM,LIB_1267
CELL_1268,1.3076176975600253,Tipo_1_Intermediario_1,72,DM,LIB_1268
CELL_1269,1.8326842069838267,Tipo_2_Intermediario_2,0,GM,LIB_1269
CELL_1270,0.6896694301489164,Tipo_1_Intermediario_1,24,DM,LIB_1270
CELL_1271,2.374768228778372,Tipo_2_Intermediario_2,48,GM,LIB_1271
CELL_1272,3.9339750088062044,Tipo_3_Final,72,DM,LIB_1272
CELL_1273,3.0269012773951416,Tipo_3_Final,0,GM,LIB_1273
CELL_1274,0.08085003279540631,Tipo_0_Inicial,24,DM,LIB_1274
CELL_1275,1.3098036830042166,Tipo_1_Intermediario_1,48,GM,LIB_1275
CELL_1276,0.22170710161909227,Tipo_0_Inicial,72,DM,LIB_1276
CELL_1277,0.5542625655694364,Tipo_0_Inicial,0,GM,LIB_1277
CELL_1278,8.634365310458866,Tipo_3_Final,24,DM,LIB_1278
CELL_1279,0.30745780434611725,Tipo_0_Inicial,48,GM,LIB_1279
CELL_1280,1.3818519124180149,Tipo_1_Intermediario_1,72,DM,LIB_1280
CELL_1281,1.925484869922573,Tipo_2_Intermediario_2,0,GM,LIB_1281
CELL_1282,2.4244466297154763,Tipo_2_Intermediario_2,24,DM,LIB_1282
CELL_1283,1.6403648480762212,Tipo_2_Intermediario_2,48,GM,LIB_1283
CELL_1284,0.019637790769126452,Tipo_0_Inicial,72,DM,LIB_1284
CELL_1285,0.7904196719957203,Tipo_1_Intermediario_1,0,GM,LIB_1285
CELL_1286,1.4584261871453665,Tipo_2_Intermediario_2,24,DM,LIB_1286
CELL_1287,0.18393783420810145,Tipo_0_Inicial,48,GM,LIB_1287
CELL_1288,0.8634957821673652,Tipo_1_Intermediario_1,72,DM,LIB_1288
CELL_1289,0.0675336914110481,Tipo_0_Inicial,0,GM,LIB_1289
CELL_1290,0.1636753792161745,Tipo_0_Inicial,24,DM,LIB_1290
CELL_1291,1.0114217070711897,Tipo_1_Intermediario_1,48,GM,LIB_1291
CELL_1292,0.28477701184932275,Tipo_0_Inicial,72,DM,LIB_1292
CELL_1293,1.6765348078362414,Tipo_2_Intermediario_2,0,GM,LIB_1293
CELL_1294,2.338917126316868,Tipo_2_Intermediario_2,24,DM,LIB_1294
CELL_1295,3.2247514382215186,Tipo_3_Final,48,GM,LIB_1295
CELL_1296,0.4466627485156944,Tipo_0_Inicial,72,DM,LIB_1296
CELL_1297,0.3666022702701539,Tipo_0_Inicial,0,GM,LIB_1297
CELL_1298,0.22089763457015135,Tipo_0_Inicial,24,DM,LIB_1298
CELL_1299,2.023568229408261,Tipo_2_Intermediario_2,48,GM,LIB_1299
CELL_1300,2.451589879023199,Tipo_2_Intermediario_2,72,DM,LIB_1300
CELL_1301,0.06419149347206422,Tipo_0_Inicial,0,GM,LIB_1301
CELL_1302,5.5043881088978175,Tipo_3_Final,24,DM,LIB_1302
CELL_1303,0.10674097135801607,Tipo_0_Inicial,48,GM,LIB_1303
CELL_1304,1.558701776191244,Tipo_2_Intermediario_2,72,DM,LIB_1304
CELL_1305,2.469280008122478,Tipo_2_Intermediario_2,0,GM,LIB_1305
CELL_1306,4.095407104909522,Tipo_3_Final,24,DM,LIB_1306
CELL_1307,2.5041349457440525,Tipo_2_Intermediario_2,48,GM,LIB_1307
CELL_1308,3.236231745193452,Tipo_3_Final,72,DM,LIB_1308
CELL_1309,0.8293654982928672,Tipo_1_Intermediario_1,0,GM,LIB_1309
CELL_1310,3.3729091386958467,Tipo_3_Final,24,DM,LIB_1310
CELL_1311,0.1670128995163253,Tipo_0_Inicial,48,GM,LIB_1311
CELL_1312,4.504100637570432,Tipo_3_Final,72,DM,LIB_1312
CELL_1313,1.586343365757859,Tipo_2_Intermediario_2,0,GM,LIB_1313
CELL_1314,3.3997952193310375,Tipo_3_Final,24,DM,LIB_1314
CELL_1315,1.2041219438700927,Tipo_1_Intermediario_1,48,GM,LIB_1315
CELL_1316,2.0632780034401774,Tipo_2_Intermediario_2,72,DM,LIB_1316
CELL_1317,1.4947956279175392,Tipo_2_Intermediario_2,0,GM,LIB_1317
CELL_1318,2.6304756699738414,Tipo_2_Intermediario_2,24,DM,LIB_1318
CELL_1319,0.17030979977791233,Tipo_0_Inicial,48,GM,LIB_1319
CELL_1320,0.12450006263803015,Tipo_0_Inicial,72,DM,LIB_1320
CELL_1321,0.5676543150798328,Tipo_1_Intermediario_1,0,GM,LIB_1321
CELL_1322,0.3476229730303001,Tipo_0_Inicial,24,DM,LIB_1322
CELL_1323,4.1080711140047965,Tipo_3_Final,48,GM,LIB_1323
CELL_1324,0.4949083163611079,Tipo_0_Inicial,72,DM,LIB_1324
CELL_1325,7.448205618868187,Tipo_3_Final,0,GM,LIB_1325
CELL_1326,0.8216462486628586,Tipo_1_Intermediario_1,24,DM,LIB_1326
CELL_1327,0.40207420795770576,Tipo_0_Inicial,48,GM,LIB_1327
CELL_1328,3.118426195188695,Tipo_3_Final,72,DM,LIB_1328
CELL_1329,2.1500324106830373,Tipo_2_Intermediario_2,0,GM,LIB_1329
CELL_1330,1.3790902174468676,Tipo_1_Intermediario_1,24,DM,LIB_1330
CELL_1331,1.6209965982312413,Tipo_2_Intermediario_2,48,GM,LIB_1331
CELL_1332,2.5402378794579326,Tipo_2_Intermediario_2,72,DM,LIB_1332
CELL_1333,0.5187198913734135,Tipo_0_Inicial,0,GM,LIB_1333
CELL_1334,11.217262464095409,Tipo_3_Final,24,DM,LIB_1334
CELL_1335,7.36127995578019,Tipo_3_Final,48,GM,LIB_1335
CELL_1336,2.1015061802651136,Tipo_2_Intermediario_2,72,DM,LIB_1336
CELL_1337,0.4451435569377867,Tipo_0_Inicial,0,GM,LIB_1337
CELL_1338,2.2802955905507374,Tipo_2_Intermediario_2,24,DM,LIB_1338
CELL_1339,0.14987474366858658,Tipo_0_Inicial,48,GM,LIB_1339
CELL_1340,0.06226423304723896,Tipo_0_Inicial,72,DM,LIB_1340
CELL_1341,0.5959575062777931,Tipo_1_Intermediario_1,0,GM,LIB_1341
CELL_1342,1.2421106037468779,Tipo_1_Intermediario_1,24,DM,LIB_1342
CELL_1343,4.054039850381681,Tipo_3_Final,48,GM,LIB_1343
CELL_1344,2.597805957635778,Tipo_2_Intermediario_2,72,DM,LIB_1344
CELL_1345,2.715075809498644,Tipo_2_Intermediario_2,0,GM,LIB_1345
CELL_1346,1.1084871588148277,Tipo_1_Intermediario_1,24,DM,LIB_1346
CELL_1347,0.8490970653789652,Tipo_1_Intermediario_1,48,GM,LIB_1347
CELL_1348,0.9273713010945941,Tipo_1_Intermediario_1,72,DM,LIB_1348
CELL_1349,8.788127783033008,Tipo_3_Final,0,GM,LIB_1349
CELL_1350,0.08187148408785734,Tipo_0_Inicial,24,DM,LIB_1350
CELL_1351,4.035285983511478,Tipo_3_Final,48,GM,LIB_1351
CELL_1352,1.728703482705325,Tipo_2_Intermediario_2,72,DM,LIB_1352
CELL_1353,1.154698162069319,Tipo_1_Intermediario_1,0,GM,LIB_1353
CELL_1354,2.583843134977741,Tipo_2_Intermediario_2,24,DM,LIB_1354
CELL_1355,1.333668607198428,Tipo_1_Intermediario_1,48,GM,LIB_1355
CELL_1356,4.133812682535534,Tipo_3_Final,72,DM,LIB_1356
CELL_1357,4.619256959240749,Tipo_3_Final,0,GM,LIB_1357
CELL_1358,1.0953974027080495,Tipo_1_Intermediario_1,24,DM,LIB_1358
CELL_1359,0.6482158141702838,Tipo_1_Intermediario_1,48,GM,LIB_1359
CELL_1360,1.7946942438818185,Tipo_2_Intermediario_2,72,DM,LIB_1360
CELL_1361,4.869111879047198,Tipo_3_Final,0,GM,LIB_1361
CELL_1362,0.4731217979000491,Tipo_0_Inicial,24,DM,LIB_1362
CELL_1363,1.9508429153991511,Tipo_2_Intermediario_2,48,GM,LIB_1363
CELL_1364,1.996956000451087,Tipo_2_Intermediario_2,72,DM,LIB_1364
CELL_1365,2.641860030253711,Tipo_2_Intermediario_2,0,GM,LIB_1365
CELL_1366,0.28213125940532086,Tipo_0_Inicial,24,DM,LIB_1366
CELL_1367,2.5163298182542198,Tipo_2_Intermediario_2,48,GM,LIB_1367
CELL_1368,4.79450641257849,Tipo_3_Final,72,DM,LIB_1368
CELL_1369,0.3961291215602891,Tipo_0_Inicial,0,GM,LIB_1369
CELL_1370,0.5424191833743239,Tipo_0_Inicial,24,DM,LIB_1370
CELL_1371,7.108354077723023,Tipo_3_Final,48,GM,LIB_1371
CELL_1372,0.3992861095103158,Tipo_0_Inicial,72,DM,LIB_1372
CELL_1373,3.853579535513316,Tipo_3_Final,0,GM,LIB_1373
CELL_1374,1.3556418851070982,Tipo_1_Intermediario_1,24,DM,LIB_1374
CELL_1375,0.5679939399887409,Tipo_1_Intermediario_1,48,GM,LIB_1375
CELL_1376,4.092012003489698,Tipo_3_Final,72,DM,LIB_1376
CELL_1377,1.1786746511199115,Tipo_1_Intermediario_1,0,GM,LIB_1377
CELL_1378,1.4464597382022362,Tipo_2_Intermediario_2,24,DM,LIB_1378
CELL_1379,0.8901799183556157,Tipo_1_Intermediario_1,48,GM,LIB_1379
CELL_1380,1.797642685370157,Tipo_2_Intermediario_2,72,DM,LIB_1380
CELL_1381,0.35711459523526273,Tipo_0_Inicial,0,GM,LIB_1381
CELL_1382,0.9921418127269471,Tipo_1_Intermediario_1,24,DM,LIB_1382
CELL_1383,6.974316083642288,Tipo_3_Final,48,GM,LIB_1383
CELL_1384,0.5971717608480124,Tipo_1_Intermediario_1,72,DM,LIB_1384
CELL_1385,2.1385147690342055,Tipo_2_Intermediario_2,0,GM,LIB_1385
CELL_1386,0.7866484087778541,Tipo_1_Intermediario_1,24,DM,LIB_1386
CELL_1387,2.96978338141433,Tipo_3_Final,48,GM,LIB_1387
CELL_1388,0.2805335592202735,Tipo_0_Inicial,72,DM,LIB_1388
CELL_1389,7.0012209088488,Tipo_3_Final,0,GM,LIB_1389
CELL_1390,1.2095018443294756,Tipo_1_Intermediario_1,24,DM,LIB_1390
CELL_1391,0.5385070869954405,Tipo_0_Inicial,48,GM,LIB_1391
CELL_1392,0.15267544511187414,Tipo_0_Inicial,72,DM,LIB_1392
CELL_1393,0.37207588020918786,Tipo_0_Inicial,0,GM,LIB_1393
CELL_1394,1.466996690859163,Tipo_2_Intermediario_2,24,DM,LIB_1394
CELL_1395,0.8219701596103333,Tipo_1_Intermediario_1,48,GM,LIB_1395
CELL_1396,3.530819768244315,Tipo_3_Final,72,DM,LIB_1396
CELL_1397,1.1273543813711848,Tipo_1_Intermediario_1,0,GM,LIB_1397
CELL_1398,0.571938473951702,Tipo_1_Intermediario_1,24,DM,LIB_1398
CELL_1399,1.9201978331469356,Tipo_2_Intermediario_2,48,GM,LIB_1399
CELL_1400,2.4536452139186897,Tipo_2_Intermediario_2,72,DM,LIB_1400
CELL_1401,0.36554389537169363,Tipo_0_Inicial,0,GM,LIB_1401
CELL_1402,0.3669305402615214,Tipo_0_Inicial,24,DM,LIB_1402
CELL_1403,0.07472145601896547,Tipo_0_Inicial,48,GM,LIB_1403
CELL_1404,2.666660241579668,Tipo_2_Intermediario_2,72,DM,LIB_1404
CELL_1405,2.180125050294198,Tipo_2_Intermediario_2,0,GM,LIB_1405
CELL_1406,1.2873083392705855,Tipo_1_Intermediario_1,24,DM,LIB_1406
CELL_1407,3.7179849813523003,Tipo_3_Final,48,GM,LIB_1407
CELL_1408,3.2763966423387028,Tipo_3_Final,72,DM,LIB_1408
CELL_1409,1.7606620272718432,Tipo_2_Intermediario_2,0,GM,LIB_1409
CELL_1410,4.054021253058005,Tipo_3_Final,24,DM,LIB_1410
CELL_1411,0.4609437007411471,Tipo_0_Inicial,48,GM,LIB_1411
CELL_1412,0.23738604278056916,Tipo_0_Inicial,72,DM,LIB_1412
CELL_1413,0.6287356114562159,Tipo_1_Intermediario_1,0,GM,LIB_1413
CELL_1414,0.11756221345992542,Tipo_0_Inicial,24,DM,LIB_1414
CELL_1415,1.5150280856678877,Tipo_2_Intermediario_2,48,GM,LIB_1415
CELL_1416,5.516762410803933,Tipo_3_Final,72,DM,LIB_1416
CELL_1417,0.08027683281876447,Tipo_0_Inicial,0,GM,LIB_1417
CELL_1418,0.2604677599662335,Tipo_0_Inicial,24,DM,LIB_1418
CELL_1419,1.2036864966038618,Tipo_1_Intermediario_1,48,GM,LIB_1419
CELL_1420,5.432417307751989,Tipo_3_Final,72,DM,LIB_1420
CELL_1421,0.760051222113574,Tipo_1_Intermediario_1,0,GM,LIB_1421
CELL_1422,1.4154450075426903,Tipo_2_Intermediario_2,24,DM,LIB_1422
CELL_1423,0.08492346600210339,Tipo_0_Inicial,48,GM,LIB_1423
CELL_1424,0.32114330267283786,Tipo_0_Inicial,72,DM,LIB_1424
CELL_1425,8.629502169066757,Tipo_3_Final,0,GM,LIB_1425
CELL_1426,6.711608615639818,Tipo_3_Final,24,DM,LIB_1426
CELL_1427,0.009904445947655232,Tipo_0_Inicial,48,GM,LIB_1427
CELL_1428,6.065281597357631,Tipo_3_Final,72,DM,LIB_1428
CELL_1429,2.038419227137002,Tipo_2_Intermediario_2,0,GM,LIB_1429
CELL_1430,4.048669133953021,Tipo_3_Final,24,DM,LIB_1430
CELL_1431,1.212984538184019,Tipo_1_Intermediario_1,48,GM,LIB_1431
CELL_1432,1.4496721373955421,Tipo_2_Intermediario_2,72,DM,LIB_1432
CELL_1433,1.34217099901772,Tipo_1_Intermediario_1,0,GM,LIB_1433
CELL_1434,2.1984104741311667,Tipo_2_Intermediario_2,24,DM,LIB_1434
CELL_1435,0.30083490841891436,Tipo_0_Inicial,48,GM,LIB_1435
CELL_1436,0.06086396183994254,Tipo_0_Inicial,72,DM,LIB_1436
CELL_1437,0.7361361760275618,Tipo_1_Intermediario_1,0,GM,LIB_1437
CELL_1438,2.439396695081679,Tipo_2_Intermediario_2,24,DM,LIB_1438
CELL_1439,0.4509261088732207,Tipo_0_Inicial,48,GM,LIB_1439
CELL_1440,2.238236818663958,Tipo_2_Intermediario_2,72,DM,LIB_1440
CELL_1441,7.007260780458419,Tipo_3_Final,0,GM,LIB_1441
CELL_1442,0.19721278744357393,Tipo_0_Inicial,24,DM,LIB_1442
CELL_1443,2.2331581678090724,Tipo_2_Intermediario_2,48,GM,LIB_1443
CELL_1444,1.173075679514347,Tipo_1_Intermediario_1,72,DM,LIB_1444
CELL_1445,4.052063244387033,Tipo_3_Final,0,GM,LIB_1445
CELL_1446,0.3899621981172876,Tipo_0_Inicial,24,DM,LIB_1446
CELL_1447,2.3593797527607077,Tipo_2_Intermediario_2,48,GM,LIB_1447
CELL_1448,3.6417417231952913,Tipo_3_Final,72,DM,LIB_1448
CELL_1449,5.786864774760546,Tipo_3_Final,0,GM,LIB_1449
CELL_1450,2.299272469969244,Tipo_2_Intermediario_2,24,DM,LIB_1450
CELL_1451,1.3750252252230792,Tipo_1_Intermediario_1,48,GM,LIB_1451
CELL_1452,1.923869711101883,Tipo_2_Intermediario_2,72,DM,LIB_1452
CELL_1453,4.0636658187358226,Tipo_3_Final,0,GM,LIB_1453
CELL_1454,1.6907781841380116,Tipo_2_Intermediario_2,24,DM,LIB_1454
CELL_1455,0.06171663546781039,Tipo_0_Inicial,48,GM,LIB_1455
CELL_1456,5.345811014598346,Tipo_3_Final,72,DM,LIB_1456
CELL_1457,2.3393150720223006,Tipo_2_Intermediario_2,0,GM,LIB_1457
CELL_1458,2.257195087758978,Tipo_2_Intermediario_2,24,DM,LIB_1458
CELL_1459,0.4858639960360479,Tipo_0_Inicial,48,GM,LIB_1459
CELL_1460,2.1510739873361775,Tipo_2_Intermediario_2,72,DM,LIB_1460
CELL_1461,1.0013031297917176,Tipo_1_Intermediario_1,0,GM,LIB_1461
CELL_1462,2.106702271374473,Tipo_2_Intermediario_2,24,DM,LIB_1462
CELL_1463,0.2254261375653921,Tipo_0_Inicial,48,GM,LIB_1463
CELL_1464,2.144984636931713,Tipo_2_Intermediario_2,72,DM,LIB_1464
CELL_1465,14.883445819408811,Tipo_3_Final,0,GM,LIB_1465
CELL_1466,0.09882599778860138,Tipo_0_Inicial,24,DM,LIB_1466
CELL_1467,7.559726225124457,Tipo_3_Final,48,GM,LIB_1467
CELL_1468,1.0448113649091946,Tipo_1_Intermediario_1,72,DM,LIB_1468
CELL_1469,4.092066922031506,Tipo_3_Final,0,GM,LIB_1469
CELL_1470,3.050060113868585,Tipo_3_Final,24,DM,LIB_1470
CELL_1471,1.6741102118531048,Tipo_2_Intermediario_2,48,GM,LIB_1471
CELL_1472,2.682253571705317,Tipo_2_Intermediario_2,72,DM,LIB_1472
CELL_1473,4.215938201916679,Tipo_3_Final,0,GM,LIB_1473
CELL_1474,1.0355001572974054,Tipo_1_Intermediario_1,24,DM,LIB_1474
CELL_1475,0.7921184495820129,Tipo_1_Intermediario_1,48,GM,LIB_1475
CELL_1476,2.202792634344614,Tipo_2_Intermediario_2,72,DM,LIB_1476
CELL_1477,3.2989156859421467,Tipo_3_Final,0,GM,LIB_1477
CELL_1478,2.873366737641024,Tipo_3_Final,24,DM,LIB_1478
CELL_1479,3.197130952895551,Tipo_3_Final,48,GM,LIB_1479
CELL_1480,1.143924993483773,Tipo_1_Intermediario_1,72,DM,LIB_1480
CELL_1481,3.4056762127717266,Tipo_3_Final,0,GM,LIB_1481
CELL_1482,0.2561419253071429,Tipo_0_Inicial,24,DM,LIB_1482
CELL_1483,1.5726712566885659,Tipo_2_Intermediario_2,48,GM,LIB_1483
CELL_1484,0.011550611032507709,Tipo_0_Inicial,72,DM,LIB_1484
CELL_1485,0.7848583818863757,Tipo_1_Intermediario_1,0,GM,LIB_1485
CELL_1486,0.9128691252583723,Tipo_1_Intermediario_1,24,DM,LIB_1486
CELL_1487,1.0089340703773348,Tipo_1_Intermediario_1,48,GM,LIB_1487
CELL_1488,2.3779530040622885,Tipo_2_Intermediario_2,72,DM,LIB_1488
CELL_1489,0.983870685422813,Tipo_1_Intermediario_1,0,GM,LIB_1489
CELL_1490,1.190929171127857,Tipo_1_Intermediario_1,24,DM,LIB_1490
CELL_1491,0.5424212974639558,Tipo_0_Inicial,48,GM,LIB_1491
CELL_1492,0.9344208011013524,Tipo_1_Intermediario_1,72,DM,LIB_1492
CELL_1493,0.5156501950660977,Tipo_0_Inicial,0,GM,LIB_1493
CELL_1494,0.15202617651077444,Tipo_0_Inicial,24,DM,LIB_1494
CELL_1495,1.8498991906369124,Tipo_2_Intermediario_2,48,GM,LIB_1495
CELL_1496,2.206522950142138,Tipo_2_Intermediario_2,72,DM,LIB_1496
CELL_1497,1.9324874602968365,Tipo_2_Intermediario_2,0,GM,LIB_1497
CELL_1498,1.2453552300338948,Tipo_1_Intermediario_1,24,DM,LIB_1498
CELL_1499,0.9553806895597998,Tipo_1_Intermediario_1,48,GM,LIB_1499
CELL_1500,3.98042544378951,Tipo_3_Final,72,DM,LIB_1500
CELL_1501,1.4641161096031872,Tipo_2_Intermediario_2,0,GM,LIB_1501
CELL_1502,1.3047087830304989,Tipo_1_Intermediario_1,24,DM,LIB_1502
CELL_1503,0.051953107884028946,Tipo_0_Inicial,48,GM,LIB_1503
CELL_1504,0.8348157628215953,Tipo_1_Intermediario_1,72,DM,LIB_1504
CELL_1505,0.9567027297976104,Tipo_1_Intermediario_1,0,GM,LIB_1505
CELL_1506,1.0177310283959984,Tipo_1_Intermediario_1,24,DM,LIB_1506
CELL_1507,1.7358221097305413,Tipo_2_Intermediario_2,48,GM,LIB_1507
CELL_1508,1.5254342087057378,Tipo_2_Intermediario_2,72,DM,LIB_1508
CELL_1509,1.8725027165496395,Tipo_2_Intermediario_2,0,GM,LIB_1509
CELL_1510,2.8953462575737623,Tipo_3_Final,24,DM,LIB_1510
CELL_1511,3.3531408029703296,Tipo_3_Final,48,GM,LIB_1511
CELL_1512,2.532569487662782,Tipo_2_Intermediario_2,72,DM,LIB_1512
CELL_1513,6.225597450008411,Tipo_3_Final,0,GM,LIB_1513
CELL_1514,0.03680168916540005,Tipo_0_Inicial,24,DM,LIB_1514
CELL_1515,0.4357598214250259,Tipo_0_Inicial,48,GM,LIB_1515
CELL_1516,0.015183237062831378,Tipo_0_Inicial,72,DM,LIB_1516
CELL_1517,2.0852658528155033,Tipo_2_Intermediario_2,0,GM,LIB_1517
CELL_1518,4.566164020132954,Tipo_3_Final,24,DM,LIB_1518
CELL_1519,0.558058688555547,Tipo_1_Intermediario_1,48,GM,LIB_1519
CELL_1520,5.235538332447438,Tipo_3_Final,72,DM,LIB_1520
CELL_1521,0.12431980387744128,Tipo_0_Inicial,0,GM,LIB_1521
CELL_1522,5.449457846000236,Tipo_3_Final,24,DM,LIB_1522
CELL_1523,0.8665649586130768,Tipo_1_Intermediario_1,48,GM,LIB_1523
CELL_1524,0.21388092278387372,Tipo_0_Inicial,72,DM,LIB_1524
CELL_1525,1.3305650977988233,Tipo_1_Intermediario_1,0,GM,LIB_1525
CELL_1526,0.5935171261563438,Tipo_1_Intermediario_1,24,DM,LIB_1526
CELL_1527,0.6705899851833239,Tipo_1_Intermediario_1,48,GM,LIB_1527
CELL_1528,0.7342875743225572,Tipo_1_Intermediario_1,72,DM,LIB_1528
CELL_1529,3.249366039930847,Tipo_3_Final,0,GM,LIB_1529
CELL_1530,1.5494142762765208,Tipo_2_Intermediario_2,24,DM,LIB_1530
CELL_1531,0.7459213915069051,Tipo_1_Intermediario_1,48,GM,LIB_1531
CELL_1532,1.8849295219090247,Tipo_2_Intermediario_2,72,DM,LIB_1532
CELL_1533,2.5186234492962027,Tipo_2_Intermediario_2,0,GM,LIB_1533
CELL_1534,0.6366234844160921,Tipo_1_Intermediario_1,24,DM,LIB_1534
CELL_1535,1.0673326679182042,Tipo_1_Intermediario_1,48,GM,LIB_1535
CELL_1536,0.2599579190428011,Tipo_0_Inicial,72,DM,LIB_1536
CELL_1537,0.39970713544427744,Tipo_0_Inicial,0,GM,LIB_1537
CELL_1538,2.2858673852523403,Tipo_2_Intermediario_2,24,DM,LIB_1538
CELL_1539,0.4004131229672945,Tipo_0_Inicial,48,GM,LIB_1539
CELL_1540,1.4895689994642,Tipo_2_Intermediario_2,72,DM,LIB_1540
CELL_1541,2.469181998879371,Tipo_2_Intermediario_2,0,GM,LIB_1541
CELL_1542,0.22606176704094086,Tipo_0_Inicial,24,DM,LIB_1542
CELL_1543,1.6754777451362937,Tipo_2_Intermediario_2,48,GM,LIB_1543
CELL_1544,0.5929419201849683,Tipo_1_Intermediario_1,72,DM,LIB_1544
CELL_1545,6.589725943615852,Tipo_3_Final,0,GM,LIB_1545
CELL_1546,1.3215367426536142,Tipo_1_Intermediario_1,24,DM,LIB_1546
CELL_1547,3.2797174348707183,Tipo_3_Final,48,GM,LIB_1547
CELL_1548,1.5980224999872223,Tipo_2_Intermediario_2,72,DM,LIB_1548
CELL_1549,0.08876609855973225,Tipo_0_Inicial,0,GM,LIB_1549
CELL_1550,2.0056119671487047,Tipo_2_Intermediario_2,24,DM,LIB_1550
CELL_1551,6.048401040249465,Tipo_3_Final,48,GM,LIB_1551
CELL_1552,1.840656845507649,Tipo_2_Intermediario_2,72,DM,LIB_1552
CELL_1553,3.4206044294154583,Tipo_3_Final,0,GM,LIB_1553
CELL_1554,4.3118930603080665,Tipo_3_Final,24,DM,LIB_1554
CELL_1555,0.5177481316730005,Tipo_0_Inicial,48,GM,LIB_1555
CELL_1556,0.4766281883603115,Tipo_0_Inicial,72,DM,LIB_1556
CELL_1557,1.8882541294190607,Tipo_2_Intermediario_2,0,GM,LIB_1557
CELL_1558,1.0587548646671545,Tipo_1_Intermediario_1,24,DM,LIB_1558
CELL_1559,3.6634299643378476,Tipo_3_Final,48,GM,LIB_1559
CELL_1560,4.605632707425712,Tipo_3_Final,72,DM,LIB_1560
CELL_1561,0.8721209568470294,Tipo_1_Intermediario_1,0,GM,LIB_1561
CELL_1562,0.5406552292168861,Tipo_0_Inicial,24,DM,LIB_1562
CELL_1563,3.0330385915848974,Tipo_3_Final,48,GM,LIB_1563
CELL_1564,0.6426322454683315,Tipo_1_Intermediario_1,72,DM,LIB_1564
CELL_1565,3.45885785103807,Tipo_3_Final,0,GM,LIB_1565
CELL_1566,1.1023866015108204,Tipo_1_Intermediario_1,24,DM,LIB_1566
CELL_1567,2.2025310064107404,Tipo_2_Intermediario_2,48,GM,LIB_1567
CELL_1568,0.2008240345822516,Tipo_0_Inicial,72,DM,LIB_1568
CELL_1569,1.9555841381307484,Tipo_2_Intermediario_2,0,GM,LIB_1569
CELL_1570,1.20211227592557,Tipo_1_Intermediario_1,24,DM,LIB_1570
CELL_1571,1.7667202081332096,Tipo_2_Intermediario_2,48,GM,LIB_1571
CELL_1572,0.36787982984631584,Tipo_0_Inicial,72,DM,LIB_1572
CELL_1573,2.6702426094970653,Tipo_2_Intermediario_2,0,GM,LIB_1573
CELL_1574,3.9725885264237553,Tipo_3_Final,24,DM,LIB_1574
CELL_1575,0.48858065337707873,Tipo_0_Inicial,48,GM,LIB_1575
CELL_1576,0.20122042252560193,Tipo_0_Inicial,72,DM,LIB_1576
CELL_1577,0.04784491986314798,Tipo_0_Inicial,0,GM,LIB_1577
CELL_1578,2.0542853760991746,Tipo_2_Intermediario_2,24,DM,LIB_1578
CELL_1579,1.868369946647836,Tipo_2_Intermediario_2,48,GM,LIB_1579
CELL_1580,1.5823908267671314,Tipo_2_Intermediario_2,72,DM,LIB_1580
CELL_1581,0.5277933258825777,Tipo_0_Inicial,0,GM,LIB_1581
CELL_1582,0.9915653301304104,Tipo_1_Intermediario_1,24,DM,LIB_1582
CELL_1583,1.805152095078644,Tipo_2_Intermediario_2,48,GM,LIB_1583
CELL_1584,1.3734034299838318,Tipo_1_Intermediario_1,72,DM,LIB_1584
CELL_1585,8.810266326762653,Tipo_3_Final,0,GM,LIB_1585
CELL_1586,0.29338322523065463,Tipo_0_Inicial,24,DM,LIB_1586
CELL_1587,2.3758351248409273,Tipo_2_Intermediario_2,48,GM,LIB_1587
CELL_1588,1.0360992016207988,Tipo_1_Intermediario_1,72,DM,LIB_1588
CELL_1589,1.1179306513034315,Tipo_1_Intermediario_1,0,GM,LIB_1589
CELL_1590,2.528845722838106,Tipo_2_Intermediario_2,24,DM,LIB_1590
CELL_1591,2.358145150639629,Tipo_2_Intermediario_2,48,GM,LIB_1591
CELL_1592,9.47877361572874,Tipo_3_Final,72,DM,LIB_1592
CELL_1593,0.2748362482731662,Tipo_0_Inicial,0,GM,LIB_1593
CELL_1594,0.21987450008131082,Tipo_0_Inicial,24,DM,LIB_1594
CELL_1595,2.5771655313470845,Tipo_2_Intermediario_2,48,GM,LIB_1595
CELL_1596,1.7273345009359609,Tipo_2_Intermediario_2,72,DM,LIB_1596
CELL_1597,0.6408531849000523,Tipo_1_Intermediario_1,0,GM,LIB_1597
CELL_1598,0.16550137469559495,Tipo_0_Inicial,24,DM,LIB_1598
CELL_1599,0.17910174212781588,Tipo_0_Inicial,48,GM,LIB_1599
CELL_1600,4.492237024931178,Tipo_3_Final,72,DM,LIB_1600
CELL_1601,0.42605806371992805,Tipo_0_Inicial,0,GM,LIB_1601
CELL_1602,0.7812659858951616,Tipo_1_Intermediario_1,24,DM,LIB_1602
CELL_1603,0.5140636601912666,Tipo_0_Inicial,48,GM,LIB_1603
CELL_1604,0.8769984696208415,Tipo_1_Intermediario_1,72,DM,LIB_1604
CELL_1605,0.14390272146325966,Tipo_0_Inicial,0,GM,LIB_1605
CELL_1606,1.4640246440510696,Tipo_2_Intermediario_2,24,DM,LIB_1606
CELL_1607,0.14001369275488273,Tipo_0_Inicial,48,GM,LIB_1607
CELL_1608,3.222444084318504,Tipo_3_Final,72,DM,LIB_1608
CELL_1609,0.532394615368412,Tipo_0_Inicial,0,GM,LIB_1609
CELL_1610,1.5531093822971893,Tipo_2_Intermediario_2,24,DM,LIB_1610
CELL_1611,4.241845632979484,Tipo_3_Final,48,GM,LIB_1611
CELL_1612,2.104664080820528,Tipo_2_Intermediario_2,72,DM,LIB_1612
CELL_1613,1.5226712651494634,Tipo_2_Intermediario_2,0,GM,LIB_1613
CELL_1614,0.7841120849682921,Tipo_1_Intermediario_1,24,DM,LIB_1614
CELL_1615,0.8099362024476936,Tipo_1_Intermediario_1,48,GM,LIB_1615
CELL_1616,2.2142183011394723,Tipo_2_Intermediario_2,72,DM,LIB_1616
CELL_1617,10.278993349414609,Tipo_3_Final,0,GM,LIB_1617
CELL_1618,2.1684674539304623,Tipo_2_Intermediario_2,24,DM,LIB_1618
CELL_1619,1.6319110219359625,Tipo_2_Intermediario_2,48,GM,LIB_1619
CELL_1620,2.6234910483856226,Tipo_2_Intermediario_2,72,DM,LIB_1620
CELL_1621,1.2517458559648178,Tipo_1_Intermediario_1,0,GM,LIB_1621
CELL_1622,0.1240536869664351,Tipo_0_Inicial,24,DM,LIB_1622
CELL_1623,1.652428520287922,Tipo_2_Intermediario_2,48,GM,LIB_1623
CELL_1624,6.32240685459067,Tipo_3_Final,72,DM,LIB_1624
CELL_1625,0.38547832588140707,Tipo_0_Inicial,0,GM,LIB_1625
CELL_1626,2.342397516936516,Tipo_2_Intermediario_2,24,DM,LIB_1626
CELL_1627,0.4486226874845159,Tipo_0_Inicial,48,GM,LIB_1627
CELL_1628,1.534998852052893,Tipo_2_Intermediario_2,72,DM,LIB_1628
CELL_1629,0.20334896740472178,Tipo_0_Inicial,0,GM,LIB_1629
CELL_1630,1.1970233156917613,Tipo_1_Intermediario_1,24,DM,LIB_1630
CELL_1631,2.8225133170849133,Tipo_3_Final,48,GM,LIB_1631
CELL_1632,0.8541075229709083,Tipo_1_Intermediario_1,72,DM,LIB_1632
CELL_1633,2.186722545752177,Tipo_2_Intermediario_2,0,GM,LIB_1633
CELL_1634,3.1738852858327005,Tipo_3_Final,24,DM,LIB_1634
CELL_1635,5.239469385408418,Tipo_3_Final,48,GM,LIB_1635
CELL_1636,0.5348233754311112,Tipo_0_Inicial,72,DM,LIB_1636
CELL_1637,1.0193722658290696,Tipo_1_Intermediario_1,0,GM,LIB_1637
CELL_1638,0.3307306906448056,Tipo_0_Inicial,24,DM,LIB_1638
CELL_1639,9.78130992409611,Tipo_3_Final,48,GM,LIB_1639
CELL_1640,5.234618194317145,Tipo_3_Final,72,DM,LIB_1640
CELL_1641,1.5528711975982454,Tipo_2_Intermediario_2,0,GM,LIB_1641
CELL_1642,3.6907419841239433,Tipo_3_Final,24,DM,LIB_1642
CELL_1643,1.4719339105965725,Tipo_2_Intermediario_2,48,GM,LIB_1643
CELL_1644,1.9541296972434616,Tipo_2_Intermediario_2,72,DM,LIB_1644
CELL_1645,0.1866979590860436,Tipo_0_Inicial,0,GM,LIB_1645
CELL_1646,2.8152028703114778,Tipo_3_Final,24,DM,LIB_1646
CELL_1647,0.27327467045781423,Tipo_0_Inicial,48,GM,LIB_1647
CELL_1648,3.4981774698706785,Tipo_3_Final,72,DM,LIB_1648
CELL_1649,3.0467781340373303,Tipo_3_Final,0,GM,LIB_1649
CELL_1650,2.467110138187218,Tipo_2_Intermediario_2,24,DM,LIB_1650
CELL_1651,0.07366073610310624,Tipo_0_Inicial,48,GM,LIB_1651
CELL_1652,0.7223080801031003,Tipo_1_Intermediario_1,72,DM,LIB_1652
CELL_1653,0.610640278358255,Tipo_1_Intermediario_1,0,GM,LIB_1653
CELL_1654,0.893000524039034,Tipo_1_Intermediario_1,24,DM,LIB_1654
CELL_1655,0.18344728114475525,Tipo_0_Inicial,48,GM,LIB_1655
CELL_1656,5.527902601784148,Tipo_3_Final,72,DM,LIB_1656
CELL_1657,1.613986037526363,Tipo_2_Intermediario_2,0,GM,LIB_1657
CELL_1658,0.7291962438952043,Tipo_1_Intermediario_1,24,DM,LIB_1658
CELL_1659,1.0116148622131982,Tipo_1_Intermediario_1,48,GM,LIB_1659
CELL_1660,1.1855272044852605,Tipo_1_Intermediario_1,72,DM,LIB_1660
CELL_1661,1.835555340441584,Tipo_2_Intermediario_2,0,GM,LIB_1661
CELL_1662,1.4500165040908792,Tipo_2_Intermediario_2,24,DM,LIB_1662
CELL_1663,5.036314093035293,Tipo_3_Final,48,GM,LIB_1663
CELL_1664,1.374185025841579,Tipo_1_Intermediario_1,72,DM,LIB_1664
CELL_1665,9.69652653072047,Tipo_3_Final,0,GM,LIB_1665
CELL_1666,3.8133302266565607,Tipo_3_Final,24,DM,LIB_1666
CELL_1667,0.46767736767886375,Tipo_0_Inicial,48,GM,LIB_1667
CELL_1668,5.335598921177708,Tipo_3_Final,72,DM,LIB_1668
CELL_1669,0.2474255590198859,Tipo_0_Inicial,0,GM,LIB_1669
CELL_1670,3.4014591480214516,Tipo_3_Final,24,DM,LIB_1670
CELL_1671,0.9580832373341943,Tipo_1_Intermediario_1,48,GM,LIB_1671
CELL_1672,4.207047536486472,Tipo_3_Final,72,DM,LIB_1672
CELL_1673,4.0507658383112535,Tipo_3_Final,0,GM,LIB_1673
CELL_1674,3.279025316714895,Tipo_3_Final,24,DM,LIB_1674
CELL_1675,3.121585387128522,Tipo_3_Final,48,GM,LIB_1675
CELL_1676,0.7267637391835735,Tipo_1_Intermediario_1,72,DM,LIB_1676
CELL_1677,0.16876265840149893,Tipo_0_Inicial,0,GM,LIB_1677
CELL_1678,1.0316099294845993,Tipo_1_Intermediario_1,24,DM,LIB_1678
CELL_1679,0.3811700467333151,Tipo_0_Inicial,48,GM,LIB_1679
CELL_1680,2.374566301954948,Tipo_2_Intermediario_2,72,DM,LIB_1680
CELL_1681,0.8496008524262127,Tipo_1_Intermediario_1,0,GM,LIB_1681
CELL_1682,7.427180604254166,Tipo_3_Final,24,DM,LIB_1682
CELL_1683,2.0487102290722485,Tipo_2_Intermediario_2,48,GM,LIB_1683
CELL_1684,3.4573503508198753,Tipo_3_Final,72,DM,LIB_1684
CELL_1685,0.2843364175331189,Tipo_0_Inicial,0,GM,LIB_1685
CELL_1686,3.961213086672902,Tipo_3_Final,24,DM,LIB_1686
CELL_1687,5.121602897232266,Tipo_3_Final,48,GM,LIB_1687
CELL_1688,1.3352002810964987,Tipo_1_Intermediario_1,72,DM,LIB_1688
CELL_1689,1.8640930996499812,Tipo_2_Intermediario_2,0,GM,LIB_1689
CELL_1690,2.8947214686636755,Tipo_3_Final,24,DM,LIB_1690
CELL_1691,0.38435261690915856,Tipo_0_Inicial,48,GM,LIB_1691
CELL_1692,1.396585096432789,Tipo_2_Intermediario_2,72,DM,LIB_1692
CELL_1693,1.0171996313391356,Tipo_1_Intermediario_1,0,GM,LIB_1693
CELL_1694,0.31652422209052206,Tipo_0_Inicial,24,DM,LIB_1694
CELL_1695,0.916258964913463,Tipo_1_Intermediario_1,48,GM,LIB_1695
CELL_1696,0.14121472540822042,Tipo_0_Inicial,72,DM,LIB_1696
CELL_1697,0.05230175993762529,Tipo_0_Inicial,0,GM,LIB_1697
CELL_1698,0.2904360646571272,Tipo_0_Inicial,24,DM,LIB_1698
CELL_1699,6.599906679954215,Tipo_3_Final,48,GM,LIB_1699
CELL_1700,1.5949255331162457,Tipo_2_Intermediario_2,72,DM,LIB_1700
CELL_1701,6.7523556637682125,Tipo_3_Final,0,GM,LIB_1701
CELL_1702,1.1330215820164997,Tipo_1_Intermediario_1,24,DM,LIB_1702
CELL_1703,0.7473984566614081,Tipo_1_Intermediario_1,48,GM,LIB_1703
CELL_1704,1.4110139495545995,Tipo_2_Intermediario_2,72,DM,LIB_1704
CELL_1705,1.1578937812530967,Tipo_1_Intermediario_1,0,GM,LIB_1705
CELL_1706,0.22334900119678386,Tipo_0_Inicial,24,DM,LIB_1706
CELL_1707,2.0478984087949854,Tipo_2_Intermediario_2,48,GM,LIB_1707
CELL_1708,0.4867899239966613,Tipo_0_Inicial,72,DM,LIB_1708
CELL_1709,1.9330005690115275,Tipo_2_Intermediario_2,0,GM,LIB_1709
CELL_1710,2.1007936786492394,Tipo_2_Intermediario_2,24,DM,LIB_1710
CELL_1711,0.32980790310889285,Tipo_0_Inicial,48,GM,LIB_1711
CELL_1712,0.12662441790106277,Tipo_0_Inicial,72,DM,LIB_1712
CELL_1713,3.0351909864478603,Tipo_3_Final,0,GM,LIB_1713
CELL_1714,1.2316332441827726,Tipo_1_Intermediario_1,24,DM,LIB_1714
CELL_1715,0.11984780020763171,Tipo_0_Inicial,48,GM,LIB_1715
CELL_1716,10.54386395347333,Tipo_3_Final,72,DM,LIB_1716
CELL_1717,0.11903416284884737,Tipo_0_Inicial,0,GM,LIB_1717
CELL_1718,2.3751180270003025,Tipo_2_Intermediario_2,24,DM,LIB_1718
CELL_1719,8.230596155313906,Tipo_3_Final,48,GM,LIB_1719
CELL_1720,0.546717233914294,Tipo_0_Inicial,72,DM,LIB_1720
CELL_1721,0.3068837224671699,Tipo_0_Inicial,0,GM,LIB_1721
CELL_1722,0.2588168120480187,Tipo_0_Inicial,24,DM,LIB_1722
CELL_1723,0.7227294118822196,Tipo_1_Intermediario_1,48,GM,LIB_1723
CELL_1724,0.21304640710312298,Tipo_0_Inicial,72,DM,LIB_1724
CELL_1725,2.3563589398563667,Tipo_2_Intermediario_2,0,GM,LIB_1725
CELL_1726,0.12863292759905418,Tipo_0_Inicial,24,DM,LIB_1726
CELL_1727,1.4243425048692737,Tipo_2_Intermediario_2,48,GM,LIB_1727
CELL_1728,11.42575977359987,Tipo_3_Final,72,DM,LIB_1728
CELL_1729,3.363697553353431,Tipo_3_Final,0,GM,LIB_1729
CELL_1730,1.9101641532397473,Tipo_2_Intermediario_2,24,DM,LIB_1730
CELL_1731,0.7312976661739705,Tipo_1_Intermediario_1,48,GM,LIB_1731
CELL_1732,1.9557782856380472,Tipo_2_Intermediario_2,72,DM,LIB_1732
CELL_1733,1.4974951117590685,Tipo_2_Intermediario_2,0,GM,LIB_1733
CELL_1734,1.1105423226333915,Tipo_1_Intermediario_1,24,DM,LIB_1734
CELL_1735,0.28015785172069024,Tipo_0_Inicial,48,GM,LIB_1735
CELL_1736,4.353742119624095,Tipo_3_Final,72,DM,LIB_1736
CELL_1737,1.1948910595855644,Tipo_1_Intermediario_1,0,GM,LIB_1737
CELL_1738,0.43288836412282716,Tipo_0_Inicial,24,DM,LIB_1738
CELL_1739,0.9169703667658705,Tipo_1_Intermediario_1,48,GM,LIB_1739
CELL_1740,1.069313869240268,Tipo_1_Intermediario_1,72,DM,LIB_1740
CELL_1741,3.5151555021810665,Tipo_3_Final,0,GM,LIB_1741
CELL_1742,2.6456206457185565,Tipo_2_Intermediario_2,24,DM,LIB_1742
CELL_1743,2.9333166523403835,Tipo_3_Final,48,GM,LIB_1743
CELL_1744,0.022185120043067726,Tipo_0_Inicial,72,DM,LIB_1744
CELL_1745,1.0762360528819508,Tipo_1_Intermediario_1,0,GM,LIB_1745
CELL_1746,1.3130294420763213,Tipo_1_Intermediario_1,24,DM,LIB_1746
CELL_1747,0.0387576789328926,Tipo_0_Inicial,48,GM,LIB_1747
CELL_1748,0.6017054080436526,Tipo_1_Intermediario_1,72,DM,LIB_1748
CELL_1749,2.856649363428756,Tipo_3_Final,0,GM,LIB_1749
CELL_1750,0.29493543466777855,Tipo_0_Inicial,24,DM,LIB_1750
CELL_1751,1.5327700905297164,Tipo_2_Intermediario_2,48,GM,LIB_1751
CELL_1752,0.48465751215378755,Tipo_0_Inicial,72,DM,LIB_1752
CELL_1753,0.02438966049755524,Tipo_0_Inicial,0,GM,LIB_1753
CELL_1754,0.5520379237005987,Tipo_0_Inicial,24,DM,LIB_1754
CELL_1755,7.448910046285756,Tipo_3_Final,48,GM,LIB_1755
CELL_1756,3.2343063159230945,Tipo_3_Final,72,DM,LIB_1756
CELL_1757,6.416695100382467,Tipo_3_Final,0,GM,LIB_1757
CELL_1758,1.338291248222336,Tipo_1_Intermediario_1,24,DM,LIB_1758
CELL_1759,0.232474908390385,Tipo_0_Inicial,48,GM,LIB_1759
CELL_1760,1.587966954003389,Tipo_2_Intermediario_2,72,DM,LIB_1760
CELL_1761,1.211655262173857,Tipo_1_Intermediario_1,0,GM,LIB_1761
CELL_1762,3.7203817747996184,Tipo_3_Final,24,DM,LIB_1762
CELL_1763,0.20646463217324765,Tipo_0_Inicial,48,GM,LIB_1763
CELL_1764,1.3398034712596925,Tipo_1_Intermediario_1,72,DM,LIB_1764
CELL_1765,0.3251523674358489,Tipo_0_Inicial,0,GM,LIB_1765
CELL_1766,0.7851251900274089,Tipo_1_Intermediario_1,24,DM,LIB_1766
CELL_1767,2.6739197560495818,Tipo_2_Intermediario_2,48,GM,LIB_1767
CELL_1768,1.2925963865832355,Tipo_1_Intermediario_1,72,DM,LIB_1768
CELL_1769,0.9428517928431852,Tipo_1_Intermediario_1,0,GM,LIB_1769
CELL_1770,1.0033230803171564,Tipo_1_Intermediario_1,24,DM,LIB_1770
CELL_1771,1.2303243218338464,Tipo_1_Intermediario_1,48,GM,LIB_1771
CELL_1772,3.074388403788928,Tipo_3_Final,72,DM,LIB_1772
CELL_1773,4.452817032647493,Tipo_3_Final,0,GM,LIB_1773
CELL_1774,6.2171161260445995,Tipo_3_Final,24,DM,LIB_1774
CELL_1775,3.0920192609113952,Tipo_3_Final,48,GM,LIB_1775
CELL_1776,0.7578612512081025,Tipo_1_Intermediario_1,72,DM,LIB_1776
CELL_1777,2.330367869362041,Tipo_2_Intermediario_2,0,GM,LIB_1777
CELL_1778,1.1510949867297877,Tipo_1_Intermediario_1,24,DM,LIB_1778
CELL_1779,0.5878580804979554,Tipo_1_Intermediario_1,48,GM,LIB_1779
CELL_1780,3.676087452381157,Tipo_3_Final,72,DM,LIB_1780
CELL_1781,0.07836823348751211,Tipo_0_Inicial,0,GM,LIB_1781
CELL_1782,4.640724186080744,Tipo_3_Final,24,DM,LIB_1782
CELL_1783,1.2378518696785592,Tipo_1_Intermediario_1,48,GM,LIB_1783
CELL_1784,2.027815262669115,Tipo_2_Intermediario_2,72,DM,LIB_1784
CELL_1785,2.1538224714325245,Tipo_2_Intermediario_2,0,GM,LIB_1785
CELL_1786,4.509833796118041,Tipo_3_Final,24,DM,LIB_1786
CELL_1787,2.0248857840085424,Tipo_2_Intermediario_2,48,GM,LIB_1787
CELL_1788,1.903491728221744,Tipo_2_Intermediario_2,72,DM,LIB_1788
CELL_1789,0.1379544015638108,Tipo_0_Inicial,0,GM,LIB_1789
CELL_1790,1.4613160839784363,Tipo_2_Intermediario_2,24,DM,LIB_1790
CELL_1791,0.325435547513243,Tipo_0_Inicial,48,GM,LIB_1791
CELL_1792,2.67450383828549,Tipo_2_Intermediario_2,72,DM,LIB_1792
CELL_1793,1.4357894646508567,Tipo_2_Intermediario_2,0,GM,LIB_1793
CELL_1794,2.2802926933430165,Tipo_2_Intermediario_2,24,DM,LIB_1794
CELL_1795,0.0851322388327087,Tipo_0_Inicial,48,GM,LIB_1795
CELL_1796,0.17720786933695706,Tipo_0_Inicial,72,DM,LIB_1796
CELL_1797,2.519840759965853,Tipo_2_Intermediario_2,0,GM,LIB_1797
CELL_1798,0.14962885926925268,Tipo_0_Inicial,24,DM,LIB_1798
CELL_1799,0.14784585373802417,Tipo_0_Inicial,48,GM,LIB_1799
CELL_1800,0.024364760019591942,Tipo_0_Inicial,72,DM,LIB_1800
CELL_1801,6.270052972439578,Tipo_3_Final,0,GM,LIB_1801
CELL_1802,2.6750720860313217,Tipo_2_Intermediario_2,24,DM,LIB_1802
CELL_1803,0.8715952714673983,Tipo_1_Intermediario_1,48,GM,LIB_1803
CELL_1804,0.7034759624601976,Tipo_1_Intermediario_1,72,DM,LIB_1804
CELL_1805,0.8606529013337602,Tipo_1_Intermediario_1,0,GM,LIB_1805
CELL_1806,2.9802323994633007,Tipo_3_Final,24,DM,LIB_1806
CELL_1807,2.1656980352570065,Tipo_2_Intermediario_2,48,GM,LIB_1807
CELL_1808,0.4096143102199993,Tipo_0_Inicial,72,DM,LIB_1808
CELL_1809,0.3825857629100438,Tipo_0_Inicial,0,GM,LIB_1809
CELL_1810,0.20715898238867897,Tipo_0_Inicial,24,DM,LIB_1810
CELL_1811,2.1594008200670256,Tipo_2_Intermediario_2,48,GM,LIB_1811
CELL_1812,2.8910075984474317,Tipo_3_Final,72,DM,LIB_1812
CELL_1813,0.6158958991071806,Tipo_1_Intermediario_1,0,GM,LIB_1813
CELL_1814,0.042334836903230255,Tipo_0_Inicial,24,DM,LIB_1814
CELL_1815,0.1714898149138722,Tipo_0_Inicial,48,GM,LIB_1815
CELL_1816,6.875310005674686,Tipo_3_Final,72,DM,LIB_1816
CELL_1817,0.7003771306072507,Tipo_1_Intermediario_1,0,GM,LIB_1817
CELL_1818,2.9326080866080404,Tipo_3_Final,24,DM,LIB_1818
CELL_1819,1.959865010976076,Tipo_2_Intermediario_2,48,GM,LIB_1819
CELL_1820,0.9623383116586516,Tipo_1_Intermediario_1,72,DM,LIB_1820
CELL_1821,0.46055603791180705,Tipo_0_Inicial,0,GM,LIB_1821
CELL_1822,0.2588201781142023,Tipo_0_Inicial,24,DM,LIB_1822
CELL_1823,1.909091256958961,Tipo_2_Intermediario_2,48,GM,LIB_1823
CELL_1824,2.9800571166818353,Tipo_3_Final,72,DM,LIB_1824
CELL_1825,2.065111267127418,Tipo_2_Intermediario_2,0,GM,LIB_1825
CELL_1826,1.5113312553729448,Tipo_2_Intermediario_2,24,DM,LIB_1826
CELL_1827,0.08571317461821808,Tipo_0_Inicial,48,GM,LIB_1827
CELL_1828,6.914823059507108,Tipo_3_Final,72,DM,LIB_1828
CELL_1829,3.20605889768872,Tipo_3_Final,0,GM,LIB_1829
CELL_1830,0.6929458572752945,Tipo_1_Intermediario_1,24,DM,LIB_1830
CELL_1831,7.821081145434436,Tipo_3_Final,48,GM,LIB_1831
CELL_1832,1.84201160893896,Tipo_2_Intermediario_2,72,DM,LIB_1832
CELL_1833,1.7465710040897007,Tipo_2_Intermediario_2,0,GM,LIB_1833
CELL_1834,2.757233256410029,Tipo_3_Final,24,DM,LIB_1834
CELL_1835,3.3401790676877536,Tipo_3_Final,48,GM,LIB_1835
CELL_1836,2.137011781496099,Tipo_2_Intermediario_2,72,DM,LIB_1836
CELL_1837,0.2741513239607699,Tipo_0_Inicial,0,GM,LIB_1837
CELL_1838,0.8257877846310165,Tipo_1_Intermediario_1,24,DM,LIB_1838
CELL_1839,5.2645030128484125,Tipo_3_Final,48,GM,LIB_1839
CELL_1840,0.5087927757418879,Tipo_0_Inicial,72,DM,LIB_1840
CELL_1841,0.9309622188253593,Tipo_1_Intermediario_1,0,GM,LIB_1841
CELL_1842,1.131538453437462,Tipo_1_Intermediario_1,24,DM,LIB_1842
CELL_1843,1.157513081846666,Tipo_1_Intermediario_1,48,GM,LIB_1843
CELL_1844,1.8983489611044637,Tipo_2_Intermediario_2,72,DM,LIB_1844
CELL_1845,5.7320707675603915,Tipo_3_Final,0,GM,LIB_1845
CELL_1846,0.5506974485483729,Tipo_0_Inicial,24,DM,LIB_1846
CELL_1847,0.2590818760099047,Tipo_0_Inicial,48,GM,LIB_1847
CELL_1848,0.43997330378772953,Tipo_0_Inicial,72,DM,LIB_1848
CELL_1849,4.359406162201104,Tipo_3_Final,0,GM,LIB_1849
CELL_1850,2.0758481621524556,Tipo_2_Intermediario_2,24,DM,LIB_1850
CELL_1851,0.6734835557580368,Tipo_1_Intermediario_1,48,GM,LIB_1851
CELL_1852,3.385062375549441,Tipo_3_Final,72,DM,LIB_1852
CELL_1853,3.951893478399391,Tipo_3_Final,0,GM,LIB_1853
CELL_1854,3.748296255962151,Tipo_3_Final,24,DM,LIB_1854
CELL_1855,5.024799086548464,Tipo_3_Final,48,GM,LIB_1855
CELL_1856,0.5813491448292308,Tipo_1_Intermediario_1,72,DM,LIB_1856
CELL_1857,2.813336441646111,Tipo_3_Final,0,GM,LIB_1857
CELL_1858,1.2343714157042285,Tipo_1_Intermediario_1,24,DM,LIB_1858
CELL_1859,3.6903021741469035,Tipo_3_Final,48,GM,LIB_1859
CELL_1860,2.6075176038695136,Tipo_2_Intermediario_2,72,DM,LIB_1860
CELL_1861,2.9962175077311857,Tipo_3_Final,0,GM,LIB_1861
CELL_1862,2.1351683813684184,Tipo_2_Intermediario_2,24,DM,LIB_1862
CELL_1863,0.39064039524789174,Tipo_0_Inicial,48,GM,LIB_1863
CELL_1864,1.5750340483844092,Tipo_2_Intermediario_2,72,DM,LIB_1864
CELL_1865,8.35585319003389,Tipo_3_Final,0,GM,LIB_1865
CELL_1866,5.541598776014865,Tipo_3_Final,24,DM,LIB_1866
CELL_1867,0.08826689223517215,Tipo_0_Inicial,48,GM,LIB_1867
CELL_1868,0.36020360230150983,Tipo_0_Inicial,72,DM,LIB_1868
CELL_1869,0.2825022803053705,Tipo_0_Inicial,0,GM,LIB_1869
CELL_1870,2.589107708120774,Tipo_2_Intermediario_2,24,DM,LIB_1870
CELL_1871,3.4051395613916924,Tipo_3_Final,48,GM,LIB_1871
CELL_1872,0.48035401670010575,Tipo_0_Inicial,72,DM,LIB_1872
CELL_1873,1.409843227679058,Tipo_2_Intermediario_2,0,GM,LIB_1873
CELL_1874,3.6739701409556074,Tipo_3_Final,24,DM,LIB_1874
CELL_1875,2.639527237294353,Tipo_2_Intermediario_2,48,GM,LIB_1875
CELL_1876,1.56280828990759,Tipo_2_Intermediario_2,72,DM,LIB_1876
CELL_1877,1.7848930091400645,Tipo_2_Intermediario_2,0,GM,LIB_1877
CELL_1878,1.420019300136812,Tipo_2_Intermediario_2,24,DM,LIB_1878
CELL_1879,0.706357700003241,Tipo_1_Intermediario_1,48,GM,LIB_1879
CELL_1880,1.664919614936311,Tipo_2_Intermediario_2,72,DM,LIB_1880
CELL_1881,2.335187262193625,Tipo_2_Intermediario_2,0,GM,LIB_1881
CELL_1882,4.132228150214905,Tipo_3_Final,24,DM,LIB_1882
CELL_1883,2.022804309749709,Tipo_2_Intermediario_2,48,GM,LIB_1883
CELL_1884,2.8636007591710517,Tipo_3_Final,72,DM,LIB_1884
CELL_1885,0.3488773409782476,Tipo_0_Inicial,0,GM,LIB_1885
CELL_1886,1.238149037332752,Tipo_1_Intermediario_1,24,DM,LIB_1886
CELL_1887,0.018750864328912313,Tipo_0_Inicial,48,GM,LIB_1887
CELL_1888,0.5665273347157338,Tipo_1_Intermediario_1,72,DM,LIB_1888
CELL_1889,2.5926273712225716,Tipo_2_Intermediario_2,0,GM,LIB_1889
CELL_1890,9.609670881772278,Tipo_3_Final,24,DM,LIB_1890
CELL_1891,0.20889541942218554,Tipo_0_Inicial,48,GM,LIB_1891
CELL_1892,1.0266385134428386,Tipo_1_Intermediario_1,72,DM,LIB_1892
CELL_1893,3.2195856378034966,Tipo_3_Final,0,GM,LIB_1893
CELL_1894,0.4564017225231275,Tipo_0_Inicial,24,DM,LIB_1894
CELL_1895,1.6197438246952314,Tipo_2_Intermediario_2,48,GM,LIB_1895
CELL_1896,2.641547365136271,Tipo_2_Intermediario_2,72,DM,LIB_1896
CELL_1897,1.9141496743295314,Tipo_2_Intermediario_2,0,GM,LIB_1897
CELL_1898,0.4165708012669001,Tipo_0_Inicial,24,DM,LIB_1898
CELL_1899,0.8782027410459814,Tipo_1_Intermediario_1,48,GM,LIB_1899
CELL_1900,3.063026749787975,Tipo_3_Final,72,DM,LIB_1900
CELL_1901,1.615888670392353,Tipo_2_Intermediario_2,0,GM,LIB_1901
CELL_1902,0.010486671668489952,Tipo_0_Inicial,24,DM,LIB_1902
CELL_1903,2.8625061336552475,Tipo_3_Final,48,GM,LIB_1903
CELL_1904,0.07189975462310841,Tipo_0_Inicial,72,DM,LIB_1904
CELL_1905,2.738746922706088,Tipo_3_Final,0,GM,LIB_1905
CELL_1906,0.45249813730374433,Tipo_0_Inicial,24,DM,LIB_1906
CELL_1907,6.343673439119572,Tipo_3_Final,48,GM,LIB_1907
CELL_1908,0.9175442825792067,Tipo_1_Intermediario_1,72,DM,LIB_1908
CELL_1909,0.7918166886067127,Tipo_1_Intermediario_1,0,GM,LIB_1909
CELL_1910,0.3224232166702378,Tipo_0_Inicial,24,DM,LIB_1910
CELL_1911,0.7294263726977145,Tipo_1_Intermediario_1,48,GM,LIB_1911
CELL_1912,4.185471224353278,Tipo_3_Final,72,DM,LIB_1912
CELL_1913,11.217492461418113,Tipo_3_Final,0,GM,LIB_1913
CELL_1914,0.9187115365375602,Tipo_1_Intermediario_1,24,DM,LIB_1914
CELL_1915,1.190628121020739,Tipo_1_Intermediario_1,48,GM,LIB_1915
CELL_1916,2.5607787424898194,Tipo_2_Intermediario_2,72,DM,LIB_1916
CELL_1917,4.346551358926028,Tipo_3_Final,0,GM,LIB_1917
CELL_1918,1.7981020573572335,Tipo_2_Intermediario_2,24,DM,LIB_1918
CELL_1919,0.9936011989118629,Tipo_1_Intermediario_1,48,GM,LIB_1919
CELL_1920,1.0641728863006745,Tipo_1_Intermediario_1,72,DM,LIB_1920
CELL_1921,2.3789445375116887,Tipo_2_Intermediario_2,0,GM,LIB_1921
CELL_1922,0.00644690670446925,Tipo_0_Inicial,24,DM,LIB_1922
CELL_1923,1.9330078377851705,Tipo_2_Intermediario_2,48,GM,LIB_1923
CELL_1924,0.8785392234594991,Tipo_1_Intermediario_1,72,DM,LIB_1924
CELL_1925,3.1616749762215917,Tipo_3_Final,0,GM,LIB_1925
CELL_1926,0.19520501797971207,Tipo_0_Inicial,24,DM,LIB_1926
CELL_1927,1.7744459787556734,Tipo_2_Intermediario_2,48,GM,LIB_1927
CELL_1928,1.3115983237872229,Tipo_1_Intermediario_1,72,DM,LIB_1928
CELL_1929,2.0562639929492894,Tipo_2_Intermediario_2,0,GM,LIB_1929
CELL_1930,0.13410435702136372,Tipo_0_Inicial,24,DM,LIB_1930
CELL_1931,1.7349239341762885,Tipo_2_Intermediario_2,48,GM,LIB_1931
CELL_1932,1.6487206412057611,Tipo_2_Intermediario_2,72,DM,LIB_1932
CELL_1933,1.644963786201368,Tipo_2_Intermediario_2,0,GM,LIB_1933
CELL_1934,1.8500962654148234,Tipo_2_Intermediario_2,24,DM,LIB_1934
CELL_1935,2.256914115647508,Tipo_2_Intermediario_2,48,GM,LIB_1935
CELL_1936,3.2693986202319856,Tipo_3_Final,72,DM,LIB_1936
CELL_1937,0.6289303722524986,Tipo_1_Intermediario_1,0,GM,LIB_1937
CELL_1938,3.486503377622462,Tipo_3_Final,24,DM,LIB_1938
CELL_1939,1.379329232519219,Tipo_1_Intermediario_1,48,GM,LIB_1939
CELL_1940,0.16037837492673826,Tipo_0_Inicial,72,DM,LIB_1940
CELL_1941,0.12067005215011521,Tipo_0_Inicial,0,GM,LIB_1941
CELL_1942,0.8136470167205098,Tipo_1_Intermediario_1,24,DM,LIB_1942
CELL_1943,3.0732763787940165,Tipo_3_Final,48,GM,LIB_1943
CELL_1944,2.4598187680415684,Tipo_2_Intermediario_2,72,DM,LIB_1944
CELL_1945,3.1081479929471953,Tipo_3_Final,0,GM,LIB_1945
CELL_1946,1.4565916664303762,Tipo_2_Intermediario_2,24,DM,LIB_1946
CELL_1947,1.1603478237958065,Tipo_1_Intermediario_1,48,GM,LIB_1947
CELL_1948,0.3190527684537657,Tipo_0_Inicial,72,DM,LIB_1948
CELL_1949,0.7955676306647306,Tipo_1_Intermediario_1,0,GM,LIB_1949
CELL_1950,1.1383908344384663,Tipo_1_Intermediario_1,24,DM,LIB_1950
CELL_1951,0.18554774320512346,Tipo_0_Inicial,48,GM,LIB_1951
CELL_1952,0.498492443961226,Tipo_0_Inicial,72,DM,LIB_1952
CELL_1953,1.8237275609175219,Tipo_2_Intermediario_2,0,GM,LIB_1953
CELL_1954,2.6610618138194018,Tipo_2_Intermediario_2,24,DM,LIB_1954
CELL_1955,12.810945761268286,Tipo_3_Final,48,GM,LIB_1955
CELL_1956,5.409511208808631,Tipo_3_Final,72,DM,LIB_1956
CELL_1957,2.057604619605745,Tipo_2_Intermediario_2,0,GM,LIB_1957
CELL_1958,1.0937626198971955,Tipo_1_Intermediario_1,24,DM,LIB_1958
CELL_1959,2.022177591559709,Tipo_2_Intermediario_2,48,GM,LIB_1959
CELL_1960,3.0803052694861854,Tipo_3_Final,72,DM,LIB_1960
CELL_1961,0.25188892897206805,Tipo_0_Inicial,0,GM,LIB_1961
CELL_1962,1.0549431023394578,Tipo_1_Intermediario_1,24,DM,LIB_1962
CELL_1963,3.662693023676061,Tipo_3_Final,48,GM,LIB_1963
CELL_1964,0.9684743405698264,Tipo_1_Intermediario_1,72,DM,LIB_1964
CELL_1965,1.6966673924200901,Tipo_2_Intermediario_2,0,GM,LIB_1965
CELL_1966,1.772344565063478,Tipo_2_Intermediario_2,24,DM,LIB_1966
CELL_1967,0.40784947590070186,Tipo_0_Inicial,48,GM,LIB_1967
CELL_1968,0.8995721890978609,Tipo_1_Intermediario_1,72,DM,LIB_1968
CELL_1969,0.8144672081772699,Tipo_1_Intermediario_1,0,GM,LIB_1969
CELL_1970,0.05309191042933922,Tipo_0_Inicial,24,DM,LIB_1970
CELL_1971,0.048978382541060635,Tipo_0_Inicial,48,GM,LIB_1971
CELL_1972,3.563979224278279,Tipo_3_Final,72,DM,LIB_1972
CELL_1973,0.6378524128600701,Tipo_1_Intermediario_1,0,GM,LIB_1973
CELL_1974,1.4599491874370412,Tipo_2_Intermediario_2,24,DM,LIB_1974
CELL_1975,0.7097119801597861,Tipo_1_Intermediario_1,48,GM,LIB_1975
CELL_1976,5.649592072317046,Tipo_3_Final,72,DM,LIB_1976
CELL_1977,0.6003104364011886,Tipo_1_Intermediario_1,0,GM,LIB_1977
CELL_1978,1.1230340328371808,Tipo_1_Intermediario_1,24,DM,LIB_1978
CELL_1979,4.122892866231186,Tipo_3_Final,48,GM,LIB_1979
CELL_1980,3.6894797419642567,Tipo_3_Final,72,DM,LIB_1980
CELL_1981,0.41183902538112394,Tipo_0_Inicial,0,GM,LIB_1981
CELL_1982,3.2454851544975876,Tipo_3_Final,24,DM,LIB_1982
CELL_1983,1.2256682929649099,Tipo_1_Intermediario_1,48,GM,LIB_1983
CELL_1984,1.3193043951075851,Tipo_1_Intermediario_1,72,DM,LIB_1984
CELL_1985,0.2865401137958053,Tipo_0_Inicial,0,GM,LIB_1985
CELL_1986,0.16807128414664674,Tipo_0_Inicial,24,DM,LIB_1986
CELL_1987,2.603460202902878,Tipo_2_Intermediario_2,48,GM,LIB_1987
CELL_1988,1.3721888291937,Tipo_1_Intermediario_1,72,DM,LIB_1988
CELL_1989,1.1484210082822626,Tipo_1_Intermediario_1,0,GM,LIB_1989
CELL_1990,2.615027202630076,Tipo_2_Intermediario_2,24,DM,LIB_1990
CELL_1991,2.9007093979347705,Tipo_3_Final,48,GM,LIB_1991
CELL_1992,0.34610886152079895,Tipo_0_Inicial,72,DM,LIB_1992
CELL_1993,1.884372025833694,Tipo_2_Intermediario_2,0,GM,LIB_1993
CELL_1994,0.29087039905574946,Tipo_0_Inicial,24,DM,LIB_1994
CELL_1995,2.783619775654699,Tipo_3_Final,48,GM,LIB_1995
CELL_1996,2.139788201231888,Tipo_2_Intermediario_2,72,DM,LIB_1996
CELL_1997,6.275265571920649,Tipo_3_Final,0,GM,LIB_1997
CELL_1998,0.14290181501706456,Tipo_0_Inicial,24,DM,LIB_1998
CELL_1999,0.11749405364967493,Tipo_0_Inicial,48,GM,LIB_1999
CELL_2000,0.6630925871897281,Tipo_1_Intermediario_1,72,DM,LIB_2000
CELL_2001,0.6068254627127664,Tipo_1_Intermediario_1,0,GM,LIB_2001
CELL_2002,0.5673237925914545,Tipo_1_Intermediario_1,24,DM,LIB_2002
CELL_2003,4.734344948432619,Tipo_3_Final,48,GM,LIB_2003
CELL_2004,0.5741543771272133,Tipo_1_Intermediario_1,72,DM,LIB_2004
CELL_2005,0.6347703513083895,Tipo_1_Intermediario_1,0,GM,LIB_2005
CELL_2006,2.849224507194322,Tipo_3_Final,24,DM,LIB_2006
CELL_2007,1.194728197730114,Tipo_1_Intermediario_1,48,GM,LIB_2007
CELL_2008,2.9985727965169193,Tipo_3_Final,72,DM,LIB_2008
CELL_2009,0.13520087752385032,Tipo_0_Inicial,0,GM,LIB_2009
CELL_2010,1.3371869842074735,Tipo_1_Intermediario_1,24,DM,LIB_2010
CELL_2011,0.06838304987589966,Tipo_0_Inicial,48,GM,LIB_2011
CELL_2012,0.12940390302126384,Tipo_0_Inicial,72,DM,LIB_2012
CELL_2013,4.738250236290968,Tipo_3_Final,0,GM,LIB_2013
CELL_2014,0.29989159809289007,Tipo_0_Inicial,24,DM,LIB_2014
CELL_2015,1.5203725621244197,Tipo_2_Intermediario_2,48,GM,LIB_2015
CELL_2016,1.0589828438371227,Tipo_1_Intermediario_1,72,DM,LIB_2016
CELL_2017,0.8534081111890731,Tipo_1_Intermediario_1,0,GM,LIB_2017
CELL_2018,4.601839874017654,Tipo_3_Final,24,DM,LIB_2018
CELL_2019,0.044130098710003056,Tipo_0_Inicial,48,GM,LIB_2019
CELL_2020,2.180036761665379,Tipo_2_Intermediario_2,72,DM,LIB_2020
CELL_2021,6.615109958936734,Tipo_3_Final,0,GM,LIB_2021
CELL_2022,1.642725720561704,Tipo_2_Intermediario_2,24,DM,LIB_2022
CELL_2023,5.523612905838238,Tipo_3_Final,48,GM,LIB_2023
CELL_2024,0.1073456765916481,Tipo_0_Inicial,72,DM,LIB_2024
CELL_2025,1.0852977045945922,Tipo_1_Intermediario_1,0,GM,LIB_2025
CELL_2026,0.6026366931013775,Tipo_1_Intermediario_1,24,DM,LIB_2026
CELL_2027,2.6247571261462808,Tipo_2_Intermediario_2,48,GM,LIB_2027
CELL_2028,7.958152357683365,Tipo_3_Final,72,DM,LIB_2028
CELL_2029,0.5928538951673028,Tipo_1_Intermediario_1,0,GM,LIB_2029
CELL_2030,2.1236425196600632,Tipo_2_Intermediario_2,24,DM,LIB_2030
CELL_2031,0.4415368302685593,Tipo_0_Inicial,48,GM,LIB_2031
CELL_2032,1.6663374842959167,Tipo_2_Intermediario_2,72,DM,LIB_2032
CELL_2033,1.2469903363446437,Tipo_1_Intermediario_1,0,GM,LIB_2033
CELL_2034,7.151482261816231,Tipo_3_Final,24,DM,LIB_2034
CELL_2035,1.8756788560754667,Tipo_2_Intermediario_2,48,GM,LIB_2035
CELL_2036,0.8600475535058212,Tipo_1_Intermediario_1,72,DM,LIB_2036
CELL_2037,0.24229288715124034,Tipo_0_Inicial,0,GM,LIB_2037
CELL_2038,0.32797372744287256,Tipo_0_Inicial,24,DM,LIB_2038
CELL_2039,0.5106025502817646,Tipo_0_Inicial,48,GM,LIB_2039
CELL_2040,0.5779435711227396,Tipo_1_Intermediario_1,72,DM,LIB_2040
CELL_2041,3.802470988526221,Tipo_3_Final,0,GM,LIB_2041
CELL_2042,1.647526970233589,Tipo_2_Intermediario_2,24,DM,LIB_2042
CELL_2043,1.482117289570887,Tipo_2_Intermediario_2,48,GM,LIB_2043
CELL_2044,0.2438130126825958,Tipo_0_Inicial,72,DM,LIB_2044
CELL_2045,3.9342223283101747,Tipo_3_Final,0,GM,LIB_2045
CELL_2046,2.5661352237477213,Tipo_2_Intermediario_2,24,DM,LIB_2046
CELL_2047,0.14013338543903262,Tipo_0_Inicial,48,GM,LIB_2047
CELL_2048,2.4608738012049085,Tipo_2_Intermediario_2,72,DM,LIB_2048
CELL_2049,1.5685006012347678,Tipo_2_Intermediario_2,0,GM,LIB_2049
CELL_2050,0.17051749093933655,Tipo_0_Inicial,24,DM,LIB_2050
CELL_2051,1.2260882412134049,Tipo_1_Intermediario_1,48,GM,LIB_2051
CELL_2052,1.32599763682987,Tipo_1_Intermediario_1,72,DM,LIB_2052
CELL_2053,0.3625031552436329,Tipo_0_Inicial,0,GM,LIB_2053
CELL_2054,5.826393854798992,Tipo_3_Final,24,DM,LIB_2054
CELL_2055,3.79391161646937,Tipo_3_Final,48,GM,LIB_2055
CELL_2056,2.211408780520436,Tipo_2_Intermediario_2,72,DM,LIB_2056
CELL_2057,1.2408924793377714,Tipo_1_Intermediario_1,0,GM,LIB_2057
CELL_2058,1.0612593435136881,Tipo_1_Intermediario_1,24,DM,LIB_2058
CELL_2059,2.105214668628117,Tipo_2_Intermediario_2,48,GM,LIB_2059
CELL_2060,1.5768149486075849,Tipo_2_Intermediario_2,72,DM,LIB_2060
CELL_2061,0.1285930600542531,Tipo_0_Inicial,0,GM,LIB_2061
CELL_2062,1.4369408438680709,Tipo_2_Intermediario_2,24,DM,LIB_2062
CELL_2063,3.283959576736265,Tipo_3_Final,48,GM,LIB_2063
CELL_2064,1.2295589902644601,Tipo_1_Intermediario_1,72,DM,LIB_2064
CELL_2065,0.10670994701689866,Tipo_0_Inicial,0,GM,LIB_2065
CELL_2066,3.086160213622474,Tipo_3_Final,24,DM,LIB_2066
CELL_2067,0.44969946737174804,Tipo_0_Inicial,48,GM,LIB_2067
CELL_2068,0.5984861814967405,Tipo_1_Intermediario_1,72,DM,LIB_2068
CELL_2069,0.3599438868348033,Tipo_0_Inicial,0,GM,LIB_2069
CELL_2070,0.8015972209434284,Tipo_1_Intermediario_1,24,DM,LIB_2070
CELL_2071,2.8273434956330323,Tipo_3_Final,48,GM,LIB_2071
CELL_2072,1.4653810670480858,Tipo_2_Intermediario_2,72,DM,LIB_2072
CELL_2073,0.45852766957417684,Tipo_0_Inicial,0,GM,LIB_2073
CELL_2074,4.204684802530975,Tipo_3_Final,24,DM,LIB_2074
CELL_2075,4.233570102159669,Tipo_3_Final,48,GM,LIB_2075
CELL_2076,4.089360360204873,Tipo_3_Final,72,DM,LIB_2076
CELL_2077,0.5457083328138416,Tipo_0_Inicial,0,GM,LIB_2077
CELL_2078,1.200185792864586,Tipo_1_Intermediario_1,24,DM,LIB_2078
CELL_2079,8.398031449859902,Tipo_3_Final,48,GM,LIB_2079
CELL_2080,2.956928744365557,Tipo_3_Final,72,DM,LIB_2080
CELL_2081,0.05508655727376305,Tipo_0_Inicial,0,GM,LIB_2081
CELL_2082,0.13485517563822103,Tipo_0_Inicial,24,DM,LIB_2082
CELL_2083,1.2469861955421258,Tipo_1_Intermediario_1,48,GM,LIB_2083
CELL_2084,4.798637099307362,Tipo_3_Final,72,DM,LIB_2084
CELL_2085,1.547421172007841,Tipo_2_Intermediario_2,0,GM,LIB_2085
CELL_2086,1.3775634780977841,Tipo_1_Intermediario_1,24,DM,LIB_2086
CELL_2087,0.22292194903320886,Tipo_0_Inicial,48,GM,LIB_2087
CELL_2088,2.138767886261925,Tipo_2_Intermediario_2,72,DM,LIB_2088
CELL_2089,3.453102901260399,Tipo_3_Final,0,GM,LIB_2089
CELL_2090,0.9574269239343685,Tipo_1_Intermediario_1,24,DM,LIB_2090
CELL_2091,2.9887558366767433,Tipo_3_Final,48,GM,LIB_2091
CELL_2092,6.675130324104196,Tipo_3_Final,72,DM,LIB_2092
CELL_2093,0.4557254862268262,Tipo_0_Inicial,0,GM,LIB_2093
CELL_2094,1.4818601554042714,Tipo_2_Intermediario_2,24,DM,LIB_2094
CELL_2095,0.6769347337781078,Tipo_1_Intermediario_1,48,GM,LIB_2095
CELL_2096,3.148666886434948,Tipo_3_Final,72,DM,LIB_2096
CELL_2097,1.7235736818792897,Tipo_2_Intermediario_2,0,GM,LIB_2097
CELL_2098,2.013429035666552,Tipo_2_Intermediario_2,24,DM,LIB_2098
CELL_2099,3.1981254389021325,Tipo_3_Final,48,GM,LIB_2099
CELL_2100,1.0082643918435608,Tipo_1_Intermediario_1,72,DM,LIB_2100
CELL_2101,4.932328425225931,Tipo_3_Final,0,GM,LIB_2101
CELL_2102,1.5229756749107624,Tipo_2_Intermediario_2,24,DM,LIB_2102
CELL_2103,0.34384322317863675,Tipo_0_Inicial,48,GM,LIB_2103
CELL_2104,2.380791568992776,Tipo_2_Intermediario_2,72,DM,LIB_2104
CELL_2105,3.1525996918479096,Tipo_3_Final,0,GM,LIB_2105
CELL_2106,0.7618230895914206,Tipo_1_Intermediario_1,24,DM,LIB_2106
CELL_2107,3.8923299610267246,Tipo_3_Final,48,GM,LIB_2107
CELL_2108,4.731971292062333,Tipo_3_Final,72,DM,LIB_2108
CELL_2109,0.6484279191409288,Tipo_1_Intermediario_1,0,GM,LIB_2109
CELL_2110,8.211394244563477,Tipo_3_Final,24,DM,LIB_2110
CELL_2111,0.30330118076101104,Tipo_0_Inicial,48,GM,LIB_2111
CELL_2112,0.4513326326293516,Tipo_0_Inicial,72,DM,LIB_2112
CELL_2113,0.40723300053514344,Tipo_0_Inicial,0,GM,LIB_2113
CELL_2114,4.488438228368265,Tipo_3_Final,24,DM,LIB_2114
CELL_2115,2.1243247770694067,Tipo_2_Intermediario_2,48,GM,LIB_2115
CELL_2116,0.32999525250060757,Tipo_0_Inicial,72,DM,LIB_2116
CELL_2117,1.1607923897797439,Tipo_1_Intermediario_1,0,GM,LIB_2117
CELL_2118,1.9105726710959237,Tipo_2_Intermediario_2,24,DM,LIB_2118
CELL_2119,0.1743080506673147,Tipo_0_Inicial,48,GM,LIB_2119
CELL_2120,4.281210880684546,Tipo_3_Final,72,DM,LIB_2120
CELL_2121,3.255239768907216,Tipo_3_Final,0,GM,LIB_2121
CELL_2122,1.4072306561636723,Tipo_2_Intermediario_2,24,DM,LIB_2122
CELL_2123,6.830183846100176,Tipo_3_Final,48,GM,LIB_2123
CELL_2124,1.0817484540587896,Tipo_1_Intermediario_1,72,DM,LIB_2124
CELL_2125,8.284170752902348,Tipo_3_Final,0,GM,LIB_2125
CELL_2126,2.204758743269378,Tipo_2_Intermediario_2,24,DM,LIB_2126
CELL_2127,2.013915418987042,Tipo_2_Intermediario_2,48,GM,LIB_2127
CELL_2128,0.36293559141326953,Tipo_0_Inicial,72,DM,LIB_2128
CELL_2129,4.272917248176111,Tipo_3_Final,0,GM,LIB_2129
CELL_2130,1.1154490627004505,Tipo_1_Intermediario_1,24,DM,LIB_2130
CELL_2131,0.3540314889653688,Tipo_0_Inicial,48,GM,LIB_2131
CELL_2132,0.025375338245871248,Tipo_0_Inicial,72,DM,LIB_2132
CELL_2133,1.6408508834277513,Tipo_2_Intermediario_2,0,GM,LIB_2133
CELL_2134,1.4990102293170062,Tipo_2_Intermediario_2,24,DM,LIB_2134
CELL_2135,2.541319689494188,Tipo_2_Intermediario_2,48,GM,LIB_2135
CELL_2136,4.419247211470856,Tipo_3_Final,72,DM,LIB_2136
CELL_2137,0.16547360036109898,Tipo_0_Inicial,0,GM,LIB_2137
CELL_2138,2.629782587521185,Tipo_2_Intermediario_2,24,DM,LIB_2138
CELL_2139,0.4150619883105383,Tipo_0_Inicial,48,GM,LIB_2139
CELL_2140,3.9063517051371166,Tipo_3_Final,72,DM,LIB_2140
CELL_2141,3.419218429222009,Tipo_3_Final,0,GM,LIB_2141
CELL_2142,1.556511668598201,Tipo_2_Intermediario_2,24,DM,LIB_2142
CELL_2143,2.477423886624125,Tipo_2_Intermediario_2,48,GM,LIB_2143
CELL_2144,0.7547763012227929,Tipo_1_Intermediario_1,72,DM,LIB_2144
CELL_2145,1.2741685735789232,Tipo_1_Intermediario_1,0,GM,LIB_2145
CELL_2146,3.4478678119179254,Tipo_3_Final,24,DM,LIB_2146
CELL_2147,1.229652636848165,Tipo_1_Intermediario_1,48,GM,LIB_2147
CELL_2148,0.8857055923731125,Tipo_1_Intermediario_1,72,DM,LIB_2148
CELL_2149,1.3632771081697286,Tipo_1_Intermediario_1,0,GM,LIB_2149
CELL_2150,3.523421990534848,Tipo_3_Final,24,DM,LIB_2150
CELL_2151,0.8165622809286673,Tipo_1_Intermediario_1,48,GM,LIB_2151
CELL_2152,0.3817438378825912,Tipo_0_Inicial,72,DM,LIB_2152
CELL_2153,2.489686963470567,Tipo_2_Intermediario_2,0,GM,LIB_2153
CELL_2154,3.497149546569796,Tipo_3_Final,24,DM,LIB_2154
CELL_2155,0.21213815219617682,Tipo_0_Inicial,48,GM,LIB_2155
CELL_2156,0.5485424366162706,Tipo_0_Inicial,72,DM,LIB_2156
CELL_2157,0.3062370681216703,Tipo_0_Inicial,0,GM,LIB_2157
CELL_2158,0.8552417231121123,Tipo_1_Intermediario_1,24,DM,LIB_2158
CELL_2159,1.1969506958404244,Tipo_1_Intermediario_1,48,GM,LIB_2159
CELL_2160,2.7632213889676454,Tipo_3_Final,72,DM,LIB_2160
CELL_2161,2.106212651071003,Tipo_2_Intermediario_2,0,GM,LIB_2161
CELL_2162,1.940061230697862,Tipo_2_Intermediario_2,24,DM,LIB_2162
CELL_2163,0.868886742813942,Tipo_1_Intermediario_1,48,GM,LIB_2163
CELL_2164,3.6833396900686166,Tipo_3_Final,72,DM,LIB_2164
CELL_2165,1.2746196880878522,Tipo_1_Intermediario_1,0,GM,LIB_2165
CELL_2166,7.736484833189782,Tipo_3_Final,24,DM,LIB_2166
CELL_2167,2.0110207540195453,Tipo_2_Intermediario_2,48,GM,LIB_2167
CELL_2168,0.2699557143620505,Tipo_0_Inicial,72,DM,LIB_2168
CELL_2169,2.2551198890215107,Tipo_2_Intermediario_2,0,GM,LIB_2169
CELL_2170,0.7863933938392205,Tipo_1_Intermediario_1,24,DM,LIB_2170
CELL_2171,2.318809728049773,Tipo_2_Intermediario_2,48,GM,LIB_2171
CELL_2172,0.14436981013908864,Tipo_0_Inicial,72,DM,LIB_2172
CELL_2173,0.384456380918243,Tipo_0_Inicial,0,GM,LIB_2173
CELL_2174,3.8722381020362606,Tipo_3_Final,24,DM,LIB_2174
CELL_2175,0.5154170866135698,Tipo_0_Inicial,48,GM,LIB_2175
CELL_2176,3.6285148242256637,Tipo_3_Final,72,DM,LIB_2176
CELL_2177,0.6549982787574946,Tipo_1_Intermediario_1,0,GM,LIB_2177
CELL_2178,2.0593775355004698,Tipo_2_Intermediario_2,24,DM,LIB_2178
CELL_2179,2.3693247368592774,Tipo_2_Intermediario_2,48,GM,LIB_2179
CELL_2180,1.437564962577099,Tipo_2_Intermediario_2,72,DM,LIB_2180
CELL_2181,0.7285811003779642,Tipo_1_Intermediario_1,0,GM,LIB_2181
CELL_2182,0.4781505203293716,Tipo_0_Inicial,24,DM,LIB_2182
CELL_2183,0.06750523842112144,Tipo_0_Inicial,48,GM,LIB_2183
CELL_2184,0.7246572238024186,Tipo_1_Intermediario_1,72,DM,LIB_2184
CELL_2185,2.11779949218444,Tipo_2_Intermediario_2,0,GM,LIB_2185
CELL_2186,5.571098891818748,Tipo_3_Final,24,DM,LIB_2186
CELL_2187,4.099058532192799,Tipo_3_Final,48,GM,LIB_2187
CELL_2188,2.905422049494756,Tipo_3_Final,72,DM,LIB_2188
CELL_2189,3.1065626868274028,Tipo_3_Final,0,GM,LIB_2189
CELL_2190,2.1871593678433463,Tipo_2_Intermediario_2,24,DM,LIB_2190
CELL_2191,0.6029856265945404,Tipo_1_Intermediario_1,48,GM,LIB_2191
CELL_2192,4.754510184390181,Tipo_3_Final,72,DM,LIB_2192
CELL_2193,2.2217684348401376,Tipo_2_Intermediario_2,0,GM,LIB_2193
CELL_2194,1.6439649757727608,Tipo_2_Intermediario_2,24,DM,LIB_2194
CELL_2195,0.2352923957685293,Tipo_0_Inicial,48,GM,LIB_2195
CELL_2196,1.1849954467678743,Tipo_1_Intermediario_1,72,DM,LIB_2196
CELL_2197,1.233699649605991,Tipo_1_Intermediario_1,0,GM,LIB_2197
CELL_2198,3.9985063837139285,Tipo_3_Final,24,DM,LIB_2198
CELL_2199,1.5821737979715287,Tipo_2_Intermediario_2,48,GM,LIB_2199
CELL_2200,0.957364112895157,Tipo_1_Intermediario_1,72,DM,LIB_2200
CELL_2201,7.527234320704678,Tipo_3_Final,0,GM,LIB_2201
CELL_2202,0.234687599253517,Tipo_0_Inicial,24,DM,LIB_2202
CELL_2203,1.09826139730267,Tipo_1_Intermediario_1,48,GM,LIB_2203
CELL_2204,0.08586651661376282,Tipo_0_Inicial,72,DM,LIB_2204
CELL_2205,2.6934098993262916,Tipo_2_Intermediario_2,0,GM,LIB_2205
CELL_2206,5.0039400623277555,Tipo_3_Final,24,DM,LIB_2206
CELL_2207,0.6571118298280387,Tipo_1_Intermediario_1,48,GM,LIB_2207
CELL_2208,3.908674591025659,Tipo_3_Final,72,DM,LIB_2208
CELL_2209,0.6912389358365987,Tipo_1_Intermediario_1,0,GM,LIB_2209
CELL_2210,4.833079569227942,Tipo_3_Final,24,DM,LIB_2210
CELL_2211,2.804537783224339,Tipo_3_Final,48,GM,LIB_2211
CELL_2212,3.268555534352877,Tipo_3_Final,72,DM,LIB_2212
CELL_2213,0.036341292828328924,Tipo_0_Inicial,0,GM,LIB_2213
CELL_2214,6.583449944872794,Tipo_3_Final,24,DM,LIB_2214
CELL_2215,2.594158104329366,Tipo_2_Intermediario_2,48,GM,LIB_2215
CELL_2216,0.726970722795446,Tipo_1_Intermediario_1,72,DM,LIB_2216
CELL_2217,3.5368047432098155,Tipo_3_Final,0,GM,LIB_2217
CELL_2218,0.6612381552146382,Tipo_1_Intermediario_1,24,DM,LIB_2218
CELL_2219,4.123263594828833,Tipo_3_Final,48,GM,LIB_2219
CELL_2220,0.23887468496218844,Tipo_0_Inicial,72,DM,LIB_2220
CELL_2221,2.4326710000883733,Tipo_2_Intermediario_2,0,GM,LIB_2221
CELL_2222,1.5560967419345106,Tipo_2_Intermediario_2,24,DM,LIB_2222
CELL_2223,0.20303464305301905,Tipo_0_Inicial,48,GM,LIB_2223
CELL_2224,0.5538636697766027,Tipo_0_Inicial,72,DM,LIB_2224
CELL_2225,0.02496321695005604,Tipo_0_Inicial,0,GM,LIB_2225
CELL_2226,1.265112753320564,Tipo_1_Intermediario_1,24,DM,LIB_2226
CELL_2227,0.7169681896743889,Tipo_1_Intermediario_1,48,GM,LIB_2227
CELL_2228,1.824385700831144,Tipo_2_Intermediario_2,72,DM,LIB_2228
CELL_2229,0.7054734398904734,Tipo_1_Intermediario_1,0,GM,LIB_2229
CELL_2230,0.7131187912493482,Tipo_1_Intermediario_1,24,DM,LIB_2230
CELL_2231,2.7188624456540524,Tipo_2_Intermediario_2,48,GM,LIB_2231
CELL_2232,0.09868058647991072,Tipo_0_Inicial,72,DM,LIB_2232
CELL_2233,4.663924724382357,Tipo_3_Final,0,GM,LIB_2233
CELL_2234,3.8246550632281524,Tipo_3_Final,24,DM,LIB_2234
CELL_2235,2.204064359026824,Tipo_2_Intermediario_2,48,GM,LIB_2235
CELL_2236,1.7989732801526803,Tipo_2_Intermediario_2,72,DM,LIB_2236
CELL_2237,4.456857780886112,Tipo_3_Final,0,GM,LIB_2237
CELL_2238,0.40994475216797754,Tipo_0_Inicial,24,DM,LIB_2238
CELL_2239,0.16452352064820483,Tipo_0_Inicial,48,GM,LIB_2239
CELL_2240,0.5475850800686378,Tipo_0_Inicial,72,DM,LIB_2240
CELL_2241,3.165380471725468,Tipo_3_Final,0,GM,LIB_2241
CELL_2242,0.07057108699065301,Tipo_0_Inicial,24,DM,LIB_2242
CELL_2243,1.7484118784391343,Tipo_2_Intermediario_2,48,GM,LIB_2243
CELL_2244,10.779776217720167,Tipo_3_Final,72,DM,LIB_2244
CELL_2245,3.871667487671538,Tipo_3_Final,0,GM,LIB_2245
CELL_2246,1.4739711440176355,Tipo_2_Intermediario_2,24,DM,LIB_2246
CELL_2247,0.13151246430506303,Tipo_0_Inicial,48,GM,LIB_2247
CELL_2248,3.5601383086534786,Tipo_3_Final,72,DM,LIB_2248
CELL_2249,1.827480515087411,Tipo_2_Intermediario_2,0,GM,LIB_2249
CELL_2250,0.24418385460563458,Tipo_0_Inicial,24,DM,LIB_2250
CELL_2251,0.197116926148923,Tipo_0_Inicial,48,GM,LIB_2251
CELL_2252,4.807615461568678,Tipo_3_Final,72,DM,LIB_2252
CELL_2253,2.2124842213761022,Tipo_2_Intermediario_2,0,GM,LIB_2253
CELL_2254,3.5355406390448096,Tipo_3_Final,24,DM,LIB_2254
CELL_2255,4.223580741509883,Tipo_3_Final,48,GM,LIB_2255
CELL_2256,1.6962006741298403,Tipo_2_Intermediario_2,72,DM,LIB_2256
CELL_2257,1.4573263526231575,Tipo_2_Intermediario_2,0,GM,LIB_2257
CELL_2258,1.1257380841891487,Tipo_1_Intermediario_1,24,DM,LIB_2258
CELL_2259,0.7623644402267663,Tipo_1_Intermediario_1,48,GM,LIB_2259
CELL_2260,1.1404293797662677,Tipo_1_Intermediario_1,72,DM,LIB_2260
CELL_2261,2.973375849333452,Tipo_3_Final,0,GM,LIB_2261
CELL_2262,1.8422218156342205,Tipo_2_Intermediario_2,24,DM,LIB_2262
CELL_2263,4.460962211258672,Tipo_3_Final,48,GM,LIB_2263
CELL_2264,1.171745047843888,Tipo_1_Intermediario_1,72,DM,LIB_2264
CELL_2265,1.8683472575305777,Tipo_2_Intermediario_2,0,GM,LIB_2265
CELL_2266,1.995584919381853,Tipo_2_Intermediario_2,24,DM,LIB_2266
CELL_2267,1.7914922613190258,Tipo_2_Intermediario_2,48,GM,LIB_2267
CELL_2268,2.4255816251059557,Tipo_2_Intermediario_2,72,DM,LIB_2268
CELL_2269,0.5421310394332255,Tipo_0_Inicial,0,GM,LIB_2269
CELL_2270,1.4363711938048278,Tipo_2_Intermediario_2,24,DM,LIB_2270
CELL_2271,0.22013158695666166,Tipo_0_Inicial,48,GM,LIB_2271
CELL_2272,0.9706774749981193,Tipo_1_Intermediario_1,72,DM,LIB_2272
CELL_2273,1.3375612173375064,Tipo_1_Intermediario_1,0,GM,LIB_2273
CELL_2274,2.1123948618385766,Tipo_2_Intermediario_2,24,DM,LIB_2274
CELL_2275,6.012820262463886,Tipo_3_Final,48,GM,LIB_2275
CELL_2276,1.8358394486662004,Tipo_2_Intermediario_2,72,DM,LIB_2276
CELL_2277,2.721985652713184,Tipo_3_Final,0,GM,LIB_2277
CELL_2278,1.4115169777113545,Tipo_2_Intermediario_2,24,DM,LIB_2278
CELL_2279,2.010812449434803,Tipo_2_Intermediario_2,48,GM,LIB_2279
CELL_2280,0.14714715699226008,Tipo_0_Inicial,72,DM,LIB_2280
CELL_2281,0.5871094477702782,Tipo_1_Intermediario_1,0,GM,LIB_2281
CELL_2282,0.898373521418981,Tipo_1_Intermediario_1,24,DM,LIB_2282
CELL_2283,1.2791876331344174,Tipo_1_Intermediario_1,48,GM,LIB_2283
CELL_2284,0.09344696800468241,Tipo_0_Inicial,72,DM,LIB_2284
CELL_2285,0.3017018210759944,Tipo_0_Inicial,0,GM,LIB_2285
CELL_2286,0.6481785082066823,Tipo_1_Intermediario_1,24,DM,LIB_2286
CELL_2287,7.117997798463182,Tipo_3_Final,48,GM,LIB_2287
CELL_2288,0.804980097288224,Tipo_1_Intermediario_1,72,DM,LIB_2288
CELL_2289,1.315718605257502,Tipo_1_Intermediario_1,0,GM,LIB_2289
CELL_2290,0.43655510089128596,Tipo_0_Inicial,24,DM,LIB_2290
CELL_2291,1.887221450279832,Tipo_2_Intermediario_2,48,GM,LIB_2291
CELL_2292,0.6589068558228242,Tipo_1_Intermediario_1,72,DM,LIB_2292
CELL_2293,0.46384539709850037,Tipo_0_Inicial,0,GM,LIB_2293
CELL_2294,1.4537083786488412,Tipo_2_Intermediario_2,24,DM,LIB_2294
CELL_2295,0.011042023874619545,Tipo_0_Inicial,48,GM,LIB_2295
CELL_2296,0.015387104540800603,Tipo_0_Inicial,72,DM,LIB_2296
CELL_2297,0.4945364737348612,Tipo_0_Inicial,0,GM,LIB_2297
CELL_2298,0.07482513167639165,Tipo_0_Inicial,24,DM,LIB_2298
CELL_2299,0.22863603832553245,Tipo_0_Inicial,48,GM,LIB_2299
CELL_2300,0.8275812868100617,Tipo_1_Intermediario_1,72,DM,LIB_2300
CELL_2301,3.2449012188512922,Tipo_3_Final,0,GM,LIB_2301
CELL_2302,1.6974914851826255,Tipo_2_Intermediario_2,24,DM,LIB_2302
CELL_2303,1.4376182019761252,Tipo_2_Intermediario_2,48,GM,LIB_2303
CELL_2304,0.6948325140732948,Tipo_1_Intermediario_1,72,DM,LIB_2304
CELL_2305,5.369264687172432,Tipo_3_Final,0,GM,LIB_2305
CELL_2306,1.0117260531493366,Tipo_1_Intermediario_1,24,DM,LIB_2306
CELL_2307,0.18224202023315117,Tipo_0_Inicial,48,GM,LIB_2307
CELL_2308,1.919787952419908,Tipo_2_Intermediario_2,72,DM,LIB_2308
CELL_2309,0.24171188974132582,Tipo_0_Inicial,0,GM,LIB_2309
CELL_2310,0.8469215548465312,Tipo_1_Intermediario_1,24,DM,LIB_2310
CELL_2311,1.4161640594394922,Tipo_2_Intermediario_2,48,GM,LIB_2311
CELL_2312,4.146482004597833,Tipo_3_Final,72,DM,LIB_2312
CELL_2313,1.360645849311906,Tipo_1_Intermediario_1,0,GM,LIB_2313
CELL_2314,2.4230610241850203,Tipo_2_Intermediario_2,24,DM,LIB_2314
CELL_2315,9.87203148395622,Tipo_3_Final,48,GM,LIB_2315
CELL_2316,0.2819503318319631,Tipo_0_Inicial,72,DM,LIB_2316
CELL_2317,0.6424267660938033,Tipo_1_Intermediario_1,0,GM,LIB_2317
CELL_2318,1.0036527296729498,Tipo_1_Intermediario_1,24,DM,LIB_2318
CELL_2319,1.095768371042928,Tipo_1_Intermediario_1,48,GM,LIB_2319
CELL_2320,1.0587297548125656,Tipo_1_Intermediario_1,72,DM,LIB_2320
CELL_2321,4.763494765423829,Tipo_3_Final,0,GM,LIB_2321
CELL_2322,2.503755232338851,Tipo_2_Intermediario_2,24,DM,LIB_2322
CELL_2323,1.8725033352635052,Tipo_2_Intermediario_2,48,GM,LIB_2323
CELL_2324,0.7403099796587977,Tipo_1_Intermediario_1,72,DM,LIB_2324
CELL_2325,3.4721619877554226,Tipo_3_Final,0,GM,LIB_2325
CELL_2326,6.204876787596312,Tipo_3_Final,24,DM,LIB_2326
CELL_2327,3.4429556217301323,Tipo_3_Final,48,GM,LIB_2327
CELL_2328,0.0031326624960834964,Tipo_0_Inicial,72,DM,LIB_2328
CELL_2329,2.0234093701342424,Tipo_2_Intermediario_2,0,GM,LIB_2329
CELL_2330,0.10497829499008912,Tipo_0_Inicial,24,DM,LIB_2330
CELL_2331,0.5957536464449513,Tipo_1_Intermediario_1,48,GM,LIB_2331
CELL_2332,0.12273978716393262,Tipo_0_Inicial,72,DM,LIB_2332
CELL_2333,1.851649336257584,Tipo_2_Intermediario_2,0,GM,LIB_2333
CELL_2334,2.320485530889521,Tipo_2_Intermediario_2,24,DM,LIB_2334
CELL_2335,0.24317772291362602,Tipo_0_Inicial,48,GM,LIB_2335
CELL_2336,0.9684935922987209,Tipo_1_Intermediario_1,72,DM,LIB_2336
CELL_2337,1.2184817715415786,Tipo_1_Intermediario_1,0,GM,LIB_2337
CELL_2338,0.9210668962374787,Tipo_1_Intermediario_1,24,DM,LIB_2338
CELL_2339,0.2579976473282346,Tipo_0_Inicial,48,GM,LIB_2339
CELL_2340,1.0858293283677616,Tipo_1_Intermediario_1,72,DM,LIB_2340
CELL_2341,2.782035379456148,Tipo_3_Final,0,GM,LIB_2341
CELL_2342,0.14730958101447222,Tipo_0_Inicial,24,DM,LIB_2342
CELL_2343,0.16715459112951958,Tipo_0_Inicial,48,GM,LIB_2343
CELL_2344,0.8763008774728607,Tipo_1_Intermediario_1,72,DM,LIB_2344
CELL_2345,5.685188611055682,Tipo_3_Final,0,GM,LIB_2345
CELL_2346,2.208693277681835,Tipo_2_Intermediario_2,24,DM,LIB_2346
CELL_2347,2.2705730233993657,Tipo_2_Intermediario_2,48,GM,LIB_2347
CELL_2348,0.8985831945796112,Tipo_1_Intermediario_1,72,DM,LIB_2348
CELL_2349,1.8011339571468923,Tipo_2_Intermediario_2,0,GM,LIB_2349
CELL_2350,0.02036570750508617,Tipo_0_Inicial,24,DM,LIB_2350
CELL_2351,2.021730619852085,Tipo_2_Intermediario_2,48,GM,LIB_2351
CELL_2352,4.890301719079625,Tipo_3_Final,72,DM,LIB_2352
CELL_2353,1.8964580877856865,Tipo_2_Intermediario_2,0,GM,LIB_2353
CELL_2354,4.138168226475087,Tipo_3_Final,24,DM,LIB_2354
CELL_2355,2.5745135858143215,Tipo_2_Intermediario_2,48,GM,LIB_2355
CELL_2356,0.2569362740519941,Tipo_0_Inicial,72,DM,LIB_2356
CELL_2357,4.654848231963548,Tipo_3_Final,0,GM,LIB_2357
CELL_2358,0.1375083235802742,Tipo_0_Inicial,24,DM,LIB_2358
CELL_2359,1.5269996917856938,Tipo_2_Intermediario_2,48,GM,LIB_2359
CELL_2360,0.3066220204150312,Tipo_0_Inicial,72,DM,LIB_2360
CELL_2361,0.02355134522896405,Tipo_0_Inicial,0,GM,LIB_2361
CELL_2362,1.0964813712874752,Tipo_1_Intermediario_1,24,DM,LIB_2362
CELL_2363,0.6992304383807553,Tipo_1_Intermediario_1,48,GM,LIB_2363
CELL_2364,1.3310659484463183,Tipo_1_Intermediario_1,72,DM,LIB_2364
CELL_2365,1.7217115141848147,Tipo_2_Intermediario_2,0,GM,LIB_2365
CELL_2366,0.08944893251182512,Tipo_0_Inicial,24,DM,LIB_2366
CELL_2367,0.26250408776936296,Tipo_0_Inicial,48,GM,LIB_2367
CELL_2368,1.6357996794564933,Tipo_2_Intermediario_2,72,DM,LIB_2368
CELL_2369,0.8406520323821158,Tipo_1_Intermediario_1,0,GM,LIB_2369
CELL_2370,2.6125536771229165,Tipo_2_Intermediario_2,24,DM,LIB_2370
CELL_2371,2.1127824425034203,Tipo_2_Intermediario_2,48,GM,LIB_2371
CELL_2372,3.7364737989947363,Tipo_3_Final,72,DM,LIB_2372
CELL_2373,2.358513728205395,Tipo_2_Intermediario_2,0,GM,LIB_2373
CELL_2374,1.1239960172080123,Tipo_1_Intermediario_1,24,DM,LIB_2374
CELL_2375,2.23538608221123,Tipo_2_Intermediario_2,48,GM,LIB_2375
CELL_2376,0.6442190399602585,Tipo_1_Intermediario_1,72,DM,LIB_2376
CELL_2377,0.731470295761989,Tipo_1_Intermediario_1,0,GM,LIB_2377
CELL_2378,3.1116536317006345,Tipo_3_Final,24,DM,LIB_2378
CELL_2379,1.1826962578313507,Tipo_1_Intermediario_1,48,GM,LIB_2379
CELL_2380,3.202744460538693,Tipo_3_Final,72,DM,LIB_2380
CELL_2381,3.4566948684437455,Tipo_3_Final,0,GM,LIB_2381
CELL_2382,3.897701664515891,Tipo_3_Final,24,DM,LIB_2382
CELL_2383,4.969059101986354,Tipo_3_Final,48,GM,LIB_2383
CELL_2384,1.1276977413996185,Tipo_1_Intermediario_1,72,DM,LIB_2384
CELL_2385,0.7679948482862944,Tipo_1_Intermediario_1,0,GM,LIB_2385
CELL_2386,1.7454988597001666,Tipo_2_Intermediario_2,24,DM,LIB_2386
CELL_2387,0.9277963659451799,Tipo_1_Intermediario_1,48,GM,LIB_2387
CELL_2388,1.8379595221505267,Tipo_2_Intermediario_2,72,DM,LIB_2388
CELL_2389,2.445535744738922,Tipo_2_Intermediario_2,0,GM,LIB_2389
CELL_2390,2.3321021413481744,Tipo_2_Intermediario_2,24,DM,LIB_2390
CELL_2391,0.9385770084815598,Tipo_1_Intermediario_1,48,GM,LIB_2391
CELL_2392,0.36510765160963277,Tipo_0_Inicial,72,DM,LIB_2392
CELL_2393,1.126096027195722,Tipo_1_Intermediario_1,0,GM,LIB_2393
CELL_2394,0.30768778997220103,Tipo_0_Inicial,24,DM,LIB_2394
CELL_2395,4.4163148810741335,Tipo_3_Final,48,GM,LIB_2395
CELL_2396,0.8489211523478801,Tipo_1_Intermediario_1,72,DM,LIB_2396
CELL_2397,0.3355590070503998,Tipo_0_Inicial,0,GM,LIB_2397
CELL_2398,0.05155430879335332,Tipo_0_Inicial,24,DM,LIB_2398
CELL_2399,2.0759135160412145,Tipo_2_Intermediario_2,48,GM,LIB_2399
CELL_2400,2.02616676599364,Tipo_2_Intermediario_2,72,DM,LIB_2400
CELL_2401,0.8328625342214832,Tipo_1_Intermediario_1,0,GM,LIB_2401
CELL_2402,0.14882625955254905,Tipo_0_Inicial,24,DM,LIB_2402
CELL_2403,1.0540078962234924,Tipo_1_Intermediario_1,48,GM,LIB_2403
CELL_2404,0.7456594510565666,Tipo_1_Intermediario_1,72,DM,LIB_2404
CELL_2405,2.260953046317403,Tipo_2_Intermediario_2,0,GM,LIB_2405
CELL_2406,1.8616884920116712,Tipo_2_Intermediario_2,24,DM,LIB_2406
CELL_2407,0.9069813731177835,Tipo_1_Intermediario_1,48,GM,LIB_2407
CELL_2408,0.49152629844849655,Tipo_0_Inicial,72,DM,LIB_2408
CELL_2409,8.85170061872906,Tipo_3_Final,0,GM,LIB_2409
CELL_2410,1.2102785449305875,Tipo_1_Intermediario_1,24,DM,LIB_2410
CELL_2411,2.3312628770386494,Tipo_2_Intermediario_2,48,GM,LIB_2411
CELL_2412,0.3029321641893651,Tipo_0_Inicial,72,DM,LIB_2412
CELL_2413,1.3294681645378412,Tipo_1_Intermediario_1,0,GM,LIB_2413
CELL_2414,0.055845924845850624,Tipo_0_Inicial,24,DM,LIB_2414
CELL_2415,1.408234738941404,Tipo_2_Intermediario_2,48,GM,LIB_2415
CELL_2416,6.649439977024297,Tipo_3_Final,72,DM,LIB_2416
CELL_2417,0.9696878895894839,Tipo_1_Intermediario_1,0,GM,LIB_2417
CELL_2418,0.07955344154956627,Tipo_0_Inicial,24,DM,LIB_2418
CELL_2419,0.06289008945167307,Tipo_0_Inicial,48,GM,LIB_2419
CELL_2420,0.982002725260163,Tipo_1_Intermediario_1,72,DM,LIB_2420
CELL_2421,0.3487661477022617,Tipo_0_Inicial,0,GM,LIB_2421
CELL_2422,0.047258154162401124,Tipo_0_Inicial,24,DM,LIB_2422
CELL_2423,2.822925808285821,Tipo_3_Final,48,GM,LIB_2423
CELL_2424,1.2269094089076307,Tipo_1_Intermediario_1,72,DM,LIB_2424
CELL_2425,0.6828543456586712,Tipo_1_Intermediario_1,0,GM,LIB_2425
CELL_2426,4.606834538643087,Tipo_3_Final,24,DM,LIB_2426
CELL_2427,0.24691084699573063,Tipo_0_Inicial,48,GM,LIB_2427
CELL_2428,6.243445096281949,Tipo_3_Final,72,DM,LIB_2428
CELL_2429,0.7536582709810525,Tipo_1_Intermediario_1,0,GM,LIB_2429
CELL_2430,4.385734271136216,Tipo_3_Final,24,DM,LIB_2430
CELL_2431,1.8473502413695446,Tipo_2_Intermediario_2,48,GM,LIB_2431
CELL_2432,3.505547102752768,Tipo_3_Final,72,DM,LIB_2432
CELL_2433,8.271979192000565,Tipo_3_Final,0,GM,LIB_2433
CELL_2434,0.6804939297972233,Tipo_1_Intermediario_1,24,DM,LIB_2434
CELL_2435,6.49534733191931,Tipo_3_Final,48,GM,LIB_2435
CELL_2436,0.9868946593832437,Tipo_1_Intermediario_1,72,DM,LIB_2436
CELL_2437,0.9739314464199204,Tipo_1_Intermediario_1,0,GM,LIB_2437
CELL_2438,0.8322042752609592,Tipo_1_Intermediario_1,24,DM,LIB_2438
CELL_2439,1.5591869937877605,Tipo_2_Intermediario_2,48,GM,LIB_2439
CELL_2440,0.3348147598237732,Tipo_0_Inicial,72,DM,LIB_2440
CELL_2441,1.6135792845831347,Tipo_2_Intermediario_2,0,GM,LIB_2441
CELL_2442,1.5604835761790254,Tipo_2_Intermediario_2,24,DM,LIB_2442
CELL_2443,2.8701442766129914,Tipo_3_Final,48,GM,LIB_2443
CELL_2444,3.5873220954169067,Tipo_3_Final,72,DM,LIB_2444
CELL_2445,1.161213863090131,Tipo_1_Intermediario_1,0,GM,LIB_2445
CELL_2446,0.7200274496578933,Tipo_1_Intermediario_1,24,DM,LIB_2446
CELL_2447,0.6004134180842746,Tipo_1_Intermediario_1,48,GM,LIB_2447
CELL_2448,0.4328916542202438,Tipo_0_Inicial,72,DM,LIB_2448
CELL_2449,0.11875191561676161,Tipo_0_Inicial,0,GM,LIB_2449
CELL_2450,0.8384627968339795,Tipo_1_Intermediario_1,24,DM,LIB_2450
CELL_2451,0.630100213410338,Tipo_1_Intermediario_1,48,GM,LIB_2451
CELL_2452,6.7874935648593215,Tipo_3_Final,72,DM,LIB_2452
CELL_2453,1.6315736993082308,Tipo_2_Intermediario_2,0,GM,LIB_2453
CELL_2454,0.8532049910342017,Tipo_1_Intermediario_1,24,DM,LIB_2454
CELL_2455,1.7372290472451453,Tipo_2_Intermediario_2,48,GM,LIB_2455
CELL_2456,0.29977851500428954,Tipo_0_Inicial,72,DM,LIB_2456
CELL_2457,1.174131346885806,Tipo_1_Intermediario_1,0,GM,LIB_2457
CELL_2458,1.9682524115640225,Tipo_2_Intermediario_2,24,DM,LIB_2458
CELL_2459,1.3423715419589501,Tipo_1_Intermediario_1,48,GM,LIB_2459
CELL_2460,1.027589389711504,Tipo_1_Intermediario_1,72,DM,LIB_2460
CELL_2461,10.182082527884921,Tipo_3_Final,0,GM,LIB_2461
CELL_2462,4.2457800004935935,Tipo_3_Final,24,DM,LIB_2462
CELL_2463,1.9531749676136156,Tipo_2_Intermediario_2,48,GM,LIB_2463
CELL_2464,1.6850462407622737,Tipo_2_Intermediario_2,72,DM,LIB_2464
CELL_2465,1.9386472866399085,Tipo_2_Intermediario_2,0,GM,LIB_2465
CELL_2466,0.4495700651715701,Tipo_0_Inicial,24,DM,LIB_2466
CELL_2467,1.0055090433803937,Tipo_1_Intermediario_1,48,GM,LIB_2467
CELL_2468,0.08051833273152043,Tipo_0_Inicial,72,DM,LIB_2468
CELL_2469,1.2907952580871591,Tipo_1_Intermediario_1,0,GM,LIB_2469
CELL_2470,1.566251367505949,Tipo_2_Intermediario_2,24,DM,LIB_2470
CELL_2471,0.5168932109178914,Tipo_0_Inicial,48,GM,LIB_2471
CELL_2472,6.650075943799553,Tipo_3_Final,72,DM,LIB_2472
CELL_2473,4.803808034797286,Tipo_3_Final,0,GM,LIB_2473
CELL_2474,2.56129906704759,Tipo_2_Intermediario_2,24,DM,LIB_2474
CELL_2475,1.524508526131865,Tipo_2_Intermediario_2,48,GM,LIB_2475
CELL_2476,4.079967246365241,Tipo_3_Final,72,DM,LIB_2476
CELL_2477,0.28002433815246186,Tipo_0_Inicial,0,GM,LIB_2477
CELL_2478,3.1261565828564697,Tipo_3_Final,24,DM,LIB_2478
CELL_2479,0.2666532591040477,Tipo_0_Inicial,48,GM,LIB_2479
CELL_2480,3.161804534348337,Tipo_3_Final,72,DM,LIB_2480
CELL_2481,0.6452857995826853,Tipo_1_Intermediario_1,0,GM,LIB_2481
CELL_2482,4.192615251900898,Tipo_3_Final,24,DM,LIB_2482
CELL_2483,5.766311092700327,Tipo_3_Final,48,GM,LIB_2483
CELL_2484,0.32220685042921915,Tipo_0_Inicial,72,DM,LIB_2484
CELL_2485,1.2423065589182332,Tipo_1_Intermediario_1,0,GM,LIB_2485
CELL_2486,7.925304426285942,Tipo_3_Final,24,DM,LIB_2486
CELL_2487,1.3210015849747623,Tipo_1_Intermediario_1,48,GM,LIB_2487
CELL_2488,3.983557750530425,Tipo_3_Final,72,DM,LIB_2488
CELL_2489,1.7770180938484998,Tipo_2_Intermediario_2,0,GM,LIB_2489
CELL_2490,0.9410632425607284,Tipo_1_Intermediario_1,24,DM,LIB_2490
CELL_2491,0.6731384381201518,Tipo_1_Intermediario_1,48,GM,LIB_2491
CELL_2492,0.45436110581677275,Tipo_0_Inicial,72,DM,LIB_2492
CELL_2493,2.869274058433911,Tipo_3_Final,0,GM,LIB_2493
CELL_2494,0.9772820856047518,Tipo_1_Intermediario_1,24,DM,LIB_2494
CELL_2495,1.4319125312281242,Tipo_2_Intermediario_2,48,GM,LIB_2495
CELL_2496,1.3558294908178181,Tipo_1_Intermediario_1,72,DM,LIB_2496
CELL_2497,1.7220859223471001,Tipo_2_Intermediario_2,0,GM,LIB_2497
CELL_2498,4.013529635826294,Tipo_3_Final,24,DM,LIB_2498
CELL_2499,7.899381582671365,Tipo_3_Final,48,GM,LIB_2499
CELL_2500,1.0470930804973337,Tipo_1_Intermediario_1,72,DM,LIB_2500
CELL_2501,3.5149354837947064,Tipo_3_Final,0,GM,LIB_2501
CELL_2502,2.8923247930051725,Tipo_3_Final,24,DM,LIB_2502
CELL_2503,1.7044215916893255,Tipo_2_Intermediario_2,48,GM,LIB_2503
CELL_2504,6.24927533039587,Tipo_3_Final,72,DM,LIB_2504
CELL_2505,0.4474737434089003,Tipo_0_Inicial,0,GM,LIB_2505
CELL_2506,0.23141485563952902,Tipo_0_Inicial,24,DM,LIB_2506
CELL_2507,3.847776381785572,Tipo_3_Final,48,GM,LIB_2507
CELL_2508,1.156602923894953,Tipo_1_Intermediario_1,72,DM,LIB_2508
CELL_2509,3.7542276220651862,Tipo_3_Final,0,GM,LIB_2509
CELL_2510,4.471539678574234,Tipo_3_Final,24,DM,LIB_2510
CELL_2511,0.1289865773751668,Tipo_0_Inicial,48,GM,LIB_2511
CELL_2512,4.299123176140646,Tipo_3_Final,72,DM,LIB_2512
CELL_2513,1.1895707973368495,Tipo_1_Intermediario_1,0,GM,LIB_2513
CELL_2514,1.4284658164922115,Tipo_2_Intermediario_2,24,DM,LIB_2514
CELL_2515,1.9701699841706042,Tipo_2_Intermediario_2,48,GM,LIB_2515
CELL_2516,5.217747919129551,Tipo_3_Final,72,DM,LIB_2516
CELL_2517,0.038602338731171686,Tipo_0_Inicial,0,GM,LIB_2517
CELL_2518,1.2957491278756466,Tipo_1_Intermediario_1,24,DM,LIB_2518
CELL_2519,2.327723196267317,Tipo_2_Intermediario_2,48,GM,LIB_2519
CELL_2520,2.565360835090209,Tipo_2_Intermediario_2,72,DM,LIB_2520
CELL_2521,2.358771331422216,Tipo_2_Intermediario_2,0,GM,LIB_2521
CELL_2522,0.28874591119061865,Tipo_0_Inicial,24,DM,LIB_2522
CELL_2523,0.7116237426195481,Tipo_1_Intermediario_1,48,GM,LIB_2523
CELL_2524,0.8885642448186694,Tipo_1_Intermediario_1,72,DM,LIB_2524
CELL_2525,3.263747525573043,Tipo_3_Final,0,GM,LIB_2525
CELL_2526,0.653566298353264,Tipo_1_Intermediario_1,24,DM,LIB_2526
CELL_2527,0.4732301824724971,Tipo_0_Inicial,48,GM,LIB_2527
CELL_2528,6.314057737900017,Tipo_3_Final,72,DM,LIB_2528
CELL_2529,0.017805595344570473,Tipo_0_Inicial,0,GM,LIB_2529
CELL_2530,12.257645987808173,Tipo_3_Final,24,DM,LIB_2530
CELL_2531,2.2590997088735065,Tipo_2_Intermediario_2,48,GM,LIB_2531
CELL_2532,3.52598603287674,Tipo_3_Final,72,DM,LIB_2532
CELL_2533,0.6980355170098412,Tipo_1_Intermediario_1,0,GM,LIB_2533
CELL_2534,0.028837459476023043,Tipo_0_Inicial,24,DM,LIB_2534
CELL_2535,2.677825756869401,Tipo_2_Intermediario_2,48,GM,LIB_2535
CELL_2536,3.5932778729868016,Tipo_3_Final,72,DM,LIB_2536
CELL_2537,2.697813207096188,Tipo_2_Intermediario_2,0,GM,LIB_2537
CELL_2538,0.3082853634204434,Tipo_0_Inicial,24,DM,LIB_2538
CELL_2539,2.800201847208508,Tipo_3_Final,48,GM,LIB_2539
CELL_2540,2.930006695456033,Tipo_3_Final,72,DM,LIB_2540
CELL_2541,2.149052494663762,Tipo_2_Intermediario_2,0,GM,LIB_2541
CELL_2542,2.9058594513848264,Tipo_3_Final,24,DM,LIB_2542
CELL_2543,3.74058534935761,Tipo_3_Final,48,GM,LIB_2543
CELL_2544,1.9017856486258609,Tipo_2_Intermediario_2,72,DM,LIB_2544
CELL_2545,0.18555714478983149,Tipo_0_Inicial,0,GM,LIB_2545
CELL_2546,1.3374079675752444,Tipo_1_Intermediario_1,24,DM,LIB_2546
CELL_2547,0.16165959314865067,Tipo_0_Inicial,48,GM,LIB_2547
CELL_2548,1.0469540696506705,Tipo_1_Intermediario_1,72,DM,LIB_2548
CELL_2549,1.0454809461012622,Tipo_1_Intermediario_1,0,GM,LIB_2549
CELL_2550,0.13657876114710152,Tipo_0_Inicial,24,DM,LIB_2550
CELL_2551,0.8579399945987614,Tipo_1_Intermediario_1,48,GM,LIB_2551
CELL_2552,0.23531180975614502,Tipo_0_Inicial,72,DM,LIB_2552
CELL_2553,3.3029714201509606,Tipo_3_Final,0,GM,LIB_2553
CELL_2554,5.901059970123997,Tipo_3_Final,24,DM,LIB_2554
CELL_2555,0.15012926746491154,Tipo_0_Inicial,48,GM,LIB_2555
CELL_2556,6.2073124681373715,Tipo_3_Final,72,DM,LIB_2556
CELL_2557,1.4787030987775223,Tipo_2_Intermediario_2,0,GM,LIB_2557
CELL_2558,0.7121093525572041,Tipo_1_Intermediario_1,24,DM,LIB_2558
CELL_2559,0.15995324947914416,Tipo_0_Inicial,48,GM,LIB_2559
CELL_2560,1.3887929935427872,Tipo_2_Intermediario_2,72,DM,LIB_2560
CELL_2561,3.1647697803952357,Tipo_3_Final,0,GM,LIB_2561
CELL_2562,2.4557557155672995,Tipo_2_Intermediario_2,24,DM,LIB_2562
CELL_2563,0.10306245899209292,Tipo_0_Inicial,48,GM,LIB_2563
CELL_2564,0.15139164811650496,Tipo_0_Inicial,72,DM,LIB_2564
CELL_2565,1.0312518624321754,Tipo_1_Intermediario_1,0,GM,LIB_2565
CELL_2566,0.699939218760098,Tipo_1_Intermediario_1,24,DM,LIB_2566
CELL_2567,0.528932183465119,Tipo_0_Inicial,48,GM,LIB_2567
CELL_2568,0.6598003569110232,Tipo_1_Intermediario_1,72,DM,LIB_2568
CELL_2569,3.254010062313432,Tipo_3_Final,0,GM,LIB_2569
CELL_2570,5.296585189086856,Tipo_3_Final,24,DM,LIB_2570
CELL_2571,1.0387329683550672,Tipo_1_Intermediario_1,48,GM,LIB_2571
CELL_2572,4.7312841364857805,Tipo_3_Final,72,DM,LIB_2572
CELL_2573,0.7757289281144991,Tipo_1_Intermediario_1,0,GM,LIB_2573
CELL_2574,1.2941957719790484,Tipo_1_Intermediario_1,24,DM,LIB_2574
CELL_2575,0.5124417419455772,Tipo_0_Inicial,48,GM,LIB_2575
CELL_2576,2.0459489239430892,Tipo_2_Intermediario_2,72,DM,LIB_2576
CELL_2577,7.7246679359526444,Tipo_3_Final,0,GM,LIB_2577
CELL_2578,1.850123651620192,Tipo_2_Intermediario_2,24,DM,LIB_2578
CELL_2579,0.8857548572133683,Tipo_1_Intermediario_1,48,GM,LIB_2579
CELL_2580,2.0872112369509677,Tipo_2_Intermediario_2,72,DM,LIB_2580
CELL_2581,0.26231568850462134,Tipo_0_Inicial,0,GM,LIB_2581
CELL_2582,4.390316871332613,Tipo_3_Final,24,DM,LIB_2582
CELL_2583,1.3986683644064692,Tipo_2_Intermediario_2,48,GM,LIB_2583
CELL_2584,1.1933108238122037,Tipo_1_Intermediario_1,72,DM,LIB_2584
CELL_2585,1.7631255210799208,Tipo_2_Intermediario_2,0,GM,LIB_2585
CELL_2586,1.960506106303654,Tipo_2_Intermediario_2,24,DM,LIB_2586
CELL_2587,0.14896397451132995,Tipo_0_Inicial,48,GM,LIB_2587
CELL_2588,2.29529345904876,Tipo_2_Intermediario_2,72,DM,LIB_2588
CELL_2589,0.5539635317830209,Tipo_0_Inicial,0,GM,LIB_2589
CELL_2590,2.503195722539067,Tipo_2_Intermediario_2,24,DM,LIB_2590
CELL_2591,3.457961427963438,Tipo_3_Final,48,GM,LIB_2591
CELL_2592,3.2588578919909588,Tipo_3_Final,72,DM,LIB_2592
CELL_2593,1.608161806149805,Tipo_2_Intermediario_2,0,GM,LIB_2593
CELL_2594,1.4686463600932604,Tipo_2_Intermediario_2,24,DM,LIB_2594
CELL_2595,0.3083452699285018,Tipo_0_Inicial,48,GM,LIB_2595
CELL_2596,2.9863890152748565,Tipo_3_Final,72,DM,LIB_2596
CELL_2597,0.633286538217213,Tipo_1_Intermediario_1,0,GM,LIB_2597
CELL_2598,1.3731195417994453,Tipo_1_Intermediario_1,24,DM,LIB_2598
CELL_2599,0.6689159933274842,Tipo_1_Intermediario_1,48,GM,LIB_2599
CELL_2600,0.28734438981459237,Tipo_0_Inicial,72,DM,LIB_2600
CELL_2601,1.9861151469518448,Tipo_2_Intermediario_2,0,GM,LIB_2601
CELL_2602,0.11172751945183274,Tipo_0_Inicial,24,DM,LIB_2602
CELL_2603,2.761779855836161,Tipo_3_Final,48,GM,LIB_2603
CELL_2604,0.7642398651077931,Tipo_1_Intermediario_1,72,DM,LIB_2604
CELL_2605,0.0002694041528053474,Tipo_0_Inicial,0,GM,LIB_2605
CELL_2606,1.4313138256088904,Tipo_2_Intermediario_2,24,DM,LIB_2606
CELL_2607,0.09596998472250436,Tipo_0_Inicial,48,GM,LIB_2607
CELL_2608,0.6463962198195594,Tipo_1_Intermediario_1,72,DM,LIB_2608
CELL_2609,2.4550048511866462,Tipo_2_Intermediario_2,0,GM,LIB_2609
CELL_2610,0.12948160931765357,Tipo_0_Inicial,24,DM,LIB_2610
CELL_2611,3.6569111284295728,Tipo_3_Final,48,GM,LIB_2611
CELL_2612,0.007654474392792114,Tipo_0_Inicial,72,DM,LIB_2612
CELL_2613,0.566912346182991,Tipo_1_Intermediario_1,0,GM,LIB_2613
CELL_2614,2.7011136926222084,Tipo_2_Intermediario_2,24,DM,LIB_2614
CELL_2615,0.7603847902394995,Tipo_1_Intermediario_1,48,GM,LIB_2615
CELL_2616,0.21493076548758702,Tipo_0_Inicial,72,DM,LIB_2616
CELL_2617,0.893305335129616,Tipo_1_Intermediario_1,0,GM,LIB_2617
CELL_2618,0.6304992769775121,Tipo_1_Intermediario_1,24,DM,LIB_2618
CELL_2619,3.6993522742740583,Tipo_3_Final,48,GM,LIB_2619
CELL_2620,0.7518550905876795,Tipo_1_Intermediario_1,72,DM,LIB_2620
CELL_2621,3.1111543154627013,Tipo_3_Final,0,GM,LIB_2621
CELL_2622,4.448881815408057,Tipo_3_Final,24,DM,LIB_2622
CELL_2623,1.1376773450865927,Tipo_1_Intermediario_1,48,GM,LIB_2623
CELL_2624,4.814628146322393,Tipo_3_Final,72,DM,LIB_2624
CELL_2625,0.9474388211190321,Tipo_1_Intermediario_1,0,GM,LIB_2625
CELL_2626,6.652833904337432,Tipo_3_Final,24,DM,LIB_2626
CELL_2627,0.18706048362472302,Tipo_0_Inicial,48,GM,LIB_2627
CELL_2628,2.3232272893199766,Tipo_2_Intermediario_2,72,DM,LIB_2628
CELL_2629,1.3617023364623064,Tipo_1_Intermediario_1,0,GM,LIB_2629
CELL_2630,0.9808986275250262,Tipo_1_Intermediario_1,24,DM,LIB_2630
CELL_2631,2.0032173348106554,Tipo_2_Intermediario_2,48,GM,LIB_2631
CELL_2632,2.4338262852702486,Tipo_2_Intermediario_2,72,DM,LIB_2632
CELL_2633,0.008745632983492825,Tipo_0_Inicial,0,GM,LIB_2633
CELL_2634,0.365330644742418,Tipo_0_Inicial,24,DM,LIB_2634
CELL_2635,2.4968670625373326,Tipo_2_Intermediario_2,48,GM,LIB_2635
CELL_2636,2.1955377703349446,Tipo_2_Intermediario_2,72,DM,LIB_2636
CELL_2637,6.765585882081083,Tipo_3_Final,0,GM,LIB_2637
CELL_2638,2.862899715513481,Tipo_3_Final,24,DM,LIB_2638
CELL_2639,6.022614176753758,Tipo_3_Final,48,GM,LIB_2639
CELL_2640,2.4249544057541748,Tipo_2_Intermediario_2,72,DM,LIB_2640
CELL_2641,0.7077924980065297,Tipo_1_Intermediario_1,0,GM,LIB_2641
CELL_2642,0.2226787564240718,Tipo_0_Inicial,24,DM,LIB_2642
CELL_2643,3.0449051522289614,Tipo_3_Final,48,GM,LIB_2643
CELL_2644,2.06648759490405,Tipo_2_Intermediario_2,72,DM,LIB_2644
CELL_2645,0.09877130890308398,Tipo_0_Inicial,0,GM,LIB_2645
CELL_2646,0.8927319174155142,Tipo_1_Intermediario_1,24,DM,LIB_2646
CELL_2647,6.283821025088229,Tipo_3_Final,48,GM,LIB_2647
CELL_2648,1.3878995879767009,Tipo_2_Intermediario_2,72,DM,LIB_2648
CELL_2649,1.133836750145098,Tipo_1_Intermediario_1,0,GM,LIB_2649
CELL_2650,1.2238703940999978,Tipo_1_Intermediario_1,24,DM,LIB_2650
CELL_2651,0.4686181185051916,Tipo_0_Inicial,48,GM,LIB_2651
CELL_2652,0.9199709051183403,Tipo_1_Intermediario_1,72,DM,LIB_2652
CELL_2653,0.9234781689040747,Tipo_1_Intermediario_1,0,GM,LIB_2653
CELL_2654,0.10755068147219563,Tipo_0_Inicial,24,DM,LIB_2654
CELL_2655,2.9183119432260995,Tipo_3_Final,48,GM,LIB_2655
CELL_2656,1.0774368453275396,Tipo_1_Intermediario_1,72,DM,LIB_2656
CELL_2657,3.453965679565796,Tipo_3_Final,0,GM,LIB_2657
CELL_2658,3.7988853754777145,Tipo_3_Final,24,DM,LIB_2658
CELL_2659,0.47649928870812497,Tipo_0_Inicial,48,GM,LIB_2659
CELL_2660,2.142111846942619,Tipo_2_Intermediario_2,72,DM,LIB_2660
CELL_2661,1.2783857155214864,Tipo_1_Intermediario_1,0,GM,LIB_2661
CELL_2662,4.24314107860472,Tipo_3_Final,24,DM,LIB_2662
CELL_2663,0.48603109393259447,Tipo_0_Inicial,48,GM,LIB_2663
CELL_2664,2.2652475567668895,Tipo_2_Intermediario_2,72,DM,LIB_2664
CELL_2665,1.8717225956861803,Tipo_2_Intermediario_2,0,GM,LIB_2665
CELL_2666,0.699970390780318,Tipo_1_Intermediario_1,24,DM,LIB_2666
CELL_2667,0.2937564849613751,Tipo_0_Inicial,48,GM,LIB_2667
CELL_2668,2.1090363271708568,Tipo_2_Intermediario_2,72,DM,LIB_2668
CELL_2669,2.683387507570942,Tipo_2_Intermediario_2,0,GM,LIB_2669
CELL_2670,0.7585053813203535,Tipo_1_Intermediario_1,24,DM,LIB_2670
CELL_2671,2.0703321253609963,Tipo_2_Intermediario_2,48,GM,LIB_2671
CELL_2672,1.005486441162735,Tipo_1_Intermediario_1,72,DM,LIB_2672
CELL_2673,2.497988341665501,Tipo_2_Intermediario_2,0,GM,LIB_2673
CELL_2674,0.444326251412142,Tipo_0_Inicial,24,DM,LIB_2674
CELL_2675,4.418462790545983,Tipo_3_Final,48,GM,LIB_2675
CELL_2676,0.6776969854692375,Tipo_1_Intermediario_1,72,DM,LIB_2676
CELL_2677,0.9170546303766779,Tipo_1_Intermediario_1,0,GM,LIB_2677
CELL_2678,0.11969524568741217,Tipo_0_Inicial,24,DM,LIB_2678
CELL_2679,0.23646875271342271,Tipo_0_Inicial,48,GM,LIB_2679
CELL_2680,1.4507701759768121,Tipo_2_Intermediario_2,72,DM,LIB_2680
CELL_2681,0.6228369344514492,Tipo_1_Intermediario_1,0,GM,LIB_2681
CELL_2682,3.6094490154940124,Tipo_3_Final,24,DM,LIB_2682
CELL_2683,0.029604811388883413,Tipo_0_Inicial,48,GM,LIB_2683
CELL_2684,0.9531513113094143,Tipo_1_Intermediario_1,72,DM,LIB_2684
CELL_2685,0.823003222683286,Tipo_1_Intermediario_1,0,GM,LIB_2685
CELL_2686,0.03903370333975423,Tipo_0_Inicial,24,DM,LIB_2686
CELL_2687,0.2656196466091774,Tipo_0_Inicial,48,GM,LIB_2687
CELL_2688,1.067651810951491,Tipo_1_Intermediario_1,72,DM,LIB_2688
CELL_2689,1.357954438467984,Tipo_1_Intermediario_1,0,GM,LIB_2689
CELL_2690,1.0360017664794439,Tipo_1_Intermediario_1,24,DM,LIB_2690
CELL_2691,1.5140392750266451,Tipo_2_Intermediario_2,48,GM,LIB_2691
CELL_2692,1.8083867759270336,Tipo_2_Intermediario_2,72,DM,LIB_2692
CELL_2693,0.019946780916305435,Tipo_0_Inicial,0,GM,LIB_2693
CELL_2694,1.2475973399332378,Tipo_1_Intermediario_1,24,DM,LIB_2694
CELL_2695,6.620844442019276,Tipo_3_Final,48,GM,LIB_2695
CELL_2696,1.4639102431696511,Tipo_2_Intermediario_2,72,DM,LIB_2696
CELL_2697,2.263566426447793,Tipo_2_Intermediario_2,0,GM,LIB_2697
CELL_2698,0.7475371593797607,Tipo_1_Intermediario_1,24,DM,LIB_2698
CELL_2699,2.974364261341995,Tipo_3_Final,48,GM,LIB_2699
CELL_2700,2.96491885297936,Tipo_3_Final,72,DM,LIB_2700
CELL_2701,1.4733458524055132,Tipo_2_Intermediario_2,0,GM,LIB_2701
CELL_2702,7.460555169071689,Tipo_3_Final,24,DM,LIB_2702
CELL_2703,0.2683208145687498,Tipo_0_Inicial,48,GM,LIB_2703
CELL_2704,0.0341858401169344,Tipo_0_Inicial,72,DM,LIB_2704
CELL_2705,2.9407281679195654,Tipo_3_Final,0,GM,LIB_2705
CELL_2706,3.2917426161318923,Tipo_3_Final,24,DM,LIB_2706
CELL_2707,0.2561377737569413,Tipo_0_Inicial,48,GM,LIB_2707
CELL_2708,0.6173561286960697,Tipo_1_Intermediario_1,72,DM,LIB_2708
CELL_2709,0.035416465412930004,Tipo_0_Inicial,0,GM,LIB_2709
CELL_2710,0.6943224317033132,Tipo_1_Intermediario_1,24,DM,LIB_2710
CELL_2711,2.966860904256224,Tipo_3_Final,48,GM,LIB_2711
CELL_2712,1.45945855114414,Tipo_2_Intermediario_2,72,DM,LIB_2712
CELL_2713,0.8557146861866832,Tipo_1_Intermediario_1,0,GM,LIB_2713
CELL_2714,0.9296001263187308,Tipo_1_Intermediario_1,24,DM,LIB_2714
CELL_2715,0.0027090853886956295,Tipo_0_Inicial,48,GM,LIB_2715
CELL_2716,0.7127800478224141,Tipo_1_Intermediario_1,72,DM,LIB_2716
CELL_2717,2.079510173121035,Tipo_2_Intermediario_2,0,GM,LIB_2717
CELL_2718,7.314330908570359,Tipo_3_Final,24,DM,LIB_2718
CELL_2719,3.7554299972493825,Tipo_3_Final,48,GM,LIB_2719
CELL_2720,0.047755566831033,Tipo_0_Inicial,72,DM,LIB_2720
CELL_2721,4.576587498444518,Tipo_3_Final,0,GM,LIB_2721
CELL_2722,3.057545381420305,Tipo_3_Final,24,DM,LIB_2722
CELL_2723,3.031677696697999,Tipo_3_Final,48,GM,LIB_2723
CELL_2724,1.224962905712892,Tipo_1_Intermediario_1,72,DM,LIB_2724
CELL_2725,1.0150132519903914,Tipo_1_Intermediario_1,0,GM,LIB_2725
CELL_2726,0.7216979399646261,Tipo_1_Intermediario_1,24,DM,LIB_2726
CELL_2727,0.13590438126854174,Tipo_0_Inicial,48,GM,LIB_2727
CELL_2728,0.518151300866055,Tipo_0_Inicial,72,DM,LIB_2728
CELL_2729,0.5663276170018666,Tipo_1_Intermediario_1,0,GM,LIB_2729
CELL_2730,1.323595769118734,Tipo_1_Intermediario_1,24,DM,LIB_2730
CELL_2731,2.7522477652134314,Tipo_3_Final,48,GM,LIB_2731
CELL_2732,1.2841851772313098,Tipo_1_Intermediario_1,72,DM,LIB_2732
CELL_2733,0.11916978012496816,Tipo_0_Inicial,0,GM,LIB_2733
CELL_2734,6.330186808793513,Tipo_3_Final,24,DM,LIB_2734
CELL_2735,5.719758324704087,Tipo_3_Final,48,GM,LIB_2735
CELL_2736,3.0759984714558355,Tipo_3_Final,72,DM,LIB_2736
CELL_2737,9.495288966719887,Tipo_3_Final,0,GM,LIB_2737
CELL_2738,1.5726415532925795,Tipo_2_Intermediario_2,24,DM,LIB_2738
CELL_2739,6.5811921595658,Tipo_3_Final,48,GM,LIB_2739
CELL_2740,0.15723170689833965,Tipo_0_Inicial,72,DM,LIB_2740
CELL_2741,0.9104057992925537,Tipo_1_Intermediario_1,0,GM,LIB_2741
CELL_2742,0.5107686587971821,Tipo_0_Inicial,24,DM,LIB_2742
CELL_2743,0.4358968491046164,Tipo_0_Inicial,48,GM,LIB_2743
CELL_2744,0.30351397474217,Tipo_0_Inicial,72,DM,LIB_2744
CELL_2745,1.9479119447839621,Tipo_2_Intermediario_2,0,GM,LIB_2745
CELL_2746,3.0403085822463196,Tipo_3_Final,24,DM,LIB_2746
CELL_2747,1.7269146453916535,Tipo_2_Intermediario_2,48,GM,LIB_2747
CELL_2748,0.3179040313356503,Tipo_0_Inicial,72,DM,LIB_2748
CELL_2749,3.3333266916293085,Tipo_3_Final,0,GM,LIB_2749
CELL_2750,2.020953976434794,Tipo_2_Intermediario_2,24,DM,LIB_2750
CELL_2751,0.9825875895555617,Tipo_1_Intermediario_1,48,GM,LIB_2751
CELL_2752,2.242515314134136,Tipo_2_Intermediario_2,72,DM,LIB_2752
CELL_2753,0.6019533891974342,Tipo_1_Intermediario_1,0,GM,LIB_2753
CELL_2754,0.8468270689879257,Tipo_1_Intermediario_1,24,DM,LIB_2754
CELL_2755,4.989570803925409,Tipo_3_Final,48,GM,LIB_2755
CELL_2756,0.686402265780928,Tipo_1_Intermediario_1,72,DM,LIB_2756
CELL_2757,1.2697122742597884,Tipo_1_Intermediario_1,0,GM,LIB_2757
CELL_2758,4.417117608523501,Tipo_3_Final,24,DM,LIB_2758
CELL_2759,2.4600953036874644,Tipo_2_Intermediario_2,48,GM,LIB_2759
CELL_2760,0.1284440249481455,Tipo_0_Inicial,72,DM,LIB_2760
CELL_2761,0.31870212680931154,Tipo_0_Inicial,0,GM,LIB_2761
CELL_2762,0.01574499544794723,Tipo_0_Inicial,24,DM,LIB_2762
CELL_2763,1.993493413602983,Tipo_2_Intermediario_2,48,GM,LIB_2763
CELL_2764,1.1872315740204675,Tipo_1_Intermediario_1,72,DM,LIB_2764
CELL_2765,0.288375601180207,Tipo_0_Inicial,0,GM,LIB_2765
CELL_2766,6.337036686630444,Tipo_3_Final,24,DM,LIB_2766
CELL_2767,1.5085977092569254,Tipo_2_Intermediario_2,48,GM,LIB_2767
CELL_2768,0.5538622606184095,Tipo_0_Inicial,72,DM,LIB_2768
CELL_2769,1.3887101041050312,Tipo_2_Intermediario_2,0,GM,LIB_2769
CELL_2770,2.2764970525465125,Tipo_2_Intermediario_2,24,DM,LIB_2770
CELL_2771,0.15860426954010162,Tipo_0_Inicial,48,GM,LIB_2771
CELL_2772,0.6423503531701857,Tipo_1_Intermediario_1,72,DM,LIB_2772
CELL_2773,3.289772604701704,Tipo_3_Final,0,GM,LIB_2773
CELL_2774,1.2311314431146945,Tipo_1_Intermediario_1,24,DM,LIB_2774
CELL_2775,1.581860255211607,Tipo_2_Intermediario_2,48,GM,LIB_2775
CELL_2776,1.1341430336046225,Tipo_1_Intermediario_1,72,DM,LIB_2776
CELL_2777,0.08978541780031406,Tipo_0_Inicial,0,GM,LIB_2777
CELL_2778,0.3624437948503873,Tipo_0_Inicial,24,DM,LIB_2778
CELL_2779,1.1795271348445522,Tipo_1_Intermediario_1,48,GM,LIB_2779
CELL_2780,0.469383616498048,Tipo_0_Inicial,72,DM,LIB_2780
CELL_2781,0.10254243907225369,Tipo_0_Inicial,0,GM,LIB_2781
CELL_2782,3.7113120927748615,Tipo_3_Final,24,DM,LIB_2782
CELL_2783,7.947002206390479,Tipo_3_Final,48,GM,LIB_2783
CELL_2784,3.151453873135485,Tipo_3_Final,72,DM,LIB_2784
CELL_2785,3.8453532045389562,Tipo_3_Final,0,GM,LIB_2785
CELL_2786,0.5540834454184227,Tipo_0_Inicial,24,DM,LIB_2786
CELL_2787,6.469348709717576,Tipo_3_Final,48,GM,LIB_2787
CELL_2788,0.43861609368275645,Tipo_0_Inicial,72,DM,LIB_2788
CELL_2789,6.049490636404103,Tipo_3_Final,0,GM,LIB_2789
CELL_2790,10.52562786397859,Tipo_3_Final,24,DM,LIB_2790
CELL_2791,2.487665563369364,Tipo_2_Intermediario_2,48,GM,LIB_2791
CELL_2792,7.941819778852892,Tipo_3_Final,72,DM,LIB_2792
CELL_2793,1.6858007251188125,Tipo_2_Intermediario_2,0,GM,LIB_2793
CELL_2794,0.600972144984639,Tipo_1_Intermediario_1,24,DM,LIB_2794
CELL_2795,1.1489366859856192,Tipo_1_Intermediario_1,48,GM,LIB_2795
CELL_2796,1.8006425275232356,Tipo_2_Intermediario_2,72,DM,LIB_2796
CELL_2797,0.15177940442768775,Tipo_0_Inicial,0,GM,LIB_2797
CELL_2798,1.947539206789902,Tipo_2_Intermediario_2,24,DM,LIB_2798
CELL_2799,7.9454404157507765,Tipo_3_Final,48,GM,LIB_2799
CELL_2800,0.4217078822306674,Tipo_0_Inicial,72,DM,LIB_2800
CELL_2801,3.14616487231249,Tipo_3_Final,0,GM,LIB_2801
CELL_2802,4.769734477902515,Tipo_3_Final,24,DM,LIB_2802
CELL_2803,5.754178071784992,Tipo_3_Final,48,GM,LIB_2803
CELL_2804,6.444543388896397,Tipo_3_Final,72,DM,LIB_2804
CELL_2805,1.4740294441139088,Tipo_2_Intermediario_2,0,GM,LIB_2805
CELL_2806,7.571477569718712,Tipo_3_Final,24,DM,LIB_2806
CELL_2807,2.831942447448347,Tipo_3_Final,48,GM,LIB_2807
CELL_2808,0.35269034896171253,Tipo_0_Inicial,72,DM,LIB_2808
CELL_2809,1.2959656642766406,Tipo_1_Intermediario_1,0,GM,LIB_2809
CELL_2810,2.5340465578425038,Tipo_2_Intermediario_2,24,DM,LIB_2810
CELL_2811,0.5682841999595918,Tipo_1_Intermediario_1,48,GM,LIB_2811
CELL_2812,2.0467231049227057,Tipo_2_Intermediario_2,72,DM,LIB_2812
CELL_2813,2.1968274910379257,Tipo_2_Intermediario_2,0,GM,LIB_2813
CELL_2814,0.3551450875970192,Tipo_0_Inicial,24,DM,LIB_2814
CELL_2815,1.6652107754173158,Tipo_2_Intermediario_2,48,GM,LIB_2815
CELL_2816,2.953549264082792,Tipo_3_Final,72,DM,LIB_2816
CELL_2817,1.381881890319872,Tipo_1_Intermediario_1,0,GM,LIB_2817
CELL_2818,0.024353911775400666,Tipo_0_Inicial,24,DM,LIB_2818
CELL_2819,0.01815912770180857,Tipo_0_Inicial,48,GM,LIB_2819
CELL_2820,0.8833123836402135,Tipo_1_Intermediario_1,72,DM,LIB_2820
CELL_2821,5.212632354104803,Tipo_3_Final,0,GM,LIB_2821
CELL_2822,0.5192955419278339,Tipo_0_Inicial,24,DM,LIB_2822
CELL_2823,2.01223225011044,Tipo_2_Intermediario_2,48,GM,LIB_2823
CELL_2824,0.5022525594610194,Tipo_0_Inicial,72,DM,LIB_2824
CELL_2825,0.7762427370931114,Tipo_1_Intermediario_1,0,GM,LIB_2825
CELL_2826,3.7683034035082508,Tipo_3_Final,24,DM,LIB_2826
CELL_2827,2.6102506112527943,Tipo_2_Intermediario_2,48,GM,LIB_2827
CELL_2828,0.20052324607333796,Tipo_0_Inicial,72,DM,LIB_2828
CELL_2829,1.1196887015603572,Tipo_1_Intermediario_1,0,GM,LIB_2829
CELL_2830,0.059207319604504274,Tipo_0_Inicial,24,DM,LIB_2830
CELL_2831,1.3112795092716114,Tipo_1_Intermediario_1,48,GM,LIB_2831
CELL_2832,2.171988533791091,Tipo_2_Intermediario_2,72,DM,LIB_2832
CELL_2833,0.25226650687391683,Tipo_0_Inicial,0,GM,LIB_2833
CELL_2834,0.6818420646540689,Tipo_1_Intermediario_1,24,DM,LIB_2834
CELL_2835,1.0144529685657007,Tipo_1_Intermediario_1,48,GM,LIB_2835
CELL_2836,5.03976713659422,Tipo_3_Final,72,DM,LIB_2836
CELL_2837,9.997912151804702,Tipo_3_Final,0,GM,LIB_2837
CELL_2838,0.09190212436336548,Tipo_0_Inicial,24,DM,LIB_2838
CELL_2839,2.862649760601149,Tipo_3_Final,48,GM,LIB_2839
CELL_2840,0.9295516486109779,Tipo_1_Intermediario_1,72,DM,LIB_2840
CELL_2841,0.9966685537683462,Tipo_1_Intermediario_1,0,GM,LIB_2841
CELL_2842,2.8070029019906837,Tipo_3_Final,24,DM,LIB_2842
CELL_2843,5.012499985674345,Tipo_3_Final,48,GM,LIB_2843
CELL_2844,6.028957573174412,Tipo_3_Final,72,DM,LIB_2844
CELL_2845,1.7213458868909275,Tipo_2_Intermediario_2,0,GM,LIB_2845
CELL_2846,0.883598001298828,Tipo_1_Intermediario_1,24,DM,LIB_2846
CELL_2847,3.0980886191541974,Tipo_3_Final,48,GM,LIB_2847
CELL_2848,0.5780362845575456,Tipo_1_Intermediario_1,72,DM,LIB_2848
CELL_2849,1.660565681903547,Tipo_2_Intermediario_2,0,GM,LIB_2849
CELL_2850,0.8881368237533072,Tipo_1_Intermediario_1,24,DM,LIB_2850
CELL_2851,2.1378996459755877,Tipo_2_Intermediario_2,48,GM,LIB_2851
CELL_2852,0.5499237377770193,Tipo_0_Inicial,72,DM,LIB_2852
CELL_2853,0.4253791345688852,Tipo_0_Inicial,0,GM,LIB_2853
CELL_2854,5.007911963579374,Tipo_3_Final,24,DM,LIB_2854
CELL_2855,0.21473323740758357,Tipo_0_Inicial,48,GM,LIB_2855
CELL_2856,1.4102691168196353,Tipo_2_Intermediario_2,72,DM,LIB_2856
CELL_2857,0.49911053778105025,Tipo_0_Inicial,0,GM,LIB_2857
CELL_2858,0.0794159874277333,Tipo_0_Inicial,24,DM,LIB_2858
CELL_2859,0.0733670112226542,Tipo_0_Inicial,48,GM,LIB_2859
CELL_2860,0.3852814869166537,Tipo_0_Inicial,72,DM,LIB_2860
CELL_2861,4.031361963741445,Tipo_3_Final,0,GM,LIB_2861
CELL_2862,0.6639054133360989,Tipo_1_Intermediario_1,24,DM,LIB_2862
CELL_2863,6.009916225071519,Tipo_3_Final,48,GM,LIB_2863
CELL_2864,1.7427412983477275,Tipo_2_Intermediario_2,72,DM,LIB_2864
CELL_2865,1.1475812196301753,Tipo_1_Intermediario_1,0,GM,LIB_2865
CELL_2866,1.7354242023882065,Tipo_2_Intermediario_2,24,DM,LIB_2866
CELL_2867,1.4542287179901732,Tipo_2_Intermediario_2,48,GM,LIB_2867
CELL_2868,2.8440607370986966,Tipo_3_Final,72,DM,LIB_2868
CELL_2869,0.6639536967974529,Tipo_1_Intermediario_1,0,GM,LIB_2869
CELL_2870,0.8709737450452532,Tipo_1_Intermediario_1,24,DM,LIB_2870
CELL_2871,4.490412454761041,Tipo_3_Final,48,GM,LIB_2871
CELL_2872,5.854522233888301,Tipo_3_Final,72,DM,LIB_2872
CELL_2873,4.461612458394614,Tipo_3_Final,0,GM,LIB_2873
CELL_2874,1.087551786994988,Tipo_1_Intermediario_1,24,DM,LIB_2874
CELL_2875,3.0315809831030545,Tipo_3_Final,48,GM,LIB_2875
CELL_2876,1.2938090248233634,Tipo_1_Intermediario_1,72,DM,LIB_2876
CELL_2877,1.3764778998947391,Tipo_1_Intermediario_1,0,GM,LIB_2877
CELL_2878,0.4580217334320902,Tipo_0_Inicial,24,DM,LIB_2878
CELL_2879,1.7887175271479883,Tipo_2_Intermediario_2,48,GM,LIB_2879
CELL_2880,0.41192375494866157,Tipo_0_Inicial,72,DM,LIB_2880
CELL_2881,0.8056313391458367,Tipo_1_Intermediario_1,0,GM,LIB_2881
CELL_2882,3.86245969058071,Tipo_3_Final,24,DM,LIB_2882
CELL_2883,0.4640553198262061,Tipo_0_Inicial,48,GM,LIB_2883
CELL_2884,0.14763387400605255,Tipo_0_Inicial,72,DM,LIB_2884
CELL_2885,0.14300831413790926,Tipo_0_Inicial,0,GM,LIB_2885
CELL_2886,5.653144586567092,Tipo_3_Final,24,DM,LIB_2886
CELL_2887,1.4141694690315991,Tipo_2_Intermediario_2,48,GM,LIB_2887
CELL_2888,1.0532734996033275,Tipo_1_Intermediario_1,72,DM,LIB_2888
CELL_2889,3.330732083323666,Tipo_3_Final,0,GM,LIB_2889
CELL_2890,3.6136559977619394,Tipo_3_Final,24,DM,LIB_2890
CELL_2891,0.8075062481257752,Tipo_1_Intermediario_1,48,GM,LIB_2891
CELL_2892,2.3658455543326977,Tipo_2_Intermediario_2,72,DM,LIB_2892
CELL_2893,2.949139466118524,Tipo_3_Final,0,GM,LIB_2893
CELL_2894,2.126397744694441,Tipo_2_Intermediario_2,24,DM,LIB_2894
CELL_2895,0.3287945020560986,Tipo_0_Inicial,48,GM,LIB_2895
CELL_2896,4.173062565483896,Tipo_3_Final,72,DM,LIB_2896
CELL_2897,1.5491247211418475,Tipo_2_Intermediario_2,0,GM,LIB_2897
CELL_2898,0.6638878038808874,Tipo_1_Intermediario_1,24,DM,LIB_2898
CELL_2899,1.1075643223755363,Tipo_1_Intermediario_1,48,GM,LIB_2899
CELL_2900,0.07659015140540455,Tipo_0_Inicial,72,DM,LIB_2900
CELL_2901,0.273626231693328,Tipo_0_Inicial,0,GM,LIB_2901
CELL_2902,2.9009981470242807,Tipo_3_Final,24,DM,LIB_2902
CELL_2903,2.3269646100864647e-05,Tipo_0_Inicial,48,GM,LIB_2903
CELL_2904,1.077647300426542,Tipo_1_Intermediario_1,72,DM,LIB_2904
CELL_2905,1.4784248818677461,Tipo_2_Intermediario_2,0,GM,LIB_2905
CELL_2906,0.11236713831299383,Tipo_0_Inicial,24,DM,LIB_2906
CELL_2907,7.229635072557551,Tipo_3_Final,48,GM,LIB_2907
CELL_2908,0.5126906903662256,Tipo_0_Inicial,72,DM,LIB_2908
CELL_2909,0.7253823522683404,Tipo_1_Intermediario_1,0,GM,LIB_2909
CELL_2910,0.7246460494479172,Tipo_1_Intermediario_1,24,DM,LIB_2910
CELL_2911,0.5238120604507893,Tipo_0_Inicial,48,GM,LIB_2911
CELL_2912,0.002949818460770116,Tipo_0_Inicial,72,DM,LIB_2912
CELL_2913,2.613819142149375,Tipo_2_Intermediario_2,0,GM,LIB_2913
CELL_2914,6.813153637805498,Tipo_3_Final,24,DM,LIB_2914
CELL_2915,0.507962060888422,Tipo_0_Inicial,48,GM,LIB_2915
CELL_2916,2.1756247869211744,Tipo_2_Intermediario_2,72,DM,LIB_2916
CELL_2917,2.708787882561248,Tipo_2_Intermediario_2,0,GM,LIB_2917
CELL_2918,3.7733544560740695,Tipo_3_Final,24,DM,LIB_2918
CELL_2919,1.0985411587744511,Tipo_1_Intermediario_1,48,GM,LIB_2919
CELL_2920,0.7217414841186984,Tipo_1_Intermediario_1,72,DM,LIB_2920
CELL_2921,0.7869598386292708,Tipo_1_Intermediario_1,0,GM,LIB_2921
CELL_2922,2.4939090719848465,Tipo_2_Intermediario_2,24,DM,LIB_2922
CELL_2923,3.394129501260106,Tipo_3_Final,48,GM,LIB_2923
CELL_2924,0.40084226328327965,Tipo_0_Inicial,72,DM,LIB_2924
CELL_2925,0.9270604799335608,Tipo_1_Intermediario_1,0,GM,LIB_2925
CELL_2926,4.644355498354066,Tipo_3_Final,24,DM,LIB_2926
CELL_2927,3.2869567374587416,Tipo_3_Final,48,GM,LIB_2927
CELL_2928,8.380619077364752,Tipo_3_Final,72,DM,LIB_2928
CELL_2929,2.8068668766400817,Tipo_3_Final,0,GM,LIB_2929
CELL_2930,0.9990962457673288,Tipo_1_Intermediario_1,24,DM,LIB_2930
CELL_2931,1.786310046599916,Tipo_2_Intermediario_2,48,GM,LIB_2931
CELL_2932,2.1635944408258485,Tipo_2_Intermediario_2,72,DM,LIB_2932
CELL_2933,0.16340911090966223,Tipo_0_Inicial,0,GM,LIB_2933
CELL_2934,1.572705772704821,Tipo_2_Intermediario_2,24,DM,LIB_2934
CELL_2935,2.4710702467136554,Tipo_2_Intermediario_2,48,GM,LIB_2935
CELL_2936,0.36621486062588937,Tipo_0_Inicial,72,DM,LIB_2936
CELL_2937,3.0340066119482234,Tipo_3_Final,0,GM,LIB_2937
CELL_2938,1.7530479342938856,Tipo_2_Intermediario_2,24,DM,LIB_2938
CELL_2939,6.082371022221028,Tipo_3_Final,48,GM,LIB_2939
CELL_2940,0.086696821044225,Tipo_0_Inicial,72,DM,LIB_2940
CELL_2941,0.616657205618876,Tipo_1_Intermediario_1,0,GM,LIB_2941
CELL_2942,1.8403659903244876,Tipo_2_Intermediario_2,24,DM,LIB_2942
CELL_2943,0.7035451382092704,Tipo_1_Intermediario_1,48,GM,LIB_2943
CELL_2944,2.506495320377518,Tipo_2_Intermediario_2,72,DM,LIB_2944
CELL_2945,2.8459605298196955,Tipo_3_Final,0,GM,LIB_2945
CELL_2946,0.21631989207718816,Tipo_0_Inicial,24,DM,LIB_2946
CELL_2947,1.4424944870901517,Tipo_2_Intermediario_2,48,GM,LIB_2947
CELL_2948,1.422176549979631,Tipo_2_Intermediario_2,72,DM,LIB_2948
CELL_2949,0.9217889523745135,Tipo_1_Intermediario_1,0,GM,LIB_2949
CELL_2950,5.403883667534351,Tipo_3_Final,24,DM,LIB_2950
CELL_2951,3.5147893602561635,Tipo_3_Final,48,GM,LIB_2951
CELL_2952,2.3894274834967595,Tipo_2_Intermediario_2,72,DM,LIB_2952
CELL_2953,2.5058124076510992,Tipo_2_Intermediario_2,0,GM,LIB_2953
CELL_2954,1.2387384884585517,Tipo_1_Intermediario_1,24,DM,LIB_2954
CELL_2955,5.0764761514240755,Tipo_3_Final,48,GM,LIB_2955
CELL_2956,2.372235826668418,Tipo_2_Intermediario_2,72,DM,LIB_2956
CELL_2957,2.6111331547105663,Tipo_2_Intermediario_2,0,GM,LIB_2957
CELL_2958,3.9565285417431437,Tipo_3_Final,24,DM,LIB_2958
CELL_2959,0.640607753857549,Tipo_1_Intermediario_1,48,GM,LIB_2959
CELL_2960,3.290865070249198,Tipo_3_Final,72,DM,LIB_2960
CELL_2961,0.4344238637980665,Tipo_0_Inicial,0,GM,LIB_2961
CELL_2962,0.847284488332029,Tipo_1_Intermediario_1,24,DM,LIB_2962
CELL_2963,0.8177732725404557,Tipo_1_Intermediario_1,48,GM,LIB_2963
CELL_2964,7.681775244505231,Tipo_3_Final,72,DM,LIB_2964
CELL_2965,3.883359352744885,Tipo_3_Final,0,GM,LIB_2965
CELL_2966,2.415759931969776,Tipo_2_Intermediario_2,24,DM,LIB_2966
CELL_2967,2.5969828468404286,Tipo_2_Intermediario_2,48,GM,LIB_2967
CELL_2968,1.651405159368262,Tipo_2_Intermediario_2,72,DM,LIB_2968
CELL_2969,5.878351061018403,Tipo_3_Final,0,GM,LIB_2969
CELL_2970,1.3713850826421117,Tipo_1_Intermediario_1,24,DM,LIB_2970
CELL_2971,0.9577423313643417,Tipo_1_Intermediario_1,48,GM,LIB_2971
CELL_2972,0.35594685588030345,Tipo_0_Inicial,72,DM,LIB_2972
CELL_2973,3.0854814357662397,Tipo_3_Final,0,GM,LIB_2973
CELL_2974,2.651858563944405,Tipo_2_Intermediario_2,24,DM,LIB_2974
CELL_2975,0.9701696856981685,Tipo_1_Intermediario_1,48,GM,LIB_2975
CELL_2976,0.05103240190878215,Tipo_0_Inicial,72,DM,LIB_2976
CELL_2977,3.652668632221283,Tipo_3_Final,0,GM,LIB_2977
CELL_2978,0.02296733820852711,Tipo_0_Inicial,24,DM,LIB_2978
CELL_2979,2.432764161320476,Tipo_2_Intermediario_2,48,GM,LIB_2979
CELL_2980,7.030330315879624,Tipo_3_Final,72,DM,LIB_2980
CELL_2981,1.1513019832739178,Tipo_1_Intermediario_1,0,GM,LIB_2981
CELL_2982,0.5356893620974138,Tipo_0_Inicial,24,DM,LIB_2982
CELL_2983,2.4406855282395963,Tipo_2_Intermediario_2,48,GM,LIB_2983
CELL_2984,3.3979392020186507,Tipo_3_Final,72,DM,LIB_2984
CELL_2985,1.581212726377801,Tipo_2_Intermediario_2,0,GM,LIB_2985
CELL_2986,6.824634472806166,Tipo_3_Final,24,DM,LIB_2986
CELL_2987,0.10610277608512328,Tipo_0_Inicial,48,GM,LIB_2987
CELL_2988,1.4055693378571474,Tipo_2_Intermediario_2,72,DM,LIB_2988
CELL_2989,2.534918494699556,Tipo_2_Intermediario_2,0,GM,LIB_2989
CELL_2990,3.970306984861358,Tipo_3_Final,24,DM,LIB_2990
CELL_2991,0.3950871203199098,Tipo_0_Inicial,48,GM,LIB_2991
CELL_2992,3.218910642808085,Tipo_3_Final,72,DM,LIB_2992
CELL_2993,1.6090831747996597,Tipo_2_Intermediario_2,0,GM,LIB_2993
CELL_2994,1.0101963870055586,Tipo_1_Intermediario_1,24,DM,LIB_2994
CELL_2995,0.28247062022898545,Tipo_0_Inicial,48,GM,LIB_2995
CELL_2996,4.00934742120851,Tipo_3_Final,72,DM,LIB_2996
CELL_2997,0.342224927752622,Tipo_0_Inicial,0,GM,LIB_2997
CELL_2998,0.7415125564448649,Tipo_1_Intermediario_1,24,DM,LIB_2998
CELL_2999,0.6851088810554417,Tipo_1_Intermediario_1,48,GM,LIB_2999
CELL_3000,4.10231520740062,Tipo_3_Final,72,DM,LIB_3000
CELL_3001,2.233774491452259,Tipo_2_Intermediario_2,0,GM,LIB_3001
CELL_3002,3.1859621166212815,Tipo_3_Final,24,DM,LIB_3002
CELL_3003,0.5766122643864525,Tipo_1_Intermediario_1,48,GM,LIB_3003
CELL_3004,1.9609871499531324,Tipo_2_Intermediario_2,72,DM,LIB_3004
CELL_3005,1.6960775242450719,Tipo_2_Intermediario_2,0,GM,LIB_3005
CELL_3006,3.577492548385835,Tipo_3_Final,24,DM,LIB_3006
CELL_3007,4.7307742024201485,Tipo_3_Final,48,GM,LIB_3007
CELL_3008,0.024462538817942497,Tipo_0_Inicial,72,DM,LIB_3008
CELL_3009,2.241838001779072,Tipo_2_Intermediario_2,0,GM,LIB_3009
CELL_3010,0.10645516809244548,Tipo_0_Inicial,24,DM,LIB_3010
CELL_3011,1.5919492147397791,Tipo_2_Intermediario_2,48,GM,LIB_3011
CELL_3012,0.678323341139772,Tipo_1_Intermediario_1,72,DM,LIB_3012
CELL_3013,0.7328059290589237,Tipo_1_Intermediario_1,0,GM,LIB_3013
CELL_3014,0.8706896993582343,Tipo_1_Intermediario_1,24,DM,LIB_3014
CELL_3015,1.9419820102765224,Tipo_2_Intermediario_2,48,GM,LIB_3015
CELL_3016,0.813081269565668,Tipo_1_Intermediario_1,72,DM,LIB_3016
CELL_3017,2.6387602079855372,Tipo_2_Intermediario_2,0,GM,LIB_3017
CELL_3018,1.0367997575476584,Tipo_1_Intermediario_1,24,DM,LIB_3018
CELL_3019,0.14160301282717758,Tipo_0_Inicial,48,GM,LIB_3019
CELL_3020,3.062731297166667,Tipo_3_Final,72,DM,LIB_3020
CELL_3021,0.6730677859034276,Tipo_1_Intermediario_1,0,GM,LIB_3021
CELL_3022,1.1339698253218857,Tipo_1_Intermediario_1,24,DM,LIB_3022
CELL_3023,2.3131855740636516,Tipo_2_Intermediario_2,48,GM,LIB_3023
CELL_3024,0.8083004173809956,Tipo_1_Intermediario_1,72,DM,LIB_3024
CELL_3025,0.11649940764779618,Tipo_0_Inicial,0,GM,LIB_3025
CELL_3026,0.9365575857042947,Tipo_1_Intermediario_1,24,DM,LIB_3026
CELL_3027,5.7808924983360646,Tipo_3_Final,48,GM,LIB_3027
CELL_3028,2.052961321342224,Tipo_2_Intermediario_2,72,DM,LIB_3028
CELL_3029,2.226309937390083,Tipo_2_Intermediario_2,0,GM,LIB_3029
CELL_3030,2.000878713472277,Tipo_2_Intermediario_2,24,DM,LIB_3030
CELL_3031,0.4437690358575452,Tipo_0_Inicial,48,GM,LIB_3031
CELL_3032,1.0837172910217845,Tipo_1_Intermediario_1,72,DM,LIB_3032
CELL_3033,2.780121276197348,Tipo_3_Final,0,GM,LIB_3033
CELL_3034,0.21377424410872728,Tipo_0_Inicial,24,DM,LIB_3034
CELL_3035,0.65105249928659,Tipo_1_Intermediario_1,48,GM,LIB_3035
CELL_3036,0.646809482616204,Tipo_1_Intermediario_1,72,DM,LIB_3036
CELL_3037,1.1313343680919619,Tipo_1_Intermediario_1,0,GM,LIB_3037
CELL_3038,7.861264266559312,Tipo_3_Final,24,DM,LIB_3038
CELL_3039,0.13977771699224598,Tipo_0_Inicial,48,GM,LIB_3039
CELL_3040,1.4625331374118946,Tipo_2_Intermediario_2,72,DM,LIB_3040
CELL_3041,0.3953529213510226,Tipo_0_Inicial,0,GM,LIB_3041
CELL_3042,7.0587351704515475,Tipo_3_Final,24,DM,LIB_3042
CELL_3043,0.24050505031108502,Tipo_0_Inicial,48,GM,LIB_3043
CELL_3044,1.0336907535594775,Tipo_1_Intermediario_1,72,DM,LIB_3044
CELL_3045,2.6779437647354163,Tipo_2_Intermediario_2,0,GM,LIB_3045
CELL_3046,2.438541297406312,Tipo_2_Intermediario_2,24,DM,LIB_3046
CELL_3047,1.0988856460398193,Tipo_1_Intermediario_1,48,GM,LIB_3047
CELL_3048,0.8508994578636409,Tipo_1_Intermediario_1,72,DM,LIB_3048
CELL_3049,1.0137083028682519,Tipo_1_Intermediario_1,0,GM,LIB_3049
CELL_3050,0.6138011765400787,Tipo_1_Intermediario_1,24,DM,LIB_3050
CELL_3051,0.459664085742675,Tipo_0_Inicial,48,GM,LIB_3051
CELL_3052,1.3195783837367603,Tipo_1_Intermediario_1,72,DM,LIB_3052
CELL_3053,0.6254084119078702,Tipo_1_Intermediario_1,0,GM,LIB_3053
CELL_3054,0.6778431292674276,Tipo_1_Intermediario_1,24,DM,LIB_3054
CELL_3055,2.138627798766368,Tipo_2_Intermediario_2,48,GM,LIB_3055
CELL_3056,6.917907138612631,Tipo_3_Final,72,DM,LIB_3056
CELL_3057,1.8508506538853347,Tipo_2_Intermediario_2,0,GM,LIB_3057
CELL_3058,0.16020759771989018,Tipo_0_Inicial,24,DM,LIB_3058
CELL_3059,0.15718534897710215,Tipo_0_Inicial,48,GM,LIB_3059
CELL_3060,6.04921931486486,Tipo_3_Final,72,DM,LIB_3060
CELL_3061,0.7056242294367189,Tipo_1_Intermediario_1,0,GM,LIB_3061
CELL_3062,0.19316935264161353,Tipo_0_Inicial,24,DM,LIB_3062
CELL_3063,1.8278100955176482,Tipo_2_Intermediario_2,48,GM,LIB_3063
CELL_3064,1.9544649426011678,Tipo_2_Intermediario_2,72,DM,LIB_3064
CELL_3065,2.0911185616462635,Tipo_2_Intermediario_2,0,GM,LIB_3065
CELL_3066,0.6223163933391319,Tipo_1_Intermediario_1,24,DM,LIB_3066
CELL_3067,0.030452027769782227,Tipo_0_Inicial,48,GM,LIB_3067
CELL_3068,6.705692882415926,Tipo_3_Final,72,DM,LIB_3068
CELL_3069,0.5777470190385317,Tipo_1_Intermediario_1,0,GM,LIB_3069
CELL_3070,2.254185804892322,Tipo_2_Intermediario_2,24,DM,LIB_3070
CELL_3071,2.4526404489001523,Tipo_2_Intermediario_2,48,GM,LIB_3071
CELL_3072,1.8832551163836395,Tipo_2_Intermediario_2,72,DM,LIB_3072
CELL_3073,0.7505723969681785,Tipo_1_Intermediario_1,0,GM,LIB_3073
CELL_3074,0.6324271820651319,Tipo_1_Intermediario_1,24,DM,LIB_3074
CELL_3075,1.8209567264407178,Tipo_2_Intermediario_2,48,GM,LIB_3075
CELL_3076,4.0212588349879805,Tipo_3_Final,72,DM,LIB_3076
CELL_3077,5.864903921885126,Tipo_3_Final,0,GM,LIB_3077
CELL_3078,0.22388829031485427,Tipo_0_Inicial,24,DM,LIB_3078
CELL_3079,0.336431693726194,Tipo_0_Inicial,48,GM,LIB_3079
CELL_3080,5.791276519397838,Tipo_3_Final,72,DM,LIB_3080
CELL_3081,2.6676712276174452,Tipo_2_Intermediario_2,0,GM,LIB_3081
CELL_3082,4.291057132688894,Tipo_3_Final,24,DM,LIB_3082
CELL_3083,0.45287954109998413,Tipo_0_Inicial,48,GM,LIB_3083
CELL_3084,1.771454534529418,Tipo_2_Intermediario_2,72,DM,LIB_3084
CELL_3085,2.4155573711421625,Tipo_2_Intermediario_2,0,GM,LIB_3085
CELL_3086,2.2795679726983553,Tipo_2_Intermediario_2,24,DM,LIB_3086
CELL_3087,1.0490098230078868,Tipo_1_Intermediario_1,48,GM,LIB_3087
CELL_3088,0.031029246928829947,Tipo_0_Inicial,72,DM,LIB_3088
CELL_3089,1.7489835021813425,Tipo_2_Intermediario_2,0,GM,LIB_3089
CELL_3090,0.583652064757029,Tipo_1_Intermediario_1,24,DM,LIB_3090
CELL_3091,1.1965987466954007,Tipo_1_Intermediario_1,48,GM,LIB_3091
CELL_3092,6.320318519001087,Tipo_3_Final,72,DM,LIB_3092
CELL_3093,1.0184382219394243,Tipo_1_Intermediario_1,0,GM,LIB_3093
CELL_3094,3.6626845470288836,Tipo_3_Final,24,DM,LIB_3094
CELL_3095,0.4178418623425931,Tipo_0_Inicial,48,GM,LIB_3095
CELL_3096,2.232293228925945,Tipo_2_Intermediario_2,72,DM,LIB_3096
CELL_3097,7.545126951371329,Tipo_3_Final,0,GM,LIB_3097
CELL_3098,0.21493235284125525,Tipo_0_Inicial,24,DM,LIB_3098
CELL_3099,0.016709492250489715,Tipo_0_Inicial,48,GM,LIB_3099
CELL_3100,1.1368487136501377,Tipo_1_Intermediario_1,72,DM,LIB_3100
CELL_3101,0.19439999147721998,Tipo_0_Inicial,0,GM,LIB_3101
CELL_3102,2.759705105791522,Tipo_3_Final,24,DM,LIB_3102
CELL_3103,4.919616465792632,Tipo_3_Final,48,GM,LIB_3103
CELL_3104,1.1383965114424754,Tipo_1_Intermediario_1,72,DM,LIB_3104
CELL_3105,0.5987311649906385,Tipo_1_Intermediario_1,0,GM,LIB_3105
CELL_3106,1.139748065066691,Tipo_1_Intermediario_1,24,DM,LIB_3106
CELL_3107,2.570711503912119,Tipo_2_Intermediario_2,48,GM,LIB_3107
CELL_3108,0.01819079921445722,Tipo_0_Inicial,72,DM,LIB_3108
CELL_3109,1.780534544578956,Tipo_2_Intermediario_2,0,GM,LIB_3109
CELL_3110,1.9001691557042915,Tipo_2_Intermediario_2,24,DM,LIB_3110
CELL_3111,2.0305004827063358,Tipo_2_Intermediario_2,48,GM,LIB_3111
CELL_3112,0.5542020460528032,Tipo_0_Inicial,72,DM,LIB_3112
CELL_3113,2.503895665264673,Tipo_2_Intermediario_2,0,GM,LIB_3113
CELL_3114,0.191681911211672,Tipo_0_Inicial,24,DM,LIB_3114
CELL_3115,0.4444637751787968,Tipo_0_Inicial,48,GM,LIB_3115
CELL_3116,4.198799523561042,Tipo_3_Final,72,DM,LIB_3116
CELL_3117,2.6843494172906586,Tipo_2_Intermediario_2,0,GM,LIB_3117
CELL_3118,0.027681797717852966,Tipo_0_Inicial,24,DM,LIB_3118
CELL_3119,0.5710388529673616,Tipo_1_Intermediario_1,48,GM,LIB_3119
CELL_3120,0.4826315485169453,Tipo_0_Inicial,72,DM,LIB_3120
CELL_3121,0.6316318285385556,Tipo_1_Intermediario_1,0,GM,LIB_3121
CELL_3122,0.5688674289142449,Tipo_1_Intermediario_1,24,DM,LIB_3122
CELL_3123,0.1291331406466294,Tipo_0_Inicial,48,GM,LIB_3123
CELL_3124,1.228452110684271,Tipo_1_Intermediario_1,72,DM,LIB_3124
CELL_3125,2.639017793398541,Tipo_2_Intermediario_2,0,GM,LIB_3125
CELL_3126,1.8665265313898347,Tipo_2_Intermediario_2,24,DM,LIB_3126
CELL_3127,2.234805468606294,Tipo_2_Intermediario_2,48,GM,LIB_3127
CELL_3128,0.16926299365638992,Tipo_0_Inicial,72,DM,LIB_3128
CELL_3129,6.051999913268028,Tipo_3_Final,0,GM,LIB_3129
CELL_3130,3.6463991463165786,Tipo_3_Final,24,DM,LIB_3130
CELL_3131,3.270437998976395,Tipo_3_Final,48,GM,LIB_3131
CELL_3132,3.4630281073094618,Tipo_3_Final,72,DM,LIB_3132
CELL_3133,5.397502386392768,Tipo_3_Final,0,GM,LIB_3133
CELL_3134,1.5716391357000705,Tipo_2_Intermediario_2,24,DM,LIB_3134
CELL_3135,0.4469922715986941,Tipo_0_Inicial,48,GM,LIB_3135
CELL_3136,1.9183109135951566,Tipo_2_Intermediario_2,72,DM,LIB_3136
CELL_3137,2.716436372469671,Tipo_2_Intermediario_2,0,GM,LIB_3137
CELL_3138,2.6781910647468012,Tipo_2_Intermediario_2,24,DM,LIB_3138
CELL_3139,1.4739850823934304,Tipo_2_Intermediario_2,48,GM,LIB_3139
CELL_3140,0.14182954717407414,Tipo_0_Inicial,72,DM,LIB_3140
CELL_3141,0.9276071815125889,Tipo_1_Intermediario_1,0,GM,LIB_3141
CELL_3142,5.070714917406533,Tipo_3_Final,24,DM,LIB_3142
CELL_3143,1.7562994227461635,Tipo_2_Intermediario_2,48,GM,LIB_3143
CELL_3144,1.5458182760697725,Tipo_2_Intermediario_2,72,DM,LIB_3144
CELL_3145,0.6262828971717277,Tipo_1_Intermediario_1,0,GM,LIB_3145
CELL_3146,0.9191529071062944,Tipo_1_Intermediario_1,24,DM,LIB_3146
CELL_3147,4.5141929201180115,Tipo_3_Final,48,GM,LIB_3147
CELL_3148,2.1960032354921304,Tipo_2_Intermediario_2,72,DM,LIB_3148
CELL_3149,3.0965635861499208,Tipo_3_Final,0,GM,LIB_3149
CELL_3150,1.211538292842597,Tipo_1_Intermediario_1,24,DM,LIB_3150
CELL_3151,1.9898413147100436,Tipo_2_Intermediario_2,48,GM,LIB_3151
CELL_3152,0.5710584063926764,Tipo_1_Intermediario_1,72,DM,LIB_3152
CELL_3153,2.4446865612079685,Tipo_2_Intermediario_2,0,GM,LIB_3153
CELL_3154,1.1158391226447246,Tipo_1_Intermediario_1,24,DM,LIB_3154
CELL_3155,1.1687488398079504,Tipo_1_Intermediario_1,48,GM,LIB_3155
CELL_3156,2.0957755621064074,Tipo_2_Intermediario_2,72,DM,LIB_3156
CELL_3157,5.506533094219477,Tipo_3_Final,0,GM,LIB_3157
CELL_3158,0.13229316618459816,Tipo_0_Inicial,24,DM,LIB_3158
CELL_3159,3.4830063304143035,Tipo_3_Final,48,GM,LIB_3159
CELL_3160,0.6917048962922712,Tipo_1_Intermediario_1,72,DM,LIB_3160
CELL_3161,1.1736842584557927,Tipo_1_Intermediario_1,0,GM,LIB_3161
CELL_3162,0.044313983978938785,Tipo_0_Inicial,24,DM,LIB_3162
CELL_3163,0.7163409171392776,Tipo_1_Intermediario_1,48,GM,LIB_3163
CELL_3164,1.3968471229352586,Tipo_2_Intermediario_2,72,DM,LIB_3164
CELL_3165,0.11563130569590999,Tipo_0_Inicial,0,GM,LIB_3165
CELL_3166,1.3509907071279492,Tipo_1_Intermediario_1,24,DM,LIB_3166
CELL_3167,5.2376249022491566,Tipo_3_Final,48,GM,LIB_3167
CELL_3168,0.22274201418164916,Tipo_0_Inicial,72,DM,LIB_3168
CELL_3169,2.8915854234776024,Tipo_3_Final,0,GM,LIB_3169
CELL_3170,1.0541507215946502,Tipo_1_Intermediario_1,24,DM,LIB_3170
CELL_3171,2.129429018240246,Tipo_2_Intermediario_2,48,GM,LIB_3171
CELL_3172,0.6028497418291304,Tipo_1_Intermediario_1,72,DM,LIB_3172
CELL_3173,0.34749824079036656,Tipo_0_Inicial,0,GM,LIB_3173
CELL_3174,0.34980854025643787,Tipo_0_Inicial,24,DM,LIB_3174
CELL_3175,0.14619961320134336,Tipo_0_Inicial,48,GM,LIB_3175
CELL_3176,0.4107219673553782,Tipo_0_Inicial,72,DM,LIB_3176
CELL_3177,2.182594527572664,Tipo_2_Intermediario_2,0,GM,LIB_3177
CELL_3178,4.26890430451639,Tipo_3_Final,24,DM,LIB_3178
CELL_3179,3.365369125322815,Tipo_3_Final,48,GM,LIB_3179
CELL_3180,2.311218223272914,Tipo_2_Intermediario_2,72,DM,LIB_3180
CELL_3181,0.23403834762126297,Tipo_0_Inicial,0,GM,LIB_3181
CELL_3182,0.6826930429688594,Tipo_1_Intermediario_1,24,DM,LIB_3182
CELL_3183,0.7415676594319272,Tipo_1_Intermediario_1,48,GM,LIB_3183
CELL_3184,0.5752493385924038,Tipo_1_Intermediario_1,72,DM,LIB_3184
CELL_3185,1.4472361152346536,Tipo_2_Intermediario_2,0,GM,LIB_3185
CELL_3186,1.533819165879688,Tipo_2_Intermediario_2,24,DM,LIB_3186
CELL_3187,0.8828664758345155,Tipo_1_Intermediario_1,48,GM,LIB_3187
CELL_3188,0.8732588975696642,Tipo_1_Intermediario_1,72,DM,LIB_3188
CELL_3189,3.526992501954175,Tipo_3_Final,0,GM,LIB_3189
CELL_3190,3.1145720325381565,Tipo_3_Final,24,DM,LIB_3190
CELL_3191,0.7357486519134074,Tipo_1_Intermediario_1,48,GM,LIB_3191
CELL_3192,4.901902097005666,Tipo_3_Final,72,DM,LIB_3192
CELL_3193,6.10735918769201,Tipo_3_Final,0,GM,LIB_3193
CELL_3194,0.7912549395755805,Tipo_1_Intermediario_1,24,DM,LIB_3194
CELL_3195,0.8752276142483729,Tipo_1_Intermediario_1,48,GM,LIB_3195
CELL_3196,1.4089589115417203,Tipo_2_Intermediario_2,72,DM,LIB_3196
CELL_3197,5.664535208962706,Tipo_3_Final,0,GM,LIB_3197
CELL_3198,4.180106221785574,Tipo_3_Final,24,DM,LIB_3198
CELL_3199,0.21643577162810854,Tipo_0_Inicial,48,GM,LIB_3199
CELL_3200,0.9975660004680953,Tipo_1_Intermediario_1,72,DM,LIB_3200
CELL_3201,1.6120548629363474,Tipo_2_Intermediario_2,0,GM,LIB_3201
CELL_3202,1.3988636655681363,Tipo_2_Intermediario_2,24,DM,LIB_3202
CELL_3203,0.4310033200163549,Tipo_0_Inicial,48,GM,LIB_3203
CELL_3204,3.9153934739117062,Tipo_3_Final,72,DM,LIB_3204
CELL_3205,2.2598392763761135,Tipo_2_Intermediario_2,0,GM,LIB_3205
CELL_3206,3.6391870325988815,Tipo_3_Final,24,DM,LIB_3206
CELL_3207,3.9146500136108564,Tipo_3_Final,48,GM,LIB_3207
CELL_3208,2.7594786143395025,Tipo_3_Final,72,DM,LIB_3208
CELL_3209,1.1568196944761544,Tipo_1_Intermediario_1,0,GM,LIB_3209
CELL_3210,1.8860229188540996,Tipo_2_Intermediario_2,24,DM,LIB_3210
CELL_3211,0.3495769781466068,Tipo_0_Inicial,48,GM,LIB_3211
CELL_3212,2.2395416244991138,Tipo_2_Intermediario_2,72,DM,LIB_3212
CELL_3213,0.3950813787878043,Tipo_0_Inicial,0,GM,LIB_3213
CELL_3214,2.3680109074049525,Tipo_2_Intermediario_2,24,DM,LIB_3214
CELL_3215,0.5216860622201293,Tipo_0_Inicial,48,GM,LIB_3215
CELL_3216,0.25010924469232565,Tipo_0_Inicial,72,DM,LIB_3216
CELL_3217,0.361328637886097,Tipo_0_Inicial,0,GM,LIB_3217
CELL_3218,0.003988244319421252,Tipo_0_Inicial,24,DM,LIB_3218
CELL_3219,2.536948823692528,Tipo_2_Intermediario_2,48,GM,LIB_3219
CELL_3220,2.6365317419676026,Tipo_2_Intermediario_2,72,DM,LIB_3220
CELL_3221,1.4469379492541024,Tipo_2_Intermediario_2,0,GM,LIB_3221
CELL_3222,0.35195417368150983,Tipo_0_Inicial,24,DM,LIB_3222
CELL_3223,0.1745050030480418,Tipo_0_Inicial,48,GM,LIB_3223
CELL_3224,0.03862858463429933,Tipo_0_Inicial,72,DM,LIB_3224
CELL_3225,0.3624399522301358,Tipo_0_Inicial,0,GM,LIB_3225
CELL_3226,4.4301658142992695,Tipo_3_Final,24,DM,LIB_3226
CELL_3227,0.5529221063236709,Tipo_0_Inicial,48,GM,LIB_3227
CELL_3228,0.8747517492021876,Tipo_1_Intermediario_1,72,DM,LIB_3228
CELL_3229,0.22263530282193345,Tipo_0_Inicial,0,GM,LIB_3229
CELL_3230,0.5029865293233661,Tipo_0_Inicial,24,DM,LIB_3230
CELL_3231,1.4647100020383288,Tipo_2_Intermediario_2,48,GM,LIB_3231
CELL_3232,1.8717254553234797,Tipo_2_Intermediario_2,72,DM,LIB_3232
CELL_3233,0.5630085598475739,Tipo_1_Intermediario_1,0,GM,LIB_3233
CELL_3234,0.11893142557536307,Tipo_0_Inicial,24,DM,LIB_3234
CELL_3235,0.9919819700467516,Tipo_1_Intermediario_1,48,GM,LIB_3235
CELL_3236,0.5336772835701117,Tipo_0_Inicial,72,DM,LIB_3236
CELL_3237,0.49577925894404595,Tipo_0_Inicial,0,GM,LIB_3237
CELL_3238,6.430903523012014,Tipo_3_Final,24,DM,LIB_3238
CELL_3239,1.9157910963019935,Tipo_2_Intermediario_2,48,GM,LIB_3239
CELL_3240,1.6278223038618904,Tipo_2_Intermediario_2,72,DM,LIB_3240
CELL_3241,1.0749385471559503,Tipo_1_Intermediario_1,0,GM,LIB_3241
CELL_3242,1.120537168926944,Tipo_1_Intermediario_1,24,DM,LIB_3242
CELL_3243,1.5569962540396327,Tipo_2_Intermediario_2,48,GM,LIB_3243
CELL_3244,2.38428483384761,Tipo_2_Intermediario_2,72,DM,LIB_3244
CELL_3245,2.422304336670092,Tipo_2_Intermediario_2,0,GM,LIB_3245
CELL_3246,0.3767450324524554,Tipo_0_Inicial,24,DM,LIB_3246
CELL_3247,1.3867454202861678,Tipo_1_Intermediario_1,48,GM,LIB_3247
CELL_3248,1.0619141333481446,Tipo_1_Intermediario_1,72,DM,LIB_3248
CELL_3249,4.088565306533237,Tipo_3_Final,0,GM,LIB_3249
CELL_3250,1.99618913544742,Tipo_2_Intermediario_2,24,DM,LIB_3250
CELL_3251,1.520729257014458,Tipo_2_Intermediario_2,48,GM,LIB_3251
CELL_3252,0.24522731358721372,Tipo_0_Inicial,72,DM,LIB_3252
CELL_3253,1.8609714582654715,Tipo_2_Intermediario_2,0,GM,LIB_3253
CELL_3254,0.24932205761069548,Tipo_0_Inicial,24,DM,LIB_3254
CELL_3255,0.8225838287374608,Tipo_1_Intermediario_1,48,GM,LIB_3255
CELL_3256,0.3082659445348505,Tipo_0_Inicial,72,DM,LIB_3256
CELL_3257,2.355789276632577,Tipo_2_Intermediario_2,0,GM,LIB_3257
CELL_3258,0.46197878375889284,Tipo_0_Inicial,24,DM,LIB_3258
CELL_3259,0.9946982593233696,Tipo_1_Intermediario_1,48,GM,LIB_3259
CELL_3260,4.52048424177426,Tipo_3_Final,72,DM,LIB_3260
CELL_3261,0.4571072774603071,Tipo_0_Inicial,0,GM,LIB_3261
CELL_3262,1.417760858989938,Tipo_2_Intermediario_2,24,DM,LIB_3262
CELL_3263,1.086944413268481,Tipo_1_Intermediario_1,48,GM,LIB_3263
CELL_3264,0.0365805866331303,Tipo_0_Inicial,72,DM,LIB_3264
CELL_3265,3.1477372689118486,Tipo_3_Final,0,GM,LIB_3265
CELL_3266,0.143090623058744,Tipo_0_Inicial,24,DM,LIB_3266
CELL_3267,1.2858780291350485,Tipo_1_Intermediario_1,48,GM,LIB_3267
CELL_3268,1.6450466418653056,Tipo_2_Intermediario_2,72,DM,LIB_3268
CELL_3269,1.9800169421281837,Tipo_2_Intermediario_2,0,GM,LIB_3269
CELL_3270,2.333557192114379,Tipo_2_Intermediario_2,24,DM,LIB_3270
CELL_3271,0.584109593843989,Tipo_1_Intermediario_1,48,GM,LIB_3271
CELL_3272,0.020057796729096085,Tipo_0_Inicial,72,DM,LIB_3272
CELL_3273,2.570681451978797,Tipo_2_Intermediario_2,0,GM,LIB_3273
CELL_3274,1.5342618257453886,Tipo_2_Intermediario_2,24,DM,LIB_3274
CELL_3275,3.6172136226257705,Tipo_3_Final,48,GM,LIB_3275
CELL_3276,3.445082910662892,Tipo_3_Final,72,DM,LIB_3276
CELL_3277,3.7071782729358422,Tipo_3_Final,0,GM,LIB_3277
CELL_3278,1.3275444019965388,Tipo_1_Intermediario_1,24,DM,LIB_3278
CELL_3279,0.8118155996739768,Tipo_1_Intermediario_1,48,GM,LIB_3279
CELL_3280,3.1361908516638586,Tipo_3_Final,72,DM,LIB_3280
CELL_3281,1.2003854120645412,Tipo_1_Intermediario_1,0,GM,LIB_3281
CELL_3282,0.40531514943085806,Tipo_0_Inicial,24,DM,LIB_3282
CELL_3283,3.861684754346913,Tipo_3_Final,48,GM,LIB_3283
CELL_3284,4.283653329669396,Tipo_3_Final,72,DM,LIB_3284
CELL_3285,1.255879352009015,Tipo_1_Intermediario_1,0,GM,LIB_3285
CELL_3286,0.1574365793759157,Tipo_0_Inicial,24,DM,LIB_3286
CELL_3287,0.9814777400702991,Tipo_1_Intermediario_1,48,GM,LIB_3287
CELL_3288,3.2545690344988767,Tipo_3_Final,72,DM,LIB_3288
CELL_3289,4.640969246999534,Tipo_3_Final,0,GM,LIB_3289
CELL_3290,0.4549878572401702,Tipo_0_Inicial,24,DM,LIB_3290
CELL_3291,0.13864359120726946,Tipo_0_Inicial,48,GM,LIB_3291
CELL_3292,4.196848405608286,Tipo_3_Final,72,DM,LIB_3292
CELL_3293,0.9866425748892519,Tipo_1_Intermediario_1,0,GM,LIB_3293
CELL_3294,1.560728637874271,Tipo_2_Intermediario_2,24,DM,LIB_3294
CELL_3295,6.8881562410584225,Tipo_3_Final,48,GM,LIB_3295
CELL_3296,0.13776731471825468,Tipo_0_Inicial,72,DM,LIB_3296
CELL_3297,2.0900558839694994,Tipo_2_Intermediario_2,0,GM,LIB_3297
CELL_3298,0.15398979618024994,Tipo_0_Inicial,24,DM,LIB_3298
CELL_3299,0.9415083927944033,Tipo_1_Intermediario_1,48,GM,LIB_3299
CELL_3300,3.257389738244296,Tipo_3_Final,72,DM,LIB_3300
CELL_3301,1.13645836855904,Tipo_1_Intermediario_1,0,GM,LIB_3301
CELL_3302,11.743706919921866,Tipo_3_Final,24,DM,LIB_3302
CELL_3303,1.6376896911154144,Tipo_2_Intermediario_2,48,GM,LIB_3303
CELL_3304,0.7747459817892949,Tipo_1_Intermediario_1,72,DM,LIB_3304
CELL_3305,0.49720819000734,Tipo_0_Inicial,0,GM,LIB_3305
CELL_3306,0.8631681178007634,Tipo_1_Intermediario_1,24,DM,LIB_3306
CELL_3307,0.9321292705875124,Tipo_1_Intermediario_1,48,GM,LIB_3307
CELL_3308,0.1423770125252901,Tipo_0_Inicial,72,DM,LIB_3308
CELL_3309,0.9227196279414428,Tipo_1_Intermediario_1,0,GM,LIB_3309
CELL_3310,1.2481324329329626,Tipo_1_Intermediario_1,24,DM,LIB_3310
CELL_3311,2.565582955705842,Tipo_2_Intermediario_2,48,GM,LIB_3311
CELL_3312,2.138472936750616,Tipo_2_Intermediario_2,72,DM,LIB_3312
CELL_3313,2.4672540548133335,Tipo_2_Intermediario_2,0,GM,LIB_3313
CELL_3314,0.016797707424233577,Tipo_0_Inicial,24,DM,LIB_3314
CELL_3315,0.49095061726068595,Tipo_0_Inicial,48,GM,LIB_3315
CELL_3316,2.167551522942474,Tipo_2_Intermediario_2,72,DM,LIB_3316
CELL_3317,1.323255818820049,Tipo_1_Intermediario_1,0,GM,LIB_3317
CELL_3318,0.010655284770946407,Tipo_0_Inicial,24,DM,LIB_3318
CELL_3319,3.26433499098281,Tipo_3_Final,48,GM,LIB_3319
CELL_3320,2.9639334579677548,Tipo_3_Final,72,DM,LIB_3320
CELL_3321,1.5900017623244698,Tipo_2_Intermediario_2,0,GM,LIB_3321
CELL_3322,0.1375500599528558,Tipo_0_Inicial,24,DM,LIB_3322
CELL_3323,2.9092753118199584,Tipo_3_Final,48,GM,LIB_3323
CELL_3324,1.7527635291834363,Tipo_2_Intermediario_2,72,DM,LIB_3324
CELL_3325,3.0461532840505616,Tipo_3_Final,0,GM,LIB_3325
CELL_3326,2.7866137218140863,Tipo_3_Final,24,DM,LIB_3326
CELL_3327,3.249124135703862,Tipo_3_Final,48,GM,LIB_3327
CELL_3328,1.4596558007017555,Tipo_2_Intermediario_2,72,DM,LIB_3328
CELL_3329,0.30240061536884816,Tipo_0_Inicial,0,GM,LIB_3329
CELL_3330,2.2243525705882052,Tipo_2_Intermediario_2,24,DM,LIB_3330
CELL_3331,1.9376632138705687,Tipo_2_Intermediario_2,48,GM,LIB_3331
CELL_3332,2.7115550432567925,Tipo_2_Intermediario_2,72,DM,LIB_3332
CELL_3333,0.37237244452702434,Tipo_0_Inicial,0,GM,LIB_3333
CELL_3334,0.43376438892167374,Tipo_0_Inicial,24,DM,LIB_3334
CELL_3335,4.422009488362917,Tipo_3_Final,48,GM,LIB_3335
CELL_3336,2.77241111774242,Tipo_3_Final,72,DM,LIB_3336
CELL_3337,4.776906727891121,Tipo_3_Final,0,GM,LIB_3337
CELL_3338,2.8435556052455615,Tipo_3_Final,24,DM,LIB_3338
CELL_3339,1.8184083319542306,Tipo_2_Intermediario_2,48,GM,LIB_3339
CELL_3340,2.123400421117851,Tipo_2_Intermediario_2,72,DM,LIB_3340
CELL_3341,4.398756420399307,Tipo_3_Final,0,GM,LIB_3341
CELL_3342,1.729327070408071,Tipo_2_Intermediario_2,24,DM,LIB_3342
CELL_3343,2.001472575862812,Tipo_2_Intermediario_2,48,GM,LIB_3343
CELL_3344,0.34033554670108573,Tipo_0_Inicial,72,DM,LIB_3344
CELL_3345,1.2846086116333792,Tipo_1_Intermediario_1,0,GM,LIB_3345
CELL_3346,2.520360601742857,Tipo_2_Intermediario_2,24,DM,LIB_3346
CELL_3347,0.6320058938599711,Tipo_1_Intermediario_1,48,GM,LIB_3347
CELL_3348,0.4519305084635853,Tipo_0_Inicial,72,DM,LIB_3348
CELL_3349,0.7532504339505985,Tipo_1_Intermediario_1,0,GM,LIB_3349
CELL_3350,0.5528266162686913,Tipo_0_Inicial,24,DM,LIB_3350
CELL_3351,0.4839205539850999,Tipo_0_Inicial,48,GM,LIB_3351
CELL_3352,1.1062517362328723,Tipo_1_Intermediario_1,72,DM,LIB_3352
CELL_3353,4.768425913537777,Tipo_3_Final,0,GM,LIB_3353
CELL_3354,1.4147341991172642,Tipo_2_Intermediario_2,24,DM,LIB_3354
CELL_3355,0.41631378088851706,Tipo_0_Inicial,48,GM,LIB_3355
CELL_3356,0.1601907017768928,Tipo_0_Inicial,72,DM,LIB_3356
CELL_3357,2.382482689707693,Tipo_2_Intermediario_2,0,GM,LIB_3357
CELL_3358,0.9651203132196539,Tipo_1_Intermediario_1,24,DM,LIB_3358
CELL_3359,3.4500448822432115,Tipo_3_Final,48,GM,LIB_3359
CELL_3360,2.1547435597135283,Tipo_2_Intermediario_2,72,DM,LIB_3360
CELL_3361,3.181639134416646,Tipo_3_Final,0,GM,LIB_3361
CELL_3362,0.6347602237087439,Tipo_1_Intermediario_1,24,DM,LIB_3362
CELL_3363,2.3576430164048308,Tipo_2_Intermediario_2,48,GM,LIB_3363
CELL_3364,0.6132187642673617,Tipo_1_Intermediario_1,72,DM,LIB_3364
CELL_3365,5.596009318702108,Tipo_3_Final,0,GM,LIB_3365
CELL_3366,2.0232603726475156,Tipo_2_Intermediario_2,24,DM,LIB_3366
CELL_3367,0.7846391810717189,Tipo_1_Intermediario_1,48,GM,LIB_3367
CELL_3368,0.6280845730326964,Tipo_1_Intermediario_1,72,DM,LIB_3368
CELL_3369,0.42373123658539136,Tipo_0_Inicial,0,GM,LIB_3369
CELL_3370,2.372534021514961,Tipo_2_Intermediario_2,24,DM,LIB_3370
CELL_3371,0.4936321270750408,Tipo_0_Inicial,48,GM,LIB_3371
CELL_3372,1.8092345942582926,Tipo_2_Intermediario_2,72,DM,LIB_3372
CELL_3373,0.614776682018198,Tipo_1_Intermediario_1,0,GM,LIB_3373
CELL_3374,2.1692350168233645,Tipo_2_Intermediario_2,24,DM,LIB_3374
CELL_3375,3.374147430579269,Tipo_3_Final,48,GM,LIB_3375
CELL_3376,3.0103832228677687,Tipo_3_Final,72,DM,LIB_3376
CELL_3377,2.86133974825304,Tipo_3_Final,0,GM,LIB_3377
CELL_3378,0.41582626466386696,Tipo_0_Inicial,24,DM,LIB_3378
CELL_3379,0.1850749380101596,Tipo_0_Inicial,48,GM,LIB_3379
CELL_3380,2.400950047314362,Tipo_2_Intermediario_2,72,DM,LIB_3380
CELL_3381,0.918830849439558,Tipo_1_Intermediario_1,0,GM,LIB_3381
CELL_3382,1.1324871992825711,Tipo_1_Intermediario_1,24,DM,LIB_3382
CELL_3383,0.06328908292260761,Tipo_0_Inicial,48,GM,LIB_3383
CELL_3384,0.6010657813564949,Tipo_1_Intermediario_1,72,DM,LIB_3384
CELL_3385,0.06851303045515957,Tipo_0_Inicial,0,GM,LIB_3385
CELL_3386,4.227002447873579,Tipo_3_Final,24,DM,LIB_3386
CELL_3387,0.5578323659898912,Tipo_1_Intermediario_1,48,GM,LIB_3387
CELL_3388,1.6298938077110077,Tipo_2_Intermediario_2,72,DM,LIB_3388
CELL_3389,0.07951870336109192,Tipo_0_Inicial,0,GM,LIB_3389
CELL_3390,2.1983092192290163,Tipo_2_Intermediario_2,24,DM,LIB_3390
CELL_3391,0.7802487988646608,Tipo_1_Intermediario_1,48,GM,LIB_3391
CELL_3392,4.5639809893219345,Tipo_3_Final,72,DM,LIB_3392
CELL_3393,4.380624446407483,Tipo_3_Final,0,GM,LIB_3393
CELL_3394,0.7869464530842719,Tipo_1_Intermediario_1,24,DM,LIB_3394
CELL_3395,4.624481027622359,Tipo_3_Final,48,GM,LIB_3395
CELL_3396,11.123354472296745,Tipo_3_Final,72,DM,LIB_3396
CELL_3397,3.4906947078845234,Tipo_3_Final,0,GM,LIB_3397
CELL_3398,3.7270009837040603,Tipo_3_Final,24,DM,LIB_3398
CELL_3399,0.5727225198418696,Tipo_1_Intermediario_1,48,GM,LIB_3399
CELL_3400,1.719359597021331,Tipo_2_Intermediario_2,72,DM,LIB_3400
CELL_3401,0.1392488145146022,Tipo_0_Inicial,0,GM,LIB_3401
CELL_3402,0.19945932369610936,Tipo_0_Inicial,24,DM,LIB_3402
CELL_3403,13.611502439778564,Tipo_3_Final,48,GM,LIB_3403
CELL_3404,0.7909481188191786,Tipo_1_Intermediario_1,72,DM,LIB_3404
CELL_3405,2.758112535258224,Tipo_3_Final,0,GM,LIB_3405
CELL_3406,3.286662235463189,Tipo_3_Final,24,DM,LIB_3406
CELL_3407,3.9041842302866505,Tipo_3_Final,48,GM,LIB_3407
CELL_3408,12.088294372086468,Tipo_3_Final,72,DM,LIB_3408
CELL_3409,0.5528156927931942,Tipo_0_Inicial,0,GM,LIB_3409
CELL_3410,0.08237501191388588,Tipo_0_Inicial,24,DM,LIB_3410
CELL_3411,1.0593086121827655,Tipo_1_Intermediario_1,48,GM,LIB_3411
CELL_3412,0.27870959114791277,Tipo_0_Inicial,72,DM,LIB_3412
CELL_3413,0.04536234656509583,Tipo_0_Inicial,0,GM,LIB_3413
CELL_3414,0.8939084850506658,Tipo_1_Intermediario_1,24,DM,LIB_3414
CELL_3415,3.062531608716122,Tipo_3_Final,48,GM,LIB_3415
CELL_3416,1.6702543416064919,Tipo_2_Intermediario_2,72,DM,LIB_3416
CELL_3417,0.7501957583088328,Tipo_1_Intermediario_1,0,GM,LIB_3417
CELL_3418,2.124610895899333,Tipo_2_Intermediario_2,24,DM,LIB_3418
CELL_3419,0.5279784367835099,Tipo_0_Inicial,48,GM,LIB_3419
CELL_3420,0.02897172274407869,Tipo_0_Inicial,72,DM,LIB_3420
CELL_3421,2.8908439926698204,Tipo_3_Final,0,GM,LIB_3421
CELL_3422,1.954966167977932,Tipo_2_Intermediario_2,24,DM,LIB_3422
CELL_3423,2.873513891818843,Tipo_3_Final,48,GM,LIB_3423
CELL_3424,0.07943274665532946,Tipo_0_Inicial,72,DM,LIB_3424
CELL_3425,3.6294785213858005,Tipo_3_Final,0,GM,LIB_3425
CELL_3426,1.93267592182792,Tipo_2_Intermediario_2,24,DM,LIB_3426
CELL_3427,1.6574543721485042,Tipo_2_Intermediario_2,48,GM,LIB_3427
CELL_3428,1.9596011545043717,Tipo_2_Intermediario_2,72,DM,LIB_3428
CELL_3429,3.9965822338664396,Tipo_3_Final,0,GM,LIB_3429
CELL_3430,1.7683079213838895,Tipo_2_Intermediario_2,24,DM,LIB_3430
CELL_3431,1.739531881967638,Tipo_2_Intermediario_2,48,GM,LIB_3431
CELL_3432,9.351004421574105,Tipo_3_Final,72,DM,LIB_3432
CELL_3433,2.8271680562393993,Tipo_3_Final,0,GM,LIB_3433
CELL_3434,1.1678459766691784,Tipo_1_Intermediario_1,24,DM,LIB_3434
CELL_3435,2.4578770753124357,Tipo_2_Intermediario_2,48,GM,LIB_3435
CELL_3436,0.9860711900962171,Tipo_1_Intermediario_1,72,DM,LIB_3436
CELL_3437,0.5198107824083489,Tipo_0_Inicial,0,GM,LIB_3437
CELL_3438,1.8169024668376623,Tipo_2_Intermediario_2,24,DM,LIB_3438
CELL_3439,5.267243008232469,Tipo_3_Final,48,GM,LIB_3439
CELL_3440,5.294084811731123,Tipo_3_Final,72,DM,LIB_3440
CELL_3441,0.836812807540526,Tipo_1_Intermediario_1,0,GM,LIB_3441
CELL_3442,1.5001863849741452,Tipo_2_Intermediario_2,24,DM,LIB_3442
CELL_3443,0.47559047637512664,Tipo_0_Inicial,48,GM,LIB_3443
CELL_3444,10.866492384029632,Tipo_3_Final,72,DM,LIB_3444
CELL_3445,7.939082624648624,Tipo_3_Final,0,GM,LIB_3445
CELL_3446,2.096840099772192,Tipo_2_Intermediario_2,24,DM,LIB_3446
CELL_3447,3.263510807413153,Tipo_3_Final,48,GM,LIB_3447
CELL_3448,2.511235207169576,Tipo_2_Intermediario_2,72,DM,LIB_3448
CELL_3449,1.7986618273780364,Tipo_2_Intermediario_2,0,GM,LIB_3449
CELL_3450,0.10964745278393492,Tipo_0_Inicial,24,DM,LIB_3450
CELL_3451,1.2130743575809038,Tipo_1_Intermediario_1,48,GM,LIB_3451
CELL_3452,2.2465455618782633,Tipo_2_Intermediario_2,72,DM,LIB_3452
CELL_3453,2.2635003501952657,Tipo_2_Intermediario_2,0,GM,LIB_3453
CELL_3454,0.9340086422926958,Tipo_1_Intermediario_1,24,DM,LIB_3454
CELL_3455,5.684031489903096,Tipo_3_Final,48,GM,LIB_3455
CELL_3456,0.3663006776461169,Tipo_0_Inicial,72,DM,LIB_3456
CELL_3457,1.3877326630362796,Tipo_1_Intermediario_1,0,GM,LIB_3457
CELL_3458,2.3480771842829475,Tipo_2_Intermediario_2,24,DM,LIB_3458
CELL_3459,2.388941556419437,Tipo_2_Intermediario_2,48,GM,LIB_3459
CELL_3460,2.091881941964144,Tipo_2_Intermediario_2,72,DM,LIB_3460
CELL_3461,0.6439624779228672,Tipo_1_Intermediario_1,0,GM,LIB_3461
CELL_3462,0.33969512794191453,Tipo_0_Inicial,24,DM,LIB_3462
CELL_3463,2.020874974984779,Tipo_2_Intermediario_2,48,GM,LIB_3463
CELL_3464,1.829095084921282,Tipo_2_Intermediario_2,72,DM,LIB_3464
CELL_3465,0.39533178729314744,Tipo_0_Inicial,0,GM,LIB_3465
CELL_3466,2.4425034276369773,Tipo_2_Intermediario_2,24,DM,LIB_3466
CELL_3467,1.2145702305755586,Tipo_1_Intermediario_1,48,GM,LIB_3467
CELL_3468,2.20379892062243,Tipo_2_Intermediario_2,72,DM,LIB_3468
CELL_3469,3.6325192818455805,Tipo_3_Final,0,GM,LIB_3469
CELL_3470,0.3720048744446024,Tipo_0_Inicial,24,DM,LIB_3470
CELL_3471,0.03866100824128207,Tipo_0_Inicial,48,GM,LIB_3471
CELL_3472,3.020113754141812,Tipo_3_Final,72,DM,LIB_3472
CELL_3473,1.8816660154384794,Tipo_2_Intermediario_2,0,GM,LIB_3473
CELL_3474,2.405544181756002,Tipo_2_Intermediario_2,24,DM,LIB_3474
CELL_3475,3.642232074700217,Tipo_3_Final,48,GM,LIB_3475
CELL_3476,3.2471845775590706,Tipo_3_Final,72,DM,LIB_3476
CELL_3477,6.484296423016382,Tipo_3_Final,0,GM,LIB_3477
CELL_3478,1.5354616405525263,Tipo_2_Intermediario_2,24,DM,LIB_3478
CELL_3479,1.3407983106552035,Tipo_1_Intermediario_1,48,GM,LIB_3479
CELL_3480,1.027951827748881,Tipo_1_Intermediario_1,72,DM,LIB_3480
CELL_3481,0.33374157692127565,Tipo_0_Inicial,0,GM,LIB_3481
CELL_3482,1.7001037184423036,Tipo_2_Intermediario_2,24,DM,LIB_3482
CELL_3483,0.648726759385217,Tipo_1_Intermediario_1,48,GM,LIB_3483
CELL_3484,5.084415163802003,Tipo_3_Final,72,DM,LIB_3484
CELL_3485,1.7502534522228945,Tipo_2_Intermediario_2,0,GM,LIB_3485
CELL_3486,1.7970989874653651,Tipo_2_Intermediario_2,24,DM,LIB_3486
CELL_3487,0.876776328331348,Tipo_1_Intermediario_1,48,GM,LIB_3487
CELL_3488,0.1067790893983377,Tipo_0_Inicial,72,DM,LIB_3488
CELL_3489,0.06451704308120962,Tipo_0_Inicial,0,GM,LIB_3489
CELL_3490,1.1009880406268118,Tipo_1_Intermediario_1,24,DM,LIB_3490
CELL_3491,0.17671265973351363,Tipo_0_Inicial,48,GM,LIB_3491
CELL_3492,1.8671126336260515,Tipo_2_Intermediario_2,72,DM,LIB_3492
CELL_3493,4.2568099364629,Tipo_3_Final,0,GM,LIB_3493
CELL_3494,4.2897070903036285,Tipo_3_Final,24,DM,LIB_3494
CELL_3495,2.1520119562188165,Tipo_2_Intermediario_2,48,GM,LIB_3495
CELL_3496,0.4745656616187025,Tipo_0_Inicial,72,DM,LIB_3496
CELL_3497,3.9755024493082414,Tipo_3_Final,0,GM,LIB_3497
CELL_3498,4.344753549321048,Tipo_3_Final,24,DM,LIB_3498
CELL_3499,0.43793851401442185,Tipo_0_Inicial,48,GM,LIB_3499
CELL_3500,2.674445317139281,Tipo_2_Intermediario_2,72,DM,LIB_3500
CELL_3501,0.6752004821541354,Tipo_1_Intermediario_1,0,GM,LIB_3501
CELL_3502,3.2454547788359833,Tipo_3_Final,24,DM,LIB_3502
CELL_3503,11.783527968204705,Tipo_3_Final,48,GM,LIB_3503
CELL_3504,0.06097203492404702,Tipo_0_Inicial,72,DM,LIB_3504
CELL_3505,4.553169418958063,Tipo_3_Final,0,GM,LIB_3505
CELL_3506,1.9490611089151262,Tipo_2_Intermediario_2,24,DM,LIB_3506
CELL_3507,7.252381723441355,Tipo_3_Final,48,GM,LIB_3507
CELL_3508,1.2510126440267877,Tipo_1_Intermediario_1,72,DM,LIB_3508
CELL_3509,3.7597121426573454,Tipo_3_Final,0,GM,LIB_3509
CELL_3510,0.1288510680513687,Tipo_0_Inicial,24,DM,LIB_3510
CELL_3511,0.8167759011420681,Tipo_1_Intermediario_1,48,GM,LIB_3511
CELL_3512,0.1387356072830493,Tipo_0_Inicial,72,DM,LIB_3512
CELL_3513,7.405399713194938,Tipo_3_Final,0,GM,LIB_3513
CELL_3514,3.396253106181459,Tipo_3_Final,24,DM,LIB_3514
CELL_3515,3.8284973097342796,Tipo_3_Final,48,GM,LIB_3515
CELL_3516,5.560120535585934,Tipo_3_Final,72,DM,LIB_3516
CELL_3517,0.17788863937464178,Tipo_0_Inicial,0,GM,LIB_3517
CELL_3518,0.9742103574420438,Tipo_1_Intermediario_1,24,DM,LIB_3518
CELL_3519,0.14736819271368207,Tipo_0_Inicial,48,GM,LIB_3519
CELL_3520,0.47345352761002546,Tipo_0_Inicial,72,DM,LIB_3520
CELL_3521,0.5210828739528158,Tipo_0_Inicial,0,GM,LIB_3521
CELL_3522,1.2663903643399361,Tipo_1_Intermediario_1,24,DM,LIB_3522
CELL_3523,0.6254860967991647,Tipo_1_Intermediario_1,48,GM,LIB_3523
CELL_3524,0.21289578398062664,Tipo_0_Inicial,72,DM,LIB_3524
CELL_3525,0.3666227067879234,Tipo_0_Inicial,0,GM,LIB_3525
CELL_3526,0.3186376718259087,Tipo_0_Inicial,24,DM,LIB_3526
CELL_3527,7.229533665998486,Tipo_3_Final,48,GM,LIB_3527
CELL_3528,2.848345608603109,Tipo_3_Final,72,DM,LIB_3528
CELL_3529,6.869185622368582,Tipo_3_Final,0,GM,LIB_3529
CELL_3530,1.1587103712945028,Tipo_1_Intermediario_1,24,DM,LIB_3530
CELL_3531,0.6524812655643751,Tipo_1_Intermediario_1,48,GM,LIB_3531
CELL_3532,3.2018802146369403,Tipo_3_Final,72,DM,LIB_3532
CELL_3533,0.7898039441005366,Tipo_1_Intermediario_1,0,GM,LIB_3533
CELL_3534,0.7115888739842574,Tipo_1_Intermediario_1,24,DM,LIB_3534
CELL_3535,0.5292492139763533,Tipo_0_Inicial,48,GM,LIB_3535
CELL_3536,0.2777862896938434,Tipo_0_Inicial,72,DM,LIB_3536
CELL_3537,0.5926736635124684,Tipo_1_Intermediario_1,0,GM,LIB_3537
CELL_3538,0.8780016383423299,Tipo_1_Intermediario_1,24,DM,LIB_3538
CELL_3539,2.241680262698221,Tipo_2_Intermediario_2,48,GM,LIB_3539
CELL_3540,0.12921537712732825,Tipo_0_Inicial,72,DM,LIB_3540
CELL_3541,0.47272847054968303,Tipo_0_Inicial,0,GM,LIB_3541
CELL_3542,3.3112112595127976,Tipo_3_Final,24,DM,LIB_3542
CELL_3543,0.31780840824886575,Tipo_0_Inicial,48,GM,LIB_3543
CELL_3544,0.8390625889351182,Tipo_1_Intermediario_1,72,DM,LIB_3544
CELL_3545,3.9999143640734847,Tipo_3_Final,0,GM,LIB_3545
CELL_3546,0.3366605327033975,Tipo_0_Inicial,24,DM,LIB_3546
CELL_3547,0.17272172767807925,Tipo_0_Inicial,48,GM,LIB_3547
CELL_3548,1.325383367074683,Tipo_1_Intermediario_1,72,DM,LIB_3548
CELL_3549,0.7202747518555784,Tipo_1_Intermediario_1,0,GM,LIB_3549
CELL_3550,1.6575139865625435,Tipo_2_Intermediario_2,24,DM,LIB_3550
CELL_3551,3.257291316346257,Tipo_3_Final,48,GM,LIB_3551
CELL_3552,0.29502532626943795,Tipo_0_Inicial,72,DM,LIB_3552
CELL_3553,1.7383328830727258,Tipo_2_Intermediario_2,0,GM,LIB_3553
CELL_3554,1.408451687456386,Tipo_2_Intermediario_2,24,DM,LIB_3554
CELL_3555,0.311153893622715,Tipo_0_Inicial,48,GM,LIB_3555
CELL_3556,1.9563242155038065,Tipo_2_Intermediario_2,72,DM,LIB_3556
CELL_3557,0.6394201891424889,Tipo_1_Intermediario_1,0,GM,LIB_3557
CELL_3558,1.338214219389978,Tipo_1_Intermediario_1,24,DM,LIB_3558
CELL_3559,0.17170916382021603,Tipo_0_Inicial,48,GM,LIB_3559
CELL_3560,1.2308323430119832,Tipo_1_Intermediario_1,72,DM,LIB_3560
CELL_3561,0.7319027259094274,Tipo_1_Intermediario_1,0,GM,LIB_3561
CELL_3562,3.456231322288964,Tipo_3_Final,24,DM,LIB_3562
CELL_3563,0.11733287549123396,Tipo_0_Inicial,48,GM,LIB_3563
CELL_3564,1.0846576073901444,Tipo_1_Intermediario_1,72,DM,LIB_3564
CELL_3565,1.226571159979007,Tipo_1_Intermediario_1,0,GM,LIB_3565
CELL_3566,2.5820125543856736,Tipo_2_Intermediario_2,24,DM,LIB_3566
CELL_3567,1.7079824391296545,Tipo_2_Intermediario_2,48,GM,LIB_3567
CELL_3568,2.200501283236406,Tipo_2_Intermediario_2,72,DM,LIB_3568
CELL_3569,3.001609087680057,Tipo_3_Final,0,GM,LIB_3569
CELL_3570,3.96394700031567,Tipo_3_Final,24,DM,LIB_3570
CELL_3571,0.7533923521313282,Tipo_1_Intermediario_1,48,GM,LIB_3571
CELL_3572,1.5444790698348136,Tipo_2_Intermediario_2,72,DM,LIB_3572
CELL_3573,3.6665143644792724,Tipo_3_Final,0,GM,LIB_3573
CELL_3574,9.103473250571453,Tipo_3_Final,24,DM,LIB_3574
CELL_3575,4.405829067747561,Tipo_3_Final,48,GM,LIB_3575
CELL_3576,0.9287343284015575,Tipo_1_Intermediario_1,72,DM,LIB_3576
CELL_3577,0.434239753297026,Tipo_0_Inicial,0,GM,LIB_3577
CELL_3578,1.3443083178799513,Tipo_1_Intermediario_1,24,DM,LIB_3578
CELL_3579,2.70681387452814,Tipo_2_Intermediario_2,48,GM,LIB_3579
CELL_3580,1.3567893546702774,Tipo_1_Intermediario_1,72,DM,LIB_3580
CELL_3581,1.3201245960149812,Tipo_1_Intermediario_1,0,GM,LIB_3581
CELL_3582,3.64316461721973,Tipo_3_Final,24,DM,LIB_3582
CELL_3583,0.8969658329129896,Tipo_1_Intermediario_1,48,GM,LIB_3583
CELL_3584,3.9292946446088846,Tipo_3_Final,72,DM,LIB_3584
CELL_3585,1.0444635241230027,Tipo_1_Intermediario_1,0,GM,LIB_3585
CELL_3586,0.7956877641737563,Tipo_1_Intermediario_1,24,DM,LIB_3586
CELL_3587,1.2102356515034258,Tipo_1_Intermediario_1,48,GM,LIB_3587
CELL_3588,2.8747286970940116,Tipo_3_Final,72,DM,LIB_3588
CELL_3589,0.26935444707962614,Tipo_0_Inicial,0,GM,LIB_3589
CELL_3590,0.4373551171244483,Tipo_0_Inicial,24,DM,LIB_3590
CELL_3591,6.050109024877095,Tipo_3_Final,48,GM,LIB_3591
CELL_3592,0.3859359645019424,Tipo_0_Inicial,72,DM,LIB_3592
CELL_3593,1.6773973627467769,Tipo_2_Intermediario_2,0,GM,LIB_3593
CELL_3594,1.731739352196458,Tipo_2_Intermediario_2,24,DM,LIB_3594
CELL_3595,1.345216950629064,Tipo_1_Intermediario_1,48,GM,LIB_3595
CELL_3596,2.0698402744452835,Tipo_2_Intermediario_2,72,DM,LIB_3596
CELL_3597,0.5222795160370358,Tipo_0_Inicial,0,GM,LIB_3597
CELL_3598,1.6088828331658973,Tipo_2_Intermediario_2,24,DM,LIB_3598
CELL_3599,0.9309820694561635,Tipo_1_Intermediario_1,48,GM,LIB_3599
CELL_3600,2.167450857548966,Tipo_2_Intermediario_2,72,DM,LIB_3600
CELL_3601,0.3044932552420914,Tipo_0_Inicial,0,GM,LIB_3601
CELL_3602,1.6920253184751257,Tipo_2_Intermediario_2,24,DM,LIB_3602
CELL_3603,0.4097978903413981,Tipo_0_Inicial,48,GM,LIB_3603
CELL_3604,0.6532424122102826,Tipo_1_Intermediario_1,72,DM,LIB_3604
CELL_3605,0.49361724733901113,Tipo_0_Inicial,0,GM,LIB_3605
CELL_3606,0.4038352959592348,Tipo_0_Inicial,24,DM,LIB_3606
CELL_3607,3.494080320207032,Tipo_3_Final,48,GM,LIB_3607
CELL_3608,0.6729256627813774,Tipo_1_Intermediario_1,72,DM,LIB_3608
CELL_3609,5.237985838081075,Tipo_3_Final,0,GM,LIB_3609
CELL_3610,7.008223472904364,Tipo_3_Final,24,DM,LIB_3610
CELL_3611,1.6938114009570275,Tipo_2_Intermediario_2,48,GM,LIB_3611
CELL_3612,0.30863734076045723,Tipo_0_Inicial,72,DM,LIB_3612
CELL_3613,0.938562159509663,Tipo_1_Intermediario_1,0,GM,LIB_3613
CELL_3614,3.1963260604345747,Tipo_3_Final,24,DM,LIB_3614
CELL_3615,0.9158046246973368,Tipo_1_Intermediario_1,48,GM,LIB_3615
CELL_3616,0.18207651520840312,Tipo_0_Inicial,72,DM,LIB_3616
CELL_3617,1.6274001967779157,Tipo_2_Intermediario_2,0,GM,LIB_3617
CELL_3618,3.7302203064962662,Tipo_3_Final,24,DM,LIB_3618
CELL_3619,3.17854900578378,Tipo_3_Final,48,GM,LIB_3619
CELL_3620,0.385042329104034,Tipo_0_Inicial,72,DM,LIB_3620
CELL_3621,2.2341510668796167,Tipo_2_Intermediario_2,0,GM,LIB_3621
CELL_3622,0.49821611989691567,Tipo_0_Inicial,24,DM,LIB_3622
CELL_3623,0.49233192622348865,Tipo_0_Inicial,48,GM,LIB_3623
CELL_3624,4.1440863274747155,Tipo_3_Final,72,DM,LIB_3624
CELL_3625,0.5744815469842641,Tipo_1_Intermediario_1,0,GM,LIB_3625
CELL_3626,0.611006111532981,Tipo_1_Intermediario_1,24,DM,LIB_3626
CELL_3627,0.0013072086281407382,Tipo_0_Inicial,48,GM,LIB_3627
CELL_3628,4.0907610665774445,Tipo_3_Final,72,DM,LIB_3628
CELL_3629,3.1461619497291666,Tipo_3_Final,0,GM,LIB_3629
CELL_3630,1.9741182238451738,Tipo_2_Intermediario_2,24,DM,LIB_3630
CELL_3631,2.774715964639595,Tipo_3_Final,48,GM,LIB_3631
CELL_3632,0.32986383547325965,Tipo_0_Inicial,72,DM,LIB_3632
CELL_3633,1.226172987650191,Tipo_1_Intermediario_1,0,GM,LIB_3633
CELL_3634,0.8653213169686854,Tipo_1_Intermediario_1,24,DM,LIB_3634
CELL_3635,0.19693868718841515,Tipo_0_Inicial,48,GM,LIB_3635
CELL_3636,1.3315718160826022,Tipo_1_Intermediario_1,72,DM,LIB_3636
CELL_3637,5.070034559411854,Tipo_3_Final,0,GM,LIB_3637
CELL_3638,0.08176715752199795,Tipo_0_Inicial,24,DM,LIB_3638
CELL_3639,0.6891001068077179,Tipo_1_Intermediario_1,48,GM,LIB_3639
CELL_3640,0.4652288581661595,Tipo_0_Inicial,72,DM,LIB_3640
CELL_3641,0.5440024013938879,Tipo_0_Inicial,0,GM,LIB_3641
CELL_3642,4.781402564769317,Tipo_3_Final,24,DM,LIB_3642
CELL_3643,1.2624831985153424,Tipo_1_Intermediario_1,48,GM,LIB_3643
CELL_3644,1.255840591322481,Tipo_1_Intermediario_1,72,DM,LIB_3644
CELL_3645,2.8590354938077303,Tipo_3_Final,0,GM,LIB_3645
CELL_3646,0.33563578022459695,Tipo_0_Inicial,24,DM,LIB_3646
CELL_3647,1.3359936541809583,Tipo_1_Intermediario_1,48,GM,LIB_3647
CELL_3648,1.1241859567029782,Tipo_1_Intermediario_1,72,DM,LIB_3648
CELL_3649,1.8171942600818132,Tipo_2_Intermediario_2,0,GM,LIB_3649
CELL_3650,15.44705904412492,Tipo_3_Final,24,DM,LIB_3650
CELL_3651,2.934565446945547,Tipo_3_Final,48,GM,LIB_3651
CELL_3652,1.0145495477286919,Tipo_1_Intermediario_1,72,DM,LIB_3652
CELL_3653,3.5153312784570154,Tipo_3_Final,0,GM,LIB_3653
CELL_3654,0.3743667847223361,Tipo_0_Inicial,24,DM,LIB_3654
CELL_3655,0.061874697797474426,Tipo_0_Inicial,48,GM,LIB_3655
CELL_3656,0.45743906766189246,Tipo_0_Inicial,72,DM,LIB_3656
CELL_3657,0.8322784166646167,Tipo_1_Intermediario_1,0,GM,LIB_3657
CELL_3658,1.4290716202211209,Tipo_2_Intermediario_2,24,DM,LIB_3658
CELL_3659,1.9096948618814267,Tipo_2_Intermediario_2,48,GM,LIB_3659
CELL_3660,4.829397099583864,Tipo_3_Final,72,DM,LIB_3660
CELL_3661,1.4261039851194754,Tipo_2_Intermediario_2,0,GM,LIB_3661
CELL_3662,1.3914034597919054,Tipo_2_Intermediario_2,24,DM,LIB_3662
CELL_3663,0.10309825384713728,Tipo_0_Inicial,48,GM,LIB_3663
CELL_3664,0.07107105312942996,Tipo_0_Inicial,72,DM,LIB_3664
CELL_3665,1.6021774346729378,Tipo_2_Intermediario_2,0,GM,LIB_3665
CELL_3666,1.1531425935417963,Tipo_1_Intermediario_1,24,DM,LIB_3666
CELL_3667,3.6549440158096265,Tipo_3_Final,48,GM,LIB_3667
CELL_3668,0.350325488009119,Tipo_0_Inicial,72,DM,LIB_3668
CELL_3669,0.05057748782264078,Tipo_0_Inicial,0,GM,LIB_3669
CELL_3670,1.1921816630487554,Tipo_1_Intermediario_1,24,DM,LIB_3670
CELL_3671,0.5422492972077465,Tipo_0_Inicial,48,GM,LIB_3671
CELL_3672,0.10177490790139755,Tipo_0_Inicial,72,DM,LIB_3672
CELL_3673,2.579048944220171,Tipo_2_Intermediario_2,0,GM,LIB_3673
CELL_3674,0.23665061522230058,Tipo_0_Inicial,24,DM,LIB_3674
CELL_3675,1.8746176451331993,Tipo_2_Intermediario_2,48,GM,LIB_3675
CELL_3676,0.659926234422498,Tipo_1_Intermediario_1,72,DM,LIB_3676
CELL_3677,0.38110116594534493,Tipo_0_Inicial,0,GM,LIB_3677
CELL_3678,0.9552702234893355,Tipo_1_Intermediario_1,24,DM,LIB_3678
CELL_3679,3.233386097031657,Tipo_3_Final,48,GM,LIB_3679
CELL_3680,0.9954686364875107,Tipo_1_Intermediario_1,72,DM,LIB_3680
CELL_3681,2.7787554131839127,Tipo_3_Final,0,GM,LIB_3681
CELL_3682,0.2681746297822664,Tipo_0_Inicial,24,DM,LIB_3682
CELL_3683,2.9635976126377273,Tipo_3_Final,48,GM,LIB_3683
CELL_3684,0.5408197321442336,Tipo_0_Inicial,72,DM,LIB_3684
CELL_3685,2.2626416349021126,Tipo_2_Intermediario_2,0,GM,LIB_3685
CELL_3686,1.6684150833005236,Tipo_2_Intermediario_2,24,DM,LIB_3686
CELL_3687,5.294231505256959,Tipo_3_Final,48,GM,LIB_3687
CELL_3688,0.9798332239331273,Tipo_1_Intermediario_1,72,DM,LIB_3688
CELL_3689,0.13691143620456034,Tipo_0_Inicial,0,GM,LIB_3689
CELL_3690,0.03868265794578303,Tipo_0_Inicial,24,DM,LIB_3690
CELL_3691,3.5072929037568508,Tipo_3_Final,48,GM,LIB_3691
CELL_3692,1.4877681549471213,Tipo_2_Intermediario_2,72,DM,LIB_3692
CELL_3693,2.98548028057035,Tipo_3_Final,0,GM,LIB_3693
CELL_3694,0.534257754488062,Tipo_0_Inicial,24,DM,LIB_3694
CELL_3695,0.8464958145330455,Tipo_1_Intermediario_1,48,GM,LIB_3695
CELL_3696,0.06113259594525442,Tipo_0_Inicial,72,DM,LIB_3696
CELL_3697,6.513795391693862,Tipo_3_Final,0,GM,LIB_3697
CELL_3698,2.2044450356247736,Tipo_2_Intermediario_2,24,DM,LIB_3698
CELL_3699,5.412256730803273,Tipo_3_Final,48,GM,LIB_3699
CELL_3700,0.6171207844024639,Tipo_1_Intermediario_1,72,DM,LIB_3700
CELL_3701,1.890736897523789,Tipo_2_Intermediario_2,0,GM,LIB_3701
CELL_3702,2.2695152733625146,Tipo_2_Intermediario_2,24,DM,LIB_3702
CELL_3703,0.764131150929663,Tipo_1_Intermediario_1,48,GM,LIB_3703
CELL_3704,3.7691873358163903,Tipo_3_Final,72,DM,LIB_3704
CELL_3705,5.881028970363017,Tipo_3_Final,0,GM,LIB_3705
CELL_3706,4.323128194874784,Tipo_3_Final,24,DM,LIB_3706
CELL_3707,2.6869830347693426,Tipo_2_Intermediario_2,48,GM,LIB_3707
CELL_3708,0.6499779479932112,Tipo_1_Intermediario_1,72,DM,LIB_3708
CELL_3709,0.6615021851373677,Tipo_1_Intermediario_1,0,GM,LIB_3709
CELL_3710,6.613246970024861,Tipo_3_Final,24,DM,LIB_3710
CELL_3711,0.020675493568156903,Tipo_0_Inicial,48,GM,LIB_3711
CELL_3712,2.5179140368486164,Tipo_2_Intermediario_2,72,DM,LIB_3712
CELL_3713,2.4500262999348728,Tipo_2_Intermediario_2,0,GM,LIB_3713
CELL_3714,1.9493738632326567,Tipo_2_Intermediario_2,24,DM,LIB_3714
CELL_3715,9.232228930835943,Tipo_3_Final,48,GM,LIB_3715
CELL_3716,0.7475824353715758,Tipo_1_Intermediario_1,72,DM,LIB_3716
CELL_3717,0.8309456285080682,Tipo_1_Intermediario_1,0,GM,LIB_3717
CELL_3718,0.16445890008982766,Tipo_0_Inicial,24,DM,LIB_3718
CELL_3719,1.169655385519999,Tipo_1_Intermediario_1,48,GM,LIB_3719
CELL_3720,0.6050460498382328,Tipo_1_Intermediario_1,72,DM,LIB_3720
CELL_3721,0.841320043145463,Tipo_1_Intermediario_1,0,GM,LIB_3721
CELL_3722,3.598435912507053,Tipo_3_Final,24,DM,LIB_3722
CELL_3723,5.4816999673019655,Tipo_3_Final,48,GM,LIB_3723
CELL_3724,0.4109340907290141,Tipo_0_Inicial,72,DM,LIB_3724
CELL_3725,0.9320516832576722,Tipo_1_Intermediario_1,0,GM,LIB_3725
CELL_3726,5.27977108420815,Tipo_3_Final,24,DM,LIB_3726
CELL_3727,0.12760230226034266,Tipo_0_Inicial,48,GM,LIB_3727
CELL_3728,0.19381607324077602,Tipo_0_Inicial,72,DM,LIB_3728
CELL_3729,0.3553630509121296,Tipo_0_Inicial,0,GM,LIB_3729
CELL_3730,1.8087877327407424,Tipo_2_Intermediario_2,24,DM,LIB_3730
CELL_3731,0.3261493937121577,Tipo_0_Inicial,48,GM,LIB_3731
CELL_3732,6.888818299506755,Tipo_3_Final,72,DM,LIB_3732
CELL_3733,1.1837623701721773,Tipo_1_Intermediario_1,0,GM,LIB_3733
CELL_3734,1.3923754380319784,Tipo_2_Intermediario_2,24,DM,LIB_3734
CELL_3735,0.5664735769140938,Tipo_1_Intermediario_1,48,GM,LIB_3735
CELL_3736,1.2733834255441538,Tipo_1_Intermediario_1,72,DM,LIB_3736
CELL_3737,2.168907782794871,Tipo_2_Intermediario_2,0,GM,LIB_3737
CELL_3738,2.7820280581350167,Tipo_3_Final,24,DM,LIB_3738
CELL_3739,2.8037752752665432,Tipo_3_Final,48,GM,LIB_3739
CELL_3740,1.7249839428761053,Tipo_2_Intermediario_2,72,DM,LIB_3740
CELL_3741,4.694323567516814,Tipo_3_Final,0,GM,LIB_3741
CELL_3742,3.401000574268329,Tipo_3_Final,24,DM,LIB_3742
CELL_3743,2.829783716243495,Tipo_3_Final,48,GM,LIB_3743
CELL_3744,0.11442264109641366,Tipo_0_Inicial,72,DM,LIB_3744
CELL_3745,0.013803448842989535,Tipo_0_Inicial,0,GM,LIB_3745
CELL_3746,0.4776499218606454,Tipo_0_Inicial,24,DM,LIB_3746
CELL_3747,2.1784544959946626,Tipo_2_Intermediario_2,48,GM,LIB_3747
CELL_3748,1.0593288935422118,Tipo_1_Intermediario_1,72,DM,LIB_3748
CELL_3749,1.029688238560299,Tipo_1_Intermediario_1,0,GM,LIB_3749
CELL_3750,4.318474622336869,Tipo_3_Final,24,DM,LIB_3750
CELL_3751,4.518339612061791,Tipo_3_Final,48,GM,LIB_3751
CELL_3752,4.797647216315546,Tipo_3_Final,72,DM,LIB_3752
CELL_3753,0.7533998720417655,Tipo_1_Intermediario_1,0,GM,LIB_3753
CELL_3754,2.349189284300964,Tipo_2_Intermediario_2,24,DM,LIB_3754
CELL_3755,0.6339009716207856,Tipo_1_Intermediario_1,48,GM,LIB_3755
CELL_3756,0.42294839042242716,Tipo_0_Inicial,72,DM,LIB_3756
CELL_3757,0.4082325896378623,Tipo_0_Inicial,0,GM,LIB_3757
CELL_3758,0.837427837154539,Tipo_1_Intermediario_1,24,DM,LIB_3758
CELL_3759,1.1240891393079775,Tipo_1_Intermediario_1,48,GM,LIB_3759
CELL_3760,3.5551116925828463,Tipo_3_Final,72,DM,LIB_3760
CELL_3761,0.2554192434996594,Tipo_0_Inicial,0,GM,LIB_3761
CELL_3762,2.6554913419744177,Tipo_2_Intermediario_2,24,DM,LIB_3762
CELL_3763,1.5162458950921394,Tipo_2_Intermediario_2,48,GM,LIB_3763
CELL_3764,0.6792012092240152,Tipo_1_Intermediario_1,72,DM,LIB_3764
CELL_3765,1.3577769792850536,Tipo_1_Intermediario_1,0,GM,LIB_3765
CELL_3766,0.7131843798030919,Tipo_1_Intermediario_1,24,DM,LIB_3766
CELL_3767,1.813086562201032,Tipo_2_Intermediario_2,48,GM,LIB_3767
CELL_3768,1.1377709682391448,Tipo_1_Intermediario_1,72,DM,LIB_3768
CELL_3769,0.3592237324366271,Tipo_0_Inicial,0,GM,LIB_3769
CELL_3770,0.24791604113780458,Tipo_0_Inicial,24,DM,LIB_3770
CELL_3771,1.5823831910788086,Tipo_2_Intermediario_2,48,GM,LIB_3771
CELL_3772,4.6540226644950105,Tipo_3_Final,72,DM,LIB_3772
CELL_3773,0.8430599798391506,Tipo_1_Intermediario_1,0,GM,LIB_3773
CELL_3774,2.641014044329653,Tipo_2_Intermediario_2,24,DM,LIB_3774
CELL_3775,2.1497604009439484,Tipo_2_Intermediario_2,48,GM,LIB_3775
CELL_3776,5.363447047947478,Tipo_3_Final,72,DM,LIB_3776
CELL_3777,3.440526860311973,Tipo_3_Final,0,GM,LIB_3777
CELL_3778,1.6722126480448016,Tipo_2_Intermediario_2,24,DM,LIB_3778
CELL_3779,2.140227503807789,Tipo_2_Intermediario_2,48,GM,LIB_3779
CELL_3780,4.573157099590866,Tipo_3_Final,72,DM,LIB_3780
CELL_3781,1.0200478390565761,Tipo_1_Intermediario_1,0,GM,LIB_3781
CELL_3782,0.7914099051033852,Tipo_1_Intermediario_1,24,DM,LIB_3782
CELL_3783,0.02173989608602943,Tipo_0_Inicial,48,GM,LIB_3783
CELL_3784,3.5037441973511543,Tipo_3_Final,72,DM,LIB_3784
CELL_3785,3.228706952125036,Tipo_3_Final,0,GM,LIB_3785
CELL_3786,0.2206445387597513,Tipo_0_Inicial,24,DM,LIB_3786
CELL_3787,1.7200919926377591,Tipo_2_Intermediario_2,48,GM,LIB_3787
CELL_3788,1.247173946566477,Tipo_1_Intermediario_1,72,DM,LIB_3788
CELL_3789,0.25273501897861395,Tipo_0_Inicial,0,GM,LIB_3789
CELL_3790,7.881691544475004,Tipo_3_Final,24,DM,LIB_3790
CELL_3791,0.48336846343239814,Tipo_0_Inicial,48,GM,LIB_3791
CELL_3792,0.13920221304282557,Tipo_0_Inicial,72,DM,LIB_3792
CELL_3793,1.8069828842524183,Tipo_2_Intermediario_2,0,GM,LIB_3793
CELL_3794,2.685448372998121,Tipo_2_Intermediario_2,24,DM,LIB_3794
CELL_3795,0.06596280417710608,Tipo_0_Inicial,48,GM,LIB_3795
CELL_3796,2.1500902108200615,Tipo_2_Intermediario_2,72,DM,LIB_3796
CELL_3797,1.5198216883766327,Tipo_2_Intermediario_2,0,GM,LIB_3797
CELL_3798,0.21798979935337665,Tipo_0_Inicial,24,DM,LIB_3798
CELL_3799,0.3787500529261165,Tipo_0_Inicial,48,GM,LIB_3799
CELL_3800,1.678540391108766,Tipo_2_Intermediario_2,72,DM,LIB_3800
CELL_3801,0.7029700512538606,Tipo_1_Intermediario_1,0,GM,LIB_3801
CELL_3802,5.571452603967907,Tipo_3_Final,24,DM,LIB_3802
CELL_3803,3.4156481608107057,Tipo_3_Final,48,GM,LIB_3803
CELL_3804,8.216952675742402,Tipo_3_Final,72,DM,LIB_3804
CELL_3805,0.6013207589087683,Tipo_1_Intermediario_1,0,GM,LIB_3805
CELL_3806,6.994775662246797,Tipo_3_Final,24,DM,LIB_3806
CELL_3807,1.1285718966261697,Tipo_1_Intermediario_1,48,GM,LIB_3807
CELL_3808,0.853945890557428,Tipo_1_Intermediario_1,72,DM,LIB_3808
CELL_3809,0.10332257042700979,Tipo_0_Inicial,0,GM,LIB_3809
CELL_3810,0.10841667349013095,Tipo_0_Inicial,24,DM,LIB_3810
CELL_3811,2.355384083915408,Tipo_2_Intermediario_2,48,GM,LIB_3811
CELL_3812,1.224716559087638,Tipo_1_Intermediario_1,72,DM,LIB_3812
CELL_3813,0.5137151360723027,Tipo_0_Inicial,0,GM,LIB_3813
CELL_3814,1.903681971714877,Tipo_2_Intermediario_2,24,DM,LIB_3814
CELL_3815,0.5830003529532294,Tipo_1_Intermediario_1,48,GM,LIB_3815
CELL_3816,1.7237554508414623,Tipo_2_Intermediario_2,72,DM,LIB_3816
CELL_3817,0.8901030668379648,Tipo_1_Intermediario_1,0,GM,LIB_3817
CELL_3818,3.4694606957593233,Tipo_3_Final,24,DM,LIB_3818
CELL_3819,3.437346972513234,Tipo_3_Final,48,GM,LIB_3819
CELL_3820,1.2976880334835583,Tipo_1_Intermediario_1,72,DM,LIB_3820
CELL_3821,0.8640877579596332,Tipo_1_Intermediario_1,0,GM,LIB_3821
CELL_3822,0.9005896097459647,Tipo_1_Intermediario_1,24,DM,LIB_3822
CELL_3823,3.2768533687302384,Tipo_3_Final,48,GM,LIB_3823
CELL_3824,0.7955281232593031,Tipo_1_Intermediario_1,72,DM,LIB_3824
CELL_3825,0.46906475121607016,Tipo_0_Inicial,0,GM,LIB_3825
CELL_3826,0.17698132345736298,Tipo_0_Inicial,24,DM,LIB_3826
CELL_3827,1.2573165246216855,Tipo_1_Intermediario_1,48,GM,LIB_3827
CELL_3828,1.3160701729296929,Tipo_1_Intermediario_1,72,DM,LIB_3828
CELL_3829,3.676554186225306,Tipo_3_Final,0,GM,LIB_3829
CELL_3830,0.5001013879775742,Tipo_0_Inicial,24,DM,LIB_3830
CELL_3831,0.9592718178613465,Tipo_1_Intermediario_1,48,GM,LIB_3831
CELL_3832,3.3047507327325043,Tipo_3_Final,72,DM,LIB_3832
CELL_3833,3.470269984302313,Tipo_3_Final,0,GM,LIB_3833
CELL_3834,0.9710016285434195,Tipo_1_Intermediario_1,24,DM,LIB_3834
CELL_3835,1.229130549272837,Tipo_1_Intermediario_1,48,GM,LIB_3835
CELL_3836,0.7227602515012738,Tipo_1_Intermediario_1,72,DM,LIB_3836
CELL_3837,5.392882050795809,Tipo_3_Final,0,GM,LIB_3837
CELL_3838,0.2525867652161339,Tipo_0_Inicial,24,DM,LIB_3838
CELL_3839,5.428622209483917,Tipo_3_Final,48,GM,LIB_3839
CELL_3840,2.3031810678000015,Tipo_2_Intermediario_2,72,DM,LIB_3840
CELL_3841,1.5167463940666266,Tipo_2_Intermediario_2,0,GM,LIB_3841
CELL_3842,0.06640854301125658,Tipo_0_Inicial,24,DM,LIB_3842
CELL_3843,1.2909865302943977,Tipo_1_Intermediario_1,48,GM,LIB_3843
CELL_3844,1.0476464725813395,Tipo_1_Intermediario_1,72,DM,LIB_3844
CELL_3845,0.3516108149065415,Tipo_0_Inicial,0,GM,LIB_3845
CELL_3846,2.1366100778306083,Tipo_2_Intermediario_2,24,DM,LIB_3846
CELL_3847,7.091353475526076,Tipo_3_Final,48,GM,LIB_3847
CELL_3848,1.651935074070447,Tipo_2_Intermediario_2,72,DM,LIB_3848
CELL_3849,2.5088015530496706,Tipo_2_Intermediario_2,0,GM,LIB_3849
CELL_3850,0.1418117986726342,Tipo_0_Inicial,24,DM,LIB_3850
CELL_3851,1.0814256454860303,Tipo_1_Intermediario_1,48,GM,LIB_3851
CELL_3852,0.24740764959332434,Tipo_0_Inicial,72,DM,LIB_3852
CELL_3853,1.8976063366165858,Tipo_2_Intermediario_2,0,GM,LIB_3853
CELL_3854,5.576856071809165,Tipo_3_Final,24,DM,LIB_3854
CELL_3855,2.1681040067660526,Tipo_2_Intermediario_2,48,GM,LIB_3855
CELL_3856,0.15982537026824634,Tipo_0_Inicial,72,DM,LIB_3856
CELL_3857,0.8759751687966058,Tipo_1_Intermediario_1,0,GM,LIB_3857
CELL_3858,1.5999659208405992,Tipo_2_Intermediario_2,24,DM,LIB_3858
CELL_3859,1.032372452757735,Tipo_1_Intermediario_1,48,GM,LIB_3859
CELL_3860,3.5872505432126136,Tipo_3_Final,72,DM,LIB_3860
CELL_3861,3.371245360764361,Tipo_3_Final,0,GM,LIB_3861
CELL_3862,1.8926290379403965,Tipo_2_Intermediario_2,24,DM,LIB_3862
CELL_3863,0.9350787604305564,Tipo_1_Intermediario_1,48,GM,LIB_3863
CELL_3864,0.5896453419404587,Tipo_1_Intermediario_1,72,DM,LIB_3864
CELL_3865,0.223817860070722,Tipo_0_Inicial,0,GM,LIB_3865
CELL_3866,0.8766926890268164,Tipo_1_Intermediario_1,24,DM,LIB_3866
CELL_3867,1.0660487975713995,Tipo_1_Intermediario_1,48,GM,LIB_3867
CELL_3868,2.2529307700499657,Tipo_2_Intermediario_2,72,DM,LIB_3868
CELL_3869,2.1468239473125026,Tipo_2_Intermediario_2,0,GM,LIB_3869
CELL_3870,0.14537395755986227,Tipo_0_Inicial,24,DM,LIB_3870
CELL_3871,1.0059110667654143,Tipo_1_Intermediario_1,48,GM,LIB_3871
CELL_3872,0.40124529087558436,Tipo_0_Inicial,72,DM,LIB_3872
CELL_3873,0.3411323385678021,Tipo_0_Inicial,0,GM,LIB_3873
CELL_3874,3.5124234834392722,Tipo_3_Final,24,DM,LIB_3874
CELL_3875,0.08563800926202912,Tipo_0_Inicial,48,GM,LIB_3875
CELL_3876,1.086638664533173,Tipo_1_Intermediario_1,72,DM,LIB_3876
CELL_3877,0.3683352933792357,Tipo_0_Inicial,0,GM,LIB_3877
CELL_3878,4.229395038479039,Tipo_3_Final,24,DM,LIB_3878
CELL_3879,1.628553930414228,Tipo_2_Intermediario_2,48,GM,LIB_3879
CELL_3880,0.5263188156001624,Tipo_0_Inicial,72,DM,LIB_3880
CELL_3881,1.3960271532276165,Tipo_2_Intermediario_2,0,GM,LIB_3881
CELL_3882,2.62970712894599,Tipo_2_Intermediario_2,24,DM,LIB_3882
CELL_3883,6.345798703188005,Tipo_3_Final,48,GM,LIB_3883
CELL_3884,0.49806664630656744,Tipo_0_Inicial,72,DM,LIB_3884
CELL_3885,4.346305191012331,Tipo_3_Final,0,GM,LIB_3885
CELL_3886,5.445437951924127,Tipo_3_Final,24,DM,LIB_3886
CELL_3887,4.963915074167379,Tipo_3_Final,48,GM,LIB_3887
CELL_3888,2.0179875890680314,Tipo_2_Intermediario_2,72,DM,LIB_3888
CELL_3889,1.9875353460750629,Tipo_2_Intermediario_2,0,GM,LIB_3889
CELL_3890,1.0323820944966653,Tipo_1_Intermediario_1,24,DM,LIB_3890
CELL_3891,2.7918643706313087,Tipo_3_Final,48,GM,LIB_3891
CELL_3892,1.5155592238445301,Tipo_2_Intermediario_2,72,DM,LIB_3892
CELL_3893,2.262920267964171,Tipo_2_Intermediario_2,0,GM,LIB_3893
CELL_3894,1.1188342788054821,Tipo_1_Intermediario_1,24,DM,LIB_3894
CELL_3895,2.6297823916412724,Tipo_2_Intermediario_2,48,GM,LIB_3895
CELL_3896,3.479907912785409,Tipo_3_Final,72,DM,LIB_3896
CELL_3897,0.31667010965937503,Tipo_0_Inicial,0,GM,LIB_3897
CELL_3898,3.5786813805583186,Tipo_3_Final,24,DM,LIB_3898
CELL_3899,1.5543472633835906,Tipo_2_Intermediario_2,48,GM,LIB_3899
CELL_3900,3.7243541128698676,Tipo_3_Final,72,DM,LIB_3900
CELL_3901,1.128810450195367,Tipo_1_Intermediario_1,0,GM,LIB_3901
CELL_3902,0.9529787860547769,Tipo_1_Intermediario_1,24,DM,LIB_3902
CELL_3903,4.931637556142718,Tipo_3_Final,48,GM,LIB_3903
CELL_3904,0.5784846247824049,Tipo_1_Intermediario_1,72,DM,LIB_3904
CELL_3905,3.7185225166839624,Tipo_3_Final,0,GM,LIB_3905
CELL_3906,1.3233767669992873,Tipo_1_Intermediario_1,24,DM,LIB_3906
CELL_3907,1.4434861164356105,Tipo_2_Intermediario_2,48,GM,LIB_3907
CELL_3908,0.7376925195779662,Tipo_1_Intermediario_1,72,DM,LIB_3908
CELL_3909,1.7021402022541303,Tipo_2_Intermediario_2,0,GM,LIB_3909
CELL_3910,0.7867110408799737,Tipo_1_Intermediario_1,24,DM,LIB_3910
CELL_3911,0.08012251424545348,Tipo_0_Inicial,48,GM,LIB_3911
CELL_3912,0.6349046301030229,Tipo_1_Intermediario_1,72,DM,LIB_3912
CELL_3913,0.012798952891657462,Tipo_0_Inicial,0,GM,LIB_3913
CELL_3914,7.6659419203070485,Tipo_3_Final,24,DM,LIB_3914
CELL_3915,6.747974504950287,Tipo_3_Final,48,GM,LIB_3915
CELL_3916,1.0055670878773795,Tipo_1_Intermediario_1,72,DM,LIB_3916
CELL_3917,2.606635156163371,Tipo_2_Intermediario_2,0,GM,LIB_3917
CELL_3918,0.8487029717142813,Tipo_1_Intermediario_1,24,DM,LIB_3918
CELL_3919,2.223961441097876,Tipo_2_Intermediario_2,48,GM,LIB_3919
CELL_3920,3.2739270094706847,Tipo_3_Final,72,DM,LIB_3920
CELL_3921,5.865749504970395,Tipo_3_Final,0,GM,LIB_3921
CELL_3922,1.0223589588966306,Tipo_1_Intermediario_1,24,DM,LIB_3922
CELL_3923,3.058464124963034,Tipo_3_Final,48,GM,LIB_3923
CELL_3924,0.6182975528310521,Tipo_1_Intermediario_1,72,DM,LIB_3924
CELL_3925,9.277930478459176,Tipo_3_Final,0,GM,LIB_3925
CELL_3926,0.05221490347374638,Tipo_0_Inicial,24,DM,LIB_3926
CELL_3927,1.8503037850078912,Tipo_2_Intermediario_2,48,GM,LIB_3927
CELL_3928,2.1547154416096235,Tipo_2_Intermediario_2,72,DM,LIB_3928
CELL_3929,2.329796236194601,Tipo_2_Intermediario_2,0,GM,LIB_3929
CELL_3930,0.25654779794001237,Tipo_0_Inicial,24,DM,LIB_3930
CELL_3931,5.578405011178066,Tipo_3_Final,48,GM,LIB_3931
CELL_3932,0.3997900082327315,Tipo_0_Inicial,72,DM,LIB_3932
CELL_3933,1.9497124051080754,Tipo_2_Intermediario_2,0,GM,LIB_3933
CELL_3934,0.5037962578041653,Tipo_0_Inicial,24,DM,LIB_3934
CELL_3935,0.7340752372778347,Tipo_1_Intermediario_1,48,GM,LIB_3935
CELL_3936,1.5813371902895457,Tipo_2_Intermediario_2,72,DM,LIB_3936
CELL_3937,1.0797998238785835,Tipo_1_Intermediario_1,0,GM,LIB_3937
CELL_3938,0.3492439916158676,Tipo_0_Inicial,24,DM,LIB_3938
CELL_3939,0.3749168215421764,Tipo_0_Inicial,48,GM,LIB_3939
CELL_3940,1.0830672782256707,Tipo_1_Intermediario_1,72,DM,LIB_3940
CELL_3941,2.8317180677474587,Tipo_3_Final,0,GM,LIB_3941
CELL_3942,4.564871852436246,Tipo_3_Final,24,DM,LIB_3942
CELL_3943,0.1757565865992188,Tipo_0_Inicial,48,GM,LIB_3943
CELL_3944,0.9987953694333348,Tipo_1_Intermediario_1,72,DM,LIB_3944
CELL_3945,0.2112668029374933,Tipo_0_Inicial,0,GM,LIB_3945
CELL_3946,0.033463355475233054,Tipo_0_Inicial,24,DM,LIB_3946
CELL_3947,2.167754859597279,Tipo_2_Intermediario_2,48,GM,LIB_3947
CELL_3948,1.8448663259091052,Tipo_2_Intermediario_2,72,DM,LIB_3948
CELL_3949,0.35590808970487425,Tipo_0_Inicial,0,GM,LIB_3949
CELL_3950,0.5326575917358913,Tipo_0_Inicial,24,DM,LIB_3950
CELL_3951,0.047986609297617305,Tipo_0_Inicial,48,GM,LIB_3951
CELL_3952,3.602979781542269,Tipo_3_Final,72,DM,LIB_3952
CELL_3953,7.353158509250842,Tipo_3_Final,0,GM,LIB_3953
CELL_3954,0.2911143392539817,Tipo_0_Inicial,24,DM,LIB_3954
CELL_3955,0.5265649275567494,Tipo_0_Inicial,48,GM,LIB_3955
CELL_3956,4.056121266254435,Tipo_3_Final,72,DM,LIB_3956
CELL_3957,5.2199548984198305,Tipo_3_Final,0,GM,LIB_3957
CELL_3958,1.0881698765671586,Tipo_1_Intermediario_1,24,DM,LIB_3958
CELL_3959,0.10389748622918002,Tipo_0_Inicial,48,GM,LIB_3959
CELL_3960,0.08037737706170833,Tipo_0_Inicial,72,DM,LIB_3960
CELL_3961,1.7063965087062467,Tipo_2_Intermediario_2,0,GM,LIB_3961
CELL_3962,0.9981074007377222,Tipo_1_Intermediario_1,24,DM,LIB_3962
CELL_3963,0.0581418433592142,Tipo_0_Inicial,48,GM,LIB_3963
CELL_3964,1.7505489955395312,Tipo_2_Intermediario_2,72,DM,LIB_3964
CELL_3965,0.022733791324836466,Tipo_0_Inicial,0,GM,LIB_3965
CELL_3966,3.0964218443843694,Tipo_3_Final,24,DM,LIB_3966
CELL_3967,0.7318143537444645,Tipo_1_Intermediario_1,48,GM,LIB_3967
CELL_3968,0.08218156755093482,Tipo_0_Inicial,72,DM,LIB_3968
CELL_3969,1.7751744011429362,Tipo_2_Intermediario_2,0,GM,LIB_3969
CELL_3970,1.0139474850331223,Tipo_1_Intermediario_1,24,DM,LIB_3970
CELL_3971,7.284023290659967,Tipo_3_Final,48,GM,LIB_3971
CELL_3972,1.5713964555638555,Tipo_2_Intermediario_2,72,DM,LIB_3972
CELL_3973,0.643827166873361,Tipo_1_Intermediario_1,0,GM,LIB_3973
CELL_3974,2.471882552134239,Tipo_2_Intermediario_2,24,DM,LIB_3974
CELL_3975,0.6335133508574036,Tipo_1_Intermediario_1,48,GM,LIB_3975
CELL_3976,4.6918891794943205,Tipo_3_Final,72,DM,LIB_3976
CELL_3977,0.9391177619454292,Tipo_1_Intermediario_1,0,GM,LIB_3977
CELL_3978,1.5964313122921618,Tipo_2_Intermediario_2,24,DM,LIB_3978
CELL_3979,0.1037934872196247,Tipo_0_Inicial,48,GM,LIB_3979
CELL_3980,1.1106742418329052,Tipo_1_Intermediario_1,72,DM,LIB_3980
CELL_3981,3.5719151416091206,Tipo_3_Final,0,GM,LIB_3981
CELL_3982,3.2761769497430455,Tipo_3_Final,24,DM,LIB_3982
CELL_3983,0.50802671413871,Tipo_0_Inicial,48,GM,LIB_3983
CELL_3984,0.5125711390787284,Tipo_0_Inicial,72,DM,LIB_3984
CELL_3985,3.399877784348707,Tipo_3_Final,0,GM,LIB_3985
CELL_3986,5.329936026365575,Tipo_3_Final,24,DM,LIB_3986
CELL_3987,0.20043844572750685,Tipo_0_Inicial,48,GM,LIB_3987
CELL_3988,1.195887247156446,Tipo_1_Intermediario_1,72,DM,LIB_3988
CELL_3989,0.8233314212377133,Tipo_1_Intermediario_1,0,GM,LIB_3989
CELL_3990,4.091061424502781,Tipo_3_Final,24,DM,LIB_3990
CELL_3991,0.1744407933309361,Tipo_0_Inicial,48,GM,LIB_3991
CELL_3992,0.4742971877827222,Tipo_0_Inicial,72,DM,LIB_3992
CELL_3993,2.7924335524242885,Tipo_3_Final,0,GM,LIB_3993
CELL_3994,0.10531233795075003,Tipo_0_Inicial,24,DM,LIB_3994
CELL_3995,1.3566565723792547,Tipo_1_Intermediario_1,48,GM,LIB_3995
CELL_3996,1.1671763068455399,Tipo_1_Intermediario_1,72,DM,LIB_3996
CELL_3997,0.8141363215878751,Tipo_1_Intermediario_1,0,GM,LIB_3997
CELL_3998,1.0036403077421554,Tipo_1_Intermediario_1,24,DM,LIB_3998
CELL_3999,1.5097923629609291,Tipo_2_Intermediario_2,48,GM,LIB_3999
CELL_4000,0.35196504213663665,Tipo_0_Inicial,72,DM,LIB_4000
CELL_4001,1.697244906536377,Tipo_2_Intermediario_2,0,GM,LIB_4001
CELL_4002,3.2739505101947963,Tipo_3_Final,24,DM,LIB_4002
CELL_4003,2.855574242691,Tipo_3_Final,48,GM,LIB_4003
CELL_4004,0.33423522081977797,Tipo_0_Inicial,72,DM,LIB_4004
CELL_4005,0.3232726846354244,Tipo_0_Inicial,0,GM,LIB_4005
CELL_4006,0.6244260013969706,Tipo_1_Intermediario_1,24,DM,LIB_4006
CELL_4007,0.8959355481473119,Tipo_1_Intermediario_1,48,GM,LIB_4007
CELL_4008,1.050037007107788,Tipo_1_Intermediario_1,72,DM,LIB_4008
CELL_4009,2.2769770663103026,Tipo_2_Intermediario_2,0,GM,LIB_4009
CELL_4010,0.11670033904275845,Tipo_0_Inicial,24,DM,LIB_4010
CELL_4011,0.07057613708405933,Tipo_0_Inicial,48,GM,LIB_4011
CELL_4012,0.9948666148259477,Tipo_1_Intermediario_1,72,DM,LIB_4012
CELL_4013,2.3891257150661622,Tipo_2_Intermediario_2,0,GM,LIB_4013
CELL_4014,0.4299424294130878,Tipo_0_Inicial,24,DM,LIB_4014
CELL_4015,2.0516782380760525,Tipo_2_Intermediario_2,48,GM,LIB_4015
CELL_4016,0.6017457474444656,Tipo_1_Intermediario_1,72,DM,LIB_4016
CELL_4017,4.344624912940855,Tipo_3_Final,0,GM,LIB_4017
CELL_4018,4.520775019978245,Tipo_3_Final,24,DM,LIB_4018
CELL_4019,0.705614023175558,Tipo_1_Intermediario_1,48,GM,LIB_4019
CELL_4020,0.5227133048625123,Tipo_0_Inicial,72,DM,LIB_4020
CELL_4021,1.0596906203060057,Tipo_1_Intermediario_1,0,GM,LIB_4021
CELL_4022,0.550273089236741,Tipo_0_Inicial,24,DM,LIB_4022
CELL_4023,2.231825219635884,Tipo_2_Intermediario_2,48,GM,LIB_4023
CELL_4024,3.4981435983227507,Tipo_3_Final,72,DM,LIB_4024
CELL_4025,2.2361537873771606,Tipo_2_Intermediario_2,0,GM,LIB_4025
CELL_4026,3.4785288930531997,Tipo_3_Final,24,DM,LIB_4026
CELL_4027,1.011650168683739,Tipo_1_Intermediario_1,48,GM,LIB_4027
CELL_4028,0.33995682527511906,Tipo_0_Inicial,72,DM,LIB_4028
CELL_4029,2.678447138143785,Tipo_2_Intermediario_2,0,GM,LIB_4029
CELL_4030,0.8940575837911874,Tipo_1_Intermediario_1,24,DM,LIB_4030
CELL_4031,2.2250420884024713,Tipo_2_Intermediario_2,48,GM,LIB_4031
CELL_4032,0.6311864928669911,Tipo_1_Intermediario_1,72,DM,LIB_4032
CELL_4033,0.16943812500787653,Tipo_0_Inicial,0,GM,LIB_4033
CELL_4034,9.807636461135083,Tipo_3_Final,24,DM,LIB_4034
CELL_4035,0.33968313272920325,Tipo_0_Inicial,48,GM,LIB_4035
CELL_4036,8.917123290037557,Tipo_3_Final,72,DM,LIB_4036
CELL_4037,7.569013434215007,Tipo_3_Final,0,GM,LIB_4037
CELL_4038,3.1579930181237525,Tipo_3_Final,24,DM,LIB_4038
CELL_4039,2.1542278591820527,Tipo_2_Intermediario_2,48,GM,LIB_4039
CELL_4040,1.7245856850986516,Tipo_2_Intermediario_2,72,DM,LIB_4040
CELL_4041,4.021347135269835,Tipo_3_Final,0,GM,LIB_4041
CELL_4042,0.6834024283884241,Tipo_1_Intermediario_1,24,DM,LIB_4042
CELL_4043,1.2610254889028178,Tipo_1_Intermediario_1,48,GM,LIB_4043
CELL_4044,1.9319599393525102,Tipo_2_Intermediario_2,72,DM,LIB_4044
CELL_4045,1.0593050724098019,Tipo_1_Intermediario_1,0,GM,LIB_4045
CELL_4046,1.115437765711922,Tipo_1_Intermediario_1,24,DM,LIB_4046
CELL_4047,0.8018050675033186,Tipo_1_Intermediario_1,48,GM,LIB_4047
CELL_4048,1.6612897333471885,Tipo_2_Intermediario_2,72,DM,LIB_4048
CELL_4049,3.8019150512053272,Tipo_3_Final,0,GM,LIB_4049
CELL_4050,0.4501117022047718,Tipo_0_Inicial,24,DM,LIB_4050
CELL_4051,5.449366698870502,Tipo_3_Final,48,GM,LIB_4051
CELL_4052,2.33648850275648,Tipo_2_Intermediario_2,72,DM,LIB_4052
CELL_4053,3.466300626820313,Tipo_3_Final,0,GM,LIB_4053
CELL_4054,1.6247205934233813,Tipo_2_Intermediario_2,24,DM,LIB_4054
CELL_4055,3.023866660767406,Tipo_3_Final,48,GM,LIB_4055
CELL_4056,0.03266611700668128,Tipo_0_Inicial,72,DM,LIB_4056
CELL_4057,3.4116820511199313,Tipo_3_Final,0,GM,LIB_4057
CELL_4058,0.08193329972584973,Tipo_0_Inicial,24,DM,LIB_4058
CELL_4059,4.412975470970122,Tipo_3_Final,48,GM,LIB_4059
CELL_4060,9.647335901062862,Tipo_3_Final,72,DM,LIB_4060
CELL_4061,0.6964712030915969,Tipo_1_Intermediario_1,0,GM,LIB_4061
CELL_4062,0.472251301294582,Tipo_0_Inicial,24,DM,LIB_4062
CELL_4063,2.8994343813343173,Tipo_3_Final,48,GM,LIB_4063
CELL_4064,0.5834507134943143,Tipo_1_Intermediario_1,72,DM,LIB_4064
CELL_4065,4.013310005885194,Tipo_3_Final,0,GM,LIB_4065
CELL_4066,0.21704789954796513,Tipo_0_Inicial,24,DM,LIB_4066
CELL_4067,0.26924728383328744,Tipo_0_Inicial,48,GM,LIB_4067
CELL_4068,7.740951837360713,Tipo_3_Final,72,DM,LIB_4068
CELL_4069,2.2407276851896745,Tipo_2_Intermediario_2,0,GM,LIB_4069
CELL_4070,3.7531610677507516,Tipo_3_Final,24,DM,LIB_4070
CELL_4071,0.7840991325684686,Tipo_1_Intermediario_1,48,GM,LIB_4071
CELL_4072,2.2570118659633436,Tipo_2_Intermediario_2,72,DM,LIB_4072
CELL_4073,1.8039958612113685,Tipo_2_Intermediario_2,0,GM,LIB_4073
CELL_4074,1.8483944122727158,Tipo_2_Intermediario_2,24,DM,LIB_4074
CELL_4075,2.2947594012803956,Tipo_2_Intermediario_2,48,GM,LIB_4075
CELL_4076,1.7130231612243638,Tipo_2_Intermediario_2,72,DM,LIB_4076
CELL_4077,1.1209506069855544,Tipo_1_Intermediario_1,0,GM,LIB_4077
CELL_4078,0.6457142331581303,Tipo_1_Intermediario_1,24,DM,LIB_4078
CELL_4079,2.9270535772460016,Tipo_3_Final,48,GM,LIB_4079
CELL_4080,0.5130708881981344,Tipo_0_Inicial,72,DM,LIB_4080
CELL_4081,2.3576130056400384,Tipo_2_Intermediario_2,0,GM,LIB_4081
CELL_4082,0.5314049992473072,Tipo_0_Inicial,24,DM,LIB_4082
CELL_4083,1.9634201881003825,Tipo_2_Intermediario_2,48,GM,LIB_4083
CELL_4084,2.7493503887127013,Tipo_3_Final,72,DM,LIB_4084
CELL_4085,0.49362771360021784,Tipo_0_Inicial,0,GM,LIB_4085
CELL_4086,0.1236301746090163,Tipo_0_Inicial,24,DM,LIB_4086
CELL_4087,0.28076387795327457,Tipo_0_Inicial,48,GM,LIB_4087
CELL_4088,1.862793344864332,Tipo_2_Intermediario_2,72,DM,LIB_4088
CELL_4089,3.7868723067421763,Tipo_3_Final,0,GM,LIB_4089
CELL_4090,0.09208121991530512,Tipo_0_Inicial,24,DM,LIB_4090
CELL_4091,2.6496555499058028,Tipo_2_Intermediario_2,48,GM,LIB_4091
CELL_4092,0.8350307818644346,Tipo_1_Intermediario_1,72,DM,LIB_4092
CELL_4093,1.3022008132675518,Tipo_1_Intermediario_1,0,GM,LIB_4093
CELL_4094,5.2861983695115065,Tipo_3_Final,24,DM,LIB_4094
CELL_4095,0.8068488975484608,Tipo_1_Intermediario_1,48,GM,LIB_4095
CELL_4096,1.2522370270944936,Tipo_1_Intermediario_1,72,DM,LIB_4096
CELL_4097,0.027553763355231686,Tipo_0_Inicial,0,GM,LIB_4097
CELL_4098,0.17024171938970314,Tipo_0_Inicial,24,DM,LIB_4098
CELL_4099,0.5984072929120996,Tipo_1_Intermediario_1,48,GM,LIB_4099
CELL_4100,0.05649494091744466,Tipo_0_Inicial,72,DM,LIB_4100
CELL_4101,1.9959525926911292,Tipo_2_Intermediario_2,0,GM,LIB_4101
CELL_4102,1.1116402499791438,Tipo_1_Intermediario_1,24,DM,LIB_4102
CELL_4103,1.5887887914672514,Tipo_2_Intermediario_2,48,GM,LIB_4103
CELL_4104,0.3838886612122792,Tipo_0_Inicial,72,DM,LIB_4104
CELL_4105,0.7017607567778857,Tipo_1_Intermediario_1,0,GM,LIB_4105
CELL_4106,2.180243718297424,Tipo_2_Intermediario_2,24,DM,LIB_4106
CELL_4107,6.722188171799013,Tipo_3_Final,48,GM,LIB_4107
CELL_4108,0.10346419940695954,Tipo_0_Inicial,72,DM,LIB_4108
CELL_4109,4.421549713620236,Tipo_3_Final,0,GM,LIB_4109
CELL_4110,1.7202045828044397,Tipo_2_Intermediario_2,24,DM,LIB_4110
CELL_4111,1.6598571454582722,Tipo_2_Intermediario_2,48,GM,LIB_4111
CELL_4112,1.3874088123936774,Tipo_1_Intermediario_1,72,DM,LIB_4112
CELL_4113,0.14383876889812253,Tipo_0_Inicial,0,GM,LIB_4113
CELL_4114,0.18835072172951228,Tipo_0_Inicial,24,DM,LIB_4114
CELL_4115,1.837146698423506,Tipo_2_Intermediario_2,48,GM,LIB_4115
CELL_4116,0.8339377613043999,Tipo_1_Intermediario_1,72,DM,LIB_4116
CELL_4117,4.984299231569099,Tipo_3_Final,0,GM,LIB_4117
CELL_4118,1.0437412495474923,Tipo_1_Intermediario_1,24,DM,LIB_4118
CELL_4119,0.30929167510138744,Tipo_0_Inicial,48,GM,LIB_4119
CELL_4120,2.5085600718351526,Tipo_2_Intermediario_2,72,DM,LIB_4120
CELL_4121,0.6944492539113958,Tipo_1_Intermediario_1,0,GM,LIB_4121
CELL_4122,1.490862172380171,Tipo_2_Intermediario_2,24,DM,LIB_4122
CELL_4123,2.393549448913991,Tipo_2_Intermediario_2,48,GM,LIB_4123
CELL_4124,4.610459397808588,Tipo_3_Final,72,DM,LIB_4124
CELL_4125,3.142273655573616,Tipo_3_Final,0,GM,LIB_4125
CELL_4126,2.2562535832351993,Tipo_2_Intermediario_2,24,DM,LIB_4126
CELL_4127,2.2765772693582527,Tipo_2_Intermediario_2,48,GM,LIB_4127
CELL_4128,5.834753448618278,Tipo_3_Final,72,DM,LIB_4128
CELL_4129,0.7014541850473619,Tipo_1_Intermediario_1,0,GM,LIB_4129
CELL_4130,0.00222542606356573,Tipo_0_Inicial,24,DM,LIB_4130
CELL_4131,0.6347836286486623,Tipo_1_Intermediario_1,48,GM,LIB_4131
CELL_4132,0.4915232946991513,Tipo_0_Inicial,72,DM,LIB_4132
CELL_4133,2.1684402201180797,Tipo_2_Intermediario_2,0,GM,LIB_4133
CELL_4134,2.008668554180705,Tipo_2_Intermediario_2,24,DM,LIB_4134
CELL_4135,1.8001527100201276,Tipo_2_Intermediario_2,48,GM,LIB_4135
CELL_4136,0.032753628348681035,Tipo_0_Inicial,72,DM,LIB_4136
CELL_4137,2.609635612045055,Tipo_2_Intermediario_2,0,GM,LIB_4137
CELL_4138,0.7817355760289694,Tipo_1_Intermediario_1,24,DM,LIB_4138
CELL_4139,2.1875837849763022,Tipo_2_Intermediario_2,48,GM,LIB_4139
CELL_4140,1.6264686655703757,Tipo_2_Intermediario_2,72,DM,LIB_4140
CELL_4141,0.8393235880046686,Tipo_1_Intermediario_1,0,GM,LIB_4141
CELL_4142,0.2890720547504648,Tipo_0_Inicial,24,DM,LIB_4142
CELL_4143,0.19835687861780132,Tipo_0_Inicial,48,GM,LIB_4143
CELL_4144,3.5618566739240607,Tipo_3_Final,72,DM,LIB_4144
CELL_4145,5.011791791832372,Tipo_3_Final,0,GM,LIB_4145
CELL_4146,2.0984334542304595,Tipo_2_Intermediario_2,24,DM,LIB_4146
CELL_4147,0.2183669942528482,Tipo_0_Inicial,48,GM,LIB_4147
CELL_4148,1.0284200785166,Tipo_1_Intermediario_1,72,DM,LIB_4148
CELL_4149,2.6108242588209807,Tipo_2_Intermediario_2,0,GM,LIB_4149
CELL_4150,3.0266278005811382,Tipo_3_Final,24,DM,LIB_4150
CELL_4151,0.25162224955758117,Tipo_0_Inicial,48,GM,LIB_4151
CELL_4152,6.143863443161899e-05,Tipo_0_Inicial,72,DM,LIB_4152
CELL_4153,2.4905415317052366,Tipo_2_Intermediario_2,0,GM,LIB_4153
CELL_4154,0.8819654414957635,Tipo_1_Intermediario_1,24,DM,LIB_4154
CELL_4155,0.587350207333354,Tipo_1_Intermediario_1,48,GM,LIB_4155
CELL_4156,0.025962728569670773,Tipo_0_Inicial,72,DM,LIB_4156
CELL_4157,1.5543597713604989,Tipo_2_Intermediario_2,0,GM,LIB_4157
CELL_4158,3.809642264502558,Tipo_3_Final,24,DM,LIB_4158
CELL_4159,6.322707139547448,Tipo_3_Final,48,GM,LIB_4159
CELL_4160,1.668246492189989,Tipo_2_Intermediario_2,72,DM,LIB_4160
CELL_4161,1.4449926798445516,Tipo_2_Intermediario_2,0,GM,LIB_4161
CELL_4162,0.17778567818186025,Tipo_0_Inicial,24,DM,LIB_4162
CELL_4163,1.5920118855067273,Tipo_2_Intermediario_2,48,GM,LIB_4163
CELL_4164,0.9560041158162004,Tipo_1_Intermediario_1,72,DM,LIB_4164
CELL_4165,1.8685799050783294,Tipo_2_Intermediario_2,0,GM,LIB_4165
CELL_4166,0.9844210885223578,Tipo_1_Intermediario_1,24,DM,LIB_4166
CELL_4167,0.5496610133267895,Tipo_0_Inicial,48,GM,LIB_4167
CELL_4168,0.1995639322098422,Tipo_0_Inicial,72,DM,LIB_4168
CELL_4169,0.756434777625117,Tipo_1_Intermediario_1,0,GM,LIB_4169
CELL_4170,0.2032789707668261,Tipo_0_Inicial,24,DM,LIB_4170
CELL_4171,0.3893477490157806,Tipo_0_Inicial,48,GM,LIB_4171
CELL_4172,8.73800895711178,Tipo_3_Final,72,DM,LIB_4172
CELL_4173,1.1743465110160978,Tipo_1_Intermediario_1,0,GM,LIB_4173
CELL_4174,1.5180260348042014,Tipo_2_Intermediario_2,24,DM,LIB_4174
CELL_4175,4.136900792250696,Tipo_3_Final,48,GM,LIB_4175
CELL_4176,10.838215058975361,Tipo_3_Final,72,DM,LIB_4176
CELL_4177,1.747969035560285,Tipo_2_Intermediario_2,0,GM,LIB_4177
CELL_4178,3.347673644440077,Tipo_3_Final,24,DM,LIB_4178
CELL_4179,0.7918446443525972,Tipo_1_Intermediario_1,48,GM,LIB_4179
CELL_4180,0.7298288982403296,Tipo_1_Intermediario_1,72,DM,LIB_4180
CELL_4181,1.0306840179089842,Tipo_1_Intermediario_1,0,GM,LIB_4181
CELL_4182,2.2325788005109386,Tipo_2_Intermediario_2,24,DM,LIB_4182
CELL_4183,2.292613748712872,Tipo_2_Intermediario_2,48,GM,LIB_4183
CELL_4184,0.7573720829147271,Tipo_1_Intermediario_1,72,DM,LIB_4184
CELL_4185,0.2859169171018889,Tipo_0_Inicial,0,GM,LIB_4185
CELL_4186,2.0014994096702523,Tipo_2_Intermediario_2,24,DM,LIB_4186
CELL_4187,0.2746792401703987,Tipo_0_Inicial,48,GM,LIB_4187
CELL_4188,1.727835455255585,Tipo_2_Intermediario_2,72,DM,LIB_4188
CELL_4189,2.364566975087965,Tipo_2_Intermediario_2,0,GM,LIB_4189
CELL_4190,2.4120264116897925,Tipo_2_Intermediario_2,24,DM,LIB_4190
CELL_4191,2.800560301118025,Tipo_3_Final,48,GM,LIB_4191
CELL_4192,4.124923775796897,Tipo_3_Final,72,DM,LIB_4192
CELL_4193,1.3861303357053123,Tipo_1_Intermediario_1,0,GM,LIB_4193
CELL_4194,2.6205133406482215,Tipo_2_Intermediario_2,24,DM,LIB_4194
CELL_4195,1.9308187606479257,Tipo_2_Intermediario_2,48,GM,LIB_4195
CELL_4196,0.4131627779968365,Tipo_0_Inicial,72,DM,LIB_4196
CELL_4197,0.052050772660004616,Tipo_0_Inicial,0,GM,LIB_4197
CELL_4198,0.6696630465509614,Tipo_1_Intermediario_1,24,DM,LIB_4198
CELL_4199,1.1705011099140665,Tipo_1_Intermediario_1,48,GM,LIB_4199
CELL_4200,1.9199938907486236,Tipo_2_Intermediario_2,72,DM,LIB_4200
CELL_4201,3.7936977833126817,Tipo_3_Final,0,GM,LIB_4201
CELL_4202,0.4369233486150885,Tipo_0_Inicial,24,DM,LIB_4202
CELL_4203,0.26831984283982896,Tipo_0_Inicial,48,GM,LIB_4203
CELL_4204,6.619787569969955,Tipo_3_Final,72,DM,LIB_4204
CELL_4205,0.22867820421549734,Tipo_0_Inicial,0,GM,LIB_4205
CELL_4206,1.3020577624235352,Tipo_1_Intermediario_1,24,DM,LIB_4206
CELL_4207,1.7616721296478828,Tipo_2_Intermediario_2,48,GM,LIB_4207
CELL_4208,1.5590422672726518,Tipo_2_Intermediario_2,72,DM,LIB_4208
CELL_4209,0.1799197817926106,Tipo_0_Inicial,0,GM,LIB_4209
CELL_4210,0.11743507517392474,Tipo_0_Inicial,24,DM,LIB_4210
CELL_4211,0.22294369810262302,Tipo_0_Inicial,48,GM,LIB_4211
CELL_4212,1.7617877361877665,Tipo_2_Intermediario_2,72,DM,LIB_4212
CELL_4213,1.57203817632581,Tipo_2_Intermediario_2,0,GM,LIB_4213
CELL_4214,0.5324695497722591,Tipo_0_Inicial,24,DM,LIB_4214
CELL_4215,2.030974688316776,Tipo_2_Intermediario_2,48,GM,LIB_4215
CELL_4216,3.4303470196931367,Tipo_3_Final,72,DM,LIB_4216
CELL_4217,0.08493619689286841,Tipo_0_Inicial,0,GM,LIB_4217
CELL_4218,1.378828088975233,Tipo_1_Intermediario_1,24,DM,LIB_4218
CELL_4219,2.3379219498019843,Tipo_2_Intermediario_2,48,GM,LIB_4219
CELL_4220,0.5815388055631174,Tipo_1_Intermediario_1,72,DM,LIB_4220
CELL_4221,0.7356766328764053,Tipo_1_Intermediario_1,0,GM,LIB_4221
CELL_4222,1.901960548155598,Tipo_2_Intermediario_2,24,DM,LIB_4222
CELL_4223,4.564296577655907,Tipo_3_Final,48,GM,LIB_4223
CELL_4224,3.3206669960775943,Tipo_3_Final,72,DM,LIB_4224
CELL_4225,1.7499627639396607,Tipo_2_Intermediario_2,0,GM,LIB_4225
CELL_4226,2.6203096684257834,Tipo_2_Intermediario_2,24,DM,LIB_4226
CELL_4227,0.9077014893743982,Tipo_1_Intermediario_1,48,GM,LIB_4227
CELL_4228,2.0486737461892894,Tipo_2_Intermediario_2,72,DM,LIB_4228
CELL_4229,1.2553991122923591,Tipo_1_Intermediario_1,0,GM,LIB_4229
CELL_4230,0.42128438108822697,Tipo_0_Inicial,24,DM,LIB_4230
CELL_4231,2.4195678047107596,Tipo_2_Intermediario_2,48,GM,LIB_4231
CELL_4232,1.625955490016639,Tipo_2_Intermediario_2,72,DM,LIB_4232
CELL_4233,0.8882712809725026,Tipo_1_Intermediario_1,0,GM,LIB_4233
CELL_4234,4.845874629137138,Tipo_3_Final,24,DM,LIB_4234
CELL_4235,0.04231268667938538,Tipo_0_Inicial,48,GM,LIB_4235
CELL_4236,0.7589315322466583,Tipo_1_Intermediario_1,72,DM,LIB_4236
CELL_4237,0.11712646615524237,Tipo_0_Inicial,0,GM,LIB_4237
CELL_4238,2.9093803893528714,Tipo_3_Final,24,DM,LIB_4238
CELL_4239,2.422044883554692,Tipo_2_Intermediario_2,48,GM,LIB_4239
CELL_4240,0.8049956858031401,Tipo_1_Intermediario_1,72,DM,LIB_4240
CELL_4241,2.2519437575405252,Tipo_2_Intermediario_2,0,GM,LIB_4241
CELL_4242,1.008154312617058,Tipo_1_Intermediario_1,24,DM,LIB_4242
CELL_4243,2.823255447557461,Tipo_3_Final,48,GM,LIB_4243
CELL_4244,1.2109454769277448,Tipo_1_Intermediario_1,72,DM,LIB_4244
CELL_4245,1.0630083437653235,Tipo_1_Intermediario_1,0,GM,LIB_4245
CELL_4246,5.458442943068541,Tipo_3_Final,24,DM,LIB_4246
CELL_4247,0.5777097862495095,Tipo_1_Intermediario_1,48,GM,LIB_4247
CELL_4248,0.2566836833282288,Tipo_0_Inicial,72,DM,LIB_4248
CELL_4249,1.7567528648552402,Tipo_2_Intermediario_2,0,GM,LIB_4249
CELL_4250,6.968406749536393,Tipo_3_Final,24,DM,LIB_4250
CELL_4251,0.9491134416342683,Tipo_1_Intermediario_1,48,GM,LIB_4251
CELL_4252,0.12808904875619673,Tipo_0_Inicial,72,DM,LIB_4252
CELL_4253,0.8289267445893215,Tipo_1_Intermediario_1,0,GM,LIB_4253
CELL_4254,1.410162839568141,Tipo_2_Intermediario_2,24,DM,LIB_4254
CELL_4255,0.35329061038668846,Tipo_0_Inicial,48,GM,LIB_4255
CELL_4256,2.1464869396002726,Tipo_2_Intermediario_2,72,DM,LIB_4256
CELL_4257,12.19310709721432,Tipo_3_Final,0,GM,LIB_4257
CELL_4258,1.202009392424185,Tipo_1_Intermediario_1,24,DM,LIB_4258
CELL_4259,0.8761684168737984,Tipo_1_Intermediario_1,48,GM,LIB_4259
CELL_4260,1.0239998487558426,Tipo_1_Intermediario_1,72,DM,LIB_4260
CELL_4261,0.24466564188946968,Tipo_0_Inicial,0,GM,LIB_4261
CELL_4262,4.29584511282517,Tipo_3_Final,24,DM,LIB_4262
CELL_4263,1.0716909028020185,Tipo_1_Intermediario_1,48,GM,LIB_4263
CELL_4264,0.9796761929882843,Tipo_1_Intermediario_1,72,DM,LIB_4264
CELL_4265,2.1557982281535515,Tipo_2_Intermediario_2,0,GM,LIB_4265
CELL_4266,1.1669124250727005,Tipo_1_Intermediario_1,24,DM,LIB_4266
CELL_4267,2.089575174198686,Tipo_2_Intermediario_2,48,GM,LIB_4267
CELL_4268,0.1268303902214782,Tipo_0_Inicial,72,DM,LIB_4268
CELL_4269,3.3610446220176224,Tipo_3_Final,0,GM,LIB_4269
CELL_4270,5.643690807170789,Tipo_3_Final,24,DM,LIB_4270
CELL_4271,2.092601726612184,Tipo_2_Intermediario_2,48,GM,LIB_4271
CELL_4272,6.182985979456845,Tipo_3_Final,72,DM,LIB_4272
CELL_4273,0.3284108531283636,Tipo_0_Inicial,0,GM,LIB_4273
CELL_4274,1.297939810195856,Tipo_1_Intermediario_1,24,DM,LIB_4274
CELL_4275,1.841635596915969,Tipo_2_Intermediario_2,48,GM,LIB_4275
CELL_4276,1.7432880295003266,Tipo_2_Intermediario_2,72,DM,LIB_4276
CELL_4277,1.0265297897039154,Tipo_1_Intermediario_1,0,GM,LIB_4277
CELL_4278,0.8252344755406937,Tipo_1_Intermediario_1,24,DM,LIB_4278
CELL_4279,0.2712363312440897,Tipo_0_Inicial,48,GM,LIB_4279
CELL_4280,0.9943137713213623,Tipo_1_Intermediario_1,72,DM,LIB_4280
CELL_4281,0.35505210351427835,Tipo_0_Inicial,0,GM,LIB_4281
CELL_4282,2.6512692793097323,Tipo_2_Intermediario_2,24,DM,LIB_4282
CELL_4283,0.46848719780072323,Tipo_0_Inicial,48,GM,LIB_4283
CELL_4284,0.12070059262386842,Tipo_0_Inicial,72,DM,LIB_4284
CELL_4285,1.6075593052587687,Tipo_2_Intermediario_2,0,GM,LIB_4285
CELL_4286,1.8088712282005444,Tipo_2_Intermediario_2,24,DM,LIB_4286
CELL_4287,4.110092073748675,Tipo_3_Final,48,GM,LIB_4287
CELL_4288,1.7206792628377676,Tipo_2_Intermediario_2,72,DM,LIB_4288
CELL_4289,0.8477088815454528,Tipo_1_Intermediario_1,0,GM,LIB_4289
CELL_4290,3.2492237287587145,Tipo_3_Final,24,DM,LIB_4290
CELL_4291,1.5542705258093839,Tipo_2_Intermediario_2,48,GM,LIB_4291
CELL_4292,0.16519923092348773,Tipo_0_Inicial,72,DM,LIB_4292
CELL_4293,1.668732946149207,Tipo_2_Intermediario_2,0,GM,LIB_4293
CELL_4294,4.772336605846908,Tipo_3_Final,24,DM,LIB_4294
CELL_4295,1.0093976138574237,Tipo_1_Intermediario_1,48,GM,LIB_4295
CELL_4296,0.7028796334648795,Tipo_1_Intermediario_1,72,DM,LIB_4296
CELL_4297,0.30973060325925683,Tipo_0_Inicial,0,GM,LIB_4297
CELL_4298,0.32844198244993356,Tipo_0_Inicial,24,DM,LIB_4298
CELL_4299,1.1339860611906358,Tipo_1_Intermediario_1,48,GM,LIB_4299
CELL_4300,1.8110964008861667,Tipo_2_Intermediario_2,72,DM,LIB_4300
CELL_4301,0.16810150285514008,Tipo_0_Inicial,0,GM,LIB_4301
CELL_4302,5.612492519935785,Tipo_3_Final,24,DM,LIB_4302
CELL_4303,2.8140851890740977,Tipo_3_Final,48,GM,LIB_4303
CELL_4304,1.7667949817834774,Tipo_2_Intermediario_2,72,DM,LIB_4304
CELL_4305,3.5256289448937608,Tipo_3_Final,0,GM,LIB_4305
CELL_4306,0.16716925216108433,Tipo_0_Inicial,24,DM,LIB_4306
CELL_4307,1.2957315783879726,Tipo_1_Intermediario_1,48,GM,LIB_4307
CELL_4308,1.9890079984897704,Tipo_2_Intermediario_2,72,DM,LIB_4308
CELL_4309,3.528127981870848,Tipo_3_Final,0,GM,LIB_4309
CELL_4310,3.0600482823770996,Tipo_3_Final,24,DM,LIB_4310
CELL_4311,0.648883684960762,Tipo_1_Intermediario_1,48,GM,LIB_4311
CELL_4312,5.656377740795594,Tipo_3_Final,72,DM,LIB_4312
CELL_4313,0.26556812430445276,Tipo_0_Inicial,0,GM,LIB_4313
CELL_4314,4.1610221247649495,Tipo_3_Final,24,DM,LIB_4314
CELL_4315,7.076802420323532,Tipo_3_Final,48,GM,LIB_4315
CELL_4316,0.3899712733624854,Tipo_0_Inicial,72,DM,LIB_4316
CELL_4317,2.5607436691068237,Tipo_2_Intermediario_2,0,GM,LIB_4317
CELL_4318,0.08223890830146617,Tipo_0_Inicial,24,DM,LIB_4318
CELL_4319,1.0398095130800227,Tipo_1_Intermediario_1,48,GM,LIB_4319
CELL_4320,1.452511745116336,Tipo_2_Intermediario_2,72,DM,LIB_4320
CELL_4321,1.7380760022316515,Tipo_2_Intermediario_2,0,GM,LIB_4321
CELL_4322,5.495784359757096,Tipo_3_Final,24,DM,LIB_4322
CELL_4323,2.231012506695971,Tipo_2_Intermediario_2,48,GM,LIB_4323
CELL_4324,1.3127741815146354,Tipo_1_Intermediario_1,72,DM,LIB_4324
CELL_4325,3.3180446646740895,Tipo_3_Final,0,GM,LIB_4325
CELL_4326,6.012891757812204,Tipo_3_Final,24,DM,LIB_4326
CELL_4327,0.04462649584848536,Tipo_0_Inicial,48,GM,LIB_4327
CELL_4328,8.093541389859675,Tipo_3_Final,72,DM,LIB_4328
CELL_4329,0.18013858051860843,Tipo_0_Inicial,0,GM,LIB_4329
CELL_4330,3.3681804575576075,Tipo_3_Final,24,DM,LIB_4330
CELL_4331,0.6579382183731813,Tipo_1_Intermediario_1,48,GM,LIB_4331
CELL_4332,0.2835411294480137,Tipo_0_Inicial,72,DM,LIB_4332
CELL_4333,1.1591214844976143,Tipo_1_Intermediario_1,0,GM,LIB_4333
CELL_4334,2.0654051754475944,Tipo_2_Intermediario_2,24,DM,LIB_4334
CELL_4335,0.9591444290619028,Tipo_1_Intermediario_1,48,GM,LIB_4335
CELL_4336,0.11222114357629706,Tipo_0_Inicial,72,DM,LIB_4336
CELL_4337,1.8298889752290728,Tipo_2_Intermediario_2,0,GM,LIB_4337
CELL_4338,4.653822705668396,Tipo_3_Final,24,DM,LIB_4338
CELL_4339,0.9664707388183561,Tipo_1_Intermediario_1,48,GM,LIB_4339
CELL_4340,0.4875416200094418,Tipo_0_Inicial,72,DM,LIB_4340
CELL_4341,1.1688630447439305,Tipo_1_Intermediario_1,0,GM,LIB_4341
CELL_4342,0.09914263158030373,Tipo_0_Inicial,24,DM,LIB_4342
CELL_4343,3.4350218124098757,Tipo_3_Final,48,GM,LIB_4343
CELL_4344,3.5013211682372263,Tipo_3_Final,72,DM,LIB_4344
CELL_4345,1.7734661089248769,Tipo_2_Intermediario_2,0,GM,LIB_4345
CELL_4346,0.8711360435225806,Tipo_1_Intermediario_1,24,DM,LIB_4346
CELL_4347,3.2167106417535627,Tipo_3_Final,48,GM,LIB_4347
CELL_4348,1.6179558578874482,Tipo_2_Intermediario_2,72,DM,LIB_4348
CELL_4349,3.4966220481978527,Tipo_3_Final,0,GM,LIB_4349
CELL_4350,1.9964054977277614,Tipo_2_Intermediario_2,24,DM,LIB_4350
CELL_4351,3.06871165245739,Tipo_3_Final,48,GM,LIB_4351
CELL_4352,1.82540930518779,Tipo_2_Intermediario_2,72,DM,LIB_4352
CELL_4353,1.0693524982577571,Tipo_1_Intermediario_1,0,GM,LIB_4353
CELL_4354,6.337594882863896,Tipo_3_Final,24,DM,LIB_4354
CELL_4355,1.5579061683206585,Tipo_2_Intermediario_2,48,GM,LIB_4355
CELL_4356,1.858192337963699,Tipo_2_Intermediario_2,72,DM,LIB_4356
CELL_4357,0.4981734670821448,Tipo_0_Inicial,0,GM,LIB_4357
CELL_4358,1.9651323982046287,Tipo_2_Intermediario_2,24,DM,LIB_4358
CELL_4359,1.695431593007745,Tipo_2_Intermediario_2,48,GM,LIB_4359
CELL_4360,0.40873780133903187,Tipo_0_Inicial,72,DM,LIB_4360
CELL_4361,0.12287248405749311,Tipo_0_Inicial,0,GM,LIB_4361
CELL_4362,1.8544977053136842,Tipo_2_Intermediario_2,24,DM,LIB_4362
CELL_4363,2.8852407598432426,Tipo_3_Final,48,GM,LIB_4363
CELL_4364,1.4821611815681837,Tipo_2_Intermediario_2,72,DM,LIB_4364
CELL_4365,0.514364255753828,Tipo_0_Inicial,0,GM,LIB_4365
CELL_4366,2.1963566258566187,Tipo_2_Intermediario_2,24,DM,LIB_4366
CELL_4367,0.16699307154142984,Tipo_0_Inicial,48,GM,LIB_4367
CELL_4368,1.1661966818636078,Tipo_1_Intermediario_1,72,DM,LIB_4368
CELL_4369,0.35673897319889397,Tipo_0_Inicial,0,GM,LIB_4369
CELL_4370,0.40780728977822406,Tipo_0_Inicial,24,DM,LIB_4370
CELL_4371,0.4520302134673321,Tipo_0_Inicial,48,GM,LIB_4371
CELL_4372,0.9778251461834561,Tipo_1_Intermediario_1,72,DM,LIB_4372
CELL_4373,0.10500954137404687,Tipo_0_Inicial,0,GM,LIB_4373
CELL_4374,1.0143095422915185,Tipo_1_Intermediario_1,24,DM,LIB_4374
CELL_4375,1.4336811182721734,Tipo_2_Intermediario_2,48,GM,LIB_4375
CELL_4376,1.3205635662165136,Tipo_1_Intermediario_1,72,DM,LIB_4376
CELL_4377,0.9650727959487726,Tipo_1_Intermediario_1,0,GM,LIB_4377
CELL_4378,3.6545238759782963,Tipo_3_Final,24,DM,LIB_4378
CELL_4379,0.31407195892211287,Tipo_0_Inicial,48,GM,LIB_4379
CELL_4380,1.4092121423115367,Tipo_2_Intermediario_2,72,DM,LIB_4380
CELL_4381,0.1280989709773141,Tipo_0_Inicial,0,GM,LIB_4381
CELL_4382,0.14762826208784324,Tipo_0_Inicial,24,DM,LIB_4382
CELL_4383,1.7060021508484982,Tipo_2_Intermediario_2,48,GM,LIB_4383
CELL_4384,1.6695063988829757,Tipo_2_Intermediario_2,72,DM,LIB_4384
CELL_4385,4.208017934861908,Tipo_3_Final,0,GM,LIB_4385
CELL_4386,1.6323192721278295,Tipo_2_Intermediario_2,24,DM,LIB_4386
CELL_4387,6.427329870575044,Tipo_3_Final,48,GM,LIB_4387
CELL_4388,0.09984078691583852,Tipo_0_Inicial,72,DM,LIB_4388
CELL_4389,0.2062985573367592,Tipo_0_Inicial,0,GM,LIB_4389
CELL_4390,0.09013252232001011,Tipo_0_Inicial,24,DM,LIB_4390
CELL_4391,0.40981383422204104,Tipo_0_Inicial,48,GM,LIB_4391
CELL_4392,1.5585874382785216,Tipo_2_Intermediario_2,72,DM,LIB_4392
CELL_4393,2.0745011369763393,Tipo_2_Intermediario_2,0,GM,LIB_4393
CELL_4394,0.09331371426792875,Tipo_0_Inicial,24,DM,LIB_4394
CELL_4395,5.836464601468577,Tipo_3_Final,48,GM,LIB_4395
CELL_4396,3.6924149635517485,Tipo_3_Final,72,DM,LIB_4396
CELL_4397,0.7036946091209195,Tipo_1_Intermediario_1,0,GM,LIB_4397
CELL_4398,0.16065847959723786,Tipo_0_Inicial,24,DM,LIB_4398
CELL_4399,0.3723870621674786,Tipo_0_Inicial,48,GM,LIB_4399
CELL_4400,0.27151210498967454,Tipo_0_Inicial,72,DM,LIB_4400
CELL_4401,0.2631438371228678,Tipo_0_Inicial,0,GM,LIB_4401
CELL_4402,1.4619543472751453,Tipo_2_Intermediario_2,24,DM,LIB_4402
CELL_4403,0.5643212010594189,Tipo_1_Intermediario_1,48,GM,LIB_4403
CELL_4404,0.8867692519376058,Tipo_1_Intermediario_1,72,DM,LIB_4404
CELL_4405,9.113776184457235,Tipo_3_Final,0,GM,LIB_4405
CELL_4406,2.3060160376435577,Tipo_2_Intermediario_2,24,DM,LIB_4406
CELL_4407,5.951101281159521,Tipo_3_Final,48,GM,LIB_4407
CELL_4408,0.30760011101690216,Tipo_0_Inicial,72,DM,LIB_4408
CELL_4409,0.9629850688540578,Tipo_1_Intermediario_1,0,GM,LIB_4409
CELL_4410,1.6181569782139775,Tipo_2_Intermediario_2,24,DM,LIB_4410
CELL_4411,0.15972791472624923,Tipo_0_Inicial,48,GM,LIB_4411
CELL_4412,0.00839247104463667,Tipo_0_Inicial,72,DM,LIB_4412
CELL_4413,2.219959308891726,Tipo_2_Intermediario_2,0,GM,LIB_4413
CELL_4414,2.05343655321216,Tipo_2_Intermediario_2,24,DM,LIB_4414
CELL_4415,1.0579412054399708,Tipo_1_Intermediario_1,48,GM,LIB_4415
CELL_4416,1.345293813085144,Tipo_1_Intermediario_1,72,DM,LIB_4416
CELL_4417,1.0738019691807457,Tipo_1_Intermediario_1,0,GM,LIB_4417
CELL_4418,0.04859572296171013,Tipo_0_Inicial,24,DM,LIB_4418
CELL_4419,0.8170544017175703,Tipo_1_Intermediario_1,48,GM,LIB_4419
CELL_4420,0.3897980582094168,Tipo_0_Inicial,72,DM,LIB_4420
CELL_4421,0.20722229139925516,Tipo_0_Inicial,0,GM,LIB_4421
CELL_4422,6.280149339327966,Tipo_3_Final,24,DM,LIB_4422
CELL_4423,1.829382648428364,Tipo_2_Intermediario_2,48,GM,LIB_4423
CELL_4424,2.608737875791016,Tipo_2_Intermediario_2,72,DM,LIB_4424
CELL_4425,0.7577351876481495,Tipo_1_Intermediario_1,0,GM,LIB_4425
CELL_4426,0.9989378105342606,Tipo_1_Intermediario_1,24,DM,LIB_4426
CELL_4427,0.5407952756893024,Tipo_0_Inicial,48,GM,LIB_4427
CELL_4428,0.20398941927636227,Tipo_0_Inicial,72,DM,LIB_4428
CELL_4429,0.3945414110476706,Tipo_0_Inicial,0,GM,LIB_4429
CELL_4430,3.1941695086596855,Tipo_3_Final,24,DM,LIB_4430
CELL_4431,2.263588368822698,Tipo_2_Intermediario_2,48,GM,LIB_4431
CELL_4432,1.583412318337563,Tipo_2_Intermediario_2,72,DM,LIB_4432
CELL_4433,1.2890564349149425,Tipo_1_Intermediario_1,0,GM,LIB_4433
CELL_4434,5.113259498215055,Tipo_3_Final,24,DM,LIB_4434
CELL_4435,0.15103165911722172,Tipo_0_Inicial,48,GM,LIB_4435
CELL_4436,0.6586777563207812,Tipo_1_Intermediario_1,72,DM,LIB_4436
CELL_4437,0.8613746215431589,Tipo_1_Intermediario_1,0,GM,LIB_4437
CELL_4438,3.0504307866758915,Tipo_3_Final,24,DM,LIB_4438
CELL_4439,9.789607031668986,Tipo_3_Final,48,GM,LIB_4439
CELL_4440,0.550638982756573,Tipo_0_Inicial,72,DM,LIB_4440
CELL_4441,4.147831022890391,Tipo_3_Final,0,GM,LIB_4441
CELL_4442,3.551253729785318,Tipo_3_Final,24,DM,LIB_4442
CELL_4443,0.5089005595057107,Tipo_0_Inicial,48,GM,LIB_4443
CELL_4444,1.019427751304753,Tipo_1_Intermediario_1,72,DM,LIB_4444
CELL_4445,1.0541568738232674,Tipo_1_Intermediario_1,0,GM,LIB_4445
CELL_4446,7.653587712928802,Tipo_3_Final,24,DM,LIB_4446
CELL_4447,0.399078430580872,Tipo_0_Inicial,48,GM,LIB_4447
CELL_4448,3.2104732116383348,Tipo_3_Final,72,DM,LIB_4448
CELL_4449,0.8135100218697903,Tipo_1_Intermediario_1,0,GM,LIB_4449
CELL_4450,2.6251240590719855,Tipo_2_Intermediario_2,24,DM,LIB_4450
CELL_4451,1.0894922970904337,Tipo_1_Intermediario_1,48,GM,LIB_4451
CELL_4452,1.7272056955616404,Tipo_2_Intermediario_2,72,DM,LIB_4452
CELL_4453,3.5748789078052865,Tipo_3_Final,0,GM,LIB_4453
CELL_4454,3.2609713920670957,Tipo_3_Final,24,DM,LIB_4454
CELL_4455,4.026157124852698,Tipo_3_Final,48,GM,LIB_4455
CELL_4456,0.12293677172784434,Tipo_0_Inicial,72,DM,LIB_4456
CELL_4457,2.3556392854516455,Tipo_2_Intermediario_2,0,GM,LIB_4457
CELL_4458,0.30161642322359905,Tipo_0_Inicial,24,DM,LIB_4458
CELL_4459,1.0750873464017279,Tipo_1_Intermediario_1,48,GM,LIB_4459
CELL_4460,1.5907515009003133,Tipo_2_Intermediario_2,72,DM,LIB_4460
CELL_4461,1.0308037736291078,Tipo_1_Intermediario_1,0,GM,LIB_4461
CELL_4462,1.4663209868152987,Tipo_2_Intermediario_2,24,DM,LIB_4462
CELL_4463,11.325075007210891,Tipo_3_Final,48,GM,LIB_4463
CELL_4464,0.29055406667915096,Tipo_0_Inicial,72,DM,LIB_4464
CELL_4465,2.250668597004573,Tipo_2_Intermediario_2,0,GM,LIB_4465
CELL_4466,1.0083653620495725,Tipo_1_Intermediario_1,24,DM,LIB_4466
CELL_4467,0.2854552087000837,Tipo_0_Inicial,48,GM,LIB_4467
CELL_4468,0.34570132734730624,Tipo_0_Inicial,72,DM,LIB_4468
CELL_4469,5.962598120437668,Tipo_3_Final,0,GM,LIB_4469
CELL_4470,4.233896354690996,Tipo_3_Final,24,DM,LIB_4470
CELL_4471,4.751214149805556,Tipo_3_Final,48,GM,LIB_4471
CELL_4472,9.543105097269025,Tipo_3_Final,72,DM,LIB_4472
CELL_4473,0.46718437237191945,Tipo_0_Inicial,0,GM,LIB_4473
CELL_4474,0.8783726749397677,Tipo_1_Intermediario_1,24,DM,LIB_4474
CELL_4475,2.2125976889339727,Tipo_2_Intermediario_2,48,GM,LIB_4475
CELL_4476,1.3225318240263813,Tipo_1_Intermediario_1,72,DM,LIB_4476
CELL_4477,1.0839087133403467,Tipo_1_Intermediario_1,0,GM,LIB_4477
CELL_4478,0.8857460287055204,Tipo_1_Intermediario_1,24,DM,LIB_4478
CELL_4479,1.8017238997760014,Tipo_2_Intermediario_2,48,GM,LIB_4479
CELL_4480,1.7141267769584942,Tipo_2_Intermediario_2,72,DM,LIB_4480
CELL_4481,0.35218082328368844,Tipo_0_Inicial,0,GM,LIB_4481
CELL_4482,1.276332769311519,Tipo_1_Intermediario_1,24,DM,LIB_4482
CELL_4483,1.6125053389743549,Tipo_2_Intermediario_2,48,GM,LIB_4483
CELL_4484,1.6892751848263605,Tipo_2_Intermediario_2,72,DM,LIB_4484
CELL_4485,0.4717160599164801,Tipo_0_Inicial,0,GM,LIB_4485
CELL_4486,2.7116963113171613,Tipo_2_Intermediario_2,24,DM,LIB_4486
CELL_4487,0.051044057304785444,Tipo_0_Inicial,48,GM,LIB_4487
CELL_4488,0.8764886141589814,Tipo_1_Intermediario_1,72,DM,LIB_4488
CELL_4489,3.030189568652909,Tipo_3_Final,0,GM,LIB_4489
CELL_4490,1.6597349437534448,Tipo_2_Intermediario_2,24,DM,LIB_4490
CELL_4491,0.6053543652284757,Tipo_1_Intermediario_1,48,GM,LIB_4491
CELL_4492,2.374579614228945,Tipo_2_Intermediario_2,72,DM,LIB_4492
CELL_4493,1.6758416643098868,Tipo_2_Intermediario_2,0,GM,LIB_4493
CELL_4494,3.181660325443592,Tipo_3_Final,24,DM,LIB_4494
CELL_4495,2.656240999476924,Tipo_2_Intermediario_2,48,GM,LIB_4495
CELL_4496,1.8837706026463972,Tipo_2_Intermediario_2,72,DM,LIB_4496
CELL_4497,1.339555472520325,Tipo_1_Intermediario_1,0,GM,LIB_4497
CELL_4498,0.2858527769504676,Tipo_0_Inicial,24,DM,LIB_4498
CELL_4499,0.6058161854653805,Tipo_1_Intermediario_1,48,GM,LIB_4499
CELL_4500,1.086351493256763,Tipo_1_Intermediario_1,72,DM,LIB_4500
CELL_4501,1.8290809639429815,Tipo_2_Intermediario_2,0,GM,LIB_4501
CELL_4502,1.4418914294526213,Tipo_2_Intermediario_2,24,DM,LIB_4502
CELL_4503,0.679873133665769,Tipo_1_Intermediario_1,48,GM,LIB_4503
CELL_4504,0.012970684466760604,Tipo_0_Inicial,72,DM,LIB_4504
CELL_4505,1.371307540439471,Tipo_1_Intermediario_1,0,GM,LIB_4505
CELL_4506,0.6726972564963659,Tipo_1_Intermediario_1,24,DM,LIB_4506
CELL_4507,2.653096867599448,Tipo_2_Intermediario_2,48,GM,LIB_4507
CELL_4508,0.048475276018500726,Tipo_0_Inicial,72,DM,LIB_4508
CELL_4509,1.7581238645753365,Tipo_2_Intermediario_2,0,GM,LIB_4509
CELL_4510,5.676576474346846,Tipo_3_Final,24,DM,LIB_4510
CELL_4511,0.3833122180336847,Tipo_0_Inicial,48,GM,LIB_4511
