,ALRA,DCA,MAGIC,SAVER,scImpute,scRMD
1,0.16666667647437483,0.16666698270969568,0.16666605777298435,0.1666668738760078,0.16666710945607308,0.16666629971086436
2,0.16666666401419847,0.16666700156020023,0.1666660098878598,0.16666688762724882,0.1666671496642935,0.16666628724619925
