TF	Gene	Region	importance	rho	importance_x_rho	importance_x_abs_rho	is_extended	eRegulon_name	Gene_signature_name	Region_signature_name
7.0361	7.0138	chr1:364000-365000	0.29291777361078913	0.10118467613279651	0.029638790056347508	0.029638790056347508	False	7.0361_direct_+/+	7.0361_direct_+/+_(4g)	7.0361_direct_+/+_(12r)
7.0361	7.2342	chr3:40000-41000	0.020917778218428395	-0.07149383514710589	0.001495492187592042	0.001495492187592042	False	7.0361_direct_-/-	7.0361_direct_-/-_(4g)	7.0361_direct_-/-_(12r)
7.0361	7.2342	chr2:260000-261000	0.10937943658428065	0.034495009073918975	0.0037730446574749063	0.0037730446574749063	False	7.0361_direct_+/+	7.0361_direct_+/+_(4g)	7.0361_direct_+/+_(12r)
7.0361	7.2342	chr3:439000-440000	0.1757041325838853	0.31895845709861437	0.05604231903480643	0.05604231903480643	False	7.0361_direct_+/+	7.0361_direct_+/+_(4g)	7.0361_direct_+/+_(12r)
7.0361	7.2342	chr2:14000-15000	0.09767836497113283	0.3154297203576498	0.03081065934783689	0.03081065934783689	False	7.0361_direct_+/+	7.0361_direct_+/+_(4g)	7.0361_direct_+/+_(12r)
7.0361	6.9383	chr1:176000-177000	0.28472179108655804	0.28269795871415637	0.08049026914160844	0.08049026914160844	False	7.0361_direct_+/+	7.0361_direct_+/+_(4g)	7.0361_direct_+/+_(12r)
7.0361	9.4036	chr4:0-1000	0.5128827643833013	0.28946635093410067	0.14846230226302834	0.14846230226302834	False	7.0361_direct_+/+	7.0361_direct_+/+_(4g)	7.0361_direct_+/+_(12r)
7.0361	9.4036	chr2:239000-240000	0.050102352638098833	0.7243816684400148	0.036293225796756014	0.036293225796756014	False	7.0361_direct_+/+	7.0361_direct_+/+_(4g)	7.0361_direct_+/+_(12r)
7.0361	7.2342	chr1:174000-175000	0.06832140357558222	0.27952869610143677	0.01909779285730254	0.01909779285730254	False	7.0361_direct_+/+	7.0361_direct_+/+_(4g)	7.0361_direct_+/+_(12r)
7.0361	7.2342	chr4:387000-388000	0.13002982468431837	0.08895236438787425	0.011566460346610893	0.011566460346610893	False	7.0361_direct_+/+	7.0361_direct_+/+_(4g)	7.0361_direct_+/+_(12r)
7.0361	9.4036	chr3:410000-411000	0.4973167556547511	0.3129383997931746	0.15562950970493103	0.15562950970493103	False	7.0361_direct_+/+	7.0361_direct_+/+_(4g)	7.0361_direct_+/+_(12r)
7.0361	7.0138	chr2:193000-194000	0.5812267792743396	-0.00012411385074864723	7.213829373397232e-05	7.213829373397232e-05	False	7.0361_direct_-/-	7.0361_direct_-/-_(4g)	7.0361_direct_-/-_(12r)
7.6587	8.0338	chr2:12000-13000	0.38360518831673873	0.013723922494169982	0.005264567872820403	0.005264567872820403	False	7.6587_direct_+/+	7.6587_direct_+/+_(6g)	7.6587_direct_+/+_(18r)
7.6587	7.1855	chr4:326000-327000	0.17736804227071487	0.0005535046641038655	9.817403865981225e-05	9.817403865981225e-05	False	7.6587_direct_+/+	7.6587_direct_+/+_(6g)	7.6587_direct_+/+_(18r)
7.6587	7.1855	chr4:126000-127000	0.17774931701518112	0.36606210039304593	0.06506728833000658	0.06506728833000658	False	7.6587_direct_+/+	7.6587_direct_+/+_(6g)	7.6587_direct_+/+_(18r)
7.6587	6.802	chr2:339000-340000	0.14360461693427354	0.18194282540696027	0.026127829746505942	0.026127829746505942	False	7.6587_direct_+/+	7.6587_direct_+/+_(6g)	7.6587_direct_+/+_(18r)
7.6587	7.1855	chr4:77000-78000	0.09006201271264119	0.010781774951733658	0.000971028352767873	0.000971028352767873	False	7.6587_direct_+/+	7.6587_direct_+/+_(6g)	7.6587_direct_+/+_(18r)
7.6587	7.1855	chr1:124000-125000	0.3595077344098183	0.31390819089637356	0.11285242252184001	0.11285242252184001	False	7.6587_direct_+/+	7.6587_direct_+/+_(6g)	7.6587_direct_+/+_(18r)
7.6587	8.0338	chr2:301000-302000	0.13148676575265583	-0.011068599258944212	0.0014553743179708176	0.0014553743179708176	False	7.6587_direct_-/-	7.6587_direct_-/-_(6g)	7.6587_direct_-/-_(18r)
7.6587	8.0338	chr2:66000-67000	0.11868824093633706	0.2854121400351553	0.03387506484264809	0.03387506484264809	False	7.6587_direct_+/+	7.6587_direct_+/+_(6g)	7.6587_direct_+/+_(18r)
7.6587	6.802	chr3:65000-66000	0.01713782884802837	0.43340008577588063	0.0074275364927478575	0.0074275364927478575	False	7.6587_direct_+/+	7.6587_direct_+/+_(6g)	7.6587_direct_+/+_(18r)
7.6587	8.0338	chr3:455000-456000	1.1928340473719545	0.08520799070849872	0.10163899242525042	0.10163899242525042	False	7.6587_direct_+/+	7.6587_direct_+/+_(6g)	7.6587_direct_+/+_(18r)
7.6587	6.9196	chr3:391000-392000	0.7660530301876584	-0.15962483066944866	0.12228108522752301	0.12228108522752301	False	7.6587_direct_-/-	7.6587_direct_-/-_(6g)	7.6587_direct_-/-_(18r)
7.6587	8.0338	chr1:386000-387000	0.13168359878054414	0.16249123163121537	0.021397430151481427	0.021397430151481427	False	7.6587_direct_+/+	7.6587_direct_+/+_(6g)	7.6587_direct_+/+_(18r)
7.6587	8.5945	chr3:280000-281000	0.273153987682236	-0.067173762169845	0.01834878100431129	0.01834878100431129	False	7.6587_direct_-/-	7.6587_direct_-/-_(6g)	7.6587_direct_-/-_(18r)
7.6587	7.1855	chr2:22000-23000	0.16206754663477288	0.32950556927605074	0.053402159215063735	0.053402159215063735	False	7.6587_direct_+/+	7.6587_direct_+/+_(6g)	7.6587_direct_+/+_(18r)
7.6587	6.9196	chr1:117000-118000	0.10117930716679004	0.30992436227326176	0.031357932248917864	0.031357932248917864	False	7.6587_direct_+/+	7.6587_direct_+/+_(6g)	7.6587_direct_+/+_(18r)
7.6587	6.9196	chr2:369000-370000	0.31655214893494055	0.3051149010808228	0.09658477760920627	0.09658477760920627	False	7.6587_direct_+/+	7.6587_direct_+/+_(6g)	7.6587_direct_+/+_(18r)
7.6587	6.9196	chr3:310000-311000	0.026781355206390106	0.08669246339843834	0.00232174165599055	0.00232174165599055	False	7.6587_direct_+/+	7.6587_direct_+/+_(6g)	7.6587_direct_+/+_(18r)
7.6587	6.9196	chr3:354000-355000	0.21442341179841448	0.38435754595214233	0.08241525635352423	0.08241525635352423	False	7.6587_direct_+/+	7.6587_direct_+/+_(6g)	7.6587_direct_+/+_(18r)
6.7521	7.6324	chr3:479000-480000	0.16208199627560138	0.14067253226295603	0.022800484850323856	0.022800484850323856	False	6.7521_direct_+/+	6.7521_direct_+/+_(13g)	6.7521_direct_+/+_(31r)
6.7521	6.6933	chr4:143000-144000	0.18334032162474442	0.31652345066384047	0.05803151124648243	0.05803151124648243	False	6.7521_direct_+/+	6.7521_direct_+/+_(13g)	6.7521_direct_+/+_(31r)
6.7521	6.6933	chr2:376000-377000	0.008016245059953409	0.3769160181081931	0.003021451168177112	0.003021451168177112	False	6.7521_direct_+/+	6.7521_direct_+/+_(13g)	6.7521_direct_+/+_(31r)
6.7521	7.6324	chr2:496000-497000	0.4087104185605234	0.21073493558290887	0.08612956372741562	0.08612956372741562	False	6.7521_direct_+/+	6.7521_direct_+/+_(13g)	6.7521_direct_+/+_(31r)
6.7521	7.6232	chr3:387000-388000	0.03639207115612838	0.24267088837543108	0.008831296237279575	0.008831296237279575	False	6.7521_direct_+/+	6.7521_direct_+/+_(13g)	6.7521_direct_+/+_(31r)
6.7521	6.7458	chr3:301000-302000	0.1643007952486229	0.36545379001666745	0.060044348326361706	0.060044348326361706	False	6.7521_direct_+/+	6.7521_direct_+/+_(13g)	6.7521_direct_+/+_(31r)
6.7521	7.5236	chr1:373000-374000	1.1823861181143993	0.36211710883319326	0.4281622426160888	0.4281622426160888	False	6.7521_direct_+/+	6.7521_direct_+/+_(13g)	6.7521_direct_+/+_(31r)
6.7521	6.7376	chr2:431000-432000	0.319271379418718	0.008416930111537518	0.0026872848871815277	0.0026872848871815277	False	6.7521_direct_+/+	6.7521_direct_+/+_(13g)	6.7521_direct_+/+_(31r)
6.7521	6.8968	chr1:91000-92000	0.05839858845415399	0.024343721873621854	0.0014216389951400292	0.0014216389951400292	False	6.7521_direct_+/+	6.7521_direct_+/+_(13g)	6.7521_direct_+/+_(31r)
6.7521	6.8968	chr3:244000-245000	0.3855600267468546	0.1670389544895685	0.06440354376076465	0.06440354376076465	False	6.7521_direct_+/+	6.7521_direct_+/+_(13g)	6.7521_direct_+/+_(31r)
6.7521	6.7376	chr3:423000-424000	0.250102300486341	-0.09060434747146895	0.02266035573667818	0.02266035573667818	False	6.7521_direct_-/-	6.7521_direct_-/-_(13g)	6.7521_direct_-/-_(31r)
6.7521	7.5236	chr4:153000-154000	0.21899237811555616	0.4513321090316728	0.09883829187675551	0.09883829187675551	False	6.7521_direct_+/+	6.7521_direct_+/+_(13g)	6.7521_direct_+/+_(31r)
6.7521	6.7376	chr1:226000-227000	0.13953237047050404	-0.13060563628768596	0.018223714028029303	0.018223714028029303	False	6.7521_direct_-/-	6.7521_direct_-/-_(13g)	6.7521_direct_-/-_(31r)
6.7521	6.8968	chr1:214000-215000	0.4555994396174848	0.32827300482230337	0.1495609970385893	0.1495609970385893	False	6.7521_direct_+/+	6.7521_direct_+/+_(13g)	6.7521_direct_+/+_(31r)
6.7521	7.5484	chr3:306000-307000	0.17972577497369505	0.41825908737226536	0.07517193861777081	0.07517193861777081	False	6.7521_direct_+/+	6.7521_direct_+/+_(13g)	6.7521_direct_+/+_(31r)
6.7521	6.9418	chr3:260000-261000	0.06267627935138896	0.27462278859584865	0.017212334614290843	0.017212334614290843	False	6.7521_direct_+/+	6.7521_direct_+/+_(13g)	6.7521_direct_+/+_(31r)
6.7521	7.6232	chr4:434000-435000	0.964635528451802	0.11528389937435868	0.11120694519496885	0.11120694519496885	False	6.7521_direct_+/+	6.7521_direct_+/+_(13g)	6.7521_direct_+/+_(31r)
6.7521	6.7376	chr3:116000-117000	0.621848673195601	0.32311389559719594	0.20092794726817825	0.20092794726817825	False	6.7521_direct_+/+	6.7521_direct_+/+_(13g)	6.7521_direct_+/+_(31r)
6.7521	6.7458	chr3:437000-438000	0.5340104132883058	0.1415697513079499	0.075599721405081	0.075599721405081	False	6.7521_direct_+/+	6.7521_direct_+/+_(13g)	6.7521_direct_+/+_(31r)
6.7521	7.5484	chr4:261000-262000	0.0798986387603837	0.4483110669632443	0.035819443991578444	0.035819443991578444	False	6.7521_direct_+/+	6.7521_direct_+/+_(13g)	6.7521_direct_+/+_(31r)
6.7521	6.7376	chr2:21000-22000	0.08976109393681493	0.21138160849397192	0.01897384441654245	0.01897384441654245	False	6.7521_direct_+/+	6.7521_direct_+/+_(13g)	6.7521_direct_+/+_(31r)
6.7521	7.6232	chr1:124000-125000	0.1351796656927394	0.3406873306265983	0.04605399945985533	0.04605399945985533	False	6.7521_direct_+/+	6.7521_direct_+/+_(13g)	6.7521_direct_+/+_(31r)
6.7521	7.0338	chr2:415000-416000	0.09800767775645779	0.2841600626038875	0.027849867846936677	0.027849867846936677	False	6.7521_direct_+/+	6.7521_direct_+/+_(13g)	6.7521_direct_+/+_(31r)
6.7521	7.0338	chr3:66000-67000	0.26628597569008566	0.17534138523906417	0.04669095184723539	0.04669095184723539	False	6.7521_direct_+/+	6.7521_direct_+/+_(13g)	6.7521_direct_+/+_(31r)
6.7521	6.8892	chr2:469000-470000	0.5862773752167483	0.4219979619770985	0.24740785749475044	0.24740785749475044	False	6.7521_direct_+/+	6.7521_direct_+/+_(13g)	6.7521_direct_+/+_(31r)
6.7521	7.0338	chr3:222000-223000	0.03223506397991761	-0.10297199985073507	0.0033193090033285114	0.0033193090033285114	False	6.7521_direct_-/-	6.7521_direct_-/-_(13g)	6.7521_direct_-/-_(31r)
6.7521	6.67	chr1:370000-371000	0.3826676161977713	0.5696318661498831	0.2179796683298637	0.2179796683298637	False	6.7521_direct_+/+	6.7521_direct_+/+_(13g)	6.7521_direct_+/+_(31r)
6.7521	6.8892	chr4:145000-146000	0.17711578676446033	0.3176004168966122	0.05625204771536407	0.05625204771536407	False	6.7521_direct_+/+	6.7521_direct_+/+_(13g)	6.7521_direct_+/+_(31r)
6.7521	7.1927	chr3:136000-137000	0.2582473536878044	0.006254792579841323	0.0016152836316101365	0.0016152836316101365	False	6.7521_direct_+/+	6.7521_direct_+/+_(13g)	6.7521_direct_+/+_(31r)
6.7521	6.7458	chr3:438000-439000	0.49160428312415655	0.008865182138480754	0.004358161509952908	0.004358161509952908	False	6.7521_direct_+/+	6.7521_direct_+/+_(13g)	6.7521_direct_+/+_(31r)
6.7521	7.6324	chr2:88000-89000	0.13213339898457635	0.28239913191753996	0.03731435717055832	0.03731435717055832	False	6.7521_direct_+/+	6.7521_direct_+/+_(13g)	6.7521_direct_+/+_(31r)
6.9829	7.2968	chr4:152000-153000	0.044162421206217155	0.44308001677488157	0.019567486328870082	0.019567486328870082	False	6.9829_direct_+/+	6.9829_direct_+/+_(3g)	6.9829_direct_+/+_(6r)
6.9829	7.2874	chr2:161000-162000	0.11230846708752806	0.26803067506177636	0.03010211424862344	0.03010211424862344	False	6.9829_direct_+/+	6.9829_direct_+/+_(3g)	6.9829_direct_+/+_(6r)
6.9829	7.2968	chr1:389000-390000	0.02053671543068405	0.43007824115482624	0.008832394451525777	0.008832394451525777	False	6.9829_direct_+/+	6.9829_direct_+/+_(3g)	6.9829_direct_+/+_(6r)
6.9829	7.2874	chr1:121000-122000	0.014374705157752396	0.10447603254149906	0.0015018121638357938	0.0015018121638357938	False	6.9829_direct_+/+	6.9829_direct_+/+_(3g)	6.9829_direct_+/+_(6r)
6.9829	6.67	chr1:370000-371000	0.3826676161977713	0.5696318661498831	0.2179796683298637	0.2179796683298637	False	6.9829_direct_+/+	6.9829_direct_+/+_(3g)	6.9829_direct_+/+_(6r)
6.9829	7.2968	chr2:48000-49000	0.8857792269676581	0.05518707354266705	0.048883563341230916	0.048883563341230916	False	6.9829_direct_+/+	6.9829_direct_+/+_(3g)	6.9829_direct_+/+_(6r)
7.0715	7.3538	chr4:103000-104000	0.46701270971333736	0.06890388207723552	0.032178988678658024	0.032178988678658024	False	7.0715_direct_+/+	7.0715_direct_+/+_(3g)	7.0715_direct_+/+_(6r)
7.0715	8.4123	chr1:371000-372000	0.22171623449499564	0.40217836719935546	0.08916947317078676	0.08916947317078676	False	7.0715_direct_+/+	7.0715_direct_+/+_(3g)	7.0715_direct_+/+_(6r)
7.0715	7.3538	chr3:48000-49000	0.1135653358289094	0.335517355413665	0.03810314114398042	0.03810314114398042	False	7.0715_direct_+/+	7.0715_direct_+/+_(3g)	7.0715_direct_+/+_(6r)
7.0715	8.4123	chr3:146000-147000	0.23882627587436922	0.29046420274232504	0.06937048381576723	0.06937048381576723	False	7.0715_direct_+/+	7.0715_direct_+/+_(3g)	7.0715_direct_+/+_(6r)
7.0715	7.3538	chr4:308000-309000	0.2000982796984613	0.031737334571616815	0.006350586049995027	0.006350586049995027	False	7.0715_direct_+/+	7.0715_direct_+/+_(3g)	7.0715_direct_+/+_(6r)
7.0715	7.3538	chr4:160000-161000	1.5644277009550571	0.23154545603329932	0.3622361254487647	0.3622361254487647	False	7.0715_direct_+/+	7.0715_direct_+/+_(3g)	7.0715_direct_+/+_(6r)
7.186	7.4209	chr3:397000-398000	0.21943584172804556	0.05854147872991067	0.012846098661102423	0.012846098661102423	False	7.186_direct_+/+	7.186_direct_+/+_(6g)	7.186_direct_+/+_(12r)
7.186	6.84	chr1:144000-145000	0.2701196441638679	0.14738161322406967	0.03981066892038251	0.03981066892038251	False	7.186_direct_+/+	7.186_direct_+/+_(6g)	7.186_direct_+/+_(12r)
7.186	7.1546	chr1:190000-191000	0.41916611748781923	0.17493228795247187	0.07332568796429885	0.07332568796429885	False	7.186_direct_+/+	7.186_direct_+/+_(6g)	7.186_direct_+/+_(12r)
7.186	7.7121	chr3:4000-5000	0.08519909099831113	0.15627650315097646	0.0133146160128579	0.0133146160128579	False	7.186_direct_+/+	7.186_direct_+/+_(6g)	7.186_direct_+/+_(12r)
7.186	7.7121	chr4:72000-73000	0.5114654339085274	0.3007010114675699	0.1537981733069937	0.1537981733069937	False	7.186_direct_+/+	7.186_direct_+/+_(6g)	7.186_direct_+/+_(12r)
7.186	7.1546	chr1:453000-454000	0.40525644814217515	0.15239816109070875	0.061760337467019664	0.061760337467019664	False	7.186_direct_+/+	7.186_direct_+/+_(6g)	7.186_direct_+/+_(12r)
7.186	7.2507	chr4:197000-198000	0.09260341930441045	0.2887721200612067	0.026741285717451484	0.026741285717451484	False	7.186_direct_+/+	7.186_direct_+/+_(6g)	7.186_direct_+/+_(12r)
7.186	7.2165	chr1:86000-87000	0.12683591676086028	0.21592624546197534	0.02738720329590019	0.02738720329590019	False	7.186_direct_+/+	7.186_direct_+/+_(6g)	7.186_direct_+/+_(12r)
7.186	6.84	chr1:387000-388000	0.29303350511785536	0.2936629118384828	0.08605307237914636	0.08605307237914636	False	7.186_direct_+/+	7.186_direct_+/+_(6g)	7.186_direct_+/+_(12r)
7.186	7.2165	chr1:161000-162000	0.13237527523085654	0.4621044796873337	0.06117120768402255	0.06117120768402255	False	7.186_direct_+/+	7.186_direct_+/+_(6g)	7.186_direct_+/+_(12r)
7.186	7.2507	chr1:302000-303000	0.3153113579535356	0.14593850216452198	0.04601606729520042	0.04601606729520042	False	7.186_direct_+/+	7.186_direct_+/+_(6g)	7.186_direct_+/+_(12r)
7.186	7.2507	chr2:456000-457000	1.62183545826174	-0.043167921558426914	0.07001126584291816	0.07001126584291816	False	7.186_direct_-/-	7.186_direct_-/-_(6g)	7.186_direct_-/-_(12r)
7.1048	7.2677	chr1:186000-187000	0.25069305921171064	0.1813079327984796	0.0454526403326021	0.0454526403326021	False	7.1048_direct_+/+	7.1048_direct_+/+_(6g)	7.1048_direct_+/+_(20r)
7.1048	7.032	chr4:416000-417000	0.10058849777749858	0.1578987384699839	0.015882796903657806	0.015882796903657806	False	7.1048_direct_+/+	7.1048_direct_+/+_(6g)	7.1048_direct_+/+_(20r)
7.1048	7.2677	chr2:93000-94000	0.49930436592780236	0.28307499976723194	0.14134058326879054	0.14134058326879054	False	7.1048_direct_+/+	7.1048_direct_+/+_(6g)	7.1048_direct_+/+_(20r)
7.1048	7.182	chr3:458000-459000	0.0038389248002058574	0.27687493283322756	0.0010629020462088084	0.0010629020462088084	False	7.1048_direct_+/+	7.1048_direct_+/+_(6g)	7.1048_direct_+/+_(20r)
7.1048	7.0784	chr1:288000-289000	1.1814611557340684	0.12620399462913204	0.1491051173527905	0.1491051173527905	False	7.1048_direct_+/+	7.1048_direct_+/+_(6g)	7.1048_direct_+/+_(20r)
7.1048	7.0784	chr1:312000-313000	0.00940321087837796	0.29627232953625365	0.00278591119205768	0.00278591119205768	False	7.1048_direct_+/+	7.1048_direct_+/+_(6g)	7.1048_direct_+/+_(20r)
7.1048	7.182	chr2:3000-4000	0.15197447120358448	-0.05153627109538811	0.007832197547526183	0.007832197547526183	False	7.1048_direct_-/-	7.1048_direct_-/-_(6g)	7.1048_direct_-/-_(20r)
7.1048	7.0784	chr3:359000-360000	0.2636031887022813	0.32906840726333053	0.08674348145579487	0.08674348145579487	False	7.1048_direct_+/+	7.1048_direct_+/+_(6g)	7.1048_direct_+/+_(20r)
7.1048	6.8496	chr1:487000-488000	0.21409582529810137	0.21414628683934486	0.04584782601539348	0.04584782601539348	False	7.1048_direct_+/+	7.1048_direct_+/+_(6g)	7.1048_direct_+/+_(20r)
7.1048	6.8496	chr2:280000-281000	0.18837608869837216	0.1089702233214237	0.020527384453877934	0.020527384453877934	False	7.1048_direct_+/+	7.1048_direct_+/+_(6g)	7.1048_direct_+/+_(20r)
7.1048	7.182	chr1:153000-154000	0.9775246873502643	0.11361774313125186	0.11106414883181961	0.11106414883181961	False	7.1048_direct_+/+	7.1048_direct_+/+_(6g)	7.1048_direct_+/+_(20r)
7.1048	7.032	chr4:257000-258000	0.15008220660750246	0.11755931230027493	0.017643560997285767	0.017643560997285767	False	7.1048_direct_+/+	7.1048_direct_+/+_(6g)	7.1048_direct_+/+_(20r)
7.1048	6.8496	chr2:428000-429000	0.012222390758954664	0.30442519957389336	0.0037208037460648834	0.0037208037460648834	False	7.1048_direct_+/+	7.1048_direct_+/+_(6g)	7.1048_direct_+/+_(20r)
7.1048	7.182	chr1:250000-251000	0.6471390195116774	0.24615149801016709	0.15929423907363013	0.15929423907363013	False	7.1048_direct_+/+	7.1048_direct_+/+_(6g)	7.1048_direct_+/+_(20r)
7.1048	6.8496	chr3:146000-147000	0.5096563616429106	0.08979406161108235	0.04576411473784358	0.04576411473784358	False	7.1048_direct_+/+	7.1048_direct_+/+_(6g)	7.1048_direct_+/+_(20r)
7.1048	6.8496	chr3:162000-163000	0.42383976012875896	0.27785933354073883	0.11776783327744357	0.11776783327744357	False	7.1048_direct_+/+	7.1048_direct_+/+_(6g)	7.1048_direct_+/+_(20r)
7.1048	6.8496	chr2:349000-350000	0.03192219419348435	0.2080310945923252	0.006640808999859316	0.006640808999859316	False	7.1048_direct_+/+	7.1048_direct_+/+_(6g)	7.1048_direct_+/+_(20r)
7.1048	7.521	chr4:343000-344000	0.6079478981701785	0.4523393516385586	0.27499875808832297	0.27499875808832297	False	7.1048_direct_+/+	7.1048_direct_+/+_(6g)	7.1048_direct_+/+_(20r)
7.1048	6.8496	chr2:94000-95000	0.016125586103574355	0.2780752824615462	0.0044841269106094235	0.0044841269106094235	False	7.1048_direct_+/+	7.1048_direct_+/+_(6g)	7.1048_direct_+/+_(20r)
7.1048	7.0784	chr2:304000-305000	0.3925451171574799	0.14916875818265218	0.058555467657044995	0.058555467657044995	False	7.1048_direct_+/+	7.1048_direct_+/+_(6g)	7.1048_direct_+/+_(20r)
6.7691	7.1277	chr4:87000-88000	0.2997690241171574	0.24014540212446872	0.07198815284107432	0.07198815284107432	False	6.7691_direct_+/+	6.7691_direct_+/+_(7g)	6.7691_direct_+/+_(18r)
6.7691	6.6327	chr2:144000-145000	0.13201299893551893	0.12670398719178794	0.016726573326275505	0.016726573326275505	False	6.7691_direct_+/+	6.7691_direct_+/+_(7g)	6.7691_direct_+/+_(18r)
6.7691	6.6327	chr4:328000-329000	0.8065375534784972	0.3196604471867952	0.2578181550178802	0.2578181550178802	False	6.7691_direct_+/+	6.7691_direct_+/+_(7g)	6.7691_direct_+/+_(18r)
6.7691	9.2627	chr2:196000-197000	0.620674219209717	-0.17269173686287215	0.10718530894133307	0.10718530894133307	False	6.7691_direct_-/-	6.7691_direct_-/-_(7g)	6.7691_direct_-/-_(18r)
6.7691	7.4963	chr2:336000-337000	0.21231675113140355	0.18789251298371265	0.03989272791861693	0.03989272791861693	False	6.7691_direct_+/+	6.7691_direct_+/+_(7g)	6.7691_direct_+/+_(18r)
6.7691	7.2791	chr2:422000-423000	0.1317304111568972	0.24169745971140627	0.031838905743361144	0.031838905743361144	False	6.7691_direct_+/+	6.7691_direct_+/+_(7g)	6.7691_direct_+/+_(18r)
6.7691	6.6327	chr1:299000-300000	0.24473605489623462	0.07024411604765107	0.017191267841175407	0.017191267841175407	False	6.7691_direct_+/+	6.7691_direct_+/+_(7g)	6.7691_direct_+/+_(18r)
6.7691	6.6327	chr3:134000-135000	0.06969653904788407	0.033775320321379754	0.0023540229316338364	0.0023540229316338364	False	6.7691_direct_+/+	6.7691_direct_+/+_(7g)	6.7691_direct_+/+_(18r)
6.7691	6.7915	chr1:24000-25000	0.4046719810644282	0.2632069716647124	0.10651248665352799	0.10651248665352799	False	6.7691_direct_+/+	6.7691_direct_+/+_(7g)	6.7691_direct_+/+_(18r)
6.7691	6.6327	chr1:320000-321000	0.07425929225839935	0.42218578228832054	0.03135121739428935	0.03135121739428935	False	6.7691_direct_+/+	6.7691_direct_+/+_(7g)	6.7691_direct_+/+_(18r)
6.7691	6.6327	chr1:250000-251000	0.06622973290900365	-0.005009760022435944	0.0003317950682241367	0.0003317950682241367	False	6.7691_direct_-/-	6.7691_direct_-/-_(7g)	6.7691_direct_-/-_(18r)
6.7691	7.4963	chr1:198000-199000	0.4142233871302194	0.23278010636164187	0.09642296411365203	0.09642296411365203	False	6.7691_direct_+/+	6.7691_direct_+/+_(7g)	6.7691_direct_+/+_(18r)
6.7691	7.4963	chr4:61000-62000	0.032768751328229324	0.30357090291822697	0.009947639428213426	0.009947639428213426	False	6.7691_direct_+/+	6.7691_direct_+/+_(7g)	6.7691_direct_+/+_(18r)
6.7691	7.2791	chr4:57000-58000	0.33914632393386207	0.010818222222153645	0.003668960298143025	0.003668960298143025	False	6.7691_direct_+/+	6.7691_direct_+/+_(7g)	6.7691_direct_+/+_(18r)
6.7691	6.6327	chr1:355000-356000	0.3462931574831084	0.09884855696421119	0.0342305789037856	0.0342305789037856	False	6.7691_direct_+/+	6.7691_direct_+/+_(7g)	6.7691_direct_+/+_(18r)
6.7691	7.1277	chr3:144000-145000	0.6223912061876439	0.39806210146757515	0.24775035146999239	0.24775035146999239	False	6.7691_direct_+/+	6.7691_direct_+/+_(7g)	6.7691_direct_+/+_(18r)
6.7691	6.6327	chr1:456000-457000	0.7563526129602199	0.04780454375349302	0.03615709157932561	0.03615709157932561	False	6.7691_direct_+/+	6.7691_direct_+/+_(7g)	6.7691_direct_+/+_(18r)
6.7691	6.7915	chr1:229000-230000	0.032578083726819126	0.1918311290809152	0.006249490584608303	0.006249490584608303	False	6.7691_direct_+/+	6.7691_direct_+/+_(7g)	6.7691_direct_+/+_(18r)
7.4025	6.8642	chr2:238000-239000	0.3946364446712648	0.144835582602046	0.057157399379962726	0.057157399379962726	False	7.4025_direct_+/+	7.4025_direct_+/+_(7g)	7.4025_direct_+/+_(18r)
7.4025	7.9494	chr3:256000-257000	0.13150739443736859	0.2155352126663525	0.02834447422725614	0.02834447422725614	False	7.4025_direct_+/+	7.4025_direct_+/+_(7g)	7.4025_direct_+/+_(18r)
7.4025	8.1795	chr1:345000-346000	0.28631482992652296	0.15967487348072368	0.04571728424417247	0.04571728424417247	False	7.4025_direct_+/+	7.4025_direct_+/+_(7g)	7.4025_direct_+/+_(18r)
7.4025	7.0138	chr1:364000-365000	0.29291777361078913	0.10118467613279651	0.029638790056347508	0.029638790056347508	False	7.4025_direct_+/+	7.4025_direct_+/+_(7g)	7.4025_direct_+/+_(18r)
7.4025	6.8642	chr2:226000-227000	0.21910544721232825	0.37912729438266035	0.08306885538611282	0.08306885538611282	False	7.4025_direct_+/+	7.4025_direct_+/+_(7g)	7.4025_direct_+/+_(18r)
7.4025	8.1795	chr3:107000-108000	0.028004693862906542	0.12087960145792156	0.003385196233099245	0.003385196233099245	False	7.4025_direct_+/+	7.4025_direct_+/+_(7g)	7.4025_direct_+/+_(18r)
7.4025	8.1795	chr3:442000-443000	0.20612775387623686	0.21227440378213477	0.0437556460570288	0.0437556460570288	False	7.4025_direct_+/+	7.4025_direct_+/+_(7g)	7.4025_direct_+/+_(18r)
7.4025	8.1795	chr3:428000-429000	0.2871224511494297	0.36169308426586366	0.103850204918212	0.103850204918212	False	7.4025_direct_+/+	7.4025_direct_+/+_(7g)	7.4025_direct_+/+_(18r)
7.4025	7.9494	chr3:429000-430000	0.20063418260062596	0.20452423588026875	0.04103455288785533	0.04103455288785533	False	7.4025_direct_+/+	7.4025_direct_+/+_(7g)	7.4025_direct_+/+_(18r)
7.4025	6.8642	chr2:248000-249000	0.21805625679732618	0.1536186384425205	0.033497505273077856	0.033497505273077856	False	7.4025_direct_+/+	7.4025_direct_+/+_(7g)	7.4025_direct_+/+_(18r)
7.4025	7.9494	chr2:60000-61000	0.3335596735154327	0.44512024902333025	0.14847416493933013	0.14847416493933013	False	7.4025_direct_+/+	7.4025_direct_+/+_(7g)	7.4025_direct_+/+_(18r)
7.4025	7.9835	chr3:472000-473000	0.26234752532720135	0.17875852847662851	0.046896857576975544	0.046896857576975544	False	7.4025_direct_+/+	7.4025_direct_+/+_(7g)	7.4025_direct_+/+_(18r)
7.4025	7.0914	chr4:53000-54000	0.10375573444384067	0.12808628874261035	0.01328968696067538	0.01328968696067538	False	7.4025_direct_+/+	7.4025_direct_+/+_(7g)	7.4025_direct_+/+_(18r)
7.4025	7.0914	chr1:16000-17000	0.07620400712080651	0.15964751803777663	0.012165780601369816	0.012165780601369816	False	7.4025_direct_+/+	7.4025_direct_+/+_(7g)	7.4025_direct_+/+_(18r)
7.4025	7.9835	chr2:242000-243000	0.4067863010594775	-0.006863858961944774	0.0027921237981234598	0.0027921237981234598	False	7.4025_direct_-/-	7.4025_direct_-/-_(7g)	7.4025_direct_-/-_(18r)
7.4025	6.7904	chr4:229000-230000	0.40455890871736083	0.5529638673366466	0.22370645872984524	0.22370645872984524	False	7.4025_direct_+/+	7.4025_direct_+/+_(7g)	7.4025_direct_+/+_(18r)
7.4025	6.8642	chr3:35000-36000	0.011487007531059785	0.2850157589276269	0.0032739781692723707	0.0032739781692723707	False	7.4025_direct_+/+	7.4025_direct_+/+_(7g)	7.4025_direct_+/+_(18r)
7.4025	7.0138	chr2:193000-194000	0.5812267792743396	-0.00012411385074864723	7.213829373397232e-05	7.213829373397232e-05	False	7.4025_direct_-/-	7.4025_direct_-/-_(7g)	7.4025_direct_-/-_(18r)
6.6822	7.0592	chr1:6000-7000	0.026816141889134736	0.06492006722192847	0.001740905734075399	0.001740905734075399	False	6.6822_direct_+/+	6.6822_direct_+/+_(10g)	6.6822_direct_+/+_(33r)
6.6822	7.1483	chr4:476000-477000	1.2401311587395323	0.3346832808140513	0.4150511648466777	0.4150511648466777	False	6.6822_direct_+/+	6.6822_direct_+/+_(10g)	6.6822_direct_+/+_(33r)
6.6822	7.9043	chr3:190000-191000	0.024825206204339242	0.44425949346928073	0.011028833533610198	0.011028833533610198	False	6.6822_direct_+/+	6.6822_direct_+/+_(10g)	6.6822_direct_+/+_(33r)
6.6822	7.182	chr3:458000-459000	0.0038389248002058574	0.27687493283322756	0.0010629020462088084	0.0010629020462088084	False	6.6822_direct_+/+	6.6822_direct_+/+_(10g)	6.6822_direct_+/+_(33r)
6.6822	7.2304	chr2:136000-137000	0.23652224229113772	0.0485403942935094	0.011480882899996788	0.011480882899996788	False	6.6822_direct_+/+	6.6822_direct_+/+_(10g)	6.6822_direct_+/+_(33r)
6.6822	7.2304	chr4:452000-453000	0.21503615694711745	0.2673170777849775	0.05748283709321522	0.05748283709321522	False	6.6822_direct_+/+	6.6822_direct_+/+_(10g)	6.6822_direct_+/+_(33r)
6.6822	6.5664	chr3:498000-499000	0.2718938349133945	0.3833184953559581	0.10422193569556365	0.10422193569556365	False	6.6822_direct_+/+	6.6822_direct_+/+_(10g)	6.6822_direct_+/+_(33r)
6.6822	7.8576	chr2:479000-480000	0.31034595950063315	-0.039057552302654924	0.012121353545113607	0.012121353545113607	False	6.6822_direct_-/-	6.6822_direct_-/-_(10g)	6.6822_direct_-/-_(33r)
6.6822	7.1483	chr1:192000-193000	0.38023777420493343	0.16430846789793882	0.06247628611653502	0.06247628611653502	False	6.6822_direct_+/+	6.6822_direct_+/+_(10g)	6.6822_direct_+/+_(33r)
6.6822	7.182	chr2:3000-4000	0.15197447120358448	-0.05153627109538811	0.007832197547526183	0.007832197547526183	False	6.6822_direct_-/-	6.6822_direct_-/-_(10g)	6.6822_direct_-/-_(33r)
6.6822	7.9043	chr1:39000-40000	0.0047849084457948195	0.25367575230065353	0.0012138152496767517	0.0012138152496767517	False	6.6822_direct_+/+	6.6822_direct_+/+_(10g)	6.6822_direct_+/+_(33r)
6.6822	6.8496	chr1:487000-488000	0.21409582529810137	0.21414628683934486	0.04584782601539348	0.04584782601539348	False	6.6822_direct_+/+	6.6822_direct_+/+_(10g)	6.6822_direct_+/+_(33r)
6.6822	6.8496	chr2:280000-281000	0.18837608869837216	0.1089702233214237	0.020527384453877934	0.020527384453877934	False	6.6822_direct_+/+	6.6822_direct_+/+_(10g)	6.6822_direct_+/+_(33r)
6.6822	7.1794	chr1:226000-227000	0.1269743721799568	0.22067667573211752	0.02802028235584553	0.02802028235584553	False	6.6822_direct_+/+	6.6822_direct_+/+_(10g)	6.6822_direct_+/+_(33r)
6.6822	7.1794	chr2:375000-376000	0.1432253610148442	0.027555620157377947	0.003946663645028375	0.003946663645028375	False	6.6822_direct_+/+	6.6822_direct_+/+_(10g)	6.6822_direct_+/+_(33r)
6.6822	7.2304	chr3:96000-97000	0.6187385663695345	0.35920564473097005	0.22225438565268474	0.22225438565268474	False	6.6822_direct_+/+	6.6822_direct_+/+_(10g)	6.6822_direct_+/+_(33r)
6.6822	7.2304	chr1:143000-144000	0.27872885069455483	0.28606166315066195	0.0797336385977569	0.0797336385977569	False	6.6822_direct_+/+	6.6822_direct_+/+_(10g)	6.6822_direct_+/+_(33r)
6.6822	7.9043	chr2:437000-438000	0.3820584583393458	0.29742460472888593	0.11363358595490747	0.11363358595490747	False	6.6822_direct_+/+	6.6822_direct_+/+_(10g)	6.6822_direct_+/+_(33r)
6.6822	6.5664	chr4:263000-264000	0.08305753608207572	0.26906607613696043	0.022347965327208126	0.022347965327208126	False	6.6822_direct_+/+	6.6822_direct_+/+_(10g)	6.6822_direct_+/+_(33r)
6.6822	7.182	chr1:153000-154000	0.9775246873502643	0.11361774313125186	0.11106414883181961	0.11106414883181961	False	6.6822_direct_+/+	6.6822_direct_+/+_(10g)	6.6822_direct_+/+_(33r)
6.6822	6.8496	chr2:428000-429000	0.012222390758954664	0.30442519957389336	0.0037208037460648834	0.0037208037460648834	False	6.6822_direct_+/+	6.6822_direct_+/+_(10g)	6.6822_direct_+/+_(33r)
6.6822	7.182	chr1:250000-251000	0.6471390195116774	0.24615149801016709	0.15929423907363013	0.15929423907363013	False	6.6822_direct_+/+	6.6822_direct_+/+_(10g)	6.6822_direct_+/+_(33r)
6.6822	7.1794	chr3:221000-222000	0.08980939358696405	0.1643148872346237	0.014757020379851934	0.014757020379851934	False	6.6822_direct_+/+	6.6822_direct_+/+_(10g)	6.6822_direct_+/+_(33r)
6.6822	6.8892	chr2:469000-470000	0.5862773752167483	0.4219979619770985	0.24740785749475044	0.24740785749475044	False	6.6822_direct_+/+	6.6822_direct_+/+_(10g)	6.6822_direct_+/+_(33r)
6.6822	6.8496	chr3:146000-147000	0.5096563616429106	0.08979406161108235	0.04576411473784358	0.04576411473784358	False	6.6822_direct_+/+	6.6822_direct_+/+_(10g)	6.6822_direct_+/+_(33r)
6.6822	6.8892	chr4:145000-146000	0.17711578676446033	0.3176004168966122	0.05625204771536407	0.05625204771536407	False	6.6822_direct_+/+	6.6822_direct_+/+_(10g)	6.6822_direct_+/+_(33r)
6.6822	7.0592	chr2:311000-312000	0.39488806509322755	0.1310514841590505	0.05175066700716321	0.05175066700716321	False	6.6822_direct_+/+	6.6822_direct_+/+_(10g)	6.6822_direct_+/+_(33r)
6.6822	7.1483	chr3:113000-114000	0.040783888715862984	0.02254157228984166	0.000919332975749483	0.000919332975749483	False	6.6822_direct_+/+	6.6822_direct_+/+_(10g)	6.6822_direct_+/+_(33r)
6.6822	6.8496	chr3:162000-163000	0.42383976012875896	0.27785933354073883	0.11776783327744357	0.11776783327744357	False	6.6822_direct_+/+	6.6822_direct_+/+_(10g)	6.6822_direct_+/+_(33r)
6.6822	6.8496	chr2:349000-350000	0.03192219419348435	0.2080310945923252	0.006640808999859316	0.006640808999859316	False	6.6822_direct_+/+	6.6822_direct_+/+_(10g)	6.6822_direct_+/+_(33r)
6.6822	6.8496	chr2:94000-95000	0.016125586103574355	0.2780752824615462	0.0044841269106094235	0.0044841269106094235	False	6.6822_direct_+/+	6.6822_direct_+/+_(10g)	6.6822_direct_+/+_(33r)
6.6822	7.9043	chr4:306000-307000	0.6865955161582652	0.24647563897998842	0.1692290685659034	0.1692290685659034	False	6.6822_direct_+/+	6.6822_direct_+/+_(10g)	6.6822_direct_+/+_(33r)
6.6822	7.1794	chr2:396000-397000	0.023559457983321708	0.15913849750944692	0.003749216745602761	0.003749216745602761	False	6.6822_direct_+/+	6.6822_direct_+/+_(10g)	6.6822_direct_+/+_(33r)
6.8412	6.9947	chr1:152000-153000	0.4268940794729543	0.2049991888498703	0.08751294001676771	0.08751294001676771	False	6.8412_direct_+/+	6.8412_direct_+/+_(3g)	6.8412_direct_+/+_(3r)
6.8412	6.8558	chr1:317000-318000	0.07943845375243751	0.07380032572865355	0.005862583762310469	0.005862583762310469	False	6.8412_direct_+/+	6.8412_direct_+/+_(3g)	6.8412_direct_+/+_(3r)
6.8412	6.8558	chr3:30000-31000	0.10325306348645248	0.07225067384984102	0.007460103413956607	0.007460103413956607	False	6.8412_direct_+/+	6.8412_direct_+/+_(3g)	6.8412_direct_+/+_(3r)
7.7375	6.9991	chr2:20000-21000	0.15069930071960064	0.29544576625177554	0.04452347037470916	0.04452347037470916	False	7.7375_direct_+/+	7.7375_direct_+/+_(9g)	7.7375_direct_+/+_(34r)
7.7375	7.7912	chr4:143000-144000	0.16161836280656325	0.1483879188033022	0.023982212497262945	0.023982212497262945	False	7.7375_direct_+/+	7.7375_direct_+/+_(9g)	7.7375_direct_+/+_(34r)
7.7375	6.803	chr1:283000-284000	0.06516446859757155	0.055547656090081055	0.003619733490950791	0.003619733490950791	False	7.7375_direct_+/+	7.7375_direct_+/+_(9g)	7.7375_direct_+/+_(34r)
7.7375	6.9094	chr1:267000-268000	1.0323599646161812	0.43268942820994566	0.44669124279661515	0.44669124279661515	False	7.7375_direct_+/+	7.7375_direct_+/+_(9g)	7.7375_direct_+/+_(34r)
7.7375	6.803	chr1:165000-166000	0.45926152131591047	0.3076313383693944	0.1412832364639777	0.1412832364639777	False	7.7375_direct_+/+	7.7375_direct_+/+_(9g)	7.7375_direct_+/+_(34r)
7.7375	8.4421	chr4:133000-134000	0.629797443387427	0.10808169642734208	0.06806957608691605	0.06806957608691605	False	7.7375_direct_+/+	7.7375_direct_+/+_(9g)	7.7375_direct_+/+_(34r)
7.7375	8.4421	chr2:390000-391000	0.08957576412720185	0.005797778641864149	0.0005193404520853517	0.0005193404520853517	False	7.7375_direct_+/+	7.7375_direct_+/+_(9g)	7.7375_direct_+/+_(34r)
7.7375	6.803	chr3:206000-207000	0.02783216148076852	0.2720089370130025	0.0075705966591580786	0.0075705966591580786	False	7.7375_direct_+/+	7.7375_direct_+/+_(9g)	7.7375_direct_+/+_(34r)
7.7375	8.0477	chr1:343000-344000	0.4925939365104397	0.10291390430179304	0.05069476524167891	0.05069476524167891	False	7.7375_direct_+/+	7.7375_direct_+/+_(9g)	7.7375_direct_+/+_(34r)
7.7375	8.4421	chr4:389000-390000	0.13083640694047435	0.11818310015903848	0.015462652185894798	0.015462652185894798	False	7.7375_direct_+/+	7.7375_direct_+/+_(9g)	7.7375_direct_+/+_(34r)
7.7375	8.0477	chr4:249000-250000	0.678222057214087	0.3395384234362926	0.23028244804619014	0.23028244804619014	False	7.7375_direct_+/+	7.7375_direct_+/+_(9g)	7.7375_direct_+/+_(34r)
7.7375	8.0477	chr4:444000-445000	0.15540026497191659	0.5618923132419373	0.08731821436348021	0.08731821436348021	False	7.7375_direct_+/+	7.7375_direct_+/+_(9g)	7.7375_direct_+/+_(34r)
7.7375	7.242	chr4:399000-400000	0.00013286384815638873	-0.01852568040899838	2.461393188854946e-06	2.461393188854946e-06	False	7.7375_direct_-/-	7.7375_direct_-/-_(9g)	7.7375_direct_-/-_(34r)
7.7375	8.0477	chr4:134000-135000	0.6732529858743258	0.05059253209973391	0.03406157329908853	0.03406157329908853	False	7.7375_direct_+/+	7.7375_direct_+/+_(9g)	7.7375_direct_+/+_(34r)
7.7375	6.803	chr2:431000-432000	0.24245798469151061	0.10880773290722234	0.02638130363953729	0.02638130363953729	False	7.7375_direct_+/+	7.7375_direct_+/+_(9g)	7.7375_direct_+/+_(34r)
7.7375	8.4421	chr1:183000-184000	0.5653781003724585	0.06661387576575137	0.03766202653888746	0.03766202653888746	False	7.7375_direct_+/+	7.7375_direct_+/+_(9g)	7.7375_direct_+/+_(34r)
7.7375	8.0477	chr2:383000-384000	0.3438556957076257	0.31636508261047647	0.10878393557862587	0.10878393557862587	False	7.7375_direct_+/+	7.7375_direct_+/+_(9g)	7.7375_direct_+/+_(34r)
7.7375	6.9317	chr4:34000-35000	0.1453732608035028	0.33865014244876723	0.049230675479348014	0.049230675479348014	False	7.7375_direct_+/+	7.7375_direct_+/+_(9g)	7.7375_direct_+/+_(34r)
7.7375	6.9991	chr2:65000-66000	0.1556195707692817	0.18644389533223382	0.029014318964155114	0.029014318964155114	False	7.7375_direct_+/+	7.7375_direct_+/+_(9g)	7.7375_direct_+/+_(34r)
7.7375	6.9094	chr2:420000-421000	0.18861715256115738	0.19982798163868046	0.03769098489873115	0.03769098489873115	False	7.7375_direct_+/+	7.7375_direct_+/+_(9g)	7.7375_direct_+/+_(34r)
7.7375	8.0477	chr1:122000-123000	0.061171093466733606	0.12835316260939922	0.007851503306730416	0.007851503306730416	False	7.7375_direct_+/+	7.7375_direct_+/+_(9g)	7.7375_direct_+/+_(34r)
7.7375	6.803	chr2:231000-232000	0.006740709197479115	0.04920409647778004	0.00033167050568142165	0.00033167050568142165	False	7.7375_direct_+/+	7.7375_direct_+/+_(9g)	7.7375_direct_+/+_(34r)
7.7375	8.0477	chr2:91000-92000	0.15462056604436616	0.22358876551779477	0.03457142148552249	0.03457142148552249	False	7.7375_direct_+/+	7.7375_direct_+/+_(9g)	7.7375_direct_+/+_(34r)
7.7375	6.803	chr3:65000-66000	0.09391949913819832	0.07071726065075906	0.006641729700744711	0.006641729700744711	False	7.7375_direct_+/+	7.7375_direct_+/+_(9g)	7.7375_direct_+/+_(34r)
7.7375	8.0477	chr4:114000-115000	0.2979744913051498	0.2782713110028098	0.08291775234087938	0.08291775234087938	False	7.7375_direct_+/+	7.7375_direct_+/+_(9g)	7.7375_direct_+/+_(34r)
7.7375	7.1619	chr4:438000-439000	0.021944043948394023	0.06721269708136665	0.0014749183786436045	0.0014749183786436045	False	7.7375_direct_+/+	7.7375_direct_+/+_(9g)	7.7375_direct_+/+_(34r)
7.7375	8.0477	chr3:294000-295000	0.06562856207861183	0.2945223164641792	0.01932907612960594	0.01932907612960594	False	7.7375_direct_+/+	7.7375_direct_+/+_(9g)	7.7375_direct_+/+_(34r)
7.7375	8.0477	chr3:445000-446000	0.011221147774607181	0.20426863717747384	0.002292128563486052	0.002292128563486052	False	7.7375_direct_+/+	7.7375_direct_+/+_(9g)	7.7375_direct_+/+_(34r)
7.7375	6.9317	chr2:373000-374000	0.0026447875692528007	0.2655846646320561	0.000702415019603036	0.000702415019603036	False	7.7375_direct_+/+	7.7375_direct_+/+_(9g)	7.7375_direct_+/+_(34r)
7.7375	6.9991	chr3:225000-226000	0.8944374214693517	0.15357488569943084	0.13736312476744933	0.13736312476744933	False	7.7375_direct_+/+	7.7375_direct_+/+_(9g)	7.7375_direct_+/+_(34r)
7.7375	6.9991	chr1:370000-371000	0.04372513383967585	0.2920799519211171	0.01277123498963693	0.01277123498963693	False	7.7375_direct_+/+	7.7375_direct_+/+_(9g)	7.7375_direct_+/+_(34r)
7.7375	8.4421	chr4:429000-430000	0.31282824478576987	0.37861191740378713	0.11844050157640161	0.11844050157640161	False	7.7375_direct_+/+	7.7375_direct_+/+_(9g)	7.7375_direct_+/+_(34r)
7.7375	6.803	chr1:138000-139000	0.114505085528694	-0.08158358904177992	0.009341735840966833	0.009341735840966833	False	7.7375_direct_-/-	7.7375_direct_-/-_(9g)	7.7375_direct_-/-_(34r)
7.7375	6.9094	chr1:355000-356000	0.8234886184474631	0.201989696462596	0.16633621608060561	0.16633621608060561	False	7.7375_direct_+/+	7.7375_direct_+/+_(9g)	7.7375_direct_+/+_(34r)
7.5995	7.088	chr1:304000-305000	0.14016312016520285	-0.12300851704055721	0.01724125755529902	0.01724125755529902	False	7.5995_direct_-/-	7.5995_direct_-/-_(3g)	7.5995_direct_-/-_(4r)
7.5995	6.9727	chr2:94000-95000	0.17885228515671567	0.005596456962291191	0.0010009391164869908	0.0010009391164869908	False	7.5995_direct_+/+	7.5995_direct_+/+_(3g)	7.5995_direct_+/+_(4r)
7.5995	7.088	chr3:135000-136000	0.4586553891823046	0.08597404173271696	0.039432457570494996	0.039432457570494996	False	7.5995_direct_+/+	7.5995_direct_+/+_(3g)	7.5995_direct_+/+_(4r)
7.5995	6.9646	chr2:57000-58000	0.3941927677389403	-0.07906719998864603	0.031167718400892688	0.031167718400892688	False	7.5995_direct_-/-	7.5995_direct_-/-_(3g)	7.5995_direct_-/-_(4r)
6.6175	6.8449	chr4:423000-424000	0.04501374394170107	0.33090576469857763	0.01489530736097456	0.01489530736097456	False	6.6175_direct_+/+	6.6175_direct_+/+_(7g)	6.6175_direct_+/+_(27r)
6.6175	6.8449	chr2:489000-490000	0.47080254322936865	0.11551120828094556	0.05438297063016648	0.05438297063016648	False	6.6175_direct_+/+	6.6175_direct_+/+_(7g)	6.6175_direct_+/+_(27r)
6.6175	7.9793	chr2:297000-298000	0.05383339696798521	0.28824927776909637	0.015517437795878799	0.015517437795878799	False	6.6175_direct_+/+	6.6175_direct_+/+_(7g)	6.6175_direct_+/+_(27r)
6.6175	6.8109	chr2:58000-59000	0.27609852682614733	-0.14153690471494113	0.03907813088332803	0.03907813088332803	False	6.6175_direct_-/-	6.6175_direct_-/-_(7g)	6.6175_direct_-/-_(27r)
6.6175	7.0175	chr2:345000-346000	0.1736840671879645	0.10302057182113436	0.017893031917924424	0.017893031917924424	False	6.6175_direct_+/+	6.6175_direct_+/+_(7g)	6.6175_direct_+/+_(27r)
6.6175	7.9793	chr4:380000-381000	1.0266298961001725	0.10889816018518177	0.1117981068764131	0.1117981068764131	False	6.6175_direct_+/+	6.6175_direct_+/+_(7g)	6.6175_direct_+/+_(27r)
6.6175	6.8449	chr1:56000-57000	0.002670839301685571	0.09740607473013548	0.0002601559726121676	0.0002601559726121676	False	6.6175_direct_+/+	6.6175_direct_+/+_(7g)	6.6175_direct_+/+_(27r)
6.6175	6.8449	chr3:180000-181000	0.03223961482313805	0.06993046764336497	0.002254531341224005	0.002254531341224005	False	6.6175_direct_+/+	6.6175_direct_+/+_(7g)	6.6175_direct_+/+_(27r)
6.6175	6.8109	chr2:111000-112000	0.16465406849706724	0.3311583771069091	0.05452657410753863	0.05452657410753863	False	6.6175_direct_+/+	6.6175_direct_+/+_(7g)	6.6175_direct_+/+_(27r)
6.6175	6.8449	chr2:309000-310000	0.20708785710939212	0.34746240578088505	0.07195524503923754	0.07195524503923754	False	6.6175_direct_+/+	6.6175_direct_+/+_(7g)	6.6175_direct_+/+_(27r)
6.6175	7.4548	chr1:361000-362000	0.4449592777879159	0.2602738781051003	0.11581127682870547	0.11581127682870547	False	6.6175_direct_+/+	6.6175_direct_+/+_(7g)	6.6175_direct_+/+_(27r)
6.6175	7.9793	chr3:392000-393000	0.23911439190818057	0.19089028844217604	0.04564461524202811	0.04564461524202811	False	6.6175_direct_+/+	6.6175_direct_+/+_(7g)	6.6175_direct_+/+_(27r)
6.6175	7.4548	chr2:159000-160000	0.020653167414714974	0.07457331777690551	0.0015401752167171698	0.0015401752167171698	False	6.6175_direct_+/+	6.6175_direct_+/+_(7g)	6.6175_direct_+/+_(27r)
6.6175	7.4548	chr3:231000-232000	0.05170087691420443	0.21210599395801122	0.010966065886388127	0.010966065886388127	False	6.6175_direct_+/+	6.6175_direct_+/+_(7g)	6.6175_direct_+/+_(27r)
6.6175	7.9793	chr1:12000-13000	0.0819927755949473	0.2748628348198914	0.022536766734778422	0.022536766734778422	False	6.6175_direct_+/+	6.6175_direct_+/+_(7g)	6.6175_direct_+/+_(27r)
6.6175	7.9793	chr1:453000-454000	0.8798624257455593	0.40200045856322986	0.3537050986222706	0.3537050986222706	False	6.6175_direct_+/+	6.6175_direct_+/+_(7g)	6.6175_direct_+/+_(27r)
6.6175	6.8449	chr1:18000-19000	0.16479511844183797	0.2651948548205951	0.043702817510326	0.043702817510326	False	6.6175_direct_+/+	6.6175_direct_+/+_(7g)	6.6175_direct_+/+_(27r)
6.6175	6.8449	chr4:183000-184000	0.7289877898432842	0.22448153825410314	0.1636443004324793	0.1636443004324793	False	6.6175_direct_+/+	6.6175_direct_+/+_(7g)	6.6175_direct_+/+_(27r)
6.6175	7.9793	chr3:45000-46000	0.6763002479688768	0.26471807509921397	0.17902889983144216	0.17902889983144216	False	6.6175_direct_+/+	6.6175_direct_+/+_(7g)	6.6175_direct_+/+_(27r)
6.6175	6.8449	chr4:247000-248000	0.2744173323983492	0.2910884764489483	0.07987972319902009	0.07987972319902009	False	6.6175_direct_+/+	6.6175_direct_+/+_(7g)	6.6175_direct_+/+_(27r)
6.6175	7.581	chr4:52000-53000	0.6056221598302866	0.12773510433597873	0.07735920977410245	0.07735920977410245	False	6.6175_direct_+/+	6.6175_direct_+/+_(7g)	6.6175_direct_+/+_(27r)
6.6175	6.8109	chr2:313000-314000	0.1337340886463701	0.17868328082546842	0.023896045717537437	0.023896045717537437	False	6.6175_direct_+/+	6.6175_direct_+/+_(7g)	6.6175_direct_+/+_(27r)
6.6175	8.5945	chr3:280000-281000	0.273153987682236	-0.067173762169845	0.01834878100431129	0.01834878100431129	False	6.6175_direct_-/-	6.6175_direct_-/-_(7g)	6.6175_direct_-/-_(27r)
6.6175	6.8449	chr2:60000-61000	0.06079045623041094	0.19784904350402632	0.012027333619360182	0.012027333619360182	False	6.6175_direct_+/+	6.6175_direct_+/+_(7g)	6.6175_direct_+/+_(27r)
6.6175	6.8449	chr3:442000-443000	0.31455514313866134	0.16418559201676283	0.051645422398138685	0.051645422398138685	False	6.6175_direct_+/+	6.6175_direct_+/+_(7g)	6.6175_direct_+/+_(27r)
6.6175	6.8109	chr1:129000-130000	0.2978087842578188	0.318251453128913	0.09477807834460579	0.09477807834460579	False	6.6175_direct_+/+	6.6175_direct_+/+_(7g)	6.6175_direct_+/+_(27r)
6.6175	6.8449	chr1:425000-426000	0.18122030991497287	0.11579930053366912	0.0209851851306486	0.0209851851306486	False	6.6175_direct_+/+	6.6175_direct_+/+_(7g)	6.6175_direct_+/+_(27r)
7.2419	7.1725	chr3:109000-110000	0.12551024611384312	0.23434556483456565	0.029412769518073915	0.029412769518073915	False	7.2419_direct_+/+	7.2419_direct_+/+_(3g)	7.2419_direct_+/+_(6r)
7.2419	7.6232	chr3:387000-388000	0.03639207115612838	0.24267088837543108	0.008831296237279575	0.008831296237279575	False	7.2419_direct_+/+	7.2419_direct_+/+_(3g)	7.2419_direct_+/+_(6r)
7.2419	7.6232	chr4:434000-435000	0.964635528451802	0.11528389937435868	0.11120694519496885	0.11120694519496885	False	7.2419_direct_+/+	7.2419_direct_+/+_(3g)	7.2419_direct_+/+_(6r)
7.2419	7.6232	chr1:124000-125000	0.1351796656927394	0.3406873306265983	0.04605399945985533	0.04605399945985533	False	7.2419_direct_+/+	7.2419_direct_+/+_(3g)	7.2419_direct_+/+_(6r)
7.2419	6.8573	chr3:43000-44000	0.01761526127608871	0.2294197188535861	0.004041288289492735	0.004041288289492735	False	7.2419_direct_+/+	7.2419_direct_+/+_(3g)	7.2419_direct_+/+_(6r)
7.2419	7.1725	chr3:449000-450000	0.033415349021369466	0.597221597863023	0.019956368135692872	0.019956368135692872	False	7.2419_direct_+/+	7.2419_direct_+/+_(3g)	7.2419_direct_+/+_(6r)
7.3695	8.5867	chr2:11000-12000	0.01563078054898816	-0.034083560865590334	0.0005327526602181235	0.0005327526602181235	False	7.3695_direct_-/-	7.3695_direct_-/-_(7g)	7.3695_direct_-/-_(28r)
7.3695	7.0855	chr4:215000-216000	0.5188054108614407	0.2120298068811222	0.11000221107383253	0.11000221107383253	False	7.3695_direct_+/+	7.3695_direct_+/+_(7g)	7.3695_direct_+/+_(28r)
7.3695	7.2847	chr1:27000-28000	0.18626733276627527	0.3277103138568243	0.0610417260821096	0.0610417260821096	False	7.3695_direct_+/+	7.3695_direct_+/+_(7g)	7.3695_direct_+/+_(28r)
7.3695	7.7801	chr1:304000-305000	0.3666263628979098	-0.12308188670673592	0.04512506446190318	0.04512506446190318	False	7.3695_direct_-/-	7.3695_direct_-/-_(7g)	7.3695_direct_-/-_(28r)
7.3695	8.177	chr3:420000-421000	1.1504807972319364	0.24238699257324495	0.2788615804543183	0.2788615804543183	False	7.3695_direct_+/+	7.3695_direct_+/+_(7g)	7.3695_direct_+/+_(28r)
7.3695	6.9864	chr1:301000-302000	0.24480687583307226	0.36871979668897875	0.09026514148523447	0.09026514148523447	False	7.3695_direct_+/+	7.3695_direct_+/+_(7g)	7.3695_direct_+/+_(28r)
7.3695	8.5867	chr2:405000-406000	0.4273836760791483	0.09610076632548462	0.04107189878620884	0.04107189878620884	False	7.3695_direct_+/+	7.3695_direct_+/+_(7g)	7.3695_direct_+/+_(28r)
7.3695	7.7801	chr1:213000-214000	0.06877915043612652	0.0847452579028892	0.005828706842051156	0.005828706842051156	False	7.3695_direct_+/+	7.3695_direct_+/+_(7g)	7.3695_direct_+/+_(28r)
7.3695	8.5867	chr2:7000-8000	0.09897005353665349	0.08559128321506788	0.00847097388206614	0.00847097388206614	False	7.3695_direct_+/+	7.3695_direct_+/+_(7g)	7.3695_direct_+/+_(28r)
7.3695	8.177	chr2:323000-324000	0.21813430769852596	0.12093179218773255	0.026379372767613048	0.026379372767613048	False	7.3695_direct_+/+	7.3695_direct_+/+_(7g)	7.3695_direct_+/+_(28r)
7.3695	6.8489	chr2:161000-162000	0.02617575045720627	0.46169587598880224	0.01208523603700414	0.01208523603700414	False	7.3695_direct_+/+	7.3695_direct_+/+_(7g)	7.3695_direct_+/+_(28r)
7.3695	8.5867	chr1:400000-401000	0.4265333407868342	0.2694777192901377	0.11494123187643915	0.11494123187643915	False	7.3695_direct_+/+	7.3695_direct_+/+_(7g)	7.3695_direct_+/+_(28r)
7.3695	7.7801	chr1:350000-351000	0.1087347343470597	0.2258276138360236	0.02455530559869041	0.02455530559869041	False	7.3695_direct_+/+	7.3695_direct_+/+_(7g)	7.3695_direct_+/+_(28r)
7.3695	6.8489	chr4:85000-86000	0.4895266211119729	0.3037714732750593	0.14870422290254579	0.14870422290254579	False	7.3695_direct_+/+	7.3695_direct_+/+_(7g)	7.3695_direct_+/+_(28r)
7.3695	7.7801	chr1:192000-193000	0.06850960806564517	0.213961980880917	0.01465845145110069	0.01465845145110069	False	7.3695_direct_+/+	7.3695_direct_+/+_(7g)	7.3695_direct_+/+_(28r)
7.3695	6.8489	chr3:25000-26000	0.1686278935054467	0.2686529879080328	0.04530238743487582	0.04530238743487582	False	7.3695_direct_+/+	7.3695_direct_+/+_(7g)	7.3695_direct_+/+_(28r)
7.3695	8.177	chr2:105000-106000	0.013955361970977926	0.01728380426760176	0.00024120174478991558	0.00024120174478991558	False	7.3695_direct_+/+	7.3695_direct_+/+_(7g)	7.3695_direct_+/+_(28r)
7.3695	6.9864	chr3:305000-306000	0.2587475914314158	0.14415912735716013	0.0373008269865199	0.0373008269865199	False	7.3695_direct_+/+	7.3695_direct_+/+_(7g)	7.3695_direct_+/+_(28r)
7.3695	8.177	chr3:475000-476000	0.3013002831271057	0.09316688545264237	0.028071208964951775	0.028071208964951775	False	7.3695_direct_+/+	7.3695_direct_+/+_(7g)	7.3695_direct_+/+_(28r)
7.3695	8.177	chr3:364000-365000	0.17597274259517043	0.2939735602265837	0.05173133364353845	0.05173133364353845	False	7.3695_direct_+/+	7.3695_direct_+/+_(7g)	7.3695_direct_+/+_(28r)
7.3695	7.7801	chr1:376000-377000	0.40244913702103746	0.17576660245611675	0.07073711747558395	0.07073711747558395	False	7.3695_direct_+/+	7.3695_direct_+/+_(7g)	7.3695_direct_+/+_(28r)
7.3695	7.2847	chr4:266000-267000	0.061113105376603194	0.12361799561012983	0.007554679592166335	0.007554679592166335	False	7.3695_direct_+/+	7.3695_direct_+/+_(7g)	7.3695_direct_+/+_(28r)
7.3695	8.177	chr1:449000-450000	0.22175533083961071	0.43924301771079804	0.09740448071144701	0.09740448071144701	False	7.3695_direct_+/+	7.3695_direct_+/+_(7g)	7.3695_direct_+/+_(28r)
7.3695	6.8489	chr3:468000-469000	0.017487599763235315	0.32474251792706055	0.005678967179613704	0.005678967179613704	False	7.3695_direct_+/+	7.3695_direct_+/+_(7g)	7.3695_direct_+/+_(28r)
7.3695	7.0855	chr4:469000-470000	0.4165420165474583	-0.1928948424251395	0.08034880664537182	0.08034880664537182	False	7.3695_direct_-/-	7.3695_direct_-/-_(7g)	7.3695_direct_-/-_(28r)
7.3695	7.7801	chr3:13000-14000	0.1588635632409012	0.0884170902011624	0.014046254000748827	0.014046254000748827	False	7.3695_direct_+/+	7.3695_direct_+/+_(7g)	7.3695_direct_+/+_(28r)
7.3695	8.5867	chr2:358000-359000	0.05548685147581769	-0.08378558518804358	0.004648998321143444	0.004648998321143444	False	7.3695_direct_-/-	7.3695_direct_-/-_(7g)	7.3695_direct_-/-_(28r)
7.3695	6.9864	chr2:498000-499000	0.16055293750200675	0.20828938938185268	0.03344147331575574	0.03344147331575574	False	7.3695_direct_+/+	7.3695_direct_+/+_(7g)	7.3695_direct_+/+_(28r)
6.8113	6.904	chr2:46000-47000	0.31109063588858216	0.346577000121961	0.10781685935229807	0.10781685935229807	False	6.8113_direct_+/+	6.8113_direct_+/+_(8g)	6.8113_direct_+/+_(21r)
6.8113	6.884	chr2:74000-75000	0.10128919809435674	0.1378202291915163	0.01395970049598914	0.01395970049598914	False	6.8113_direct_+/+	6.8113_direct_+/+_(8g)	6.8113_direct_+/+_(21r)
6.8113	7.0826	chr1:176000-177000	0.0032690419845526433	0.1534599865109816	0.0005016671388532812	0.0005016671388532812	False	6.8113_direct_+/+	6.8113_direct_+/+_(8g)	6.8113_direct_+/+_(21r)
6.8113	6.884	chr3:241000-242000	0.380902878298695	0.32856379954805337	0.125150896952609	0.125150896952609	False	6.8113_direct_+/+	6.8113_direct_+/+_(8g)	6.8113_direct_+/+_(21r)
6.8113	8.0247	chr4:287000-288000	0.21688627946733038	0.290677298953305	0.06304391789559526	0.06304391789559526	False	6.8113_direct_+/+	6.8113_direct_+/+_(8g)	6.8113_direct_+/+_(21r)
6.8113	7.1777	chr4:30000-31000	0.7379424698688947	0.17886081285835703	0.13198899000345415	0.13198899000345415	False	6.8113_direct_+/+	6.8113_direct_+/+_(8g)	6.8113_direct_+/+_(21r)
6.8113	7.0643	chr1:332000-333000	1.3589563147471058	0.25339656859396187	0.34435486702601265	0.34435486702601265	False	6.8113_direct_+/+	6.8113_direct_+/+_(8g)	6.8113_direct_+/+_(21r)
6.8113	6.904	chr1:452000-453000	0.2607499324609089	0.24232811111456407	0.06318703860650221	0.06318703860650221	False	6.8113_direct_+/+	6.8113_direct_+/+_(8g)	6.8113_direct_+/+_(21r)
6.8113	7.0826	chr1:418000-419000	0.34310142406182326	0.17303008322727015	0.059366867960812184	0.059366867960812184	False	6.8113_direct_+/+	6.8113_direct_+/+_(8g)	6.8113_direct_+/+_(21r)
6.8113	7.5046	chr2:446000-447000	0.3002249114505378	0.3705971813547094	0.11126250595603654	0.11126250595603654	False	6.8113_direct_+/+	6.8113_direct_+/+_(8g)	6.8113_direct_+/+_(21r)
6.8113	7.5046	chr2:319000-320000	0.04068544968661345	0.03233755191107371	0.00131566784126624	0.00131566784126624	False	6.8113_direct_+/+	6.8113_direct_+/+_(8g)	6.8113_direct_+/+_(21r)
6.8113	6.904	chr4:110000-111000	0.3032368191042645	0.3232181643880109	0.09801164804573967	0.09801164804573967	False	6.8113_direct_+/+	6.8113_direct_+/+_(8g)	6.8113_direct_+/+_(21r)
6.8113	7.0826	chr3:490000-491000	0.14180686132737197	0.26132735284981123	0.037058011686622386	0.037058011686622386	False	6.8113_direct_+/+	6.8113_direct_+/+_(8g)	6.8113_direct_+/+_(21r)
6.8113	7.5266	chr2:398000-399000	0.5928880210238411	0.09078843532170185	0.0538273757497348	0.0538273757497348	False	6.8113_direct_+/+	6.8113_direct_+/+_(8g)	6.8113_direct_+/+_(21r)
6.8113	7.0826	chr4:398000-399000	0.2158346261900129	0.32414029644890696	0.0699606997171698	0.0699606997171698	False	6.8113_direct_+/+	6.8113_direct_+/+_(8g)	6.8113_direct_+/+_(21r)
6.8113	7.0826	chr1:64000-65000	0.8190681186906075	0.17534971911719133	0.14362336455024435	0.14362336455024435	False	6.8113_direct_+/+	6.8113_direct_+/+_(8g)	6.8113_direct_+/+_(21r)
6.8113	7.5266	chr2:89000-90000	0.8350641927635636	0.26260926961008757	0.2192955977391768	0.2192955977391768	False	6.8113_direct_+/+	6.8113_direct_+/+_(8g)	6.8113_direct_+/+_(21r)
6.8113	7.0643	chr4:180000-181000	0.6068097195825696	0.18380080247541983	0.11153211340916076	0.11153211340916076	False	6.8113_direct_+/+	6.8113_direct_+/+_(8g)	6.8113_direct_+/+_(21r)
6.8113	7.5266	chr1:393000-394000	0.10369886428163332	0.020871589836156612	0.002164360161761522	0.002164360161761522	False	6.8113_direct_+/+	6.8113_direct_+/+_(8g)	6.8113_direct_+/+_(21r)
6.8113	7.0826	chr1:395000-396000	0.2543646241479792	0.38264503845990816	0.0973313613899436	0.0973313613899436	False	6.8113_direct_+/+	6.8113_direct_+/+_(8g)	6.8113_direct_+/+_(21r)
6.8113	6.904	chr3:360000-361000	0.028178576699948298	0.3850586417504289	0.010850404470542375	0.010850404470542375	False	6.8113_direct_+/+	6.8113_direct_+/+_(8g)	6.8113_direct_+/+_(21r)
7.6232	6.8664	chr4:431000-432000	0.25554936533284545	0.27971000164404947	0.071479713397386	0.071479713397386	False	7.6232_direct_+/+	7.6232_direct_+/+_(6g)	7.6232_direct_+/+_(21r)
7.6232	7.4325	chr4:259000-260000	0.0817776932354237	0.3716557303212025	0.030393148303394662	0.030393148303394662	False	7.6232_direct_+/+	7.6232_direct_+/+_(6g)	7.6232_direct_+/+_(21r)
7.6232	6.6958	chr2:204000-205000	0.03478073741314471	0.05698112435421482	0.001981845523669691	0.001981845523669691	False	7.6232_direct_+/+	7.6232_direct_+/+_(6g)	7.6232_direct_+/+_(21r)
7.6232	7.4325	chr1:453000-454000	0.07460887835412494	0.46918367952766815	0.035005268071620535	0.035005268071620535	False	7.6232_direct_+/+	7.6232_direct_+/+_(6g)	7.6232_direct_+/+_(21r)
7.6232	7.4325	chr3:245000-246000	0.03244589929958238	0.22633187448357622	0.007343541207779833	0.007343541207779833	False	7.6232_direct_+/+	7.6232_direct_+/+_(6g)	7.6232_direct_+/+_(21r)
7.6232	6.5003	chr1:115000-116000	0.15171325606067845	0.18707923317749542	0.028382399606692733	0.028382399606692733	False	7.6232_direct_+/+	7.6232_direct_+/+_(6g)	7.6232_direct_+/+_(21r)
7.6232	6.6958	chr2:74000-75000	0.6039583462121939	0.03325620083919101	0.020085360060138377	0.020085360060138377	False	7.6232_direct_+/+	7.6232_direct_+/+_(6g)	7.6232_direct_+/+_(21r)
7.6232	6.8664	chr4:302000-303000	0.017855124427327104	0.19060145656963334	0.0034032127230805864	0.0034032127230805864	False	7.6232_direct_+/+	7.6232_direct_+/+_(6g)	7.6232_direct_+/+_(21r)
7.6232	6.8664	chr3:254000-255000	0.042023677758103534	0.5433023103196508	0.022831561214106174	0.022831561214106174	False	7.6232_direct_+/+	7.6232_direct_+/+_(6g)	7.6232_direct_+/+_(21r)
7.6232	6.5003	chr4:439000-440000	0.024821040054164845	0.07919422594244845	0.0019656830541760935	0.0019656830541760935	False	7.6232_direct_+/+	7.6232_direct_+/+_(6g)	7.6232_direct_+/+_(21r)
7.6232	6.7106	chr1:30000-31000	0.1391642983626757	0.15198620285834147	0.021151053281588384	0.021151053281588384	False	7.6232_direct_+/+	7.6232_direct_+/+_(6g)	7.6232_direct_+/+_(21r)
7.6232	6.7513	chr1:291000-292000	0.02477988463852316	0.3292454186746916	0.008158663492521116	0.008158663492521116	False	7.6232_direct_+/+	7.6232_direct_+/+_(6g)	7.6232_direct_+/+_(21r)
7.6232	6.7106	chr1:447000-448000	0.14168104075966398	0.08045911093144639	0.011399530575364582	0.011399530575364582	False	7.6232_direct_+/+	7.6232_direct_+/+_(6g)	7.6232_direct_+/+_(21r)
7.6232	6.5003	chr2:66000-67000	0.13541597094939778	-0.08620032056849614	0.011672900105932249	0.011672900105932249	False	7.6232_direct_-/-	7.6232_direct_-/-_(6g)	7.6232_direct_-/-_(21r)
7.6232	6.7513	chr2:231000-232000	0.5450724544414575	0.09274051690438606	0.05055030117524319	0.05055030117524319	False	7.6232_direct_+/+	7.6232_direct_+/+_(6g)	7.6232_direct_+/+_(21r)
7.6232	6.7513	chr4:360000-361000	0.14729354355091448	0.11639675245169177	0.017144490126428272	0.017144490126428272	False	7.6232_direct_+/+	7.6232_direct_+/+_(6g)	7.6232_direct_+/+_(21r)
7.6232	6.7106	chr2:167000-168000	0.21561042439532843	0.21262523452785442	0.045844217053706934	0.045844217053706934	False	7.6232_direct_+/+	7.6232_direct_+/+_(6g)	7.6232_direct_+/+_(21r)
7.6232	7.4325	chr4:401000-402000	0.3636002035764627	0.33031587508861565	0.12010291942675808	0.12010291942675808	False	7.6232_direct_+/+	7.6232_direct_+/+_(6g)	7.6232_direct_+/+_(21r)
7.6232	6.5003	chr3:66000-67000	0.04867702975296049	-0.035021263668760294	0.0017047310935905191	0.0017047310935905191	False	7.6232_direct_-/-	7.6232_direct_-/-_(6g)	7.6232_direct_-/-_(21r)
7.6232	6.6958	chr4:164000-165000	0.09325051892164217	0.15638941702932788	0.014583394291837927	0.014583394291837927	False	7.6232_direct_+/+	7.6232_direct_+/+_(6g)	7.6232_direct_+/+_(21r)
7.6232	7.4325	chr4:167000-168000	0.2484594988829804	0.3626297366065314	0.09009880263732598	0.09009880263732598	False	7.6232_direct_+/+	7.6232_direct_+/+_(6g)	7.6232_direct_+/+_(21r)
7.3854	7.8165	chr2:315000-316000	0.027796637685934687	0.33226415584229163	0.00923582635597112	0.00923582635597112	False	7.3854_direct_+/+	7.3854_direct_+/+_(7g)	7.3854_direct_+/+_(35r)
7.3854	6.7092	chr1:197000-198000	0.028388747643486284	-0.010277659418842122	0.0002917698796072089	0.0002917698796072089	False	7.3854_direct_-/-	7.3854_direct_-/-_(7g)	7.3854_direct_-/-_(35r)
7.3854	6.7092	chr3:122000-123000	0.09581666764501837	0.3856724467960193	0.03695384865449521	0.03695384865449521	False	7.3854_direct_+/+	7.3854_direct_+/+_(7g)	7.3854_direct_+/+_(35r)
7.3854	8.2846	chr3:74000-75000	0.5174388667095956	0.2529439963308353	0.13088305480242354	0.13088305480242354	False	7.3854_direct_+/+	7.3854_direct_+/+_(7g)	7.3854_direct_+/+_(35r)
7.3854	8.016	chr4:45000-46000	0.6281002033157813	0.12835138298523252	0.08061752974888627	0.08061752974888627	False	7.3854_direct_+/+	7.3854_direct_+/+_(7g)	7.3854_direct_+/+_(35r)
7.3854	7.8165	chr1:38000-39000	0.4751450101911925	0.04681507743039304	0.022243950442765566	0.022243950442765566	False	7.3854_direct_+/+	7.3854_direct_+/+_(7g)	7.3854_direct_+/+_(35r)
7.3854	7.1769	chr1:394000-395000	0.18221205275859376	0.10210640310464138	0.018605017309493155	0.018605017309493155	False	7.3854_direct_+/+	7.3854_direct_+/+_(7g)	7.3854_direct_+/+_(35r)
7.3854	6.7092	chr3:125000-126000	0.7797916904094297	0.3352211944921679	0.26140270191411585	0.26140270191411585	False	7.3854_direct_+/+	7.3854_direct_+/+_(7g)	7.3854_direct_+/+_(35r)
7.3854	8.016	chr3:10000-11000	0.45527864796717904	0.09669998675555853	0.04402543922851481	0.04402543922851481	False	7.3854_direct_+/+	7.3854_direct_+/+_(7g)	7.3854_direct_+/+_(35r)
7.3854	8.016	chr2:341000-342000	0.8739590782198488	0.13471935070745494	0.11773919956266385	0.11773919956266385	False	7.3854_direct_+/+	7.3854_direct_+/+_(7g)	7.3854_direct_+/+_(35r)
7.3854	8.016	chr2:3000-4000	0.2222790233106407	0.33788434018628055	0.0751046011285667	0.0751046011285667	False	7.3854_direct_+/+	7.3854_direct_+/+_(7g)	7.3854_direct_+/+_(35r)
7.3854	8.016	chr4:193000-194000	0.2622617817658701	0.10260030321194089	0.026908138330082144	0.026908138330082144	False	7.3854_direct_+/+	7.3854_direct_+/+_(7g)	7.3854_direct_+/+_(35r)
7.3854	6.7092	chr4:99000-100000	0.5807501231507306	0.08993180393219544	0.05222790620878986	0.05222790620878986	False	7.3854_direct_+/+	7.3854_direct_+/+_(7g)	7.3854_direct_+/+_(35r)
7.3854	6.7092	chr2:278000-279000	1.480804722593433	0.36142194689600193	0.5351953258125126	0.5351953258125126	False	7.3854_direct_+/+	7.3854_direct_+/+_(7g)	7.3854_direct_+/+_(35r)
7.3854	8.016	chr3:132000-133000	0.3368172652815711	0.3577925608742399	0.12051071189175153	0.12051071189175153	False	7.3854_direct_+/+	7.3854_direct_+/+_(7g)	7.3854_direct_+/+_(35r)
7.3854	7.1769	chr4:182000-183000	0.26969331647874883	-0.025445549259272948	0.006862494569356692	0.006862494569356692	False	7.3854_direct_-/-	7.3854_direct_-/-_(7g)	7.3854_direct_-/-_(35r)
7.3854	6.7092	chr3:71000-72000	0.03471222834592935	0.21343710218828732	0.007408877428653287	0.007408877428653287	False	7.3854_direct_+/+	7.3854_direct_+/+_(7g)	7.3854_direct_+/+_(35r)
7.3854	6.7092	chr3:36000-37000	0.07482527122488908	0.35053498402749284	0.026228875253669313	0.026228875253669313	False	7.3854_direct_+/+	7.3854_direct_+/+_(7g)	7.3854_direct_+/+_(35r)
7.3854	8.2846	chr1:281000-282000	0.04658041376466492	0.33187644521516396	0.015458942136868487	0.015458942136868487	False	7.3854_direct_+/+	7.3854_direct_+/+_(7g)	7.3854_direct_+/+_(35r)
7.3854	7.8165	chr1:474000-475000	0.6348231203305861	0.1525162471606232	0.09682083992361772	0.09682083992361772	False	7.3854_direct_+/+	7.3854_direct_+/+_(7g)	7.3854_direct_+/+_(35r)
7.3854	7.2273	chr3:167000-168000	0.394266373605677	0.35766426810489954	0.14101499395404735	0.14101499395404735	False	7.3854_direct_+/+	7.3854_direct_+/+_(7g)	7.3854_direct_+/+_(35r)
7.3854	8.2846	chr4:175000-176000	0.8134868481607133	0.2903699143551351	0.2362121064294551	0.2362121064294551	False	7.3854_direct_+/+	7.3854_direct_+/+_(7g)	7.3854_direct_+/+_(35r)
7.3854	6.7092	chr2:70000-71000	1.0977688664541996	0.21427347840236965	0.23522275349696775	0.23522275349696775	False	7.3854_direct_+/+	7.3854_direct_+/+_(7g)	7.3854_direct_+/+_(35r)
7.3854	7.1769	chr2:332000-333000	0.4986279349286352	0.08771807980688932	0.04373868499001444	0.04373868499001444	False	7.3854_direct_+/+	7.3854_direct_+/+_(7g)	7.3854_direct_+/+_(35r)
7.3854	6.7092	chr3:16000-17000	0.14981930541500021	0.23772104134107683	0.03561520129625068	0.03561520129625068	False	7.3854_direct_+/+	7.3854_direct_+/+_(7g)	7.3854_direct_+/+_(35r)
7.3854	8.016	chr1:155000-156000	0.046230210888340374	-0.04702957874392688	0.0021741873433215493	0.0021741873433215493	False	7.3854_direct_-/-	7.3854_direct_-/-_(7g)	7.3854_direct_-/-_(35r)
7.3854	6.7092	chr3:61000-62000	0.26111962722738075	0.16434334367811818	0.042913272638531536	0.042913272638531536	False	7.3854_direct_+/+	7.3854_direct_+/+_(7g)	7.3854_direct_+/+_(35r)
7.3854	6.7092	chr2:212000-213000	0.03986127301514216	0.3657527658277415	0.014579370854702962	0.014579370854702962	False	7.3854_direct_+/+	7.3854_direct_+/+_(7g)	7.3854_direct_+/+_(35r)
7.3854	7.1769	chr3:26000-27000	0.27706476527227963	-0.06091029579051055	0.01687609680586293	0.01687609680586293	False	7.3854_direct_-/-	7.3854_direct_-/-_(7g)	7.3854_direct_-/-_(35r)
7.3854	7.8165	chr4:289000-290000	0.3197070404398948	0.030082257309838267	0.009617509454279784	0.009617509454279784	False	7.3854_direct_+/+	7.3854_direct_+/+_(7g)	7.3854_direct_+/+_(35r)
7.3854	7.8165	chr4:300000-301000	0.3454029118692526	0.3243820911239383	0.11204251883244552	0.11204251883244552	False	7.3854_direct_+/+	7.3854_direct_+/+_(7g)	7.3854_direct_+/+_(35r)
7.3854	8.2846	chr1:496000-497000	0.03478571225032061	0.011296295715682192	0.00039294969226025023	0.00039294969226025023	False	7.3854_direct_+/+	7.3854_direct_+/+_(7g)	7.3854_direct_+/+_(35r)
7.3854	8.2846	chr2:53000-54000	0.13676542797286015	0.2465519412266866	0.03371978175940726	0.03371978175940726	False	7.3854_direct_+/+	7.3854_direct_+/+_(7g)	7.3854_direct_+/+_(35r)
7.3854	7.4541	chr3:184000-185000	0.22074262134129682	0.3529924225199551	0.07792047266066951	0.07792047266066951	False	7.3854_direct_+/+	7.3854_direct_+/+_(7g)	7.3854_direct_+/+_(35r)
7.3854	8.2846	chr2:98000-99000	0.04920222907531934	0.423470394735703	0.020835687368401967	0.020835687368401967	False	7.3854_direct_+/+	7.3854_direct_+/+_(7g)	7.3854_direct_+/+_(35r)
7.4285	7.2419	chr4:31000-32000	0.025958789607511887	-0.012994244948753536	0.0003373148707331671	0.0003373148707331671	False	7.4285_direct_-/-	7.4285_direct_-/-_(4g)	7.4285_direct_-/-_(16r)
7.4285	8.167	chr2:322000-323000	0.35301859312492023	0.445828997956093	0.1573859256327529	0.1573859256327529	False	7.4285_direct_+/+	7.4285_direct_+/+_(4g)	7.4285_direct_+/+_(16r)
7.4285	6.9094	chr1:267000-268000	1.0323599646161812	0.43268942820994566	0.44669124279661515	0.44669124279661515	False	7.4285_direct_+/+	7.4285_direct_+/+_(4g)	7.4285_direct_+/+_(16r)
7.4285	7.2419	chr4:299000-300000	0.24934958762831425	-0.02846143583205296	0.007096847288032133	0.007096847288032133	False	7.4285_direct_-/-	7.4285_direct_-/-_(4g)	7.4285_direct_-/-_(16r)
7.4285	8.1795	chr1:345000-346000	0.28631482992652296	0.15967487348072368	0.04571728424417247	0.04571728424417247	False	7.4285_direct_+/+	7.4285_direct_+/+_(4g)	7.4285_direct_+/+_(16r)
7.4285	8.1795	chr3:107000-108000	0.028004693862906542	0.12087960145792156	0.003385196233099245	0.003385196233099245	False	7.4285_direct_+/+	7.4285_direct_+/+_(4g)	7.4285_direct_+/+_(16r)
7.4285	8.1795	chr3:442000-443000	0.20612775387623686	0.21227440378213477	0.0437556460570288	0.0437556460570288	False	7.4285_direct_+/+	7.4285_direct_+/+_(4g)	7.4285_direct_+/+_(16r)
7.4285	8.1795	chr3:428000-429000	0.2871224511494297	0.36169308426586366	0.103850204918212	0.103850204918212	False	7.4285_direct_+/+	7.4285_direct_+/+_(4g)	7.4285_direct_+/+_(16r)
7.4285	8.167	chr2:489000-490000	0.17692907022668283	0.2671792621627691	0.047271778438309875	0.047271778438309875	False	7.4285_direct_+/+	7.4285_direct_+/+_(4g)	7.4285_direct_+/+_(16r)
7.4285	7.2419	chr1:38000-39000	0.511734372420188	0.2974942349230831	0.1522380256069879	0.1522380256069879	False	7.4285_direct_+/+	7.4285_direct_+/+_(4g)	7.4285_direct_+/+_(16r)
7.4285	7.2419	chr1:294000-295000	0.6011741190220191	0.11212765111133981	0.06740824187486803	0.06740824187486803	False	7.4285_direct_+/+	7.4285_direct_+/+_(4g)	7.4285_direct_+/+_(16r)
7.4285	6.9094	chr2:420000-421000	0.18861715256115738	0.19982798163868046	0.03769098489873115	0.03769098489873115	False	7.4285_direct_+/+	7.4285_direct_+/+_(4g)	7.4285_direct_+/+_(16r)
7.4285	8.167	chr4:444000-445000	0.35166748973859874	0.22240452234067834	0.07821244007805846	0.07821244007805846	False	7.4285_direct_+/+	7.4285_direct_+/+_(4g)	7.4285_direct_+/+_(16r)
7.4285	8.167	chr1:223000-224000	1.3362648128768149	0.09607023147919824	0.12837526989058312	0.12837526989058312	False	7.4285_direct_+/+	7.4285_direct_+/+_(4g)	7.4285_direct_+/+_(16r)
7.4285	7.2419	chr4:180000-181000	0.031170217088500592	0.47868928413915246	0.014920848904556326	0.014920848904556326	False	7.4285_direct_+/+	7.4285_direct_+/+_(4g)	7.4285_direct_+/+_(16r)
7.4285	6.9094	chr1:355000-356000	0.8234886184474631	0.201989696462596	0.16633621608060561	0.16633621608060561	False	7.4285_direct_+/+	7.4285_direct_+/+_(4g)	7.4285_direct_+/+_(16r)
6.8984	7.1151	chr3:384000-385000	0.34280633392529164	0.11903819610131092	0.04080704760257034	0.04080704760257034	False	6.8984_direct_+/+	6.8984_direct_+/+_(11g)	6.8984_direct_+/+_(27r)
6.8984	7.1449	chr2:352000-353000	0.14384210992742882	0.18281902321210733	0.026297074033701105	0.026297074033701105	False	6.8984_direct_+/+	6.8984_direct_+/+_(11g)	6.8984_direct_+/+_(27r)
6.8984	7.1151	chr1:456000-457000	0.9240671359325126	0.1044146701886184	0.0964861652305345	0.0964861652305345	False	6.8984_direct_+/+	6.8984_direct_+/+_(11g)	6.8984_direct_+/+_(27r)
6.8984	7.1449	chr2:191000-192000	0.2806078336198661	0.029620175373912955	0.00831165324311422	0.00831165324311422	False	6.8984_direct_+/+	6.8984_direct_+/+_(11g)	6.8984_direct_+/+_(27r)
6.8984	6.4042	chr2:492000-493000	0.13172011828139604	0.30302476858139693	0.03991445835973427	0.03991445835973427	False	6.8984_direct_+/+	6.8984_direct_+/+_(11g)	6.8984_direct_+/+_(27r)
6.8984	7.1151	chr3:205000-206000	0.611827179368059	0.580803665260623	0.35535146828303726	0.35535146828303726	False	6.8984_direct_+/+	6.8984_direct_+/+_(11g)	6.8984_direct_+/+_(27r)
6.8984	6.9258	chr4:405000-406000	0.2171893680707818	0.19444461294213233	0.04223130260966948	0.04223130260966948	False	6.8984_direct_+/+	6.8984_direct_+/+_(11g)	6.8984_direct_+/+_(27r)
6.8984	8.4123	chr1:371000-372000	0.22171623449499564	0.40217836719935546	0.08916947317078676	0.08916947317078676	False	6.8984_direct_+/+	6.8984_direct_+/+_(11g)	6.8984_direct_+/+_(27r)
6.8984	6.4042	chr3:177000-178000	0.14350540946964155	0.19700969071312846	0.028271956335274937	0.028271956335274937	False	6.8984_direct_+/+	6.8984_direct_+/+_(11g)	6.8984_direct_+/+_(27r)
6.8984	7.1449	chr3:234000-235000	0.459524636435119	0.03850085982135057	0.0176920936118456	0.0176920936118456	False	6.8984_direct_+/+	6.8984_direct_+/+_(11g)	6.8984_direct_+/+_(27r)
6.8984	7.2559	chr2:269000-270000	0.19966865262502193	0.2061480184663913	0.04116129708850249	0.04116129708850249	False	6.8984_direct_+/+	6.8984_direct_+/+_(11g)	6.8984_direct_+/+_(27r)
6.8984	7.1449	chr2:139000-140000	0.21540706871519777	0.08158319596385187	0.017573597098990885	0.017573597098990885	False	6.8984_direct_+/+	6.8984_direct_+/+_(11g)	6.8984_direct_+/+_(27r)
6.8984	7.1151	chr3:390000-391000	0.47690147166136193	0.08339148862116433	0.039769523647464985	0.039769523647464985	False	6.8984_direct_+/+	6.8984_direct_+/+_(11g)	6.8984_direct_+/+_(27r)
6.8984	6.9973	chr4:418000-419000	0.19414328129023972	0.3465977774096494	0.06728962979421346	0.06728962979421346	False	6.8984_direct_+/+	6.8984_direct_+/+_(11g)	6.8984_direct_+/+_(27r)
6.8984	7.7821	chr1:128000-129000	0.3348868200766408	0.026997423410606097	0.009041081276240533	0.009041081276240533	False	6.8984_direct_+/+	6.8984_direct_+/+_(11g)	6.8984_direct_+/+_(27r)
6.8984	8.4123	chr3:146000-147000	0.23882627587436922	0.29046420274232504	0.06937048381576723	0.06937048381576723	False	6.8984_direct_+/+	6.8984_direct_+/+_(11g)	6.8984_direct_+/+_(27r)
6.8984	7.1151	chr2:280000-281000	0.017340224467630908	0.22832695356963711	0.003959240626907848	0.003959240626907848	False	6.8984_direct_+/+	6.8984_direct_+/+_(11g)	6.8984_direct_+/+_(27r)
6.8984	6.9258	chr4:45000-46000	0.4906951398065128	-0.11231480547834805	0.055112329176539285	0.055112329176539285	False	6.8984_direct_-/-	6.8984_direct_-/-_(11g)	6.8984_direct_-/-_(27r)
6.8984	7.7821	chr2:45000-46000	0.12603357592692238	0.19860671576482766	0.0250311145909431	0.0250311145909431	False	6.8984_direct_+/+	6.8984_direct_+/+_(11g)	6.8984_direct_+/+_(27r)
6.8984	7.2559	chr3:189000-190000	0.0254867714950271	-0.06133325389529126	0.0015631866270757692	0.0015631866270757692	False	6.8984_direct_-/-	6.8984_direct_-/-_(11g)	6.8984_direct_-/-_(27r)
6.8984	8.5945	chr3:280000-281000	0.273153987682236	-0.067173762169845	0.01834878100431129	0.01834878100431129	False	6.8984_direct_-/-	6.8984_direct_-/-_(11g)	6.8984_direct_-/-_(27r)
6.8984	6.4042	chr3:449000-450000	0.033497540339981265	0.22944337517221416	0.0076857887155727	0.0076857887155727	False	6.8984_direct_+/+	6.8984_direct_+/+_(11g)	6.8984_direct_+/+_(27r)
6.8984	7.2559	chr1:235000-236000	1.339374344945791	0.12392783858417582	0.16598576762422823	0.16598576762422823	False	6.8984_direct_+/+	6.8984_direct_+/+_(11g)	6.8984_direct_+/+_(27r)
6.8984	7.1449	chr4:212000-213000	0.2731167838267928	0.18457638042800834	0.05041090739288822	0.05041090739288822	False	6.8984_direct_+/+	6.8984_direct_+/+_(11g)	6.8984_direct_+/+_(27r)
6.8984	7.0228	chr2:131000-132000	0.14159177151579647	0.20086121702066598	0.028440295546774946	0.028440295546774946	False	6.8984_direct_+/+	6.8984_direct_+/+_(11g)	6.8984_direct_+/+_(27r)
6.8984	7.7821	chr4:61000-62000	0.22496581779533606	0.3086204838971746	0.06942905954832022	0.06942905954832022	False	6.8984_direct_+/+	6.8984_direct_+/+_(11g)	6.8984_direct_+/+_(27r)
6.8984	7.7821	chr4:357000-358000	0.25887625121799274	0.20059624347757737	0.05192960351988696	0.05192960351988696	False	6.8984_direct_+/+	6.8984_direct_+/+_(11g)	6.8984_direct_+/+_(27r)
6.8606	6.6056	chr4:287000-288000	0.5098452217917664	0.28341826978009477	0.1444994506158711	0.1444994506158711	False	6.8606_direct_+/+	6.8606_direct_+/+_(7g)	6.8606_direct_+/+_(20r)
6.8606	7.0998	chr4:384000-385000	0.199434253067674	0.09284728729604484	0.018516929391246443	0.018516929391246443	False	6.8606_direct_+/+	6.8606_direct_+/+_(7g)	6.8606_direct_+/+_(20r)
6.8606	7.9043	chr3:190000-191000	0.024825206204339242	0.44425949346928073	0.011028833533610198	0.011028833533610198	False	6.8606_direct_+/+	6.8606_direct_+/+_(7g)	6.8606_direct_+/+_(20r)
6.8606	7.0998	chr4:216000-217000	0.020039659687863396	0.1816479646038342	0.0036401633936538934	0.0036401633936538934	False	6.8606_direct_+/+	6.8606_direct_+/+_(7g)	6.8606_direct_+/+_(20r)
6.8606	7.0998	chr1:306000-307000	0.4144832083451468	0.17466488295388433	0.07239566107195551	0.07239566107195551	False	6.8606_direct_+/+	6.8606_direct_+/+_(7g)	6.8606_direct_+/+_(20r)
6.8606	7.0917	chr4:334000-335000	0.9166242764248691	0.18616486930500795	0.17064323862243322	0.17064323862243322	False	6.8606_direct_+/+	6.8606_direct_+/+_(7g)	6.8606_direct_+/+_(20r)
6.8606	6.3792	chr1:493000-494000	0.16732048378574674	0.2896478969529874	0.048464026245697976	0.048464026245697976	False	6.8606_direct_+/+	6.8606_direct_+/+_(7g)	6.8606_direct_+/+_(20r)
6.8606	7.9043	chr1:39000-40000	0.0047849084457948195	0.25367575230065353	0.0012138152496767517	0.0012138152496767517	False	6.8606_direct_+/+	6.8606_direct_+/+_(7g)	6.8606_direct_+/+_(20r)
6.8606	7.0998	chr3:117000-118000	0.056155017708350415	0.4082506667312672	0.022925323419740174	0.022925323419740174	False	6.8606_direct_+/+	6.8606_direct_+/+_(7g)	6.8606_direct_+/+_(20r)
6.8606	6.6056	chr4:387000-388000	0.31057399327462115	0.19152051749304794	0.05948129191183783	0.05948129191183783	False	6.8606_direct_+/+	6.8606_direct_+/+_(7g)	6.8606_direct_+/+_(20r)
6.8606	6.3792	chr1:216000-217000	0.39334769284664345	-0.1364433062589691	0.05366965972133349	0.05366965972133349	False	6.8606_direct_-/-	6.8606_direct_-/-_(7g)	6.8606_direct_-/-_(20r)
6.8606	7.9043	chr2:437000-438000	0.3820584583393458	0.29742460472888593	0.11363358595490747	0.11363358595490747	False	6.8606_direct_+/+	6.8606_direct_+/+_(7g)	6.8606_direct_+/+_(20r)
6.8606	6.9825	chr2:53000-54000	0.5497702402870207	0.39029315369048123	0.21457156088679497	0.21457156088679497	False	6.8606_direct_+/+	6.8606_direct_+/+_(7g)	6.8606_direct_+/+_(20r)
6.8606	6.9825	chr4:334000-335000	0.5831279731614678	-0.12562923562505035	0.07325792153986008	0.07325792153986008	False	6.8606_direct_-/-	6.8606_direct_-/-_(7g)	6.8606_direct_-/-_(20r)
6.8606	7.0998	chr3:134000-135000	0.6343949551442946	0.6444662684460062	0.408846149462815	0.408846149462815	False	6.8606_direct_+/+	6.8606_direct_+/+_(7g)	6.8606_direct_+/+_(20r)
6.8606	6.9825	chr3:287000-288000	0.05320416829970067	0.16015672673291934	0.00852100544342741	0.00852100544342741	False	6.8606_direct_+/+	6.8606_direct_+/+_(7g)	6.8606_direct_+/+_(20r)
6.8606	6.6056	chr4:317000-318000	0.36328167028498276	-0.23517081727261124	0.08543324730107868	0.08543324730107868	False	6.8606_direct_-/-	6.8606_direct_-/-_(7g)	6.8606_direct_-/-_(20r)
6.8606	6.8174	chr2:318000-319000	0.6176436906125731	0.055717270669107616	0.0344134206869273	0.0344134206869273	False	6.8606_direct_+/+	6.8606_direct_+/+_(7g)	6.8606_direct_+/+_(20r)
6.8606	6.6056	chr3:69000-70000	0.5239270217785162	0.03963098533728082	0.020763744117909586	0.020763744117909586	False	6.8606_direct_+/+	6.8606_direct_+/+_(7g)	6.8606_direct_+/+_(20r)
6.8606	7.9043	chr4:306000-307000	0.6865955161582652	0.24647563897998842	0.1692290685659034	0.1692290685659034	False	6.8606_direct_+/+	6.8606_direct_+/+_(7g)	6.8606_direct_+/+_(20r)
6.6246	6.6967	chr2:399000-400000	0.15913569928344584	0.2841549601206591	0.04521919828366075	0.04521919828366075	False	6.6246_direct_+/+	6.6246_direct_+/+_(11g)	6.6246_direct_+/+_(29r)
6.6246	6.6524	chr4:387000-388000	0.21722796527614693	0.21140720598445778	0.045923557200719035	0.045923557200719035	False	6.6246_direct_+/+	6.6246_direct_+/+_(11g)	6.6246_direct_+/+_(29r)
6.6246	7.0793	chr2:284000-285000	0.2716339782507419	0.03054397180135729	0.00829678057198116	0.00829678057198116	False	6.6246_direct_+/+	6.6246_direct_+/+_(11g)	6.6246_direct_+/+_(29r)
6.6246	8.0831	chr2:438000-439000	0.16216943221001692	0.546458413310928	0.08861885061301995	0.08861885061301995	False	6.6246_direct_+/+	6.6246_direct_+/+_(11g)	6.6246_direct_+/+_(29r)
6.6246	6.6524	chr4:172000-173000	0.9347029058259837	0.14184476600960239	0.13258271496538207	0.13258271496538207	False	6.6246_direct_+/+	6.6246_direct_+/+_(11g)	6.6246_direct_+/+_(29r)
6.6246	6.5945	chr4:237000-238000	0.3420443385826106	0.16139351938649826	0.05520373959007453	0.05520373959007453	False	6.6246_direct_+/+	6.6246_direct_+/+_(11g)	6.6246_direct_+/+_(29r)
6.6246	7.0793	chr2:341000-342000	0.14330710343396996	0.3514725634013951	0.05036851499756629	0.05036851499756629	False	6.6246_direct_+/+	6.6246_direct_+/+_(11g)	6.6246_direct_+/+_(29r)
6.6246	8.0831	chr3:382000-383000	0.10969464992609558	0.27492904776431126	0.030158245649020934	0.030158245649020934	False	6.6246_direct_+/+	6.6246_direct_+/+_(11g)	6.6246_direct_+/+_(29r)
6.6246	6.6967	chr3:376000-377000	0.28397898430628604	0.12564548859650834	0.03568067823430349	0.03568067823430349	False	6.6246_direct_+/+	6.6246_direct_+/+_(11g)	6.6246_direct_+/+_(29r)
6.6246	7.1731	chr3:135000-136000	0.3317113170780654	-0.15443986533127574	0.051229451138396526	0.051229451138396526	False	6.6246_direct_-/-	6.6246_direct_-/-_(11g)	6.6246_direct_-/-_(29r)
6.6246	6.9462	chr3:150000-151000	0.024678528097230725	0.31014570133422453	0.007653939404611989	0.007653939404611989	False	6.6246_direct_+/+	6.6246_direct_+/+_(11g)	6.6246_direct_+/+_(29r)
6.6246	6.5945	chr3:401000-402000	0.1314451316209291	0.22529820079500917	0.029614351657458494	0.029614351657458494	False	6.6246_direct_+/+	6.6246_direct_+/+_(11g)	6.6246_direct_+/+_(29r)
6.6246	8.0831	chr3:7000-8000	0.23387804906816406	-0.022941554492544064	0.005365526007307181	0.005365526007307181	False	6.6246_direct_-/-	6.6246_direct_-/-_(11g)	6.6246_direct_-/-_(29r)
6.6246	8.0831	chr4:269000-270000	0.3683633573350949	-0.0411339796553461	0.015152250846396778	0.015152250846396778	False	6.6246_direct_-/-	6.6246_direct_-/-_(11g)	6.6246_direct_-/-_(29r)
6.6246	6.5812	chr3:317000-318000	0.4934658907052556	0.5281474811825029	0.260622767225461	0.260622767225461	False	6.6246_direct_+/+	6.6246_direct_+/+_(11g)	6.6246_direct_+/+_(29r)
6.6246	6.5812	chr1:217000-218000	0.2193799706117842	0.1654398928691349	0.03629419883564754	0.03629419883564754	False	6.6246_direct_+/+	6.6246_direct_+/+_(11g)	6.6246_direct_+/+_(29r)
6.6246	6.6524	chr1:18000-19000	0.3576427250771415	-0.08198865777085673	0.029322646990586357	0.029322646990586357	False	6.6246_direct_-/-	6.6246_direct_-/-_(11g)	6.6246_direct_-/-_(29r)
6.6246	7.0062	chr4:420000-421000	0.22810938855216867	-0.09376623132019563	0.021388957693291032	0.021388957693291032	False	6.6246_direct_-/-	6.6246_direct_-/-_(11g)	6.6246_direct_-/-_(29r)
6.6246	6.5812	chr1:58000-59000	0.14075178437487457	0.13211574961979558	0.018595527503010384	0.018595527503010384	False	6.6246_direct_+/+	6.6246_direct_+/+_(11g)	6.6246_direct_+/+_(29r)
6.6246	6.5812	chr3:493000-494000	0.05105033200516286	0.34119658711512246	0.017418199051255474	0.017418199051255474	False	6.6246_direct_+/+	6.6246_direct_+/+_(11g)	6.6246_direct_+/+_(29r)
6.6246	7.0062	chr2:220000-221000	0.8912790912032521	0.11985304965857385	0.10682251717763194	0.10682251717763194	False	6.6246_direct_+/+	6.6246_direct_+/+_(11g)	6.6246_direct_+/+_(29r)
6.6246	7.246	chr3:173000-174000	0.3762840107752729	0.24668238469272344	0.09282263709978676	0.09282263709978676	False	6.6246_direct_+/+	6.6246_direct_+/+_(11g)	6.6246_direct_+/+_(29r)
6.6246	7.0062	chr1:499000-500000	0.6182567720940143	0.2462128491138711	0.15222276134121254	0.15222276134121254	False	6.6246_direct_+/+	6.6246_direct_+/+_(11g)	6.6246_direct_+/+_(29r)
6.6246	7.1731	chr4:461000-462000	0.33078903045246155	0.2266068756371702	0.07495906868588106	0.07495906868588106	False	6.6246_direct_+/+	6.6246_direct_+/+_(11g)	6.6246_direct_+/+_(29r)
6.6246	6.5812	chr1:8000-9000	0.7298362787229635	0.19139139454976864	0.13968438317780163	0.13968438317780163	False	6.6246_direct_+/+	6.6246_direct_+/+_(11g)	6.6246_direct_+/+_(29r)
6.6246	7.0062	chr4:93000-94000	2.1952950477948727	0.09049066711202763	0.1986537133826886	0.1986537133826886	False	6.6246_direct_+/+	6.6246_direct_+/+_(11g)	6.6246_direct_+/+_(29r)
6.6246	6.6967	chr1:393000-394000	0.2024803928406337	0.22856380325979275	0.046279688673192154	0.046279688673192154	False	6.6246_direct_+/+	6.6246_direct_+/+_(11g)	6.6246_direct_+/+_(29r)
6.6246	7.1731	chr3:364000-365000	0.8672154599330718	0.3361231379332208	0.2914911816569054	0.2914911816569054	False	6.6246_direct_+/+	6.6246_direct_+/+_(11g)	6.6246_direct_+/+_(29r)
6.6246	7.246	chr2:391000-392000	0.6895796987036	0.17347665863397432	0.11962598199292329	0.11962598199292329	False	6.6246_direct_+/+	6.6246_direct_+/+_(11g)	6.6246_direct_+/+_(29r)
6.634	7.2309	chr4:355000-356000	0.3764998825856933	0.02551691898643943	0.009607117002343093	0.009607117002343093	False	6.634_direct_+/+	6.634_direct_+/+_(5g)	6.634_direct_+/+_(6r)
6.634	6.7691	chr3:288000-289000	0.024248938972297598	0.2317725618461717	0.005620238707660889	0.005620238707660889	False	6.634_direct_+/+	6.634_direct_+/+_(5g)	6.634_direct_+/+_(6r)
6.634	6.9727	chr2:94000-95000	0.17885228515671567	0.005596456962291191	0.0010009391164869908	0.0010009391164869908	False	6.634_direct_+/+	6.634_direct_+/+_(5g)	6.634_direct_+/+_(6r)
6.634	6.8858	chr4:94000-95000	0.4590495314876585	0.26641782879827786	0.12229897948980865	0.12229897948980865	False	6.634_direct_+/+	6.634_direct_+/+_(5g)	6.634_direct_+/+_(6r)
6.634	7.0437	chr4:23000-24000	0.6250075217260761	0.31743106024228585	0.19839680028091183	0.19839680028091183	False	6.634_direct_+/+	6.634_direct_+/+_(5g)	6.634_direct_+/+_(6r)
6.634	6.8858	chr4:241000-242000	0.03851431408648955	0.17241960502750692	0.006640622822697875	0.006640622822697875	False	6.634_direct_+/+	6.634_direct_+/+_(5g)	6.634_direct_+/+_(6r)
7.4861	6.6899	chr1:294000-295000	0.026353845602913567	0.3917677793910948	0.010324587570269217	0.010324587570269217	False	7.4861_direct_+/+	7.4861_direct_+/+_(3g)	7.4861_direct_+/+_(16r)
7.4861	6.6899	chr4:6000-7000	0.635620626163978	0.005969638460950472	0.0037944253365219047	0.0037944253365219047	False	7.4861_direct_+/+	7.4861_direct_+/+_(3g)	7.4861_direct_+/+_(16r)
7.4861	6.8745	chr4:157000-158000	0.1774044386747026	0.27921025516193526	0.04953313858922361	0.04953313858922361	False	7.4861_direct_+/+	7.4861_direct_+/+_(3g)	7.4861_direct_+/+_(16r)
7.4861	6.8745	chr3:269000-270000	0.39248006275949404	0.1517506227412371	0.059559093937273044	0.059559093937273044	False	7.4861_direct_+/+	7.4861_direct_+/+_(3g)	7.4861_direct_+/+_(16r)
7.4861	6.8745	chr4:250000-251000	0.44922205298750445	-0.20552201946423576	0.09232502351786184	0.09232502351786184	False	7.4861_direct_-/-	7.4861_direct_-/-_(3g)	7.4861_direct_-/-_(16r)
7.4861	6.6899	chr2:417000-418000	0.34154655994654537	-0.001837510015744892	0.0006275952247449903	0.0006275952247449903	False	7.4861_direct_-/-	7.4861_direct_-/-_(3g)	7.4861_direct_-/-_(16r)
7.4861	6.8745	chr2:464000-465000	0.14922999222389216	0.05813809089548286	0.008675946852244843	0.008675946852244843	False	7.4861_direct_+/+	7.4861_direct_+/+_(3g)	7.4861_direct_+/+_(16r)
7.4861	7.1625	chr3:178000-179000	0.43400566479593544	0.13533116456373517	0.05873449204409203	0.05873449204409203	False	7.4861_direct_+/+	7.4861_direct_+/+_(3g)	7.4861_direct_+/+_(16r)
7.4861	7.1625	chr3:192000-193000	0.3884810692506702	0.14493943910274915	0.05630622827922839	0.05630622827922839	False	7.4861_direct_+/+	7.4861_direct_+/+_(3g)	7.4861_direct_+/+_(16r)
7.4861	7.1625	chr1:306000-307000	0.10893314991317568	0.10626853733516749	0.011576166508585707	0.011576166508585707	False	7.4861_direct_+/+	7.4861_direct_+/+_(3g)	7.4861_direct_+/+_(16r)
7.4861	7.1625	chr1:393000-394000	0.37102250983171575	0.24175229519670044	0.08969554332145764	0.08969554332145764	False	7.4861_direct_+/+	7.4861_direct_+/+_(3g)	7.4861_direct_+/+_(16r)
7.4861	6.8745	chr4:375000-376000	0.173222680050394	0.15502798145470062	0.02685436243038602	0.02685436243038602	False	7.4861_direct_+/+	7.4861_direct_+/+_(3g)	7.4861_direct_+/+_(16r)
7.4861	6.6899	chr4:88000-89000	0.37172614877283505	0.13814234077995013	0.051351120320595425	0.051351120320595425	False	7.4861_direct_+/+	7.4861_direct_+/+_(3g)	7.4861_direct_+/+_(16r)
7.4861	6.8745	chr2:50000-51000	0.031354150564428446	0.16461252060318143	0.00516128575578223	0.00516128575578223	False	7.4861_direct_+/+	7.4861_direct_+/+_(3g)	7.4861_direct_+/+_(16r)
7.4861	6.8745	chr4:8000-9000	0.41291862006888264	0.4702145148899732	0.1941603286247268	0.1941603286247268	False	7.4861_direct_+/+	7.4861_direct_+/+_(3g)	7.4861_direct_+/+_(16r)
7.4861	7.1625	chr2:349000-350000	0.0168901583553929	0.1587796542870968	0.0026818135045236047	0.0026818135045236047	False	7.4861_direct_+/+	7.4861_direct_+/+_(3g)	7.4861_direct_+/+_(16r)
7.1149	7.1031	chr4:68000-69000	0.5155072190209052	0.3705526127950186	0.19102254692289036	0.19102254692289036	False	7.1149_direct_+/+	7.1149_direct_+/+_(6g)	7.1149_direct_+/+_(14r)
7.1149	7.5094	chr2:346000-347000	0.25431826843757593	0.2311255227738704	0.05877944274358025	0.05877944274358025	False	7.1149_direct_+/+	7.1149_direct_+/+_(6g)	7.1149_direct_+/+_(14r)
7.1149	6.8643	chr3:246000-247000	0.21745082060933132	0.25197327138469894	0.05479179463422053	0.05479179463422053	False	7.1149_direct_+/+	7.1149_direct_+/+_(6g)	7.1149_direct_+/+_(14r)
7.1149	7.2084	chr4:151000-152000	0.17923365893783466	0.12393381588010875	0.02221311128631981	0.02221311128631981	False	7.1149_direct_+/+	7.1149_direct_+/+_(6g)	7.1149_direct_+/+_(14r)
7.1149	7.038	chr2:97000-98000	0.003327768006460159	0.1135234398909921	0.00037777967125254646	0.00037777967125254646	False	7.1149_direct_+/+	7.1149_direct_+/+_(6g)	7.1149_direct_+/+_(14r)
7.1149	7.038	chr3:40000-41000	0.21313640213005586	0.08463271648364157	0.018038312693816436	0.018038312693816436	False	7.1149_direct_+/+	7.1149_direct_+/+_(6g)	7.1149_direct_+/+_(14r)
7.1149	6.8643	chr4:40000-41000	0.09679286993740278	0.18130733057148055	0.017549256866703007	0.017549256866703007	False	7.1149_direct_+/+	7.1149_direct_+/+_(6g)	7.1149_direct_+/+_(14r)
7.1149	7.5094	chr4:446000-447000	0.7530108894969333	0.40440107935505865	0.3045184164786726	0.3045184164786726	False	7.1149_direct_+/+	7.1149_direct_+/+_(6g)	7.1149_direct_+/+_(14r)
7.1149	7.2084	chr3:53000-54000	0.03833422539917681	0.04756262383126261	0.0018232763425238795	0.0018232763425238795	False	7.1149_direct_+/+	7.1149_direct_+/+_(6g)	7.1149_direct_+/+_(14r)
7.1149	7.038	chr3:7000-8000	0.4632669862090222	0.3213339380159015	0.14886340503130344	0.14886340503130344	False	7.1149_direct_+/+	7.1149_direct_+/+_(6g)	7.1149_direct_+/+_(14r)
7.1149	7.038	chr1:276000-277000	0.016777754599969094	0.17594434991263277	0.0029519511260852464	0.0029519511260852464	False	7.1149_direct_+/+	7.1149_direct_+/+_(6g)	7.1149_direct_+/+_(14r)
7.1149	6.8643	chr3:179000-180000	0.9207174131681023	0.2321851105060272	0.21377687432125933	0.21377687432125933	False	7.1149_direct_+/+	7.1149_direct_+/+_(6g)	7.1149_direct_+/+_(14r)
7.1149	6.6199	chr2:82000-83000	0.2722491591338724	0.3980276295797626	0.1083626874651388	0.1083626874651388	False	7.1149_direct_+/+	7.1149_direct_+/+_(6g)	7.1149_direct_+/+_(14r)
7.1149	7.5094	chr1:446000-447000	0.01720638930161771	-0.009368380328872744	0.00016119599906420177	0.00016119599906420177	False	7.1149_direct_-/-	7.1149_direct_-/-_(6g)	7.1149_direct_-/-_(14r)
7.1769	7.0038	chr4:8000-9000	0.05608837559322492	0.25333269756836485	0.014209019491259306	0.014209019491259306	False	7.1769_direct_+/+	7.1769_direct_+/+_(6g)	7.1769_direct_+/+_(16r)
7.1769	6.8213	chr1:37000-38000	0.14981624911200714	0.24150361989950286	0.036181166480315406	0.036181166480315406	False	7.1769_direct_+/+	7.1769_direct_+/+_(6g)	7.1769_direct_+/+_(16r)
7.1769	6.8213	chr3:276000-277000	0.026356656500581523	0.4036821182149982	0.010639710925219852	0.010639710925219852	False	7.1769_direct_+/+	7.1769_direct_+/+_(6g)	7.1769_direct_+/+_(16r)
7.1769	7.2847	chr1:27000-28000	0.18626733276627527	0.3277103138568243	0.0610417260821096	0.0610417260821096	False	7.1769_direct_+/+	7.1769_direct_+/+_(6g)	7.1769_direct_+/+_(16r)
7.1769	5.95	chr3:42000-43000	0.10446099855210496	0.235222113019335	0.02457153680753582	0.02457153680753582	False	7.1769_direct_+/+	7.1769_direct_+/+_(6g)	7.1769_direct_+/+_(16r)
7.1769	7.2805	chr2:332000-333000	0.0752978921600115	0.3907332642491238	0.0294213911947598	0.0294213911947598	False	7.1769_direct_+/+	7.1769_direct_+/+_(6g)	7.1769_direct_+/+_(16r)
7.1769	6.8984	chr4:169000-170000	0.5124223972772236	0.18305123271978704	0.09379955149482423	0.09379955149482423	False	7.1769_direct_+/+	7.1769_direct_+/+_(6g)	7.1769_direct_+/+_(16r)
7.1769	7.2805	chr2:12000-13000	0.05483158430575404	-0.008799450578201501	0.00048248781622297173	0.00048248781622297173	False	7.1769_direct_-/-	7.1769_direct_-/-_(6g)	7.1769_direct_-/-_(16r)
7.1769	6.8984	chr1:212000-213000	0.6350355153239503	0.14592898936931062	0.09267009096484344	0.09267009096484344	False	7.1769_direct_+/+	7.1769_direct_+/+_(6g)	7.1769_direct_+/+_(16r)
7.1769	7.2805	chr1:226000-227000	0.10869858357036279	0.27708617744883723	0.030118875015614808	0.030118875015614808	False	7.1769_direct_+/+	7.1769_direct_+/+_(6g)	7.1769_direct_+/+_(16r)
7.1769	7.2805	chr2:382000-383000	0.4778943174931922	0.30253539848007166	0.1445799477741648	0.1445799477741648	False	7.1769_direct_+/+	7.1769_direct_+/+_(6g)	7.1769_direct_+/+_(16r)
7.1769	6.8213	chr4:18000-19000	0.021234303048128577	0.46485638996756046	0.009870901458430215	0.009870901458430215	False	7.1769_direct_+/+	7.1769_direct_+/+_(6g)	7.1769_direct_+/+_(16r)
7.1769	6.8984	chr3:228000-229000	0.20746390687375418	0.2612456695126756	0.05419904725094929	0.05419904725094929	False	7.1769_direct_+/+	7.1769_direct_+/+_(6g)	7.1769_direct_+/+_(16r)
7.1769	6.8984	chr1:86000-87000	0.1217869694411292	0.0489540092297128	0.005961960426079789	0.005961960426079789	False	7.1769_direct_+/+	7.1769_direct_+/+_(6g)	7.1769_direct_+/+_(16r)
7.1769	7.2847	chr4:266000-267000	0.061113105376603194	0.12361799561012983	0.007554679592166335	0.007554679592166335	False	7.1769_direct_+/+	7.1769_direct_+/+_(6g)	7.1769_direct_+/+_(16r)
7.1769	6.8984	chr2:412000-413000	0.06662706847503258	-0.0853104472819659	0.0056839850126911996	0.0056839850126911996	False	7.1769_direct_-/-	7.1769_direct_-/-_(6g)	7.1769_direct_-/-_(16r)
7.2791	6.7429	chr1:356000-357000	0.01477564238139237	0.20027204167920146	0.002959148066843188	0.002959148066843188	False	7.2791_direct_+/+	7.2791_direct_+/+_(7g)	7.2791_direct_+/+_(18r)
7.2791	6.8425	chr2:275000-276000	0.5590578120291831	0.231139739192858	0.12922047686615523	0.12922047686615523	False	7.2791_direct_+/+	7.2791_direct_+/+_(7g)	7.2791_direct_+/+_(18r)
7.2791	7.6718	chr4:442000-443000	1.3803603934185973	0.1423166683655262	0.19644829233506178	0.19644829233506178	False	7.2791_direct_+/+	7.2791_direct_+/+_(7g)	7.2791_direct_+/+_(18r)
7.2791	6.7429	chr4:388000-389000	0.17327380587361085	0.32086029492891777	0.05559668445606282	0.05559668445606282	False	7.2791_direct_+/+	7.2791_direct_+/+_(7g)	7.2791_direct_+/+_(18r)
7.2791	6.8425	chr2:91000-92000	0.12329552394154998	0.3493322878043418	0.04307110745453665	0.04307110745453665	False	7.2791_direct_+/+	7.2791_direct_+/+_(7g)	7.2791_direct_+/+_(18r)
7.2791	6.7429	chr3:86000-87000	0.11519922724294415	-0.07534864492930549	0.008680105669658975	0.008680105669658975	False	7.2791_direct_-/-	7.2791_direct_-/-_(7g)	7.2791_direct_-/-_(18r)
7.2791	7.6718	chr1:53000-54000	0.23545095744419933	0.27757952518085205	0.06535636497073785	0.06535636497073785	False	7.2791_direct_+/+	7.2791_direct_+/+_(7g)	7.2791_direct_+/+_(18r)
7.2791	6.3792	chr1:493000-494000	0.16732048378574674	0.2896478969529874	0.048464026245697976	0.048464026245697976	False	7.2791_direct_+/+	7.2791_direct_+/+_(7g)	7.2791_direct_+/+_(18r)
7.2791	6.8488	chr3:99000-100000	0.3922047755666187	-0.07784906485236404	0.03053277500849258	0.03053277500849258	False	7.2791_direct_-/-	7.2791_direct_-/-_(7g)	7.2791_direct_-/-_(18r)
7.2791	6.3792	chr1:216000-217000	0.39334769284664345	-0.1364433062589691	0.05366965972133349	0.05366965972133349	False	7.2791_direct_-/-	7.2791_direct_-/-_(7g)	7.2791_direct_-/-_(18r)
7.2791	7.3329	chr2:27000-28000	0.04926629736749003	0.4958813265184712	0.024430236891244423	0.024430236891244423	False	7.2791_direct_+/+	7.2791_direct_+/+_(7g)	7.2791_direct_+/+_(18r)
7.2791	7.4285	chr3:411000-412000	0.006103013821357928	0.2906181334382777	0.0017736464851110514	0.0017736464851110514	False	7.2791_direct_+/+	7.2791_direct_+/+_(7g)	7.2791_direct_+/+_(18r)
7.2791	6.8425	chr4:293000-294000	0.80533117321641	0.3131113899737134	0.2521583630349515	0.2521583630349515	False	7.2791_direct_+/+	7.2791_direct_+/+_(7g)	7.2791_direct_+/+_(18r)
7.2791	7.4285	chr3:206000-207000	0.06043591533267353	0.0644958563678465	0.0038978661147554433	0.0038978661147554433	False	7.2791_direct_+/+	7.2791_direct_+/+_(7g)	7.2791_direct_+/+_(18r)
7.2791	7.4285	chr1:385000-386000	0.18004277737989974	0.2133371488719618	0.03840981280121715	0.03840981280121715	False	7.2791_direct_+/+	7.2791_direct_+/+_(7g)	7.2791_direct_+/+_(18r)
7.2791	7.3329	chr1:415000-416000	0.1074169062790118	0.2858009417450709	0.030699852973883595	0.030699852973883595	False	7.2791_direct_+/+	7.2791_direct_+/+_(7g)	7.2791_direct_+/+_(18r)
7.2791	7.4285	chr2:76000-77000	0.16968454446714148	0.31348470123697103	0.053193508726813374	0.053193508726813374	False	7.2791_direct_+/+	7.2791_direct_+/+_(7g)	7.2791_direct_+/+_(18r)
7.2791	7.4285	chr1:233000-234000	0.9887108191541689	0.15931457880006752	0.15751604770861616	0.15751604770861616	False	7.2791_direct_+/+	7.2791_direct_+/+_(7g)	7.2791_direct_+/+_(18r)
8.177	6.7555	chr2:199000-200000	0.1826804063579325	0.18237867473429753	0.03331701041148267	0.03331701041148267	False	8.177_direct_+/+	8.177_direct_+/+_(9g)	8.177_direct_+/+_(30r)
8.177	7.6232	chr3:387000-388000	0.03639207115612838	0.24267088837543108	0.008831296237279575	0.008831296237279575	False	8.177_direct_+/+	8.177_direct_+/+_(9g)	8.177_direct_+/+_(30r)
8.177	7.0111	chr1:215000-216000	0.39528233373914207	0.28396856718965596	0.11224775794728757	0.11224775794728757	False	8.177_direct_+/+	8.177_direct_+/+_(9g)	8.177_direct_+/+_(30r)
8.177	7.0018	chr2:361000-362000	0.38967089364536667	-0.05028761108163837	0.019595618349472668	0.019595618349472668	False	8.177_direct_-/-	8.177_direct_-/-_(9g)	8.177_direct_-/-_(30r)
8.177	7.4131	chr3:397000-398000	0.37932685842571584	0.44586752081661013	0.16912952594542718	0.16912952594542718	False	8.177_direct_+/+	8.177_direct_+/+_(9g)	8.177_direct_+/+_(30r)
8.177	7.2304	chr2:136000-137000	0.23652224229113772	0.0485403942935094	0.011480882899996788	0.011480882899996788	False	8.177_direct_+/+	8.177_direct_+/+_(9g)	8.177_direct_+/+_(30r)
8.177	6.7555	chr4:174000-175000	0.08789879974415492	0.13525695309229274	0.011888923833863994	0.011888923833863994	False	8.177_direct_+/+	8.177_direct_+/+_(9g)	8.177_direct_+/+_(30r)
8.177	7.2304	chr4:452000-453000	0.21503615694711745	0.2673170777849775	0.05748283709321522	0.05748283709321522	False	8.177_direct_+/+	8.177_direct_+/+_(9g)	8.177_direct_+/+_(30r)
8.177	6.6942	chr4:308000-309000	0.3637431608631262	0.10735221568484749	0.039048634258866496	0.039048634258866496	False	8.177_direct_+/+	8.177_direct_+/+_(9g)	8.177_direct_+/+_(30r)
8.177	6.6942	chr4:202000-203000	1.2060418114193683	0.30513885731556545	0.3680102202113007	0.3680102202113007	False	8.177_direct_+/+	8.177_direct_+/+_(9g)	8.177_direct_+/+_(30r)
8.177	7.6232	chr4:434000-435000	0.964635528451802	0.11528389937435868	0.11120694519496885	0.11120694519496885	False	8.177_direct_+/+	8.177_direct_+/+_(9g)	8.177_direct_+/+_(30r)
8.177	7.0111	chr3:436000-437000	0.5154391213505235	-0.0713120523463378	0.0367570216030989	0.0367570216030989	False	8.177_direct_-/-	8.177_direct_-/-_(9g)	8.177_direct_-/-_(30r)
8.177	6.8496	chr1:487000-488000	0.21409582529810137	0.21414628683934486	0.04584782601539348	0.04584782601539348	False	8.177_direct_+/+	8.177_direct_+/+_(9g)	8.177_direct_+/+_(30r)
8.177	6.8496	chr2:280000-281000	0.18837608869837216	0.1089702233214237	0.020527384453877934	0.020527384453877934	False	8.177_direct_+/+	8.177_direct_+/+_(9g)	8.177_direct_+/+_(30r)
8.177	6.7555	chr4:323000-324000	0.18802953767396643	0.3039987035498901	0.05716073568197102	0.05716073568197102	False	8.177_direct_+/+	8.177_direct_+/+_(9g)	8.177_direct_+/+_(30r)
8.177	7.6232	chr1:124000-125000	0.1351796656927394	0.3406873306265983	0.04605399945985533	0.04605399945985533	False	8.177_direct_+/+	8.177_direct_+/+_(9g)	8.177_direct_+/+_(30r)
8.177	7.2304	chr3:96000-97000	0.6187385663695345	0.35920564473097005	0.22225438565268474	0.22225438565268474	False	8.177_direct_+/+	8.177_direct_+/+_(9g)	8.177_direct_+/+_(30r)
8.177	7.2304	chr1:143000-144000	0.27872885069455483	0.28606166315066195	0.0797336385977569	0.0797336385977569	False	8.177_direct_+/+	8.177_direct_+/+_(9g)	8.177_direct_+/+_(30r)
8.177	6.7555	chr3:274000-275000	0.294512859866705	0.12376094736573039	0.036449190548494007	0.036449190548494007	False	8.177_direct_+/+	8.177_direct_+/+_(9g)	8.177_direct_+/+_(30r)
8.177	6.6942	chr2:313000-314000	0.421382613998728	0.5204781117935153	0.21932042727667367	0.21932042727667367	False	8.177_direct_+/+	8.177_direct_+/+_(9g)	8.177_direct_+/+_(30r)
8.177	6.8496	chr2:428000-429000	0.012222390758954664	0.30442519957389336	0.0037208037460648834	0.0037208037460648834	False	8.177_direct_+/+	8.177_direct_+/+_(9g)	8.177_direct_+/+_(30r)
8.177	7.0111	chr3:36000-37000	0.12614719862357807	0.5306343453943461	0.0669380361649529	0.0669380361649529	False	8.177_direct_+/+	8.177_direct_+/+_(9g)	8.177_direct_+/+_(30r)
8.177	6.6942	chr4:62000-63000	0.8384599934625607	0.16648356352053073	0.139589807581048	0.139589807581048	False	8.177_direct_+/+	8.177_direct_+/+_(9g)	8.177_direct_+/+_(30r)
8.177	6.8496	chr3:146000-147000	0.5096563616429106	0.08979406161108235	0.04576411473784358	0.04576411473784358	False	8.177_direct_+/+	8.177_direct_+/+_(9g)	8.177_direct_+/+_(30r)
8.177	6.6942	chr2:105000-106000	0.44993483532623607	0.309740165323766	0.1393628902788698	0.1393628902788698	False	8.177_direct_+/+	8.177_direct_+/+_(9g)	8.177_direct_+/+_(30r)
8.177	7.4541	chr3:184000-185000	0.22074262134129682	0.3529924225199551	0.07792047266066951	0.07792047266066951	False	8.177_direct_+/+	8.177_direct_+/+_(9g)	8.177_direct_+/+_(30r)
8.177	6.8496	chr3:162000-163000	0.42383976012875896	0.27785933354073883	0.11776783327744357	0.11776783327744357	False	8.177_direct_+/+	8.177_direct_+/+_(9g)	8.177_direct_+/+_(30r)
8.177	6.8496	chr2:349000-350000	0.03192219419348435	0.2080310945923252	0.006640808999859316	0.006640808999859316	False	8.177_direct_+/+	8.177_direct_+/+_(9g)	8.177_direct_+/+_(30r)
8.177	6.8496	chr2:94000-95000	0.016125586103574355	0.2780752824615462	0.0044841269106094235	0.0044841269106094235	False	8.177_direct_+/+	8.177_direct_+/+_(9g)	8.177_direct_+/+_(30r)
8.177	6.7555	chr3:88000-89000	0.11391106165184196	-0.13018652101763772	0.01482968482187895	0.01482968482187895	False	8.177_direct_-/-	8.177_direct_-/-_(9g)	8.177_direct_-/-_(30r)
8.5945	6.6579	chr2:304000-305000	0.2684305426285738	0.26868276155000226	0.07212265947781081	0.07212265947781081	False	8.5945_direct_+/+	8.5945_direct_+/+_(9g)	8.5945_direct_+/+_(24r)
8.5945	6.6005	chr4:362000-363000	0.35602158398780354	0.24395888684683587	0.08685462932311183	0.08685462932311183	False	8.5945_direct_+/+	8.5945_direct_+/+_(9g)	8.5945_direct_+/+_(24r)
8.5945	7.4209	chr3:397000-398000	0.21943584172804556	0.05854147872991067	0.012846098661102423	0.012846098661102423	False	8.5945_direct_+/+	8.5945_direct_+/+_(9g)	8.5945_direct_+/+_(24r)
8.5945	7.1111	chr4:433000-434000	0.49049544325783717	0.23501986947203643	0.11527617505108555	0.11527617505108555	False	8.5945_direct_+/+	8.5945_direct_+/+_(9g)	8.5945_direct_+/+_(24r)
8.5945	6.8622	chr2:474000-475000	0.09023172704288533	0.19503095406893045	0.01759797981246124	0.01759797981246124	False	8.5945_direct_+/+	8.5945_direct_+/+_(9g)	8.5945_direct_+/+_(24r)
8.5945	6.6579	chr2:15000-16000	0.18010861452736285	0.01625974247165718	0.002928519689141893	0.002928519689141893	False	8.5945_direct_+/+	8.5945_direct_+/+_(9g)	8.5945_direct_+/+_(24r)
8.5945	8.6721	chr4:499000-500000	0.15204729090274188	0.18512362043309258	0.028147544968959198	0.028147544968959198	False	8.5945_direct_+/+	8.5945_direct_+/+_(9g)	8.5945_direct_+/+_(24r)
8.5945	8.6721	chr1:458000-459000	0.24155998020608632	0.5620090872675705	0.13575890399599497	0.13575890399599497	False	8.5945_direct_+/+	8.5945_direct_+/+_(9g)	8.5945_direct_+/+_(24r)
8.5945	7.1111	chr4:263000-264000	0.2731847334203526	0.14402522266802045	0.039345492060370094	0.039345492060370094	False	8.5945_direct_+/+	8.5945_direct_+/+_(9g)	8.5945_direct_+/+_(24r)
8.5945	6.7915	chr1:24000-25000	0.4046719810644282	0.2632069716647124	0.10651248665352799	0.10651248665352799	False	8.5945_direct_+/+	8.5945_direct_+/+_(9g)	8.5945_direct_+/+_(24r)
8.5945	6.6005	chr1:458000-459000	0.5674984836862857	0.18981278936562004	0.10771847014925372	0.10771847014925372	False	8.5945_direct_+/+	8.5945_direct_+/+_(9g)	8.5945_direct_+/+_(24r)
8.5945	6.8663	chr3:217000-218000	0.030187873588016466	-0.027595932351773933	0.0008330625173788055	0.0008330625173788055	False	8.5945_direct_-/-	8.5945_direct_-/-_(9g)	8.5945_direct_-/-_(24r)
8.5945	6.6005	chr4:255000-256000	0.13962196691467577	0.12175866322189666	0.017000184047942804	0.017000184047942804	False	8.5945_direct_+/+	8.5945_direct_+/+_(9g)	8.5945_direct_+/+_(24r)
8.5945	7.2469	chr1:449000-450000	0.2524631721489177	-0.2349840670412498	0.05932482296968787	0.05932482296968787	False	8.5945_direct_-/-	8.5945_direct_-/-_(9g)	8.5945_direct_-/-_(24r)
8.5945	7.1111	chr2:160000-161000	0.006700016754439836	0.3857544248765167	0.0025845611097719645	0.0025845611097719645	False	8.5945_direct_+/+	8.5945_direct_+/+_(9g)	8.5945_direct_+/+_(24r)
8.5945	6.8663	chr2:15000-16000	0.3687115780023713	0.2849340147343926	0.10505847019926882	0.10505847019926882	False	8.5945_direct_+/+	8.5945_direct_+/+_(9g)	8.5945_direct_+/+_(24r)
8.5945	6.6579	chr3:335000-336000	0.04305569814655689	0.22505555010895328	0.0096899238316984	0.0096899238316984	False	8.5945_direct_+/+	8.5945_direct_+/+_(9g)	8.5945_direct_+/+_(24r)
8.5945	8.6721	chr4:327000-328000	0.06301024431833704	0.33841776442563	0.021323786018124374	0.021323786018124374	False	8.5945_direct_+/+	8.5945_direct_+/+_(9g)	8.5945_direct_+/+_(24r)
8.5945	6.6579	chr4:388000-389000	0.07696253473472778	0.167838220743996	0.012917254893824701	0.012917254893824701	False	8.5945_direct_+/+	8.5945_direct_+/+_(9g)	8.5945_direct_+/+_(24r)
8.5945	6.6579	chr4:175000-176000	0.30407672433860033	-0.250936664216452	0.07630399887139398	0.07630399887139398	False	8.5945_direct_-/-	8.5945_direct_-/-_(9g)	8.5945_direct_-/-_(24r)
8.5945	6.8622	chr3:325000-326000	0.25013928940870117	0.1739567082073035	0.04351340737885167	0.04351340737885167	False	8.5945_direct_+/+	8.5945_direct_+/+_(9g)	8.5945_direct_+/+_(24r)
8.5945	6.7915	chr1:229000-230000	0.032578083726819126	0.1918311290809152	0.006249490584608303	0.006249490584608303	False	8.5945_direct_+/+	8.5945_direct_+/+_(9g)	8.5945_direct_+/+_(24r)
8.5945	6.6005	chr3:337000-338000	0.6218444754553533	0.35458816114764313	0.22049868907153441	0.22049868907153441	False	8.5945_direct_+/+	8.5945_direct_+/+_(9g)	8.5945_direct_+/+_(24r)
8.5945	6.6579	chr2:491000-492000	0.22998214868039768	0.3739420382637922	0.08599999344183441	0.08599999344183441	False	8.5945_direct_+/+	8.5945_direct_+/+_(9g)	8.5945_direct_+/+_(24r)
7.031	6.6075	chr2:186000-187000	0.14460439793115107	0.19633172337589014	0.02839043065355589	0.02839043065355589	False	7.031_direct_+/+	7.031_direct_+/+_(8g)	7.031_direct_+/+_(28r)
7.031	7.0936	chr4:336000-337000	0.004727983450756862	0.04281940961272793	0.00020244946002015695	0.00020244946002015695	False	7.031_direct_+/+	7.031_direct_+/+_(8g)	7.031_direct_+/+_(28r)
7.031	8.2846	chr3:74000-75000	0.5174388667095956	0.2529439963308353	0.13088305480242354	0.13088305480242354	False	7.031_direct_+/+	7.031_direct_+/+_(8g)	7.031_direct_+/+_(28r)
7.031	6.4208	chr4:139000-140000	0.8069965610073756	0.13402035685768737	0.10815396708913495	0.10815396708913495	False	7.031_direct_+/+	7.031_direct_+/+_(8g)	7.031_direct_+/+_(28r)
7.031	6.7182	chr3:424000-425000	0.4420939051720894	-0.07821787062389585	0.03457964387836337	0.03457964387836337	False	7.031_direct_-/-	7.031_direct_-/-_(8g)	7.031_direct_-/-_(28r)
7.031	7.0936	chr4:178000-179000	0.13693036878875584	0.20233685713722013	0.027706060467357355	0.027706060467357355	False	7.031_direct_+/+	7.031_direct_+/+_(8g)	7.031_direct_+/+_(28r)
7.031	6.6075	chr4:400000-401000	0.8474388108475569	0.13009452471976368	0.11024714932629463	0.11024714932629463	False	7.031_direct_+/+	7.031_direct_+/+_(8g)	7.031_direct_+/+_(28r)
7.031	8.2846	chr1:281000-282000	0.04658041376466492	0.33187644521516396	0.015458942136868487	0.015458942136868487	False	7.031_direct_+/+	7.031_direct_+/+_(8g)	7.031_direct_+/+_(28r)
7.031	6.6075	chr4:252000-253000	0.13826834285617703	0.056573467527552934	0.007822319604662488	0.007822319604662488	False	7.031_direct_+/+	7.031_direct_+/+_(8g)	7.031_direct_+/+_(28r)
7.031	7.0936	chr3:401000-402000	0.5700807109060576	0.23305723741820508	0.1328614355891722	0.1328614355891722	False	7.031_direct_+/+	7.031_direct_+/+_(8g)	7.031_direct_+/+_(28r)
7.031	8.2846	chr4:175000-176000	0.8134868481607133	0.2903699143551351	0.2362121064294551	0.2362121064294551	False	7.031_direct_+/+	7.031_direct_+/+_(8g)	7.031_direct_+/+_(28r)
7.031	6.6075	chr3:338000-339000	0.1755889859501645	-0.1150039761477436	0.020193431552019206	0.020193431552019206	False	7.031_direct_-/-	7.031_direct_-/-_(8g)	7.031_direct_-/-_(28r)
7.031	6.8328	chr3:387000-388000	0.03951162628826868	-0.013838997321715452	0.0005468012903799721	0.0005468012903799721	False	7.031_direct_-/-	7.031_direct_-/-_(8g)	7.031_direct_-/-_(28r)
7.031	6.4208	chr2:114000-115000	0.316248615651796	0.24179287880988776	0.0764666631980895	0.0764666631980895	False	7.031_direct_+/+	7.031_direct_+/+_(8g)	7.031_direct_+/+_(28r)
7.031	6.6075	chr2:151000-152000	0.7268811943705707	0.3123565916789059	0.2270461324290838	0.2270461324290838	False	7.031_direct_+/+	7.031_direct_+/+_(8g)	7.031_direct_+/+_(28r)
7.031	6.6075	chr2:204000-205000	0.4037564301347188	0.46376267860686876	0.18724716354402426	0.18724716354402426	False	7.031_direct_+/+	7.031_direct_+/+_(8g)	7.031_direct_+/+_(28r)
7.031	7.0437	chr4:23000-24000	0.6250075217260761	0.31743106024228585	0.19839680028091183	0.19839680028091183	False	7.031_direct_+/+	7.031_direct_+/+_(8g)	7.031_direct_+/+_(28r)
7.031	6.4208	chr3:306000-307000	0.40880684481543506	0.05366441511155773	0.021938380220621667	0.021938380220621667	False	7.031_direct_+/+	7.031_direct_+/+_(8g)	7.031_direct_+/+_(28r)
7.031	7.0936	chr3:434000-435000	0.9072201545486951	0.21733969955955806	0.19717495582398922	0.19717495582398922	False	7.031_direct_+/+	7.031_direct_+/+_(8g)	7.031_direct_+/+_(28r)
7.031	6.6075	chr2:419000-420000	0.026781534259580613	0.25409718371536927	0.006805112430936111	0.006805112430936111	False	7.031_direct_+/+	7.031_direct_+/+_(8g)	7.031_direct_+/+_(28r)
7.031	7.581	chr4:52000-53000	0.6056221598302866	0.12773510433597873	0.07735920977410245	0.07735920977410245	False	7.031_direct_+/+	7.031_direct_+/+_(8g)	7.031_direct_+/+_(28r)
7.031	6.8328	chr2:321000-322000	0.37976954590621836	0.0864309729775925	0.03282385135993293	0.03282385135993293	False	7.031_direct_+/+	7.031_direct_+/+_(8g)	7.031_direct_+/+_(28r)
7.031	6.8328	chr2:302000-303000	0.09350739013506089	0.07150240528838073	0.006686003306895858	0.006686003306895858	False	7.031_direct_+/+	7.031_direct_+/+_(8g)	7.031_direct_+/+_(28r)
7.031	8.2846	chr1:496000-497000	0.03478571225032061	0.011296295715682192	0.00039294969226025023	0.00039294969226025023	False	7.031_direct_+/+	7.031_direct_+/+_(8g)	7.031_direct_+/+_(28r)
7.031	8.2846	chr2:53000-54000	0.13676542797286015	0.2465519412266866	0.03371978175940726	0.03371978175940726	False	7.031_direct_+/+	7.031_direct_+/+_(8g)	7.031_direct_+/+_(28r)
7.031	8.2846	chr2:98000-99000	0.04920222907531934	0.423470394735703	0.020835687368401967	0.020835687368401967	False	7.031_direct_+/+	7.031_direct_+/+_(8g)	7.031_direct_+/+_(28r)
7.031	6.7182	chr4:394000-395000	0.01451291103404845	0.14262647616307328	0.0020699253596545143	0.0020699253596545143	False	7.031_direct_+/+	7.031_direct_+/+_(8g)	7.031_direct_+/+_(28r)
7.031	7.0936	chr1:298000-299000	0.16089799705020033	0.18064488273053245	0.029065399808710993	0.029065399808710993	False	7.031_direct_+/+	7.031_direct_+/+_(8g)	7.031_direct_+/+_(28r)
6.7057	8.1231	chr1:418000-419000	0.2793908363980719	0.06399189971301053	0.017878750383519548	0.017878750383519548	False	6.7057_direct_+/+	6.7057_direct_+/+_(5g)	6.7057_direct_+/+_(16r)
6.7057	8.1231	chr4:135000-136000	0.1874637067304712	0.2899844950566509	0.05436156833768378	0.05436156833768378	False	6.7057_direct_+/+	6.7057_direct_+/+_(5g)	6.7057_direct_+/+_(16r)
6.7057	8.1231	chr4:192000-193000	0.22872415741470845	0.2272799382587743	0.05198441237550511	0.05198441237550511	False	6.7057_direct_+/+	6.7057_direct_+/+_(5g)	6.7057_direct_+/+_(16r)
6.7057	8.1231	chr4:272000-273000	0.6326734306321075	0.477006098860405	0.30178908499845064	0.30178908499845064	False	6.7057_direct_+/+	6.7057_direct_+/+_(5g)	6.7057_direct_+/+_(16r)
6.7057	6.6681	chr4:468000-469000	0.16009990018773063	0.17985978449637344	0.028795533545656126	0.028795533545656126	False	6.7057_direct_+/+	6.7057_direct_+/+_(5g)	6.7057_direct_+/+_(16r)
6.7057	8.1231	chr1:72000-73000	0.1547414894226899	0.3488063524304784	0.05397481449518792	0.05397481449518792	False	6.7057_direct_+/+	6.7057_direct_+/+_(5g)	6.7057_direct_+/+_(16r)
6.7057	8.1231	chr1:252000-253000	0.7682404345848398	0.5697316453786525	0.43769088684243185	0.43769088684243185	False	6.7057_direct_+/+	6.7057_direct_+/+_(5g)	6.7057_direct_+/+_(16r)
6.7057	7.0634	chr1:363000-364000	0.07816243109292237	0.17334590343298997	0.013549137232321453	0.013549137232321453	False	6.7057_direct_+/+	6.7057_direct_+/+_(5g)	6.7057_direct_+/+_(16r)
6.7057	8.1231	chr3:394000-395000	0.0666604314757536	0.427521930069481	0.02849879632377856	0.02849879632377856	False	6.7057_direct_+/+	6.7057_direct_+/+_(5g)	6.7057_direct_+/+_(16r)
6.7057	7.0634	chr1:307000-308000	0.37768710552729245	0.3314070188794691	0.12516815771201545	0.12516815771201545	False	6.7057_direct_+/+	6.7057_direct_+/+_(5g)	6.7057_direct_+/+_(16r)
6.7057	6.6681	chr4:336000-337000	0.17423452335482453	-0.011049936694461887	0.0019252804530605523	0.0019252804530605523	False	6.7057_direct_-/-	6.7057_direct_-/-_(5g)	6.7057_direct_-/-_(16r)
6.7057	6.6681	chr4:284000-285000	0.1578744767820447	0.14951711151827402	0.023604935750910137	0.023604935750910137	False	6.7057_direct_+/+	6.7057_direct_+/+_(5g)	6.7057_direct_+/+_(16r)
6.7057	6.8892	chr2:469000-470000	0.5862773752167483	0.4219979619770985	0.24740785749475044	0.24740785749475044	False	6.7057_direct_+/+	6.7057_direct_+/+_(5g)	6.7057_direct_+/+_(16r)
6.7057	6.8892	chr4:145000-146000	0.17711578676446033	0.3176004168966122	0.05625204771536407	0.05625204771536407	False	6.7057_direct_+/+	6.7057_direct_+/+_(5g)	6.7057_direct_+/+_(16r)
6.7057	8.1231	chr1:499000-500000	0.17633411661915355	0.07211866354114621	0.012716980827281973	0.012716980827281973	False	6.7057_direct_+/+	6.7057_direct_+/+_(5g)	6.7057_direct_+/+_(16r)
6.7057	8.1231	chr1:140000-141000	0.10147660340222027	0.08766009601093432	0.008895448797102133	0.008895448797102133	False	6.7057_direct_+/+	6.7057_direct_+/+_(5g)	6.7057_direct_+/+_(16r)
6.9383	8.1784	chr2:286000-287000	0.07394022873563828	-0.05503073118220991	0.004068984851102023	0.004068984851102023	False	6.9383_direct_-/-	6.9383_direct_-/-_(3g)	6.9383_direct_-/-_(6r)
6.9383	7.0251	chr2:159000-160000	0.22414067969476917	0.39339047940734545	0.0881748094398135	0.0881748094398135	False	6.9383_direct_+/+	6.9383_direct_+/+_(3g)	6.9383_direct_+/+_(6r)
6.9383	8.1784	chr4:293000-294000	0.16014777164272365	0.17252325966421572	0.027629215591763134	0.027629215591763134	False	6.9383_direct_+/+	6.9383_direct_+/+_(3g)	6.9383_direct_+/+_(6r)
6.9383	8.1784	chr4:238000-239000	0.18196115363713555	0.4396059184928772	0.07999120007467653	0.07999120007467653	False	6.9383_direct_+/+	6.9383_direct_+/+_(3g)	6.9383_direct_+/+_(6r)
6.9383	8.1784	chr1:5000-6000	0.17062677675692609	0.14418676378205675	0.02460212275514463	0.02460212275514463	False	6.9383_direct_+/+	6.9383_direct_+/+_(3g)	6.9383_direct_+/+_(6r)
6.9383	8.1784	chr3:210000-211000	0.010579585317738721	0.28372050845396735	0.003001645325580958	0.003001645325580958	False	6.9383_direct_+/+	6.9383_direct_+/+_(3g)	6.9383_direct_+/+_(6r)
8.0338	7.8165	chr2:315000-316000	0.027796637685934687	0.33226415584229163	0.00923582635597112	0.00923582635597112	False	8.0338_direct_+/+	8.0338_direct_+/+_(4g)	8.0338_direct_+/+_(20r)
8.0338	8.1231	chr1:418000-419000	0.2793908363980719	0.06399189971301053	0.017878750383519548	0.017878750383519548	False	8.0338_direct_+/+	8.0338_direct_+/+_(4g)	8.0338_direct_+/+_(20r)
8.0338	6.995	chr2:294000-295000	0.3720488396981161	0.07341554594841115	0.027314168685910096	0.027314168685910096	False	8.0338_direct_+/+	8.0338_direct_+/+_(4g)	8.0338_direct_+/+_(20r)
8.0338	8.1231	chr4:135000-136000	0.1874637067304712	0.2899844950566509	0.05436156833768378	0.05436156833768378	False	8.0338_direct_+/+	8.0338_direct_+/+_(4g)	8.0338_direct_+/+_(20r)
8.0338	8.1231	chr4:192000-193000	0.22872415741470845	0.2272799382587743	0.05198441237550511	0.05198441237550511	False	8.0338_direct_+/+	8.0338_direct_+/+_(4g)	8.0338_direct_+/+_(20r)
8.0338	8.1231	chr4:272000-273000	0.6326734306321075	0.477006098860405	0.30178908499845064	0.30178908499845064	False	8.0338_direct_+/+	8.0338_direct_+/+_(4g)	8.0338_direct_+/+_(20r)
8.0338	7.8165	chr1:38000-39000	0.4751450101911925	0.04681507743039304	0.022243950442765566	0.022243950442765566	False	8.0338_direct_+/+	8.0338_direct_+/+_(4g)	8.0338_direct_+/+_(20r)
8.0338	8.1231	chr1:72000-73000	0.1547414894226899	0.3488063524304784	0.05397481449518792	0.05397481449518792	False	8.0338_direct_+/+	8.0338_direct_+/+_(4g)	8.0338_direct_+/+_(20r)
8.0338	8.1231	chr1:252000-253000	0.7682404345848398	0.5697316453786525	0.43769088684243185	0.43769088684243185	False	8.0338_direct_+/+	8.0338_direct_+/+_(4g)	8.0338_direct_+/+_(20r)
8.0338	6.995	chr3:143000-144000	0.8585237877462458	0.24877651947935958	0.2135805598057475	0.2135805598057475	False	8.0338_direct_+/+	8.0338_direct_+/+_(4g)	8.0338_direct_+/+_(20r)
8.0338	6.995	chr2:229000-230000	0.045255273161399164	-0.13116263745738532	0.005935800986703539	0.005935800986703539	False	8.0338_direct_-/-	8.0338_direct_-/-_(4g)	8.0338_direct_-/-_(20r)
8.0338	7.8165	chr1:474000-475000	0.6348231203305861	0.1525162471606232	0.09682083992361772	0.09682083992361772	False	8.0338_direct_+/+	8.0338_direct_+/+_(4g)	8.0338_direct_+/+_(20r)
8.0338	6.995	chr1:330000-331000	0.15913276532456197	0.1831628799572512	0.02914721559240817	0.02914721559240817	False	8.0338_direct_+/+	8.0338_direct_+/+_(4g)	8.0338_direct_+/+_(20r)
8.0338	8.1231	chr3:394000-395000	0.0666604314757536	0.427521930069481	0.02849879632377856	0.02849879632377856	False	8.0338_direct_+/+	8.0338_direct_+/+_(4g)	8.0338_direct_+/+_(20r)
8.0338	7.8165	chr4:289000-290000	0.3197070404398948	0.030082257309838267	0.009617509454279784	0.009617509454279784	False	8.0338_direct_+/+	8.0338_direct_+/+_(4g)	8.0338_direct_+/+_(20r)
8.0338	7.8165	chr4:300000-301000	0.3454029118692526	0.3243820911239383	0.11204251883244552	0.11204251883244552	False	8.0338_direct_+/+	8.0338_direct_+/+_(4g)	8.0338_direct_+/+_(20r)
8.0338	6.995	chr3:428000-429000	0.8821059365347373	0.4110402118837626	0.3625810110571633	0.3625810110571633	False	8.0338_direct_+/+	8.0338_direct_+/+_(4g)	8.0338_direct_+/+_(20r)
8.0338	8.1231	chr1:499000-500000	0.17633411661915355	0.07211866354114621	0.012716980827281973	0.012716980827281973	False	8.0338_direct_+/+	8.0338_direct_+/+_(4g)	8.0338_direct_+/+_(20r)
8.0338	8.1231	chr1:140000-141000	0.10147660340222027	0.08766009601093432	0.008895448797102133	0.008895448797102133	False	8.0338_direct_+/+	8.0338_direct_+/+_(4g)	8.0338_direct_+/+_(20r)
8.0338	6.995	chr2:96000-97000	0.023088582277145008	0.2713382653892874	0.00626481586537837	0.00626481586537837	False	8.0338_direct_+/+	8.0338_direct_+/+_(4g)	8.0338_direct_+/+_(20r)
6.771	6.7869	chr3:15000-16000	0.3455695254492357	0.31339029226874787	0.10829813457970848	0.10829813457970848	False	6.771_direct_+/+	6.771_direct_+/+_(2g)	6.771_direct_+/+_(7r)
6.771	6.4208	chr4:139000-140000	0.8069965610073756	0.13402035685768737	0.10815396708913495	0.10815396708913495	False	6.771_direct_+/+	6.771_direct_+/+_(2g)	6.771_direct_+/+_(7r)
6.771	6.7869	chr3:292000-293000	0.434196959271595	0.36387478071280294	0.15799332334111746	0.15799332334111746	False	6.771_direct_+/+	6.771_direct_+/+_(2g)	6.771_direct_+/+_(7r)
6.771	6.4208	chr2:114000-115000	0.316248615651796	0.24179287880988776	0.0764666631980895	0.0764666631980895	False	6.771_direct_+/+	6.771_direct_+/+_(2g)	6.771_direct_+/+_(7r)
6.771	6.7869	chr2:92000-93000	0.09017074000175906	0.3194139058997853	0.028801788261835874	0.028801788261835874	False	6.771_direct_+/+	6.771_direct_+/+_(2g)	6.771_direct_+/+_(7r)
6.771	6.4208	chr3:306000-307000	0.40880684481543506	0.05366441511155773	0.021938380220621667	0.021938380220621667	False	6.771_direct_+/+	6.771_direct_+/+_(2g)	6.771_direct_+/+_(7r)
6.771	6.7869	chr2:330000-331000	0.08063161363942085	0.30079169117217464	0.024253319428542783	0.024253319428542783	False	6.771_direct_+/+	6.771_direct_+/+_(2g)	6.771_direct_+/+_(7r)
7.1619	7.0335	chr1:116000-117000	0.1677498660454059	0.14473250163699553	0.024278857762022488	0.024278857762022488	False	7.1619_direct_+/+	7.1619_direct_+/+_(7g)	7.1619_direct_+/+_(19r)
7.1619	7.0561	chr2:366000-367000	0.6985337042602896	0.32867969881826997	0.22959384753068246	0.22959384753068246	False	7.1619_direct_+/+	7.1619_direct_+/+_(7g)	7.1619_direct_+/+_(19r)
7.1619	7.0561	chr1:9000-10000	0.603117714014076	0.22266199432290928	0.1342913930138482	0.1342913930138482	False	7.1619_direct_+/+	7.1619_direct_+/+_(7g)	7.1619_direct_+/+_(19r)
7.1619	14.48	chr4:443000-444000	0.15922734405161332	0.28656081907708103	0.0456283181308985	0.0456283181308985	False	7.1619_direct_+/+	7.1619_direct_+/+_(7g)	7.1619_direct_+/+_(19r)
7.1619	8.1784	chr2:286000-287000	0.07394022873563828	-0.05503073118220991	0.004068984851102023	0.004068984851102023	False	7.1619_direct_-/-	7.1619_direct_-/-_(7g)	7.1619_direct_-/-_(19r)
7.1619	14.48	chr4:342000-343000	0.26872383919785386	0.033041835940443215	0.008879129008061532	0.008879129008061532	False	7.1619_direct_+/+	7.1619_direct_+/+_(7g)	7.1619_direct_+/+_(19r)
7.1619	8.1784	chr4:293000-294000	0.16014777164272365	0.17252325966421572	0.027629215591763134	0.027629215591763134	False	7.1619_direct_+/+	7.1619_direct_+/+_(7g)	7.1619_direct_+/+_(19r)
7.1619	8.1784	chr4:238000-239000	0.18196115363713555	0.4396059184928772	0.07999120007467653	0.07999120007467653	False	7.1619_direct_+/+	7.1619_direct_+/+_(7g)	7.1619_direct_+/+_(19r)
7.1619	8.1784	chr1:5000-6000	0.17062677675692609	0.14418676378205675	0.02460212275514463	0.02460212275514463	False	7.1619_direct_+/+	7.1619_direct_+/+_(7g)	7.1619_direct_+/+_(19r)
7.1619	7.1314	chr2:299000-300000	0.5205112605463846	0.2184659126881414	0.11371396759972088	0.11371396759972088	False	7.1619_direct_+/+	7.1619_direct_+/+_(7g)	7.1619_direct_+/+_(19r)
7.1619	7.0335	chr2:388000-389000	1.367066427668585	0.21794003940006565	0.2979385111085984	0.2979385111085984	False	7.1619_direct_+/+	7.1619_direct_+/+_(7g)	7.1619_direct_+/+_(19r)
7.1619	6.8558	chr1:317000-318000	0.07943845375243751	0.07380032572865355	0.005862583762310469	0.005862583762310469	False	7.1619_direct_+/+	7.1619_direct_+/+_(7g)	7.1619_direct_+/+_(19r)
7.1619	7.0561	chr1:498000-499000	0.45158595198884066	0.2416037692947014	0.10910486816103997	0.10910486816103997	False	7.1619_direct_+/+	7.1619_direct_+/+_(7g)	7.1619_direct_+/+_(19r)
7.1619	7.0335	chr2:27000-28000	0.14481872335886165	0.28917816131847807	0.04187841214540494	0.04187841214540494	False	7.1619_direct_+/+	7.1619_direct_+/+_(7g)	7.1619_direct_+/+_(19r)
7.1619	7.1314	chr4:218000-219000	0.01564154481303434	0.1743141565317427	0.0027265426909375366	0.0027265426909375366	False	7.1619_direct_+/+	7.1619_direct_+/+_(7g)	7.1619_direct_+/+_(19r)
7.1619	8.1784	chr3:210000-211000	0.010579585317738721	0.28372050845396735	0.003001645325580958	0.003001645325580958	False	7.1619_direct_+/+	7.1619_direct_+/+_(7g)	7.1619_direct_+/+_(19r)
7.1619	6.9398	chr2:126000-127000	0.1978432465156695	0.06368786286354122	0.012600213552567739	0.012600213552567739	False	7.1619_direct_+/+	7.1619_direct_+/+_(7g)	7.1619_direct_+/+_(19r)
7.1619	6.8558	chr3:30000-31000	0.10325306348645248	0.07225067384984102	0.007460103413956607	0.007460103413956607	False	7.1619_direct_+/+	7.1619_direct_+/+_(7g)	7.1619_direct_+/+_(19r)
7.1619	14.48	chr1:269000-270000	0.03370832596221341	0.19075729328115915	0.006430109021590855	0.006430109021590855	False	7.1619_direct_+/+	7.1619_direct_+/+_(7g)	7.1619_direct_+/+_(19r)
