Region	Gene	importance	rho	importance_x_rho	importance_x_abs_rho
chr3:126000-127000	6.8479	0.9030364292752563	0.2971532807151039	0.2683402375643953	0.2683402375643953
chr4:138000-139000	6.5949	0.050878887574381554	0.42845447846120377	0.02179928724036787	0.02179928724036787
chr1:330000-331000	7.0397	0.6033692593439818	0.43688192232610873	0.2636011218946792	0.2636011218946792
chr4:185000-186000	6.9364	1.0510672425474936	0.31511520937293636	0.3312072742003883	0.3312072742003883
chr4:15000-16000	8.3588	0.0716062875746841	0.13048734607813067	0.009343714428127953	0.009343714428127953
chr1:459000-460000	6.7395	0.22317834925825633	0.13014053696446148	0.029044550211311602	0.029044550211311602
chr2:247000-248000	7.328	0.22318985639499567	0.12022738846726586	0.026833533566754424	0.026833533566754424
chr2:199000-200000	6.7555	0.1826804063579325	0.18237867473429753	0.03331701041148267	0.03331701041148267
chr2:186000-187000	6.6075	0.14460439793115107	0.19633172337589014	0.02839043065355589	0.02839043065355589
chr4:8000-9000	7.0038	0.05608837559322492	0.25333269756836485	0.014209019491259306	0.014209019491259306
chr1:166000-167000	7.8154	0.8921063380520792	0.10990419651217927	0.09804623028703634	0.09804623028703634
chr3:363000-364000	6.7581	0.1740272527756195	0.1562459375310085	0.02719105126587247	0.02719105126587247
chr3:478000-479000	7.6279	0.20506416844024503	0.3233817368154783	0.06631400694882823	0.06631400694882823
chr3:25000-26000	6.9911	0.0699360695656851	0.016873452504346687	0.0011800629481572733	0.0011800629481572733
chr4:295000-296000	6.8574	1.047842139820868	0.23279574740807937	0.24393319410528017	0.24393319410528017
chr2:315000-316000	7.8165	0.027796637685934687	0.33226415584229163	0.00923582635597112	0.00923582635597112
chr4:250000-251000	7.0693	0.013884589706049586	0.04863719857023388	0.000675307546599359	0.000675307546599359
chr1:337000-338000	7.0398	0.26511160890244423	-0.03749413203053309	0.009940129667015296	0.009940129667015296
chr1:216000-217000	6.5975	0.2802098445453251	0.05704583161752469	0.015984803609505386	0.015984803609505386
chr4:336000-337000	7.0936	0.004727983450756862	0.04281940961272793	0.00020244946002015695	0.00020244946002015695
chr2:20000-21000	6.9991	0.15069930071960064	0.29544576625177554	0.04452347037470916	0.04452347037470916
chr1:418000-419000	8.1231	0.2793908363980719	0.06399189971301053	0.017878750383519548	0.017878750383519548
chr4:13000-14000	6.9552	0.31587122537467976	0.06554972253060473	0.020705271178712372	0.020705271178712372
chr2:2000-3000	6.6049	0.3315472258117231	0.18320182692395878	0.06074005748027797	0.06074005748027797
chr2:304000-305000	6.6579	0.2684305426285738	0.26868276155000226	0.07212265947781081	0.07212265947781081
chr4:262000-263000	7.0387	1.0695962893806452	-0.05264310675488221	0.05630687164649119	0.05630687164649119
chr2:142000-143000	6.7086	0.38374850785381437	0.08304471790101825	0.0318682865796567	0.0318682865796567
chr2:294000-295000	6.995	0.3720488396981161	0.07341554594841115	0.027314168685910096	0.027314168685910096
chr4:381000-382000	8.1587	0.1735903135497429	0.22257336171658917	0.03863657964820305	0.03863657964820305
chr3:264000-265000	6.5246	0.24853586468589692	0.1829868122980409	0.04547878562060951	0.04547878562060951
chr4:423000-424000	6.8449	0.04501374394170107	0.33090576469857763	0.01489530736097456	0.01489530736097456
chr2:40000-41000	6.9505	0.8586415102944397	0.5430838974435938	0.4663143779175579	0.4663143779175579
chr4:362000-363000	6.6005	0.35602158398780354	0.24395888684683587	0.08685462932311183	0.08685462932311183
chr4:97000-98000	7.1935	0.18293675447644867	0.3344945575566419	0.06119134874944773	0.06119134874944773
chr4:143000-144000	7.7912	0.16161836280656325	0.1483879188033022	0.023982212497262945	0.023982212497262945
chr3:371000-372000	7.007	0.11481921492549553	0.3126178828384132	0.035894539879177144	0.035894539879177144
chr3:248000-249000	8.0271	0.0776060238418144	0.3910600430209334	0.030348615022263523	0.030348615022263523
chr4:268000-269000	7.2913	0.002092922754495194	0.156207099376157	0.000326929392698051	0.000326929392698051
chr3:479000-480000	7.6324	0.16208199627560138	0.14067253226295603	0.022800484850323856	0.022800484850323856
chr2:183000-184000	7.0868	0.8589363368073449	0.1566294715295087	0.13453474451162653	0.13453474451162653
chr3:397000-398000	7.4209	0.21943584172804556	0.05854147872991067	0.012846098661102423	0.012846098661102423
chr4:20000-21000	6.869	0.9846029593624194	0.410593810798894	0.40427188120848434	0.40427188120848434
chr4:33000-34000	7.7375	0.3737204366541466	0.13373509651609808	0.049979538665980615	0.049979538665980615
chr4:259000-260000	6.7981	0.30182470945085327	0.1873752372228234	0.05655447653306338	0.05655447653306338
chr4:161000-162000	7.1199	0.22710391171869604	0.49475521458881966	0.11236084457634381	0.11236084457634381
chr1:246000-247000	6.7993	0.43016628787183886	-0.09098668279048644	0.03913940358175608	0.03913940358175608
chr1:122000-123000	8.5973	0.3908246785476948	0.4104191466404149	0.16040193105555936	0.16040193105555936
chr1:197000-198000	6.7092	0.028388747643486284	-0.010277659418842122	0.0002917698796072089	0.0002917698796072089
chr2:108000-109000	7.1348	0.11604308810021897	0.4559907430517693	0.05291457396884078	0.05291457396884078
chr1:402000-403000	7.005	0.2152891753648465	0.33103841234530684	0.07126898680790913	0.07126898680790913
chr1:146000-147000	6.8709	0.3108373024643076	0.2804504048573098	0.08717444732086913	0.08717444732086913
chr4:163000-164000	7.8494	0.8281031453412921	0.0627963603108084	0.05200186348936552	0.05200186348936552
chr2:140000-141000	6.5867	0.1251397301985515	0.14648824613477088	0.018331499598564234	0.018331499598564234
chr4:287000-288000	6.6056	0.5098452217917664	0.28341826978009477	0.1444994506158711	0.1444994506158711
chr3:16000-17000	6.8697	0.09066786826448399	0.3500728411643157	0.0317403582456598	0.0317403582456598
chr3:14000-15000	7.1306	0.09808131854301483	0.22286312933888894	0.02185870958018068	0.02185870958018068
chr4:182000-183000	7.1165	0.6822292047321756	0.2375739275518815	0.16207987165881962	0.16207987165881962
chr4:443000-444000	7.0151	0.026367517858825216	0.25196723142454636	0.006643750474425472	0.006643750474425472
chr4:491000-492000	7.2413	0.6864691500532517	0.24396087099480218	0.16747161175805284	0.16747161175805284
chr4:384000-385000	7.0998	0.199434253067674	0.09284728729604484	0.018516929391246443	0.018516929391246443
chr3:186000-187000	7.4861	1.5585908611774222	0.0004888901727822803	0.000761979755417913	0.000761979755417913
chr4:27000-28000	7.1447	0.5675868232390203	0.1962068561643308	0.11136442618802792	0.11136442618802792
chr1:400000-401000	7.2396	0.2520132916761772	0.16319178259956943	0.041126498307420586	0.041126498307420586
chr3:398000-399000	6.8574	0.08391006109872638	0.08693957534637659	0.007295105079211785	0.007295105079211785
chr1:37000-38000	6.8213	0.14981624911200714	0.24150361989950286	0.036181166480315406	0.036181166480315406
chr1:225000-226000	8.0863	0.20953059731663112	0.3240774873554036	0.06790414950245069	0.06790414950245069
chr1:283000-284000	6.803	0.06516446859757155	0.055547656090081055	0.003619733490950791	0.003619733490950791
chr2:46000-47000	6.904	0.31109063588858216	0.346577000121961	0.10781685935229807	0.10781685935229807
chr1:16000-17000	6.9148	0.8463249441819909	0.18138014166775107	0.15350653827268101	0.15350653827268101
chr1:180000-181000	7.1123	0.9941206428390615	0.3110511226921608	0.3092223420465427	0.3092223420465427
chr2:492000-493000	6.8033	0.10463282045164808	0.35683567525194754	0.03733672313937963	0.03733672313937963
chr3:279000-280000	7.5559	0.05571558488872643	0.14867874310919282	0.008283723132849382	0.008283723132849382
chr4:316000-317000	7.1023	0.5577799477981339	0.2952668826352969	0.1646939463828336	0.1646939463828336
chr4:186000-187000	7.0057	0.21914859749445112	0.037969869493927194	0.008321043646641489	0.008321043646641489
chr3:409000-410000	7.4769	0.5664873123392924	0.2627959203758903	0.14887055462746876	0.14887055462746876
chr3:62000-63000	6.8574	0.10551054640887471	0.09077311259549996	0.009577520709185508	0.009577520709185508
chr2:37000-38000	6.9305	0.7333847885509909	0.2772571529459072	0.2033361784874839	0.2033361784874839
chr2:184000-185000	6.209	0.3149157224663401	0.7779097235982082	0.24497600262052066	0.24497600262052066
chr2:11000-12000	8.5867	0.01563078054898816	-0.034083560865590334	0.0005327526602181235	0.0005327526602181235
chr4:482000-483000	6.9724	0.18798208445463288	0.5000522133659155	0.09400085740467763	0.09400085740467763
chr2:74000-75000	6.884	0.10128919809435674	0.1378202291915163	0.01395970049598914	0.01395970049598914
chr4:215000-216000	7.0855	0.5188054108614407	0.2120298068811222	0.11000221107383253	0.11000221107383253
chr3:77000-78000	6.4794	0.11864756078810518	0.11880718375400491	0.01409618255651688	0.01409618255651688
chr4:143000-144000	6.6933	0.18334032162474442	0.31652345066384047	0.05803151124648243	0.05803151124648243
chr2:273000-274000	7.1015	0.23337313280842265	0.40451532364275566	0.09440300834752288	0.09440300834752288
chr1:268000-269000	7.121	0.21788733576910688	0.3243148966407312	0.0706641087792822	0.0706641087792822
chr4:193000-194000	7.4458	0.4756961939198059	0.1333251883671226	0.0634222846598814	0.0634222846598814
chr4:474000-475000	7.005	0.007703282862442313	-0.05036985386357973	0.00038801323205103744	0.00038801323205103744
chr1:116000-117000	7.0335	0.1677498660454059	0.14473250163699553	0.024278857762022488	0.024278857762022488
chr2:133000-134000	6.8608	0.17520832559743413	0.2235802782645617	0.03917312619134225	0.03917312619134225
chr3:119000-120000	7.0595	0.029572837888722038	0.2406592623113395	0.007116977350752676	0.007116977350752676
chr2:203000-204000	6.6822	0.17163636861501033	0.5367209909015845	0.09212084183779796	0.09212084183779796
chr2:360000-361000	7.2114	0.014667631032388277	0.022464024808319355	0.00032949402739084507	0.00032949402739084507
chr3:109000-110000	7.1725	0.12551024611384312	0.23434556483456565	0.029412769518073915	0.029412769518073915
chr3:243000-244000	7.2291	0.029666779256349803	0.3048638572789984	0.009044328757135376	0.009044328757135376
chr4:135000-136000	8.1231	0.1874637067304712	0.2899844950566509	0.05436156833768378	0.05436156833768378
chr1:356000-357000	6.7429	0.01477564238139237	0.20027204167920146	0.002959148066843188	0.002959148066843188
chr3:15000-16000	6.7869	0.3455695254492357	0.31339029226874787	0.10829813457970848	0.10829813457970848
chr3:39000-40000	7.4419	0.864140947898018	0.37586536735883636	0.3248006548315016	0.3248006548315016
chr4:431000-432000	6.8664	0.25554936533284545	0.27971000164404947	0.071479713397386	0.071479713397386
chr4:68000-69000	7.1031	0.5155072190209052	0.3705526127950186	0.19102254692289036	0.19102254692289036
chr3:191000-192000	6.8552	0.065368878282135	0.26703352171611017	0.01745568177831026	0.01745568177831026
chr1:396000-397000	7.2875	0.03186760064448906	0.12703508509214592	0.0040483033595551925	0.0040483033595551925
chr2:275000-276000	6.8425	0.5590578120291831	0.231139739192858	0.12922047686615523	0.12922047686615523
chr4:125000-126000	7.0498	0.09061322555083721	0.4926920128603631	0.044644412488412076	0.044644412488412076
chr4:149000-150000	6.3934	0.8277153597276311	0.19398722939404955	0.16056620936046223	0.16056620936046223
chr3:399000-400000	7.2413	0.16235763196162054	0.20761159382828998	0.03370732674173895	0.03370732674173895
chr4:392000-393000	7.0982	0.2521604331285936	0.2741899837822572	0.06913986507005603	0.06913986507005603
chr2:238000-239000	6.8642	0.3946364446712648	0.144835582602046	0.057157399379962726	0.057157399379962726
chr1:95000-96000	7.0868	0.6054849843793971	0.1178414775561007	0.07135124519730071	0.07135124519730071
chr4:259000-260000	7.4325	0.0817776932354237	0.3716557303212025	0.030393148303394662	0.030393148303394662
chr2:366000-367000	7.0561	0.6985337042602896	0.32867969881826997	0.22959384753068246	0.22959384753068246
chr1:61000-62000	6.7925	0.525399767256999	0.3022929456942446	0.15882464331118873	0.15882464331118873
chr1:176000-177000	7.0826	0.0032690419845526433	0.1534599865109816	0.0005016671388532812	0.0005016671388532812
chr3:256000-257000	7.9494	0.13150739443736859	0.2155352126663525	0.02834447422725614	0.02834447422725614
chr4:87000-88000	7.1277	0.2997690241171574	0.24014540212446872	0.07198815284107432	0.07198815284107432
chr2:384000-385000	7.2291	0.1041068336238591	0.3807384382667861	0.03963747324684825	0.03963747324684825
chr4:7000-8000	7.3719	0.4704586248663446	0.020500929617971703	0.009644839156552683	0.009644839156552683
chr2:68000-69000	6.9607	0.028691083962095833	0.09512801328621243	0.0027293258163420884	0.0027293258163420884
chr3:246000-247000	7.1204	0.17476658249618507	0.19867744306312887	0.03472217774322343	0.03472217774322343
chr3:238000-239000	6.8802	0.12965748584036552	0.29207620122131367	0.03786986592416022	0.03786986592416022
chr3:276000-277000	6.8213	0.026356656500581523	0.4036821182149982	0.010639710925219852	0.010639710925219852
chr4:176000-177000	6.9067	0.02266382685773914	0.28386638039217915	0.006433498495941465	0.006433498495941465
chr4:40000-41000	6.9063	0.026596160333342007	0.3308812387145719	0.008800170476147565	0.008800170476147565
chr1:338000-339000	7.1493	0.14065127476568687	0.3731531507613386	0.05248446633741481	0.05248446633741481
chr2:10000-11000	6.9276	1.2806321818805952	0.1283927404137019	0.16442387529362795	0.16442387529362795
chr3:155000-156000	6.7825	0.1416062998857377	-0.10556139024582084	0.014948157883505092	0.014948157883505092
chr4:381000-382000	7.7691	0.035364062391564074	0.43550484208140083	0.015401220407194919	0.015401220407194919
chr3:474000-475000	6.6311	0.0034255768297625005	0.09764860983197693	0.00033450281529893885	0.00033450281529893885
chr1:475000-476000	6.7012	0.03750786960223688	0.19277067716962806	0.007230417422413311	0.007230417422413311
chr3:384000-385000	7.1151	0.34280633392529164	0.11903819610131092	0.04080704760257034	0.04080704760257034
chr4:31000-32000	7.2419	0.025958789607511887	-0.012994244948753536	0.0003373148707331671	0.0003373148707331671
chr2:428000-429000	6.6147	0.9908610318755732	0.23361387227156252	0.2314788825394488	0.2314788825394488
chr3:252000-253000	6.7285	0.24213289912000463	0.20188886011726925	0.04888393500022748	0.04888393500022748
chr4:55000-56000	6.6246	0.22213317995431317	0.41767154116925626	0.09277870761634573	0.09277870761634573
chr3:438000-439000	6.8608	0.2963022519024066	0.343890623912781	0.10189556627348062	0.10189556627348062
chr4:409000-410000	7.2913	0.6942698308447942	0.5284704399826509	0.366901082973229	0.366901082973229
chr3:31000-32000	6.5949	0.06252124843081934	0.0787552571967273	0.00492387700042966	0.00492387700042966
chr1:89000-90000	7.1493	0.13078606038502	0.08613010076694533	0.01126461655987357	0.01126461655987357
chr1:40000-41000	7.4109	1.2851596726657615	0.22255906797143116	0.2860239389429614	0.2860239389429614
chr2:1000-2000	7.0639	0.09845269759158101	0.4591621441151389	0.04520575172006971	0.04520575172006971
chr2:251000-252000	6.9893	0.023778027568878982	-0.023890204662353948	0.0005680619450876133	0.0005680619450876133
chr1:389000-390000	6.8593	0.16168475167845547	0.31704127466300025	0.05126073976570819	0.05126073976570819
chr1:9000-10000	7.0561	0.603117714014076	0.22266199432290928	0.1342913930138482	0.1342913930138482
chr2:376000-377000	6.6933	0.008016245059953409	0.3769160181081931	0.003021451168177112	0.003021451168177112
chr1:223000-224000	6.8288	0.04890285298034391	0.12962365218429428	0.006338966405543778	0.006338966405543778
chr2:352000-353000	7.1449	0.14384210992742882	0.18281902321210733	0.026297074033701105	0.026297074033701105
chr3:122000-123000	6.7092	0.09581666764501837	0.3856724467960193	0.03695384865449521	0.03695384865449521
chr2:322000-323000	8.167	0.35301859312492023	0.445828997956093	0.1573859256327529	0.1573859256327529
chr2:270000-271000	6.8201	0.2639511427615303	0.23378530292084054	0.06170789786680639	0.06170789786680639
chr4:88000-89000	6.9683	0.4245084168812551	-0.0026082929412259426	0.0011072423072423774	0.0011072423072423774
chr1:456000-457000	7.1151	0.9240671359325126	0.1044146701886184	0.0964861652305345	0.0964861652305345
chr2:216000-217000	6.8386	0.0778811176255451	0.35906702211657016	0.027964540984914805	0.027964540984914805
chr3:371000-372000	6.8111	0.03616173641954078	0.4312056495377274	0.015593145041200173	0.015593145041200173
chr1:153000-154000	7.1539	0.2203831272558113	0.21722922023208435	0.04787365488608811	0.04787365488608811
chr1:267000-268000	6.9094	1.0323599646161812	0.43268942820994566	0.44669124279661515	0.44669124279661515
chr2:489000-490000	6.8449	0.47080254322936865	0.11551120828094556	0.05438297063016648	0.05438297063016648
chr2:418000-419000	7.2314	0.4606726444779564	0.5808886686816339	0.2675995191488478	0.2675995191488478
chr4:433000-434000	7.1111	0.49049544325783717	0.23501986947203643	0.11527617505108555	0.11527617505108555
chr2:237000-238000	7.2367	0.2674192126994834	0.32039783834111446	0.08568053767979718	0.08568053767979718
chr2:297000-298000	7.2935	0.17259586884852937	0.15958897483331635	0.027544397770002324	0.027544397770002324
chr1:165000-166000	6.803	0.45926152131591047	0.3076313383693944	0.1412832364639777	0.1412832364639777
chr3:19000-20000	7.0549	0.2919271426059256	-0.055507365903273154	0.016204106721724114	0.016204106721724114
chr2:483000-484000	7.2291	1.1740959292741775	0.1916678451655072	0.22503643678157534	0.22503643678157534
chr1:52000-53000	7.2348	0.11958480963014993	0.004329574924272023	0.0005177513930985407	0.0005177513930985407
chr4:406000-407000	6.4565	0.041392565913724755	0.3004508823245058	0.012436432950453866	0.012436432950453866
chr3:206000-207000	6.8111	0.15339796921983098	0.06379189346443431	0.009785546910132031	0.009785546910132031
chr2:399000-400000	6.6967	0.15913569928344584	0.2841549601206591	0.04521919828366075	0.04521919828366075
chr4:387000-388000	6.6524	0.21722796527614693	0.21140720598445778	0.045923557200719035	0.045923557200719035
chr3:74000-75000	8.2846	0.5174388667095956	0.2529439963308353	0.13088305480242354	0.13088305480242354
chr3:489000-490000	7.015	0.1281380581997258	0.20762638537042336	0.026604841852394003	0.026604841852394003
chr2:144000-145000	6.6327	0.13201299893551893	0.12670398719178794	0.016726573326275505	0.016726573326275505
chr3:69000-70000	6.9251	0.04134734355467136	0.017226553807012185	0.0007122722385215646	0.0007122722385215646
chr2:293000-294000	6.9138	0.1968394733261685	0.02595124620960415	0.005108229636056207	0.005108229636056207
chr1:213000-214000	6.8288	0.21502118367433257	0.14314135307265186	0.030778423170427165	0.030778423170427165
chr1:336000-337000	6.9337	0.6081711228016234	0.0410631280675027	0.024973408702559974	0.024973408702559974
chr1:7000-8000	6.5046	0.2728526956879529	0.20356272229966205	0.05554263752104095	0.05554263752104095
chr1:55000-56000	6.7883	0.08080200951237662	0.24734539650218582	0.019986005081012184	0.019986005081012184
chr1:27000-28000	7.2847	0.18626733276627527	0.3277103138568243	0.0610417260821096	0.0610417260821096
chr4:146000-147000	8.665	0.41542813985184757	0.05180962313051882	0.02152317536353669	0.02152317536353669
chr4:31000-32000	7.8154	0.17794297382506524	-0.04096694803863585	0.007289780562531787	0.007289780562531787
chr4:154000-155000	6.9366	0.06037201269397896	0.23051954538008348	0.013916928919896659	0.013916928919896659
chr3:62000-63000	8.1852	0.07126708068708895	0.08401625443207657	0.005987593183637795	0.005987593183637795
chr1:144000-145000	6.84	0.2701196441638679	0.14738161322406967	0.03981066892038251	0.03981066892038251
chr4:103000-104000	7.3538	0.46701270971333736	0.06890388207723552	0.032178988678658024	0.032178988678658024
chr1:110000-111000	6.9077	0.2651769173614121	0.19950561195089694	0.052904283173440945	0.052904283173440945
chr4:299000-300000	7.2419	0.24934958762831425	-0.02846143583205296	0.007096847288032133	0.007096847288032133
chr2:191000-192000	7.1449	0.2806078336198661	0.029620175373912955	0.00831165324311422	0.00831165324311422
chr3:466000-467000	6.9597	1.2918587316509436	-0.009785136072871153	0.012641013476131223	0.012641013476131223
chr2:161000-162000	8.0863	0.04976648777694776	0.28444538550358567	0.01415584780087339	0.01415584780087339
chr4:26000-27000	6.6893	0.05254946248628821	0.11114091136416963	0.005840395152423315	0.005840395152423315
chr4:130000-131000	7.0868	0.6812254348067746	0.0704013845480276	0.04795921379972905	0.04795921379972905
chr2:258000-259000	6.9161	0.00552327816512009	0.22609494937543545	0.0012487852971292746	0.0012487852971292746
chr1:74000-75000	6.4579	0.0015942303766386617	0.3361807920863642	0.000535949630786528	0.000535949630786528
chr1:117000-118000	6.9748	0.056219859835946254	0.27924749144455646	0.015699254828552566	0.015699254828552566
chr2:346000-347000	7.5094	0.25431826843757593	0.2311255227738704	0.05877944274358025	0.05877944274358025
chr3:458000-459000	6.6311	0.4402421275236265	0.11531644950956375	0.0507671590705612	0.0507671590705612
chr4:310000-311000	7.0012	0.21254548879340954	0.04969299145568987	0.010562021158556326	0.010562021158556326
chr1:112000-113000	6.6175	0.03659498164324063	-0.028643579975498795	0.0010482112834000734	0.0010482112834000734
chr4:328000-329000	6.6327	0.8065375534784972	0.3196604471867952	0.2578181550178802	0.2578181550178802
chr2:344000-345000	7.2913	0.0159643954371364	0.07093799520740715	0.0011324822070087346	0.0011324822070087346
chr4:442000-443000	7.6718	1.3803603934185973	0.1423166683655262	0.19644829233506178	0.19644829233506178
chr1:12000-13000	6.9067	0.4980211841309696	0.32535381680977127	0.16203309310913283	0.16203309310913283
chr2:284000-285000	7.0793	0.2716339782507419	0.03054397180135729	0.00829678057198116	0.00829678057198116
chr4:443000-444000	14.48	0.15922734405161332	0.28656081907708103	0.0456283181308985	0.0456283181308985
chr1:317000-318000	6.777	0.15753735671752267	0.16954319209355112	0.02670938633186923	0.02670938633186923
chr4:408000-409000	7.8154	1.4108175882216907	0.12373910676593712	0.17457330817622568	0.17457330817622568
chr2:12000-13000	8.0338	0.38360518831673873	0.013723922494169982	0.005264567872820403	0.005264567872820403
chr4:95000-96000	7.1215	0.04516747392425778	0.11082259209136261	0.005005576538505277	0.005005576538505277
chr2:297000-298000	7.9793	0.05383339696798521	0.28824927776909637	0.015517437795878799	0.015517437795878799
chr1:4000-5000	8.0863	0.30133875032860785	0.1588933464153456	0.04788072244433083	0.04788072244433083
chr3:65000-66000	6.3726	0.34463907732757015	0.29121708368275	0.10036478702244875	0.10036478702244875
chr4:363000-364000	8.0106	0.3753009329846612	0.23752857383714646	0.08914469537159705	0.08914469537159705
chr4:388000-389000	6.7429	0.17327380587361085	0.32086029492891777	0.05559668445606282	0.05559668445606282
chr2:492000-493000	6.4042	0.13172011828139604	0.30302476858139693	0.03991445835973427	0.03991445835973427
chr2:320000-321000	7.4055	0.0780299515256027	-0.15093895037723293	0.011777758981260837	0.011777758981260837
chr3:62000-63000	7.2295	0.8431850051796627	-0.02178793686697622	0.01837126166003551	0.01837126166003551
chr3:471000-472000	7.0019	0.47400041870408005	0.3715631064810394	0.17612106804700137	0.17612106804700137
chr4:192000-193000	8.1231	0.22872415741470845	0.2272799382587743	0.05198441237550511	0.05198441237550511
chr2:49000-50000	6.6246	0.11206876541874014	0.23723308794505044	0.02658641928247721	0.02658641928247721
chr2:496000-497000	7.6324	0.4087104185605234	0.21073493558290887	0.08612956372741562	0.08612956372741562
chr4:45000-46000	8.016	0.6281002033157813	0.12835138298523252	0.08061752974888627	0.08061752974888627
chr2:364000-365000	6.7237	0.5165423890623009	0.15951875970599433	0.08239820123878941	0.08239820123878941
chr3:180000-181000	7.1493	0.04872653697612485	0.0531854426326539	0.0025915424370315772	0.0025915424370315772
chr1:46000-47000	7.4025	0.3843129292934716	0.33044088801584903	0.12699270563170695	0.12699270563170695
chr2:254000-255000	8.0271	0.3778235353596806	0.4033456788207427	0.15239349034410324	0.15239349034410324
chr3:306000-307000	7.2291	0.5259904545092208	0.18320412191080743	0.09636361935182829	0.09636361935182829
chr3:157000-158000	6.8505	0.16528439143952015	0.24896350476060716	0.04114978137500703	0.04114978137500703
chr1:345000-346000	8.1795	0.28631482992652296	0.15967487348072368	0.04571728424417247	0.04571728424417247
chr4:139000-140000	6.4208	0.8069965610073756	0.13402035685768737	0.10815396708913495	0.10815396708913495
chr1:355000-356000	7.4025	0.46831525902866755	0.10960282920420271	0.051328677349041	0.051328677349041
chr4:428000-429000	6.9724	0.40004709116501763	0.3952773752240143	0.15812956416171012	0.15812956416171012
chr3:319000-320000	8.5973	0.7793628639162352	0.051559276961212874	0.04018338575394123	0.04018338575394123
chr3:428000-429000	7.005	0.5477154332455328	0.1811319619850528	0.09920877103325658	0.09920877103325658
chr3:205000-206000	7.1151	0.611827179368059	0.580803665260623	0.35535146828303726	0.35535146828303726
chr2:160000-161000	7.7249	0.016895444772988134	0.2785929000661691	0.0047069509572145625	0.0047069509572145625
chr3:160000-161000	7.2072	0.4871423733198536	0.3278369733545402	0.15970328126192831	0.15970328126192831
chr1:74000-75000	7.7375	0.18803940868538147	-0.14811060609671955	0.0278506307904606	0.0278506307904606
chr1:474000-475000	7.0498	0.7519790672290504	0.1334780161272067	0.10037267406292104	0.10037267406292104
chr2:262000-263000	6.5938	0.08559603631978104	0.21239839391675475	0.018180460639961697	0.018180460639961697
chr1:24000-25000	6.519	0.1628628648768021	0.16535982046869832	0.026930974097045868	0.026930974097045868
chr1:62000-63000	7.4249	0.07457580015095873	0.30443095472201276	0.022703182039114388	0.022703182039114388
chr4:405000-406000	6.9258	0.2171893680707818	0.19444461294213233	0.04223130260966948	0.04223130260966948
chr1:147000-148000	6.9903	0.5911912471844234	0.2644172368075504	0.15632115600531477	0.15632115600531477
chr3:86000-87000	6.4483	0.06117249880435369	0.04096125890808203	0.0025057025615794694	0.0025057025615794694
chr2:489000-490000	6.791	0.1669503682671871	0.032308226544957436	0.005393870319740353	0.005393870319740353
chr2:451000-452000	7.1337	0.1289520846377522	0.5384726023141313	0.06943716458872254	0.06943716458872254
chr4:0-1000	6.771	0.5434016336431707	0.11396222624898589	0.061927259917311565	0.061927259917311565
chr3:42000-43000	5.95	0.10446099855210496	0.235222113019335	0.02457153680753582	0.02457153680753582
chr2:1000-2000	6.8244	0.1536294603824764	0.47270294119416734	0.07262109777686941	0.07262109777686941
chr4:201000-202000	6.8223	0.060241525862587644	-0.011126754207673173	0.0006702926513681994	0.0006702926513681994
chr4:401000-402000	7.2787	0.1576468702821739	0.08332749686136873	0.013136319088642448	0.013136319088642448
chr1:86000-87000	7.1721	0.050935080989853186	0.34035175897211917	0.017335844408283882	0.017335844408283882
chr2:332000-333000	7.2805	0.0752978921600115	0.3907332642491238	0.0294213911947598	0.0294213911947598
chr1:442000-443000	6.8915	0.005972214387641821	0.2148118666456002	0.0012829025206170497	0.0012829025206170497
chr2:78000-79000	6.9724	0.317309726676173	0.1804482281019188	0.05725797793821957	0.05725797793821957
chr3:6000-7000	8.7125	0.03142201004546139	0.3220795862185408	0.010120387993597038	0.010120387993597038
chr3:143000-144000	6.5357	0.9862212368161019	0.05893793381481466	0.058125841982232064	0.058125841982232064
chr4:23000-24000	6.8744	0.045624493599035844	-0.05398992620646842	0.002463263042619436	0.002463263042619436
chr1:6000-7000	7.0592	0.026816141889134736	0.06492006722192847	0.001740905734075399	0.001740905734075399
chr1:150000-151000	6.8772	0.008067160567295065	0.24891995333631772	0.00200807723196767	0.00200807723196767
chr2:199000-200000	7.6751	0.6695589062465482	0.012332963542204561	0.00825764558009704	0.00825764558009704
chr2:314000-315000	7.7569	0.1254818415507096	0.09434844641858613	0.01183901680405264	0.01183901680405264
chr1:470000-471000	6.6892	0.09361851294458186	-0.01126919445453392	0.0010550052269167939	0.0010550052269167939
chr1:260000-261000	6.8575	0.15799081178394334	-0.11228941118255831	0.01774069522747339	0.01774069522747339
chr2:439000-440000	7.0019	1.101279625186219	0.4544684552435057	0.5004968500495278	0.5004968500495278
chr3:387000-388000	7.6232	0.03639207115612838	0.24267088837543108	0.008831296237279575	0.008831296237279575
chr4:250000-251000	6.4188	0.0603071782536212	0.20578272730263378	0.012410175616956258	0.012410175616956258
chr4:405000-406000	6.8331	0.21551343977607945	0.33046106603426195	0.07121880105311393	0.07121880105311393
chr3:304000-305000	7.127	0.07377902642957623	0.3585687400034463	0.026454852545534112	0.026454852545534112
chr3:301000-302000	6.7458	0.1643007952486229	0.36545379001666745	0.060044348326361706	0.060044348326361706
chr2:337000-338000	7.2403	0.22629090317535838	0.37271380616970984	0.0843417438240691	0.0843417438240691
chr1:41000-42000	7.1272	0.206800787856075	0.17769553638316696	0.036747576922546765	0.036747576922546765
chr2:497000-498000	8.0062	0.3821068330497506	0.09811371249298413	0.03748991995944792	0.03748991995944792
chr4:152000-153000	7.2968	0.044162421206217155	0.44308001677488157	0.019567486328870082	0.019567486328870082
chr2:320000-321000	6.7419	0.25549827412867493	0.43557419528917085	0.11128845515136956	0.11128845515136956
chr3:424000-425000	6.7182	0.4420939051720894	-0.07821787062389585	0.03457964387836337	0.03457964387836337
chr4:345000-346000	7.1103	0.061138676105154256	0.051562541363789016	0.0031524655155993155	0.0031524655155993155
chr2:192000-193000	8.0271	0.44219154503182717	0.3236623082386191	0.14312073614860246	0.14312073614860246
chr1:186000-187000	7.2677	0.25069305921171064	0.1813079327984796	0.0454526403326021	0.0454526403326021
chr1:97000-98000	7.1721	0.32689977692780353	0.21429812104215787	0.07005400796472885	0.07005400796472885
chr3:312000-313000	7.011	0.009503903647277353	0.22685551948234478	0.002156012999013255	0.002156012999013255
chr3:171000-172000	6.8571	0.27121819556192917	0.19919952937450053	0.05402653691373754	0.05402653691373754
chr1:364000-365000	7.0138	0.29291777361078913	0.10118467613279651	0.029638790056347508	0.029638790056347508
chr3:473000-474000	6.9055	0.1266538855730608	0.04311309967143526	0.005460441592485926	0.005460441592485926
chr1:60000-61000	7.4055	0.17118719973865718	-0.06708350248157235	0.011483836938481632	0.011483836938481632
chr3:62000-63000	6.8378	0.5129471095713587	0.29486116085832814	0.15124818018713487	0.15124818018713487
chr4:1000-2000	7.1692	0.2676482639170393	0.3458831674440095	0.09257502928451573	0.09257502928451573
chr1:274000-275000	7.0387	0.028815220381995965	0.18883498563499307	0.005441321726903367	0.005441321726903367
chr4:338000-339000	7.2875	0.23420095384552095	0.29310081463260174	0.06864449035985455	0.06864449035985455
chr1:215000-216000	7.0111	0.39528233373914207	0.28396856718965596	0.11224775794728757	0.11224775794728757
chr1:373000-374000	7.5236	1.1823861181143993	0.36211710883319326	0.4281622426160888	0.4281622426160888
chr1:465000-466000	6.3726	0.3121015303984633	0.15750270262510802	0.04915683453119027	0.04915683453119027
chr4:61000-62000	7.4697	0.01355112987119196	0.21830809017545072	0.002958321281899418	0.002958321281899418
chr3:39000-40000	7.5736	2.2031810064570325	0.01235055035272295	0.027210497956410406	0.027210497956410406
chr1:390000-391000	6.6848	0.038528216229746365	0.5908966200439277	0.022766192746478727	0.022766192746478727
chr4:42000-43000	7.0411	0.06418045993027797	0.17059960531365034	0.010949161132953973	0.010949161132953973
chr4:0-1000	6.8593	0.4100234687249113	0.055428873485417335	0.02272713897400508	0.02272713897400508
chr1:371000-372000	8.4123	0.22171623449499564	0.40217836719935546	0.08916947317078676	0.08916947317078676
chr3:175000-176000	6.8038	0.038543330241493215	0.3946109172293936	0.015209618899671063	0.015209618899671063
chr3:121000-122000	8.375	0.3575033849064711	0.3883634188360281	0.1388412368077296	0.1388412368077296
chr1:363000-364000	6.9607	0.11362811442530346	0.06580890466707442	0.00747774174971422	0.00747774174971422
chr1:496000-497000	7.0256	0.46922920000139623	0.35477668092029524	0.16647157816738076	0.16647157816738076
chr1:15000-16000	6.3934	0.28702695272162587	-0.022834055955545773	0.0065539894991953965	0.0065539894991953965
chr2:393000-394000	7.2348	0.007411024123246567	0.21234259839131364	0.0015736761190708831	0.0015736761190708831
chr3:439000-440000	7.0219	0.48101175690693754	0.3598220562598027	0.17307863945539462	0.17307863945539462
chr3:62000-63000	6.9063	0.4372575777334373	0.12352136337500379	0.05401065214768588	0.05401065214768588
chr2:196000-197000	9.2627	0.620674219209717	-0.17269173686287215	0.10718530894133307	0.10718530894133307
chr3:262000-263000	7.9036	0.4386591331017675	-0.05227304876998434	0.022930050258027745	0.022930050258027745
chr1:388000-389000	6.8721	0.08184873601787829	-0.06378984999912207	0.005221118593198196	0.005221118593198196
chr1:2000-3000	7.3738	0.13137579947823494	0.04908261603747563	0.006448267922406597	0.006448267922406597
chr4:481000-482000	7.7375	0.012901434281204197	0.04236320632577198	0.0005465461223530411	0.0005465461223530411
chr2:204000-205000	6.6958	0.03478073741314471	0.05698112435421482	0.001981845523669691	0.001981845523669691
chr1:186000-187000	6.8575	0.4630178345626758	0.15873140204793887	0.07349547005333414	0.07349547005333414
chr2:438000-439000	8.0831	0.16216943221001692	0.546458413310928	0.08861885061301995	0.08861885061301995
chr3:176000-177000	7.5736	1.4188334058278438	0.10041546296800016	0.14247281332066739	0.14247281332066739
chr4:94000-95000	6.9013	0.8580027994481664	0.37506543715754537	0.3218071950574242	0.3218071950574242
chr4:16000-17000	7.0502	0.07867050841558879	0.4431662836681573	0.03486411684882098	0.03486411684882098
chr1:225000-226000	6.9312	0.011227063186014638	0.27729092794801485	0.0031131627689809952	0.0031131627689809952
chr2:226000-227000	6.8642	0.21910544721232825	0.37912729438266035	0.08306885538611282	0.08306885538611282
chr3:43000-44000	7.2152	0.05731010897285559	0.41307563719847823	0.02367340978187655	0.02367340978187655
chr1:61000-62000	7.0639	0.05013386543805206	0.11438805593757857	0.005734715404094936	0.005734715404094936
chr1:159000-160000	7.2353	0.07625120017217589	0.23043845312769495	0.01757120861680644	0.01757120861680644
chr1:328000-329000	6.7094	0.2603117536588402	-0.027361617249584774	0.007122550569181384	0.007122550569181384
chr4:133000-134000	8.4421	0.629797443387427	0.10808169642734208	0.06806957608691605	0.06806957608691605
chr4:172000-173000	6.6524	0.9347029058259837	0.14184476600960239	0.13258271496538207	0.13258271496538207
chr3:355000-356000	7.3102	0.49745624092008367	0.29878164090092457	0.14863079193850826	0.14863079193850826
chr2:454000-455000	7.1998	0.15750434997307944	0.5015306808149524	0.07899326387331507	0.07899326387331507
chr2:474000-475000	6.8622	0.09023172704288533	0.19503095406893045	0.01759797981246124	0.01759797981246124
chr1:453000-454000	7.4325	0.07460887835412494	0.46918367952766815	0.035005268071620535	0.035005268071620535
chr2:472000-473000	7.0538	0.023755452058473694	0.1975365655890872	0.004692570413647105	0.004692570413647105
chr1:223000-224000	6.7276	0.26924642297642243	0.3782589910172126	0.1018448802900552	0.1018448802900552
chr2:197000-198000	7.5559	0.12822544018356455	0.3022837234439467	0.03876046349892696	0.03876046349892696
chr4:272000-273000	8.1231	0.6326734306321075	0.477006098860405	0.30178908499845064	0.30178908499845064
chr3:170000-171000	7.0582	0.32227997081546284	0.3230723271796046	0.10411974017472664	0.10411974017472664
chr3:368000-369000	6.7459	0.3419622875186595	0.27609110466609466	0.09441274571517137	0.09441274571517137
chr1:190000-191000	7.1546	0.41916611748781923	0.17493228795247187	0.07332568796429885	0.07332568796429885
chr1:362000-363000	6.8201	0.4081976409482225	0.22200705296499842	0.09062275529417943	0.09062275529417943
chr4:450000-451000	7.6751	0.5110702266475717	0.20431172344022264	0.10441763880535057	0.10441763880535057
chr1:294000-295000	6.6899	0.026353845602913567	0.3917677793910948	0.010324587570269217	0.010324587570269217
chr4:190000-191000	6.8244	0.24618803369794617	0.15753364981471196	0.03878289948914476	0.03878289948914476
chr1:447000-448000	7.0556	0.4540275690388396	0.06769589881888577	0.03073580437463796	0.03073580437463796
chr3:349000-350000	6.8571	0.42942254422094484	0.28070335321952655	0.12054034811087964	0.12054034811087964
chr4:354000-355000	6.9477	0.3004091092035069	0.20719310754246587	0.06224269686993857	0.06224269686993857
chr3:245000-246000	7.4325	0.03244589929958238	0.22633187448357622	0.007343541207779833	0.007343541207779833
chr3:265000-266000	7.4025	0.10741572492847194	0.26127685225661396	0.02806524249217345	0.02806524249217345
chr3:40000-41000	7.2342	0.020917778218428395	-0.07149383514710589	0.001495492187592042	0.001495492187592042
chr1:473000-474000	6.655	0.014046371783386453	0.34475224415948447	0.00484251819462094	0.00484251819462094
chr1:305000-306000	7.8028	1.0890583125433024	0.2550653400182101	0.2777810287885155	0.2777810287885155
chr3:30000-31000	6.9063	0.006711584320342159	0.1211291919030565	0.0008129687851122704	0.0008129687851122704
chr4:169000-170000	6.8984	0.5124223972772236	0.18305123271978704	0.09379955149482423	0.09379955149482423
chr2:15000-16000	6.6579	0.18010861452736285	0.01625974247165718	0.002928519689141893	0.002928519689141893
chr1:38000-39000	7.8165	0.4751450101911925	0.04681507743039304	0.022243950442765566	0.022243950442765566
chr3:153000-154000	6.8787	0.3422987462211721	0.306253467094903	0.10483017781247228	0.10483017781247228
chr3:45000-46000	7.0397	0.09575575460212189	0.29753017669379916	0.028490226586217398	0.028490226586217398
chr4:499000-500000	8.6721	0.15204729090274188	0.18512362043309258	0.028147544968959198	0.028147544968959198
chr4:476000-477000	7.1483	1.2401311587395323	0.3346832808140513	0.4150511648466777	0.4150511648466777
chr4:50000-51000	7.2787	0.07189802441365738	0.16901492473530066	0.01215183918489111	0.01215183918489111
chr4:355000-356000	7.2309	0.3764998825856933	0.02551691898643943	0.009607117002343093	0.009607117002343093
chr4:62000-63000	6.9013	0.0520367578270165	0.584608692395052	0.030421140949730103	0.030421140949730103
chr2:484000-485000	7.4208	0.028677347616604464	0.17620167561971206	0.0050529967023746625	0.0050529967023746625
chr4:85000-86000	7.0185	0.29522662512706915	0.0220037723952429	0.006496099464311728	0.006496099464311728
chr2:459000-460000	6.7459	0.7285670877266396	0.44571691243214606	0.3247346728411983	0.3247346728411983
chr4:375000-376000	7.4109	0.24521384442115166	0.42515582600066903	0.10425409457167428	0.10425409457167428
chr4:467000-468000	6.7883	0.2616616296974852	0.3260965323483086	0.08532695009295713	0.08532695009295713
chr1:394000-395000	7.1769	0.18221205275859376	0.10210640310464138	0.018605017309493155	0.018605017309493155
chr1:71000-72000	7.186	0.022561566692009358	0.1321540521126385	0.0029816024603585736	0.0029816024603585736
chr2:106000-107000	7.1299	0.10345041452233746	-0.1635818989943435	0.01692261525931597	0.01692261525931597
chr3:324000-325000	6.8606	0.5900962513209307	0.05495357853061808	0.03242790068758811	0.03242790068758811
chr1:400000-401000	6.7023	1.29515479656883	0.19284329657870303	0.24976192055005267	0.24976192055005267
chr4:195000-196000	6.667	0.20727778686270223	0.42550974526507257	0.08819871828705643	0.08819871828705643
chr2:213000-214000	6.832	0.11856295079935804	0.3316043435863507	0.039315989473481916	0.039315989473481916
chr1:1000-2000	6.7981	0.027590675131215218	0.15962208024779168	0.004404080959885585	0.004404080959885585
chr1:115000-116000	6.5003	0.15171325606067845	0.18707923317749542	0.028382399606692733	0.028382399606692733
chr1:193000-194000	7.1299	0.2514802211754362	0.3483324105963527	0.08759871165934364	0.08759871165934364
chr2:493000-494000	7.1025	0.05499034054052308	0.2934964709981906	0.01613947088763226	0.01613947088763226
chr3:328000-329000	6.8372	0.36773848185347985	0.20894455548802612	0.07683695362671691	0.07683695362671691
chr3:393000-394000	7.0734	0.6143110657364282	0.10295948334416392	0.06324914994082537	0.06324914994082537
chr4:213000-214000	6.7276	0.45894236134938715	0.1496881784458714	0.06869824608203666	0.06869824608203666
chr1:458000-459000	8.6721	0.24155998020608632	0.5620090872675705	0.13575890399599497	0.13575890399599497
chr3:413000-414000	6.7395	0.45951058679070267	0.1130448632789559	0.05194531145898778	0.05194531145898778
chr4:223000-224000	6.4266	0.025546469966686847	0.19638426827712482	0.005016924811471342	0.005016924811471342
chr3:13000-14000	7.2875	0.08514814726197491	0.04526356296947634	0.0038541085253266457	0.0038541085253266457
chr4:154000-155000	6.9364	0.32250486160245556	0.12060526436806704	0.038895784093551024	0.038895784093551024
chr1:306000-307000	6.8593	0.006324542152616361	0.003316848473732731	2.0977547985963897e-05	2.0977547985963897e-05
chr1:311000-312000	7.7889	0.31522592703976704	0.3797667429247529	0.11971232359732811	0.11971232359732811
chr4:237000-238000	6.5945	0.3420443385826106	0.16139351938649826	0.05520373959007453	0.05520373959007453
chr2:361000-362000	7.0018	0.38967089364536667	-0.05028761108163837	0.019595618349472668	0.019595618349472668
chr2:456000-457000	7.1149	0.16627307382222414	0.01613515054964884	0.002682841078474462	0.002682841078474462
chr2:31000-32000	6.8591	0.23511891142775687	-0.019656232031473014	0.004621551878011341	0.004621551878011341
chr2:446000-447000	7.0219	0.2660620902196817	0.1875723627791162	0.04990589490845608	0.04990589490845608
chr4:263000-264000	7.1111	0.2731847334203526	0.14402522266802045	0.039345492060370094	0.039345492060370094
chr2:431000-432000	6.7376	0.319271379418718	0.008416930111537518	0.0026872848871815277	0.0026872848871815277
chr2:29000-30000	7.6318	0.5423631135046482	-0.03231697337683176	0.017527534299705296	0.017527534299705296
chr4:260000-261000	7.5007	0.37744947273813295	0.2485700191408918	0.09382262266323722	0.09382262266323722
chr3:4000-5000	7.7121	0.08519909099831113	0.15627650315097646	0.0133146160128579	0.0133146160128579
chr4:351000-352000	7.8747	0.17680119766798671	-0.13516396634713035	0.023897151131728096	0.023897151131728096
chr1:129000-130000	7.4694	0.05356718928528941	0.23527997432820516	0.012603286919877	0.012603286919877
chr2:390000-391000	8.4421	0.08957576412720185	0.005797778641864149	0.0005193404520853517	0.0005193404520853517
chr3:447000-448000	6.6165	0.042080033883041025	0.3741240181067779	0.01574315135839267	0.01574315135839267
chr1:300000-301000	7.3338	0.08023603263960764	0.17743702183072507	0.014236842675084831	0.014236842675084831
chr2:91000-92000	6.8425	0.12329552394154998	0.3493322878043418	0.04307110745453665	0.04307110745453665
chr2:361000-362000	7.0676	0.16910315720567773	0.29733863157604934	0.05028090135872576	0.05028090135872576
chr2:12000-13000	7.2805	0.05483158430575404	-0.008799450578201501	0.00048248781622297173	0.00048248781622297173
chr3:307000-308000	6.6699	0.27906986023272795	0.27557235433843325	0.07690393840923035	0.07690393840923035
chr1:304000-305000	7.7801	0.3666263628979098	-0.12308188670673592	0.04512506446190318	0.04512506446190318
chr4:347000-348000	6.9369	0.5990073598889072	0.43760054083455435	0.2621259446512643	0.2621259446512643
chr4:439000-440000	7.0548	0.017634332018988813	0.5461687542494102	0.009631321150831608	0.009631321150831608
chr2:10000-11000	7.7375	0.8275143616205899	0.30989601158233687	0.2564434001933244	0.2564434001933244
chr2:336000-337000	7.4963	0.21231675113140355	0.18789251298371265	0.03989272791861693	0.03989272791861693
chr3:229000-230000	7.2875	0.048171495400925676	0.3374491512053722	0.01625543023533586	0.01625543023533586
chr3:246000-247000	6.8643	0.21745082060933132	0.25197327138469894	0.05479179463422053	0.05479179463422053
chr3:201000-202000	7.6279	0.22794318015787934	0.09009737131135716	0.020537081340576035	0.020537081340576035
chr3:364000-365000	7.2699	0.39372305334334096	0.27581407199372265	0.10859435858042854	0.10859435858042854
chr2:168000-169000	7.2311	0.08019184102900147	0.18457337552958952	0.014801278788655033	0.014801278788655033
chr3:168000-169000	7.0375	0.6095498728103733	0.1959808480046505	0.11946010097450381	0.11946010097450381
chr2:243000-244000	6.7023	0.036010234168213646	0.29270430664754304	0.010540350624422639	0.010540350624422639
chr4:177000-178000	7.0398	0.3298581774293176	0.22115549837338463	0.07294994962191707	0.07294994962191707
chr1:360000-361000	6.783	0.128577288627174	0.25136416478319124	0.0323197227658569	0.0323197227658569
chr2:74000-75000	6.6958	0.6039583462121939	0.03325620083919101	0.020085360060138377	0.020085360060138377
chr3:112000-113000	7.011	0.4188158614016178	0.16070503455221707	0.06730581747756355	0.06730581747756355
chr2:470000-471000	7.4025	0.31538551346356586	0.1238480326301507	0.03905987536251254	0.03905987536251254
chr3:125000-126000	6.7092	0.7797916904094297	0.3352211944921679	0.26140270191411585	0.26140270191411585
chr1:396000-397000	7.8747	0.17158874902256593	0.17917061192079925	0.03074366116109758	0.03074366116109758
chr3:354000-355000	6.8277	0.038421288796071436	0.17403922635741959	0.006686811377723266	0.006686811377723266
chr4:178000-179000	7.0936	0.13693036878875584	0.20233685713722013	0.027706060467357355	0.027706060467357355
chr2:210000-211000	6.8924	0.35669295060934325	0.05129114758155395	0.01829519077100376	0.01829519077100376
chr1:304000-305000	7.088	0.14016312016520285	-0.12300851704055721	0.01724125755529902	0.01724125755529902
chr4:463000-464000	7.1692	0.022803926476616165	0.44630227402045536	0.010177444243109065	0.010177444243109065
chr2:341000-342000	7.0793	0.14330710343396996	0.3514725634013951	0.05036851499756629	0.05036851499756629
chr4:317000-318000	6.8518	0.21961741644047808	0.13186335872701066	0.028959490166790048	0.028959490166790048
chr3:177000-178000	6.4042	0.14350540946964155	0.19700969071312846	0.028271956335274937	0.028271956335274937
chr1:303000-304000	7.7375	0.08473659027472139	-0.1624677647818734	0.013766964417171417	0.013766964417171417
chr1:342000-343000	6.8437	0.4121624010911683	0.12003441127032297	0.04947367116274111	0.04947367116274111
chr1:363000-364000	7.5171	0.005520253374810008	0.3138392884680148	0.0017324723913135303	0.0017324723913135303
chr2:292000-293000	6.7825	0.7853307498671156	0.24217871359540638	0.19019039074973393	0.19019039074973393
chr4:306000-307000	7.4025	0.8174186769000353	0.08690531166999857	0.07103802488087543	0.07103802488087543
chr4:416000-417000	7.032	0.10058849777749858	0.1578987384699839	0.015882796903657806	0.015882796903657806
chr4:62000-63000	6.2273	0.487404905989627	-0.086815474162729	0.04231428802272982	0.04231428802272982
chr3:443000-444000	7.4135	0.3777935173944304	0.25952579987732083	0.09804716479025608	0.09804716479025608
chr4:468000-469000	6.6681	0.16009990018773063	0.17985978449637344	0.028795533545656126	0.028795533545656126
chr3:374000-375000	6.465	0.06006196844509417	0.1761164182854935	0.010577898757726316	0.010577898757726316
chr2:408000-409000	7.1589	0.37037729983190565	0.22407143104982685	0.08299097160170589	0.08299097160170589
chr1:297000-298000	6.9505	0.16576911195319308	0.05941579267492661	0.009849303187717618	0.009849303187717618
chr4:409000-410000	6.7581	0.5074363157050544	0.27155055790926097	0.13779461463312742	0.13779461463312742
chr2:58000-59000	6.8109	0.27609852682614733	-0.14153690471494113	0.03907813088332803	0.03907813088332803
chr3:141000-142000	8.0863	0.64678395904621	0.09470124682898672	0.06125124735066437	0.06125124735066437
chr1:9000-10000	8.0062	0.13424846784712588	0.10056486236735779	0.013500678692074872	0.013500678692074872
chr2:181000-182000	6.9013	0.4408306695810409	-0.04273161920697416	0.018837408307292487	0.018837408307292487
chr4:103000-104000	7.0393	0.3949835539433474	0.2562607872024167	0.10121879646553042	0.10121879646553042
chr4:135000-136000	7.5075	0.3338967452547337	0.28800173127951206	0.0961628407019575	0.0961628407019575
chr4:493000-494000	6.7993	0.26500803121998145	0.3021509358112336	0.08007242463061	0.08007242463061
chr2:186000-187000	7.328	0.40053639142455977	0.14688385378280197	0.05883232875269617	0.05883232875269617
chr2:161000-162000	7.2874	0.11230846708752806	0.26803067506177636	0.03010211424862344	0.03010211424862344
chr1:418000-419000	6.7419	0.23735862401506969	0.11637623224882497	0.027622902354639274	0.027622902354639274
chr2:8000-9000	6.6246	0.20601051449757476	-0.0054704469368616615	0.0011269695879945528	0.0011269695879945528
chr2:269000-270000	6.7602	0.04400748378459819	0.0794488148045404	0.0034963424292163564	0.0034963424292163564
chr3:397000-398000	7.4131	0.37932685842571584	0.44586752081661013	0.16912952594542718	0.16912952594542718
chr4:276000-277000	7.0397	1.421816042359311	0.2853474618777913	0.4057115989443556	0.4057115989443556
chr3:190000-191000	7.9043	0.024825206204339242	0.44425949346928073	0.011028833533610198	0.011028833533610198
chr2:243000-244000	7.4156	0.6738355537396767	0.11274786290770346	0.07597351863537752	0.07597351863537752
chr4:414000-415000	7.2295	0.1315497704431262	0.04778649039607	0.006286301841885664	0.006286301841885664
chr2:207000-208000	6.8867	0.21960369660766044	0.23506788676861218	0.05162177688813819	0.05162177688813819
chr3:253000-254000	6.8505	0.31569961212307923	-0.03338434693054407	0.010539425376955073	0.010539425376955073
chr3:13000-14000	7.8747	0.18311570112669004	-0.024938118430439943	0.004566561041170441	0.004566561041170441
chr4:326000-327000	7.1855	0.17736804227071487	0.0005535046641038655	9.817403865981225e-05	9.817403865981225e-05
chr1:115000-116000	8.7125	0.26058965283153024	0.39668153455886	0.10337110337537199	0.10337110337537199
chr1:310000-311000	7.1165	0.15802444156591078	0.3041609478418057	0.04806486392885946	0.04806486392885946
chr2:169000-170000	6.9208	0.5174654776981045	0.1969971650983357	0.10193923214278264	0.10193923214278264
chr4:65000-66000	6.7604	0.0382917223493201	0.25754179561818985	0.00986171893115707	0.00986171893115707
chr2:126000-127000	7.0557	0.006068880444307777	0.329797535303057	0.0020015018125816263	0.0020015018125816263
chr1:320000-321000	6.9208	0.33401891022822	0.31461441177444127	0.10508716296299134	0.10508716296299134
chr3:107000-108000	8.1795	0.028004693862906542	0.12087960145792156	0.003385196233099245	0.003385196233099245
chr2:283000-284000	6.6165	0.4570167201055995	0.2542514878135483	0.11619718104251664	0.11619718104251664
chr2:237000-238000	6.6849	0.011049110415465935	0.03941084926465971	0.00043545482509250956	0.00043545482509250956
chr4:101000-102000	7.0676	0.027517092171713286	0.0665380847320147	0.0018309346105001168	0.0018309346105001168
chr2:260000-261000	7.2342	0.10937943658428065	0.034495009073918975	0.0037730446574749063	0.0037730446574749063
chr3:219000-220000	7.1333	0.21750247561363187	-0.12293358894287243	0.026738359931143353	0.026738359931143353
chr3:442000-443000	8.1795	0.20612775387623686	0.21227440378213477	0.0437556460570288	0.0437556460570288
chr4:326000-327000	7.1359	0.6310571304729709	0.18516655202132862	0.11685067297815371	0.11685067297815371
chr4:193000-194000	7.0309	0.49185379750723424	0.0997864319535427	0.0490803354960472	0.0490803354960472
chr1:72000-73000	8.1231	0.1547414894226899	0.3488063524304784	0.05397481449518792	0.05397481449518792
chr2:77000-78000	7.1199	0.07593180582955893	0.21309724610128458	0.016180858713776475	0.016180858713776475
chr1:265000-266000	6.7822	0.2568151614151197	0.28200374086569696	0.07242283623009155	0.07242283623009155
chr1:252000-253000	8.1231	0.7682404345848398	0.5697316453786525	0.43769088684243185	0.43769088684243185
chr2:321000-322000	6.9307	0.05765289253637378	0.1549789573411263	0.00893498517298721	0.00893498517298721
chr2:398000-399000	6.8435	0.15257994470087033	0.1442430645060649	0.022008598805819454	0.022008598805819454
chr3:415000-416000	6.7822	0.07940511545903005	0.051153010094585866	0.00406181067263752	0.00406181067263752
chr3:196000-197000	7.2875	1.0128533495652319	-0.07036133612413253	0.07126571497321278	0.07126571497321278
chr2:345000-346000	7.0175	0.1736840671879645	0.10302057182113436	0.017893031917924424	0.017893031917924424
chr4:351000-352000	6.6822	0.3071847613192478	0.28101690675246904	0.08632411142743053	0.08632411142743053
chr3:83000-84000	7.5996	0.049471185466333924	0.007625206831771675	0.00037722802139373305	0.00037722802139373305
chr3:10000-11000	8.016	0.45527864796717904	0.09669998675555853	0.04402543922851481	0.04402543922851481
chr4:302000-303000	6.8664	0.017855124427327104	0.19060145656963334	0.0034032127230805864	0.0034032127230805864
chr3:79000-80000	6.667	1.2345894232970858	0.1154526458860486	0.1425366155025794	0.1425366155025794
chr3:352000-353000	6.9369	0.10840941178233295	0.1383603265551224	0.01499956161585232	0.01499956161585232
chr2:382000-383000	8.4645	0.353453840978455	0.20235300706934034	0.0715224475821988	0.0715224475821988
chr4:138000-139000	7.6318	0.5045546330030146	0.09069024779383952	0.04575818469257316	0.04575818469257316
chr3:382000-383000	8.0831	0.10969464992609558	0.27492904776431126	0.030158245649020934	0.030158245649020934
chr3:254000-255000	6.8664	0.042023677758103534	0.5433023103196508	0.022831561214106174	0.022831561214106174
chr4:151000-152000	7.2084	0.17923365893783466	0.12393381588010875	0.02221311128631981	0.02221311128631981
chr1:91000-92000	6.8968	0.05839858845415399	0.024343721873621854	0.0014216389951400292	0.0014216389951400292
chr2:97000-98000	7.038	0.003327768006460159	0.1135234398909921	0.00037777967125254646	0.00037777967125254646
chr1:245000-246000	7.0007	0.09025581120654788	-0.18865634382173646	0.01702733135089223	0.01702733135089223
chr2:149000-150000	6.9457	0.04424031520016678	-0.021836735316119293	0.0009660640533277311	0.0009660640533277311
chr1:212000-213000	6.832	0.29770768437786904	0.22750398796687335	0.06772968544434844	0.06772968544434844
chr4:216000-217000	7.0998	0.020039659687863396	0.1816479646038342	0.0036401633936538934	0.0036401633936538934
chr1:496000-497000	7.1556	0.3116138952939526	0.13472651032178723	0.041982652680733035	0.041982652680733035
chr4:440000-441000	6.9983	0.0927817545075127	0.14156050897118116	0.013134232391322682	0.013134232391322682
chr2:93000-94000	7.2677	0.49930436592780236	0.28307499976723194	0.14134058326879054	0.14134058326879054
chr4:256000-257000	6.8479	0.5889036540616046	0.27418936224816476	0.1614711173327652	0.1614711173327652
chr2:124000-125000	6.8751	0.03232552159206077	0.1825014185251594	0.00589945354511676	0.00589945354511676
chr3:143000-144000	6.995	0.8585237877462458	0.24877651947935958	0.2135805598057475	0.2135805598057475
chr4:479000-480000	6.7226	0.18567778045178387	0.17499139503697417	0.032492013828626674	0.032492013828626674
chr2:214000-215000	6.6847	0.3230733707148787	0.2414815500339	0.0780162583349057	0.0780162583349057
chr1:78000-79000	6.6311	0.048815332126986445	0.3199248880256222	0.015617239664659695	0.015617239664659695
chr3:439000-440000	7.2342	0.1757041325838853	0.31895845709861437	0.05604231903480643	0.05604231903480643
chr3:458000-459000	6.9305	0.03340268925279899	0.38416283897289505	0.01283207193268467	0.01283207193268467
chr3:40000-41000	7.038	0.21313640213005586	0.08463271648364157	0.018038312693816436	0.018038312693816436
chr3:251000-252000	7.798	1.0595622774446232	-0.14078288746389028	0.14916823686646968	0.14916823686646968
chr3:234000-235000	7.1449	0.459524636435119	0.03850085982135057	0.0176920936118456	0.0176920936118456
chr2:272000-273000	7.1015	0.5325316966352308	-0.06679462498147049	0.03557025496749645	0.03557025496749645
chr2:19000-20000	6.7602	0.16564895341434885	0.2044668894851936	0.03386972625110965	0.03386972625110965
chr3:360000-361000	6.9749	0.45764613555170325	0.07280301835169989	0.033318020005155186	0.033318020005155186
chr1:359000-360000	6.9829	0.14435074674879772	0.15159802417367965	0.021883287995112945	0.021883287995112945
chr3:405000-406000	7.0445	0.02153075787711616	0.16237504753174292	0.0034960578336911846	0.0034960578336911846
chr1:216000-217000	8.0062	0.1951730642406275	0.15371755974893192	0.030001527163790787	0.030001527163790787
chr4:199000-200000	7.1979	0.19292797881123044	0.3030419738970833	0.05846527551892994	0.05846527551892994
chr2:269000-270000	7.2559	0.19966865262502193	0.2061480184663913	0.04116129708850249	0.04116129708850249
chr3:311000-312000	7.1998	0.041122698594115485	0.32442108938472	0.013341070676342439	0.013341070676342439
chr2:282000-283000	8.1852	0.7896754519272619	0.11078356181665067	0.08748305924367536	0.08748305924367536
chr4:350000-351000	7.0607	0.14762706905670928	0.007805348978471793	0.0011522807926565707	0.0011522807926565707
chr4:149000-150000	7.1116	0.09597535507498382	0.23158550509376974	0.022226501081594026	0.022226501081594026
chr3:458000-459000	7.182	0.0038389248002058574	0.27687493283322756	0.0010629020462088084	0.0010629020462088084
chr4:440000-441000	6.5949	0.5077593563324161	0.17493174293203828	0.08882322919327944	0.08882322919327944
chr3:420000-421000	8.177	1.1504807972319364	0.24238699257324495	0.2788615804543183	0.2788615804543183
chr1:301000-302000	6.9864	0.24480687583307226	0.36871979668897875	0.09026514148523447	0.09026514148523447
chr3:368000-369000	7.7795	0.23266935495192556	0.08009088857578468	0.018634695382454367	0.018634695382454367
chr4:304000-305000	7.1333	0.03426781446622038	0.1096841970828112	0.003758637715510125	0.003758637715510125
chr4:85000-86000	7.1123	0.2010602206987631	0.2410050118957887	0.0484565208812753	0.0484565208812753
chr3:430000-431000	6.9412	0.12574006535177026	0.42171902392598914	0.05302697762853864	0.05302697762853864
chr3:376000-377000	6.6967	0.28397898430628604	0.12564548859650834	0.03568067823430349	0.03568067823430349
chr4:153000-154000	5.8843	0.04931008666843208	0.22440049984962981	0.011065208096024725	0.011065208096024725
chr3:304000-305000	6.4188	0.1706426433086469	0.07155401458352761	0.01221016618787862	0.01221016618787862
chr1:135000-136000	6.938	0.24496234792354044	0.2894965750300569	0.07091576073518613	0.07091576073518613
chr2:14000-15000	7.2342	0.09767836497113283	0.3154297203576498	0.03081065934783689	0.03081065934783689
chr4:6000-7000	6.6899	0.635620626163978	0.005969638460950472	0.0037944253365219047	0.0037944253365219047
chr3:428000-429000	8.1795	0.2871224511494297	0.36169308426586366	0.103850204918212	0.103850204918212
chr2:422000-423000	7.2791	0.1317304111568972	0.24169745971140627	0.031838905743361144	0.031838905743361144
chr2:97000-98000	6.6921	0.4293759200482871	0.41822159674876136	0.17957428288806312	0.17957428288806312
chr2:65000-66000	7.2875	0.4108120384059132	-0.017478484822135876	0.007180371978028454	0.007180371978028454
chr4:278000-279000	7.1023	0.10941395590465718	0.03405377281574873	0.0037259579972495445	0.0037259579972495445
chr4:347000-348000	6.7057	1.682623869212717	0.07742218000865071	0.1302724080890393	0.1302724080890393
chr3:43000-44000	6.8869	0.07346689965434386	-0.11411809414956653	0.00838390257163117	0.00838390257163117
chr3:177000-178000	6.8575	0.3263390996498952	0.13757089959047894	0.04489476351038304	0.04489476351038304
chr1:272000-273000	6.6892	0.622067593434801	0.022882690602449157	0.014234580274378683	0.014234580274378683
chr3:244000-245000	6.8968	0.3855600267468546	0.1670389544895685	0.06440354376076465	0.06440354376076465
chr1:499000-500000	6.7521	0.20000863712286426	0.15247673580623036	0.03049666412154717	0.03049666412154717
chr4:193000-194000	6.8593	0.27650078415011176	0.05114857401877243	0.01414262082435061	0.01414262082435061
chr2:163000-164000	6.4354	0.41103798054511526	0.2578826574626489	0.10599956674105489	0.10599956674105489
chr3:337000-338000	6.6147	0.4662221989420793	-0.21603442943701723	0.10072004673932364	0.10072004673932364
chr2:239000-240000	7.1015	0.11933514459970958	0.32014049594441935	0.03820401237575002	0.03820401237575002
chr3:206000-207000	6.803	0.02783216148076852	0.2720089370130025	0.0075705966591580786	0.0075705966591580786
chr2:262000-263000	7.3338	1.9216418641902429	-0.004819303328827018	0.009260975032905395	0.009260975032905395
chr3:19000-20000	6.7237	0.3086406929408617	0.47927086755044473	0.14792249266713722	0.14792249266713722
chr4:275000-276000	7.4697	0.037783339345810206	0.038496474616230514	0.0014545253640424062	0.0014545253640424062
chr4:233000-234000	7.137	0.5494039535514091	0.3797962057986577	0.20866153700960716	0.20866153700960716
chr3:423000-424000	6.7376	0.250102300486341	-0.09060434747146895	0.02266035573667818	0.02266035573667818
chr1:137000-138000	7.0393	0.054202753465553595	0.3076985464874256	0.016678108456967114	0.016678108456967114
chr4:153000-154000	7.5236	0.21899237811555616	0.4513321090316728	0.09883829187675551	0.09883829187675551
chr4:400000-401000	6.6075	0.8474388108475569	0.13009452471976368	0.11024714932629463	0.11024714932629463
chr2:80000-81000	7.1215	0.18582006393793182	-0.039205460090019295	0.00728516110064342	0.00728516110064342
chr1:48000-49000	7.6103	0.8310732540843937	0.3363824249679691	0.2795584365349295	0.2795584365349295
chr2:137000-138000	7.4694	0.7027514055042529	0.4142047227852182	0.2910829511038115	0.2910829511038115
chr2:430000-431000	6.8277	0.4545290016110443	0.13035194832538005	0.05924874093038943	0.05924874093038943
chr4:92000-93000	7.0024	0.7677199352642609	0.1480873374241388	0.11368960110071659	0.11368960110071659
chr2:484000-485000	7.0268	0.004047975687122001	0.33294952940923844	0.001347771600087309	0.001347771600087309
chr2:405000-406000	8.5867	0.4273836760791483	0.09610076632548462	0.04107189878620884	0.04107189878620884
chr4:141000-142000	6.8606	0.4497859194775379	0.1967949058477346	0.0885155776752188	0.0885155776752188
chr4:219000-220000	7.1987	0.019410585453189574	0.0879182481278265	0.0017065446681799007	0.0017065446681799007
chr1:249000-250000	6.6246	0.12735788850504165	0.36066868606769764	0.045934002307469704	0.045934002307469704
chr3:93000-94000	7.0057	0.08106437999430655	0.09077648358983195	0.00735873936027307	0.00735873936027307
chr2:171000-172000	6.9057	0.23843478204686086	0.37396868679339584	0.08916714232793412	0.08916714232793412
chr4:411000-412000	6.5969	0.3937135689219421	0.1434628661879156	0.05648327705461526	0.05648327705461526
chr1:313000-314000	6.746	0.08892808427509542	0.033440072405596905	0.0029737615770502146	0.0029737615770502146
chr2:483000-484000	7.2077	0.18704855045169655	0.2850583276082155	0.05331974697330154	0.05331974697330154
chr4:380000-381000	7.9793	1.0266298961001725	0.10889816018518177	0.1117981068764131	0.1117981068764131
chr3:16000-17000	6.9276	0.3453705663259408	0.4443985004927039	0.15348216178956403	0.15348216178956403
chr1:288000-289000	7.0784	1.1814611557340684	0.12620399462913204	0.1491051173527905	0.1491051173527905
chr1:42000-43000	7.6388	0.4706327625847293	-0.009494328368234134	0.004468341988828595	0.004468341988828595
chr1:176000-177000	6.9383	0.28472179108655804	0.28269795871415637	0.08049026914160844	0.08049026914160844
chr2:341000-342000	8.016	0.8739590782198488	0.13471935070745494	0.11773919956266385	0.11773919956266385
chr3:135000-136000	7.1731	0.3317113170780654	-0.15443986533127574	0.051229451138396526	0.051229451138396526
chr2:136000-137000	7.2304	0.23652224229113772	0.0485403942935094	0.011480882899996788	0.011480882899996788
chr1:343000-344000	8.0477	0.4925939365104397	0.10291390430179304	0.05069476524167891	0.05069476524167891
chr4:354000-355000	7.328	0.0674549201057622	0.1911677285145913	0.012895203853751796	0.012895203853751796
chr1:390000-391000	8.0863	0.05399158302522049	0.37429007201841447	0.02020851349889798	0.02020851349889798
chr1:213000-214000	7.7801	0.06877915043612652	0.0847452579028892	0.005828706842051156	0.005828706842051156
chr1:212000-213000	6.8984	0.6350355153239503	0.14592898936931062	0.09267009096484344	0.09267009096484344
chr3:0-1000	6.9738	1.2597047174789853	0.27671232513949306	0.34857582136279824	0.34857582136279824
chr3:49000-50000	6.6822	0.24123274974765735	0.1597297594562532	0.038532049090163834	0.038532049090163834
chr3:67000-68000	6.7274	0.14864732317212542	0.09545903823791427	0.01418973050665152	0.01418973050665152
chr1:226000-227000	6.7376	0.13953237047050404	-0.13060563628768596	0.018223714028029303	0.018223714028029303
chr3:450000-451000	7.7569	1.0012695486156293	0.04438198989293807	0.04443833498676552	0.04443833498676552
chr2:3000-4000	8.016	0.2222790233106407	0.33788434018628055	0.0751046011285667	0.0751046011285667
chr1:163000-164000	6.9366	0.3020143553499828	0.09977838716915093	0.03013450527875211	0.03013450527875211
chr2:66000-67000	7.137	0.06538741053197317	0.20730031053245762	0.013554830508191328	0.013554830508191328
chr2:327000-328000	6.9769	0.24481160221120704	0.34352853189133614	0.08409977029758174	0.08409977029758174
chr1:385000-386000	6.7581	0.2851661743129584	0.31833489470501763	0.09077834407334831	0.09077834407334831
chr4:398000-399000	7.3695	0.21220493078060332	0.15921319983898458	0.033785826051190085	0.033785826051190085
chr1:219000-220000	7.2699	0.010186066462741469	0.4034117220210063	0.0041091786123549565	0.0041091786123549565
chr2:187000-188000	7.1987	0.11269704446439913	0.08081592088871686	0.009107715429827086	0.009107715429827086
chr2:489000-490000	7.0502	0.026146207600097202	0.22872814457989474	0.005980373552170975	0.005980373552170975
chr2:313000-314000	6.8073	1.3374388587979391	0.23618572064830223	0.31588396068823416	0.31588396068823416
chr3:132000-133000	7.855	0.3874977387423645	0.2584830229208593	0.10016158688512374	0.10016158688512374
chr1:130000-131000	7.1802	0.008941174846490842	0.08414453235285498	0.0007523509761430818	0.0007523509761430818
chr4:439000-440000	6.5003	0.024821040054164845	0.07919422594244845	0.0019656830541760935	0.0019656830541760935
chr4:0-1000	9.4036	0.5128827643833013	0.28946635093410067	0.14846230226302834	0.14846230226302834
chr3:457000-458000	7.1935	0.37161358299361874	0.1544507714189006	0.057396004563106055	0.057396004563106055
chr2:442000-443000	7.0522	0.18444789552722476	-0.09329146394651511	0.017207414195588674	0.017207414195588674
chr2:224000-225000	7.0971	0.20449156622545928	0.12524564117113302	0.025611677325996857	0.025611677325996857
chr2:485000-486000	8.0863	0.035953881638469166	0.3489032808369188	0.012544427262484146	0.012544427262484146
chr3:241000-242000	6.884	0.380902878298695	0.32856379954805337	0.125150896952609	0.125150896952609
chr1:306000-307000	7.0998	0.4144832083451468	0.17466488295388433	0.07239566107195551	0.07239566107195551
chr2:452000-453000	7.8747	0.2910091846046793	0.349746634722194	0.10177948298873629	0.10177948298873629
chr4:174000-175000	6.7555	0.08789879974415492	0.13525695309229274	0.011888923833863994	0.011888923833863994
chr1:288000-289000	7.0012	0.40330942897544425	0.15236402017643932	0.06144984597376281	0.06144984597376281
chr1:247000-248000	6.9369	0.34339952173479815	0.09868078327163328	0.033886933779894136	0.033886933779894136
chr1:453000-454000	7.1348	0.3195089327957294	0.16636172618636455	0.05315405759186068	0.05315405759186068
chr1:441000-442000	6.8924	0.07172257804940574	0.11087348769050638	0.00795213237449217	0.00795213237449217
chr1:226000-227000	7.2805	0.10869858357036279	0.27708617744883723	0.030118875015614808	0.030118875015614808
chr1:459000-460000	8.5973	0.43581330742421337	0.22693726729093971	0.09890228103587718	0.09890228103587718
chr4:390000-391000	6.5975	0.3280739051765019	0.2614727985392769	0.08578240211420932	0.08578240211420932
chr3:274000-275000	7.0715	0.2465947463659141	0.16381135180721865	0.040395018750758606	0.040395018750758606
chr4:126000-127000	7.1855	0.17774931701518112	0.36606210039304593	0.06506728833000658	0.06506728833000658
chr2:339000-340000	6.802	0.14360461693427354	0.18194282540696027	0.026127829746505942	0.026127829746505942
chr4:65000-66000	6.7335	0.1647392095954005	0.16672086443070405	0.027465463429376107	0.027465463429376107
chr4:467000-468000	8.2038	1.081100460726369	0.2632526702396667	0.2846025830835506	0.2846025830835506
chr2:398000-399000	7.1241	0.36050799642289144	0.35048197996085356	0.12635155637801532	0.12635155637801532
chr4:159000-160000	8.1852	0.2282196688236019	0.508527833109653	0.1160560536598689	0.1160560536598689
chr2:286000-287000	8.1784	0.07394022873563828	-0.05503073118220991	0.004068984851102023	0.004068984851102023
chr4:177000-178000	6.9345	0.023142360057376115	0.27924545520003774	0.006462398868625165	0.006462398868625165
chr3:0-1000	7.0548	0.40782936684810783	0.2642469443710245	0.10776766401438208	0.10776766401438208
chr4:145000-146000	7.031	0.6685286671329167	0.3348703570531238	0.22387043346304875	0.22387043346304875
chr3:150000-151000	6.9462	0.024678528097230725	0.31014570133422453	0.007653939404611989	0.007653939404611989
chr4:193000-194000	8.016	0.2622617817658701	0.10260030321194089	0.026908138330082144	0.026908138330082144
chr4:99000-100000	6.7092	0.5807501231507306	0.08993180393219544	0.05222790620878986	0.05222790620878986
chr3:299000-300000	6.9163	0.03662757819084519	0.2054095087204441	0.007523652841801163	0.007523652841801163
chr3:224000-225000	7.0607	0.00995713095654045	0.12231310249193149	0.0012178875792129159	0.0012178875792129159
chr1:437000-438000	6.7023	0.18732891638494045	0.23615727156622476	0.04423908577892499	0.04423908577892499
chr2:26000-27000	7.4458	0.6691443316888008	0.5157803601812017	0.3451315044116592	0.3451315044116592
chr4:342000-343000	14.48	0.26872383919785386	0.033041835940443215	0.008879129008061532	0.008879129008061532
chr4:192000-193000	6.5938	0.08131965591498382	0.05517530212564167	0.004486836583862456	0.004486836583862456
chr3:429000-430000	7.9494	0.20063418260062596	0.20452423588026875	0.04103455288785533	0.04103455288785533
chr2:353000-354000	6.4231	0.9019230393695828	0.42186184601086407	0.38048691834818144	0.38048691834818144
chr4:292000-293000	6.9013	0.30162186741522046	0.2916715481974314	0.08797451703919774	0.08797451703919774
chr3:285000-286000	6.8045	0.08806641716554173	0.13406169334523396	0.011806333012060303	0.011806333012060303
chr2:229000-230000	6.995	0.045255273161399164	-0.13116263745738532	0.005935800986703539	0.005935800986703539
chr3:403000-404000	6.938	1.0676996697694772	0.16697080594880637	0.17827467437268402	0.17827467437268402
chr3:447000-448000	6.5969	0.2830832175419748	-0.11017820896539882	0.03118960189693715	0.03118960189693715
chr2:248000-249000	6.8642	0.21805625679732618	0.1536186384425205	0.033497505273077856	0.033497505273077856
chr1:340000-341000	6.6677	0.2546237227773938	0.08717653916141255	0.022197214940128124	0.022197214940128124
chr1:317000-318000	7.6301	0.10422487711099422	0.17598008066500395	0.018341502281292887	0.018341502281292887
chr4:72000-73000	7.7121	0.5114654339085274	0.3007010114675699	0.1537981733069937	0.1537981733069937
chr4:312000-313000	6.6479	0.21242460891592382	0.19721629913508987	0.041893595215617314	0.041893595215617314
chr2:278000-279000	6.7092	1.480804722593433	0.36142194689600193	0.5351953258125126	0.5351953258125126
chr3:356000-357000	6.4227	0.0963640149140705	-0.006655115967527853	0.0006413136943497227	0.0006413136943497227
chr3:355000-356000	6.9013	0.7145242148135743	-0.07869880624366066	0.05623220273801725	0.05623220273801725
chr3:132000-133000	8.016	0.3368172652815711	0.3577925608742399	0.12051071189175153	0.12051071189175153
chr2:487000-488000	7.1539	0.38338641344231966	0.053156713083909485	0.020379561579622486	0.020379561579622486
chr3:176000-177000	6.8226	0.015746744248513366	0.44183309423831363	0.006957432735500029	0.006957432735500029
chr4:485000-486000	7.4025	0.14527403884480813	0.3345258973798298	0.04859792821055169	0.04859792821055169
chr2:138000-139000	7.2413	0.1381600344356218	0.16833046417584585	0.023256542727099067	0.023256542727099067
chr3:107000-108000	6.8244	0.02209643715217083	0.05192307092732243	0.0011473148734932885	0.0011473148734932885
chr3:401000-402000	6.5945	0.1314451316209291	0.22529820079500917	0.029614351657458494	0.029614351657458494
chr1:104000-105000	7.2072	0.13478747918694167	0.26629109743541135	0.03589270575324337	0.03589270575324337
chr4:366000-367000	9.9524	0.20923911098341585	0.15481171470097985	0.03239266555385124	0.03239266555385124
chr1:453000-454000	7.1546	0.40525644814217515	0.15239816109070875	0.061760337467019664	0.061760337467019664
chr4:128000-129000	6.6873	0.5298586280859117	0.24754139255182445	0.1311619426519858	0.1311619426519858
chr1:234000-235000	6.6647	0.2582567271277222	0.48514034194918615	0.1252907569094208	0.1252907569094208
chr2:485000-486000	7.1723	0.039375613165404444	-0.09390853391361154	0.003697706104312632	0.003697706104312632
chr3:302000-303000	6.9305	0.31691736637551304	0.3098974041093624	0.09821186915694723	0.09821186915694723
chr4:319000-320000	8.0863	0.3537770592308092	0.47603257022629863	0.1684094027927436	0.1684094027927436
chr1:374000-375000	7.5499	0.10972054436429834	0.08817897619068271	0.00967504526912821	0.00967504526912821
chr4:157000-158000	6.8745	0.1774044386747026	0.27921025516193526	0.04953313858922361	0.04953313858922361
chr3:179000-180000	6.9148	0.7453588652979531	0.27330379290638274	0.2037094049623282	0.2037094049623282
chr3:86000-87000	6.7429	0.11519922724294415	-0.07534864492930549	0.008680105669658975	0.008680105669658975
chr4:348000-349000	6.7237	0.3668303617108383	0.3756868683982315	0.13781334982453539	0.13781334982453539
chr4:452000-453000	7.2304	0.21503615694711745	0.2673170777849775	0.05748283709321522	0.05748283709321522
chr1:420000-421000	6.7418	0.4305279509648495	0.0455547976508186	0.01961261368922527	0.01961261368922527
chr2:58000-59000	6.8709	0.12454957301903903	-0.15242924604877983	0.01898499751098957	0.01898499751098957
chr3:442000-443000	7.5171	0.14626679371241041	0.25017488026671764	0.03659227760399896	0.03659227760399896
chr3:498000-499000	6.5664	0.2718938349133945	0.3833184953559581	0.10422193569556365	0.10422193569556365
chr3:463000-464000	6.9179	0.24608181681790914	0.21667582404343044	0.053319980441124966	0.053319980441124966
chr3:54000-55000	8.0106	0.05494607477933998	0.204192718286669	0.011219588368376016	0.011219588368376016
chr2:56000-57000	6.8386	0.03137564573921964	0.26272806177016234	0.008243262591852428	0.008243262591852428
chr3:453000-454000	7.1103	0.14730040878902445	0.16118059059993467	0.023741966884226768	0.023741966884226768
chr2:41000-42000	6.9366	0.5414173717262685	0.4397970755757076	0.23811377675109865	0.23811377675109865
chr4:72000-73000	7.3102	0.14090681612275577	-0.19356823533238982	0.027275083743187368	0.027275083743187368
chr2:285000-286000	7.1348	1.2407968788000847	0.016899492547713085	0.02096883760650769	0.02096883760650769
chr1:76000-77000	7.7889	0.9743020997878964	-0.03094997789099796	0.03015462844758828	0.03015462844758828
chr3:7000-8000	8.0831	0.23387804906816406	-0.022941554492544064	0.005365526007307181	0.005365526007307181
chr3:188000-189000	7.7046	0.2420368926874702	0.4359221961375772	0.10550925380663712	0.10550925380663712
chr3:402000-403000	7.1188	0.17418207946351963	0.23756786115916662	0.04138006407040436	0.04138006407040436
chr4:77000-78000	7.1855	0.09006201271264119	0.010781774951733658	0.000971028352767873	0.000971028352767873
chr1:299000-300000	6.6327	0.24473605489623462	0.07024411604765107	0.017191267841175407	0.017191267841175407
chr4:22000-23000	8.0271	0.2605843570867718	0.17422055203050624	0.045399150542171945	0.045399150542171945
chr3:134000-135000	6.6327	0.06969653904788407	0.033775320321379754	0.0023540229316338364	0.0023540229316338364
chr2:8000-9000	8.1852	0.3979301931382957	0.04272138301922107	0.017000128195973747	0.017000128195973747
chr4:187000-188000	7.011	0.18565998075683127	0.019845475088461267	0.0036845105230338933	0.0036845105230338933
chr2:498000-499000	6.8312	0.012077749909728064	0.5966515020525552	0.0072062076250543625	0.0072062076250543625
chr4:182000-183000	7.1769	0.26969331647874883	-0.025445549259272948	0.006862494569356692	0.006862494569356692
chr4:389000-390000	8.4421	0.13083640694047435	0.11818310015903848	0.015462652185894798	0.015462652185894798
chr4:281000-282000	7.3081	0.23910096815184043	0.1926449939849783	0.04606160457141379	0.04606160457141379
chr4:40000-41000	6.8643	0.09679286993740278	0.18130733057148055	0.017549256866703007	0.017549256866703007
chr3:327000-328000	6.8038	0.19815023774621435	0.02411125867208863	0.004777651638234835	0.004777651638234835
chr2:363000-364000	6.7882	0.266552714077275	-0.017208455806103418	0.004586960600195707	0.004586960600195707
chr3:440000-441000	6.6696	0.17460182677463051	0.0735886114977588	0.012848705997317265	0.012848705997317265
chr4:446000-447000	7.5094	0.7530108894969333	0.40440107935505865	0.3045184164786726	0.3045184164786726
chr4:472000-473000	6.9464	0.15706396207460005	0.07527470855658551	0.011822943969908118	0.011822943969908118
chr4:470000-471000	6.8787	0.43384871895077587	0.28334066990051726	0.12292698666299408	0.12292698666299408
chr3:71000-72000	6.7092	0.03471222834592935	0.21343710218828732	0.007408877428653287	0.007408877428653287
chr1:115000-116000	7.1736	0.563134143309778	0.17971185119094615	0.10120187936302776	0.10120187936302776
chr3:36000-37000	6.7092	0.07482527122488908	0.35053498402749284	0.026228875253669313	0.026228875253669313
chr2:219000-220000	6.5005	0.19436236918134697	0.36861690799790203	0.07164525555877485	0.07164525555877485
chr4:89000-90000	6.7602	0.10674356139293222	0.3421289693184287	0.03652006464074231	0.03652006464074231
chr4:499000-500000	6.9179	0.4895621288359564	0.06584751309868961	0.03223644869114801	0.03223644869114801
chr1:56000-57000	6.8449	0.002670839301685571	0.09740607473013548	0.0002601559726121676	0.0002601559726121676
chr1:18000-19000	7.121	0.338864956331026	0.11965799923618826	0.04054790268582888	0.04054790268582888
chr2:146000-147000	6.7998	0.4016738635304101	0.32849256569385166	0.13194687800326646	0.13194687800326646
chr1:24000-25000	6.7915	0.4046719810644282	0.2632069716647124	0.10651248665352799	0.10651248665352799
chr4:424000-425000	6.3358	0.3223578741995643	0.11092397566300419	0.03575721699249024	0.03575721699249024
chr3:150000-151000	7.3295	0.5610878024036414	0.08494182401439854	0.04765982136839573	0.04765982136839573
chr3:288000-289000	6.7691	0.024248938972297598	0.2317725618461717	0.005620238707660889	0.005620238707660889
chr3:407000-408000	6.6457	0.1568221419151893	0.17134284650794554	0.026870352191221535	0.026870352191221535
chr4:294000-295000	6.3358	0.2581437714110018	0.11773404922595156	0.030392311490675672	0.030392311490675672
chr3:313000-314000	6.8699	0.9310968702206057	-0.08404220004306784	0.07825142942655453	0.07825142942655453
chr2:435000-436000	7.4208	0.20831894903141807	0.2319940561059408	0.048328757949525424	0.048328757949525424
chr4:269000-270000	8.0831	0.3683633573350949	-0.0411339796553461	0.015152250846396778	0.015152250846396778
chr2:7000-8000	8.5867	0.09897005353665349	0.08559128321506788	0.00847097388206614	0.00847097388206614
chr2:403000-404000	6.791	0.7944877783630283	0.3244212262897623	0.2577486993287625	0.2577486993287625
chr2:232000-233000	6.9552	0.19412936579685727	0.17092607918407948	0.033181771350148756	0.033181771350148756
chr1:320000-321000	6.6327	0.07425929225839935	0.42218578228832054	0.03135121739428935	0.03135121739428935
chr1:30000-31000	7.1736	0.3816663430794737	0.12821338330677995	0.04893473314054555	0.04893473314054555
chr2:43000-44000	7.0737	0.18151168805649853	0.23288475016324603	0.04227130412474671	0.04227130412474671
chr2:159000-160000	7.0251	0.22414067969476917	0.39339047940734545	0.0881748094398135	0.0881748094398135
chr3:201000-202000	6.9477	0.08022795913514433	0.037319931006192325	0.002994101899691204	0.002994101899691204
chr3:53000-54000	7.2084	0.03833422539917681	0.04756262383126261	0.0018232763425238795	0.0018232763425238795
chr3:82000-83000	6.9457	0.38259246660467466	0.031540915978317235	0.012067316843115187	0.012067316843115187
chr3:313000-314000	6.9057	0.2979172720427767	0.15136627715025644	0.04509462836787528	0.04509462836787528
chr3:98000-99000	7.0734	0.15447350682897087	0.30602261439706013	0.04727238641488379	0.04727238641488379
chr4:249000-250000	8.0477	0.678222057214087	0.3395384234362926	0.23028244804619014	0.23028244804619014
chr3:111000-112000	6.8702	0.001148171158918817	0.3237647397001452	0.00037173733639856484	0.00037173733639856484
chr3:180000-181000	6.8449	0.03223961482313805	0.06993046764336497	0.002254531341224005	0.002254531341224005
chr2:76000-77000	7.1987	0.09457489154662681	0.12856686896830116	0.012159197689166462	0.012159197689166462
chr2:111000-112000	6.8109	0.16465406849706724	0.3311583771069091	0.05452657410753863	0.05452657410753863
chr1:197000-198000	6.6893	0.8261708576955461	0.08761895634286113	0.07238822831217019	0.07238822831217019
chr1:470000-471000	6.9312	0.24946705648662768	0.2512593372110652	0.06268092726882543	0.06268092726882543
chr4:351000-352000	6.8606	0.3650739427905373	0.3448096226886756	0.12588100846707231	0.12588100846707231
chr2:428000-429000	6.8869	0.42943495732702214	0.3854196082709327	0.16551265303082557	0.16551265303082557
chr4:308000-309000	6.6942	0.3637431608631262	0.10735221568484749	0.039048634258866496	0.039048634258866496
chr2:478000-479000	7.1337	0.3099731392356075	0.15258907159594254	0.04729851353564118	0.04729851353564118
chr2:309000-310000	6.8449	0.20708785710939212	0.34746240578088505	0.07195524503923754	0.07195524503923754
chr3:378000-379000	7.3338	0.03528982863189317	0.15369182700822387	0.005423758237242791	0.005423758237242791
chr4:291000-292000	6.5544	0.13852172533561122	0.3852682732922792	0.0533680259335183	0.0533680259335183
chr1:30000-31000	6.7106	0.1391642983626757	0.15198620285834147	0.021151053281588384	0.021151053281588384
chr3:189000-190000	7.0397	0.39335201573652173	0.37241351540019085	0.14648960697018926	0.14648960697018926
chr4:378000-379000	6.6311	0.010980111350504921	0.2859698079038748	0.0031399803336670472	0.0031399803336670472
chr4:428000-429000	7.0971	0.8012579623408366	0.2558253022208143	0.20498206037267835	0.20498206037267835
chr1:325000-326000	6.8229	0.34389413089260906	0.11187532775423856	0.038473268606369654	0.038473268606369654
chr2:321000-322000	6.9363	0.2596616446560646	0.35031278248856135	0.09096279324502207	0.09096279324502207
chr1:53000-54000	7.6718	0.23545095744419933	0.27757952518085205	0.06535636497073785	0.06535636497073785
chr4:338000-339000	7.0398	0.3494683648535142	0.24375955658801118	0.08518625365822993	0.08518625365822993
chr4:293000-294000	8.1784	0.16014777164272365	0.17252325966421572	0.027629215591763134	0.027629215591763134
chr4:444000-445000	8.0477	0.15540026497191659	0.5618923132419373	0.08731821436348021	0.08731821436348021
chr4:59000-60000	6.9951	0.18713960098998567	0.3176906431847036	0.059452500203837334	0.059452500203837334
chr2:239000-240000	8.0062	0.21958653647544765	0.022878077703673283	0.005023717844165779	0.005023717844165779
chr3:179000-180000	7.2549	0.444737827946904	0.3671482542003308	0.16328471710755288	0.16328471710755288
chr1:103000-104000	7.015	1.1190832753607534	0.300929185395023	0.3367648184435057	0.3367648184435057
chr4:197000-198000	7.2507	0.09260341930441045	0.2887721200612067	0.026741285717451484	0.026741285717451484
chr4:259000-260000	6.9055	0.12547562166739934	0.07300824363000069	0.009160754756319285	0.009160754756319285
chr4:348000-349000	7.0595	0.25364458975329324	0.30968697600056094	0.07855042597960026	0.07855042597960026
chr2:219000-220000	7.5844	0.32630824425229615	0.3541516512201548	0.11556260350870026	0.11556260350870026
chr1:306000-307000	7.0982	0.23753461019667352	0.21966531360288774	0.05217811464039199	0.05217811464039199
chr2:275000-276000	6.7981	0.27953292933222745	0.059847258713223356	0.016729279540610997	0.016729279540610997
chr3:82000-83000	6.8223	0.6891456013339151	0.10006419136126589	0.06895879732765153	0.06895879732765153
chr4:448000-449000	7.7046	0.8311936865735073	0.1070098718892656	0.0889459299153974	0.0889459299153974
chr3:147000-148000	6.9457	0.3340954979499115	0.5611066375896828	0.1874632014885256	0.1874632014885256
chr2:15000-16000	6.783	1.3878842442846344	0.22817038218366326	0.3166740784451097	0.3166740784451097
chr2:479000-480000	7.8576	0.31034595950063315	-0.039057552302654924	0.012121353545113607	0.012121353545113607
chr4:323000-324000	7.0931	0.45007822079208915	0.29937215902467734	0.13474088868851314	0.13474088868851314
chr3:222000-223000	6.938	0.6792260608702791	0.07006595779891253	0.047590624516858575	0.047590624516858575
chr3:48000-49000	7.3538	0.1135653358289094	0.335517355413665	0.03810314114398042	0.03810314114398042
chr2:362000-363000	6.9477	0.30885371530495925	0.20909132535123998	0.06457863267276848	0.06457863267276848
chr4:356000-357000	6.8234	0.8834846553814869	0.3864775155821537	0.3414469546667923	0.3414469546667923
chr4:92000-93000	7.137	0.01876340937869222	0.06517802179476476	0.001222961905428495	0.001222961905428495
chr2:185000-186000	6.832	0.3514483524626828	0.19927630671423047	0.07003532967956455	0.07003532967956455
chr1:360000-361000	7.0397	0.013676194019222638	0.3159520043380717	0.0043210209120897415	0.0043210209120897415
chr4:196000-197000	7.4632	0.2262896563885388	0.20057046141847812	0.04538702079607809	0.04538702079607809
chr1:276000-277000	6.9893	0.023790640431015243	-0.0439479030942376	0.0010455487602121089	0.0010455487602121089
chr3:317000-318000	6.5812	0.4934658907052556	0.5281474811825029	0.260622767225461	0.260622767225461
chr4:432000-433000	6.9749	0.013467812670047109	-0.08417096032554466	0.001133598725922403	0.001133598725922403
chr2:489000-490000	8.167	0.17692907022668283	0.2671792621627691	0.047271778438309875	0.047271778438309875
chr4:191000-192000	6.4231	0.9704023064576364	0.2556641076970883	0.24809703978768805	0.24809703978768805
chr1:271000-272000	6.7094	0.9074235954606155	0.20719421689723203	0.1880129212555329	0.1880129212555329
chr3:162000-163000	7.1723	0.17234050289784286	0.24977657948877735	0.04304662132119891	0.04304662132119891
chr3:42000-43000	6.6647	0.07222314896675212	0.28027121531829813	0.020242069735026104	0.020242069735026104
chr1:124000-125000	7.1855	0.3595077344098183	0.31390819089637356	0.11285242252184001	0.11285242252184001
chr4:334000-335000	7.0917	0.9166242764248691	0.18616486930500795	0.17064323862243322	0.17064323862243322
chr1:361000-362000	7.4548	0.4449592777879159	0.2602738781051003	0.11581127682870547	0.11581127682870547
chr1:494000-495000	6.9748	0.30700846573840584	0.05653454347729869	0.017356583454186673	0.017356583454186673
chr4:123000-124000	6.5432	0.44303238961241875	0.2708609416820566	0.12000017024607153	0.12000017024607153
chr1:85000-86000	6.7336	0.0036530867663101	0.012438839904542393	4.54401614435338e-05	4.54401614435338e-05
chr4:287000-288000	8.0247	0.21688627946733038	0.290677298953305	0.06304391789559526	0.06304391789559526
chr2:443000-444000	6.8832	0.08783695977683047	0.1164079549455949	0.010224920856259312	0.010224920856259312
chr4:399000-400000	7.242	0.00013286384815638873	-0.01852568040899838	2.461393188854946e-06	2.461393188854946e-06
chr2:239000-240000	9.4036	0.050102352638098833	0.7243816684400148	0.036293225796756014	0.036293225796756014
chr1:326000-327000	7.2152	0.3027222396719353	-0.01951089376400325	0.00590638145824026	0.00590638145824026
chr1:403000-404000	7.0268	0.009948531582132126	0.1873155501284288	0.0018635146662771271	0.0018635146662771271
chr4:381000-382000	7.2038	0.2918897253591487	0.09915825917186019	0.02894327703676556	0.02894327703676556
chr2:184000-185000	6.8033	0.14648604897486134	-0.07604935543512575	0.011140169604776469	0.011140169604776469
chr2:460000-461000	6.5005	0.6975608984322029	0.4415257294067909	0.30799108448593476	0.30799108448593476
chr1:153000-154000	8.3834	0.03220998561113753	-0.028940649508331806	0.000932177904240342	0.000932177904240342
chr1:104000-105000	7.0361	0.05779222303749805	0.20488633661128428	0.011840836862775244	0.011840836862775244
chr1:353000-354000	8.3954	0.07642518118188334	0.4525319748167675	0.03458483816596692	0.03458483816596692
chr2:323000-324000	8.177	0.21813430769852596	0.12093179218773255	0.026379372767613048	0.026379372767613048
chr1:281000-282000	8.2846	0.04658041376466492	0.33187644521516396	0.015458942136868487	0.015458942136868487
chr1:153000-154000	7.6318	0.1537189383020378	0.17717000294635002	0.027234384751881835	0.027234384751881835
chr1:461000-462000	8.1349	0.5197543822655586	0.21687735673821715	0.11272295657885924	0.11272295657885924
chr3:132000-133000	6.82	0.08843580434236221	0.3474728316379788	0.03072903935302286	0.03072903935302286
chr3:391000-392000	6.6254	0.27027472116433865	0.21382692644547308	0.057792012922477785	0.057792012922477785
chr1:474000-475000	7.8165	0.6348231203305861	0.1525162471606232	0.09682083992361772	0.09682083992361772
chr4:420000-421000	7.8116	0.029963685254504692	0.33491525611335826	0.010035295321112496	0.010035295321112496
chr2:35000-36000	6.4579	0.049319175308414794	0.3116876040799519	0.015372175587078929	0.015372175587078929
chr4:476000-477000	7.9356	0.2323687081712771	0.1140691865693377	0.026506109525265397	0.026506109525265397
chr2:80000-81000	7.2647	0.23736068082222625	-0.0499915436724874	0.011866026841455666	0.011866026841455666
chr2:180000-181000	6.6849	0.1616470950639813	0.09864378812575825	0.015945481796635675	0.015945481796635675
chr4:173000-174000	6.9738	0.07690360355493384	0.2051228626232037	0.015774687307228013	0.015774687307228013
chr4:457000-458000	6.8772	0.10869690741718759	0.3019059924434755	0.032816247709322593	0.032816247709322593
chr2:250000-251000	6.891	0.5660031684111104	0.02768089472620161	0.01566747411948451	0.01566747411948451
chr3:366000-367000	7.2367	0.6791270283625808	0.11439929770800121	0.07769165509920106	0.07769165509920106
chr4:470000-471000	6.9463	0.04018166296212046	0.31013273280622944	0.01246164894314127	0.01246164894314127
chr1:495000-496000	8.0863	2.3078518550201754	-0.006509455375544454	0.015022858663621321	0.015022858663621321
chr3:45000-46000	6.7716	0.23457450475965583	0.13036683538501614	0.030580735847523736	0.030580735847523736
chr4:491000-492000	7.2152	0.14374464272278722	0.42460534564011876	0.06103474370722445	0.06103474370722445
chr1:31000-32000	6.5452	0.09401060885958505	0.12431713443736736	0.011687129500135793	0.011687129500135793
chr1:253000-254000	7.4525	0.0939396559678649	0.15128397900812374	0.014211564941472838	0.014211564941472838
chr2:284000-285000	7.3854	0.10553177073139057	0.5450593464027758	0.057521077979579324	0.057521077979579324
chr1:152000-153000	6.9947	0.4268940794729543	0.2049991888498703	0.08751294001676771	0.08751294001676771
chr4:252000-253000	6.6075	0.13826834285617703	0.056573467527552934	0.007822319604662488	0.007822319604662488
chr1:488000-489000	6.9412	0.0519580051243838	0.15883399593364708	0.008252697574646792	0.008252697574646792
chr3:401000-402000	7.0936	0.5700807109060576	0.23305723741820508	0.1328614355891722	0.1328614355891722
chr1:312000-313000	7.0784	0.00940321087837796	0.29627232953625365	0.00278591119205768	0.00278591119205768
chr1:244000-245000	6.9007	0.03796652637822912	0.03292203505983002	0.0012499353125240203	0.0012499353125240203
chr2:60000-61000	7.9494	0.3335596735154327	0.44512024902333025	0.14847416493933013	0.14847416493933013
chr4:372000-373000	6.8883	0.053392028382045514	-0.12150509862060388	0.006487403674114521	0.006487403674114521
chr4:67000-68000	6.4188	0.7111699343172195	0.2384082296424889	0.16954876501553343	0.16954876501553343
chr4:324000-325000	7.8028	0.55598469721637	0.1515143053216865	0.08423963516822651	0.08423963516822651
chr2:258000-259000	7.0971	0.36610282923593945	0.22898111340712907	0.08383063345994546	0.08383063345994546
chr4:468000-469000	6.9067	0.01591541641276849	0.3979466741715949	0.006333487029517236	0.006333487029517236
chr1:192000-193000	7.1483	0.38023777420493343	0.16430846789793882	0.06247628611653502	0.06247628611653502
chr4:355000-356000	6.8435	0.9139000581603376	0.24035361022063	0.21965917835968088	0.21965917835968088
chr4:115000-116000	7.5844	0.6014021131812765	0.1281743815987394	0.07708434394918519	0.07708434394918519
chr3:174000-175000	6.7497	0.615347281110093	0.07058363539353193	0.043433448130276005	0.043433448130276005
chr2:382000-383000	7.2805	0.4778943174931922	0.30253539848007166	0.1445799477741648	0.1445799477741648
chr1:450000-451000	6.7564	0.5366238822578752	-0.004893356680080119	0.0026258920589371003	0.0026258920589371003
chr2:94000-95000	6.5938	0.0036693808226913745	0.14460842911306954	0.0005306233965870224	0.0005306233965870224
chr1:112000-113000	7.2875	0.1017485011709658	0.22150827010133767	0.022538134479784564	0.022538134479784564
chr1:330000-331000	6.995	0.15913276532456197	0.1831628799572512	0.02914721559240817	0.02914721559240817
chr4:447000-448000	7.2291	0.021240451924076635	0.30544306878603017	0.006487748818092107	0.006487748818092107
chr3:82000-83000	6.8382	0.10096016788551414	0.4720015927974163	0.047653360051057234	0.047653360051057234
chr1:196000-197000	7.2348	0.06897546244966257	0.10138517636702933	0.006993089425456449	0.006993089425456449
chr4:202000-203000	6.6942	1.2060418114193683	0.30513885731556545	0.3680102202113007	0.3680102202113007
chr1:214000-215000	6.8968	0.4555994396174848	0.32827300482230337	0.1495609970385893	0.1495609970385893
chr1:127000-128000	6.8574	0.03206613661630909	0.055436161068408374	0.0017776235143032982	0.0017776235143032982
chr2:213000-214000	7.0676	1.1791896399838968	0.05642736276574359	0.06653856158497792	0.06653856158497792
chr1:217000-218000	6.5812	0.2193799706117842	0.1654398928691349	0.03629419883564754	0.03629419883564754
chr4:488000-489000	7.6751	0.36578119461094677	0.06136502835975435	0.022446173380765575	0.022446173380765575
chr1:424000-425000	6.9464	0.2200059737501233	0.22605149692077894	0.04973267969772897	0.04973267969772897
chr1:97000-98000	7.3418	0.4043083469194593	0.09479942125959291	0.03832819729838746	0.03832819729838746
chr4:37000-38000	7.3616	0.23928993598517112	0.07738972833669186	0.01851858313959678	0.01851858313959678
chr3:462000-463000	8.0106	0.05666271354228909	0.2653512366358867	0.015035521109591415	0.015035521109591415
chr4:18000-19000	6.8213	0.021234303048128577	0.46485638996756046	0.009870901458430215	0.009870901458430215
chr1:402000-403000	6.7925	0.028984743097566587	0.10581751783373163	0.003067093569632882	0.003067093569632882
chr4:357000-358000	8.3588	0.30785838995136283	0.06426280219159844	0.019783842816468406	0.019783842816468406
chr3:306000-307000	7.5484	0.17972577497369505	0.41825908737226536	0.07517193861777081	0.07517193861777081
chr3:375000-376000	7.3854	0.262801680906015	-0.04716971625760524	0.012396280720358442	0.012396280720358442
chr1:257000-258000	7.0491	0.057377817261741466	0.22541627462895297	0.012933893813482592	0.012933893813482592
chr2:94000-95000	6.9727	0.17885228515671567	0.005596456962291191	0.0010009391164869908	0.0010009391164869908
chr2:446000-447000	7.3854	0.0020113663814178466	0.2760621888139323	0.0005552622057609693	0.0005552622057609693
chr3:271000-272000	7.1116	0.29441263627009145	0.12448684200097539	0.03665049933444551	0.03665049933444551
chr3:472000-473000	7.9835	0.26234752532720135	0.17875852847662851	0.046896857576975544	0.046896857576975544
chr2:316000-317000	7.0411	0.1794898120043101	0.18353457442757865	0.032942586260297155	0.032942586260297155
chr3:260000-261000	6.9418	0.06267627935138896	0.27462278859584865	0.017212334614290843	0.017212334614290843
chr4:323000-324000	7.013	1.1317690427056992	0.0703413393628729	0.07961015031335539	0.07961015031335539
chr4:30000-31000	7.1777	0.7379424698688947	0.17886081285835703	0.13198899000345415	0.13198899000345415
chr4:447000-448000	7.0817	0.08980967474859577	0.45161943954689093	0.040559794975849384	0.040559794975849384
chr4:445000-446000	6.9601	0.07808698617490491	0.12613308885042235	0.009849352765260982	0.009849352765260982
chr1:42000-43000	7.9036	0.33321353075950455	0.05634376266653929	0.018774504094393112	0.018774504094393112
chr1:38000-39000	7.2419	0.511734372420188	0.2974942349230831	0.1522380256069879	0.1522380256069879
chr3:134000-135000	6.7135	0.7274980075390916	0.18888093403549344	0.13741050317294407	0.13741050317294407
chr3:389000-390000	7.2291	0.024085000762018017	0.1636776161264104	0.003942175509129887	0.003942175509129887
chr2:301000-302000	8.0338	0.13148676575265583	-0.011068599258944212	0.0014553743179708176	0.0014553743179708176
chr3:184000-185000	6.9736	0.271014732059189	0.14421902587168903	0.03908548065445305	0.03908548065445305
chr4:129000-130000	7.6877	0.1215052548001668	0.1594069130708095	0.01936877758957675	0.01936877758957675
chr3:187000-188000	6.5452	0.09993137428180911	0.3338884275671528	0.033365929423577856	0.033365929423577856
chr2:3000-4000	7.182	0.15197447120358448	-0.05153627109538811	0.007832197547526183	0.007832197547526183
chr2:102000-103000	8.665	0.10337976254110484	0.21388109232404337	0.022110976536491724	0.022110976536491724
chr1:493000-494000	6.3792	0.16732048378574674	0.2896478969529874	0.048464026245697976	0.048464026245697976
chr1:294000-295000	7.2419	0.6011741190220191	0.11212765111133981	0.06740824187486803	0.06740824187486803
chr2:364000-365000	6.9465	0.5894565986275444	0.34989945668596306	0.20625054359973358	0.20625054359973358
chr1:122000-123000	6.3358	0.5380860011440125	0.16443845136716329	0.08848202873047106	0.08848202873047106
chr2:179000-180000	7.2413	0.2297318170496627	0.2574293437432173	0.05913971090003153	0.05913971090003153
chr4:53000-54000	7.0914	0.10375573444384067	0.12808628874261035	0.01328968696067538	0.01328968696067538
chr3:162000-163000	6.6871	0.0066470975968408175	0.20380826308136155	0.0013547334157444195	0.0013547334157444195
chr4:96000-97000	6.9412	0.7856437353373734	-0.08795097342964842	0.06909813129182706	0.06909813129182706
chr3:230000-231000	7.2699	0.43373781352164037	0.46238363037907315	0.20055326484881753	0.20055326484881753
chr3:408000-409000	6.8561	0.05212473611855498	0.047262553350765846	0.0024635481216977962	0.0024635481216977962
chr3:7000-8000	7.038	0.4632669862090222	0.3213339380159015	0.14886340503130344	0.14886340503130344
chr4:118000-119000	6.8378	0.49172881877769775	0.2819695646221494	0.13865256094291123	0.13865256094291123
chr3:152000-153000	6.9473	0.7753294891119284	0.4804422995756775	0.37250108267777016	0.37250108267777016
chr4:188000-189000	8.0863	0.40705659157012725	-0.09784932345989722	0.039830212095028655	0.039830212095028655
chr4:413000-414000	7.0413	0.6182113800118044	0.12608756708300714	0.0779487688487168	0.0779487688487168
chr2:66000-67000	8.0338	0.11868824093633706	0.2854121400351553	0.03387506484264809	0.03387506484264809
chr3:200000-201000	6.938	0.09502978297026769	0.0892196861748221	0.008478527413868736	0.008478527413868736
chr2:328000-329000	7.0411	0.02424615522308913	0.03619313008235611	0.0008775442499862629	0.0008775442499862629
chr1:108000-109000	7.1073	0.12872303864566398	0.4171380386768643	0.053695275873178475	0.053695275873178475
chr1:86000-87000	7.2165	0.12683591676086028	0.21592624546197534	0.02738720329590019	0.02738720329590019
chr4:499000-500000	8.3588	0.17352295417142316	0.03454648167942534	0.005994607557242833	0.005994607557242833
chr4:200000-201000	7.1287	0.05926220681817064	0.25385302288339084	0.015043890343533312	0.015043890343533312
chr4:81000-82000	7.0788	0.07825290933301939	0.21681574202367757	0.01696646260255016	0.01696646260255016
chr2:161000-162000	6.8489	0.02617575045720627	0.46169587598880224	0.01208523603700414	0.01208523603700414
chr2:220000-221000	7.0595	0.05436599283452037	0.15784705290926215	0.008581511747415104	0.008581511747415104
chr4:173000-174000	6.8331	0.07544797939850491	0.2637449174371318	0.019899021097257098	0.019899021097257098
chr4:236000-237000	6.6921	0.28075881829852195	-0.00664262511313557	0.0018649755771640282	0.0018649755771640282
chr4:434000-435000	7.6232	0.964635528451802	0.11528389937435868	0.11120694519496885	0.11120694519496885
chr4:107000-108000	7.1103	0.24417334557928355	-0.03789749683569371	0.009253558591451645	0.009253558591451645
chr1:18000-19000	6.6524	0.3576427250771415	-0.08198865777085673	0.029322646990586357	0.029322646990586357
chr1:174000-175000	7.2342	0.06832140357558222	0.27952869610143677	0.01909779285730254	0.01909779285730254
chr4:420000-421000	7.0062	0.22810938855216867	-0.09376623132019563	0.021388957693291032	0.021388957693291032
chr1:204000-205000	7.3854	0.2791457187398207	0.14964035076204177	0.04177146326594902	0.04177146326594902
chr2:139000-140000	7.1449	0.21540706871519777	0.08158319596385187	0.017573597098990885	0.017573597098990885
chr3:292000-293000	6.7869	0.434196959271595	0.36387478071280294	0.15799332334111746	0.15799332334111746
chr3:126000-127000	7.0361	0.005487087994969545	0.30739286265258514	0.0016866916864003221	0.0016866916864003221
chr2:28000-29000	7.0417	0.0214635934588116	0.5931189636544962	0.01273046430859176	0.01273046430859176
chr4:152000-153000	6.7549	0.37620246169859684	0.03320494613387548	0.012491782476133261	0.012491782476133261
chr3:167000-168000	7.2273	0.394266373605677	0.35766426810489954	0.14101499395404735	0.14101499395404735
chr3:116000-117000	6.7376	0.621848673195601	0.32311389559719594	0.20092794726817825	0.20092794726817825
chr1:424000-425000	8.5087	0.040878735343187526	0.23994255956729454	0.009808548390118441	0.009808548390118441
chr3:436000-437000	7.0111	0.5154391213505235	-0.0713120523463378	0.0367570216030989	0.0367570216030989
chr4:460000-461000	7.3738	0.1986948687558258	0.19447797407325762	0.03864177553438481	0.03864177553438481
chr1:56000-57000	6.7226	0.004688952816901783	0.17022852273863667	0.0007981935112123597	0.0007981935112123597
chr1:383000-384000	7.3854	0.06994163603352888	0.1960045033332255	0.013708875633065056	0.013708875633065056
chr2:250000-251000	6.6788	0.40769895577784926	0.11176453106184757	0.04556628260691625	0.04556628260691625
chr3:358000-359000	6.8676	0.23662344106326844	0.1945106206156173	0.04602577237341929	0.04602577237341929
chr1:332000-333000	7.0643	1.3589563147471058	0.25339656859396187	0.34435486702601265	0.34435486702601265
chr2:31000-32000	6.82	0.24565345366731214	0.03831922829342152	0.00941325077214518	0.00941325077214518
chr4:217000-218000	6.9463	0.13981939058812684	0.09669235003656276	0.013519465456646049	0.013519465456646049
chr1:58000-59000	6.5812	0.14075178437487457	0.13211574961979558	0.018595527503010384	0.018595527503010384
chr4:2000-3000	7.1987	0.7947437033933776	0.18051353255289707	0.14346199337371043	0.14346199337371043
chr3:437000-438000	6.7458	0.5340104132883058	0.1415697513079499	0.075599721405081	0.075599721405081
chr2:170000-171000	7.0607	0.030069308955646593	0.3577969931313998	0.010758708329869422	0.010758708329869422
chr4:27000-28000	7.6587	0.014964391827936482	-0.049072400154073575	0.0007343386238428476	0.0007343386238428476
chr1:313000-314000	7.0934	0.41799205827211294	0.47294590280917853	0.19768763136657122	0.19768763136657122
chr2:306000-307000	6.7135	0.21894837010526333	0.2614644193939246	0.0572472084668188	0.0572472084668188
chr4:227000-228000	6.7336	0.4067332564885189	0.07083681347396445	0.028811687823535354	0.028811687823535354
chr2:82000-83000	6.7581	0.06506465833825106	0.24448633177111428	0.01590741964505985	0.01590741964505985
chr1:400000-401000	8.5867	0.4265333407868342	0.2694777192901377	0.11494123187643915	0.11494123187643915
chr2:398000-399000	7.186	0.31851006316767766	0.22859533868975365	0.0728099157659101	0.0728099157659101
chr3:493000-494000	6.5812	0.05105033200516286	0.34119658711512246	0.017418199051255474	0.017418199051255474
chr4:205000-206000	7.0607	0.37805409026142855	0.07285491070713729	0.027543096988464397	0.027543096988464397
chr3:82000-83000	7.3695	0.2747157547997313	0.10218666671104092	0.028072287275992182	0.028072287275992182
chr1:385000-386000	6.9748	0.608943267413185	0.34138528228042836	0.20788426923861655	0.20788426923861655
chr3:359000-360000	7.0784	0.2636031887022813	0.32906840726333053	0.08674348145579487	0.08674348145579487
chr3:201000-202000	6.771	0.17602012756828136	0.2848530619504085	0.05013987230272646	0.05013987230272646
chr3:392000-393000	7.9793	0.23911439190818057	0.19089028844217604	0.04564461524202811	0.04564461524202811
chr2:4000-5000	6.8288	0.3038088699588114	0.07804818174194415	0.02371172989735999	0.02371172989735999
chr2:489000-490000	7.2877	0.5244681435335818	0.3100983841127849	0.16263672382839586	0.16263672382839586
chr4:440000-441000	8.0062	0.09790921851425818	0.3559092579563207	0.03484679730849289	0.03484679730849289
chr4:109000-110000	6.8201	0.5061221145868903	0.27449971013410623	0.13893037374656228	0.13893037374656228
chr1:387000-388000	6.7135	0.429200962237956	0.057586350991135404	0.024716117257167988	0.024716117257167988
chr4:63000-64000	7.1447	0.009493362438391141	0.4152102469496516	0.0039417413624269326	0.0039417413624269326
chr2:74000-75000	7.7795	0.010276954568273934	0.15010440224735616	0.0015426161223939952	0.0015426161223939952
chr4:40000-41000	6.655	0.5858329283535152	0.2737313181315964	0.16036081968310079	0.16036081968310079
chr4:211000-212000	6.9233	0.6845971483982901	0.15058283204793632	0.10308857741775586	0.10308857741775586
chr4:448000-449000	6.7419	1.6685031708445117	0.30978060564324433	0.5168699227818864	0.5168699227818864
chr1:229000-230000	7.1787	0.4135034960315883	0.288797702768683	0.11941885974074193	0.11941885974074193
chr4:73000-74000	7.011	0.5257363427236619	0.33425130020901817	0.17572805612251796	0.17572805612251796
chr4:175000-176000	8.2846	0.8134868481607133	0.2903699143551351	0.2362121064294551	0.2362121064294551
chr3:474000-475000	7.0556	0.1881099565266523	0.35627782156220433	0.06701940552547664	0.06701940552547664
chr1:350000-351000	7.7801	0.1087347343470597	0.2258276138360236	0.02455530559869041	0.02455530559869041
chr1:458000-459000	6.6005	0.5674984836862857	0.18981278936562004	0.10771847014925372	0.10771847014925372
chr2:449000-450000	6.8049	0.31869163438489995	0.2933104985459073	0.09347560216384501	0.09347560216384501
chr2:491000-492000	7.1272	0.011914911998299417	0.39933999793031144	0.004758100932740732	0.004758100932740732
chr1:206000-207000	6.9797	0.289901388274188	0.5018405668551148	0.14548427702360323	0.14548427702360323
chr4:376000-377000	6.7453	0.2652461882075834	0.35355643191604724	0.09377949588200551	0.09377949588200551
chr2:36000-37000	7.1474	1.4026506632361158	0.14728786464294014	0.20659342102805123	0.20659342102805123
chr1:73000-74000	6.8774	0.14791067851443257	0.43451200382481625	0.0642689653083943	0.0642689653083943
chr3:299000-300000	7.5127	0.2725353700256493	0.2551473939487132	0.06953668942089268	0.06953668942089268
chr3:338000-339000	6.6075	0.1755889859501645	-0.1150039761477436	0.020193431552019206	0.020193431552019206
chr4:85000-86000	6.8489	0.4895266211119729	0.3037714732750593	0.14870422290254579	0.14870422290254579
chr4:238000-239000	8.1784	0.18196115363713555	0.4396059184928772	0.07999120007467653	0.07999120007467653
chr2:413000-414000	6.975	0.33952505252928983	0.28374375121336953	0.09633811203557703	0.09633811203557703
chr1:276000-277000	7.038	0.016777754599969094	0.17594434991263277	0.0029519511260852464	0.0029519511260852464
chr2:70000-71000	6.7092	1.0977688664541996	0.21427347840236965	0.23522275349696775	0.23522275349696775
chr2:332000-333000	7.1769	0.4986279349286352	0.08771807980688932	0.04373868499001444	0.04373868499001444
chr1:192000-193000	7.7801	0.06850960806564517	0.213961980880917	0.01465845145110069	0.01465845145110069
chr2:220000-221000	7.0062	0.8912790912032521	0.11985304965857385	0.10682251717763194	0.10682251717763194
chr3:457000-458000	8.3834	0.34693154608825316	-0.09898282351159221	0.034340263997057384	0.034340263997057384
chr2:31000-32000	6.9758	0.7230946405917804	-0.10755224823436743	0.07777045428186787	0.07777045428186787
chr3:179000-180000	6.8643	0.9207174131681023	0.2321851105060272	0.21377687432125933	0.21377687432125933
chr2:444000-445000	7.0007	0.3086511096690823	0.3453535060428182	0.10659374286822397	0.10659374286822397
chr3:461000-462000	7.0375	0.40477440682307375	0.22913042932343688	0.0927461336145104	0.0927461336145104
chr2:159000-160000	7.4548	0.020653167414714974	0.07457331777690551	0.0015401752167171698	0.0015401752167171698
chr2:485000-486000	7.2661	0.2800668950439077	0.030407699759371076	0.008516190057034436	0.008516190057034436
chr3:68000-69000	6.8288	0.34508580153446394	0.2934066835850403	0.10125048058051248	0.10125048058051248
chr1:154000-155000	6.5855	0.4829415420714952	0.10951881558235678	0.052891185683187084	0.052891185683187084
chr1:464000-465000	7.1578	0.2771755914461258	0.10452114152365967	0.028970709220444587	0.028970709220444587
chr2:324000-325000	8.7125	0.8479148460036409	0.13337669635508428	0.11309208095039566	0.11309208095039566
chr1:379000-380000	7.4694	0.17148795286566146	0.24940597183752902	0.04277011954288867	0.04277011954288867
chr3:291000-292000	7.4769	0.5742745964601419	0.100057369923514	0.05746040573568914	0.05746040573568914
chr1:363000-364000	7.0634	0.07816243109292237	0.17334590343298997	0.013549137232321453	0.013549137232321453
chr1:275000-276000	7.0393	0.09382291451987469	-0.05533198991200167	0.005191408559728301	0.005191408559728301
chr1:359000-360000	6.8412	0.2987470858946457	0.13057764704907335	0.039009691538890244	0.039009691538890244
chr3:116000-117000	6.7418	0.041667943454076505	0.08450059007038142	0.0035209658088887516	0.0035209658088887516
chr2:136000-137000	6.3187	0.01938230656909924	0.005582500362515841	0.00010820173344838966	0.00010820173344838966
chr1:100000-101000	7.5007	0.4966816889269196	0.1380503266784849	0.06856706941158287	0.06856706941158287
chr1:382000-383000	7.8154	0.025908259151711886	0.0609952536729034	0.0015802808391819875	0.0015802808391819875
chr4:165000-166000	6.8113	0.10804121277833677	0.40280427142710723	0.04351946199727901	0.04351946199727901
chr1:452000-453000	6.904	0.2607499324609089	0.24232811111456407	0.06318703860650221	0.06318703860650221
chr3:447000-448000	6.4188	0.04667308404340725	-0.013956838342211147	0.0006514086889262696	0.0006514086889262696
chr3:469000-470000	7.1188	0.025756374573032405	0.3172043333543766	0.00817003362606436	0.00817003362606436
chr3:270000-271000	7.1023	0.10978540888641411	0.022120917930469552	0.0024285540199394094	0.0024285540199394094
chr4:432000-433000	6.3726	0.2561973658694482	-0.14829346260127158	0.037992394494105304	0.037992394494105304
chr3:394000-395000	8.1231	0.0666604314757536	0.427521930069481	0.02849879632377856	0.02849879632377856
chr1:39000-40000	7.9043	0.0047849084457948195	0.25367575230065353	0.0012138152496767517	0.0012138152496767517
chr2:480000-481000	7.6751	0.19095484025259826	0.31203852036065893	0.05958526580812676	0.05958526580812676
chr3:61000-62000	6.7057	0.32195581408630525	0.4934627379782676	0.15887319752705029	0.15887319752705029
chr2:260000-261000	6.5544	0.4824085422757506	0.2560221781598241	0.12350728575634325	0.12350728575634325
chr1:186000-187000	7.3418	0.21637187152072	0.09368223796301912	0.020270201156307892	0.020270201156307892
chr1:487000-488000	6.8496	0.21409582529810137	0.21414628683934486	0.04584782601539348	0.04584782601539348
chr1:269000-270000	7.1123	0.15463882420370173	0.45912241070464815	0.07099814975693583	0.07099814975693583
chr4:74000-75000	7.4343	0.13964731041842451	0.06615119147173301	0.009237835970001737	0.009237835970001737
chr3:445000-446000	6.655	0.06146968355120971	0.26031323873044104	0.016001372408950717	0.016001372408950717
chr4:257000-258000	6.6014	0.07404258710085167	0.2662979009592546	0.01971738552654958	0.01971738552654958
chr1:405000-406000	7.0219	0.7856978757121612	0.1354421785404476	0.10641663196105694	0.10641663196105694
chr2:211000-212000	7.2114	0.2540717101435541	0.14749723181132887	0.03747487392774456	0.03747487392774456
chr4:134000-135000	8.0477	0.6732529858743258	0.05059253209973391	0.03406157329908853	0.03406157329908853
chr3:99000-100000	6.8488	0.3922047755666187	-0.07784906485236404	0.03053277500849258	0.03053277500849258
chr1:307000-308000	7.3418	0.007668380777347825	0.3253151132323797	0.0024946401608919116	0.0024946401608919116
chr1:286000-287000	6.7521	0.22023704428989138	0.5794346758194233	0.1276129803615412	0.1276129803615412
chr1:387000-388000	6.84	0.29303350511785536	0.2936629118384828	0.08605307237914636	0.08605307237914636
chr2:437000-438000	6.7564	0.01649987665942978	0.002101712933035571	3.467800416861532e-05	3.467800416861532e-05
chr2:431000-432000	6.803	0.24245798469151061	0.10880773290722234	0.02638130363953729	0.02638130363953729
chr4:496000-497000	8.1852	0.104420384763207	0.22131383684305175	0.02310967599657308	0.02310967599657308
chr1:314000-315000	6.8883	0.46227124755336946	0.2862051892498023	0.13230442989075433	0.13230442989075433
chr2:280000-281000	6.8496	0.18837608869837216	0.1089702233214237	0.020527384453877934	0.020527384453877934
chr3:25000-26000	6.8489	0.1686278935054467	0.2686529879080328	0.04530238743487582	0.04530238743487582
chr2:412000-413000	6.771	2.317058856618738	0.12106282152238684	0.2805096828157	0.2805096828157
chr3:117000-118000	7.0998	0.056155017708350415	0.4082506667312672	0.022925323419740174	0.022925323419740174
chr2:105000-106000	8.177	0.013955361970977926	0.01728380426760176	0.00024120174478991558	0.00024120174478991558
chr1:142000-143000	7.1348	0.18951978977253572	0.2980252928083793	0.05648169083994245	0.05648169083994245
chr3:387000-388000	6.8328	0.03951162628826868	-0.013838997321715452	0.0005468012903799721	0.0005468012903799721
chr4:348000-349000	6.9983	0.7909289590014665	0.32193713673462065	0.2546294044214263	0.2546294044214263
chr3:390000-391000	7.1151	0.47690147166136193	0.08339148862116433	0.039769523647464985	0.039769523647464985
chr4:323000-324000	6.7555	0.18802953767396643	0.3039987035498901	0.05716073568197102	0.05716073568197102
chr3:260000-261000	7.4343	0.7667306782712281	0.332160736043392	0.25467782644162035	0.25467782644162035
chr3:65000-66000	6.802	0.01713782884802837	0.43340008577588063	0.0074275364927478575	0.0074275364927478575
chr2:114000-115000	6.4208	0.316248615651796	0.24179287880988776	0.0764666631980895	0.0764666631980895
chr4:248000-249000	6.7038	0.7941347257885438	-0.014100038427319772	0.011197330150087517	0.011197330150087517
chr1:389000-390000	7.2968	0.02053671543068405	0.43007824115482624	0.008832394451525777	0.008832394451525777
chr1:226000-227000	7.1794	0.1269743721799568	0.22067667573211752	0.02802028235584553	0.02802028235584553
chr2:316000-317000	6.8229	0.9770693087540793	0.2758106410146496	0.2694861123632032	0.2694861123632032
chr2:167000-168000	8.1852	0.31786088794078754	0.22937678705160283	0.07290990920522741	0.07290990920522741
chr1:183000-184000	8.4421	0.5653781003724585	0.06661387576575137	0.03766202653888746	0.03766202653888746
chr3:322000-323000	6.7285	0.9919870455037291	0.3432950837356629	0.34054427585089553	0.34054427585089553
chr1:307000-308000	7.0634	0.37768710552729245	0.3314070188794691	0.12516815771201545	0.12516815771201545
chr4:17000-18000	8.2038	0.11213736530573636	0.4209006013626473	0.04719868449240729	0.04719868449240729
chr3:378000-379000	8.665	0.02466883501347415	-0.04592262437881511	0.0011328576441867358	0.0011328576441867358
chr1:209000-210000	6.8874	0.8222549950952948	0.14112933409086909	0.11604429991068978	0.11604429991068978
chr2:467000-468000	6.9877	0.13980775248865082	0.03568986454861453	0.004989719749166174	0.004989719749166174
chr2:153000-154000	8.3954	0.17756435552582658	0.2447587769849457	0.0434604344946214	0.0434604344946214
chr2:301000-302000	6.7998	0.08497103653711408	0.5113456313248756	0.04344956832239967	0.04344956832239967
chr3:305000-306000	6.9864	0.2587475914314158	0.14415912735716013	0.0373008269865199	0.0373008269865199
chr4:358000-359000	6.8591	0.5101500861402494	0.057662521876274436	0.029416540502245417	0.029416540502245417
chr1:161000-162000	7.2165	0.13237527523085654	0.4621044796873337	0.06117120768402255	0.06117120768402255
chr1:139000-140000	6.9457	0.10489803135177549	0.10574238635072929	0.011092168158630357	0.011092168158630357
chr3:269000-270000	6.8745	0.39248006275949404	0.1517506227412371	0.059559093937273044	0.059559093937273044
chr4:422000-423000	8.0062	0.2777485657327076	0.2339762974508017	0.06498658103240955	0.06498658103240955
chr3:492000-493000	7.0737	0.19955306397790273	0.2382580023334365	0.04754511438289155	0.04754511438289155
chr2:383000-384000	8.0477	0.3438556957076257	0.31636508261047647	0.10878393557862587	0.10878393557862587
chr2:483000-484000	7.2295	0.6981033996742515	0.4058092135924528	0.2832967916280258	0.2832967916280258
chr3:135000-136000	7.0522	0.39615210664944794	0.281521906800514	0.11152549644699315	0.11152549644699315
chr2:238000-239000	6.7883	0.2221616000398795	0.22997156505780703	0.051090850856917655	0.051090850856917655
chr1:191000-192000	7.6318	0.15300717585848642	0.2700074351007773	0.041313075105563486	0.041313075105563486
chr1:4000-5000	6.7604	0.023602951175347664	0.27595504662893816	0.006513353492173616	0.006513353492173616
chr2:48000-49000	6.8102	0.029008768134687883	-0.013687545959663788	0.0003970588470767708	0.0003970588470767708
chr4:94000-95000	6.8858	0.4590495314876585	0.26641782879827786	0.12229897948980865	0.12229897948980865
chr1:359000-360000	7.1556	0.2878722473640206	0.14544334263686792	0.04186910190901045	0.04186910190901045
chr4:458000-459000	6.783	0.4674699118409571	0.2716025959604711	0.12696604158941652	0.12696604158941652
chr4:491000-492000	7.0607	0.08480603529942311	0.40521947115633006	0.03436505677489729	0.03436505677489729
chr2:114000-115000	7.1023	0.45704793895389856	0.14655645580928234	0.0669833260680206	0.0669833260680206
chr4:219000-220000	6.6468	0.04675385516724008	-0.025731398924368987	0.0012030420985604249	0.0012030420985604249
chr4:136000-137000	6.4565	0.2563025121497528	0.2188975931673366	0.056104003032322936	0.056104003032322936
chr2:260000-261000	6.6146	0.3501597371335132	0.24097987985330657	0.08438145138389944	0.08438145138389944
chr1:21000-22000	6.6873	0.6786754071306506	0.26647979898735946	0.1808532860698401	0.1808532860698401
chr3:231000-232000	7.4548	0.05170087691420443	0.21210599395801122	0.010966065886388127	0.010966065886388127
chr4:176000-177000	7.4208	0.5398001393217122	0.10532153458349298	0.056852579041746044	0.056852579041746044
chr1:495000-496000	7.0445	0.7321834969443507	0.006535162735241018	0.004784938304589177	0.004784938304589177
chr1:71000-72000	7.0607	0.25774100534986416	0.24004804782914763	0.06187022517975679	0.06187022517975679
chr4:32000-33000	7.5005	0.45629853377125773	0.06950297112876375	0.03171410381880096	0.03171410381880096
chr3:83000-84000	6.6903	0.3410804271334909	0.10105605484101329	0.0344682423495983	0.0344682423495983
chr2:69000-70000	6.6049	0.22751195910999397	0.19597522344364104	0.044586707022681596	0.044586707022681596
chr4:55000-56000	6.9911	0.05274162223598122	0.12292420747358423	0.006483222114229159	0.006483222114229159
chr3:471000-472000	6.5432	1.0637030213289114	0.45851980101006545	0.48772889767353783	0.48772889767353783
chr1:12000-13000	7.9793	0.0819927755949473	0.2748628348198914	0.022536766734778422	0.022536766734778422
chr3:422000-423000	5.8843	0.44559861440211984	0.21143573415223615	0.0942154701733314	0.0942154701733314
chr1:418000-419000	7.0826	0.34310142406182326	0.17303008322727015	0.059366867960812184	0.059366867960812184
chr1:121000-122000	7.2874	0.014374705157752396	0.10447603254149906	0.0015018121638357938	0.0015018121638357938
chr3:350000-351000	7.1103	0.9831219212107896	-0.07865797920365669	0.0773303836332573	0.0773303836332573
chr1:354000-355000	7.1847	0.41592240484414295	0.5499933982474674	0.22875457684748907	0.22875457684748907
chr4:456000-457000	6.667	0.15088666001481213	0.49328450463616674	0.0744300513416123	0.0744300513416123
chr4:359000-360000	6.6471	0.008876593286869667	0.21486036138851147	0.0019072280415156516	0.0019072280415156516
chr3:217000-218000	6.8663	0.030187873588016466	-0.027595932351773933	0.0008330625173788055	0.0008330625173788055
chr1:135000-136000	7.4419	1.0389978560634203	0.06846043238245184	0.07113024247054221	0.07113024247054221
chr2:461000-462000	6.8702	0.015455711230348565	0.03278241429252271	0.0005066755287388826	0.0005066755287388826
chr2:375000-376000	7.1794	0.1432253610148442	0.027555620157377947	0.003946663645028375	0.003946663645028375
chr2:297000-298000	7.4606	0.11342466279576972	0.05241006753349134	0.005944594237089774	0.005944594237089774
chr2:381000-382000	7.0454	0.45555556697636007	0.025064315921104113	0.011418188650313193	0.011418188650313193
chr3:405000-406000	6.6311	0.3219315979106088	-0.11737623478498405	0.0377871188210607	0.0377871188210607
chr1:349000-350000	7.1204	0.08120598151349406	0.23813874196114945	0.019338290277343836	0.019338290277343836
chr1:5000-6000	8.1784	0.17062677675692609	0.14418676378205675	0.02460212275514463	0.02460212275514463
chr4:306000-307000	6.7038	0.23787135359934303	0.2749116603791904	0.0653936087746409	0.0653936087746409
chr3:29000-30000	6.6893	0.6471694278448291	0.15791349830827864	0.10219678834914407	0.10219678834914407
chr1:446000-447000	7.1025	0.0019198429337486192	0.4261450338370526	0.0008181315319641316	0.0008181315319641316
chr4:424000-425000	6.7549	0.3335942161646814	0.09617716818846647	0.0320841470347702	0.0320841470347702
chr1:453000-454000	7.9793	0.8798624257455593	0.40200045856322986	0.3537050986222706	0.3537050986222706
chr2:278000-279000	7.1943	0.4544965242588771	0.1288481837144791	0.0585610516553	0.0585610516553
chr3:416000-417000	6.9637	0.06363589469576766	-0.15066322501527296	0.009587589121596659	0.009587589121596659
chr1:250000-251000	6.6327	0.06622973290900365	-0.005009760022435944	0.0003317950682241367	0.0003317950682241367
chr2:213000-214000	8.2038	0.6544271768292981	0.18429301120619931	0.1206063550330432	0.1206063550330432
chr4:250000-251000	6.8745	0.44922205298750445	-0.20552201946423576	0.09232502351786184	0.09232502351786184
chr3:260000-261000	6.9601	0.1624600917338506	0.25834680940282756	0.04197104635473098	0.04197104635473098
chr3:16000-17000	6.7092	0.14981930541500021	0.23772104134107683	0.03561520129625068	0.03561520129625068
chr1:374000-375000	7.0057	0.005019503321284958	0.3573060689624845	0.0017934989998724632	0.0017934989998724632
chr4:261000-262000	7.5484	0.0798986387603837	0.4483110669632443	0.035819443991578444	0.035819443991578444
chr4:46000-47000	6.7541	0.5404469672313403	0.2736811498117995	0.14791014740417313	0.14791014740417313
chr2:343000-344000	6.6699	0.1632254814850738	0.1462955930379521	0.023879168612764137	0.023879168612764137
chr1:53000-54000	6.9736	0.16342025992338802	0.09629382538790965	0.015736361973909534	0.015736361973909534
chr1:238000-239000	7.6877	0.3589167970754881	0.35677018225764034	0.1280508111079504	0.1280508111079504
chr4:223000-224000	6.9423	0.2505618886944463	0.5643716483018231	0.14141002612410258	0.14141002612410258
chr1:71000-72000	8.4645	0.042457083230899854	0.3950469788203389	0.01677254245989066	0.01677254245989066
chr4:410000-411000	7.0874	0.015569023082943704	0.3815365250760314	0.005940150965894862	0.005940150965894862
chr1:16000-17000	7.0914	0.07620400712080651	0.15964751803777663	0.012165780601369816	0.012165780601369816
chr1:375000-376000	6.7825	0.509981667652306	-0.09781915306266431	0.049885974807233724	0.049885974807233724
chr1:75000-76000	7.0387	0.026166118999640414	0.10849655337524662	0.002838933726667541	0.002838933726667541
chr1:399000-400000	6.6848	0.41886503286364324	0.19835932444757068	0.08308578495354177	0.08308578495354177
chr3:316000-317000	6.9153	0.12212044823818126	0.10137725930504841	0.012380236347490844	0.012380236347490844
chr1:227000-228000	7.7249	0.22646885444413936	0.23782510257133635	0.05385997853739048	0.05385997853739048
chr1:63000-64000	6.8744	0.42833613640365	0.022089615290088044	0.009461780467999304	0.009461780467999304
chr3:11000-12000	7.3081	0.04849090269531366	0.0790455954295548	0.0038329922764676724	0.0038329922764676724
chr2:417000-418000	6.6899	0.34154655994654537	-0.001837510015744892	0.0006275952247449903	0.0006275952247449903
chr2:464000-465000	6.8745	0.14922999222389216	0.05813809089548286	0.008675946852244843	0.008675946852244843
chr2:329000-330000	6.82	0.12685248619615536	0.2912369287527453	0.036944128484418304	0.036944128484418304
chr2:191000-192000	7.0817	0.1058421034763337	0.1296287952381353	0.01372018435910719	0.01372018435910719
chr2:81000-82000	6.8033	0.33477378294538257	-0.014222274316764622	0.004761244575110249	0.004761244575110249
chr1:440000-441000	6.8709	0.3354230681065741	0.1436759170471674	0.048192216908986514	0.048192216908986514
chr2:415000-416000	7.0595	0.22981365791392175	0.3773529266137676	0.08672085638963362	0.08672085638963362
chr1:277000-278000	8.3834	0.02541571875118148	0.29078355515273835	0.007390473055230665	0.007390473055230665
chr1:440000-441000	6.5829	0.30475201173508765	0.3673149946071702	0.111939983546998	0.111939983546998
chr4:130000-131000	6.5855	0.43831240069933447	-0.05270510409787382	0.023101300706247406	0.023101300706247406
chr1:193000-194000	6.9637	0.32841465486425736	-0.10970462349381283	0.03602860606173384	0.03602860606173384
chr4:387000-388000	6.6056	0.31057399327462115	0.19152051749304794	0.05948129191183783	0.05948129191183783
chr3:111000-112000	7.2699	0.04149408112609798	0.14259218117621641	0.005916731533673185	0.005916731533673185
chr1:340000-341000	6.4579	0.2772909479555038	-0.05039340203109749	0.013973634219905834	0.013973634219905834
chr4:244000-245000	6.7981	0.20331937480634826	0.22398149510212664	0.04553977755235555	0.04553977755235555
chr2:491000-492000	6.7709	0.31674607625120954	0.2992684182036102	0.09479209721189959	0.09479209721189959
chr4:141000-142000	7.4419	0.21500986129582678	0.2956772159773972	0.06357351719563639	0.06357351719563639
chr2:30000-31000	7.8846	0.10183213674624174	0.30255086321253755	0.030809400875352604	0.030809400875352604
chr4:260000-261000	7.0676	0.3168687990323425	0.1916828956829311	0.060738328950092166	0.060738328950092166
chr1:302000-303000	7.2507	0.3153113579535356	0.14593850216452198	0.04601606729520042	0.04601606729520042
chr2:253000-254000	7.1103	0.0361222186560507	0.1588572453931098	0.0057382761531878145	0.0057382761531878145
chr1:335000-336000	7.2787	0.06080102162032468	-0.03914927399221865	0.002380315854420901	0.002380315854420901
chr3:96000-97000	6.7023	0.008471669550777267	0.45403497042924373	0.003846434233973481	0.003846434233973481
chr2:21000-22000	6.7376	0.08976109393681493	0.21138160849397192	0.01897384441654245	0.01897384441654245
chr1:320000-321000	6.8122	0.23831831872008769	0.15909581267713094	0.037915446592619854	0.037915446592619854
chr3:431000-432000	7.7375	0.3270365577446136	0.2277065712171625	0.07446837322668953	0.07446837322668953
chr1:124000-125000	7.6232	0.1351796656927394	0.3406873306265983	0.04605399945985533	0.04605399945985533
chr2:121000-122000	7.678	0.04091286377805849	0.25644826655467745	0.010492032995670753	0.010492032995670753
chr3:173000-174000	7.246	0.3762840107752729	0.24668238469272344	0.09282263709978676	0.09282263709978676
chr3:443000-444000	6.8574	0.22362932585702563	0.29048712508570906	0.0649614399530626	0.0649614399530626
chr2:228000-229000	6.9705	0.3384380374852799	0.24472376989857886	0.08282383241047424	0.08282383241047424
chr1:163000-164000	6.8709	0.8752130172927416	0.06783974950080618	0.059374231852984335	0.059374231852984335
chr3:475000-476000	8.177	0.3013002831271057	0.09316688545264237	0.028071208964951775	0.028071208964951775
chr3:485000-486000	7.4694	0.004913044252302155	0.0643078437509351	0.0003159472821184767	0.0003159472821184767
chr3:4000-5000	7.1287	0.24397029983555635	0.3759135267901167	0.09171173584322621	0.09171173584322621
chr4:234000-235000	6.9893	0.04336080821256972	0.23471688837883586	0.010177513981245835	0.010177513981245835
chr1:108000-109000	7.5005	0.15426301177749	0.2969734306588656	0.0458120158313302	0.0458120158313302
chr2:115000-116000	6.9797	0.4539941700871707	0.06255888491544129	0.028401369038764588	0.028401369038764588
chr1:82000-83000	6.8412	0.003894409285450616	0.40331642016582436	0.0015706792116684885	0.0015706792116684885
chr2:299000-300000	7.1314	0.5205112605463846	0.2184659126881414	0.11371396759972088	0.11371396759972088
chr4:34000-35000	6.9317	0.1453732608035028	0.33865014244876723	0.049230675479348014	0.049230675479348014
chr4:485000-486000	6.8049	0.07674950677984659	0.13454607969226395	0.010326345255543191	0.010326345255543191
chr2:439000-440000	7.0219	0.05840216235236709	-0.16118024903903283	0.009413275072372555	0.009413275072372555
chr2:65000-66000	6.9991	0.1556195707692817	0.18644389533223382	0.029014318964155114	0.029014318964155114
chr4:418000-419000	6.9973	0.19414328129023972	0.3465977774096494	0.06728962979421346	0.06728962979421346
chr1:128000-129000	7.7821	0.3348868200766408	0.026997423410606097	0.009041081276240533	0.009041081276240533
chr2:446000-447000	7.5046	0.3002249114505378	0.3705971813547094	0.11126250595603654	0.11126250595603654
chr4:198000-199000	7.7569	0.25917531828833773	0.36512320976339074	0.0946309241048863	0.0946309241048863
chr3:96000-97000	7.2304	0.6187385663695345	0.35920564473097005	0.22225438565268474	0.22225438565268474
chr4:310000-311000	7.1692	0.029118658626185463	0.30192683811191157	0.008791704529064316	0.008791704529064316
chr3:464000-465000	6.9061	0.11024702034758574	0.364505964551019	0.04018569649067256	0.04018569649067256
chr1:110000-111000	6.8552	0.06553850229226328	0.19191427264913913	0.012577773997933646	0.012577773997933646
chr1:298000-299000	7.5458	0.23385634009089776	0.05265446294340284	0.012313579993395989	0.012313579993395989
chr3:43000-44000	6.8573	0.01761526127608871	0.2294197188535861	0.004041288289492735	0.004041288289492735
chr1:438000-439000	6.5867	0.3046462032475164	0.06438975653959997	0.01961609485782107	0.01961609485782107
chr1:410000-411000	7.2312	0.01274042953393026	0.49562964060766984	0.006314534511089197	0.006314534511089197
chr2:441000-442000	7.0007	0.31748562964362886	0.19707969513843546	0.0625699711010006	0.0625699711010006
chr3:243000-244000	6.8721	1.1320917760247375	0.034454319312590326	0.039005451542313795	0.039005451542313795
chr4:466000-467000	7.8154	0.02327121975778194	0.220344801316393	0.005127692293918581	0.005127692293918581
chr1:358000-359000	6.8372	1.7021788292836562	0.3516053246879166	0.5984951399471777	0.5984951399471777
chr2:151000-152000	6.6075	0.7268811943705707	0.3123565916789059	0.2270461324290838	0.2270461324290838
chr1:45000-46000	6.9139	0.7735320775974924	0.2940250485542195	0.227437806673849	0.227437806673849
chr1:6000-7000	7.0502	0.11012104846445799	0.22797319309504258	0.02510464704541642	0.02510464704541642
chr3:371000-372000	6.9363	0.23986699191864028	0.10186995726864842	0.02443524021691112	0.02443524021691112
chr2:246000-247000	7.0817	0.12722240626228454	0.356354069373921	0.045336222187107304	0.045336222187107304
chr2:420000-421000	6.9094	0.18861715256115738	0.19982798163868046	0.03769098489873115	0.03769098489873115
chr2:462000-463000	7.4861	0.0363588959285443	0.09168980105065587	0.0033337399341097284	0.0033337399341097284
chr1:499000-500000	7.0062	0.6182567720940143	0.2462128491138711	0.15222276134121254	0.15222276134121254
chr1:357000-358000	7.6301	0.28555940665316937	0.19544217657350207	0.05581035197733321	0.05581035197733321
chr3:204000-205000	7.0751	0.18343866988128812	0.05433527276235281	0.009967190163162984	0.009967190163162984
chr1:216000-217000	6.3792	0.39334769284664345	-0.1364433062589691	0.05366965972133349	0.05366965972133349
chr4:372000-373000	7.2799	0.0660590767891924	0.11455228487625112	0.007567218183017716	0.007567218183017716
chr4:19000-20000	7.8747	0.03536786473344512	0.08507112931048313	0.003008784194174586	0.003008784194174586
chr2:319000-320000	7.5046	0.04068544968661345	0.03233755191107371	0.00131566784126624	0.00131566784126624
chr2:412000-413000	6.8223	0.07027307967010848	0.14619443404266216	0.010273533110806417	0.010273533110806417
chr2:229000-230000	6.6457	0.24113389578881528	0.34938079649883913	0.08424755257356435	0.08424755257356435
chr1:290000-291000	6.8312	0.1271563322318179	0.23824951260118982	0.03029493417838558	0.03029493417838558
chr1:291000-292000	6.7513	0.02477988463852316	0.3292454186746916	0.008158663492521116	0.008158663492521116
chr4:181000-182000	6.9369	0.10543194501973192	0.22085905979801265	0.023285600249733755	0.023285600249733755
chr2:27000-28000	7.3329	0.04926629736749003	0.4958813265184712	0.024430236891244423	0.024430236891244423
chr4:52000-53000	7.8494	0.8418738779903677	-0.007898191359849677	0.006649280989226663	0.006649280989226663
chr4:467000-468000	6.9607	0.20944241535459354	0.10646358631969774	0.022297990666109758	0.022297990666109758
chr3:89000-90000	6.465	0.7423262080637609	0.048700652842481734	0.03615177095478909	0.03615177095478909
chr4:327000-328000	7.5995	0.11000558513391041	0.28936817023990397	0.03183211488636964	0.03183211488636964
chr1:382000-383000	6.869	1.3206575154429439	0.04738924680654377	0.06258496494624256	0.06258496494624256
chr3:113000-114000	8.3954	0.15032994532738195	0.39033644637737386	0.05867925664319517	0.05867925664319517
chr1:18000-19000	6.8449	0.16479511844183797	0.2651948548205951	0.043702817510326	0.043702817510326
chr4:289000-290000	7.1723	0.003164726287072709	0.2792776826592389	0.0008838374237044434	0.0008838374237044434
chr3:446000-447000	6.9602	0.027020787077791264	0.39220888234742557	0.010597792699928272	0.010597792699928272
chr4:282000-283000	6.9951	0.0986907327559772	0.17375831509980322	0.01714833543964356	0.01714833543964356
chr4:215000-216000	6.9815	0.14387166435928542	0.039515700637924506	0.005685189619101475	0.005685189619101475
chr4:473000-474000	7.8154	0.2744833462843609	0.16484976334369048	0.04524851467676114	0.04524851467676114
chr3:444000-445000	6.5191	0.1753294567115896	0.3211167077012528	0.056301217902274964	0.056301217902274964
chr4:478000-479000	7.1123	0.5152532718614813	0.2488761278221887	0.12823423914859897	0.12823423914859897
chr2:380000-381000	6.7708	0.4825065962630344	0.3812521726360345	0.1839566881364998	0.1839566881364998
chr1:21000-22000	7.2348	0.5244933072296779	0.38617210158180904	0.20254468271847814	0.20254468271847814
chr3:208000-209000	6.8772	0.16040287473866358	0.2860530545003831	0.04588373226963705	0.04588373226963705
chr1:143000-144000	7.2304	0.27872885069455483	0.28606166315066195	0.0797336385977569	0.0797336385977569
chr1:264000-265000	7.3738	0.513789488299792	0.008554337519249638	0.004395128696758984	0.004395128696758984
chr3:476000-477000	7.007	0.46498609507164657	0.31868135585193214	0.14818239922972776	0.14818239922972776
chr3:274000-275000	6.7555	0.294512859866705	0.12376094736573039	0.036449190548494007	0.036449190548494007
chr1:122000-123000	8.0477	0.061171093466733606	0.12835316260939922	0.007851503306730416	0.007851503306730416
chr4:41000-42000	6.771	0.15214643134372777	0.011729694203990781	0.001784631113890405	0.001784631113890405
chr2:88000-89000	7.1215	0.19808453493247705	0.36331544813250083	0.07196717157711091	0.07196717157711091
chr1:339000-340000	6.634	0.2113818213467305	0.1435548912612506	0.030344894378034996	0.030344894378034996
chr2:96000-97000	6.6014	0.022144239313176484	0.4543584316716298	0.010061421844896116	0.010061421844896116
chr4:19000-20000	7.1306	0.2448478908191744	0.48459330421596675	0.118651648442374	0.118651648442374
chr3:356000-357000	6.9276	0.030944783600513878	0.515550965459258	0.015953613061172746	0.015953613061172746
chr1:0-1000	9.9524	0.8754696902202864	0.2894595603676481	0.2534130716463652	0.2534130716463652
chr4:145000-146000	6.8505	0.10555419136813793	-0.04564073761850074	0.004817571152766199	0.004817571152766199
chr2:388000-389000	7.0335	1.367066427668585	0.21794003940006565	0.2979385111085984	0.2979385111085984
chr2:464000-465000	7.5171	0.01443361044125389	0.345529524002795	0.004987238545408229	0.004987238545408229
chr3:342000-343000	6.6246	0.017103162584303087	0.019259659815794222	0.00032940109314789744	0.00032940109314789744
chr3:79000-80000	6.975	0.43569380880721686	0.4672305022950567	0.20356943713584233	0.20356943713584233
chr2:231000-232000	6.803	0.006740709197479115	0.04920409647778004	0.00033167050568142165	0.00033167050568142165
chr3:272000-273000	7.5559	1.0307621550556432	0.27935244498381634	0.28794592821158155	0.28794592821158155
chr4:10000-11000	6.9748	0.20224376767827737	0.20854316603823472	0.042176555623129164	0.042176555623129164
chr4:232000-233000	6.7822	0.01569600228499621	0.010787151237289905	0.00016931515046910206	0.00016931515046910206
chr4:493000-494000	7.121	0.12103405599129419	0.2761011532839312	0.033417642445828226	0.033417642445828226
chr2:87000-88000	6.6468	0.1723701504213619	0.41996835892361006	0.07239000919987516	0.07239000919987516
chr3:170000-171000	6.6007	0.1178784647980558	0.39056246908718306	0.04603890426373527	0.04603890426373527
chr2:37000-38000	8.665	0.9780328637890325	0.18839579785712463	0.18425728170402328	0.18425728170402328
chr2:204000-205000	6.6075	0.4037564301347188	0.46376267860686876	0.18724716354402426	0.18724716354402426
chr2:225000-226000	7.5996	0.005044926064115238	0.2795849906806602	0.0014104856066202785	0.0014104856066202785
chr4:255000-256000	6.6005	0.13962196691467577	0.12175866322189666	0.017000184047942804	0.017000184047942804
chr4:63000-64000	7.0524	0.6039235687279048	0.223957659302315	0.13525330884980233	0.13525330884980233
chr4:133000-134000	6.4227	0.16126310196025917	0.14506374537827307	0.023393429561673524	0.023393429561673524
chr2:91000-92000	8.0477	0.15462056604436616	0.22358876551779477	0.03457142148552249	0.03457142148552249
chr2:27000-28000	7.0931	0.33760028955068594	0.20093170334326793	0.06783460122859979	0.06783460122859979
chr1:443000-444000	7.2877	0.04281828130501255	0.4052147722645719	0.01735060010777104	0.01735060010777104
chr2:438000-439000	7.2311	0.13286190430582806	0.024688845726031056	0.00328020705827329	0.00328020705827329
chr1:490000-491000	7.678	0.2571190165437741	0.18448531635645743	0.04743468310833938	0.04743468310833938
chr2:418000-419000	7.1333	0.02149828935749245	0.014142094621003659	0.0003040308422833742	0.0003040308422833742
chr3:326000-327000	6.9738	0.0881263589358731	0.11072049035865629	0.00975739367490282	0.00975739367490282
chr1:346000-347000	7.1935	0.12039457026532939	0.19472701596022748	0.023444075405581525	0.023444075405581525
chr1:244000-245000	6.4354	0.15951421293493356	0.20913936407740402	0.03336070105451962	0.03336070105451962
chr4:336000-337000	6.6681	0.17423452335482453	-0.011049936694461887	0.0019252804530605523	0.0019252804530605523
chr4:183000-184000	6.8449	0.7289877898432842	0.22448153825410314	0.1636443004324793	0.1636443004324793
chr4:485000-486000	6.7822	0.11527774904097933	0.1445970334930156	0.016668820539077932	0.016668820539077932
chr1:296000-297000	6.8941	0.7158392190991173	0.1527963659452424	0.10937763127942528	0.10937763127942528
chr3:98000-99000	7.1943	0.03317087464051636	0.170267915233676	0.005647935671518332	0.005647935671518332
chr2:270000-271000	6.9614	0.2558895855653925	0.06659720103811886	0.01704153017345936	0.01704153017345936
chr1:343000-344000	8.3954	0.08775322186081175	0.40674261404340106	0.035692974850397095	0.035692974850397095
chr1:0-1000	6.8607	0.0068468957790002475	0.2343612032308554	0.001604646733162763	0.001604646733162763
chr1:344000-345000	7.1389	0.29582767109715585	0.36114770190733425	0.10683748357733656	0.10683748357733656
chr4:442000-443000	7.1337	0.2837517192299222	0.04539658978692973	0.012881360399216838	0.012881360399216838
chr3:65000-66000	6.803	0.09391949913819832	0.07071726065075906	0.006641729700744711	0.006641729700744711
chr4:271000-272000	6.7993	0.145709481222508	0.5017738994663941	0.07311321458224317	0.07311321458224317
chr1:20000-21000	7.1204	0.020926228475248897	-0.0053704806024196805	0.00011238390410812657	0.00011238390410812657
chr2:372000-373000	7.5127	0.05855878231046089	0.33739780339186926	0.019757604520852155	0.019757604520852155
chr2:255000-256000	7.8154	0.09992285239881342	0.3124048913405062	0.031216387846084746	0.031216387846084746
chr4:279000-280000	7.8747	0.5011804389755482	0.3602569000541025	0.18055371131308529	0.18055371131308529
chr3:411000-412000	7.4285	0.006103013821357928	0.2906181334382777	0.0017736464851110514	0.0017736464851110514
chr4:134000-135000	7.2291	0.1840339476987104	0.48549390315907404	0.08934735958201981	0.08934735958201981
chr4:293000-294000	6.8425	0.80533117321641	0.3131113899737134	0.2521583630349515	0.2521583630349515
chr2:437000-438000	7.9043	0.3820584583393458	0.29742460472888593	0.11363358595490747	0.11363358595490747
chr4:19000-20000	6.6146	0.07883083658491452	0.14541209097655453	0.011462956781243493	0.011462956781243493
chr2:20000-21000	6.6147	0.00027895471368653943	0.14107967052212195	3.9354839097489845e-05	3.9354839097489845e-05
chr2:48000-49000	7.6103	0.7281924813274728	-0.004436712002496207	0.0032307803220330937	0.0032307803220330937
chr1:72000-73000	6.9983	0.2153639834083005	0.2712907210957985	0.05842625035690143	0.05842625035690143
chr4:138000-139000	6.9815	0.0262316019569544	0.2298044276572105	0.00602813827424967	0.00602813827424967
chr4:192000-193000	6.9463	0.14049613852012954	0.13326584801767302	0.01872333704309352	0.01872333704309352
chr3:206000-207000	7.4285	0.06043591533267353	0.0644958563678465	0.0038978661147554433	0.0038978661147554433
chr2:164000-165000	6.3187	0.16768137375373324	0.4083744571805894	0.06847678998597634	0.06847678998597634
chr4:230000-231000	6.6871	0.0477785921224924	0.3216632509684386	0.015368617268815938	0.015368617268815938
chr4:110000-111000	6.904	0.3032368191042645	0.3232181643880109	0.09801164804573967	0.09801164804573967
chr1:383000-384000	6.6696	0.5232533612548368	0.2068424643982316	0.1082310147466086	0.1082310147466086
chr3:38000-39000	6.9233	0.11734922856832081	0.11747934327828964	0.013786110306420234	0.013786110306420234
chr3:490000-491000	7.0826	0.14180686132737197	0.26132735284981123	0.037058011686622386	0.037058011686622386
chr1:466000-467000	7.2077	0.01933958187497599	0.051506331117197934	0.0009961109077206729	0.0009961109077206729
chr4:107000-108000	7.2799	0.11435292414432385	0.19474885849906462	0.022270101443137198	0.022270101443137198
chr4:23000-24000	7.0437	0.6250075217260761	0.31743106024228585	0.19839680028091183	0.19839680028091183
chr3:178000-179000	7.1625	0.43400566479593544	0.13533116456373517	0.05873449204409203	0.05873449204409203
chr4:444000-445000	8.167	0.35166748973859874	0.22240452234067834	0.07821244007805846	0.07821244007805846
chr4:444000-445000	6.7993	0.2082919461473682	0.2546210444081992	0.05303551286985928	0.05303551286985928
chr3:175000-176000	6.9736	0.2143543996240333	0.1459941096864526	0.03129447973048481	0.03129447973048481
chr2:398000-399000	7.5266	0.5928880210238411	0.09078843532170185	0.0538273757497348	0.0538273757497348
chr1:77000-78000	6.783	0.026405324846025365	0.03588270609979888	0.0009474945109196452	0.0009474945109196452
chr2:326000-327000	6.8518	0.6149686138523134	0.3133851824894528	0.19272205127739306	0.19272205127739306
chr3:135000-136000	7.088	0.4586553891823046	0.08597404173271696	0.039432457570494996	0.039432457570494996
chr2:207000-208000	6.6007	0.619172397157662	0.22668752105148085	0.14035865581517337	0.14035865581517337
chr4:281000-282000	6.7604	0.016538018686707363	0.16944093079376027	0.002802217279760296	0.002802217279760296
chr3:253000-254000	6.9148	0.06490067092828299	0.47097743159930144	0.030566751302874173	0.030566751302874173
chr3:146000-147000	8.4123	0.23882627587436922	0.29046420274232504	0.06937048381576723	0.06937048381576723
chr4:222000-223000	7.7372	0.19456693474228784	0.07241970818794344	0.01409048063705912	0.01409048063705912
chr3:455000-456000	8.0338	1.1928340473719545	0.08520799070849872	0.10163899242525042	0.10163899242525042
chr3:391000-392000	6.9196	0.7660530301876584	-0.15962483066944866	0.12228108522752301	0.12228108522752301
chr3:118000-119000	7.4769	0.10882595536217689	0.24710474365305052	0.026891409802569037	0.026891409802569037
chr4:25000-26000	7.2038	0.11840555983164466	0.04828668929433555	0.005717412478312484	0.005717412478312484
chr3:102000-103000	6.7882	0.12914076427103513	0.14236429723044944	0.01838503414924905	0.01838503414924905
chr4:114000-115000	8.0477	0.2979744913051498	0.2782713110028098	0.08291775234087938	0.08291775234087938
chr2:472000-473000	7.0676	0.04256860688514363	0.20902054669524384	0.008897713483187642	0.008897713483187642
chr3:279000-280000	6.9758	0.7274757404333042	0.2521383653844155	0.18342454404967065	0.18342454404967065
chr2:280000-281000	7.1151	0.017340224467630908	0.22832695356963711	0.003959240626907848	0.003959240626907848
chr3:372000-373000	6.7708	0.05498211100897594	-0.05112785482208548	0.00281111738947871	0.00281111738947871
chr4:490000-491000	6.8574	0.010150181378953198	0.1670779170178507	0.001695871162148876	0.001695871162148876
chr1:13000-14000	7.1447	0.15162958696061446	0.05205098541124137	0.007892469418799498	0.007892469418799498
chr1:385000-386000	7.4285	0.18004277737989974	0.2133371488719618	0.03840981280121715	0.03840981280121715
chr1:339000-340000	6.7541	0.15865067280914993	0.3637836971231164	0.05771452830558244	0.05771452830558244
chr3:45000-46000	7.9793	0.6763002479688768	0.26471807509921397	0.17902889983144216	0.17902889983144216
chr2:438000-439000	8.1852	0.0972498673306259	0.33172931956297524	0.03226063231717815	0.03226063231717815
chr2:2000-3000	7.1199	0.8013307144118205	0.38295661248352897	0.3068748958701569	0.3068748958701569
chr2:92000-93000	6.7869	0.09017074000175906	0.3194139058997853	0.028801788261835874	0.028801788261835874
chr1:447000-448000	6.7106	0.14168104075966398	0.08045911093144639	0.011399530575364582	0.011399530575364582
chr3:449000-450000	7.1725	0.033415349021369466	0.597221597863023	0.019956368135692872	0.019956368135692872
chr4:398000-399000	7.0826	0.2158346261900129	0.32414029644890696	0.0699606997171698	0.0699606997171698
chr1:156000-157000	7.4632	0.3959938113995727	0.11578034646969741	0.04584830068369854	0.04584830068369854
chr4:132000-133000	7.5995	0.3848881379688004	0.31425906941115134	0.12095458806546604	0.12095458806546604
chr3:155000-156000	6.6457	0.08319069879524302	0.05094784838513877	0.004238387109273788	0.004238387109273788
chr3:306000-307000	6.4208	0.40880684481543506	0.05366441511155773	0.021938380220621667	0.021938380220621667
chr3:462000-463000	6.7446	0.74972923856417	0.31629713157794703	0.2371372076179653	0.2371372076179653
chr1:317000-318000	6.8558	0.07943845375243751	0.07380032572865355	0.005862583762310469	0.005862583762310469
chr2:124000-125000	6.3187	0.025394361505511914	0.34006104388060066	0.008635633082245723	0.008635633082245723
chr2:193000-194000	6.8244	0.17619507229092066	0.21551571939621597	0.037972807758846046	0.037972807758846046
chr3:102000-103000	7.678	0.6030545238485766	0.5063114060215617	0.3053333838774362	0.3053333838774362
chr1:498000-499000	7.0561	0.45158595198884066	0.2416037692947014	0.10910486816103997	0.10910486816103997
chr1:247000-248000	7.2403	1.3004500752961181	0.196658153122443	0.25574411003567654	0.25574411003567654
chr3:319000-320000	6.7882	0.0857470939639594	0.23386422846676316	0.020053177973148407	0.020053177973148407
chr1:51000-52000	7.1103	0.09321357352195885	0.2026419877900486	0.01888898382750358	0.01888898382750358
chr1:473000-474000	7.4525	0.0021020255804173383	-0.013172971021843172	2.7689922058010672e-05	2.7689922058010672e-05
chr2:190000-191000	7.2295	0.12344372071272867	0.12242943793268565	0.015113145343178798	0.015113145343178798
chr3:434000-435000	7.0936	0.9072201545486951	0.21733969955955806	0.19717495582398922	0.19717495582398922
chr4:490000-491000	8.2038	0.16766628177810475	0.0325392830074952	0.005455740593592186	0.005455740593592186
chr4:220000-221000	7.2388	0.13542419008187284	0.25790049724397013	0.03492596596097693	0.03492596596097693
chr1:125000-126000	7.0491	0.401148355949234	0.1925604856962881	0.07724532225785195	0.07724532225785195
chr2:53000-54000	6.9825	0.5497702402870207	0.39029315369048123	0.21457156088679497	0.21457156088679497
chr1:121000-122000	8.1852	0.11333845458799745	0.053633823891356874	0.006078774713491204	0.006078774713491204
chr1:470000-471000	7.2314	0.45858063707874097	0.2474537482304217	0.11347749751102916	0.11347749751102916
chr4:438000-439000	7.1619	0.021944043948394023	0.06721269708136665	0.0014749183786436045	0.0014749183786436045
chr4:326000-327000	6.5005	0.06326400441500339	0.22715941141566237	0.014371014006710037	0.014371014006710037
chr4:456000-457000	6.7709	0.9333307588985644	0.39549170559740954	0.36912457372331786	0.36912457372331786
chr1:218000-219000	7.186	0.5890748436462662	0.23857984555338912	0.14054138521651302	0.14054138521651302
chr4:203000-204000	7.0375	0.21509702706526732	0.16390022382046807	0.03525445087911459	0.03525445087911459
chr1:64000-65000	7.0826	0.8190681186906075	0.17534971911719133	0.14362336455024435	0.14362336455024435
chr3:350000-351000	6.465	0.10231157442359252	0.2318140029611263	0.023717255616388173	0.023717255616388173
chr2:313000-314000	6.6942	0.421382613998728	0.5204781117935153	0.21932042727667367	0.21932042727667367
chr1:1000-2000	6.8591	0.06480330366217622	0.010443755903149748	0.0006767898851654586	0.0006767898851654586
chr3:104000-105000	6.9366	0.5312718030698945	0.048406824381589164	0.025717180870094607	0.025717180870094607
chr1:128000-129000	6.9363	0.03774462679728595	0.46414843778380277	0.017519109562692932	0.017519109562692932
chr3:81000-82000	7.2295	0.47269729047998205	0.10668082441149289	0.05042773664548341	0.05042773664548341
chr2:34000-35000	7.8846	0.0706778277341869	0.11694683869555042	0.008265548519381856	0.008265548519381856
chr4:370000-371000	6.7336	1.0481511342390588	0.3352326884862147	0.35137452267083497	0.35137452267083497
chr2:66000-67000	6.7052	0.03692943094565342	0.359022155780399	0.01325848390985187	0.01325848390985187
chr3:92000-93000	7.1199	0.4325622196646483	0.3972169738394755	0.17182105589247806	0.17182105589247806
chr3:177000-178000	7.1073	0.296391511638623	0.11517330676735307	0.03413639049319463	0.03413639049319463
chr4:378000-379000	7.0491	0.047354609476912626	0.2418487692122711	0.011452654018519068	0.011452654018519068
chr2:93000-94000	6.8552	0.02146070308212897	0.3292725204828235	0.007066419795186105	0.007066419795186105
chr3:24000-25000	6.8774	0.11293349463791115	-0.010286210157435666	0.001161657659659188	0.001161657659659188
chr2:82000-83000	6.6199	0.2722491591338724	0.3980276295797626	0.1083626874651388	0.1083626874651388
chr4:263000-264000	6.5664	0.08305753608207572	0.26906607613696043	0.022347965327208126	0.022347965327208126
chr4:205000-206000	7.0734	0.27559717235821585	0.1890729249421742	0.05210796348356039	0.05210796348356039
chr2:52000-53000	6.9927	0.13506123448350302	0.12689158755648422	0.01713813446095027	0.01713813446095027
chr4:17000-18000	6.6471	0.4842427709119039	0.28004719930533306	0.13561083177773267	0.13561083177773267
chr1:129000-130000	7.0057	0.034914006989117334	0.15080871195989615	0.005265336423387597	0.005265336423387597
chr3:238000-239000	6.4794	0.007702624425833322	0.3201621445682279	0.0024660887549784113	0.0024660887549784113
chr1:446000-447000	7.5094	0.01720638930161771	-0.009368380328872744	0.00016119599906420177	0.00016119599906420177
chr3:189000-190000	7.3971	0.025203937802015082	0.28870238626376005	0.007276436986685141	0.007276436986685141
chr3:447000-448000	7.0502	0.10613683422405172	0.1989432521779168	0.021115206976401273	0.021115206976401273
chr3:341000-342000	7.945	0.12594785510708462	0.16765856321479666	0.021116236427239195	0.021116236427239195
chr3:296000-297000	6.6147	0.2534768488846334	0.447359943080073	0.11339538868914587	0.11339538868914587
chr3:364000-365000	8.177	0.17597274259517043	0.2939735602265837	0.05173133364353845	0.05173133364353845
chr2:424000-425000	6.8591	0.02532564490310808	0.25535484971753836	0.006467026248232905	0.006467026248232905
chr4:247000-248000	6.8449	0.2744173323983492	0.2910884764489483	0.07987972319902009	0.07987972319902009
chr4:52000-53000	7.5499	0.6628285012135329	0.6016965914254817	0.3988216498798435	0.3988216498798435
chr2:58000-59000	6.4834	0.016816201774783587	0.20970416586445564	0.003526427566189371	0.003526427566189371
chr3:228000-229000	6.8984	0.20746390687375418	0.2612456695126756	0.05419904725094929	0.05419904725094929
chr2:357000-358000	7.0375	0.1653745801686781	0.15341628639821273	0.02537115395414211	0.02537115395414211
chr1:153000-154000	7.182	0.9775246873502643	0.11361774313125186	0.11106414883181961	0.11106414883181961
chr1:449000-450000	7.2469	0.2524631721489177	-0.2349840670412498	0.05932482296968787	0.05932482296968787
chr4:452000-453000	6.7023	0.501085725120147	0.0800089239947099	0.04009132969597194	0.04009132969597194
chr2:66000-67000	6.5003	0.13541597094939778	-0.08620032056849614	0.011672900105932249	0.011672900105932249
chr3:331000-332000	6.9903	0.2928204798097682	0.3177172376021284	0.09303411395848937	0.09303411395848937
chr3:212000-213000	7.2699	0.015787240977805095	0.2932282772923835	0.004629265475121512	0.004629265475121512
chr3:289000-290000	6.7237	0.33603312469535845	0.4422168186064777	0.14859949934917524	0.14859949934917524
chr2:359000-360000	6.8941	0.3021471563091107	0.15169577682619126	0.04583444759213518	0.04583444759213518
chr3:359000-360000	7.1632	0.4151325849726944	-0.012290078788628117	0.005102012177041271	0.005102012177041271
chr1:198000-199000	7.4963	0.4142233871302194	0.23278010636164187	0.09642296411365203	0.09642296411365203
chr1:300000-301000	7.0012	0.07301590859341248	0.18688470068342286	0.013645556222608053	0.013645556222608053
chr3:309000-310000	7.328	0.6847030515136726	0.28224794413317483	0.1932560286314454	0.1932560286314454
chr2:55000-56000	6.8867	0.288928864068229	0.37142144581663394	0.1073143764303793	0.1073143764303793
chr2:160000-161000	7.1111	0.006700016754439836	0.3857544248765167	0.0025845611097719645	0.0025845611097719645
chr1:86000-87000	6.8984	0.1217869694411292	0.0489540092297128	0.005961960426079789	0.005961960426079789
chr1:129000-130000	6.7925	0.5833985495883237	0.15309262999739354	0.08931401829314128	0.08931401829314128
chr2:57000-58000	6.9646	0.3941927677389403	-0.07906719998864603	0.031167718400892688	0.031167718400892688
chr4:32000-33000	6.9307	0.021268632037864537	0.32963654221013394	0.00701091832250134	0.00701091832250134
chr3:215000-216000	7.1272	0.0381390667711373	0.35120060064398895	0.01339446315802462	0.01339446315802462
chr4:257000-258000	7.032	0.15008220660750246	0.11755931230027493	0.017643560997285767	0.017643560997285767
chr3:94000-95000	6.7135	0.578371491571934	0.3280132177238173	0.18971349399023377	0.18971349399023377
chr2:118000-119000	7.1723	0.449904014023814	0.14459199019044733	0.0650525167823742	0.0650525167823742
chr1:442000-443000	7.2291	0.06020101467906559	0.01877317645316179	0.0011301642712294813	0.0011301642712294813
chr2:34000-35000	6.7459	0.2299398124522187	0.16226287538516315	0.03731069513402215	0.03731069513402215
chr3:294000-295000	8.0477	0.06562856207861183	0.2945223164641792	0.01932907612960594	0.01932907612960594
chr4:363000-364000	7.6301	0.32981848117009666	-0.0815078096024105	0.026882781966568448	0.026882781966568448
chr2:46000-47000	6.9059	0.9180499721593043	0.24998600547836433	0.22949964536962805	0.22949964536962805
chr1:363000-364000	6.6892	0.0898876434643903	0.22547670458735453	0.02026756963147378	0.02026756963147378
chr3:192000-193000	7.1625	0.3884810692506702	0.14493943910274915	0.05630622827922839	0.05630622827922839
chr2:382000-383000	6.7086	0.24932069068525672	0.09427667435030257	0.023505125564526462	0.023505125564526462
chr2:15000-16000	6.8663	0.3687115780023713	0.2849340147343926	0.10505847019926882	0.10505847019926882
chr2:349000-350000	7.0454	0.03975352843225945	0.24515354062453423	0.009745718247486494	0.009745718247486494
chr3:35000-36000	7.4886	0.3831054026556118	0.11790745252006864	0.04517098207379833	0.04517098207379833
chr3:290000-291000	6.6822	0.007523005755786056	0.04873701036032155	0.00036664880946050363	0.00036664880946050363
chr2:151000-152000	7.284	0.22565051161060873	0.23643230197254125	0.05335106990137787	0.05335106990137787
chr4:45000-46000	6.9258	0.4906951398065128	-0.11231480547834805	0.055112329176539285	0.055112329176539285
chr3:31000-32000	6.7825	0.026638311820318894	0.488516869223743	0.013013264691868013	0.013013264691868013
chr3:461000-462000	6.5432	0.09720181445264296	0.08380775449721273	0.008146265802330726	0.008146265802330726
chr4:184000-185000	6.777	0.12785451784419702	-0.10976245693844805	0.014033626009259713	0.014033626009259713
chr3:445000-446000	8.0477	0.011221147774607181	0.20426863717747384	0.002292128563486052	0.002292128563486052
chr4:79000-80000	6.9061	0.12298808631352522	0.4465067233706801	0.05491500743348253	0.05491500743348253
chr2:419000-420000	6.6075	0.026781534259580613	0.25409718371536927	0.006805112430936111	0.006805112430936111
chr2:211000-212000	6.9601	0.0593888959132299	0.14861343918776715	0.008825988071229425	0.008825988071229425
chr2:300000-301000	6.5452	0.4583576974675152	-0.06483742036562723	0.029718730708522274	0.029718730708522274
chr2:231000-232000	6.7513	0.5450724544414575	0.09274051690438606	0.05055030117524319	0.05055030117524319
chr1:109000-110000	6.519	0.14244168062596788	0.10851488556921166	0.015457042673413097	0.015457042673413097
chr4:269000-270000	7.5007	0.18835015875591615	0.13369897520593949	0.025182223205542	0.025182223205542
chr1:231000-232000	7.1188	0.03765960772841203	0.3981271859331061	0.014993313648257334	0.014993313648257334
chr2:75000-76000	6.7419	0.172822592458959	0.12787493157320312	0.022099677184992953	0.022099677184992953
chr2:428000-429000	6.8496	0.012222390758954664	0.30442519957389336	0.0037208037460648834	0.0037208037460648834
chr4:326000-327000	6.8122	0.2585500543461127	-0.07777640973619876	0.02010909496413972	0.02010909496413972
chr1:87000-88000	6.9013	0.033824192264639216	0.317538449719791	0.010740481574737684	0.010740481574737684
chr4:207000-208000	6.9364	0.03143975825944762	0.4397807168144512	0.013826599423812936	0.013826599423812936
chr4:359000-360000	7.1735	0.2989009982561182	0.3203192687927179	0.09574374920281323	0.09574374920281323
chr2:240000-241000	7.9036	0.06749253868375397	0.08789326568805621	0.005932139634492599	0.005932139634492599
chr1:139000-140000	7.4419	0.16297167870591397	0.12029541997044668	0.019604746533216623	0.019604746533216623
chr3:16000-17000	7.5995	0.731868038129571	0.33903003286279376	0.24812524501829686	0.24812524501829686
chr3:36000-37000	7.0111	0.12614719862357807	0.5306343453943461	0.0669380361649529	0.0669380361649529
chr1:89000-90000	7.4055	0.24576154672963296	0.058930956532136425	0.014482963027594616	0.014482963027594616
chr2:470000-471000	6.465	0.9946588787342385	0.20519371081388693	0.20409774632145836	0.20409774632145836
chr2:88000-89000	6.9366	0.2773067468132368	0.23529769421586494	0.06524963811565727	0.06524963811565727
chr1:281000-282000	6.9412	0.12732964119475448	0.11898453596018231	0.015150258271534376	0.015150258271534376
chr3:174000-175000	7.2647	0.4361757246771468	0.3442980783607762	0.15017446383396063	0.15017446383396063
chr4:40000-41000	7.0397	0.688530702488815	0.16444820449810585	0.11322763776610513	0.11322763776610513
chr2:344000-345000	6.891	0.042223077552277	0.05124550048395343	0.0021637427411392144	0.0021637427411392144
chr2:138000-139000	6.7581	0.42863540807203426	0.10506795876728123	0.04503584738150926	0.04503584738150926
chr1:415000-416000	7.3329	0.1074169062790118	0.2858009417450709	0.030699852973883595	0.030699852973883595
chr2:76000-77000	6.8253	0.3570160062188601	0.09429073465836744	0.0336633015111726	0.0336633015111726
chr2:456000-457000	7.2507	1.62183545826174	-0.043167921558426914	0.07001126584291816	0.07001126584291816
chr3:8000-9000	7.0715	0.563723927741077	0.15114113348943675	0.08520187341390373	0.08520187341390373
chr1:460000-461000	7.5996	0.9115646996991165	0.2597665795035023	0.23679404403697674	0.23679404403697674
chr2:373000-374000	6.9317	0.0026447875692528007	0.2655846646320561	0.000702415019603036	0.000702415019603036
chr4:125000-126000	7.1723	0.10777893124247104	0.20096962807963958	0.021660291726620453	0.021660291726620453
chr4:360000-361000	6.7513	0.14729354355091448	0.11639675245169177	0.017144490126428272	0.017144490126428272
chr3:335000-336000	6.6579	0.04305569814655689	0.22505555010895328	0.0096899238316984	0.0096899238316984
chr2:89000-90000	7.5266	0.8350641927635636	0.26260926961008757	0.2192955977391768	0.2192955977391768
chr2:335000-336000	6.5855	0.12111762160845671	0.3526529619104538	0.04271248799977184	0.04271248799977184
chr2:267000-268000	6.9481	0.06874939594248211	0.31553756719565995	0.021693017141861982	0.021693017141861982
chr1:376000-377000	7.7801	0.40244913702103746	0.17576660245611675	0.07073711747558395	0.07073711747558395
chr1:306000-307000	7.1625	0.10893314991317568	0.10626853733516749	0.011576166508585707	0.011576166508585707
chr1:3000-4000	6.7825	1.1267319816682393	0.38182380328254967	0.43021309052065115	0.43021309052065115
chr2:462000-463000	7.4525	0.6109920321250223	0.1260282716368777	0.0770022697926202	0.0770022697926202
chr2:157000-158000	6.6441	0.07406635952505333	0.37190452162130977	0.0275456140073969	0.0275456140073969
chr2:271000-272000	7.327	0.04293410718800995	0.08339427727311403	0.0035804588393105	0.0035804588393105
chr1:433000-434000	7.2314	0.10346348993701994	0.06763114276516272	0.006997354058912572	0.006997354058912572
chr2:363000-364000	6.8714	0.03775006372765492	-0.013535596327169136	0.0005109696239424468	0.0005109696239424468
chr1:250000-251000	7.182	0.6471390195116774	0.24615149801016709	0.15929423907363013	0.15929423907363013
chr1:293000-294000	6.9228	0.024194833993246796	0.03567209167316568	0.0008630803362241249	0.0008630803362241249
chr1:58000-59000	7.0185	0.08888086291667723	0.20577554684522134	0.01828950817075441	0.01828950817075441
chr3:390000-391000	6.9067	0.11163027805251034	0.41608776209028187	0.04644799257638493	0.04644799257638493
chr4:334000-335000	6.9825	0.5831279731614678	-0.12562923562505035	0.07325792153986008	0.07325792153986008
chr2:196000-197000	7.0817	0.37907730492391295	0.12311485138335648	0.04667004605851085	0.04667004605851085
chr4:62000-63000	6.6942	0.8384599934625607	0.16648356352053073	0.139589807581048	0.139589807581048
chr2:206000-207000	6.8045	0.3505055403389607	-0.0801016853049259	0.02807608448986444	0.02807608448986444
chr3:137000-138000	6.5432	0.19650115706485324	0.2129166302388467	0.0418383642002829	0.0418383642002829
chr4:347000-348000	7.9506	0.6305046847318853	0.08796150723947488	0.05546014239056655	0.05546014239056655
chr3:438000-439000	6.6871	0.5254121161572433	0.10252596717538455	0.053868385374686856	0.053868385374686856
chr2:167000-168000	6.7106	0.21561042439532843	0.21262523452785442	0.045844217053706934	0.045844217053706934
chr4:498000-499000	7.0639	0.19012791965322792	0.1350839174617417	0.025683224205609298	0.025683224205609298
chr3:425000-426000	6.9463	0.041458531343254564	0.31907277007157236	0.01322828843879134	0.01322828843879134
chr2:367000-368000	6.9769	0.4543039001928155	-0.03142048273643494	0.014274447853103422	0.014274447853103422
chr1:427000-428000	6.6147	0.12136791985488912	0.17590533207117587	0.02134926424486213	0.02134926424486213
chr2:45000-46000	7.7821	0.12603357592692238	0.19860671576482766	0.0250311145909431	0.0250311145909431
chr4:496000-497000	6.9552	0.6653080407605304	0.24604716090293566	0.1636971545550231	0.1636971545550231
chr1:393000-394000	7.1625	0.37102250983171575	0.24175229519670044	0.08969554332145764	0.08969554332145764
chr4:266000-267000	7.2847	0.061113105376603194	0.12361799561012983	0.007554679592166335	0.007554679592166335
chr4:248000-249000	6.8234	0.006626665505618586	0.12818621427174673	0.000849447164410417	0.000849447164410417
chr1:478000-479000	7.0607	0.8238477640523566	0.25392136963206885	0.2091925526164919	0.2091925526164919
chr3:194000-195000	7.0874	0.10285490305598351	0.05460834690017746	0.00561673622646527	0.00561673622646527
chr3:15000-16000	6.8874	0.25209902557480984	0.22320451240179853	0.05626964008039397	0.05626964008039397
chr4:78000-79000	6.7825	0.1944426184032661	0.33398669425506927	0.06494124734280673	0.06494124734280673
chr2:396000-397000	7.1632	0.12275898253991178	0.16168396787671865	0.019848159389561762	0.019848159389561762
chr4:56000-57000	6.7581	0.7848091100716444	0.2016318137303346	0.15824248429583548	0.15824248429583548
chr2:415000-416000	7.0338	0.09800767775645779	0.2841600626038875	0.027849867846936677	0.027849867846936677
chr1:155000-156000	8.016	0.046230210888340374	-0.04702957874392688	0.0021741873433215493	0.0021741873433215493
chr4:128000-129000	5.8843	0.15574232415130349	0.29068885170537573	0.045272557369468815	0.045272557369468815
chr3:216000-217000	6.7604	0.016960409395870058	0.08093202139715457	0.001372640216131057	0.001372640216131057
chr3:346000-347000	6.8607	0.17371150156035783	0.22240343021986778	0.0386340338156675	0.0386340338156675
chr2:497000-498000	7.1721	0.023172737498156692	0.47352372039491614	0.010972840871861938	0.010972840871861938
chr3:221000-222000	7.1794	0.08980939358696405	0.1643148872346237	0.014757020379851934	0.014757020379851934
chr4:20000-21000	7.1287	0.4742294020892326	0.2883685921501271	0.13675286503666856	0.13675286503666856
chr2:3000-4000	6.7237	0.05282349291665878	0.2252837451947053	0.011900274318530878	0.011900274318530878
chr1:41000-42000	6.9597	0.23135865685708443	0.4784971154842932	0.11070444994843529	0.11070444994843529
chr4:52000-53000	7.581	0.6056221598302866	0.12773510433597873	0.07735920977410245	0.07735920977410245
chr2:257000-258000	7.1943	0.08103725777386778	0.188541554559975	0.01527889055796245	0.01527889055796245
chr4:187000-188000	6.4266	0.10504688654740663	0.1778720653072916	0.018684906664287963	0.018684906664287963
chr4:461000-462000	7.1731	0.33078903045246155	0.2266068756371702	0.07495906868588106	0.07495906868588106
chr2:294000-295000	6.7057	0.12373855621576818	-0.11498098483285701	0.014227581055484866	0.014227581055484866
chr4:183000-184000	6.7709	0.06229345514345694	0.07740743749503845	0.004821976735367124	0.004821976735367124
chr1:378000-379000	6.9705	0.3134909126446554	0.31636784851898303	0.09917844556364208	0.09917844556364208
chr2:391000-392000	7.2403	0.5589075258679622	0.23375830838144138	0.13064927778855154	0.13064927778855154
chr2:178000-179000	7.6751	0.6074397076073125	0.13142600546728256	0.07983337433304316	0.07983337433304316
chr2:321000-322000	6.8328	0.37976954590621836	0.0864309729775925	0.03282385135993293	0.03282385135993293
chr3:61000-62000	6.7092	0.26111962722738075	0.16434334367811818	0.042913272638531536	0.042913272638531536
chr2:212000-213000	6.7092	0.03986127301514216	0.3657527658277415	0.014579370854702962	0.014579370854702962
chr3:421000-422000	6.8676	0.3514740642607011	0.5278669718406751	0.18553154998183113	0.18553154998183113
chr1:166000-167000	6.9769	0.11702063014687152	0.11846106144145142	0.013862388057745909	0.013862388057745909
chr2:315000-316000	8.3834	0.07853382828169599	0.08568570725815229	0.0067292266200074035	0.0067292266200074035
chr3:334000-335000	7.1474	0.5173745337914983	0.26189459345988136	0.1354975931938201	0.1354975931938201
chr3:374000-375000	6.6175	0.8899704774715835	0.10963975667984585	0.09757614660223066	0.09757614660223066
chr4:143000-144000	6.7771	0.002045925092992428	0.21276830859467225	0.00043530802154739644	0.00043530802154739644
chr1:449000-450000	8.177	0.22175533083961071	0.43924301771079804	0.09740448071144701	0.09740448071144701
chr3:131000-132000	6.5949	0.4629990773085236	0.14687708150922196	0.06800395321653858	0.06800395321653858
chr1:118000-119000	5.8043	0.019872298388626888	0.35607619660236567	0.007076052427969582	0.007076052427969582
chr4:9000-10000	6.8699	0.4036392261496206	0.2762912559850163	0.11152198875769871	0.11152198875769871
chr3:101000-102000	6.8437	0.5570101196202519	0.13545360200680368	0.07544902705680372	0.07544902705680372
chr3:439000-440000	6.9007	0.04308426588581483	0.11502335071527921	0.0049556966252944186	0.0049556966252944186
chr4:42000-43000	8.7	0.23610623410411907	0.031972484196919254	0.007548902838688065	0.007548902838688065
chr3:27000-28000	7.0035	0.1026321782470812	0.08820147744393643	0.009052309754681995	0.009052309754681995
chr1:324000-325000	6.9464	0.213476093786714	0.098040015859943	0.02092919962056812	0.02092919962056812
chr1:276000-277000	6.8869	0.603483352187824	0.16634268351629955	0.10038504026033475	0.10038504026033475
chr1:323000-324000	6.9067	0.3782754535099398	0.3531652359359162	0.13359373978760358	0.13359373978760358
chr2:302000-303000	6.8328	0.09350739013506089	0.07150240528838073	0.006686003306895858	0.006686003306895858
chr2:313000-314000	6.8109	0.1337340886463701	0.17868328082546842	0.023896045717537437	0.023896045717537437
chr4:308000-309000	7.2413	0.11255390193562846	0.22317404983928768	0.025119110120188245	0.025119110120188245
chr4:284000-285000	6.6681	0.1578744767820447	0.14951711151827402	0.023604935750910137	0.023604935750910137
chr2:319000-320000	7.2148	0.3546414166024415	0.08562211412801028	0.030365147846853485	0.030365147846853485
chr1:438000-439000	6.5544	0.5079964696165353	0.35544543381087196	0.18056502551724082	0.18056502551724082
chr1:395000-396000	7.0971	0.7215305192681113	0.22413265744876537	0.1617185527139494	0.1617185527139494
chr4:48000-49000	6.655	0.18372642297001346	0.061611099975870776	0.01131958701381462	0.01131958701381462
chr3:80000-81000	7.3695	0.16927345019063506	0.21957734195061435	0.037168614255669356	0.037168614255669356
chr4:417000-418000	6.6147	0.25270651794175564	-0.056277775484608106	0.014221760680223215	0.014221760680223215
chr4:397000-398000	6.8033	0.21940917595868184	-0.09488934912204666	0.020819593898123927	0.020819593898123927
chr4:332000-333000	6.6822	0.2104341643732747	0.1875708991196127	0.0394713254169795	0.0394713254169795
chr1:440000-441000	7.1389	0.0895653354002856	0.035052905892610675	0.0031395252730263227	0.0031395252730263227
chr4:180000-181000	7.0643	0.6068097195825696	0.18380080247541983	0.11153211340916076	0.11153211340916076
chr4:416000-417000	6.7764	0.2911498961756308	0.2907026145424403	0.0846380360420159	0.0846380360420159
chr4:375000-376000	6.8745	0.173222680050394	0.15502798145470062	0.02685436243038602	0.02685436243038602
chr1:368000-369000	6.9013	0.25836567390197784	0.11050564120824048	0.028550864460737225	0.028550864460737225
chr3:262000-263000	7.2597	0.01049449302135589	0.5146909008698647	0.005401420067334171	0.005401420067334171
chr3:189000-190000	7.2559	0.0254867714950271	-0.06133325389529126	0.0015631866270757692	0.0015631866270757692
chr2:149000-150000	6.7872	0.04295898599538827	0.11809373017749183	0.005073186900838033	0.005073186900838033
chr2:187000-188000	8.3834	0.47544047373817006	-0.1557489041288338	0.07404933276321357	0.07404933276321357
chr4:350000-351000	8.1852	0.17163592602330177	0.506310447939182	0.08690106258731423	0.08690106258731423
chr2:242000-243000	7.9835	0.4067863010594775	-0.006863858961944774	0.0027921237981234598	0.0027921237981234598
chr1:492000-493000	6.4188	0.17654932934593884	0.36066246210920483	0.06367471580563519	0.06367471580563519
chr4:82000-83000	7.3719	0.042999803401606626	0.3753265336104078	0.016138967156654038	0.016138967156654038
chr4:88000-89000	6.6899	0.37172614877283505	0.13814234077995013	0.051351120320595425	0.051351120320595425
chr1:350000-351000	6.6254	0.3994514190801997	0.3259495796646783	0.13020102214565035	0.13020102214565035
chr1:178000-179000	6.9607	1.818857652510444	-0.003627630976290236	0.006598144361709429	0.006598144361709429
chr3:26000-27000	7.1769	0.27706476527227963	-0.06091029579051055	0.01687609680586293	0.01687609680586293
chr1:65000-66000	6.8832	0.028879801072996487	0.042127988450538084	0.0012166479260570333	0.0012166479260570333
chr3:134000-135000	7.0998	0.6343949551442946	0.6444662684460062	0.408846149462815	0.408846149462815
chr3:435000-436000	6.8535	0.4381455401678584	0.36134862032388476	0.15832328644071886	0.15832328644071886
chr3:66000-67000	7.0338	0.26628597569008566	0.17534138523906417	0.04669095184723539	0.04669095184723539
chr1:125000-126000	6.4231	0.2694586821673736	0.1824178139394302	0.04915406374797202	0.04915406374797202
chr2:469000-470000	6.8892	0.5862773752167483	0.4219979619770985	0.24740785749475044	0.24740785749475044
chr3:438000-439000	6.8591	0.0965454868721463	0.17159113362339454	0.01656634953861414	0.01656634953861414
chr2:175000-176000	7.0313	0.8041844709927435	0.29596391626733665	0.23800958543638875	0.23800958543638875
chr1:386000-387000	8.0338	0.13168359878054414	0.16249123163121537	0.021397430151481427	0.021397430151481427
chr4:224000-225000	7.005	0.3769192958450222	0.06491144711959076	0.024466376940597546	0.024466376940597546
chr4:289000-290000	7.8165	0.3197070404398948	0.030082257309838267	0.009617509454279784	0.009617509454279784
chr3:280000-281000	8.5945	0.273153987682236	-0.067173762169845	0.01834878100431129	0.01834878100431129
chr1:148000-149000	6.9363	0.40048248010686466	-0.13457020286866883	0.053893008593328406	0.053893008593328406
chr3:113000-114000	6.6871	0.25512318305959836	0.08981399201411404	0.02291363152593012	0.02291363152593012
chr3:222000-223000	7.0338	0.03223506397991761	-0.10297199985073507	0.0033193090033285114	0.0033193090033285114
chr1:370000-371000	6.67	0.3826676161977713	0.5696318661498831	0.2179796683298637	0.2179796683298637
chr4:21000-22000	6.9138	0.22462978056272273	0.24901467164922628	0.05593611104946415	0.05593611104946415
chr4:300000-301000	7.8165	0.3454029118692526	0.3243820911239383	0.11204251883244552	0.11204251883244552
chr4:327000-328000	8.6721	0.06301024431833704	0.33841776442563	0.021323786018124374	0.021323786018124374
chr2:48000-49000	7.2968	0.8857792269676581	0.05518707354266705	0.048883563341230916	0.048883563341230916
chr2:113000-114000	6.9477	0.03478861164053915	0.16008043980369982	0.005568976251577618	0.005568976251577618
chr1:158000-159000	6.4266	1.9164664868992485	-0.06706857280097694	0.12853467209723476	0.12853467209723476
chr2:102000-103000	6.6696	1.01939104542912	0.25115577657613214	0.2560259496495058	0.2560259496495058
chr4:64000-65000	6.6665	0.37723392845766746	0.3008538813325252	0.11349229154680539	0.11349229154680539
chr3:65000-66000	6.7285	0.10013788481315333	0.24796008717108212	0.02483019864739728	0.02483019864739728
chr3:81000-82000	6.7822	0.4271851362908164	0.09609475450574323	0.04105025080036846	0.04105025080036846
chr3:449000-450000	6.4042	0.033497540339981265	0.22944337517221416	0.0076857887155727	0.0076857887155727
chr1:66000-67000	6.6903	0.25936325147463457	0.39424783772254335	0.10225340107856293	0.10225340107856293
chr2:5000-6000	7.6751	0.5395595602112111	0.28163305285105206	0.15195780613725443	0.15195780613725443
chr1:203000-204000	7.4249	0.41292772898877106	0.13082454019480716	0.054021080278641914	0.054021080278641914
chr2:76000-77000	7.4285	0.16968454446714148	0.31348470123697103	0.053193508726813374	0.053193508726813374
chr1:116000-117000	7.0151	0.9233219645359245	0.2946461734746647	0.2720532837356202	0.2720532837356202
chr2:322000-323000	6.9736	0.07366617687529634	0.10497549661932157	0.007733143501531015	0.007733143501531015
chr2:459000-460000	6.4231	0.014781959316638948	0.14880078203547098	0.0021995671063323916	0.0021995671063323916
chr3:481000-482000	7.1073	1.1199876688280614	0.1982673052660028	0.22205693702969212	0.22205693702969212
chr4:7000-8000	6.8073	0.42038606875668505	0.2678080637126337	0.11258277908549393	0.11258277908549393
chr3:294000-295000	6.8092	0.1295939926124708	0.15767183587782055	0.02043332273394498	0.02043332273394498
chr2:204000-205000	6.8714	0.11108553295219716	-0.1254516126588553	0.013935859251921543	0.013935859251921543
chr1:393000-394000	7.5266	0.10369886428163332	0.020871589836156612	0.002164360161761522	0.002164360161761522
chr3:126000-127000	8.5973	0.13134142678783686	-0.037538258468136965	0.004930328426335708	0.004930328426335708
chr1:258000-259000	7.0734	0.09264538690734328	0.26194983682066963	0.024268443982566376	0.024268443982566376
chr4:61000-62000	7.4963	0.032768751328229324	0.30357090291822697	0.009947639428213426	0.009947639428213426
chr1:454000-455000	6.8223	0.23667856028407933	0.23984254897588003	0.05676558918647507	0.05676558918647507
chr4:152000-153000	6.7285	0.0633007400967602	-0.2005368996140215	0.012694134162277266	0.012694134162277266
chr2:46000-47000	7.0541	0.5116323989058463	0.4703767788612133	0.24065999975836735	0.24065999975836735
chr1:35000-36000	6.7993	0.03316567091967891	0.40378743044267423	0.013391881039564471	0.013391881039564471
chr4:163000-164000	6.9481	0.04188913475068666	0.14687318666964488	0.00615239070766751	0.00615239070766751
chr2:118000-119000	6.4354	0.06588853918167856	0.4019965147151722	0.026486963110708847	0.026486963110708847
chr4:57000-58000	7.2791	0.33914632393386207	0.010818222222153645	0.003668960298143025	0.003668960298143025
chr1:383000-384000	6.8535	0.005348407140246145	0.2634318270129996	0.0014089406645644144	0.0014089406645644144
chr3:266000-267000	7.5499	0.16590255354175185	-0.21613302639772214	0.03585702098408896	0.03585702098408896
chr2:60000-61000	6.8449	0.06079045623041094	0.19784904350402632	0.012027333619360182	0.012027333619360182
chr4:388000-389000	6.6579	0.07696253473472778	0.167838220743996	0.012917254893824701	0.012917254893824701
chr4:477000-478000	6.6468	0.6542237403821608	0.06460940197092643	0.042269004621274045	0.042269004621274045
chr3:146000-147000	6.8496	0.5096563616429106	0.08979406161108235	0.04576411473784358	0.04576411473784358
chr3:411000-412000	6.6175	0.20155597117664575	0.06717636701182278	0.013539797893186729	0.013539797893186729
chr1:31000-32000	7.6103	0.8465195651172045	0.22428322793603847	0.18986014057549813	0.18986014057549813
chr3:92000-93000	6.938	0.40117291666053634	0.18492864191424424	0.07418836265080928	0.07418836265080928
chr1:8000-9000	6.5812	0.7298362787229635	0.19139139454976864	0.13968438317780163	0.13968438317780163
chr4:416000-417000	6.5005	0.3830218300655177	0.3309236526508452	0.12675098305029245	0.12675098305029245
chr1:156000-157000	7.2935	0.141155374411397	0.05507649149443747	0.0077743427781634435	0.0077743427781634435
chr1:81000-82000	6.5432	0.047381149797394745	0.11935313633302753	0.005655088831384055	0.005655088831384055
chr3:293000-294000	6.7564	0.2719344949325349	0.29831057447753556	0.08112093540358298	0.08112093540358298
chr1:319000-320000	7.1692	0.005117236395879541	0.1633578590335199	0.0008359407817992875	0.0008359407817992875
chr2:69000-70000	7.0541	2.2017001700625998	0.265144411399304	0.5837684956689956	0.5837684956689956
chr2:497000-498000	7.2388	0.09243513230552286	0.23333534549457863	0.021568383532346264	0.021568383532346264
chr4:328000-329000	6.8312	0.20967444648040254	0.21166398799866204	0.04438052952345403	0.04438052952345403
chr1:235000-236000	7.2559	1.339374344945791	0.12392783858417582	0.16598576762422823	0.16598576762422823
chr3:312000-313000	7.0595	0.22127610024129898	0.17297396651973804	0.03827500475475665	0.03827500475475665
chr1:113000-114000	6.9179	0.4566053455757201	0.10163543859414638	0.04640728456202008	0.04640728456202008
chr2:404000-405000	7.7375	1.1951094272717038	0.07824783495131067	0.0935147252139117	0.0935147252139117
chr1:429000-430000	6.7094	0.1614389781893739	0.11504081131779152	0.018572071029220823	0.018572071029220823
chr3:468000-469000	6.8489	0.017487599763235315	0.32474251792706055	0.005678967179613704	0.005678967179613704
chr2:75000-76000	6.8113	0.2607996615346661	0.1991067936180906	0.05192698438485065	0.05192698438485065
chr4:145000-146000	6.8892	0.17711578676446033	0.3176004168966122	0.05625204771536407	0.05625204771536407
chr2:311000-312000	7.0592	0.39488806509322755	0.1310514841590505	0.05175066700716321	0.05175066700716321
chr2:496000-497000	6.771	0.021996004369413704	0.03802363283277696	0.0008363679939307444	0.0008363679939307444
chr3:477000-478000	7.8162	0.10694860306781023	0.21469448967141902	0.022961275756714677	0.022961275756714677
chr3:431000-432000	7.3719	0.1268305812577911	0.1492942938635081	0.018935082069180206	0.018935082069180206
chr1:187000-188000	6.6871	0.6649819028538444	0.28876532353368184	0.19202371432163376	0.19202371432163376
chr2:22000-23000	7.1855	0.16206754663477288	0.32950556927605074	0.053402159215063735	0.053402159215063735
chr2:96000-97000	6.7698	0.02946893559337339	0.09001023597704694	0.0026525058467519367	0.0026525058467519367
chr1:254000-255000	7.8747	0.11570585304284556	0.09952949628862078	0.011516145270999598	0.011516145270999598
chr3:287000-288000	6.9825	0.05320416829970067	0.16015672673291934	0.00852100544342741	0.00852100544342741
chr2:218000-219000	6.8518	0.35115294371015704	0.35547733752566524	0.12482691349438642	0.12482691349438642
chr2:422000-423000	7.6318	0.29999964370448745	0.3527314376829045	0.10581930562824296	0.10581930562824296
chr4:469000-470000	7.0855	0.4165420165474583	-0.1928948424251395	0.08034880664537182	0.08034880664537182
chr4:223000-224000	6.891	0.047177706852778674	0.1455438839885821	0.006866426693028153	0.006866426693028153
chr2:27000-28000	7.0335	0.14481872335886165	0.28917816131847807	0.04187841214540494	0.04187841214540494
chr4:387000-388000	7.2342	0.13002982468431837	0.08895236438787425	0.011566460346610893	0.011566460346610893
chr4:212000-213000	7.1449	0.2731167838267928	0.18457638042800834	0.05041090739288822	0.05041090739288822
chr2:474000-475000	8.7	0.008881137693914425	0.10200560332109082	0.0009059258086454221	0.0009059258086454221
chr1:17000-18000	6.5432	0.017202301081081506	0.20903865159987128	0.003595945822404286	0.003595945822404286
chr4:317000-318000	6.6056	0.36328167028498276	-0.23517081727261124	0.08543324730107868	0.08543324730107868
chr2:252000-253000	7.4632	0.10316966744089534	0.254974799883041	0.026305665309742182	0.026305665309742182
chr2:145000-146000	6.9893	0.7044405101303888	0.3191385017243105	0.22481408895692126	0.22481408895692126
chr4:308000-309000	6.6847	0.07366464254513948	0.4200236624607153	0.030940892955668913	0.030940892955668913
chr3:209000-210000	7.2295	0.53464606261851	0.03859915247916343	0.020636884893396226	0.020636884893396226
chr4:175000-176000	6.6579	0.30407672433860033	-0.250936664216452	0.07630399887139398	0.07630399887139398
chr4:86000-87000	7.5996	0.18292255971909052	0.0019714646251261514	0.0003606253556237128	0.0003606253556237128
chr4:218000-219000	7.1314	0.01564154481303434	0.1743141565317427	0.0027265426909375366	0.0027265426909375366
chr3:75000-76000	6.8867	0.8135291785679415	0.15147361706245457	0.12322820726353359	0.12322820726353359
chr3:466000-467000	6.6847	0.1008114080258265	0.18786806406633105	0.018939244061613014	0.018939244061613014
chr1:496000-497000	8.2846	0.03478571225032061	0.011296295715682192	0.00039294969226025023	0.00039294969226025023
chr2:105000-106000	6.6942	0.44993483532623607	0.309740165323766	0.1393628902788698	0.1393628902788698
chr3:114000-115000	7.015	0.2859638057590503	0.023888880258653822	0.006831355114086893	0.006831355114086893
chr2:443000-444000	7.1149	0.14798893819222678	0.08169921032729563	0.012090579387479889	0.012090579387479889
chr1:355000-356000	6.6327	0.3462931574831084	0.09884855696421119	0.0342305789037856	0.0342305789037856
chr3:13000-14000	7.7801	0.1588635632409012	0.0884170902011624	0.014046254000748827	0.014046254000748827
chr2:53000-54000	8.2846	0.13676542797286015	0.2465519412266866	0.03371978175940726	0.03371978175940726
chr2:254000-255000	6.7184	0.09394382904182454	0.10883897897509162	0.010224750433922743	0.010224750433922743
chr2:333000-334000	7.1299	0.5858721136593302	0.24393388537320726	0.1429140610167337	0.1429140610167337
chr2:5000-6000	7.0548	0.4064648161910972	0.19157823020221934	0.07786981012536079	0.07786981012536079
chr3:327000-328000	6.8201	0.29229275882606154	0.051070099837168204	0.01492742037492829	0.01492742037492829
chr4:122000-123000	6.8229	0.4996996280357247	-0.0167807896618338	0.008385354352164085	0.008385354352164085
chr3:428000-429000	6.995	0.8821059365347373	0.4110402118837626	0.3625810110571633	0.3625810110571633
chr1:355000-356000	7.0931	0.6834623732549657	0.12738222581227737	0.08706095836415904	0.08706095836415904
chr2:138000-139000	8.0863	0.027442808467447895	0.10874738529809938	0.0029843336660715005	0.0029843336660715005
chr2:225000-226000	6.791	0.5694015823618195	0.2888795460976642	0.16448847065997416	0.16448847065997416
chr1:392000-393000	6.8772	0.9125961898537026	0.5582557989305658	0.5094621150677691	0.5094621150677691
chr4:129000-130000	6.8226	0.005134426429798313	0.37763849677942596	0.00193895707877359	0.00193895707877359
chr1:219000-220000	6.8113	0.20952638865838644	0.33036429293679864	0.0692200372407287	0.0692200372407287
chr2:38000-39000	7.2353	0.01523412137160435	0.043183960043779	0.000657869688613442	0.000657869688613442
chr1:100000-101000	7.855	0.12541677037518903	0.32841437813450103	0.04118867065040522	0.04118867065040522
chr2:159000-160000	6.7822	0.20988265257534403	0.2862591151325662	0.060080822407893794	0.060080822407893794
chr2:427000-428000	6.9337	0.19924586268027877	0.26100912041916713	0.05200498736533772	0.05200498736533772
chr2:318000-319000	6.8174	0.6176436906125731	0.055717270669107616	0.0344134206869273	0.0344134206869273
chr4:431000-432000	7.3854	0.051309061495520045	0.2033154124774784	0.010431923001793962	0.010431923001793962
chr1:260000-261000	7.1116	0.09286850917593086	0.28346325581878107	0.026324809974045706	0.026324809974045706
chr2:196000-197000	6.8787	0.038162189793476214	0.29243386681903283	0.011159916727588077	0.011159916727588077
chr1:68000-69000	6.9877	0.39843724011989873	0.22602304598406334	0.09005599864538316	0.09005599864538316
chr3:184000-185000	7.4541	0.22074262134129682	0.3529924225199551	0.07792047266066951	0.07792047266066951
chr2:383000-384000	6.9304	0.10567499922752387	0.2822067461008957	0.029822197676214177	0.029822197676214177
chr2:50000-51000	6.8745	0.031354150564428446	0.16461252060318143	0.00516128575578223	0.00516128575578223
chr2:314000-315000	6.9148	0.041400439727522886	0.1389672133243438	0.005753303739336311	0.005753303739336311
chr4:21000-22000	6.9457	0.03199694639122078	-0.024588646776796674	0.0007867616127498269	0.0007867616127498269
chr3:9000-10000	6.8731	0.07985072312055883	0.39214093650000914	0.03131273734469887	0.03131273734469887
chr2:330000-331000	6.7869	0.08063161363942085	0.30079169117217464	0.024253319428542783	0.024253319428542783
chr3:328000-329000	7.2403	0.6043112479946511	0.2576303108008845	0.15568889464133234	0.15568889464133234
chr3:113000-114000	7.1483	0.040783888715862984	0.02254157228984166	0.000919332975749483	0.000919332975749483
chr4:64000-65000	7.5996	0.5755558229214048	0.1620855117355722	0.09328926009060427	0.09328926009060427
chr3:102000-103000	7.9356	0.024665725166406662	0.18289758271256293	0.004511301508788207	0.004511301508788207
chr3:2000-3000	6.5191	0.23016018870854466	-0.007151096117949646	0.0016458976319802315	0.0016458976319802315
chr2:287000-288000	7.1359	0.5655636071807577	-0.2912515950870183	0.16472130271456353	0.16472130271456353
chr4:186000-187000	7.0737	0.5627739382334678	0.07731093596218007	0.04350857989995151	0.04350857989995151
chr4:266000-267000	7.3073	0.15501286627528899	0.18480126256551566	0.028646573401572846	0.028646573401572846
chr1:16000-17000	7.7691	0.08167540646248149	-0.11387998086237339	0.00930119372487396	0.00930119372487396
chr2:494000-495000	7.0247	0.19994150634752034	0.0900096974293735	0.017996674489913465	0.017996674489913465
chr3:225000-226000	6.9991	0.8944374214693517	0.15357488569943084	0.13736312476744933	0.13736312476744933
chr2:358000-359000	8.5867	0.05548685147581769	-0.08378558518804358	0.004648998321143444	0.004648998321143444
chr2:91000-92000	6.9693	0.11708955906894158	0.14214730039242027	0.016643964725788878	0.016643964725788878
chr3:17000-18000	6.8073	0.24069606775110092	0.0873650793558372	0.0210284310597129	0.0210284310597129
chr4:213000-214000	6.7446	0.09776565266434077	-0.10659050419788935	0.010420890210727807	0.010420890210727807
chr3:311000-312000	6.8941	0.18361652337509443	0.08914570129651507	0.016368623745900746	0.016368623745900746
chr4:127000-128000	6.8201	0.0064130055876392865	0.297849550726502	0.0019101108330849084	0.0019101108330849084
chr1:258000-259000	6.4944	0.12407925611260859	-0.008331551444952096	0.0010337727055535853	0.0010337727055535853
chr1:225000-226000	6.667	0.1863095266205079	0.24500852382669344	0.045647422092140684	0.045647422092140684
chr3:144000-145000	7.1277	0.6223912061876439	0.39806210146757515	0.24775035146999239	0.24775035146999239
chr3:338000-339000	6.9153	0.040621243717458684	0.06883465274901229	0.0027961492055242655	0.0027961492055242655
chr1:272000-273000	6.7226	0.08011691192813011	0.4360118221288769	0.034931920753122764	0.034931920753122764
chr3:210000-211000	8.1784	0.010579585317738721	0.28372050845396735	0.003001645325580958	0.003001645325580958
chr4:401000-402000	7.4325	0.3636002035764627	0.33031587508861565	0.12010291942675808	0.12010291942675808
chr3:490000-491000	7.0398	0.03498500888950103	0.022049535933521852	0.0007714032106436344	0.0007714032106436344
chr3:258000-259000	6.5867	0.4862614540150302	0.20758045141893675	0.10093837213206852	0.10093837213206852
chr2:98000-99000	8.2846	0.04920222907531934	0.423470394735703	0.020835687368401967	0.020835687368401967
chr1:414000-415000	7.0387	0.0672105006542189	0.16998959413393552	0.011425085727749277	0.011425085727749277
chr3:387000-388000	7.1199	0.29071514636849727	0.23740483866899115	0.06901718242224524	0.06901718242224524
chr1:243000-244000	8.0106	0.36057721232995893	-0.10816603329814667	0.03900220675543524	0.03900220675543524
chr4:229000-230000	6.7904	0.40455890871736083	0.5529638673366466	0.22370645872984524	0.22370645872984524
chr3:162000-163000	6.8496	0.42383976012875896	0.27785933354073883	0.11776783327744357	0.11776783327744357
chr4:358000-359000	6.7459	0.38706295340298535	0.05337880445918963	0.020660957703094382	0.020660957703094382
chr2:451000-452000	6.9477	0.341803764337573	0.2974734578109236	0.10167754767028789	0.10167754767028789
chr3:38000-39000	6.7057	0.3286705283383053	0.08209023505217916	0.026980640926015393	0.026980640926015393
chr3:172000-173000	7.1556	0.7698636018952946	-0.01177775624829172	0.009067265847554675	0.009067265847554675
chr3:442000-443000	6.8449	0.31455514313866134	0.16418559201676283	0.051645422398138685	0.051645422398138685
chr4:181000-182000	6.9161	0.09827613178469696	0.04263102631115623	0.004189612359872073	0.004189612359872073
chr4:41000-42000	6.8045	0.0030182554875274187	0.13962939614155057	0.0004214371911243748	0.0004214371911243748
chr1:395000-396000	7.0826	0.2543646241479792	0.38264503845990816	0.0973313613899436	0.0973313613899436
chr2:424000-425000	6.7135	0.03710206311272279	0.06215701712617669	0.0023061535723139987	0.0023061535723139987
chr3:179000-180000	7.1943	0.006668104456800496	0.2876197227228217	0.0019178783549517705	0.0019178783549517705
chr1:370000-371000	6.9991	0.04372513383967585	0.2920799519211171	0.01277123498963693	0.01277123498963693
chr2:349000-350000	6.8496	0.03192219419348435	0.2080310945923252	0.006640808999859316	0.006640808999859316
chr2:245000-246000	7.6883	0.4373747191735395	0.34574143448770805	0.15121856281571802	0.15121856281571802
chr3:65000-66000	7.0538	0.19831485389673978	0.3553604761144259	0.07047326090130826	0.07047326090130826
chr4:171000-172000	7.6301	0.6587993052090474	0.10082649730187711	0.06642442636913853	0.06642442636913853
chr1:308000-309000	6.7012	0.083727062099024	0.22273148126487036	0.0186486525632714	0.0186486525632714
chr1:62000-63000	6.8787	0.004628701171560268	-0.0612085909489789	0.0002833162766350919	0.0002833162766350919
chr3:316000-317000	7.1389	0.13464050898334953	0.3896702736017158	0.052465403973416085	0.052465403973416085
chr4:394000-395000	6.7182	0.01451291103404845	0.14262647616307328	0.0020699253596545143	0.0020699253596545143
chr1:52000-53000	6.5432	0.9364102306070503	0.1699879151289979	0.15917842280635663	0.15917842280635663
chr1:408000-409000	6.9693	0.20393949867789793	0.1111247159297116	0.022662718857429202	0.022662718857429202
chr3:220000-221000	7.1023	0.14524169917640042	0.047994798861301396	0.006970846138244983	0.006970846138244983
chr3:494000-495000	6.7581	0.32883237305969065	-0.07533196161824729	0.02477158770616979	0.02477158770616979
chr1:454000-455000	7.0502	0.07495082683983478	0.2003358126386454	0.015015334802896695	0.015015334802896695
chr3:138000-139000	6.8798	0.05561095804982783	0.4649465910583811	0.025856125370758088	0.025856125370758088
chr1:172000-173000	6.6921	0.0031823100171075626	0.21812928185395974	0.000694154998668335	0.000694154998668335
chr3:62000-63000	6.6892	0.10155149172366602	0.0696812379260742	0.0070762336565445266	0.0070762336565445266
chr4:62000-63000	7.4055	0.036855652198198204	0.13529691096210714	0.00498645589391001	0.00498645589391001
chr1:283000-284000	6.7716	0.3354407040645834	0.18442899782984942	0.061864992881970206	0.061864992881970206
chr4:241000-242000	6.8858	0.03851431408648955	0.17241960502750692	0.006640622822697875	0.006640622822697875
chr1:104000-105000	7.1333	0.5545717729559423	0.2282349909051701	0.12657268355686355	0.12657268355686355
chr2:269000-270000	7.0734	1.1957238719136074	0.15641022839853003	0.187023443907582	0.187023443907582
chr3:244000-245000	8.0863	0.1292380449090293	0.11088265542680233	0.014330257601681499	0.014330257601681499
chr2:212000-213000	7.0817	0.020363576102635828	0.5308294352398122	0.010809585602025112	0.010809585602025112
chr1:182000-183000	6.8505	0.0885797160590821	0.37990051713923767	0.03365147993889213	0.03365147993889213
chr1:443000-444000	6.7787	0.5680776675933328	0.40786841335397117	0.23170093694311727	0.23170093694311727
chr4:3000-4000	6.975	0.01934372486287361	0.2281872066787876	0.004413990543222143	0.004413990543222143
chr1:499000-500000	8.1231	0.17633411661915355	0.07211866354114621	0.012716980827281973	0.012716980827281973
chr1:136000-137000	7.8154	0.4094737485175903	0.2109322299456312	0.08637121087901192	0.08637121087901192
chr4:277000-278000	7.0185	0.37961681373273026	0.3515243680290732	0.1334445605406084	0.1334445605406084
chr2:441000-442000	6.8591	0.13943414073395693	0.01839755212896846	0.0025652468727108972	0.0025652468727108972
chr3:301000-302000	7.798	0.36440881276175935	0.20714315299437436	0.07548479045440744	0.07548479045440744
chr3:325000-326000	6.8622	0.25013928940870117	0.1739567082073035	0.04351340737885167	0.04351340737885167
chr1:420000-421000	7.0715	0.004081734783821803	0.3847071404269149	0.0015702725166651574	0.0015702725166651574
chr4:418000-419000	8.1852	0.658501819375543	-0.05056257089521016	0.033295544926800764	0.033295544926800764
chr4:401000-402000	6.9983	0.39105230471359564	0.03341656265494866	0.013067623841823944	0.013067623841823944
chr3:136000-137000	7.1927	0.2582473536878044	0.006254792579841323	0.0016152836316101365	0.0016152836316101365
chr2:352000-353000	7.0454	0.008921173367384556	0.2288895378096958	0.0020419632487808184	0.0020419632487808184
chr1:64000-65000	8.0062	0.13361617111562155	0.5588164452910989	0.07466691377623884	0.07466691377623884
chr1:301000-302000	7.1447	0.0644556188764113	0.18277966268614046	0.011781176276456884	0.011781176276456884
chr3:35000-36000	6.8642	0.011487007531059785	0.2850157589276269	0.0032739781692723707	0.0032739781692723707
chr3:34000-35000	7.0737	0.2317185928771379	-0.044583580337095585	0.010330844501136622	0.010330844501136622
chr2:498000-499000	6.9864	0.16055293750200675	0.20828938938185268	0.03344147331575574	0.03344147331575574
chr1:117000-118000	6.9196	0.10117930716679004	0.30992436227326176	0.031357932248917864	0.031357932248917864
chr3:438000-439000	6.7458	0.49160428312415655	0.008865182138480754	0.004358161509952908	0.004358161509952908
chr4:343000-344000	7.521	0.6079478981701785	0.4523393516385586	0.27499875808832297	0.27499875808832297
chr4:93000-94000	7.0062	2.1952950477948727	0.09049066711202763	0.1986537133826886	0.1986537133826886
chr3:126000-127000	6.771	0.0030497790211359913	0.262288374255162	0.0007999215812912585	0.0007999215812912585
chr2:73000-74000	6.6719	0.17799068823479755	0.1207055762599734	0.021484468592290504	0.021484468592290504
chr1:456000-457000	6.6327	0.7563526129602199	0.04780454375349302	0.03615709157932561	0.03615709157932561
chr1:344000-345000	7.0868	0.709399020223931	0.1012335250981557	0.07181496351844638	0.07181496351844638
chr1:129000-130000	6.8109	0.2978087842578188	0.318251453128913	0.09477807834460579	0.09477807834460579
chr4:178000-179000	6.9749	0.2100597026864397	0.1044382240624466	0.021938262295657304	0.021938262295657304
chr4:68000-69000	8.0062	0.742849357170191	0.017837348933365305	0.013250463188770809	0.013250463188770809
chr4:259000-260000	7.8028	0.07046935877533611	0.2684358196050971	0.01891650007990299	0.01891650007990299
chr3:356000-357000	6.8772	0.26129050629444994	0.3564592065942218	0.09313940656432215	0.09313940656432215
chr1:46000-47000	7.4632	0.21299980780348265	0.4043602903157614	0.08612866412061762	0.08612866412061762
chr1:61000-62000	6.4354	0.09281800213036841	0.16019219013428385	0.01486871904515234	0.01486871904515234
chr1:391000-392000	7.0413	0.4160813699895015	0.3811733051930649	0.15859911102815683	0.15859911102815683
chr1:336000-337000	6.9179	0.09767380692807892	-0.1111729526524467	0.010858685512999539	0.010858685512999539
chr3:430000-431000	6.8049	0.5833685902039606	0.19669477039935945	0.11474555090836604	0.11474555090836604
chr2:380000-381000	7.0751	0.6422449714309018	0.25124903479289395	0.16136342917260382	0.16136342917260382
chr3:168000-169000	7.1165	0.6583864476714876	0.1593027532897554	0.10488277384272944	0.10488277384272944
chr4:27000-28000	7.1299	0.16019393612288793	0.35626313435296436	0.057071193787478616	0.057071193787478616
chr4:450000-451000	6.4794	0.58257660988683	0.07356165016373106	0.042855296770067414	0.042855296770067414
chr2:412000-413000	6.8984	0.06662706847503258	-0.0853104472819659	0.0056839850126911996	0.0056839850126911996
chr4:380000-381000	6.4944	0.43056267334377907	0.012516603314143532	0.005389182184121244	0.005389182184121244
chr1:223000-224000	8.167	1.3362648128768149	0.09607023147919824	0.12837526989058312	0.12837526989058312
chr1:229000-230000	6.7915	0.032578083726819126	0.1918311290809152	0.006249490584608303	0.006249490584608303
chr4:488000-489000	6.8798	0.1469375421943131	0.19437487653882604	0.02856096662293815	0.02856096662293815
chr2:255000-256000	6.9061	0.3981381094869339	0.42520851607393106	0.16929171472741947	0.16929171472741947
chr1:393000-394000	6.6967	0.2024803928406337	0.22856380325979275	0.046279688673192154	0.046279688673192154
chr4:439000-440000	7.2597	0.14276991389776306	0.09713473882320241	0.01386791829827031	0.01386791829827031
chr3:337000-338000	6.6005	0.6218444754553533	0.35458816114764313	0.22049868907153441	0.22049868907153441
chr4:43000-44000	8.0863	0.3208458875944447	0.35045584681436937	0.11244231723381909	0.11244231723381909
chr3:357000-358000	6.9607	0.04664660073268853	-0.05646056111483966	0.002633693251467485	0.002633693251467485
chr4:463000-464000	6.998	0.015259649946172842	0.11644983577340162	0.0017769837301914242	0.0017769837301914242
chr2:389000-390000	6.8244	0.010022580567706323	0.5798581400357515	0.005811674926348655	0.005811674926348655
chr3:141000-142000	6.4483	0.15611859233368666	0.1968655585092892	0.03073437387345526	0.03073437387345526
chr4:457000-458000	6.7453	0.12798600450303713	0.33337307371817093	0.04266708771408515	0.04266708771408515
chr4:308000-309000	7.3538	0.2000982796984613	0.031737334571616815	0.006350586049995027	0.006350586049995027
chr2:11000-12000	6.8699	0.23173570461067056	0.305919282366399	0.07089242045316815	0.07089242045316815
chr4:429000-430000	8.4421	0.31282824478576987	0.37861191740378713	0.11844050157640161	0.11844050157640161
chr3:402000-403000	7.7046	0.375484933059922	0.2048749794331793	0.07692746793812022	0.07692746793812022
chr4:267000-268000	6.9179	0.04070221842898365	0.3208390752492764	0.013058862121349171	0.013058862121349171
chr4:310000-311000	7.5559	0.19761970329724202	0.19401584243724324	0.038341353217412465	0.038341353217412465
chr2:413000-414000	7.0524	0.14516215260640142	-0.010635934939238284	0.0015439352107614647	0.0015439352107614647
chr3:318000-319000	6.5187	0.3762600937508117	-0.037364196103545966	0.014058655928843918	0.014058655928843918
chr2:377000-378000	7.2699	0.14763784154500406	0.3225255517146472	0.047616976298262094	0.047616976298262094
chr2:288000-289000	7.7375	0.6657875086574712	0.03721420144639695	0.024776750467673886	0.024776750467673886
chr1:233000-234000	7.4285	0.9887108191541689	0.15931457880006752	0.15751604770861616	0.15751604770861616
chr1:326000-327000	6.7981	1.2292749084092334	0.008471633533837869	0.010413966536385136	0.010413966536385136
chr3:243000-244000	6.6246	0.09827850697126699	0.3422762814895296	0.03363840191646807	0.03363840191646807
chr2:94000-95000	6.8496	0.016125586103574355	0.2780752824615462	0.0044841269106094235	0.0044841269106094235
chr3:478000-479000	6.744	0.5786348850495596	0.26391546964750956	0.15271069744228724	0.15271069744228724
chr4:225000-226000	7.0024	0.3896640103117783	0.09614738386493088	0.03746517517779493	0.03746517517779493
chr2:205000-206000	6.8073	0.33824924346263596	0.10114410876670327	0.03421191827103995	0.03421191827103995
chr2:304000-305000	7.0784	0.3925451171574799	0.14916875818265218	0.058555467657044995	0.058555467657044995
chr4:427000-428000	7.5458	0.586359920045752	0.22849862910562568	0.13398243789293862	0.13398243789293862
chr3:320000-321000	6.6441	0.03682181927299968	0.03533407730237262	0.0013010650086061645	0.0013010650086061645
chr2:114000-115000	6.8437	0.20775415251814186	0.09757408072226484	0.020271420448190896	0.020271420448190896
chr2:374000-375000	7.127	0.37611949465222955	0.24806476894201476	0.09330199553549268	0.09330199553549268
chr4:348000-349000	6.8744	0.12301987869188472	0.21260588135748015	0.026154749733778442	0.026154749733778442
chr2:297000-298000	6.7419	1.1627549361480678	0.3593535051084381	0.41784006188694633	0.41784006188694633
chr4:297000-298000	7.5995	0.4083079118588975	0.3819499046375297	0.15595316799725478	0.15595316799725478
chr1:138000-139000	6.803	0.114505085528694	-0.08158358904177992	0.009341735840966833	0.009341735840966833
chr4:230000-231000	7.1333	0.007871183092831417	0.17767287272568294	0.0013984957118531836	0.0013984957118531836
chr2:298000-299000	6.9943	0.2422106856831772	0.2351514858275449	0.05695620262170757	0.05695620262170757
chr4:32000-33000	6.8607	0.15493457340843073	0.34316436148789287	0.0531680239561032	0.0531680239561032
chr4:377000-378000	6.8386	0.13210732580310747	0.28245247794353895	0.03731404152758212	0.03731404152758212
chr4:8000-9000	6.8745	0.41291862006888264	0.4702145148899732	0.1941603286247268	0.1941603286247268
chr4:202000-203000	6.9769	0.18063732913215885	0.2663745019351895	0.04811717857848172	0.04811717857848172
chr3:69000-70000	6.6056	0.5239270217785162	0.03963098533728082	0.020763744117909586	0.020763744117909586
chr2:131000-132000	7.0228	0.14159177151579647	0.20086121702066598	0.028440295546774946	0.028440295546774946
chr1:274000-275000	7.1802	0.731175752650795	0.3204171253872231	0.23428123281720703	0.23428123281720703
chr2:97000-98000	7.3616	0.20903837259161148	-0.08881873275053404	0.0185665233498209	0.0185665233498209
chr1:140000-141000	8.1231	0.10147660340222027	0.08766009601093432	0.008895448797102133	0.008895448797102133
chr2:88000-89000	7.6324	0.13213339898457635	0.28239913191753996	0.03731435717055832	0.03731435717055832
chr2:126000-127000	6.9398	0.1978432465156695	0.06368786286354122	0.012600213552567739	0.012600213552567739
chr2:494000-495000	7.3854	0.7192749879999215	0.1818307811083725	0.13078633289974098	0.13078633289974098
chr3:364000-365000	7.1731	0.8672154599330718	0.3361231379332208	0.2914911816569054	0.2914911816569054
chr1:447000-448000	6.9345	0.22027504423019872	-0.053501582510340484	0.011785063453850877	0.011785063453850877
chr2:391000-392000	7.246	0.6895796987036	0.17347665863397432	0.11962598199292329	0.11962598199292329
chr2:471000-472000	7.5844	0.06520770453314402	0.22957696157084392	0.01497018667772855	0.01497018667772855
chr2:304000-305000	6.8941	0.33517883966815626	0.08408384097584307	0.02818312425312485	0.02818312425312485
chr1:433000-434000	6.8574	0.3261110228363005	-0.03409104805493929	0.011117466550757724	0.011117466550757724
chr4:491000-492000	6.9724	0.10945626343037863	0.47307726503293723	0.05178126974436823	0.05178126974436823
chr2:369000-370000	6.9196	0.31655214893494055	0.3051149010808228	0.09658477760920627	0.09658477760920627
chr1:301000-302000	7.0268	0.10099508417966235	0.3099590173808226	0.0313043370526216	0.0313043370526216
chr4:457000-458000	6.5867	0.12723705050056996	0.138611381759339	0.017636503380866798	0.017636503380866798
chr3:315000-316000	6.5246	0.2391035547904558	0.441329941886605	0.10552355794055254	0.10552355794055254
chr3:164000-165000	7.2403	0.886166666164236	0.18853323091572527	0.16707186470176033	0.16707186470176033
chr3:310000-311000	6.9196	0.026781355206390106	0.08669246339843834	0.00232174165599055	0.00232174165599055
chr2:199000-200000	7.7375	0.42361420805106537	0.1959873131638793	0.08302301045397287	0.08302301045397287
chr3:346000-347000	6.8102	0.09345657387636554	0.4184492707969377	0.039106835189745295	0.039106835189745295
chr4:306000-307000	7.9043	0.6865955161582652	0.24647563897998842	0.1692290685659034	0.1692290685659034
chr4:85000-86000	7.1632	0.06619513486833206	0.299165416652176	0.019803295103231543	0.019803295103231543
chr2:93000-94000	7.0788	0.15765173702117521	0.4828985503824231	0.0761297952727965	0.0761297952727965
chr3:66000-67000	6.5003	0.04867702975296049	-0.035021263668760294	0.0017047310935905191	0.0017047310935905191
chr2:105000-106000	7.2597	0.10536841253807495	-0.044050738130012285	0.004641556347889843	0.004641556347889843
chr4:421000-422000	6.7716	0.4116607898936218	0.5033885345854222	0.20722532177082767	0.20722532177082767
chr1:470000-471000	6.8229	0.4241480448444758	0.3786628782160215	0.16060911945050738	0.16060911945050738
chr3:105000-106000	6.8277	0.041888291309826	0.07720924600098822	0.0032341633883014127	0.0032341633883014127
chr2:364000-365000	7.4419	0.49461328379554986	-0.0003793606252919801	0.00018763680461839942	0.00018763680461839942
chr4:61000-62000	7.7821	0.22496581779533606	0.3086204838971746	0.06942905954832022	0.06942905954832022
chr4:273000-274000	6.7709	0.07965391122058647	0.13852981343097004	0.011034441460434896	0.011034441460434896
chr3:188000-189000	6.6871	0.15368907924622816	0.31750380657860466	0.04879686769023827	0.04879686769023827
chr1:41000-42000	7.3081	0.23523974072591888	0.3015812782025275	0.07094390169215378	0.07094390169215378
chr4:385000-386000	6.7549	0.24757664587014258	0.038067438254085595	0.009424608679815268	0.009424608679815268
chr3:439000-440000	6.9337	0.32528885742129976	0.3681272665471713	0.11974769792075562	0.11974769792075562
chr3:153000-154000	7.4135	0.007552119637051217	0.1213575885635182	0.000916507027695728	0.000916507027695728
chr2:466000-467000	6.9983	0.07732347936480106	0.3636723638803253	0.028120412524048757	0.028120412524048757
chr4:164000-165000	6.6958	0.09325051892164217	0.15638941702932788	0.014583394291837927	0.014583394291837927
chr2:478000-479000	7.1272	0.07736789040596499	0.19641973939929075	0.01519658087141253	0.01519658087141253
chr1:149000-150000	7.2403	0.5207461248027678	-0.11953503936803767	0.06224740852905191	0.06224740852905191
chr1:298000-299000	7.0936	0.16089799705020033	0.18064488273053245	0.029065399808710993	0.029065399808710993
chr3:30000-31000	6.8558	0.10325306348645248	0.07225067384984102	0.007460103413956607	0.007460103413956607
chr2:396000-397000	7.1794	0.023559457983321708	0.15913849750944692	0.003749216745602761	0.003749216745602761
chr3:360000-361000	6.904	0.028178576699948298	0.3850586417504289	0.010850404470542375	0.010850404470542375
chr2:73000-74000	6.8518	0.028194621913500313	-0.026506181797787798	0.000747331774159131	0.000747331774159131
chr2:4000-5000	7.2072	0.1267513045618608	0.1669192656265194	0.021157234674669102	0.021157234674669102
chr4:167000-168000	7.4325	0.2484594988829804	0.3626297366065314	0.09009880263732598	0.09009880263732598
chr4:160000-161000	7.3538	1.5644277009550571	0.23154545603329932	0.3622361254487647	0.3622361254487647
chr2:96000-97000	6.995	0.023088582277145008	0.2713382653892874	0.00626481586537837	0.00626481586537837
chr2:52000-53000	6.791	0.027127616305029925	-0.06203435370183319	0.0016828441449538436	0.0016828441449538436
chr2:418000-419000	6.777	0.1791239242198055	0.23842559085414172	0.04270772746821963	0.04270772746821963
chr3:214000-215000	7.1306	0.10141763953535013	0.37899665088906886	0.03843694572497252	0.03843694572497252
chr4:340000-341000	6.7981	0.05221655099690317	0.12311988340301751	0.006428895670446436	0.006428895670446436
chr1:168000-169000	6.9144	0.7085629513328296	0.07977086148431878	0.05652267704369126	0.05652267704369126
chr1:13000-14000	9.1348	0.07930283122387771	0.14792202573316066	0.011730635441010936	0.011730635441010936
chr4:83000-84000	6.7541	0.6121237745041561	0.3156203329981957	0.1931987095451142	0.1931987095451142
chr1:445000-446000	7.1165	0.05400039777297915	-0.055285334502750305	0.0029854300541607252	0.0029854300541607252
chr1:425000-426000	6.8449	0.18122030991497287	0.11579930053366912	0.0209851851306486	0.0209851851306486
chr2:349000-350000	7.1625	0.0168901583553929	0.1587796542870968	0.0026818135045236047	0.0026818135045236047
chr3:88000-89000	6.7555	0.11391106165184196	-0.13018652101763772	0.01482968482187895	0.01482968482187895
chr3:340000-341000	7.0035	0.45198213739360926	-0.09973609225668079	0.04507893215346078	0.04507893215346078
chr3:289000-290000	6.9465	0.04004452652860888	0.4147886260911128	0.016610014141270796	0.016610014141270796
chr1:332000-333000	6.8608	0.34976969468956376	0.0685805409264208	0.023987394861479334	0.023987394861479334
chr4:58000-59000	7.3975	0.06244912742791787	0.07132997111538669	0.004454494455614484	0.004454494455614484
chr4:180000-181000	7.2419	0.031170217088500592	0.47868928413915246	0.014920848904556326	0.014920848904556326
chr2:491000-492000	6.6579	0.22998214868039768	0.3739420382637922	0.08599999344183441	0.08599999344183441
chr3:343000-344000	7.0697	0.5112963327534851	0.008280028972225129	0.004233548448591316	0.004233548448591316
chr2:209000-210000	7.0549	0.01681618986761074	0.23880652002107494	0.004015815782297781	0.004015815782297781
chr4:494000-495000	6.209	0.494354244816686	0.09797458974496613	0.04843415432459736	0.04843415432459736
chr1:355000-356000	6.9094	0.8234886184474631	0.201989696462596	0.16633621608060561	0.16633621608060561
chr3:410000-411000	9.4036	0.4973167556547511	0.3129383997931746	0.15562950970493103	0.15562950970493103
chr4:277000-278000	7.1199	0.018538735466670314	0.32321009704876397	0.005991906489343874	0.005991906489343874
chr4:67000-68000	7.1025	0.03986549463102147	0.1501468289721553	0.005985677604254357	0.005985677604254357
chr2:439000-440000	6.8312	0.8207431694169588	0.35657689922106184	0.2926580544075658	0.2926580544075658
chr3:348000-349000	6.5005	0.14843052439441365	0.24655139299174306	0.03659575255193758	0.03659575255193758
chr1:298000-299000	8.0062	0.2642800936845628	0.09241809841498101	0.024424263707260325	0.024424263707260325
chr2:349000-350000	6.7771	0.03874417753248826	0.14673251518353375	0.00568503061805936	0.00568503061805936
chr3:91000-92000	7.0607	0.27414641812036994	0.00505434952063763	0.001385631817011215	0.001385631817011215
chr4:369000-370000	7.9506	0.07714920356108514	0.36381544415290007	0.028068071759618687	0.028068071759618687
chr3:437000-438000	6.8607	0.7210091531415171	-0.021469546243270243	0.01547973935519292	0.01547973935519292
chr3:151000-152000	7.5736	0.022386909334381803	0.20933897844939983	0.004686452730698821	0.004686452730698821
chr1:22000-23000	7.4697	0.1496884230534383	0.07813022244769324	0.011695189791009548	0.011695189791009548
chr4:357000-358000	7.7821	0.25887625121799274	0.20059624347757737	0.05192960351988696	0.05192960351988696
chr2:472000-473000	7.0697	0.2902762606256812	0.28887169761810744	0.08385259618517672	0.08385259618517672
chr2:193000-194000	7.0138	0.5812267792743396	-0.00012411385074864723	7.213829373397232e-05	7.213829373397232e-05
chr3:119000-120000	6.9738	0.36539672875829105	0.15744087433200835	0.05752838045376104	0.05752838045376104
chr1:420000-421000	6.8751	0.002948253751340921	0.21001431880315846	0.00061917550324672	0.00061917550324672
chr1:381000-382000	7.0035	0.0014689302035419583	0.08068291461995172	0.00011851757019504412	0.00011851757019504412
chr1:269000-270000	14.48	0.03370832596221341	0.19075729328115915	0.006430109021590855	0.006430109021590855
chr3:354000-355000	6.9196	0.21442341179841448	0.38435754595214233	0.08241525635352423	0.08241525635352423
chr3:308000-309000	7.8154	0.5403601397106644	0.18413181866118272	0.09949749525693542	0.09949749525693542
chr3:54000-55000	7.0557	0.0010989035967164562	0.44463847064354467	0.0004886148146286957	0.0004886148146286957
chr3:151000-152000	6.8798	0.1643372705047753	0.09709253644472302	0.015955922425711203	0.015955922425711203
chr4:255000-256000	8.3923	0.309316703491763	0.10741816300280578	0.03322623207516874	0.03322623207516874
chr4:486000-487000	6.777	0.016130119733015456	0.30318994580771425	0.004890490127724898	0.004890490127724898
chr1:498000-499000	7.4525	0.19795216395591736	0.10805250930939658	0.02138922803866196	0.02138922803866196
