Gene1	Gene2	Type	Strength	Correlation	Score	Source	Region
7.0361	6.9383	TF_regulation	0.1790262082141199	0.2274085442062585	0.040712089384739525	TF_to_gene	
7.0361	7.2342	TF_regulation	0.4363408645474819	0.3349278538735656	0.1461427093202243	TF_to_gene	
7.0361	9.4036	TF_regulation	0.2122345657556806	0.2039736264608298	0.043290254037525615	TF_to_gene	
7.0361	7.0138	TF_regulation	1.0260564224384563	0.3255605394733565	0.334043482419166	TF_to_gene	
7.6587	8.5945	TF_regulation	0.036961463434506	0.1395014533576705	0.0051561778673399825	TF_to_gene	
7.6587	6.7804	TF_regulation	0.1758689906150494	0.5597622649694104	0.09844482452456403	TF_to_gene	
7.6587	6.802	TF_regulation	0.21516322533344	0.436053075859096	0.09382258621841028	TF_to_gene	
7.6587	8.0338	TF_regulation	0.1024035775549998	0.5315629684048019	0.054433949660407044	TF_to_gene	
7.6587	6.9196	TF_regulation	0.0956464407275109	0.3565087052213586	0.03409878874279633	TF_to_gene	
7.6587	7.1855	TF_regulation	0.7227518996118579	0.1584294646513633	0.11450519653126251	TF_to_gene	
6.891	7.0387	TF_regulation	0.0533807007842031	0.3214320455564486	0.017158267846303123	TF_to_gene	
6.891	6.6873	TF_regulation	0.9217054509581866	0.5393381635309276	0.49711092523623374	TF_to_gene	
7.2312	7.0734	TF_regulation	0.169580835284943	0.0941256983635856	0.015961914550275437	TF_to_gene	
7.2312	8.375	TF_regulation	0.4854955025691306	0.0294659428312931	0.014305582723551914	TF_to_gene	
7.2312	7.6232	TF_regulation	0.203270317391417	0.1741473212614422	0.03539898126567841	TF_to_gene	
7.2312	7.4325	TF_regulation	0.0354007532067943	0.6067455419832999	0.021479249191073448	TF_to_gene	
6.7822	7.1151	TF_regulation	1.3094964595202687	0.313498736249455	0.41052548518273985	TF_to_gene	
6.7822	7.1123	TF_regulation	0.0771593351901143	0.3890172942706803	0.03001631580338275	TF_to_gene	
6.7822	6.7913	TF_regulation	0.2346405398774157	0.1935375468140419	0.045411754470997406	TF_to_gene	
6.7822	7.1023	TF_regulation	0.0455191288021007	0.5390278359666871	0.02453607749328524	TF_to_gene	
6.7822	6.8697	TF_regulation	0.4068500491944789	0.3803121216775437	0.1547300054137653	TF_to_gene	
6.7822	7.521	TF_regulation	0.0962605822760085	0.3936631169878276	0.03789424086183674	TF_to_gene	
7.4419	6.7182	TF_regulation	0.3703427719988912	0.1652151306540809	0.0611862294625913	TF_to_gene	
7.4419	7.9835	TF_regulation	0.4563923269333777	-0.0050555069032133	0.002307294559385272	TF_to_gene	
7.4419	6.777	TF_regulation	0.5291427160727148	0.0792724257501203	0.041946426671091275	TF_to_gene	
7.4419	7.3616	TF_regulation	1.120440542708547	0.3271264017551906	0.36652568311687994	TF_to_gene	
7.4419	7.0731	TF_regulation	0.0387853662629699	0.5021404329172221	0.019475700606140726	TF_to_gene	
7.4419	8.5113	TF_regulation	0.2057185800326731	0.4498087889052078	0.09253402533979575	TF_to_gene	
6.7521	7.6324	TF_regulation	0.0924484385138558	0.6139732872519934	0.056760871695665835	TF_to_gene	
6.7521	6.8892	TF_regulation	1.3651135311510123	0.3137274096855431	0.428273532054692	TF_to_gene	
6.7521	6.8968	TF_regulation	1.1995597600774015	0.1721538877439735	0.20650887627855277	TF_to_gene	
6.7521	7.5236	TF_regulation	0.1705192907059875	0.1218220776115882	0.02077301426665778	TF_to_gene	
6.7521	7.5484	TF_regulation	0.2366476652788393	0.4865487216691158	0.11514061902740005	TF_to_gene	
6.7521	6.9418	TF_regulation	0.0871051292693454	-0.1466557638711529	0.012774469270091368	TF_to_gene	
6.7521	7.1927	TF_regulation	0.587606292773439	0.1975189570751764	0.11606338211942042	TF_to_gene	
6.7521	6.67	TF_regulation	0.3499299609455716	0.1204024716911222	0.04213243221662468	TF_to_gene	
6.7521	7.0338	TF_regulation	0.7958986178905575	0.4580757050085705	0.364581820505564	TF_to_gene	
6.7521	6.7376	TF_regulation	0.0846670859320298	0.5601053717192013	0.04742248963834111	TF_to_gene	
6.7521	6.6933	TF_regulation	0.3959816296030758	0.2558714499768456	0.1013203937307332	TF_to_gene	
6.7521	7.6232	TF_regulation	0.2668053979617064	0.1515503972867595	0.04043446405934858	TF_to_gene	
6.7521	6.7458	TF_regulation	0.020312798281795	0.2731688715815471	0.005548824185301529	TF_to_gene	
6.9829	7.2874	TF_regulation	0.5857901071011685	0.3824218322040573	0.22401892604463983	TF_to_gene	
6.9829	7.2968	TF_regulation	0.9083835706038572	0.4442185592972192	0.40352084102290925	TF_to_gene	
6.9829	6.67	TF_regulation	0.0875539862545435	0.2343769333662915	0.020520634802334344	TF_to_gene	
7.0715	6.8332	TF_regulation	0.0771948266115476	0.3075252647690037	0.02373935949251351	TF_to_gene	
7.0715	7.3538	TF_regulation	1.3460900297228664	0.2452998036400069	0.3301956199727902	TF_to_gene	
7.0715	8.4123	TF_regulation	0.5482280565637971	-0.1066001471340095	0.05844119149269286	TF_to_gene	
7.186	7.7121	TF_regulation	0.3483972876526858	0.7224699418971507	0.2517065681675608	TF_to_gene	
7.186	7.2507	TF_regulation	0.2878121361736433	0.5522927969732366	0.1589565696901835	TF_to_gene	
7.186	7.4209	TF_regulation	0.1691276723370338	0.1153387796298932	0.019506979328997923	TF_to_gene	
7.186	7.1546	TF_regulation	0.143766112793625	0.0847046380045741	0.012177656541508776	TF_to_gene	
7.186	7.2165	TF_regulation	0.5939182093613475	0.2041196572588011	0.12123038133459914	TF_to_gene	
7.186	6.84	TF_regulation	0.4788698069062052	-0.1848500647874401	0.08851911483136095	TF_to_gene	
7.1048	6.8496	TF_regulation	0.1294503803003633	0.2243090692845085	0.029036894323700164	TF_to_gene	
7.1048	7.2677	TF_regulation	1.276956805968356	-0.046052546096869	0.05880711217056832	TF_to_gene	
7.1048	7.521	TF_regulation	0.3485129272307533	0.5667771491001146	0.19752916332038203	TF_to_gene	
7.1048	7.0784	TF_regulation	0.4645249594014763	0.171777147955071	0.07979477267993075	TF_to_gene	
7.1048	7.182	TF_regulation	0.3515308881561039	0.8648661182006092	0.3040271546671821	TF_to_gene	
7.1048	7.032	TF_regulation	0.0970423826779763	0.3359244545263847	0.03259890946703987	TF_to_gene	
6.8277	6.9362	TF_regulation	0.3024478547320847	0.5690295240904829	0.17210175884038567	TF_to_gene	
6.8277	6.7497	TF_regulation	0.5551509329235709	0.1000243851568913	0.05552863073495478	TF_to_gene	
6.8277	6.8223	TF_regulation	2.339546090500896	-0.0058445029453081	0.013673484016616536	TF_to_gene	
6.8277	6.7106	TF_regulation	0.1422549460200207	0.5441281397384325	0.07740491914646501	TF_to_gene	
6.8277	6.8606	TF_regulation	0.1367076401977804	0.3045765754691806	0.041637944891912845	TF_to_gene	
6.8277	6.9864	TF_regulation	0.2682544472826357	0.2221498152866072	0.05959267591364843	TF_to_gene	
6.777	7.9835	TF_regulation	0.948518638049875	0.7762890775352222	0.7363246585567028	TF_to_gene	
6.777	7.1802	TF_regulation	0.9363351203609924	0.5085062546253999	0.47613226512899126	TF_to_gene	
6.777	7.284	TF_regulation	0.951161717466158	0.2099291085585007	0.19967653144264305	TF_to_gene	
6.777	6.9418	TF_regulation	0.2757635133254399	-0.1250189802775269	0.034475673233694694	TF_to_gene	
6.777	6.9276	TF_regulation	2.927051726295144	0.3634905893834052	1.0639557571467357	TF_to_gene	
6.777	6.8607	TF_regulation	0.7401069533322301	0.2331542442736128	0.17255907738582213	TF_to_gene	
6.7691	7.1277	TF_regulation	0.5230503040168836	0.4425519557907486	0.23147693501961747	TF_to_gene	
6.7691	6.6327	TF_regulation	0.5072900683197585	0.2480032149494589	0.12580956785523076	TF_to_gene	
6.7691	7.4963	TF_regulation	0.5961986687749041	0.3056856527423437	0.18224937922857296	TF_to_gene	
6.7691	6.7915	TF_regulation	0.2358359428934184	-0.0023574291937871	0.0005559665367212518	TF_to_gene	
6.7691	7.2791	TF_regulation	0.1139005612882441	0.4069941344727539	0.04635686035746977	TF_to_gene	
6.7691	8.5113	TF_regulation	0.2080493507067272	-0.0749456561122816	0.015592395092449848	TF_to_gene	
6.7691	9.2627	TF_regulation	0.3617305141425589	0.2569187744058013	0.0929353603586866	TF_to_gene	
7.4025	6.7904	TF_regulation	0.0317392676718039	0.2719433933285263	0.008631284152432746	TF_to_gene	
7.4025	7.0914	TF_regulation	0.2056694758269365	0.1949682938603478	0.04009902680112986	TF_to_gene	
7.4025	8.1795	TF_regulation	0.6328124562444947	0.1550191936350413	0.09809807668923141	TF_to_gene	
7.4025	7.0138	TF_regulation	0.3966075126193598	0.1208908230565387	0.04794620863096096	TF_to_gene	
7.4025	6.8642	TF_regulation	0.0780434905703618	0.1974130796442994	0.015406805819685966	TF_to_gene	
7.4025	7.9835	TF_regulation	0.2609161611766898	0.3977226192832915	0.10377225903653452	TF_to_gene	
7.4025	7.9494	TF_regulation	0.2197348836977376	0.310315817905274	0.0681872101569837	TF_to_gene	
7.327	7.5236	TF_regulation	0.0067569084027482	0.5939361194407433	0.004013171956144817	TF_to_gene	
7.327	9.9524	TF_regulation	0.2748318065083178	0.7006413898538688	0.1925585388880373	TF_to_gene	
7.327	6.8535	TF_regulation	0.0448261857161145	0.3445645267717004	0.015445513468253349	TF_to_gene	
7.327	7.8162	TF_regulation	0.3089463649288189	0.0648172968660744	0.02002506825128581	TF_to_gene	
7.327	7.2699	TF_regulation	0.6303661896428128	0.4541002036784203	0.286249415108791	TF_to_gene	
6.6822	6.8892	TF_regulation	0.5363026145658042	0.3737233553886621	0.2004288126192447	TF_to_gene	
6.6822	6.8496	TF_regulation	0.7493753205441988	-0.0726439867476963	0.05443761085466344	TF_to_gene	
6.6822	7.1483	TF_regulation	0.1937444840510743	0.0399747913584798	0.007744895326798012	TF_to_gene	
6.6822	7.8576	TF_regulation	0.1469234039197159	0.146855345339459	0.0215764872210787	TF_to_gene	
6.6822	7.9043	TF_regulation	1.4866317576042851	0.0955804424986778	0.14209292122440467	TF_to_gene	
6.6822	7.2304	TF_regulation	0.6405143655334483	0.3804713652642484	0.24369737512587494	TF_to_gene	
6.6822	7.0592	TF_regulation	0.6401051117178751	0.1294361207855472	0.08285272255576107	TF_to_gene	
6.6822	6.5664	TF_regulation	0.2621171290852531	0.3777317044737361	0.09900994994113496	TF_to_gene	
6.6822	7.182	TF_regulation	0.056447934569589	0.4040336197892033	0.02280686333377515	TF_to_gene	
6.6822	7.1794	TF_regulation	0.3538299276828979	0.5122750673258369	0.18125825002565255	TF_to_gene	
6.8412	6.9947	TF_regulation	0.3525930078589996	0.110978226777396	0.039130146786300224	TF_to_gene	
6.8412	7.3804	TF_regulation	0.2695342492455715	0.2496305789341298	0.06728399068174805	TF_to_gene	
6.8412	6.8558	TF_regulation	0.0377727049768694	0.2634395135187265	0.009950823023392855	TF_to_gene	
7.7375	6.9991	TF_regulation	0.041708505742605	0.1255400355878982	0.005236087295244688	TF_to_gene	
7.7375	8.0477	TF_regulation	0.1387535477426206	0.3322231917712355	0.04609714650063593	TF_to_gene	
7.7375	6.9094	TF_regulation	1.315329777428708	0.6074275621763601	0.7989675601614944	TF_to_gene	
7.7375	7.242	TF_regulation	0.2799654010722795	0.2704367469848458	0.07571293233429494	TF_to_gene	
7.7375	6.803	TF_regulation	1.9375630408123703	0.5141825886749174	0.9962611800457492	TF_to_gene	
7.7375	6.9317	TF_regulation	1.6073719539890283	0.4505696662400542	0.7242330448324602	TF_to_gene	
7.7375	8.4421	TF_regulation	0.9406606362378984	0.2333370010983992	0.2194909319110634	TF_to_gene	
7.7375	7.7912	TF_regulation	0.1182919835303047	0.1689187920790784	0.019981738970577305	TF_to_gene	
7.7375	7.1619	TF_regulation	0.906115965391953	0.3381265191262421	0.3063818373026955	TF_to_gene	
7.5995	6.9727	TF_regulation	0.0178045154883899	0.1220310458117716	0.002172703645220105	TF_to_gene	
7.5995	6.9646	TF_regulation	1.2004316334566394	0.1078440883510219	0.12945945513785936	TF_to_gene	
7.5995	7.088	TF_regulation	0.5238304206459038	0.3783762524491169	0.19820499148284157	TF_to_gene	
6.6175	7.0175	TF_regulation	0.9151339073030156	0.093080408078669	0.08518103753839154	TF_to_gene	
6.6175	7.581	TF_regulation	0.2234390460802378	0.3631045881840506	0.08113174281120185	TF_to_gene	
6.6175	6.8449	TF_regulation	0.7660452083591067	0.2904282144694485	0.22248114206661201	TF_to_gene	
6.6175	8.5945	TF_regulation	1.1375050554649362	-0.0033325092571843	0.0037907461274308404	TF_to_gene	
6.6175	6.8109	TF_regulation	0.2653980781572181	0.2301476229304077	0.0610807368181823	TF_to_gene	
6.6175	7.9793	TF_regulation	0.6295523737723073	0.2363397971791331	0.1487882803309889	TF_to_gene	
6.6175	7.4548	TF_regulation	0.0238791960569995	0.1916758473381624	0.004577065137979485	TF_to_gene	
7.1474	6.7993	TF_regulation	0.9477374990904586	0.4897299792820206	0.4641354657943643	TF_to_gene	
7.1474	6.8253	TF_regulation	0.0652097499211391	0.1876307774164465	0.01223535607283539	TF_to_gene	
7.1474	7.7375	TF_regulation	0.1009286922614707	0.6158125092467286	0.062153151236527156	TF_to_gene	
7.1474	6.3792	TF_regulation	1.432090577710548	0.0443027786107535	0.06344559181485648	TF_to_gene	
7.2419	7.1725	TF_regulation	0.1011993107425149	0.02946863720307	0.002982205773471916	TF_to_gene	
7.2419	7.6232	TF_regulation	0.3387998417076132	0.285315903862379	0.09666498306523857	TF_to_gene	
7.2419	6.8573	TF_regulation	0.2066119589156971	-0.1107017822438794	0.02287231208486686	TF_to_gene	
7.1123	7.4156	TF_regulation	0.8920804957215533	0.1790842914587458	0.1597576035004611	TF_to_gene	
7.1123	6.5975	TF_regulation	0.043718897460368	0.2412091215571567	0.010545396851862775	TF_to_gene	
7.1123	6.7764	TF_regulation	1.0651116388123194	0.3401388250485849	0.362285821371195	TF_to_gene	
7.3695	7.2847	TF_regulation	0.1720055079344783	0.1442825906376576	0.0248174002887327	TF_to_gene	
7.3695	7.7801	TF_regulation	0.2087505559038983	0.4288129845914445	0.08951494891227381	TF_to_gene	
7.3695	8.5867	TF_regulation	1.6998241749789578	0.5590297088390686	0.9502522136160967	TF_to_gene	
7.3695	6.9864	TF_regulation	0.1536642596151221	0.3809882707630686	0.058544280548852606	TF_to_gene	
7.3695	6.8489	TF_regulation	0.117894661666789	0.4363986598508291	0.051449072354953634	TF_to_gene	
7.3695	8.177	TF_regulation	0.5712474955833469	0.5083465705309194	0.2903917053041709	TF_to_gene	
7.3695	7.0855	TF_regulation	0.4021897640083889	0.6270014331462839	0.25217355843002554	TF_to_gene	
6.8113	7.5266	TF_regulation	2.299872965732158	0.3882071669701525	0.8928271684181237	TF_to_gene	
6.8113	6.884	TF_regulation	0.5645389784980044	0.3380646654529136	0.19085068090105742	TF_to_gene	
6.8113	7.0643	TF_regulation	0.3879444051284315	0.3555123065819965	0.1379190102927892	TF_to_gene	
6.8113	7.1777	TF_regulation	0.0804888074344722	0.4995063539727128	0.04020467073720499	TF_to_gene	
6.8113	7.5046	TF_regulation	1.022548459184481	-0.0605959761632522	0.06196232205851307	TF_to_gene	
6.8113	7.0826	TF_regulation	0.1564486921538223	0.3316488438969594	0.05188602788200647	TF_to_gene	
6.8113	8.0247	TF_regulation	0.0970966069523868	0.0962390029350102	0.009344480641470285	TF_to_gene	
6.8113	6.904	TF_regulation	0.4712682920020715	0.1264905931249667	0.059611005776332014	TF_to_gene	
7.6232	6.8664	TF_regulation	0.5269999707406341	0.1474884312967878	0.07772639897798919	TF_to_gene	
7.6232	6.5003	TF_regulation	0.3355712943443716	0.5517435242108151	0.18514928856554835	TF_to_gene	
7.6232	6.7513	TF_regulation	0.2094472743439539	0.3279190049549986	0.06868174179340597	TF_to_gene	
7.6232	7.4325	TF_regulation	0.0956111927707966	0.4316269785382635	0.0412683702500984	TF_to_gene	
7.6232	6.6958	TF_regulation	0.3647703509428773	0.3153242270035001	0.11502092894485824	TF_to_gene	
7.6232	6.7106	TF_regulation	0.8916343315394769	0.3231668281909209	0.28814663882974473	TF_to_gene	
7.3854	7.2273	TF_regulation	0.2386903012214047	0.6248424326824867	0.14914382847289803	TF_to_gene	
7.3854	8.016	TF_regulation	0.5089200915229464	0.5042916208030753	0.25664413781335604	TF_to_gene	
7.3854	6.7092	TF_regulation	0.0340198968751865	0.4644684597375103	0.015801169102046812	TF_to_gene	
7.3854	7.1769	TF_regulation	0.7207298114183012	0.4396798242658802	0.31689035682757966	TF_to_gene	
7.3854	7.4541	TF_regulation	0.1725917646494285	0.5233958855280257	0.09033381949353224	TF_to_gene	
7.3854	8.2846	TF_regulation	0.3363684887032518	0.2855414680571028	0.09604715207247552	TF_to_gene	
7.3854	7.8165	TF_regulation	0.1397404653684448	0.1017611564750891	0.014220151362260082	TF_to_gene	
7.4285	8.167	TF_regulation	0.1572441552132382	0.4376873039749337	0.06882377036109824	TF_to_gene	
7.4285	7.2419	TF_regulation	0.3016751890372323	0.367956604427846	0.11100337819826854	TF_to_gene	
7.4285	8.1795	TF_regulation	0.7384175880534167	0.3974626326106632	0.29349339851372724	TF_to_gene	
7.4285	6.9094	TF_regulation	0.3544119971619681	0.4585480352611544	0.1625149249716023	TF_to_gene	
6.8984	6.9258	TF_regulation	0.2294567188427649	0.4263802935293573	0.09783582313246131	TF_to_gene	
6.8984	7.1151	TF_regulation	0.9352979225338384	0.1892516753764433	0.1770066988156358	TF_to_gene	
6.8984	7.7821	TF_regulation	0.115593448540414	0.5022959428123009	0.058062120217532445	TF_to_gene	
6.8984	7.2559	TF_regulation	0.0974345931045957	0.4840275597595941	0.047161028336586426	TF_to_gene	
6.8984	7.0228	TF_regulation	0.2843120479717634	0.2421018739008111	0.06883247958654122	TF_to_gene	
6.8984	8.5945	TF_regulation	0.2592540568712872	0.3147010814937319	0.08158753207903156	TF_to_gene	
6.8984	8.0514	TF_regulation	0.0841846121910776	0.5414198091324355	0.04557921666438134	TF_to_gene	
6.8984	7.1449	TF_regulation	0.371961292565198	0.3294958491245554	0.12255970193523708	TF_to_gene	
6.8984	8.4123	TF_regulation	0.0183234840676675	0.3167493565793424	0.005803951788725513	TF_to_gene	
6.8984	6.4042	TF_regulation	0.1987347480826556	0.2253298236702191	0.0447808657426102	TF_to_gene	
6.8984	6.9973	TF_regulation	0.4250952741393287	0.3943522159541163	0.16763726334846682	TF_to_gene	
6.8606	6.8174	TF_regulation	0.0786092359460751	0.1853705322756682	0.01457183590910753	TF_to_gene	
6.8606	7.0998	TF_regulation	1.2328799409729834	0.4522684713587024	0.5575927262726584	TF_to_gene	
6.8606	6.9825	TF_regulation	0.7299506660036889	0.5465295008763688	0.39893957315536904	TF_to_gene	
6.8606	7.9043	TF_regulation	0.3411060483536666	0.1911837377964838	0.06521392930924211	TF_to_gene	
6.8606	6.3792	TF_regulation	0.2987166698149618	0.0206034811311218	0.006154603270084107	TF_to_gene	
6.8606	7.0917	TF_regulation	1.2714844707982371	0.1837521605947711	0.2336380186718752	TF_to_gene	
6.8606	6.6056	TF_regulation	0.2620085950928796	0.3153342411229436	0.0826202815013018	TF_to_gene	
6.6246	7.0746	TF_regulation	0.1135484830037141	0.2164686288389576	0.024579684422557674	TF_to_gene	
6.6246	6.5945	TF_regulation	0.4325480589261204	0.1253049818783017	0.05420042668523209	TF_to_gene	
6.6246	7.0793	TF_regulation	0.4611073004545428	0.1080175497060645	0.049807680746677796	TF_to_gene	
6.6246	6.5812	TF_regulation	0.4584272089332487	0.3440644741971347	0.15772851659927822	TF_to_gene	
6.6246	6.6524	TF_regulation	0.2636019143761903	0.4520283364332703	0.11915553483609466	TF_to_gene	
6.6246	6.9462	TF_regulation	0.0610571043207242	0.5007315868744121	0.030573220736472752	TF_to_gene	
6.6246	7.0062	TF_regulation	0.0442485372750528	0.2496914105648907	0.011048479687641078	TF_to_gene	
6.6246	7.246	TF_regulation	0.3001584686297386	0.5349394264560653	0.16056659905472323	TF_to_gene	
6.6246	7.1731	TF_regulation	0.9412572169411548	0.0701992128668953	0.06607551573455359	TF_to_gene	
6.6246	6.6967	TF_regulation	0.1185028625271082	0.3870416725974028	0.04586554612007205	TF_to_gene	
6.6246	8.0831	TF_regulation	0.0031987950211956	0.2746949117404529	0.0008786927160231255	TF_to_gene	
6.634	7.0437	TF_regulation	0.5839692355875742	0.6705100632199357	0.39155724907232187	TF_to_gene	
6.634	6.8858	TF_regulation	0.0102938126741903	0.4200627583155415	0.004324047345503858	TF_to_gene	
6.634	6.9727	TF_regulation	0.5475780082956097	0.2090097094805051	0.11444912043177899	TF_to_gene	
6.634	7.2309	TF_regulation	0.434579327631706	0.2024740363971456	0.0879910306003491	TF_to_gene	
6.634	6.7691	TF_regulation	0.7823665593207906	0.4560883196267103	0.3568282493727504	TF_to_gene	
6.9423	7.1539	TF_regulation	0.4936707396337133	0.379935842471119	0.1875632083660753	TF_to_gene	
6.9423	6.6847	TF_regulation	0.7470477057735905	0.1239007235881836	0.09255975130024034	TF_to_gene	
6.9423	7.2309	TF_regulation	0.4983812871064003	0.4279502908216909	0.21328241675727264	TF_to_gene	
6.9423	6.7092	TF_regulation	0.7977134095699498	0.0366418882163455	0.029229725582141937	TF_to_gene	
6.9423	6.777	TF_regulation	1.400378966834657	0.0051514380338988	0.007213965471623958	TF_to_gene	
7.4861	6.6899	TF_regulation	0.2232139436233909	0.427279033334335	0.09537463805814721	TF_to_gene	
7.4861	6.8745	TF_regulation	0.3243162858861833	0.626728198080716	0.203258161461678	TF_to_gene	
7.4861	7.1625	TF_regulation	0.4039589336829227	0.5026754243291409	0.20306022840061044	TF_to_gene	
7.1149	6.6199	TF_regulation	0.6950974986941307	0.116060936247738	0.08067366648190165	TF_to_gene	
7.1149	7.5094	TF_regulation	0.9384084737927892	0.4309494438322934	0.4044066098685138	TF_to_gene	
7.1149	7.038	TF_regulation	0.1651520065130108	0.2888427546185954	0.047702960492006244	TF_to_gene	
7.1149	7.2084	TF_regulation	0.6575428472326014	0.5920211812495605	0.389279293140844	TF_to_gene	
7.1149	6.8643	TF_regulation	0.2401382378141643	0.4966952881125124	0.11927553121793735	TF_to_gene	
7.1149	7.1031	TF_regulation	0.0179702219094508	0.2119206713776	0.0038082614918552708	TF_to_gene	
7.1287	7.9043	TF_regulation	1.299213169626188	0.1945679529407194	0.252785246847791	TF_to_gene	
7.1287	6.995	TF_regulation	1.1535831490940458	0.5226420650088435	0.6029110792019167	TF_to_gene	
7.1287	9.9524	TF_regulation	0.7743821015097673	0.268497202441983	0.2079194278765162	TF_to_gene	
7.1287	6.8699	TF_regulation	0.2057298896568418	0.1554574263228431	0.031982239163735125	TF_to_gene	
7.1287	7.2791	TF_regulation	0.7689797811758369	0.639482445287717	0.49174907084313774	TF_to_gene	
7.1287	6.8111	TF_regulation	0.4611987395666688	0.1350035716656728	0.062263477089206744	TF_to_gene	
7.1287	6.8832	TF_regulation	1.8573801276619477	0.277475989854174	0.515378389458471	TF_to_gene	
7.1287	7.7691	TF_regulation	0.6429136805556758	0.4363846006434785	0.28055762973751747	TF_to_gene	
7.3081	7.6718	TF_regulation	0.3238675680098782	0.474822816363572	0.15377971077127106	TF_to_gene	
7.3081	7.4109	TF_regulation	0.0347690625191791	0.4470886572408317	0.015544853475222312	TF_to_gene	
7.3081	6.67	TF_regulation	0.114679955346035	-0.102298265092364	0.011731560472769156	TF_to_gene	
7.3081	6.8113	TF_regulation	0.0227021768836038	0.4858379123095421	0.011029578222012016	TF_to_gene	
7.3081	8.0062	TF_regulation	0.2303324123428934	0.0034173917644173	0.0007871360890189735	TF_to_gene	
7.1769	5.95	TF_regulation	0.1374233010828908	0.2988825732063633	0.041073429846167214	TF_to_gene	
7.1769	7.2805	TF_regulation	0.4757082419465845	0.2028976297401126	0.096520074738798	TF_to_gene	
7.1769	6.8213	TF_regulation	0.467963269836035	0.3259741334530295	0.15254392137264772	TF_to_gene	
7.1769	6.8984	TF_regulation	0.2345509438476523	0.451282909610489	0.10584883239145496	TF_to_gene	
7.1769	7.2847	TF_regulation	0.4016527263637525	0.4214967120033613	0.16929530352950747	TF_to_gene	
7.1769	7.0038	TF_regulation	0.0008532433614217	0.5639992897039345	0.0004812286497864363	TF_to_gene	
7.0582	6.7604	TF_regulation	0.0670275303093275	0.4446491960834395	0.029803737467500847	TF_to_gene	
7.0582	6.6579	TF_regulation	0.909760668281328	0.3069858267509557	0.2792836308978454	TF_to_gene	
7.0582	6.8033	TF_regulation	0.3681276316289472	0.0970075173542635	0.035711147613829014	TF_to_gene	
7.0582	6.8941	TF_regulation	1.7815729063438392	0.0409041469152298	0.07287371990128133	TF_to_gene	
7.0582	8.4123	TF_regulation	0.1377445613769634	0.4892671125729427	0.06739388381753336	TF_to_gene	
7.0582	7.9793	TF_regulation	0.0686252675459451	0.459643390714132	0.031543150663482684	TF_to_gene	
7.2791	7.4285	TF_regulation	0.36015033268171	0.5146760230277261	0.185360740916735	TF_to_gene	
7.2791	6.3792	TF_regulation	0.03612659888255	0.2359448676337456	0.008523885591400682	TF_to_gene	
7.2791	7.3329	TF_regulation	0.3211460039487719	0.0051508692303067	0.0016541810701756832	TF_to_gene	
7.2791	6.8488	TF_regulation	0.4166628627699689	0.2730612265698688	0.11377447237408063	TF_to_gene	
7.2791	7.6718	TF_regulation	0.0420283924180817	0.312233580523499	0.013122675448344326	TF_to_gene	
7.2791	6.8425	TF_regulation	0.0313949064722426	0.1930264765809305	0.0060600481789248395	TF_to_gene	
7.2791	6.7429	TF_regulation	0.6853705056563796	0.282056434241549	0.19331316095976583	TF_to_gene	
8.177	7.0018	TF_regulation	1.201509635807842	0.2366908593580515	0.2843863482263376	TF_to_gene	
8.177	7.6232	TF_regulation	0.5026839856833796	0.2581872036654983	0.12978657259101917	TF_to_gene	
8.177	7.4541	TF_regulation	0.0503797990476878	0.0723074817691391	0.0036428364011735774	TF_to_gene	
8.177	7.2304	TF_regulation	0.3965258227283031	-0.07793955731958	0.030905047089226197	TF_to_gene	
8.177	6.7555	TF_regulation	2.393318798711777	0.1857659967125611	0.4445972520936027	TF_to_gene	
8.177	7.0111	TF_regulation	0.0709201218100389	0.0434606754779266	0.003082236398841125	TF_to_gene	
8.177	6.6942	TF_regulation	0.4677540109491869	0.2722111298269331	0.1273278478015578	TF_to_gene	
8.177	6.8496	TF_regulation	0.1410695769504352	0.6529943708252889	0.0921176396433391	TF_to_gene	
8.177	7.4131	TF_regulation	0.4849621565380779	0.0450296857975394	0.021837693532606766	TF_to_gene	
8.5945	7.2469	TF_regulation	0.6023926243440182	0.3303638185487517	0.19900872764389357	TF_to_gene	
8.5945	7.4209	TF_regulation	0.1734639043568913	0.0132609754818773	0.0023003005826674446	TF_to_gene	
8.5945	7.1111	TF_regulation	0.1608258053519337	0.5242626040685011	0.08431495551521864	TF_to_gene	
8.5945	6.8622	TF_regulation	0.4483167651205778	0.5550827539894808	0.24885290464278553	TF_to_gene	
8.5945	8.6721	TF_regulation	0.3937303005270876	0.1048042581888916	0.04126461207323077	TF_to_gene	
8.5945	6.7915	TF_regulation	0.968931467398627	0.0507458014578554	0.04916920387087922	TF_to_gene	
8.5945	6.6005	TF_regulation	0.0168804748656492	0.0973561361114362	0.0016434178086458214	TF_to_gene	
8.5945	6.8663	TF_regulation	1.5153409868798386	1.0	1.5153409868798386	TF_to_gene	
8.5945	6.6579	TF_regulation	1.2848150924771855	0.7614694031813287	0.9783473816669661	TF_to_gene	
7.0035	7.0491	TF_regulation	0.5250725562432206	0.3673784729390896	0.1929003538948586	TF_to_gene	
7.0035	7.013	TF_regulation	1.392617496370453	0.6157712240746966	0.8575337804078732	TF_to_gene	
7.0035	7.8116	TF_regulation	1.8825384794573743	0.2700075954207458	0.5082996881253127	TF_to_gene	
7.0035	7.1556	TF_regulation	0.9816027977320718	0.4358384283848358	0.427820220661704	TF_to_gene	
7.0035	6.9607	TF_regulation	1.199406489949619	0.0729679740628349	0.08751826164943964	TF_to_gene	
7.0035	6.7274	TF_regulation	0.2032000397872327	0.2378321703450003	0.04832750647678796	TF_to_gene	
7.0035	6.7376	TF_regulation	0.728978043913296	0.2743897642540644	0.2000241136157583	TF_to_gene	
7.0035	6.9007	TF_regulation	0.416664051029673	-0.0148419291204239	0.006184098312411094	TF_to_gene	
7.0035	6.6677	TF_regulation	0.4629919829675855	0.3376199132305496	0.15631531311595628	TF_to_gene	
7.0035	6.7581	TF_regulation	0.7715882882784046	0.4015025744164656	0.30979468413337347	TF_to_gene	
7.031	8.2846	TF_regulation	0.2615670993263292	0.1791527428472946	0.04686046328292262	TF_to_gene	
7.031	7.581	TF_regulation	0.4458052632908437	0.5774916453700629	0.2574488150124634	TF_to_gene	
7.031	7.0437	TF_regulation	0.752842679722009	0.2374326765362375	0.17874945245711002	TF_to_gene	
7.031	6.6075	TF_regulation	0.393659647976362	0.1324453208493978	0.05213837838169026	TF_to_gene	
7.031	6.4208	TF_regulation	0.2032310820678106	0.0777009900646102	0.01579125628857093	TF_to_gene	
7.031	7.0936	TF_regulation	0.1292505522203076	0.1057033554582382	0.013662217064516752	TF_to_gene	
7.031	6.8328	TF_regulation	0.9449218028812272	0.343519916279196	0.3245994586161461	TF_to_gene	
7.031	6.7182	TF_regulation	0.015229352590395	0.392116532316754	0.005971680927174862	TF_to_gene	
6.7057	6.6681	TF_regulation	0.4888260320470758	0.1252434225783351	0.06122224529896269	TF_to_gene	
6.7057	6.6082	TF_regulation	0.9024532203321044	0.2245878365635911	0.20268001635423313	TF_to_gene	
6.7057	8.1231	TF_regulation	1.0615619007195518	0.026612168283578	0.028250463945383636	TF_to_gene	
6.7057	6.8892	TF_regulation	0.0679780042670084	0.3011442562198245	0.020471185534296298	TF_to_gene	
6.7057	7.0634	TF_regulation	0.4435651672113277	0.6880508586963824	0.3051953941875585	TF_to_gene	
6.9383	7.0992	TF_regulation	0.2720180969196752	0.3127026522560917	0.08506078036843703	TF_to_gene	
6.9383	7.0251	TF_regulation	0.4759041035809008	0.1535765988883046	0.07308773362494217	TF_to_gene	
6.9383	8.1784	TF_regulation	0.2753856668170972	0.8621235848492474	0.2374164782924563	TF_to_gene	
8.0338	7.3556	TF_regulation	0.2372367930348841	0.2945512955346079	0.06987840473690075	TF_to_gene	
8.0338	8.1231	TF_regulation	0.9749414000987572	0.574123979156359	0.5597372360689704	TF_to_gene	
8.0338	6.995	TF_regulation	1.1261529603689648	0.3397714291565247	0.3826346007934143	TF_to_gene	
8.0338	7.8165	TF_regulation	0.7645748712882836	0.809172474718914	0.6186729407082355	TF_to_gene	
6.771	6.4208	TF_regulation	0.1591486952147277	0.2985222260239352	0.04750942276430531	TF_to_gene	
6.771	6.7869	TF_regulation	1.0047573572818227	0.4627681141301378	0.4649696673876902	TF_to_gene	
7.1619	6.8558	TF_regulation	0.858910044663252	0.4519392248879234	0.3881751398335618	TF_to_gene	
7.1619	7.1314	TF_regulation	0.049911820750689	0.0605560538544837	0.00302246290535406	TF_to_gene	
7.1619	7.0561	TF_regulation	0.0117429780150162	-4.827833653187064e-05	5.669314444953104e-07	TF_to_gene	
7.1619	6.9398	TF_regulation	0.0410998664464806	0.3529878789804483	0.014507754683322882	TF_to_gene	
7.1619	7.0335	TF_regulation	0.6543488219514026	0.5893483474035707	0.38563939684253246	TF_to_gene	
7.1619	14.48	TF_regulation	0.545239089727994	0.2980219541583531	0.16249321900425837	TF_to_gene	
7.1619	8.1784	TF_regulation	0.654305568031956	0.0820194342206266	0.05366577249738674	TF_to_gene	
7.0361	7.0138	eRegulon	0.2929177736107891	0.1011846761327965	0.0296387900563475	eRegulon	chr1:364000-365000
7.0361	7.2342	eRegulon	0.0209177782184283	-0.0714938351471058	0.001495492187592	eRegulon	chr3:40000-41000
7.0361	7.2342	eRegulon	0.1093794365842806	0.0344950090739189	0.0037730446574749	eRegulon	chr2:260000-261000
7.0361	7.2342	eRegulon	0.1757041325838853	0.3189584570986143	0.0560423190348064	eRegulon	chr3:439000-440000
7.0361	7.2342	eRegulon	0.0976783649711328	0.3154297203576498	0.0308106593478368	eRegulon	chr2:14000-15000
7.0361	6.9383	eRegulon	0.284721791086558	0.2826979587141563	0.0804902691416084	eRegulon	chr1:176000-177000
7.0361	9.4036	eRegulon	0.5128827643833013	0.2894663509341006	0.1484623022630283	eRegulon	chr4:0-1000
7.0361	9.4036	eRegulon	0.0501023526380988	0.7243816684400148	0.036293225796756	eRegulon	chr2:239000-240000
7.0361	7.2342	eRegulon	0.0683214035755822	0.2795286961014367	0.0190977928573025	eRegulon	chr1:174000-175000
7.0361	7.2342	eRegulon	0.1300298246843183	0.0889523643878742	0.0115664603466108	eRegulon	chr4:387000-388000
7.0361	9.4036	eRegulon	0.4973167556547511	0.3129383997931746	0.155629509704931	eRegulon	chr3:410000-411000
7.0361	7.0138	eRegulon	0.5812267792743396	-0.0001241138507486	7.213829373397232e-05	eRegulon	chr2:193000-194000
7.6587	8.0338	eRegulon	0.3836051883167387	0.0137239224941699	0.0052645678728204	eRegulon	chr2:12000-13000
7.6587	7.1855	eRegulon	0.1773680422707148	0.0005535046641038	9.817403865981223e-05	eRegulon	chr4:326000-327000
7.6587	7.1855	eRegulon	0.1777493170151811	0.3660621003930459	0.0650672883300065	eRegulon	chr4:126000-127000
7.6587	6.802	eRegulon	0.1436046169342735	0.1819428254069602	0.0261278297465059	eRegulon	chr2:339000-340000
7.6587	7.1855	eRegulon	0.0900620127126411	0.0107817749517336	0.0009710283527678	eRegulon	chr4:77000-78000
7.6587	7.1855	eRegulon	0.3595077344098183	0.3139081908963735	0.11285242252184	eRegulon	chr1:124000-125000
7.6587	8.0338	eRegulon	0.1314867657526558	-0.0110685992589442	0.0014553743179708	eRegulon	chr2:301000-302000
7.6587	8.0338	eRegulon	0.118688240936337	0.2854121400351553	0.033875064842648	eRegulon	chr2:66000-67000
7.6587	6.802	eRegulon	0.0171378288480283	0.4334000857758806	0.0074275364927478	eRegulon	chr3:65000-66000
7.6587	8.0338	eRegulon	1.1928340473719543	0.0852079907084987	0.1016389924252504	eRegulon	chr3:455000-456000
7.6587	6.9196	eRegulon	0.7660530301876584	-0.1596248306694486	0.122281085227523	eRegulon	chr3:391000-392000
7.6587	8.0338	eRegulon	0.1316835987805441	0.1624912316312153	0.0213974301514814	eRegulon	chr1:386000-387000
7.6587	8.5945	eRegulon	0.273153987682236	-0.067173762169845	0.0183487810043112	eRegulon	chr3:280000-281000
7.6587	7.1855	eRegulon	0.1620675466347728	0.3295055692760507	0.0534021592150637	eRegulon	chr2:22000-23000
7.6587	6.9196	eRegulon	0.10117930716679	0.3099243622732617	0.0313579322489178	eRegulon	chr1:117000-118000
7.6587	6.9196	eRegulon	0.3165521489349405	0.3051149010808228	0.0965847776092062	eRegulon	chr2:369000-370000
7.6587	6.9196	eRegulon	0.0267813552063901	0.0866924633984383	0.0023217416559905	eRegulon	chr3:310000-311000
7.6587	6.9196	eRegulon	0.2144234117984144	0.3843575459521423	0.0824152563535242	eRegulon	chr3:354000-355000
6.7521	7.6324	eRegulon	0.1620819962756013	0.140672532262956	0.0228004848503238	eRegulon	chr3:479000-480000
6.7521	6.6933	eRegulon	0.1833403216247444	0.3165234506638404	0.0580315112464824	eRegulon	chr4:143000-144000
6.7521	6.6933	eRegulon	0.0080162450599534	0.3769160181081931	0.0030214511681771	eRegulon	chr2:376000-377000
6.7521	7.6324	eRegulon	0.4087104185605234	0.2107349355829088	0.0861295637274156	eRegulon	chr2:496000-497000
6.7521	7.6232	eRegulon	0.0363920711561283	0.242670888375431	0.0088312962372795	eRegulon	chr3:387000-388000
6.7521	6.7458	eRegulon	0.1643007952486229	0.3654537900166674	0.0600443483263617	eRegulon	chr3:301000-302000
6.7521	7.5236	eRegulon	1.1823861181143993	0.3621171088331932	0.4281622426160888	eRegulon	chr1:373000-374000
6.7521	6.7376	eRegulon	0.319271379418718	0.0084169301115375	0.0026872848871815	eRegulon	chr2:431000-432000
6.7521	6.8968	eRegulon	0.0583985884541539	0.0243437218736218	0.00142163899514	eRegulon	chr1:91000-92000
6.7521	6.8968	eRegulon	0.3855600267468546	0.1670389544895685	0.0644035437607646	eRegulon	chr3:244000-245000
6.7521	6.7376	eRegulon	0.250102300486341	-0.0906043474714689	0.0226603557366781	eRegulon	chr3:423000-424000
6.7521	7.5236	eRegulon	0.2189923781155561	0.4513321090316728	0.0988382918767555	eRegulon	chr4:153000-154000
6.7521	6.7376	eRegulon	0.139532370470504	-0.1306056362876859	0.0182237140280293	eRegulon	chr1:226000-227000
6.7521	6.8968	eRegulon	0.4555994396174848	0.3282730048223033	0.1495609970385893	eRegulon	chr1:214000-215000
6.7521	7.5484	eRegulon	0.179725774973695	0.4182590873722653	0.0751719386177708	eRegulon	chr3:306000-307000
6.7521	6.9418	eRegulon	0.0626762793513889	0.2746227885958486	0.0172123346142908	eRegulon	chr3:260000-261000
6.7521	7.6232	eRegulon	0.964635528451802	0.1152838993743586	0.1112069451949688	eRegulon	chr4:434000-435000
6.7521	6.7376	eRegulon	0.621848673195601	0.3231138955971959	0.2009279472681782	eRegulon	chr3:116000-117000
6.7521	6.7458	eRegulon	0.5340104132883058	0.1415697513079499	0.075599721405081	eRegulon	chr3:437000-438000
6.7521	7.5484	eRegulon	0.0798986387603837	0.4483110669632443	0.0358194439915784	eRegulon	chr4:261000-262000
6.7521	6.7376	eRegulon	0.0897610939368149	0.2113816084939719	0.0189738444165424	eRegulon	chr2:21000-22000
6.7521	7.6232	eRegulon	0.1351796656927394	0.3406873306265983	0.0460539994598553	eRegulon	chr1:124000-125000
6.7521	7.0338	eRegulon	0.0980076777564577	0.2841600626038875	0.0278498678469366	eRegulon	chr2:415000-416000
6.7521	7.0338	eRegulon	0.2662859756900856	0.1753413852390641	0.0466909518472353	eRegulon	chr3:66000-67000
6.7521	6.8892	eRegulon	0.5862773752167483	0.4219979619770985	0.2474078574947504	eRegulon	chr2:469000-470000
6.7521	7.0338	eRegulon	0.0322350639799176	-0.102971999850735	0.0033193090033285	eRegulon	chr3:222000-223000
6.7521	6.67	eRegulon	0.3826676161977713	0.5696318661498831	0.2179796683298637	eRegulon	chr1:370000-371000
6.7521	6.8892	eRegulon	0.1771157867644603	0.3176004168966122	0.056252047715364	eRegulon	chr4:145000-146000
6.7521	7.1927	eRegulon	0.2582473536878044	0.0062547925798413	0.0016152836316101	eRegulon	chr3:136000-137000
6.7521	6.7458	eRegulon	0.4916042831241565	0.0088651821384807	0.0043581615099529	eRegulon	chr3:438000-439000
6.7521	7.6324	eRegulon	0.1321333989845763	0.2823991319175399	0.0373143571705583	eRegulon	chr2:88000-89000
6.9829	7.2968	eRegulon	0.0441624212062171	0.4430800167748815	0.01956748632887	eRegulon	chr4:152000-153000
6.9829	7.2874	eRegulon	0.112308467087528	0.2680306750617763	0.0301021142486234	eRegulon	chr2:161000-162000
6.9829	7.2968	eRegulon	0.020536715430684	0.4300782411548262	0.0088323944515257	eRegulon	chr1:389000-390000
6.9829	7.2874	eRegulon	0.0143747051577523	0.104476032541499	0.0015018121638357	eRegulon	chr1:121000-122000
6.9829	6.67	eRegulon	0.3826676161977713	0.5696318661498831	0.2179796683298637	eRegulon	chr1:370000-371000
6.9829	7.2968	eRegulon	0.8857792269676581	0.055187073542667	0.0488835633412309	eRegulon	chr2:48000-49000
7.0715	7.3538	eRegulon	0.4670127097133373	0.0689038820772355	0.032178988678658	eRegulon	chr4:103000-104000
7.0715	8.4123	eRegulon	0.2217162344949956	0.4021783671993554	0.0891694731707867	eRegulon	chr1:371000-372000
7.0715	7.3538	eRegulon	0.1135653358289094	0.335517355413665	0.0381031411439804	eRegulon	chr3:48000-49000
7.0715	8.4123	eRegulon	0.2388262758743692	0.290464202742325	0.0693704838157672	eRegulon	chr3:146000-147000
7.0715	7.3538	eRegulon	0.2000982796984613	0.0317373345716168	0.006350586049995	eRegulon	chr4:308000-309000
7.0715	7.3538	eRegulon	1.5644277009550571	0.2315454560332993	0.3622361254487647	eRegulon	chr4:160000-161000
7.186	7.4209	eRegulon	0.2194358417280455	0.0585414787299106	0.0128460986611024	eRegulon	chr3:397000-398000
7.186	6.84	eRegulon	0.2701196441638679	0.1473816132240696	0.0398106689203825	eRegulon	chr1:144000-145000
7.186	7.1546	eRegulon	0.4191661174878192	0.1749322879524718	0.0733256879642988	eRegulon	chr1:190000-191000
7.186	7.7121	eRegulon	0.0851990909983111	0.1562765031509764	0.0133146160128579	eRegulon	chr3:4000-5000
7.186	7.7121	eRegulon	0.5114654339085274	0.3007010114675699	0.1537981733069937	eRegulon	chr4:72000-73000
7.186	7.1546	eRegulon	0.4052564481421751	0.1523981610907087	0.0617603374670196	eRegulon	chr1:453000-454000
7.186	7.2507	eRegulon	0.0926034193044104	0.2887721200612067	0.0267412857174514	eRegulon	chr4:197000-198000
7.186	7.2165	eRegulon	0.1268359167608602	0.2159262454619753	0.0273872032959001	eRegulon	chr1:86000-87000
7.186	6.84	eRegulon	0.2930335051178553	0.2936629118384828	0.0860530723791463	eRegulon	chr1:387000-388000
7.186	7.2165	eRegulon	0.1323752752308565	0.4621044796873337	0.0611712076840225	eRegulon	chr1:161000-162000
7.186	7.2507	eRegulon	0.3153113579535356	0.1459385021645219	0.0460160672952004	eRegulon	chr1:302000-303000
7.186	7.2507	eRegulon	1.62183545826174	-0.0431679215584269	0.0700112658429181	eRegulon	chr2:456000-457000
7.1048	7.2677	eRegulon	0.2506930592117106	0.1813079327984796	0.0454526403326021	eRegulon	chr1:186000-187000
7.1048	7.032	eRegulon	0.1005884977774985	0.1578987384699839	0.0158827969036578	eRegulon	chr4:416000-417000
7.1048	7.2677	eRegulon	0.4993043659278023	0.2830749997672319	0.1413405832687905	eRegulon	chr2:93000-94000
7.1048	7.182	eRegulon	0.0038389248002058	0.2768749328332275	0.0010629020462088	eRegulon	chr3:458000-459000
7.1048	7.0784	eRegulon	1.1814611557340684	0.126203994629132	0.1491051173527905	eRegulon	chr1:288000-289000
7.1048	7.0784	eRegulon	0.0094032108783779	0.2962723295362536	0.0027859111920576	eRegulon	chr1:312000-313000
7.1048	7.182	eRegulon	0.1519744712035844	-0.0515362710953881	0.0078321975475261	eRegulon	chr2:3000-4000
7.1048	7.0784	eRegulon	0.2636031887022813	0.3290684072633305	0.0867434814557948	eRegulon	chr3:359000-360000
7.1048	6.8496	eRegulon	0.2140958252981013	0.2141462868393448	0.0458478260153934	eRegulon	chr1:487000-488000
7.1048	6.8496	eRegulon	0.1883760886983721	0.1089702233214237	0.0205273844538779	eRegulon	chr2:280000-281000
7.1048	7.182	eRegulon	0.9775246873502644	0.1136177431312518	0.1110641488318196	eRegulon	chr1:153000-154000
7.1048	7.032	eRegulon	0.1500822066075024	0.1175593123002749	0.0176435609972857	eRegulon	chr4:257000-258000
7.1048	6.8496	eRegulon	0.0122223907589546	0.3044251995738933	0.0037208037460648	eRegulon	chr2:428000-429000
7.1048	7.182	eRegulon	0.6471390195116774	0.246151498010167	0.1592942390736301	eRegulon	chr1:250000-251000
7.1048	6.8496	eRegulon	0.5096563616429106	0.0897940616110823	0.0457641147378435	eRegulon	chr3:146000-147000
7.1048	6.8496	eRegulon	0.4238397601287589	0.2778593335407388	0.1177678332774435	eRegulon	chr3:162000-163000
7.1048	6.8496	eRegulon	0.0319221941934843	0.2080310945923252	0.0066408089998593	eRegulon	chr2:349000-350000
7.1048	7.521	eRegulon	0.6079478981701785	0.4523393516385586	0.2749987580883229	eRegulon	chr4:343000-344000
7.1048	6.8496	eRegulon	0.0161255861035743	0.2780752824615462	0.0044841269106094	eRegulon	chr2:94000-95000
7.1048	7.0784	eRegulon	0.3925451171574799	0.1491687581826521	0.0585554676570449	eRegulon	chr2:304000-305000
6.7691	7.1277	eRegulon	0.2997690241171574	0.2401454021244687	0.0719881528410743	eRegulon	chr4:87000-88000
6.7691	6.6327	eRegulon	0.1320129989355189	0.1267039871917879	0.0167265733262755	eRegulon	chr2:144000-145000
6.7691	6.6327	eRegulon	0.8065375534784972	0.3196604471867952	0.2578181550178802	eRegulon	chr4:328000-329000
6.7691	9.2627	eRegulon	0.620674219209717	-0.1726917368628721	0.107185308941333	eRegulon	chr2:196000-197000
6.7691	7.4963	eRegulon	0.2123167511314035	0.1878925129837126	0.0398927279186169	eRegulon	chr2:336000-337000
6.7691	7.2791	eRegulon	0.1317304111568972	0.2416974597114062	0.0318389057433611	eRegulon	chr2:422000-423000
6.7691	6.6327	eRegulon	0.2447360548962346	0.070244116047651	0.0171912678411754	eRegulon	chr1:299000-300000
6.7691	6.6327	eRegulon	0.069696539047884	0.0337753203213797	0.0023540229316338	eRegulon	chr3:134000-135000
6.7691	6.7915	eRegulon	0.4046719810644282	0.2632069716647124	0.1065124866535279	eRegulon	chr1:24000-25000
6.7691	6.6327	eRegulon	0.0742592922583993	0.4221857822883205	0.0313512173942893	eRegulon	chr1:320000-321000
6.7691	6.6327	eRegulon	0.0662297329090036	-0.0050097600224359	0.0003317950682241	eRegulon	chr1:250000-251000
6.7691	7.4963	eRegulon	0.4142233871302194	0.2327801063616418	0.096422964113652	eRegulon	chr1:198000-199000
6.7691	7.4963	eRegulon	0.0327687513282293	0.3035709029182269	0.0099476394282134	eRegulon	chr4:61000-62000
6.7691	7.2791	eRegulon	0.339146323933862	0.0108182222221536	0.003668960298143	eRegulon	chr4:57000-58000
6.7691	6.6327	eRegulon	0.3462931574831084	0.0988485569642111	0.0342305789037856	eRegulon	chr1:355000-356000
6.7691	7.1277	eRegulon	0.6223912061876439	0.3980621014675751	0.2477503514699923	eRegulon	chr3:144000-145000
6.7691	6.6327	eRegulon	0.7563526129602199	0.047804543753493	0.0361570915793256	eRegulon	chr1:456000-457000
6.7691	6.7915	eRegulon	0.0325780837268191	0.1918311290809152	0.0062494905846083	eRegulon	chr1:229000-230000
7.4025	6.8642	eRegulon	0.3946364446712648	0.144835582602046	0.0571573993799627	eRegulon	chr2:238000-239000
7.4025	7.9494	eRegulon	0.1315073944373685	0.2155352126663525	0.0283444742272561	eRegulon	chr3:256000-257000
7.4025	8.1795	eRegulon	0.2863148299265229	0.1596748734807236	0.0457172842441724	eRegulon	chr1:345000-346000
7.4025	7.0138	eRegulon	0.2929177736107891	0.1011846761327965	0.0296387900563475	eRegulon	chr1:364000-365000
7.4025	6.8642	eRegulon	0.2191054472123282	0.3791272943826603	0.0830688553861128	eRegulon	chr2:226000-227000
7.4025	8.1795	eRegulon	0.0280046938629065	0.1208796014579215	0.0033851962330992	eRegulon	chr3:107000-108000
7.4025	8.1795	eRegulon	0.2061277538762368	0.2122744037821347	0.0437556460570288	eRegulon	chr3:442000-443000
7.4025	8.1795	eRegulon	0.2871224511494297	0.3616930842658636	0.103850204918212	eRegulon	chr3:428000-429000
7.4025	7.9494	eRegulon	0.2006341826006259	0.2045242358802687	0.0410345528878553	eRegulon	chr3:429000-430000
7.4025	6.8642	eRegulon	0.2180562567973261	0.1536186384425205	0.0334975052730778	eRegulon	chr2:248000-249000
7.4025	7.9494	eRegulon	0.3335596735154327	0.4451202490233302	0.1484741649393301	eRegulon	chr2:60000-61000
7.4025	7.9835	eRegulon	0.2623475253272013	0.1787585284766285	0.0468968575769755	eRegulon	chr3:472000-473000
7.4025	7.0914	eRegulon	0.1037557344438406	0.1280862887426103	0.0132896869606753	eRegulon	chr4:53000-54000
7.4025	7.0914	eRegulon	0.0762040071208065	0.1596475180377766	0.0121657806013698	eRegulon	chr1:16000-17000
7.4025	7.9835	eRegulon	0.4067863010594775	-0.0068638589619447	0.0027921237981234	eRegulon	chr2:242000-243000
7.4025	6.7904	eRegulon	0.4045589087173608	0.5529638673366466	0.2237064587298452	eRegulon	chr4:229000-230000
7.4025	6.8642	eRegulon	0.0114870075310597	0.2850157589276269	0.0032739781692723	eRegulon	chr3:35000-36000
7.4025	7.0138	eRegulon	0.5812267792743396	-0.0001241138507486	7.213829373397232e-05	eRegulon	chr2:193000-194000
6.6822	7.0592	eRegulon	0.0268161418891347	0.0649200672219284	0.0017409057340753	eRegulon	chr1:6000-7000
6.6822	7.1483	eRegulon	1.2401311587395325	0.3346832808140513	0.4150511648466777	eRegulon	chr4:476000-477000
6.6822	7.9043	eRegulon	0.0248252062043392	0.4442594934692807	0.0110288335336101	eRegulon	chr3:190000-191000
6.6822	7.182	eRegulon	0.0038389248002058	0.2768749328332275	0.0010629020462088	eRegulon	chr3:458000-459000
6.6822	7.2304	eRegulon	0.2365222422911377	0.0485403942935094	0.0114808828999967	eRegulon	chr2:136000-137000
6.6822	7.2304	eRegulon	0.2150361569471174	0.2673170777849775	0.0574828370932152	eRegulon	chr4:452000-453000
6.6822	6.5664	eRegulon	0.2718938349133945	0.3833184953559581	0.1042219356955636	eRegulon	chr3:498000-499000
6.6822	7.8576	eRegulon	0.3103459595006331	-0.0390575523026549	0.0121213535451136	eRegulon	chr2:479000-480000
6.6822	7.1483	eRegulon	0.3802377742049334	0.1643084678979388	0.062476286116535	eRegulon	chr1:192000-193000
6.6822	7.182	eRegulon	0.1519744712035844	-0.0515362710953881	0.0078321975475261	eRegulon	chr2:3000-4000
6.6822	7.9043	eRegulon	0.0047849084457948	0.2536757523006535	0.0012138152496767	eRegulon	chr1:39000-40000
6.6822	6.8496	eRegulon	0.2140958252981013	0.2141462868393448	0.0458478260153934	eRegulon	chr1:487000-488000
6.6822	6.8496	eRegulon	0.1883760886983721	0.1089702233214237	0.0205273844538779	eRegulon	chr2:280000-281000
6.6822	7.1794	eRegulon	0.1269743721799568	0.2206766757321175	0.0280202823558455	eRegulon	chr1:226000-227000
6.6822	7.1794	eRegulon	0.1432253610148442	0.0275556201573779	0.0039466636450283	eRegulon	chr2:375000-376000
6.6822	7.2304	eRegulon	0.6187385663695345	0.35920564473097	0.2222543856526847	eRegulon	chr3:96000-97000
6.6822	7.2304	eRegulon	0.2787288506945548	0.2860616631506619	0.0797336385977569	eRegulon	chr1:143000-144000
6.6822	7.9043	eRegulon	0.3820584583393458	0.2974246047288859	0.1136335859549074	eRegulon	chr2:437000-438000
6.6822	6.5664	eRegulon	0.0830575360820757	0.2690660761369604	0.0223479653272081	eRegulon	chr4:263000-264000
6.6822	7.182	eRegulon	0.9775246873502644	0.1136177431312518	0.1110641488318196	eRegulon	chr1:153000-154000
6.6822	6.8496	eRegulon	0.0122223907589546	0.3044251995738933	0.0037208037460648	eRegulon	chr2:428000-429000
6.6822	7.182	eRegulon	0.6471390195116774	0.246151498010167	0.1592942390736301	eRegulon	chr1:250000-251000
6.6822	7.1794	eRegulon	0.089809393586964	0.1643148872346237	0.0147570203798519	eRegulon	chr3:221000-222000
6.6822	6.8892	eRegulon	0.5862773752167483	0.4219979619770985	0.2474078574947504	eRegulon	chr2:469000-470000
6.6822	6.8496	eRegulon	0.5096563616429106	0.0897940616110823	0.0457641147378435	eRegulon	chr3:146000-147000
6.6822	6.8892	eRegulon	0.1771157867644603	0.3176004168966122	0.056252047715364	eRegulon	chr4:145000-146000
6.6822	7.0592	eRegulon	0.3948880650932275	0.1310514841590505	0.0517506670071632	eRegulon	chr2:311000-312000
6.6822	7.1483	eRegulon	0.0407838887158629	0.0225415722898416	0.0009193329757494	eRegulon	chr3:113000-114000
6.6822	6.8496	eRegulon	0.4238397601287589	0.2778593335407388	0.1177678332774435	eRegulon	chr3:162000-163000
6.6822	6.8496	eRegulon	0.0319221941934843	0.2080310945923252	0.0066408089998593	eRegulon	chr2:349000-350000
6.6822	6.8496	eRegulon	0.0161255861035743	0.2780752824615462	0.0044841269106094	eRegulon	chr2:94000-95000
6.6822	7.9043	eRegulon	0.6865955161582652	0.2464756389799884	0.1692290685659034	eRegulon	chr4:306000-307000
6.6822	7.1794	eRegulon	0.0235594579833217	0.1591384975094469	0.0037492167456027	eRegulon	chr2:396000-397000
6.8412	6.9947	eRegulon	0.4268940794729543	0.2049991888498703	0.0875129400167677	eRegulon	chr1:152000-153000
6.8412	6.8558	eRegulon	0.0794384537524375	0.0738003257286535	0.0058625837623104	eRegulon	chr1:317000-318000
6.8412	6.8558	eRegulon	0.1032530634864524	0.072250673849841	0.0074601034139566	eRegulon	chr3:30000-31000
7.7375	6.9991	eRegulon	0.1506993007196006	0.2954457662517755	0.0445234703747091	eRegulon	chr2:20000-21000
7.7375	7.7912	eRegulon	0.1616183628065632	0.1483879188033022	0.0239822124972629	eRegulon	chr4:143000-144000
7.7375	6.803	eRegulon	0.0651644685975715	0.055547656090081	0.0036197334909507	eRegulon	chr1:283000-284000
7.7375	6.9094	eRegulon	1.0323599646161812	0.4326894282099456	0.4466912427966151	eRegulon	chr1:267000-268000
7.7375	6.803	eRegulon	0.4592615213159104	0.3076313383693944	0.1412832364639777	eRegulon	chr1:165000-166000
7.7375	8.4421	eRegulon	0.629797443387427	0.108081696427342	0.068069576086916	eRegulon	chr4:133000-134000
7.7375	8.4421	eRegulon	0.0895757641272018	0.0057977786418641	0.0005193404520853	eRegulon	chr2:390000-391000
7.7375	6.803	eRegulon	0.0278321614807685	0.2720089370130025	0.007570596659158	eRegulon	chr3:206000-207000
7.7375	8.0477	eRegulon	0.4925939365104397	0.102913904301793	0.0506947652416789	eRegulon	chr1:343000-344000
7.7375	8.4421	eRegulon	0.1308364069404743	0.1181831001590384	0.0154626521858947	eRegulon	chr4:389000-390000
7.7375	8.0477	eRegulon	0.678222057214087	0.3395384234362926	0.2302824480461901	eRegulon	chr4:249000-250000
7.7375	8.0477	eRegulon	0.1554002649719165	0.5618923132419373	0.0873182143634802	eRegulon	chr4:444000-445000
7.7375	7.242	eRegulon	0.0001328638481563	-0.0185256804089983	2.461393188854946e-06	eRegulon	chr4:399000-400000
7.7375	8.0477	eRegulon	0.6732529858743258	0.0505925320997339	0.0340615732990885	eRegulon	chr4:134000-135000
7.7375	6.803	eRegulon	0.2424579846915106	0.1088077329072223	0.0263813036395372	eRegulon	chr2:431000-432000
7.7375	8.4421	eRegulon	0.5653781003724585	0.0666138757657513	0.0376620265388874	eRegulon	chr1:183000-184000
7.7375	8.0477	eRegulon	0.3438556957076257	0.3163650826104764	0.1087839355786258	eRegulon	chr2:383000-384000
7.7375	6.9317	eRegulon	0.1453732608035028	0.3386501424487672	0.049230675479348	eRegulon	chr4:34000-35000
7.7375	6.9991	eRegulon	0.1556195707692817	0.1864438953322338	0.0290143189641551	eRegulon	chr2:65000-66000
7.7375	6.9094	eRegulon	0.1886171525611573	0.1998279816386804	0.0376909848987311	eRegulon	chr2:420000-421000
7.7375	8.0477	eRegulon	0.0611710934667336	0.1283531626093992	0.0078515033067304	eRegulon	chr1:122000-123000
7.7375	6.803	eRegulon	0.0067407091974791	0.04920409647778	0.0003316705056814	eRegulon	chr2:231000-232000
7.7375	8.0477	eRegulon	0.1546205660443661	0.2235887655177947	0.0345714214855224	eRegulon	chr2:91000-92000
7.7375	6.803	eRegulon	0.0939194991381983	0.070717260650759	0.0066417297007447	eRegulon	chr3:65000-66000
7.7375	8.0477	eRegulon	0.2979744913051498	0.2782713110028098	0.0829177523408793	eRegulon	chr4:114000-115000
7.7375	7.1619	eRegulon	0.021944043948394	0.0672126970813666	0.0014749183786436	eRegulon	chr4:438000-439000
7.7375	8.0477	eRegulon	0.0656285620786118	0.2945223164641792	0.0193290761296059	eRegulon	chr3:294000-295000
7.7375	8.0477	eRegulon	0.0112211477746071	0.2042686371774738	0.002292128563486	eRegulon	chr3:445000-446000
7.7375	6.9317	eRegulon	0.0026447875692528	0.2655846646320561	0.000702415019603	eRegulon	chr2:373000-374000
7.7375	6.9991	eRegulon	0.8944374214693517	0.1535748856994308	0.1373631247674493	eRegulon	chr3:225000-226000
7.7375	6.9991	eRegulon	0.0437251338396758	0.2920799519211171	0.0127712349896369	eRegulon	chr1:370000-371000
7.7375	8.4421	eRegulon	0.3128282447857698	0.3786119174037871	0.1184405015764016	eRegulon	chr4:429000-430000
7.7375	6.803	eRegulon	0.114505085528694	-0.0815835890417799	0.0093417358409668	eRegulon	chr1:138000-139000
7.7375	6.9094	eRegulon	0.8234886184474631	0.201989696462596	0.1663362160806056	eRegulon	chr1:355000-356000
7.5995	7.088	eRegulon	0.1401631201652028	-0.1230085170405572	0.017241257555299	eRegulon	chr1:304000-305000
7.5995	6.9727	eRegulon	0.1788522851567156	0.0055964569622911	0.0010009391164869	eRegulon	chr2:94000-95000
7.5995	7.088	eRegulon	0.4586553891823046	0.0859740417327169	0.0394324575704949	eRegulon	chr3:135000-136000
7.5995	6.9646	eRegulon	0.3941927677389403	-0.079067199988646	0.0311677184008926	eRegulon	chr2:57000-58000
6.6175	6.8449	eRegulon	0.045013743941701	0.3309057646985776	0.0148953073609745	eRegulon	chr4:423000-424000
6.6175	6.8449	eRegulon	0.4708025432293686	0.1155112082809455	0.0543829706301664	eRegulon	chr2:489000-490000
6.6175	7.9793	eRegulon	0.0538333969679852	0.2882492777690963	0.0155174377958787	eRegulon	chr2:297000-298000
6.6175	6.8109	eRegulon	0.2760985268261473	-0.1415369047149411	0.039078130883328	eRegulon	chr2:58000-59000
6.6175	7.0175	eRegulon	0.1736840671879645	0.1030205718211343	0.0178930319179244	eRegulon	chr2:345000-346000
6.6175	7.9793	eRegulon	1.0266298961001723	0.1088981601851817	0.1117981068764131	eRegulon	chr4:380000-381000
6.6175	6.8449	eRegulon	0.0026708393016855	0.0974060747301354	0.0002601559726121	eRegulon	chr1:56000-57000
6.6175	6.8449	eRegulon	0.032239614823138	0.0699304676433649	0.002254531341224	eRegulon	chr3:180000-181000
6.6175	6.8109	eRegulon	0.1646540684970672	0.3311583771069091	0.0545265741075386	eRegulon	chr2:111000-112000
6.6175	6.8449	eRegulon	0.2070878571093921	0.347462405780885	0.0719552450392375	eRegulon	chr2:309000-310000
6.6175	7.4548	eRegulon	0.4449592777879159	0.2602738781051003	0.1158112768287054	eRegulon	chr1:361000-362000
6.6175	7.9793	eRegulon	0.2391143919081805	0.190890288442176	0.0456446152420281	eRegulon	chr3:392000-393000
6.6175	7.4548	eRegulon	0.0206531674147149	0.0745733177769055	0.0015401752167171	eRegulon	chr2:159000-160000
6.6175	7.4548	eRegulon	0.0517008769142044	0.2121059939580112	0.0109660658863881	eRegulon	chr3:231000-232000
6.6175	7.9793	eRegulon	0.0819927755949473	0.2748628348198914	0.0225367667347784	eRegulon	chr1:12000-13000
6.6175	7.9793	eRegulon	0.8798624257455593	0.4020004585632298	0.3537050986222706	eRegulon	chr1:453000-454000
6.6175	6.8449	eRegulon	0.1647951184418379	0.2651948548205951	0.043702817510326	eRegulon	chr1:18000-19000
6.6175	6.8449	eRegulon	0.7289877898432842	0.2244815382541031	0.1636443004324793	eRegulon	chr4:183000-184000
6.6175	7.9793	eRegulon	0.6763002479688768	0.2647180750992139	0.1790288998314421	eRegulon	chr3:45000-46000
6.6175	6.8449	eRegulon	0.2744173323983492	0.2910884764489483	0.07987972319902	eRegulon	chr4:247000-248000
6.6175	7.581	eRegulon	0.6056221598302866	0.1277351043359787	0.0773592097741024	eRegulon	chr4:52000-53000
6.6175	6.8109	eRegulon	0.1337340886463701	0.1786832808254684	0.0238960457175374	eRegulon	chr2:313000-314000
6.6175	8.5945	eRegulon	0.273153987682236	-0.067173762169845	0.0183487810043112	eRegulon	chr3:280000-281000
6.6175	6.8449	eRegulon	0.0607904562304109	0.1978490435040263	0.0120273336193601	eRegulon	chr2:60000-61000
6.6175	6.8449	eRegulon	0.3145551431386613	0.1641855920167628	0.0516454223981386	eRegulon	chr3:442000-443000
6.6175	6.8109	eRegulon	0.2978087842578188	0.318251453128913	0.0947780783446057	eRegulon	chr1:129000-130000
6.6175	6.8449	eRegulon	0.1812203099149728	0.1157993005336691	0.0209851851306486	eRegulon	chr1:425000-426000
7.2419	7.1725	eRegulon	0.1255102461138431	0.2343455648345656	0.0294127695180739	eRegulon	chr3:109000-110000
7.2419	7.6232	eRegulon	0.0363920711561283	0.242670888375431	0.0088312962372795	eRegulon	chr3:387000-388000
7.2419	7.6232	eRegulon	0.964635528451802	0.1152838993743586	0.1112069451949688	eRegulon	chr4:434000-435000
7.2419	7.6232	eRegulon	0.1351796656927394	0.3406873306265983	0.0460539994598553	eRegulon	chr1:124000-125000
7.2419	6.8573	eRegulon	0.0176152612760887	0.2294197188535861	0.0040412882894927	eRegulon	chr3:43000-44000
7.2419	7.1725	eRegulon	0.0334153490213694	0.597221597863023	0.0199563681356928	eRegulon	chr3:449000-450000
7.3695	8.5867	eRegulon	0.0156307805489881	-0.0340835608655903	0.0005327526602181	eRegulon	chr2:11000-12000
7.3695	7.0855	eRegulon	0.5188054108614407	0.2120298068811222	0.1100022110738325	eRegulon	chr4:215000-216000
7.3695	7.2847	eRegulon	0.1862673327662752	0.3277103138568243	0.0610417260821096	eRegulon	chr1:27000-28000
7.3695	7.7801	eRegulon	0.3666263628979098	-0.1230818867067359	0.0451250644619031	eRegulon	chr1:304000-305000
7.3695	8.177	eRegulon	1.1504807972319364	0.2423869925732449	0.2788615804543183	eRegulon	chr3:420000-421000
7.3695	6.9864	eRegulon	0.2448068758330722	0.3687197966889787	0.0902651414852344	eRegulon	chr1:301000-302000
7.3695	8.5867	eRegulon	0.4273836760791483	0.0961007663254846	0.0410718987862088	eRegulon	chr2:405000-406000
7.3695	7.7801	eRegulon	0.0687791504361265	0.0847452579028892	0.0058287068420511	eRegulon	chr1:213000-214000
7.3695	8.5867	eRegulon	0.0989700535366534	0.0855912832150678	0.0084709738820661	eRegulon	chr2:7000-8000
7.3695	8.177	eRegulon	0.2181343076985259	0.1209317921877325	0.026379372767613	eRegulon	chr2:323000-324000
7.3695	6.8489	eRegulon	0.0261757504572062	0.4616958759888022	0.0120852360370041	eRegulon	chr2:161000-162000
7.3695	8.5867	eRegulon	0.4265333407868342	0.2694777192901377	0.1149412318764391	eRegulon	chr1:400000-401000
7.3695	7.7801	eRegulon	0.1087347343470597	0.2258276138360236	0.0245553055986904	eRegulon	chr1:350000-351000
7.3695	6.8489	eRegulon	0.4895266211119729	0.3037714732750593	0.1487042229025457	eRegulon	chr4:85000-86000
7.3695	7.7801	eRegulon	0.0685096080656451	0.213961980880917	0.0146584514511006	eRegulon	chr1:192000-193000
7.3695	6.8489	eRegulon	0.1686278935054467	0.2686529879080328	0.0453023874348758	eRegulon	chr3:25000-26000
7.3695	8.177	eRegulon	0.0139553619709779	0.0172838042676017	0.0002412017447899	eRegulon	chr2:105000-106000
7.3695	6.9864	eRegulon	0.2587475914314158	0.1441591273571601	0.0373008269865199	eRegulon	chr3:305000-306000
7.3695	8.177	eRegulon	0.3013002831271057	0.0931668854526423	0.0280712089649517	eRegulon	chr3:475000-476000
7.3695	8.177	eRegulon	0.1759727425951704	0.2939735602265837	0.0517313336435384	eRegulon	chr3:364000-365000
7.3695	7.7801	eRegulon	0.4024491370210374	0.1757666024561167	0.0707371174755839	eRegulon	chr1:376000-377000
7.3695	7.2847	eRegulon	0.0611131053766031	0.1236179956101298	0.0075546795921663	eRegulon	chr4:266000-267000
7.3695	8.177	eRegulon	0.2217553308396107	0.439243017710798	0.097404480711447	eRegulon	chr1:449000-450000
7.3695	6.8489	eRegulon	0.0174875997632353	0.3247425179270605	0.0056789671796137	eRegulon	chr3:468000-469000
7.3695	7.0855	eRegulon	0.4165420165474583	-0.1928948424251395	0.0803488066453718	eRegulon	chr4:469000-470000
7.3695	7.7801	eRegulon	0.1588635632409012	0.0884170902011624	0.0140462540007488	eRegulon	chr3:13000-14000
7.3695	8.5867	eRegulon	0.0554868514758176	-0.0837855851880435	0.0046489983211434	eRegulon	chr2:358000-359000
7.3695	6.9864	eRegulon	0.1605529375020067	0.2082893893818526	0.0334414733157557	eRegulon	chr2:498000-499000
6.8113	6.904	eRegulon	0.3110906358885821	0.346577000121961	0.107816859352298	eRegulon	chr2:46000-47000
6.8113	6.884	eRegulon	0.1012891980943567	0.1378202291915163	0.0139597004959891	eRegulon	chr2:74000-75000
6.8113	7.0826	eRegulon	0.0032690419845526	0.1534599865109816	0.0005016671388532	eRegulon	chr1:176000-177000
6.8113	6.884	eRegulon	0.380902878298695	0.3285637995480533	0.125150896952609	eRegulon	chr3:241000-242000
6.8113	8.0247	eRegulon	0.2168862794673303	0.290677298953305	0.0630439178955952	eRegulon	chr4:287000-288000
6.8113	7.1777	eRegulon	0.7379424698688947	0.178860812858357	0.1319889900034541	eRegulon	chr4:30000-31000
6.8113	7.0643	eRegulon	1.3589563147471058	0.2533965685939618	0.3443548670260126	eRegulon	chr1:332000-333000
6.8113	6.904	eRegulon	0.2607499324609089	0.242328111114564	0.0631870386065022	eRegulon	chr1:452000-453000
6.8113	7.0826	eRegulon	0.3431014240618232	0.1730300832272701	0.0593668679608121	eRegulon	chr1:418000-419000
6.8113	7.5046	eRegulon	0.3002249114505378	0.3705971813547094	0.1112625059560365	eRegulon	chr2:446000-447000
6.8113	7.5046	eRegulon	0.0406854496866134	0.0323375519110737	0.0013156678412662	eRegulon	chr2:319000-320000
6.8113	6.904	eRegulon	0.3032368191042645	0.3232181643880109	0.0980116480457396	eRegulon	chr4:110000-111000
6.8113	7.0826	eRegulon	0.1418068613273719	0.2613273528498112	0.0370580116866223	eRegulon	chr3:490000-491000
6.8113	7.5266	eRegulon	0.5928880210238411	0.0907884353217018	0.0538273757497348	eRegulon	chr2:398000-399000
6.8113	7.0826	eRegulon	0.2158346261900129	0.3241402964489069	0.0699606997171698	eRegulon	chr4:398000-399000
6.8113	7.0826	eRegulon	0.8190681186906075	0.1753497191171913	0.1436233645502443	eRegulon	chr1:64000-65000
6.8113	7.5266	eRegulon	0.8350641927635636	0.2626092696100875	0.2192955977391768	eRegulon	chr2:89000-90000
6.8113	7.0643	eRegulon	0.6068097195825696	0.1838008024754198	0.1115321134091607	eRegulon	chr4:180000-181000
6.8113	7.5266	eRegulon	0.1036988642816333	0.0208715898361566	0.0021643601617615	eRegulon	chr1:393000-394000
6.8113	7.0826	eRegulon	0.2543646241479792	0.3826450384599081	0.0973313613899436	eRegulon	chr1:395000-396000
6.8113	6.904	eRegulon	0.0281785766999482	0.3850586417504289	0.0108504044705423	eRegulon	chr3:360000-361000
7.6232	6.8664	eRegulon	0.2555493653328454	0.2797100016440494	0.071479713397386	eRegulon	chr4:431000-432000
7.6232	7.4325	eRegulon	0.0817776932354237	0.3716557303212025	0.0303931483033946	eRegulon	chr4:259000-260000
7.6232	6.6958	eRegulon	0.0347807374131447	0.0569811243542148	0.0019818455236696	eRegulon	chr2:204000-205000
7.6232	7.4325	eRegulon	0.0746088783541249	0.4691836795276681	0.0350052680716205	eRegulon	chr1:453000-454000
7.6232	7.4325	eRegulon	0.0324458992995823	0.2263318744835762	0.0073435412077798	eRegulon	chr3:245000-246000
7.6232	6.5003	eRegulon	0.1517132560606784	0.1870792331774954	0.0283823996066927	eRegulon	chr1:115000-116000
7.6232	6.6958	eRegulon	0.6039583462121939	0.033256200839191	0.0200853600601383	eRegulon	chr2:74000-75000
7.6232	6.8664	eRegulon	0.0178551244273271	0.1906014565696333	0.0034032127230805	eRegulon	chr4:302000-303000
7.6232	6.8664	eRegulon	0.0420236777581035	0.5433023103196508	0.0228315612141061	eRegulon	chr3:254000-255000
7.6232	6.5003	eRegulon	0.0248210400541648	0.0791942259424484	0.001965683054176	eRegulon	chr4:439000-440000
7.6232	6.7106	eRegulon	0.1391642983626757	0.1519862028583414	0.0211510532815883	eRegulon	chr1:30000-31000
7.6232	6.7513	eRegulon	0.0247798846385231	0.3292454186746916	0.0081586634925211	eRegulon	chr1:291000-292000
7.6232	6.7106	eRegulon	0.1416810407596639	0.0804591109314463	0.0113995305753645	eRegulon	chr1:447000-448000
7.6232	6.5003	eRegulon	0.1354159709493977	-0.0862003205684961	0.0116729001059322	eRegulon	chr2:66000-67000
7.6232	6.7513	eRegulon	0.5450724544414575	0.092740516904386	0.0505503011752431	eRegulon	chr2:231000-232000
7.6232	6.7513	eRegulon	0.1472935435509144	0.1163967524516917	0.0171444901264282	eRegulon	chr4:360000-361000
7.6232	6.7106	eRegulon	0.2156104243953284	0.2126252345278544	0.0458442170537069	eRegulon	chr2:167000-168000
7.6232	7.4325	eRegulon	0.3636002035764627	0.3303158750886156	0.120102919426758	eRegulon	chr4:401000-402000
7.6232	6.5003	eRegulon	0.0486770297529604	-0.0350212636687602	0.0017047310935905	eRegulon	chr3:66000-67000
7.6232	6.6958	eRegulon	0.0932505189216421	0.1563894170293278	0.0145833942918379	eRegulon	chr4:164000-165000
7.6232	7.4325	eRegulon	0.2484594988829804	0.3626297366065314	0.0900988026373259	eRegulon	chr4:167000-168000
7.3854	7.8165	eRegulon	0.0277966376859346	0.3322641558422916	0.0092358263559711	eRegulon	chr2:315000-316000
7.3854	6.7092	eRegulon	0.0283887476434862	-0.0102776594188421	0.0002917698796072	eRegulon	chr1:197000-198000
7.3854	6.7092	eRegulon	0.0958166676450183	0.3856724467960193	0.0369538486544952	eRegulon	chr3:122000-123000
7.3854	8.2846	eRegulon	0.5174388667095956	0.2529439963308353	0.1308830548024235	eRegulon	chr3:74000-75000
7.3854	8.016	eRegulon	0.6281002033157813	0.1283513829852325	0.0806175297488862	eRegulon	chr4:45000-46000
7.3854	7.8165	eRegulon	0.4751450101911925	0.046815077430393	0.0222439504427655	eRegulon	chr1:38000-39000
7.3854	7.1769	eRegulon	0.1822120527585937	0.1021064031046413	0.0186050173094931	eRegulon	chr1:394000-395000
7.3854	6.7092	eRegulon	0.7797916904094297	0.3352211944921679	0.2614027019141158	eRegulon	chr3:125000-126000
7.3854	8.016	eRegulon	0.455278647967179	0.0966999867555585	0.0440254392285148	eRegulon	chr3:10000-11000
7.3854	8.016	eRegulon	0.8739590782198488	0.1347193507074549	0.1177391995626638	eRegulon	chr2:341000-342000
7.3854	8.016	eRegulon	0.2222790233106407	0.3378843401862805	0.0751046011285667	eRegulon	chr2:3000-4000
7.3854	8.016	eRegulon	0.2622617817658701	0.1026003032119408	0.0269081383300821	eRegulon	chr4:193000-194000
7.3854	6.7092	eRegulon	0.5807501231507306	0.0899318039321954	0.0522279062087898	eRegulon	chr4:99000-100000
7.3854	6.7092	eRegulon	1.480804722593433	0.3614219468960019	0.5351953258125126	eRegulon	chr2:278000-279000
7.3854	8.016	eRegulon	0.3368172652815711	0.3577925608742399	0.1205107118917515	eRegulon	chr3:132000-133000
7.3854	7.1769	eRegulon	0.2696933164787488	-0.0254455492592729	0.0068624945693566	eRegulon	chr4:182000-183000
7.3854	6.7092	eRegulon	0.0347122283459293	0.2134371021882873	0.0074088774286532	eRegulon	chr3:71000-72000
7.3854	6.7092	eRegulon	0.074825271224889	0.3505349840274928	0.0262288752536693	eRegulon	chr3:36000-37000
7.3854	8.2846	eRegulon	0.0465804137646649	0.3318764452151639	0.0154589421368684	eRegulon	chr1:281000-282000
7.3854	7.8165	eRegulon	0.6348231203305861	0.1525162471606232	0.0968208399236177	eRegulon	chr1:474000-475000
7.3854	7.2273	eRegulon	0.394266373605677	0.3576642681048995	0.1410149939540473	eRegulon	chr3:167000-168000
7.3854	8.2846	eRegulon	0.8134868481607133	0.2903699143551351	0.2362121064294551	eRegulon	chr4:175000-176000
7.3854	6.7092	eRegulon	1.0977688664541996	0.2142734784023696	0.2352227534969677	eRegulon	chr2:70000-71000
7.3854	7.1769	eRegulon	0.4986279349286352	0.0877180798068893	0.0437386849900144	eRegulon	chr2:332000-333000
7.3854	6.7092	eRegulon	0.1498193054150002	0.2377210413410768	0.0356152012962506	eRegulon	chr3:16000-17000
7.3854	8.016	eRegulon	0.0462302108883403	-0.0470295787439268	0.0021741873433215	eRegulon	chr1:155000-156000
7.3854	6.7092	eRegulon	0.2611196272273807	0.1643433436781181	0.0429132726385315	eRegulon	chr3:61000-62000
7.3854	6.7092	eRegulon	0.0398612730151421	0.3657527658277415	0.0145793708547029	eRegulon	chr2:212000-213000
7.3854	7.1769	eRegulon	0.2770647652722796	-0.0609102957905105	0.0168760968058629	eRegulon	chr3:26000-27000
7.3854	7.8165	eRegulon	0.3197070404398948	0.0300822573098382	0.0096175094542797	eRegulon	chr4:289000-290000
7.3854	7.8165	eRegulon	0.3454029118692526	0.3243820911239383	0.1120425188324455	eRegulon	chr4:300000-301000
7.3854	8.2846	eRegulon	0.0347857122503206	0.0112962957156821	0.0003929496922602	eRegulon	chr1:496000-497000
7.3854	8.2846	eRegulon	0.1367654279728601	0.2465519412266866	0.0337197817594072	eRegulon	chr2:53000-54000
7.3854	7.4541	eRegulon	0.2207426213412968	0.3529924225199551	0.0779204726606695	eRegulon	chr3:184000-185000
7.3854	8.2846	eRegulon	0.0492022290753193	0.423470394735703	0.0208356873684019	eRegulon	chr2:98000-99000
7.4285	7.2419	eRegulon	0.0259587896075118	-0.0129942449487535	0.0003373148707331	eRegulon	chr4:31000-32000
7.4285	8.167	eRegulon	0.3530185931249202	0.445828997956093	0.1573859256327529	eRegulon	chr2:322000-323000
7.4285	6.9094	eRegulon	1.0323599646161812	0.4326894282099456	0.4466912427966151	eRegulon	chr1:267000-268000
7.4285	7.2419	eRegulon	0.2493495876283142	-0.0284614358320529	0.0070968472880321	eRegulon	chr4:299000-300000
7.4285	8.1795	eRegulon	0.2863148299265229	0.1596748734807236	0.0457172842441724	eRegulon	chr1:345000-346000
7.4285	8.1795	eRegulon	0.0280046938629065	0.1208796014579215	0.0033851962330992	eRegulon	chr3:107000-108000
7.4285	8.1795	eRegulon	0.2061277538762368	0.2122744037821347	0.0437556460570288	eRegulon	chr3:442000-443000
7.4285	8.1795	eRegulon	0.2871224511494297	0.3616930842658636	0.103850204918212	eRegulon	chr3:428000-429000
7.4285	8.167	eRegulon	0.1769290702266828	0.2671792621627691	0.0472717784383098	eRegulon	chr2:489000-490000
7.4285	7.2419	eRegulon	0.511734372420188	0.2974942349230831	0.1522380256069879	eRegulon	chr1:38000-39000
7.4285	7.2419	eRegulon	0.6011741190220191	0.1121276511113398	0.067408241874868	eRegulon	chr1:294000-295000
7.4285	6.9094	eRegulon	0.1886171525611573	0.1998279816386804	0.0376909848987311	eRegulon	chr2:420000-421000
7.4285	8.167	eRegulon	0.3516674897385987	0.2224045223406783	0.0782124400780584	eRegulon	chr4:444000-445000
7.4285	8.167	eRegulon	1.3362648128768149	0.0960702314791982	0.1283752698905831	eRegulon	chr1:223000-224000
7.4285	7.2419	eRegulon	0.0311702170885005	0.4786892841391524	0.0149208489045563	eRegulon	chr4:180000-181000
7.4285	6.9094	eRegulon	0.8234886184474631	0.201989696462596	0.1663362160806056	eRegulon	chr1:355000-356000
6.8984	7.1151	eRegulon	0.3428063339252916	0.1190381961013109	0.0408070476025703	eRegulon	chr3:384000-385000
6.8984	7.1449	eRegulon	0.1438421099274288	0.1828190232121073	0.0262970740337011	eRegulon	chr2:352000-353000
6.8984	7.1151	eRegulon	0.9240671359325126	0.1044146701886184	0.0964861652305345	eRegulon	chr1:456000-457000
6.8984	7.1449	eRegulon	0.2806078336198661	0.0296201753739129	0.0083116532431142	eRegulon	chr2:191000-192000
6.8984	6.4042	eRegulon	0.131720118281396	0.3030247685813969	0.0399144583597342	eRegulon	chr2:492000-493000
6.8984	7.1151	eRegulon	0.611827179368059	0.580803665260623	0.3553514682830372	eRegulon	chr3:205000-206000
6.8984	6.9258	eRegulon	0.2171893680707818	0.1944446129421323	0.0422313026096694	eRegulon	chr4:405000-406000
6.8984	8.4123	eRegulon	0.2217162344949956	0.4021783671993554	0.0891694731707867	eRegulon	chr1:371000-372000
6.8984	6.4042	eRegulon	0.1435054094696415	0.1970096907131284	0.0282719563352749	eRegulon	chr3:177000-178000
6.8984	7.1449	eRegulon	0.459524636435119	0.0385008598213505	0.0176920936118456	eRegulon	chr3:234000-235000
6.8984	7.2559	eRegulon	0.1996686526250219	0.2061480184663913	0.0411612970885024	eRegulon	chr2:269000-270000
6.8984	7.1449	eRegulon	0.2154070687151977	0.0815831959638518	0.0175735970989908	eRegulon	chr2:139000-140000
6.8984	7.1151	eRegulon	0.4769014716613619	0.0833914886211643	0.0397695236474649	eRegulon	chr3:390000-391000
6.8984	6.9973	eRegulon	0.1941432812902397	0.3465977774096494	0.0672896297942134	eRegulon	chr4:418000-419000
6.8984	7.7821	eRegulon	0.3348868200766408	0.026997423410606	0.0090410812762405	eRegulon	chr1:128000-129000
6.8984	8.4123	eRegulon	0.2388262758743692	0.290464202742325	0.0693704838157672	eRegulon	chr3:146000-147000
6.8984	7.1151	eRegulon	0.0173402244676309	0.2283269535696371	0.0039592406269078	eRegulon	chr2:280000-281000
6.8984	6.9258	eRegulon	0.4906951398065128	-0.112314805478348	0.0551123291765392	eRegulon	chr4:45000-46000
6.8984	7.7821	eRegulon	0.1260335759269223	0.1986067157648276	0.0250311145909431	eRegulon	chr2:45000-46000
6.8984	7.2559	eRegulon	0.0254867714950271	-0.0613332538952912	0.0015631866270757	eRegulon	chr3:189000-190000
6.8984	8.5945	eRegulon	0.273153987682236	-0.067173762169845	0.0183487810043112	eRegulon	chr3:280000-281000
6.8984	6.4042	eRegulon	0.0334975403399812	0.2294433751722141	0.0076857887155727	eRegulon	chr3:449000-450000
6.8984	7.2559	eRegulon	1.339374344945791	0.1239278385841758	0.1659857676242282	eRegulon	chr1:235000-236000
6.8984	7.1449	eRegulon	0.2731167838267928	0.1845763804280083	0.0504109073928882	eRegulon	chr4:212000-213000
6.8984	7.0228	eRegulon	0.1415917715157964	0.2008612170206659	0.0284402955467749	eRegulon	chr2:131000-132000
6.8984	7.7821	eRegulon	0.224965817795336	0.3086204838971746	0.0694290595483202	eRegulon	chr4:61000-62000
6.8984	7.7821	eRegulon	0.2588762512179927	0.2005962434775773	0.0519296035198869	eRegulon	chr4:357000-358000
6.8606	6.6056	eRegulon	0.5098452217917664	0.2834182697800947	0.1444994506158711	eRegulon	chr4:287000-288000
6.8606	7.0998	eRegulon	0.199434253067674	0.0928472872960448	0.0185169293912464	eRegulon	chr4:384000-385000
6.8606	7.9043	eRegulon	0.0248252062043392	0.4442594934692807	0.0110288335336101	eRegulon	chr3:190000-191000
6.8606	7.0998	eRegulon	0.0200396596878633	0.1816479646038342	0.0036401633936538	eRegulon	chr4:216000-217000
6.8606	7.0998	eRegulon	0.4144832083451468	0.1746648829538843	0.0723956610719555	eRegulon	chr1:306000-307000
6.8606	7.0917	eRegulon	0.9166242764248692	0.1861648693050079	0.1706432386224332	eRegulon	chr4:334000-335000
6.8606	6.3792	eRegulon	0.1673204837857467	0.2896478969529874	0.0484640262456979	eRegulon	chr1:493000-494000
6.8606	7.9043	eRegulon	0.0047849084457948	0.2536757523006535	0.0012138152496767	eRegulon	chr1:39000-40000
6.8606	7.0998	eRegulon	0.0561550177083504	0.4082506667312672	0.0229253234197401	eRegulon	chr3:117000-118000
6.8606	6.6056	eRegulon	0.3105739932746211	0.1915205174930479	0.0594812919118378	eRegulon	chr4:387000-388000
6.8606	6.3792	eRegulon	0.3933476928466434	-0.1364433062589691	0.0536696597213334	eRegulon	chr1:216000-217000
6.8606	7.9043	eRegulon	0.3820584583393458	0.2974246047288859	0.1136335859549074	eRegulon	chr2:437000-438000
6.8606	6.9825	eRegulon	0.5497702402870207	0.3902931536904812	0.2145715608867949	eRegulon	chr2:53000-54000
6.8606	6.9825	eRegulon	0.5831279731614678	-0.1256292356250503	0.07325792153986	eRegulon	chr4:334000-335000
6.8606	7.0998	eRegulon	0.6343949551442946	0.6444662684460062	0.408846149462815	eRegulon	chr3:134000-135000
6.8606	6.9825	eRegulon	0.0532041682997006	0.1601567267329193	0.0085210054434274	eRegulon	chr3:287000-288000
6.8606	6.6056	eRegulon	0.3632816702849827	-0.2351708172726112	0.0854332473010786	eRegulon	chr4:317000-318000
6.8606	6.8174	eRegulon	0.6176436906125731	0.0557172706691076	0.0344134206869273	eRegulon	chr2:318000-319000
6.8606	6.6056	eRegulon	0.5239270217785162	0.0396309853372808	0.0207637441179095	eRegulon	chr3:69000-70000
6.8606	7.9043	eRegulon	0.6865955161582652	0.2464756389799884	0.1692290685659034	eRegulon	chr4:306000-307000
6.6246	6.6967	eRegulon	0.1591356992834458	0.2841549601206591	0.0452191982836607	eRegulon	chr2:399000-400000
6.6246	6.6524	eRegulon	0.2172279652761469	0.2114072059844577	0.045923557200719	eRegulon	chr4:387000-388000
6.6246	7.0793	eRegulon	0.2716339782507419	0.0305439718013572	0.0082967805719811	eRegulon	chr2:284000-285000
6.6246	8.0831	eRegulon	0.1621694322100169	0.546458413310928	0.0886188506130199	eRegulon	chr2:438000-439000
6.6246	6.6524	eRegulon	0.9347029058259836	0.1418447660096023	0.132582714965382	eRegulon	chr4:172000-173000
6.6246	6.5945	eRegulon	0.3420443385826106	0.1613935193864982	0.0552037395900745	eRegulon	chr4:237000-238000
6.6246	7.0793	eRegulon	0.1433071034339699	0.3514725634013951	0.0503685149975662	eRegulon	chr2:341000-342000
6.6246	8.0831	eRegulon	0.1096946499260955	0.2749290477643112	0.0301582456490209	eRegulon	chr3:382000-383000
6.6246	6.6967	eRegulon	0.283978984306286	0.1256454885965083	0.0356806782343034	eRegulon	chr3:376000-377000
6.6246	7.1731	eRegulon	0.3317113170780654	-0.1544398653312757	0.0512294511383965	eRegulon	chr3:135000-136000
6.6246	6.9462	eRegulon	0.0246785280972307	0.3101457013342245	0.0076539394046119	eRegulon	chr3:150000-151000
6.6246	6.5945	eRegulon	0.1314451316209291	0.2252982007950091	0.0296143516574584	eRegulon	chr3:401000-402000
6.6246	8.0831	eRegulon	0.233878049068164	-0.022941554492544	0.0053655260073071	eRegulon	chr3:7000-8000
6.6246	8.0831	eRegulon	0.3683633573350949	-0.0411339796553461	0.0151522508463967	eRegulon	chr4:269000-270000
6.6246	6.5812	eRegulon	0.4934658907052556	0.5281474811825029	0.260622767225461	eRegulon	chr3:317000-318000
6.6246	6.5812	eRegulon	0.2193799706117842	0.1654398928691349	0.0362941988356475	eRegulon	chr1:217000-218000
6.6246	6.6524	eRegulon	0.3576427250771415	-0.0819886577708567	0.0293226469905863	eRegulon	chr1:18000-19000
6.6246	7.0062	eRegulon	0.2281093885521686	-0.0937662313201956	0.021388957693291	eRegulon	chr4:420000-421000
6.6246	6.5812	eRegulon	0.1407517843748745	0.1321157496197955	0.0185955275030103	eRegulon	chr1:58000-59000
6.6246	6.5812	eRegulon	0.0510503320051628	0.3411965871151224	0.0174181990512554	eRegulon	chr3:493000-494000
6.6246	7.0062	eRegulon	0.8912790912032521	0.1198530496585738	0.1068225171776319	eRegulon	chr2:220000-221000
6.6246	7.246	eRegulon	0.3762840107752729	0.2466823846927234	0.0928226370997867	eRegulon	chr3:173000-174000
6.6246	7.0062	eRegulon	0.6182567720940143	0.2462128491138711	0.1522227613412125	eRegulon	chr1:499000-500000
6.6246	7.1731	eRegulon	0.3307890304524615	0.2266068756371702	0.074959068685881	eRegulon	chr4:461000-462000
6.6246	6.5812	eRegulon	0.7298362787229635	0.1913913945497686	0.1396843831778016	eRegulon	chr1:8000-9000
6.6246	7.0062	eRegulon	2.1952950477948727	0.0904906671120276	0.1986537133826886	eRegulon	chr4:93000-94000
6.6246	6.6967	eRegulon	0.2024803928406337	0.2285638032597927	0.0462796886731921	eRegulon	chr1:393000-394000
6.6246	7.1731	eRegulon	0.8672154599330718	0.3361231379332208	0.2914911816569054	eRegulon	chr3:364000-365000
6.6246	7.246	eRegulon	0.6895796987036	0.1734766586339743	0.1196259819929232	eRegulon	chr2:391000-392000
6.634	7.2309	eRegulon	0.3764998825856933	0.0255169189864394	0.009607117002343	eRegulon	chr4:355000-356000
6.634	6.7691	eRegulon	0.0242489389722975	0.2317725618461717	0.0056202387076608	eRegulon	chr3:288000-289000
6.634	6.9727	eRegulon	0.1788522851567156	0.0055964569622911	0.0010009391164869	eRegulon	chr2:94000-95000
6.634	6.8858	eRegulon	0.4590495314876585	0.2664178287982778	0.1222989794898086	eRegulon	chr4:94000-95000
6.634	7.0437	eRegulon	0.6250075217260761	0.3174310602422858	0.1983968002809118	eRegulon	chr4:23000-24000
6.634	6.8858	eRegulon	0.0385143140864895	0.1724196050275069	0.0066406228226978	eRegulon	chr4:241000-242000
7.4861	6.6899	eRegulon	0.0263538456029135	0.3917677793910948	0.0103245875702692	eRegulon	chr1:294000-295000
7.4861	6.6899	eRegulon	0.635620626163978	0.0059696384609504	0.0037944253365219	eRegulon	chr4:6000-7000
7.4861	6.8745	eRegulon	0.1774044386747026	0.2792102551619352	0.0495331385892236	eRegulon	chr4:157000-158000
7.4861	6.8745	eRegulon	0.392480062759494	0.1517506227412371	0.059559093937273	eRegulon	chr3:269000-270000
7.4861	6.8745	eRegulon	0.4492220529875044	-0.2055220194642357	0.0923250235178618	eRegulon	chr4:250000-251000
7.4861	6.6899	eRegulon	0.3415465599465453	-0.0018375100157448	0.0006275952247449	eRegulon	chr2:417000-418000
7.4861	6.8745	eRegulon	0.1492299922238921	0.0581380908954828	0.0086759468522448	eRegulon	chr2:464000-465000
7.4861	7.1625	eRegulon	0.4340056647959354	0.1353311645637351	0.058734492044092	eRegulon	chr3:178000-179000
7.4861	7.1625	eRegulon	0.3884810692506702	0.1449394391027491	0.0563062282792283	eRegulon	chr3:192000-193000
7.4861	7.1625	eRegulon	0.1089331499131756	0.1062685373351674	0.0115761665085857	eRegulon	chr1:306000-307000
7.4861	7.1625	eRegulon	0.3710225098317157	0.2417522951967004	0.0896955433214576	eRegulon	chr1:393000-394000
7.4861	6.8745	eRegulon	0.173222680050394	0.1550279814547006	0.026854362430386	eRegulon	chr4:375000-376000
7.4861	6.6899	eRegulon	0.371726148772835	0.1381423407799501	0.0513511203205954	eRegulon	chr4:88000-89000
7.4861	6.8745	eRegulon	0.0313541505644284	0.1646125206031814	0.0051612857557822	eRegulon	chr2:50000-51000
7.4861	6.8745	eRegulon	0.4129186200688826	0.4702145148899732	0.1941603286247268	eRegulon	chr4:8000-9000
7.4861	7.1625	eRegulon	0.0168901583553929	0.1587796542870968	0.0026818135045236	eRegulon	chr2:349000-350000
7.1149	7.1031	eRegulon	0.5155072190209052	0.3705526127950186	0.1910225469228903	eRegulon	chr4:68000-69000
7.1149	7.5094	eRegulon	0.2543182684375759	0.2311255227738704	0.0587794427435802	eRegulon	chr2:346000-347000
7.1149	6.8643	eRegulon	0.2174508206093313	0.2519732713846989	0.0547917946342205	eRegulon	chr3:246000-247000
7.1149	7.2084	eRegulon	0.1792336589378346	0.1239338158801087	0.0222131112863198	eRegulon	chr4:151000-152000
7.1149	7.038	eRegulon	0.0033277680064601	0.1135234398909921	0.0003777796712525	eRegulon	chr2:97000-98000
7.1149	7.038	eRegulon	0.2131364021300558	0.0846327164836415	0.0180383126938164	eRegulon	chr3:40000-41000
7.1149	6.8643	eRegulon	0.0967928699374027	0.1813073305714805	0.017549256866703	eRegulon	chr4:40000-41000
7.1149	7.5094	eRegulon	0.7530108894969333	0.4044010793550586	0.3045184164786726	eRegulon	chr4:446000-447000
7.1149	7.2084	eRegulon	0.0383342253991768	0.0475626238312626	0.0018232763425238	eRegulon	chr3:53000-54000
7.1149	7.038	eRegulon	0.4632669862090222	0.3213339380159015	0.1488634050313034	eRegulon	chr3:7000-8000
7.1149	7.038	eRegulon	0.016777754599969	0.1759443499126327	0.0029519511260852	eRegulon	chr1:276000-277000
7.1149	6.8643	eRegulon	0.9207174131681024	0.2321851105060272	0.2137768743212593	eRegulon	chr3:179000-180000
7.1149	6.6199	eRegulon	0.2722491591338724	0.3980276295797626	0.1083626874651388	eRegulon	chr2:82000-83000
7.1149	7.5094	eRegulon	0.0172063893016177	-0.0093683803288727	0.0001611959990642	eRegulon	chr1:446000-447000
7.1769	7.0038	eRegulon	0.0560883755932249	0.2533326975683648	0.0142090194912593	eRegulon	chr4:8000-9000
7.1769	6.8213	eRegulon	0.1498162491120071	0.2415036198995028	0.0361811664803154	eRegulon	chr1:37000-38000
7.1769	6.8213	eRegulon	0.0263566565005815	0.4036821182149982	0.0106397109252198	eRegulon	chr3:276000-277000
7.1769	7.2847	eRegulon	0.1862673327662752	0.3277103138568243	0.0610417260821096	eRegulon	chr1:27000-28000
7.1769	5.95	eRegulon	0.1044609985521049	0.235222113019335	0.0245715368075358	eRegulon	chr3:42000-43000
7.1769	7.2805	eRegulon	0.0752978921600115	0.3907332642491238	0.0294213911947598	eRegulon	chr2:332000-333000
7.1769	6.8984	eRegulon	0.5124223972772236	0.183051232719787	0.0937995514948242	eRegulon	chr4:169000-170000
7.1769	7.2805	eRegulon	0.054831584305754	-0.0087994505782015	0.0004824878162229	eRegulon	chr2:12000-13000
7.1769	6.8984	eRegulon	0.6350355153239503	0.1459289893693106	0.0926700909648434	eRegulon	chr1:212000-213000
7.1769	7.2805	eRegulon	0.1086985835703627	0.2770861774488372	0.0301188750156148	eRegulon	chr1:226000-227000
7.1769	7.2805	eRegulon	0.4778943174931922	0.3025353984800716	0.1445799477741648	eRegulon	chr2:382000-383000
7.1769	6.8213	eRegulon	0.0212343030481285	0.4648563899675604	0.0098709014584302	eRegulon	chr4:18000-19000
7.1769	6.8984	eRegulon	0.2074639068737541	0.2612456695126756	0.0541990472509492	eRegulon	chr3:228000-229000
7.1769	6.8984	eRegulon	0.1217869694411292	0.0489540092297128	0.0059619604260797	eRegulon	chr1:86000-87000
7.1769	7.2847	eRegulon	0.0611131053766031	0.1236179956101298	0.0075546795921663	eRegulon	chr4:266000-267000
7.1769	6.8984	eRegulon	0.0666270684750325	-0.0853104472819659	0.0056839850126911	eRegulon	chr2:412000-413000
7.2791	6.7429	eRegulon	0.0147756423813923	0.2002720416792014	0.0029591480668431	eRegulon	chr1:356000-357000
7.2791	6.8425	eRegulon	0.5590578120291831	0.231139739192858	0.1292204768661552	eRegulon	chr2:275000-276000
7.2791	7.6718	eRegulon	1.3803603934185973	0.1423166683655262	0.1964482923350617	eRegulon	chr4:442000-443000
7.2791	6.7429	eRegulon	0.1732738058736108	0.3208602949289177	0.0555966844560628	eRegulon	chr4:388000-389000
7.2791	6.8425	eRegulon	0.1232955239415499	0.3493322878043418	0.0430711074545366	eRegulon	chr2:91000-92000
7.2791	6.7429	eRegulon	0.1151992272429441	-0.0753486449293054	0.0086801056696589	eRegulon	chr3:86000-87000
7.2791	7.6718	eRegulon	0.2354509574441993	0.277579525180852	0.0653563649707378	eRegulon	chr1:53000-54000
7.2791	6.3792	eRegulon	0.1673204837857467	0.2896478969529874	0.0484640262456979	eRegulon	chr1:493000-494000
7.2791	6.8488	eRegulon	0.3922047755666187	-0.077849064852364	0.0305327750084925	eRegulon	chr3:99000-100000
7.2791	6.3792	eRegulon	0.3933476928466434	-0.1364433062589691	0.0536696597213334	eRegulon	chr1:216000-217000
7.2791	7.3329	eRegulon	0.04926629736749	0.4958813265184712	0.0244302368912444	eRegulon	chr2:27000-28000
7.2791	7.4285	eRegulon	0.0061030138213579	0.2906181334382777	0.001773646485111	eRegulon	chr3:411000-412000
7.2791	6.8425	eRegulon	0.80533117321641	0.3131113899737134	0.2521583630349515	eRegulon	chr4:293000-294000
7.2791	7.4285	eRegulon	0.0604359153326735	0.0644958563678465	0.0038978661147554	eRegulon	chr3:206000-207000
7.2791	7.4285	eRegulon	0.1800427773798997	0.2133371488719618	0.0384098128012171	eRegulon	chr1:385000-386000
7.2791	7.3329	eRegulon	0.1074169062790118	0.2858009417450709	0.0306998529738835	eRegulon	chr1:415000-416000
7.2791	7.4285	eRegulon	0.1696845444671414	0.313484701236971	0.0531935087268133	eRegulon	chr2:76000-77000
7.2791	7.4285	eRegulon	0.9887108191541688	0.1593145788000675	0.1575160477086161	eRegulon	chr1:233000-234000
8.177	6.7555	eRegulon	0.1826804063579325	0.1823786747342975	0.0333170104114826	eRegulon	chr2:199000-200000
8.177	7.6232	eRegulon	0.0363920711561283	0.242670888375431	0.0088312962372795	eRegulon	chr3:387000-388000
8.177	7.0111	eRegulon	0.395282333739142	0.2839685671896559	0.1122477579472875	eRegulon	chr1:215000-216000
8.177	7.0018	eRegulon	0.3896708936453666	-0.0502876110816383	0.0195956183494726	eRegulon	chr2:361000-362000
8.177	7.4131	eRegulon	0.3793268584257158	0.4458675208166101	0.1691295259454271	eRegulon	chr3:397000-398000
8.177	7.2304	eRegulon	0.2365222422911377	0.0485403942935094	0.0114808828999967	eRegulon	chr2:136000-137000
8.177	6.7555	eRegulon	0.0878987997441549	0.1352569530922927	0.0118889238338639	eRegulon	chr4:174000-175000
8.177	7.2304	eRegulon	0.2150361569471174	0.2673170777849775	0.0574828370932152	eRegulon	chr4:452000-453000
8.177	6.6942	eRegulon	0.3637431608631262	0.1073522156848474	0.0390486342588664	eRegulon	chr4:308000-309000
8.177	6.6942	eRegulon	1.2060418114193685	0.3051388573155654	0.3680102202113007	eRegulon	chr4:202000-203000
8.177	7.6232	eRegulon	0.964635528451802	0.1152838993743586	0.1112069451949688	eRegulon	chr4:434000-435000
8.177	7.0111	eRegulon	0.5154391213505235	-0.0713120523463378	0.0367570216030989	eRegulon	chr3:436000-437000
8.177	6.8496	eRegulon	0.2140958252981013	0.2141462868393448	0.0458478260153934	eRegulon	chr1:487000-488000
8.177	6.8496	eRegulon	0.1883760886983721	0.1089702233214237	0.0205273844538779	eRegulon	chr2:280000-281000
8.177	6.7555	eRegulon	0.1880295376739664	0.3039987035498901	0.057160735681971	eRegulon	chr4:323000-324000
8.177	7.6232	eRegulon	0.1351796656927394	0.3406873306265983	0.0460539994598553	eRegulon	chr1:124000-125000
8.177	7.2304	eRegulon	0.6187385663695345	0.35920564473097	0.2222543856526847	eRegulon	chr3:96000-97000
8.177	7.2304	eRegulon	0.2787288506945548	0.2860616631506619	0.0797336385977569	eRegulon	chr1:143000-144000
8.177	6.7555	eRegulon	0.294512859866705	0.1237609473657303	0.036449190548494	eRegulon	chr3:274000-275000
8.177	6.6942	eRegulon	0.421382613998728	0.5204781117935153	0.2193204272766736	eRegulon	chr2:313000-314000
8.177	6.8496	eRegulon	0.0122223907589546	0.3044251995738933	0.0037208037460648	eRegulon	chr2:428000-429000
8.177	7.0111	eRegulon	0.126147198623578	0.5306343453943461	0.0669380361649529	eRegulon	chr3:36000-37000
8.177	6.6942	eRegulon	0.8384599934625607	0.1664835635205307	0.139589807581048	eRegulon	chr4:62000-63000
8.177	6.8496	eRegulon	0.5096563616429106	0.0897940616110823	0.0457641147378435	eRegulon	chr3:146000-147000
8.177	6.6942	eRegulon	0.449934835326236	0.309740165323766	0.1393628902788698	eRegulon	chr2:105000-106000
8.177	7.4541	eRegulon	0.2207426213412968	0.3529924225199551	0.0779204726606695	eRegulon	chr3:184000-185000
8.177	6.8496	eRegulon	0.4238397601287589	0.2778593335407388	0.1177678332774435	eRegulon	chr3:162000-163000
8.177	6.8496	eRegulon	0.0319221941934843	0.2080310945923252	0.0066408089998593	eRegulon	chr2:349000-350000
8.177	6.8496	eRegulon	0.0161255861035743	0.2780752824615462	0.0044841269106094	eRegulon	chr2:94000-95000
8.177	6.7555	eRegulon	0.1139110616518419	-0.1301865210176377	0.0148296848218789	eRegulon	chr3:88000-89000
8.5945	6.6579	eRegulon	0.2684305426285738	0.2686827615500022	0.0721226594778108	eRegulon	chr2:304000-305000
8.5945	6.6005	eRegulon	0.3560215839878035	0.2439588868468358	0.0868546293231118	eRegulon	chr4:362000-363000
8.5945	7.4209	eRegulon	0.2194358417280455	0.0585414787299106	0.0128460986611024	eRegulon	chr3:397000-398000
8.5945	7.1111	eRegulon	0.4904954432578371	0.2350198694720364	0.1152761750510855	eRegulon	chr4:433000-434000
8.5945	6.8622	eRegulon	0.0902317270428853	0.1950309540689304	0.0175979798124612	eRegulon	chr2:474000-475000
8.5945	6.6579	eRegulon	0.1801086145273628	0.0162597424716571	0.0029285196891418	eRegulon	chr2:15000-16000
8.5945	8.6721	eRegulon	0.1520472909027418	0.1851236204330925	0.0281475449689591	eRegulon	chr4:499000-500000
8.5945	8.6721	eRegulon	0.2415599802060863	0.5620090872675705	0.1357589039959949	eRegulon	chr1:458000-459000
8.5945	7.1111	eRegulon	0.2731847334203526	0.1440252226680204	0.03934549206037	eRegulon	chr4:263000-264000
8.5945	6.7915	eRegulon	0.4046719810644282	0.2632069716647124	0.1065124866535279	eRegulon	chr1:24000-25000
8.5945	6.6005	eRegulon	0.5674984836862857	0.18981278936562	0.1077184701492537	eRegulon	chr1:458000-459000
8.5945	6.8663	eRegulon	0.0301878735880164	-0.0275959323517739	0.0008330625173788	eRegulon	chr3:217000-218000
8.5945	6.6005	eRegulon	0.1396219669146757	0.1217586632218966	0.0170001840479428	eRegulon	chr4:255000-256000
8.5945	7.2469	eRegulon	0.2524631721489177	-0.2349840670412498	0.0593248229696878	eRegulon	chr1:449000-450000
8.5945	7.1111	eRegulon	0.0067000167544398	0.3857544248765167	0.0025845611097719	eRegulon	chr2:160000-161000
8.5945	6.8663	eRegulon	0.3687115780023713	0.2849340147343926	0.1050584701992688	eRegulon	chr2:15000-16000
8.5945	6.6579	eRegulon	0.0430556981465568	0.2250555501089532	0.0096899238316984	eRegulon	chr3:335000-336000
8.5945	8.6721	eRegulon	0.063010244318337	0.33841776442563	0.0213237860181243	eRegulon	chr4:327000-328000
8.5945	6.6579	eRegulon	0.0769625347347277	0.167838220743996	0.0129172548938247	eRegulon	chr4:388000-389000
8.5945	6.6579	eRegulon	0.3040767243386003	-0.250936664216452	0.0763039988713939	eRegulon	chr4:175000-176000
8.5945	6.8622	eRegulon	0.2501392894087011	0.1739567082073035	0.0435134073788516	eRegulon	chr3:325000-326000
8.5945	6.7915	eRegulon	0.0325780837268191	0.1918311290809152	0.0062494905846083	eRegulon	chr1:229000-230000
8.5945	6.6005	eRegulon	0.6218444754553533	0.3545881611476431	0.2204986890715344	eRegulon	chr3:337000-338000
8.5945	6.6579	eRegulon	0.2299821486803976	0.3739420382637922	0.0859999934418344	eRegulon	chr2:491000-492000
7.031	6.6075	eRegulon	0.144604397931151	0.1963317233758901	0.0283904306535558	eRegulon	chr2:186000-187000
7.031	7.0936	eRegulon	0.0047279834507568	0.0428194096127279	0.0002024494600201	eRegulon	chr4:336000-337000
7.031	8.2846	eRegulon	0.5174388667095956	0.2529439963308353	0.1308830548024235	eRegulon	chr3:74000-75000
7.031	6.4208	eRegulon	0.8069965610073756	0.1340203568576873	0.1081539670891349	eRegulon	chr4:139000-140000
7.031	6.7182	eRegulon	0.4420939051720894	-0.0782178706238958	0.0345796438783633	eRegulon	chr3:424000-425000
7.031	7.0936	eRegulon	0.1369303687887558	0.2023368571372201	0.0277060604673573	eRegulon	chr4:178000-179000
7.031	6.6075	eRegulon	0.8474388108475569	0.1300945247197636	0.1102471493262946	eRegulon	chr4:400000-401000
7.031	8.2846	eRegulon	0.0465804137646649	0.3318764452151639	0.0154589421368684	eRegulon	chr1:281000-282000
7.031	6.6075	eRegulon	0.138268342856177	0.0565734675275529	0.0078223196046624	eRegulon	chr4:252000-253000
7.031	7.0936	eRegulon	0.5700807109060576	0.233057237418205	0.1328614355891722	eRegulon	chr3:401000-402000
7.031	8.2846	eRegulon	0.8134868481607133	0.2903699143551351	0.2362121064294551	eRegulon	chr4:175000-176000
7.031	6.6075	eRegulon	0.1755889859501645	-0.1150039761477436	0.0201934315520192	eRegulon	chr3:338000-339000
7.031	6.8328	eRegulon	0.0395116262882686	-0.0138389973217154	0.0005468012903799	eRegulon	chr3:387000-388000
7.031	6.4208	eRegulon	0.316248615651796	0.2417928788098877	0.0764666631980895	eRegulon	chr2:114000-115000
7.031	6.6075	eRegulon	0.7268811943705707	0.3123565916789059	0.2270461324290838	eRegulon	chr2:151000-152000
7.031	6.6075	eRegulon	0.4037564301347188	0.4637626786068687	0.1872471635440242	eRegulon	chr2:204000-205000
7.031	7.0437	eRegulon	0.6250075217260761	0.3174310602422858	0.1983968002809118	eRegulon	chr4:23000-24000
7.031	6.4208	eRegulon	0.408806844815435	0.0536644151115577	0.0219383802206216	eRegulon	chr3:306000-307000
7.031	7.0936	eRegulon	0.9072201545486952	0.217339699559558	0.1971749558239892	eRegulon	chr3:434000-435000
7.031	6.6075	eRegulon	0.0267815342595806	0.2540971837153692	0.0068051124309361	eRegulon	chr2:419000-420000
7.031	7.581	eRegulon	0.6056221598302866	0.1277351043359787	0.0773592097741024	eRegulon	chr4:52000-53000
7.031	6.8328	eRegulon	0.3797695459062183	0.0864309729775925	0.0328238513599329	eRegulon	chr2:321000-322000
7.031	6.8328	eRegulon	0.0935073901350608	0.0715024052883807	0.0066860033068958	eRegulon	chr2:302000-303000
7.031	8.2846	eRegulon	0.0347857122503206	0.0112962957156821	0.0003929496922602	eRegulon	chr1:496000-497000
7.031	8.2846	eRegulon	0.1367654279728601	0.2465519412266866	0.0337197817594072	eRegulon	chr2:53000-54000
7.031	8.2846	eRegulon	0.0492022290753193	0.423470394735703	0.0208356873684019	eRegulon	chr2:98000-99000
7.031	6.7182	eRegulon	0.0145129110340484	0.1426264761630732	0.0020699253596545	eRegulon	chr4:394000-395000
7.031	7.0936	eRegulon	0.1608979970502003	0.1806448827305324	0.0290653998087109	eRegulon	chr1:298000-299000
6.7057	8.1231	eRegulon	0.2793908363980719	0.0639918997130105	0.0178787503835195	eRegulon	chr1:418000-419000
6.7057	8.1231	eRegulon	0.1874637067304712	0.2899844950566509	0.0543615683376837	eRegulon	chr4:135000-136000
6.7057	8.1231	eRegulon	0.2287241574147084	0.2272799382587743	0.0519844123755051	eRegulon	chr4:192000-193000
6.7057	8.1231	eRegulon	0.6326734306321075	0.477006098860405	0.3017890849984506	eRegulon	chr4:272000-273000
6.7057	6.6681	eRegulon	0.1600999001877306	0.1798597844963734	0.0287955335456561	eRegulon	chr4:468000-469000
6.7057	8.1231	eRegulon	0.1547414894226899	0.3488063524304784	0.0539748144951879	eRegulon	chr1:72000-73000
6.7057	8.1231	eRegulon	0.7682404345848398	0.5697316453786525	0.4376908868424318	eRegulon	chr1:252000-253000
6.7057	7.0634	eRegulon	0.0781624310929223	0.1733459034329899	0.0135491372323214	eRegulon	chr1:363000-364000
6.7057	8.1231	eRegulon	0.0666604314757536	0.427521930069481	0.0284987963237785	eRegulon	chr3:394000-395000
6.7057	7.0634	eRegulon	0.3776871055272924	0.3314070188794691	0.1251681577120154	eRegulon	chr1:307000-308000
6.7057	6.6681	eRegulon	0.1742345233548245	-0.0110499366944618	0.0019252804530605	eRegulon	chr4:336000-337000
6.7057	6.6681	eRegulon	0.1578744767820447	0.149517111518274	0.0236049357509101	eRegulon	chr4:284000-285000
6.7057	6.8892	eRegulon	0.5862773752167483	0.4219979619770985	0.2474078574947504	eRegulon	chr2:469000-470000
6.7057	6.8892	eRegulon	0.1771157867644603	0.3176004168966122	0.056252047715364	eRegulon	chr4:145000-146000
6.7057	8.1231	eRegulon	0.1763341166191535	0.0721186635411462	0.0127169808272819	eRegulon	chr1:499000-500000
6.7057	8.1231	eRegulon	0.1014766034022202	0.0876600960109343	0.0088954487971021	eRegulon	chr1:140000-141000
6.9383	8.1784	eRegulon	0.0739402287356382	-0.0550307311822099	0.004068984851102	eRegulon	chr2:286000-287000
6.9383	7.0251	eRegulon	0.2241406796947691	0.3933904794073454	0.0881748094398135	eRegulon	chr2:159000-160000
6.9383	8.1784	eRegulon	0.1601477716427236	0.1725232596642157	0.0276292155917631	eRegulon	chr4:293000-294000
6.9383	8.1784	eRegulon	0.1819611536371355	0.4396059184928772	0.0799912000746765	eRegulon	chr4:238000-239000
6.9383	8.1784	eRegulon	0.170626776756926	0.1441867637820567	0.0246021227551446	eRegulon	chr1:5000-6000
6.9383	8.1784	eRegulon	0.0105795853177387	0.2837205084539673	0.0030016453255809	eRegulon	chr3:210000-211000
8.0338	7.8165	eRegulon	0.0277966376859346	0.3322641558422916	0.0092358263559711	eRegulon	chr2:315000-316000
8.0338	8.1231	eRegulon	0.2793908363980719	0.0639918997130105	0.0178787503835195	eRegulon	chr1:418000-419000
8.0338	6.995	eRegulon	0.3720488396981161	0.0734155459484111	0.02731416868591	eRegulon	chr2:294000-295000
8.0338	8.1231	eRegulon	0.1874637067304712	0.2899844950566509	0.0543615683376837	eRegulon	chr4:135000-136000
8.0338	8.1231	eRegulon	0.2287241574147084	0.2272799382587743	0.0519844123755051	eRegulon	chr4:192000-193000
8.0338	8.1231	eRegulon	0.6326734306321075	0.477006098860405	0.3017890849984506	eRegulon	chr4:272000-273000
8.0338	7.8165	eRegulon	0.4751450101911925	0.046815077430393	0.0222439504427655	eRegulon	chr1:38000-39000
8.0338	8.1231	eRegulon	0.1547414894226899	0.3488063524304784	0.0539748144951879	eRegulon	chr1:72000-73000
8.0338	8.1231	eRegulon	0.7682404345848398	0.5697316453786525	0.4376908868424318	eRegulon	chr1:252000-253000
8.0338	6.995	eRegulon	0.8585237877462458	0.2487765194793595	0.2135805598057475	eRegulon	chr3:143000-144000
8.0338	6.995	eRegulon	0.0452552731613991	-0.1311626374573853	0.0059358009867035	eRegulon	chr2:229000-230000
8.0338	7.8165	eRegulon	0.6348231203305861	0.1525162471606232	0.0968208399236177	eRegulon	chr1:474000-475000
8.0338	6.995	eRegulon	0.1591327653245619	0.1831628799572512	0.0291472155924081	eRegulon	chr1:330000-331000
8.0338	8.1231	eRegulon	0.0666604314757536	0.427521930069481	0.0284987963237785	eRegulon	chr3:394000-395000
8.0338	7.8165	eRegulon	0.3197070404398948	0.0300822573098382	0.0096175094542797	eRegulon	chr4:289000-290000
8.0338	7.8165	eRegulon	0.3454029118692526	0.3243820911239383	0.1120425188324455	eRegulon	chr4:300000-301000
8.0338	6.995	eRegulon	0.8821059365347373	0.4110402118837626	0.3625810110571633	eRegulon	chr3:428000-429000
8.0338	8.1231	eRegulon	0.1763341166191535	0.0721186635411462	0.0127169808272819	eRegulon	chr1:499000-500000
8.0338	8.1231	eRegulon	0.1014766034022202	0.0876600960109343	0.0088954487971021	eRegulon	chr1:140000-141000
8.0338	6.995	eRegulon	0.023088582277145	0.2713382653892874	0.0062648158653783	eRegulon	chr2:96000-97000
6.771	6.7869	eRegulon	0.3455695254492357	0.3133902922687478	0.1082981345797084	eRegulon	chr3:15000-16000
6.771	6.4208	eRegulon	0.8069965610073756	0.1340203568576873	0.1081539670891349	eRegulon	chr4:139000-140000
6.771	6.7869	eRegulon	0.434196959271595	0.3638747807128029	0.1579933233411174	eRegulon	chr3:292000-293000
6.771	6.4208	eRegulon	0.316248615651796	0.2417928788098877	0.0764666631980895	eRegulon	chr2:114000-115000
6.771	6.7869	eRegulon	0.090170740001759	0.3194139058997853	0.0288017882618358	eRegulon	chr2:92000-93000
6.771	6.4208	eRegulon	0.408806844815435	0.0536644151115577	0.0219383802206216	eRegulon	chr3:306000-307000
6.771	6.7869	eRegulon	0.0806316136394208	0.3007916911721746	0.0242533194285427	eRegulon	chr2:330000-331000
7.1619	7.0335	eRegulon	0.1677498660454059	0.1447325016369955	0.0242788577620224	eRegulon	chr1:116000-117000
7.1619	7.0561	eRegulon	0.6985337042602896	0.3286796988182699	0.2295938475306824	eRegulon	chr2:366000-367000
7.1619	7.0561	eRegulon	0.603117714014076	0.2226619943229092	0.1342913930138482	eRegulon	chr1:9000-10000
7.1619	14.48	eRegulon	0.1592273440516133	0.286560819077081	0.0456283181308985	eRegulon	chr4:443000-444000
7.1619	8.1784	eRegulon	0.0739402287356382	-0.0550307311822099	0.004068984851102	eRegulon	chr2:286000-287000
7.1619	14.48	eRegulon	0.2687238391978538	0.0330418359404432	0.0088791290080615	eRegulon	chr4:342000-343000
7.1619	8.1784	eRegulon	0.1601477716427236	0.1725232596642157	0.0276292155917631	eRegulon	chr4:293000-294000
7.1619	8.1784	eRegulon	0.1819611536371355	0.4396059184928772	0.0799912000746765	eRegulon	chr4:238000-239000
7.1619	8.1784	eRegulon	0.170626776756926	0.1441867637820567	0.0246021227551446	eRegulon	chr1:5000-6000
7.1619	7.1314	eRegulon	0.5205112605463846	0.2184659126881414	0.1137139675997208	eRegulon	chr2:299000-300000
7.1619	7.0335	eRegulon	1.367066427668585	0.2179400394000656	0.2979385111085984	eRegulon	chr2:388000-389000
7.1619	6.8558	eRegulon	0.0794384537524375	0.0738003257286535	0.0058625837623104	eRegulon	chr1:317000-318000
7.1619	7.0561	eRegulon	0.4515859519888406	0.2416037692947014	0.1091048681610399	eRegulon	chr1:498000-499000
7.1619	7.0335	eRegulon	0.1448187233588616	0.289178161318478	0.0418784121454049	eRegulon	chr2:27000-28000
7.1619	7.1314	eRegulon	0.0156415448130343	0.1743141565317427	0.0027265426909375	eRegulon	chr4:218000-219000
7.1619	8.1784	eRegulon	0.0105795853177387	0.2837205084539673	0.0030016453255809	eRegulon	chr3:210000-211000
7.1619	6.9398	eRegulon	0.1978432465156695	0.0636878628635412	0.0126002135525677	eRegulon	chr2:126000-127000
7.1619	6.8558	eRegulon	0.1032530634864524	0.072250673849841	0.0074601034139566	eRegulon	chr3:30000-31000
7.1619	14.48	eRegulon	0.0337083259622134	0.1907572932811591	0.0064301090215908	eRegulon	chr1:269000-270000
6.891	7.0387	eRegulon	1.0695962893806452	-0.0526431067548822	0.0563068716464911	eRegulon	chr4:262000-263000
6.891	7.0387	eRegulon	0.0288152203819959	0.188834985634993	0.0054413217269033	eRegulon	chr1:274000-275000
6.891	6.6873	eRegulon	0.5298586280859117	0.2475413925518244	0.1311619426519858	eRegulon	chr4:128000-129000
6.891	6.6873	eRegulon	0.6786754071306506	0.2664797989873594	0.1808532860698401	eRegulon	chr1:21000-22000
6.891	7.0387	eRegulon	0.0261661189996404	0.1084965533752466	0.0028389337266675	eRegulon	chr1:75000-76000
6.891	7.0387	eRegulon	0.0672105006542189	0.1699895941339355	0.0114250857277492	eRegulon	chr1:414000-415000
7.2312	7.4325	eRegulon	0.0817776932354237	0.3716557303212025	0.0303931483033946	eRegulon	chr4:259000-260000
7.2312	7.6232	eRegulon	0.0363920711561283	0.242670888375431	0.0088312962372795	eRegulon	chr3:387000-388000
7.2312	8.375	eRegulon	0.3575033849064711	0.3883634188360281	0.1388412368077296	eRegulon	chr3:121000-122000
7.2312	7.4325	eRegulon	0.0746088783541249	0.4691836795276681	0.0350052680716205	eRegulon	chr1:453000-454000
7.2312	7.4325	eRegulon	0.0324458992995823	0.2263318744835762	0.0073435412077798	eRegulon	chr3:245000-246000
7.2312	7.0734	eRegulon	0.6143110657364282	0.1029594833441639	0.0632491499408253	eRegulon	chr3:393000-394000
7.2312	7.0734	eRegulon	0.1544735068289708	0.3060226143970601	0.0472723864148837	eRegulon	chr3:98000-99000
7.2312	7.6232	eRegulon	0.964635528451802	0.1152838993743586	0.1112069451949688	eRegulon	chr4:434000-435000
7.2312	7.6232	eRegulon	0.1351796656927394	0.3406873306265983	0.0460539994598553	eRegulon	chr1:124000-125000
7.2312	7.0734	eRegulon	0.2755971723582158	0.1890729249421742	0.0521079634835603	eRegulon	chr4:205000-206000
7.2312	7.0734	eRegulon	0.0926453869073432	0.2619498368206696	0.0242684439825663	eRegulon	chr1:258000-259000
7.2312	7.4325	eRegulon	0.3636002035764627	0.3303158750886156	0.120102919426758	eRegulon	chr4:401000-402000
7.2312	7.0734	eRegulon	1.1957238719136074	0.15641022839853	0.187023443907582	eRegulon	chr2:269000-270000
7.2312	7.4325	eRegulon	0.2484594988829804	0.3626297366065314	0.0900988026373259	eRegulon	chr4:167000-168000
6.7822	6.8697	eRegulon	0.0906678682644839	0.3500728411643157	0.0317403582456598	eRegulon	chr3:16000-17000
6.7822	7.1123	eRegulon	0.9941206428390617	0.3110511226921608	0.3092223420465427	eRegulon	chr1:180000-181000
6.7822	7.1023	eRegulon	0.5577799477981339	0.2952668826352969	0.1646939463828336	eRegulon	chr4:316000-317000
6.7822	7.1151	eRegulon	0.3428063339252916	0.1190381961013109	0.0408070476025703	eRegulon	chr3:384000-385000
6.7822	7.1151	eRegulon	0.9240671359325126	0.1044146701886184	0.0964861652305345	eRegulon	chr1:456000-457000
6.7822	7.1151	eRegulon	0.611827179368059	0.580803665260623	0.3553514682830372	eRegulon	chr3:205000-206000
6.7822	7.1123	eRegulon	0.2010602206987631	0.2410050118957887	0.0484565208812753	eRegulon	chr4:85000-86000
6.7822	7.1023	eRegulon	0.1094139559046571	0.0340537728157487	0.0037259579972495	eRegulon	chr4:278000-279000
6.7822	7.1023	eRegulon	0.1097854088864141	0.0221209179304695	0.0024285540199394	eRegulon	chr3:270000-271000
6.7822	7.1123	eRegulon	0.1546388242037017	0.4591224107046481	0.0709981497569358	eRegulon	chr1:269000-270000
6.7822	7.1151	eRegulon	0.4769014716613619	0.0833914886211643	0.0397695236474649	eRegulon	chr3:390000-391000
6.7822	7.1023	eRegulon	0.4570479389538985	0.1465564558092823	0.0669833260680206	eRegulon	chr2:114000-115000
6.7822	7.1123	eRegulon	0.5152532718614813	0.2488761278221887	0.1282342391485989	eRegulon	chr4:478000-479000
6.7822	7.1151	eRegulon	0.0173402244676309	0.2283269535696371	0.0039592406269078	eRegulon	chr2:280000-281000
6.7822	7.1023	eRegulon	0.1452416991764004	0.0479947988613013	0.0069708461382449	eRegulon	chr3:220000-221000
6.7822	7.521	eRegulon	0.6079478981701785	0.4523393516385586	0.2749987580883229	eRegulon	chr4:343000-344000
7.4419	6.777	eRegulon	0.1575373567175226	0.1695431920935511	0.0267093863318692	eRegulon	chr1:317000-318000
7.4419	6.7182	eRegulon	0.4420939051720894	-0.0782178706238958	0.0345796438783633	eRegulon	chr3:424000-425000
7.4419	7.3616	eRegulon	0.2392899359851711	0.0773897283366918	0.0185185831395967	eRegulon	chr4:37000-38000
7.4419	7.9835	eRegulon	0.2623475253272013	0.1787585284766285	0.0468968575769755	eRegulon	chr3:472000-473000
7.4419	6.777	eRegulon	0.127854517844197	-0.109762456938448	0.0140336260092597	eRegulon	chr4:184000-185000
7.4419	7.9835	eRegulon	0.4067863010594775	-0.0068638589619447	0.0027921237981234	eRegulon	chr2:242000-243000
7.4419	6.7182	eRegulon	0.0145129110340484	0.1426264761630732	0.0020699253596545	eRegulon	chr4:394000-395000
7.4419	7.3616	eRegulon	0.2090383725916114	-0.088818732750534	0.0185665233498209	eRegulon	chr2:97000-98000
7.4419	6.777	eRegulon	0.1791239242198055	0.2384255908541417	0.0427077274682196	eRegulon	chr2:418000-419000
7.4419	6.777	eRegulon	0.0161301197330154	0.3031899458077142	0.0048904901277248	eRegulon	chr4:486000-487000
6.8277	6.8223	eRegulon	0.0602415258625876	-0.0111267542076731	0.0006702926513681	eRegulon	chr4:201000-202000
6.8277	6.8606	eRegulon	0.5900962513209307	0.054953578530618	0.0324279006875881	eRegulon	chr3:324000-325000
6.8277	6.9864	eRegulon	0.2448068758330722	0.3687197966889787	0.0902651414852344	eRegulon	chr1:301000-302000
6.8277	6.8606	eRegulon	0.4497859194775379	0.1967949058477346	0.0885155776752188	eRegulon	chr4:141000-142000
6.8277	6.8606	eRegulon	0.3650739427905373	0.3448096226886756	0.1258810084670723	eRegulon	chr4:351000-352000
6.8277	6.7106	eRegulon	0.1391642983626757	0.1519862028583414	0.0211510532815883	eRegulon	chr1:30000-31000
6.8277	6.8223	eRegulon	0.6891456013339151	0.1000641913612658	0.0689587973276515	eRegulon	chr3:82000-83000
6.8277	6.7497	eRegulon	0.615347281110093	0.0705836353935319	0.043433448130276	eRegulon	chr3:174000-175000
6.8277	6.9864	eRegulon	0.2587475914314158	0.1441591273571601	0.0373008269865199	eRegulon	chr3:305000-306000
6.8277	6.8223	eRegulon	0.0702730796701084	0.1461944340426621	0.0102735331108064	eRegulon	chr2:412000-413000
6.8277	6.7106	eRegulon	0.1416810407596639	0.0804591109314463	0.0113995305753645	eRegulon	chr1:447000-448000
6.8277	6.7106	eRegulon	0.2156104243953284	0.2126252345278544	0.0458442170537069	eRegulon	chr2:167000-168000
6.8277	6.8223	eRegulon	0.2366785602840793	0.23984254897588	0.056765589186475	eRegulon	chr1:454000-455000
6.8277	6.9864	eRegulon	0.1605529375020067	0.2082893893818526	0.0334414733157557	eRegulon	chr2:498000-499000
6.777	6.9276	eRegulon	1.2806321818805952	0.1283927404137019	0.1644238752936279	eRegulon	chr2:10000-11000
6.777	6.9276	eRegulon	0.3453705663259408	0.4443985004927039	0.153482161789564	eRegulon	chr3:16000-17000
6.777	7.1802	eRegulon	0.0089411748464908	0.0841445323528549	0.000752350976143	eRegulon	chr1:130000-131000
6.777	7.9835	eRegulon	0.2623475253272013	0.1787585284766285	0.0468968575769755	eRegulon	chr3:472000-473000
6.777	6.9418	eRegulon	0.0626762793513889	0.2746227885958486	0.0172123346142908	eRegulon	chr3:260000-261000
6.777	6.9276	eRegulon	0.0309447836005138	0.515550965459258	0.0159536130611727	eRegulon	chr3:356000-357000
6.777	6.8607	eRegulon	0.0068468957790002	0.2343612032308554	0.0016046467331627	eRegulon	chr1:0-1000
6.777	7.284	eRegulon	0.2256505116106087	0.2364323019725412	0.0533510699013778	eRegulon	chr2:151000-152000
6.777	6.8607	eRegulon	0.1737115015603578	0.2224034302198677	0.0386340338156675	eRegulon	chr3:346000-347000
6.777	7.9835	eRegulon	0.4067863010594775	-0.0068638589619447	0.0027921237981234	eRegulon	chr2:242000-243000
6.777	6.8607	eRegulon	0.1549345734084307	0.3431643614878928	0.0531680239561032	eRegulon	chr4:32000-33000
6.777	7.1802	eRegulon	0.731175752650795	0.3204171253872231	0.234281232817207	eRegulon	chr1:274000-275000
6.777	6.8607	eRegulon	0.7210091531415171	-0.0214695462432702	0.0154797393551929	eRegulon	chr3:437000-438000
7.327	7.5236	eRegulon	1.1823861181143993	0.3621171088331932	0.4281622426160888	eRegulon	chr1:373000-374000
7.327	7.2699	eRegulon	0.3937230533433409	0.2758140719937226	0.1085943585804285	eRegulon	chr3:364000-365000
7.327	7.5236	eRegulon	0.2189923781155561	0.4513321090316728	0.0988382918767555	eRegulon	chr4:153000-154000
7.327	7.2699	eRegulon	0.0101860664627414	0.4034117220210063	0.0041091786123549	eRegulon	chr1:219000-220000
7.327	9.9524	eRegulon	0.2092391109834158	0.1548117147009798	0.0323926655538512	eRegulon	chr4:366000-367000
7.327	7.2699	eRegulon	0.4337378135216403	0.4623836303790731	0.2005532648488175	eRegulon	chr3:230000-231000
7.327	7.2699	eRegulon	0.0414940811260979	0.1425921811762164	0.0059167315336731	eRegulon	chr3:111000-112000
7.327	9.9524	eRegulon	0.8754696902202864	0.2894595603676481	0.2534130716463652	eRegulon	chr1:0-1000
7.327	7.2699	eRegulon	0.015787240977805	0.2932282772923835	0.0046292654751215	eRegulon	chr3:212000-213000
7.327	6.8535	eRegulon	0.4381455401678584	0.3613486203238847	0.1583232864407188	eRegulon	chr3:435000-436000
7.327	6.8535	eRegulon	0.0053484071402461	0.2634318270129996	0.0014089406645644	eRegulon	chr1:383000-384000
7.327	7.8162	eRegulon	0.1069486030678102	0.214694489671419	0.0229612757567146	eRegulon	chr3:477000-478000
7.327	7.2699	eRegulon	0.147637841545004	0.3225255517146472	0.047616976298262	eRegulon	chr2:377000-378000
7.1474	7.7375	eRegulon	0.3737204366541466	0.133735096516098	0.0499795386659806	eRegulon	chr4:33000-34000
7.1474	6.7993	eRegulon	0.4301662878718388	-0.0909866827904864	0.039139403581756	eRegulon	chr1:246000-247000
7.1474	7.7375	eRegulon	0.1880394086853814	-0.1481106060967195	0.0278506307904606	eRegulon	chr1:74000-75000
7.1474	7.7375	eRegulon	0.0129014342812041	0.0423632063257719	0.000546546122353	eRegulon	chr4:481000-482000
7.1474	7.7375	eRegulon	0.8275143616205899	0.3098960115823368	0.2564434001933244	eRegulon	chr2:10000-11000
7.1474	7.7375	eRegulon	0.0847365902747213	-0.1624677647818734	0.0137669644171714	eRegulon	chr1:303000-304000
7.1474	6.7993	eRegulon	0.2650080312199814	0.3021509358112336	0.08007242463061	eRegulon	chr4:493000-494000
7.1474	6.3792	eRegulon	0.1673204837857467	0.2896478969529874	0.0484640262456979	eRegulon	chr1:493000-494000
7.1474	7.7375	eRegulon	0.3270365577446136	0.2277065712171625	0.0744683732266895	eRegulon	chr3:431000-432000
7.1474	6.3792	eRegulon	0.3933476928466434	-0.1364433062589691	0.0536696597213334	eRegulon	chr1:216000-217000
7.1474	6.7993	eRegulon	0.145709481222508	0.5017738994663941	0.0731132145822431	eRegulon	chr4:271000-272000
7.1474	6.7993	eRegulon	0.2082919461473682	0.2546210444081992	0.0530355128698592	eRegulon	chr4:444000-445000
7.1474	6.8253	eRegulon	0.3570160062188601	0.0942907346583674	0.0336633015111726	eRegulon	chr2:76000-77000
7.1474	6.7993	eRegulon	0.0331656709196789	0.4037874304426742	0.0133918810395644	eRegulon	chr1:35000-36000
7.1474	7.7375	eRegulon	1.1951094272717038	0.0782478349513106	0.0935147252139117	eRegulon	chr2:404000-405000
7.1474	7.7375	eRegulon	0.6657875086574712	0.0372142014463969	0.0247767504676738	eRegulon	chr2:288000-289000
7.1474	7.7375	eRegulon	0.4236142080510653	0.1959873131638793	0.0830230104539728	eRegulon	chr2:199000-200000
7.1123	6.5975	eRegulon	0.2802098445453251	0.0570458316175246	0.0159848036095053	eRegulon	chr1:216000-217000
7.1123	7.4156	eRegulon	0.6738355537396767	0.1127478629077034	0.0759735186353775	eRegulon	chr2:243000-244000
7.1123	6.5975	eRegulon	0.3280739051765019	0.2614727985392769	0.0857824021142093	eRegulon	chr4:390000-391000
7.1123	6.7764	eRegulon	0.2911498961756308	0.2907026145424403	0.0846380360420159	eRegulon	chr4:416000-417000
6.9423	6.7092	eRegulon	0.0283887476434862	-0.0102776594188421	0.0002917698796072	eRegulon	chr1:197000-198000
6.9423	6.7092	eRegulon	0.0958166676450183	0.3856724467960193	0.0369538486544952	eRegulon	chr3:122000-123000
6.9423	7.1539	eRegulon	0.2203831272558113	0.2172292202320843	0.0478736548860881	eRegulon	chr1:153000-154000
6.9423	6.777	eRegulon	0.1575373567175226	0.1695431920935511	0.0267093863318692	eRegulon	chr1:317000-318000
6.9423	7.2309	eRegulon	0.3764998825856933	0.0255169189864394	0.009607117002343	eRegulon	chr4:355000-356000
6.9423	6.7092	eRegulon	0.7797916904094297	0.3352211944921679	0.2614027019141158	eRegulon	chr3:125000-126000
6.9423	6.6847	eRegulon	0.3230733707148787	0.2414815500339	0.0780162583349057	eRegulon	chr2:214000-215000
6.9423	6.7092	eRegulon	0.5807501231507306	0.0899318039321954	0.0522279062087898	eRegulon	chr4:99000-100000
6.9423	6.7092	eRegulon	1.480804722593433	0.3614219468960019	0.5351953258125126	eRegulon	chr2:278000-279000
6.9423	7.1539	eRegulon	0.3833864134423196	0.0531567130839094	0.0203795615796224	eRegulon	chr2:487000-488000
6.9423	6.7092	eRegulon	0.0347122283459293	0.2134371021882873	0.0074088774286532	eRegulon	chr3:71000-72000
6.9423	6.7092	eRegulon	0.074825271224889	0.3505349840274928	0.0262288752536693	eRegulon	chr3:36000-37000
6.9423	6.7092	eRegulon	1.0977688664541996	0.2142734784023696	0.2352227534969677	eRegulon	chr2:70000-71000
6.9423	6.7092	eRegulon	0.1498193054150002	0.2377210413410768	0.0356152012962506	eRegulon	chr3:16000-17000
6.9423	6.777	eRegulon	0.127854517844197	-0.109762456938448	0.0140336260092597	eRegulon	chr4:184000-185000
6.9423	6.7092	eRegulon	0.2611196272273807	0.1643433436781181	0.0429132726385315	eRegulon	chr3:61000-62000
6.9423	6.7092	eRegulon	0.0398612730151421	0.3657527658277415	0.0145793708547029	eRegulon	chr2:212000-213000
6.9423	6.6847	eRegulon	0.0736646425451394	0.4200236624607153	0.0309408929556689	eRegulon	chr4:308000-309000
6.9423	6.6847	eRegulon	0.1008114080258265	0.187868064066331	0.018939244061613	eRegulon	chr3:466000-467000
6.9423	6.777	eRegulon	0.1791239242198055	0.2384255908541417	0.0427077274682196	eRegulon	chr2:418000-419000
6.9423	6.777	eRegulon	0.0161301197330154	0.3031899458077142	0.0048904901277248	eRegulon	chr4:486000-487000
7.1287	6.995	eRegulon	0.3720488396981161	0.0734155459484111	0.02731416868591	eRegulon	chr2:294000-295000
7.1287	7.7691	eRegulon	0.035364062391564	0.4355048420814008	0.0154012204071949	eRegulon	chr4:381000-382000
7.1287	6.8111	eRegulon	0.0361617364195407	0.4312056495377274	0.0155931450412001	eRegulon	chr3:371000-372000
7.1287	6.8111	eRegulon	0.1533979692198309	0.0637918934644343	0.009785546910132	eRegulon	chr3:206000-207000
7.1287	7.9043	eRegulon	0.0248252062043392	0.4442594934692807	0.0110288335336101	eRegulon	chr3:190000-191000
7.1287	6.995	eRegulon	0.8585237877462458	0.2487765194793595	0.2135805598057475	eRegulon	chr3:143000-144000
7.1287	7.2791	eRegulon	0.1317304111568972	0.2416974597114062	0.0318389057433611	eRegulon	chr2:422000-423000
7.1287	6.995	eRegulon	0.0452552731613991	-0.1311626374573853	0.0059358009867035	eRegulon	chr2:229000-230000
7.1287	9.9524	eRegulon	0.2092391109834158	0.1548117147009798	0.0323926655538512	eRegulon	chr4:366000-367000
7.1287	6.8699	eRegulon	0.9310968702206056	-0.0840422000430678	0.0782514294265545	eRegulon	chr3:313000-314000
7.1287	6.8832	eRegulon	0.0878369597768304	0.1164079549455949	0.0102249208562593	eRegulon	chr2:443000-444000
7.1287	6.995	eRegulon	0.1591327653245619	0.1831628799572512	0.0291472155924081	eRegulon	chr1:330000-331000
7.1287	7.9043	eRegulon	0.0047849084457948	0.2536757523006535	0.0012138152496767	eRegulon	chr1:39000-40000
7.1287	9.9524	eRegulon	0.8754696902202864	0.2894595603676481	0.2534130716463652	eRegulon	chr1:0-1000
7.1287	7.9043	eRegulon	0.3820584583393458	0.2974246047288859	0.1136335859549074	eRegulon	chr2:437000-438000
7.1287	6.8699	eRegulon	0.4036392261496206	0.2762912559850163	0.1115219887576987	eRegulon	chr4:9000-10000
7.1287	6.8832	eRegulon	0.0288798010729964	0.042127988450538	0.001216647926057	eRegulon	chr1:65000-66000
7.1287	7.2791	eRegulon	0.339146323933862	0.0108182222221536	0.003668960298143	eRegulon	chr4:57000-58000
7.1287	6.995	eRegulon	0.8821059365347373	0.4110402118837626	0.3625810110571633	eRegulon	chr3:428000-429000
7.1287	7.7691	eRegulon	0.0816754064624814	-0.1138799808623733	0.0093011937248739	eRegulon	chr1:16000-17000
7.1287	6.8699	eRegulon	0.2317357046106705	0.305919282366399	0.0708924204531681	eRegulon	chr2:11000-12000
7.1287	7.9043	eRegulon	0.6865955161582652	0.2464756389799884	0.1692290685659034	eRegulon	chr4:306000-307000
7.1287	6.995	eRegulon	0.023088582277145	0.2713382653892874	0.0062648158653783	eRegulon	chr2:96000-97000
7.3081	7.4109	eRegulon	1.2851596726657617	0.2225590679714311	0.2860239389429614	eRegulon	chr1:40000-41000
7.3081	7.6718	eRegulon	1.3803603934185973	0.1423166683655262	0.1964482923350617	eRegulon	chr4:442000-443000
7.3081	8.0062	eRegulon	0.3821068330497506	0.0981137124929841	0.0374899199594479	eRegulon	chr2:497000-498000
7.3081	7.4109	eRegulon	0.2452138444211516	0.425155826000669	0.1042540945716742	eRegulon	chr4:375000-376000
7.3081	8.0062	eRegulon	0.1342484678471258	0.1005648623673577	0.0135006786920748	eRegulon	chr1:9000-10000
7.3081	8.0062	eRegulon	0.1951730642406275	0.1537175597489319	0.0300015271637907	eRegulon	chr1:216000-217000
7.3081	7.6718	eRegulon	0.2354509574441993	0.277579525180852	0.0653563649707378	eRegulon	chr1:53000-54000
7.3081	8.0062	eRegulon	0.2195865364754476	0.0228780777036732	0.0050237178441657	eRegulon	chr2:239000-240000
7.3081	8.0062	eRegulon	0.0979092185142581	0.3559092579563207	0.0348467973084928	eRegulon	chr4:440000-441000
7.3081	6.8113	eRegulon	0.1080412127783367	0.4028042714271072	0.043519461997279	eRegulon	chr4:165000-166000
7.3081	8.0062	eRegulon	0.2777485657327076	0.2339762974508017	0.0649865810324095	eRegulon	chr4:422000-423000
7.3081	6.67	eRegulon	0.3826676161977713	0.5696318661498831	0.2179796683298637	eRegulon	chr1:370000-371000
7.3081	6.8113	eRegulon	0.2607996615346661	0.1991067936180906	0.0519269843848506	eRegulon	chr2:75000-76000
7.3081	6.8113	eRegulon	0.2095263886583864	0.3303642929367986	0.0692200372407287	eRegulon	chr1:219000-220000
7.3081	8.0062	eRegulon	0.1336161711156215	0.5588164452910989	0.0746669137762388	eRegulon	chr1:64000-65000
7.3081	8.0062	eRegulon	0.742849357170191	0.0178373489333653	0.0132504631887708	eRegulon	chr4:68000-69000
7.3081	8.0062	eRegulon	0.2642800936845628	0.092418098414981	0.0244242637072603	eRegulon	chr1:298000-299000
7.0582	6.6579	eRegulon	0.2684305426285738	0.2686827615500022	0.0721226594778108	eRegulon	chr2:304000-305000
7.0582	6.8033	eRegulon	0.104632820451648	0.3568356752519475	0.0373367231393796	eRegulon	chr2:492000-493000
7.0582	7.9793	eRegulon	0.0538333969679852	0.2882492777690963	0.0155174377958787	eRegulon	chr2:297000-298000
7.0582	8.4123	eRegulon	0.2217162344949956	0.4021783671993554	0.0891694731707867	eRegulon	chr1:371000-372000
7.0582	6.6579	eRegulon	0.1801086145273628	0.0162597424716571	0.0029285196891418	eRegulon	chr2:15000-16000
7.0582	6.7604	eRegulon	0.0382917223493201	0.2575417956181898	0.009861718931157	eRegulon	chr4:65000-66000
7.0582	7.9793	eRegulon	1.0266298961001723	0.1088981601851817	0.1117981068764131	eRegulon	chr4:380000-381000
7.0582	6.8033	eRegulon	0.1464860489748613	-0.0760493554351257	0.0111401696047764	eRegulon	chr2:184000-185000
7.0582	7.9793	eRegulon	0.2391143919081805	0.190890288442176	0.0456446152420281	eRegulon	chr3:392000-393000
7.0582	6.7604	eRegulon	0.0236029511753476	0.2759550466289381	0.0065133534921736	eRegulon	chr1:4000-5000
7.0582	7.9793	eRegulon	0.0819927755949473	0.2748628348198914	0.0225367667347784	eRegulon	chr1:12000-13000
7.0582	7.9793	eRegulon	0.8798624257455593	0.4020004585632298	0.3537050986222706	eRegulon	chr1:453000-454000
7.0582	6.8033	eRegulon	0.3347737829453825	-0.0142222743167646	0.0047612445751102	eRegulon	chr2:81000-82000
7.0582	6.8941	eRegulon	0.7158392190991173	0.1527963659452424	0.1093776312794252	eRegulon	chr1:296000-297000
7.0582	6.7604	eRegulon	0.0165380186867073	0.1694409307937602	0.0028022172797602	eRegulon	chr4:281000-282000
7.0582	8.4123	eRegulon	0.2388262758743692	0.290464202742325	0.0693704838157672	eRegulon	chr3:146000-147000
7.0582	7.9793	eRegulon	0.6763002479688768	0.2647180750992139	0.1790288998314421	eRegulon	chr3:45000-46000
7.0582	6.8941	eRegulon	0.3021471563091107	0.1516957768261912	0.0458344475921351	eRegulon	chr2:359000-360000
7.0582	6.6579	eRegulon	0.0430556981465568	0.2250555501089532	0.0096899238316984	eRegulon	chr3:335000-336000
7.0582	6.7604	eRegulon	0.01696040939587	0.0809320213971545	0.001372640216131	eRegulon	chr3:216000-217000
7.0582	6.8033	eRegulon	0.2194091759586818	-0.0948893491220466	0.0208195938981239	eRegulon	chr4:397000-398000
7.0582	6.6579	eRegulon	0.0769625347347277	0.167838220743996	0.0129172548938247	eRegulon	chr4:388000-389000
7.0582	6.6579	eRegulon	0.3040767243386003	-0.250936664216452	0.0763039988713939	eRegulon	chr4:175000-176000
7.0582	6.8941	eRegulon	0.1836165233750944	0.089145701296515	0.0163686237459007	eRegulon	chr3:311000-312000
7.0582	6.8941	eRegulon	0.3351788396681562	0.084083840975843	0.0281831242531248	eRegulon	chr2:304000-305000
7.0582	6.6579	eRegulon	0.2299821486803976	0.3739420382637922	0.0859999934418344	eRegulon	chr2:491000-492000
7.0035	6.7581	eRegulon	0.1740272527756195	0.1562459375310085	0.0271910512658724	eRegulon	chr3:363000-364000
7.0035	6.9607	eRegulon	0.0286910839620958	0.0951280132862124	0.002729325816342	eRegulon	chr2:68000-69000
7.0035	6.9607	eRegulon	0.1136281144253034	0.0658089046670744	0.0074777417497142	eRegulon	chr1:363000-364000
7.0035	6.7376	eRegulon	0.319271379418718	0.0084169301115375	0.0026872848871815	eRegulon	chr2:431000-432000
7.0035	6.7581	eRegulon	0.5074363157050544	0.2715505579092609	0.1377946146331274	eRegulon	chr4:409000-410000
7.0035	7.1556	eRegulon	0.3116138952939526	0.1347265103217872	0.041982652680733	eRegulon	chr1:496000-497000
7.0035	6.7376	eRegulon	0.250102300486341	-0.0906043474714689	0.0226603557366781	eRegulon	chr3:423000-424000
7.0035	6.7274	eRegulon	0.1486473231721254	0.0954590382379142	0.0141897305066515	eRegulon	chr3:67000-68000
7.0035	6.7376	eRegulon	0.139532370470504	-0.1306056362876859	0.0182237140280293	eRegulon	chr1:226000-227000
7.0035	6.7581	eRegulon	0.2851661743129584	0.3183348947050176	0.0907783440733483	eRegulon	chr1:385000-386000
7.0035	6.6677	eRegulon	0.2546237227773938	0.0871765391614125	0.0221972149401281	eRegulon	chr1:340000-341000
7.0035	7.8116	eRegulon	0.0299636852545046	0.3349152561133582	0.0100352953211124	eRegulon	chr4:420000-421000
7.0035	6.9007	eRegulon	0.0379665263782291	0.03292203505983	0.001249935312524	eRegulon	chr1:244000-245000
7.0035	7.0491	eRegulon	0.0573778172617414	0.2254162746289529	0.0129338938134825	eRegulon	chr1:257000-258000
7.0035	7.013	eRegulon	1.1317690427056992	0.0703413393628729	0.0796101503133553	eRegulon	chr4:323000-324000
7.0035	6.7376	eRegulon	0.621848673195601	0.3231138955971959	0.2009279472681782	eRegulon	chr3:116000-117000
7.0035	6.7581	eRegulon	0.065064658338251	0.2444863317711142	0.0159074196450598	eRegulon	chr2:82000-83000
7.0035	7.1556	eRegulon	0.2878722473640206	0.1454433426368679	0.0418691019090104	eRegulon	chr1:359000-360000
7.0035	6.7376	eRegulon	0.0897610939368149	0.2113816084939719	0.0189738444165424	eRegulon	chr2:21000-22000
7.0035	6.9607	eRegulon	0.2094424153545935	0.1064635863196977	0.0222979906661097	eRegulon	chr4:467000-468000
7.0035	7.0491	eRegulon	0.401148355949234	0.1925604856962881	0.0772453222578519	eRegulon	chr1:125000-126000
7.0035	7.0491	eRegulon	0.0473546094769126	0.2418487692122711	0.011452654018519	eRegulon	chr4:378000-379000
7.0035	6.7581	eRegulon	0.4286354080720342	0.1050679587672812	0.0450358473815092	eRegulon	chr2:138000-139000
7.0035	6.7581	eRegulon	0.7848091100716444	0.2016318137303346	0.1582424842958354	eRegulon	chr4:56000-57000
7.0035	6.9007	eRegulon	0.0430842658858148	0.1150233507152792	0.0049556966252944	eRegulon	chr3:439000-440000
7.0035	6.9607	eRegulon	1.818857652510444	-0.0036276309762902	0.0065981443617094	eRegulon	chr1:178000-179000
7.0035	7.1556	eRegulon	0.7698636018952946	-0.0117777562482917	0.0090672658475546	eRegulon	chr3:172000-173000
7.0035	6.7581	eRegulon	0.3288323730596906	-0.0753319616182472	0.0247715877061697	eRegulon	chr3:494000-495000
7.0035	6.9607	eRegulon	0.0466466007326885	-0.0564605611148396	0.0026336932514674	eRegulon	chr3:357000-358000
