Gene1	Gene2	Status	Description
G55	G2330	True Positive	Interação predita pelo SCENIC+ que está no gold standard
G55	G1783	True Positive	Interação predita pelo SCENIC+ que está no gold standard
G23	G1705	True Positive	Interação predita pelo SCENIC+ que está no gold standard
G55	G2393	True Positive	Interação predita pelo SCENIC+ que está no gold standard
G305	G3329	True Positive	Interação predita pelo SCENIC+ que está no gold standard
G55	G1049	True Positive	Interação predita pelo SCENIC+ que está no gold standard
G3	G936	True Positive	Interação predita pelo SCENIC+ que está no gold standard
G55	G589	True Positive	Interação predita pelo SCENIC+ que está no gold standard
G255	G2968	True Positive	Interação predita pelo SCENIC+ que está no gold standard
G208	G329	True Positive	Interação predita pelo SCENIC+ que está no gold standard
G274	G3199	True Positive	Interação predita pelo SCENIC+ que está no gold standard
G92	G864	True Positive	Interação predita pelo SCENIC+ que está no gold standard
G268	G907	True Positive	Interação predita pelo SCENIC+ que está no gold standard
G192	G3221	True Positive	Interação predita pelo SCENIC+ que está no gold standard
G255	G425	True Positive	Interação predita pelo SCENIC+ que está no gold standard
G140	G2331	True Positive	Interação predita pelo SCENIC+ que está no gold standard
G264	G1461	True Positive	Interação predita pelo SCENIC+ que está no gold standard
G55	G259	True Positive	Interação predita pelo SCENIC+ que está no gold standard
G101	G4127	True Positive	Interação predita pelo SCENIC+ que está no gold standard
G23	G4333	True Positive	Interação predita pelo SCENIC+ que está no gold standard
G178	G1177	True Positive	Interação predita pelo SCENIC+ que está no gold standard
G192	G1631	True Positive	Interação predita pelo SCENIC+ que está no gold standard
G258	G1695	True Positive	Interação predita pelo SCENIC+ que está no gold standard
G235	G718	True Positive	Interação predita pelo SCENIC+ que está no gold standard
G202	G809	True Positive	Interação predita pelo SCENIC+ que está no gold standard
G268	G1545	True Positive	Interação predita pelo SCENIC+ que está no gold standard
G313	G2666	True Positive	Interação predita pelo SCENIC+ que está no gold standard
G244	G3431	True Positive	Interação predita pelo SCENIC+ que está no gold standard
G99	G1146	True Positive	Interação predita pelo SCENIC+ que está no gold standard
G73	G1138	True Positive	Interação predita pelo SCENIC+ que está no gold standard
G23	G3374	True Positive	Interação predita pelo SCENIC+ que está no gold standard
G92	G925	True Positive	Interação predita pelo SCENIC+ que está no gold standard
G55	G2515	True Positive	Interação predita pelo SCENIC+ que está no gold standard
G125	G2794	True Positive	Interação predita pelo SCENIC+ que está no gold standard
G167	G1398	True Positive	Interação predita pelo SCENIC+ que está no gold standard
G220	G1705	True Positive	Interação predita pelo SCENIC+ que está no gold standard
G73	G2469	True Positive	Interação predita pelo SCENIC+ que está no gold standard
G221	G4275	True Positive	Interação predita pelo SCENIC+ que está no gold standard
G221	G2574	True Positive	Interação predita pelo SCENIC+ que está no gold standard
G282	G3200	True Positive	Interação predita pelo SCENIC+ que está no gold standard
G333	G4004	True Positive	Interação predita pelo SCENIC+ que está no gold standard
G268	G4035	True Positive	Interação predita pelo SCENIC+ que está no gold standard
G283	G1673	True Positive	Interação predita pelo SCENIC+ que está no gold standard
G55	G2313	True Positive	Interação predita pelo SCENIC+ que está no gold standard
G140	G3142	True Positive	Interação predita pelo SCENIC+ que está no gold standard
G223	G444	True Positive	Interação predita pelo SCENIC+ que está no gold standard
G23	G2028	True Positive	Interação predita pelo SCENIC+ que está no gold standard
G55	G2154	True Positive	Interação predita pelo SCENIC+ que está no gold standard
G313	G2516	True Positive	Interação predita pelo SCENIC+ que está no gold standard
G48	G3992	True Positive	Interação predita pelo SCENIC+ que está no gold standard
G244	G4106	True Positive	Interação predita pelo SCENIC+ que está no gold standard
G110	G1330	True Positive	Interação predita pelo SCENIC+ que está no gold standard
G268	G3971	True Positive	Interação predita pelo SCENIC+ que está no gold standard
G333	G4063	True Positive	Interação predita pelo SCENIC+ que está no gold standard
G69	G4415	True Positive	Interação predita pelo SCENIC+ que está no gold standard
G55	G3305	True Positive	Interação predita pelo SCENIC+ que está no gold standard
G315	G3742	True Positive	Interação predita pelo SCENIC+ que está no gold standard
G55	G2489	True Positive	Interação predita pelo SCENIC+ que está no gold standard
G178	G1871	True Positive	Interação predita pelo SCENIC+ que está no gold standard
G244	G650	True Positive	Interação predita pelo SCENIC+ que está no gold standard
G92	G3537	True Positive	Interação predita pelo SCENIC+ que está no gold standard
G73	G450	True Positive	Interação predita pelo SCENIC+ que está no gold standard
G192	G3365	True Positive	Interação predita pelo SCENIC+ que está no gold standard
G255	G2781	True Positive	Interação predita pelo SCENIC+ que está no gold standard
G73	G2325	True Positive	Interação predita pelo SCENIC+ que está no gold standard
G92	G3708	True Positive	Interação predita pelo SCENIC+ que está no gold standard
G333	G424	True Positive	Interação predita pelo SCENIC+ que está no gold standard
G333	G3221	True Positive	Interação predita pelo SCENIC+ que está no gold standard
G61	G2497	True Positive	Interação predita pelo SCENIC+ que está no gold standard
G199	G4096	True Positive	Interação predita pelo SCENIC+ que está no gold standard
G305	G1686	True Positive	Interação predita pelo SCENIC+ que está no gold standard
G92	G2754	True Positive	Interação predita pelo SCENIC+ que está no gold standard
G281	G1137	True Positive	Interação predita pelo SCENIC+ que está no gold standard
G116	G1874	True Positive	Interação predita pelo SCENIC+ que está no gold standard
G268	G306	True Positive	Interação predita pelo SCENIC+ que está no gold standard
G23	G89	True Positive	Interação predita pelo SCENIC+ que está no gold standard
G72	G2650	True Positive	Interação predita pelo SCENIC+ que está no gold standard
G283	G1940	True Positive	Interação predita pelo SCENIC+ que está no gold standard
G55	G3296	True Positive	Interação predita pelo SCENIC+ que está no gold standard
G55	G277	True Positive	Interação predita pelo SCENIC+ que está no gold standard
G333	G3938	True Positive	Interação predita pelo SCENIC+ que está no gold standard
G199	G2751	True Positive	Interação predita pelo SCENIC+ que está no gold standard
G333	G3813	True Positive	Interação predita pelo SCENIC+ que está no gold standard
G220	G2832	True Positive	Interação predita pelo SCENIC+ que está no gold standard
G285	G3659	True Positive	Interação predita pelo SCENIC+ que está no gold standard
G268	G333	True Positive	Interação predita pelo SCENIC+ que está no gold standard
G221	G3307	True Positive	Interação predita pelo SCENIC+ que está no gold standard
G55	G4146	True Positive	Interação predita pelo SCENIC+ que está no gold standard
G110	G431	True Positive	Interação predita pelo SCENIC+ que está no gold standard
G55	G3751	True Positive	Interação predita pelo SCENIC+ que está no gold standard
G73	G839	True Positive	Interação predita pelo SCENIC+ que está no gold standard
G281	G886	True Positive	Interação predita pelo SCENIC+ que está no gold standard
G55	G702	True Positive	Interação predita pelo SCENIC+ que está no gold standard
G99	G3369	True Positive	Interação predita pelo SCENIC+ que está no gold standard
G55	G3766	True Positive	Interação predita pelo SCENIC+ que está no gold standard
G268	G2453	True Positive	Interação predita pelo SCENIC+ que está no gold standard
G313	G3812	True Positive	Interação predita pelo SCENIC+ que está no gold standard
G83	G4058	True Positive	Interação predita pelo SCENIC+ que está no gold standard
G128	G691	True Positive	Interação predita pelo SCENIC+ que está no gold standard
G23	G3489	True Positive	Interação predita pelo SCENIC+ que está no gold standard
G2	G1047	True Positive	Interação predita pelo SCENIC+ que está no gold standard
G23	G3107	True Positive	Interação predita pelo SCENIC+ que está no gold standard
G333	G1539	True Positive	Interação predita pelo SCENIC+ que está no gold standard
G219	G1457	True Positive	Interação predita pelo SCENIC+ que está no gold standard
G55	G4330	True Positive	Interação predita pelo SCENIC+ que está no gold standard
G323	G1246	True Positive	Interação predita pelo SCENIC+ que está no gold standard
G284	G3423	True Positive	Interação predita pelo SCENIC+ que está no gold standard
G118	G482	True Positive	Interação predita pelo SCENIC+ que está no gold standard
G138	G1982	True Positive	Interação predita pelo SCENIC+ que está no gold standard
G219	G2808	True Positive	Interação predita pelo SCENIC+ que está no gold standard
G333	G2707	True Positive	Interação predita pelo SCENIC+ que está no gold standard
G8	G700	True Positive	Interação predita pelo SCENIC+ que está no gold standard
G209	G1928	True Positive	Interação predita pelo SCENIC+ que está no gold standard
G313	G1035	True Positive	Interação predita pelo SCENIC+ que está no gold standard
G333	G3365	True Positive	Interação predita pelo SCENIC+ que está no gold standard
G61	G3008	True Positive	Interação predita pelo SCENIC+ que está no gold standard
G268	G3940	True Positive	Interação predita pelo SCENIC+ que está no gold standard
G333	G3432	True Positive	Interação predita pelo SCENIC+ que está no gold standard
G178	G1974	True Positive	Interação predita pelo SCENIC+ que está no gold standard
G92	G2825	True Positive	Interação predita pelo SCENIC+ que está no gold standard
G199	G4300	True Positive	Interação predita pelo SCENIC+ que está no gold standard
G313	G3861	True Positive	Interação predita pelo SCENIC+ que está no gold standard
G55	G3431	True Positive	Interação predita pelo SCENIC+ que está no gold standard
G66	G4072	True Positive	Interação predita pelo SCENIC+ que está no gold standard
G92	G3221	True Positive	Interação predita pelo SCENIC+ que está no gold standard
G99	G2965	True Positive	Interação predita pelo SCENIC+ que está no gold standard
G23	G4322	True Positive	Interação predita pelo SCENIC+ que está no gold standard
G140	G197	True Positive	Interação predita pelo SCENIC+ que está no gold standard
G55	G3317	True Positive	Interação predita pelo SCENIC+ que está no gold standard
G92	G1631	True Positive	Interação predita pelo SCENIC+ que está no gold standard
G86	G2128	True Positive	Interação predita pelo SCENIC+ que está no gold standard
G255	G3073	True Positive	Interação predita pelo SCENIC+ que está no gold standard
G333	G3595	True Positive	Interação predita pelo SCENIC+ que está no gold standard
G260	G3748	True Positive	Interação predita pelo SCENIC+ que está no gold standard
G223	G1404	True Positive	Interação predita pelo SCENIC+ que está no gold standard
G55	G2360	True Positive	Interação predita pelo SCENIC+ que está no gold standard
G333	G1589	True Positive	Interação predita pelo SCENIC+ que está no gold standard
G244	G3662	True Positive	Interação predita pelo SCENIC+ que está no gold standard
G333	G3579	True Positive	Interação predita pelo SCENIC+ que está no gold standard
G116	G2562	True Positive	Interação predita pelo SCENIC+ que está no gold standard
G268	G1034	True Positive	Interação predita pelo SCENIC+ que está no gold standard
G268	G1743	True Positive	Interação predita pelo SCENIC+ que está no gold standard
G92	G2741	True Positive	Interação predita pelo SCENIC+ que está no gold standard
G333	G1427	True Positive	Interação predita pelo SCENIC+ que está no gold standard
G116	G4389	True Positive	Interação predita pelo SCENIC+ que está no gold standard
G55	G3568	True Positive	Interação predita pelo SCENIC+ que está no gold standard
G260	G1494	True Positive	Interação predita pelo SCENIC+ que está no gold standard
G193	G367	True Positive	Interação predita pelo SCENIC+ que está no gold standard
G269	G4149	True Positive	Interação predita pelo SCENIC+ que está no gold standard
G268	G1664	True Positive	Interação predita pelo SCENIC+ que está no gold standard
G309	G1079	True Positive	Interação predita pelo SCENIC+ que está no gold standard
G259	G1119	True Positive	Interação predita pelo SCENIC+ que está no gold standard
G8	G1332	True Positive	Interação predita pelo SCENIC+ que está no gold standard
G89	G2929	True Positive	Interação predita pelo SCENIC+ que está no gold standard
G55	G303	True Positive	Interação predita pelo SCENIC+ que está no gold standard
G192	G4003	True Positive	Interação predita pelo SCENIC+ que está no gold standard
G313	G4344	True Positive	Interação predita pelo SCENIC+ que está no gold standard
G23	G3990	True Positive	Interação predita pelo SCENIC+ que está no gold standard
G333	G3329	True Positive	Interação predita pelo SCENIC+ que está no gold standard
G128	G3470	True Positive	Interação predita pelo SCENIC+ que está no gold standard
G55	G1973	True Positive	Interação predita pelo SCENIC+ que está no gold standard
G55	G4157	True Positive	Interação predita pelo SCENIC+ que está no gold standard
G283	G1090	True Positive	Interação predita pelo SCENIC+ que está no gold standard
G10	G219	True Positive	Interação predita pelo SCENIC+ que está no gold standard
G55	G4282	True Positive	Interação predita pelo SCENIC+ que está no gold standard
G89	G3162	True Positive	Interação predita pelo SCENIC+ que está no gold standard
G92	G2707	True Positive	Interação predita pelo SCENIC+ que está no gold standard
G227	G3742	True Positive	Interação predita pelo SCENIC+ que está no gold standard
G118	G792	True Positive	Interação predita pelo SCENIC+ que está no gold standard
G268	G3406	True Positive	Interação predita pelo SCENIC+ que está no gold standard
G199	G3894	True Positive	Interação predita pelo SCENIC+ que está no gold standard
G92	G3365	True Positive	Interação predita pelo SCENIC+ que está no gold standard
G309	G1662	True Positive	Interação predita pelo SCENIC+ que está no gold standard
G315	G3457	True Positive	Interação predita pelo SCENIC+ que está no gold standard
G3	G1451	True Positive	Interação predita pelo SCENIC+ que está no gold standard
G259	G1404	True Positive	Interação predita pelo SCENIC+ que está no gold standard
G223	G4220	True Positive	Interação predita pelo SCENIC+ que está no gold standard
G333	G2393	True Positive	Interação predita pelo SCENIC+ que está no gold standard
G92	G4251	True Positive	Interação predita pelo SCENIC+ que está no gold standard
G142	G2120	True Positive	Interação predita pelo SCENIC+ que está no gold standard
G39	G2665	True Positive	Interação predita pelo SCENIC+ que está no gold standard
G127	G1161	True Positive	Interação predita pelo SCENIC+ que está no gold standard
G170	G565	True Positive	Interação predita pelo SCENIC+ que está no gold standard
G202	G956	True Positive	Interação predita pelo SCENIC+ que está no gold standard
G247	G1996	True Positive	Interação predita pelo SCENIC+ que está no gold standard
G278	G2532	True Positive	Interação predita pelo SCENIC+ que está no gold standard
G333	G2321	True Positive	Interação predita pelo SCENIC+ que está no gold standard
G66	G3554	True Positive	Interação predita pelo SCENIC+ que está no gold standard
G110	G3679	True Positive	Interação predita pelo SCENIC+ que está no gold standard
G255	G2222	True Positive	Interação predita pelo SCENIC+ que está no gold standard
G55	G4335	True Positive	Interação predita pelo SCENIC+ que está no gold standard
G254	G4453	True Positive	Interação predita pelo SCENIC+ que está no gold standard
G55	G3768	True Positive	Interação predita pelo SCENIC+ que está no gold standard
G55	G525	True Positive	Interação predita pelo SCENIC+ que está no gold standard
G55	G1074	True Positive	Interação predita pelo SCENIC+ que está no gold standard
G330	G2192	True Positive	Interação predita pelo SCENIC+ que está no gold standard
G244	G4019	True Positive	Interação predita pelo SCENIC+ que está no gold standard
G66	G1928	True Positive	Interação predita pelo SCENIC+ que está no gold standard
G55	G1033	True Positive	Interação predita pelo SCENIC+ que está no gold standard
G253	G1033	True Positive	Interação predita pelo SCENIC+ que está no gold standard
G69	G3466	True Positive	Interação predita pelo SCENIC+ que está no gold standard
G56	G3044	True Positive	Interação predita pelo SCENIC+ que está no gold standard
G55	G1080	True Positive	Interação predita pelo SCENIC+ que está no gold standard
G66	G1645	True Positive	Interação predita pelo SCENIC+ que está no gold standard
G254	G4271	True Positive	Interação predita pelo SCENIC+ que está no gold standard
G333	G4003	True Positive	Interação predita pelo SCENIC+ que está no gold standard
G268	G1525	True Positive	Interação predita pelo SCENIC+ que está no gold standard
G175	G3108	True Positive	Interação predita pelo SCENIC+ que está no gold standard
G188	G4453	True Positive	Interação predita pelo SCENIC+ que está no gold standard
G333	G3951	True Positive	Interação predita pelo SCENIC+ que está no gold standard
G55	G1817	True Positive	Interação predita pelo SCENIC+ que está no gold standard
G55	G2800	True Positive	Interação predita pelo SCENIC+ que está no gold standard
G144	G4244	True Positive	Interação predita pelo SCENIC+ que está no gold standard
G223	G2522	True Positive	Interação predita pelo SCENIC+ que está no gold standard
G280	G1702	True Positive	Interação predita pelo SCENIC+ que está no gold standard
G235	G3498	True Positive	Interação predita pelo SCENIC+ que está no gold standard
G268	G1658	True Positive	Interação predita pelo SCENIC+ que está no gold standard
G55	G1340	True Positive	Interação predita pelo SCENIC+ que está no gold standard
G183	G3742	True Positive	Interação predita pelo SCENIC+ que está no gold standard
G268	G3044	True Positive	Interação predita pelo SCENIC+ que está no gold standard
G289	G634	True Positive	Interação predita pelo SCENIC+ que está no gold standard
G55	G2574	True Positive	Interação predita pelo SCENIC+ que está no gold standard
G55	G2819	True Positive	Interação predita pelo SCENIC+ que está no gold standard
G92	G2527	True Positive	Interação predita pelo SCENIC+ que está no gold standard
G219	G2074	True Positive	Interação predita pelo SCENIC+ que está no gold standard
G55	G2640	True Positive	Interação predita pelo SCENIC+ que está no gold standard
G247	G1557	True Positive	Interação predita pelo SCENIC+ que está no gold standard
G188	G4271	True Positive	Interação predita pelo SCENIC+ que está no gold standard
G305	G3399	True Positive	Interação predita pelo SCENIC+ que está no gold standard
G86	G4306	True Positive	Interação predita pelo SCENIC+ que está no gold standard
G333	G1392	True Positive	Interação predita pelo SCENIC+ que está no gold standard
G333	G4072	True Positive	Interação predita pelo SCENIC+ que está no gold standard
G23	G4196	True Positive	Interação predita pelo SCENIC+ que está no gold standard
G55	G900	True Positive	Interação predita pelo SCENIC+ que está no gold standard
G333	G2637	True Positive	Interação predita pelo SCENIC+ que está no gold standard
G3	G2605	True Positive	Interação predita pelo SCENIC+ que está no gold standard
G281	G666	True Positive	Interação predita pelo SCENIC+ que está no gold standard
G282	G548	True Positive	Interação predita pelo SCENIC+ que está no gold standard
G244	G2424	True Positive	Interação predita pelo SCENIC+ que está no gold standard
G223	G1370	True Positive	Interação predita pelo SCENIC+ que está no gold standard
G92	G2321	True Positive	Interação predita pelo SCENIC+ que está no gold standard
G216	G299	True Positive	Interação predita pelo SCENIC+ que está no gold standard
G175	G2264	True Positive	Interação predita pelo SCENIC+ que está no gold standard
G268	G3262	True Positive	Interação predita pelo SCENIC+ que está no gold standard
G55	G3415	True Positive	Interação predita pelo SCENIC+ que está no gold standard
G282	G1778	True Positive	Interação predita pelo SCENIC+ que está no gold standard
G193	G2802	True Positive	Interação predita pelo SCENIC+ que está no gold standard
G220	G3380	True Positive	Interação predita pelo SCENIC+ que está no gold standard
G264	G1188	True Positive	Interação predita pelo SCENIC+ que está no gold standard
G281	G659	True Positive	Interação predita pelo SCENIC+ que está no gold standard
G236	G3156	True Positive	Interação predita pelo SCENIC+ que está no gold standard
G86	G1940	True Positive	Interação predita pelo SCENIC+ que está no gold standard
G192	G3321	True Positive	Interação predita pelo SCENIC+ que está no gold standard
G86	G144	True Positive	Interação predita pelo SCENIC+ que está no gold standard
G255	G4057	True Positive	Interação predita pelo SCENIC+ que está no gold standard
G283	G3262	True Positive	Interação predita pelo SCENIC+ que está no gold standard
G55	G3840	True Positive	Interação predita pelo SCENIC+ que está no gold standard
G103	G433	True Positive	Interação predita pelo SCENIC+ que está no gold standard
G58	G3205	True Positive	Interação predita pelo SCENIC+ que está no gold standard
G92	G4003	True Positive	Interação predita pelo SCENIC+ que está no gold standard
G219	G2450	True Positive	Interação predita pelo SCENIC+ que está no gold standard
G268	G3329	True Positive	Interação predita pelo SCENIC+ que está no gold standard
G36	G2453	True Positive	Interação predita pelo SCENIC+ que está no gold standard
G55	G1029	True Positive	Interação predita pelo SCENIC+ que está no gold standard
G55	G4327	True Positive	Interação predita pelo SCENIC+ que está no gold standard
G268	G3200	True Positive	Interação predita pelo SCENIC+ que está no gold standard
G282	G4125	True Positive	Interação predita pelo SCENIC+ que está no gold standard
G176	G3296	True Positive	Interação predita pelo SCENIC+ que está no gold standard
G333	G2041	True Positive	Interação predita pelo SCENIC+ que está no gold standard
G55	G3307	True Positive	Interação predita pelo SCENIC+ que está no gold standard
G274	G1712	True Positive	Interação predita pelo SCENIC+ que está no gold standard
G55	G2964	True Positive	Interação predita pelo SCENIC+ que está no gold standard
G247	G4469	True Positive	Interação predita pelo SCENIC+ que está no gold standard
G282	G876	True Positive	Interação predita pelo SCENIC+ que está no gold standard
G66	G1340	True Positive	Interação predita pelo SCENIC+ que está no gold standard
G268	G774	True Positive	Interação predita pelo SCENIC+ que está no gold standard
G235	G340	True Positive	Interação predita pelo SCENIC+ que está no gold standard
G333	G488	True Positive	Interação predita pelo SCENIC+ que está no gold standard
G268	G2527	True Positive	Interação predita pelo SCENIC+ que está no gold standard
G113	G3356	True Positive	Interação predita pelo SCENIC+ que está no gold standard
G282	G4212	True Positive	Interação predita pelo SCENIC+ que está no gold standard
G151	G2023	True Positive	Interação predita pelo SCENIC+ que está no gold standard
G86	G2180	True Positive	Interação predita pelo SCENIC+ que está no gold standard
G55	G2388	True Positive	Interação predita pelo SCENIC+ que está no gold standard
G227	G3457	True Positive	Interação predita pelo SCENIC+ que está no gold standard
G55	G2005	True Positive	Interação predita pelo SCENIC+ que está no gold standard
G76	G1190	True Positive	Interação predita pelo SCENIC+ que está no gold standard
G281	G3356	True Positive	Interação predita pelo SCENIC+ que está no gold standard
G125	G1097	True Positive	Interação predita pelo SCENIC+ que está no gold standard
G224	G4397	True Positive	Interação predita pelo SCENIC+ que está no gold standard
G210	G796	True Positive	Interação predita pelo SCENIC+ que está no gold standard
G223	G2844	True Positive	Interação predita pelo SCENIC+ que está no gold standard
G268	G4395	True Positive	Interação predita pelo SCENIC+ que está no gold standard
G176	G3766	True Positive	Interação predita pelo SCENIC+ que está no gold standard
G58	G3367	True Positive	Interação predita pelo SCENIC+ que está no gold standard
G140	G2341	True Positive	Interação predita pelo SCENIC+ que está no gold standard
G244	G1458	True Positive	Interação predita pelo SCENIC+ que está no gold standard
G223	G1256	True Positive	Interação predita pelo SCENIC+ que está no gold standard
G92	G2637	True Positive	Interação predita pelo SCENIC+ que está no gold standard
G333	G1395	True Positive	Interação predita pelo SCENIC+ que está no gold standard
G219	G911	True Positive	Interação predita pelo SCENIC+ que está no gold standard
G192	G3047	True Positive	Interação predita pelo SCENIC+ que está no gold standard
G259	G2821	True Positive	Interação predita pelo SCENIC+ que está no gold standard
G140	G817	True Positive	Interação predita pelo SCENIC+ que está no gold standard
G188	G2668	True Positive	Interação predita pelo SCENIC+ que está no gold standard
G281	G769	True Positive	Interação predita pelo SCENIC+ que está no gold standard
G192	G2806	True Positive	Interação predita pelo SCENIC+ que está no gold standard
G333	G4083	True Positive	Interação predita pelo SCENIC+ que está no gold standard
G55	G1398	True Positive	Interação predita pelo SCENIC+ que está no gold standard
G170	G4229	True Positive	Interação predita pelo SCENIC+ que está no gold standard
G58	G3879	True Positive	Interação predita pelo SCENIC+ que está no gold standard
G175	G3184	True Positive	Interação predita pelo SCENIC+ que está no gold standard
G254	G2929	True Positive	Interação predita pelo SCENIC+ que está no gold standard
G144	G1216	True Positive	Interação predita pelo SCENIC+ que está no gold standard
G92	G4447	True Positive	Interação predita pelo SCENIC+ que está no gold standard
G36	G1743	True Positive	Interação predita pelo SCENIC+ que está no gold standard
G192	G351	True Positive	Interação predita pelo SCENIC+ que está no gold standard
G268	G1404	True Positive	Interação predita pelo SCENIC+ que está no gold standard
G55	G3386	True Positive	Interação predita pelo SCENIC+ que está no gold standard
G86	G1491	True Positive	Interação predita pelo SCENIC+ que está no gold standard
G305	G1886	True Positive	Interação predita pelo SCENIC+ que está no gold standard
G309	G2840	True Positive	Interação predita pelo SCENIC+ que está no gold standard
G333	G3568	True Positive	Interação predita pelo SCENIC+ que está no gold standard
G199	G2505	True Positive	Interação predita pelo SCENIC+ que está no gold standard
G199	G2054	True Positive	Interação predita pelo SCENIC+ que está no gold standard
G192	G3785	True Positive	Interação predita pelo SCENIC+ que está no gold standard
G92	G151	True Positive	Interação predita pelo SCENIC+ que está no gold standard
G274	G1775	True Positive	Interação predita pelo SCENIC+ que está no gold standard
G277	G4422	True Positive	Interação predita pelo SCENIC+ que está no gold standard
G23	G1658	True Positive	Interação predita pelo SCENIC+ que está no gold standard
G277	G3460	True Positive	Interação predita pelo SCENIC+ que está no gold standard
G268	G4111	True Positive	Interação predita pelo SCENIC+ que está no gold standard
G313	G1539	True Positive	Interação predita pelo SCENIC+ que está no gold standard
G66	G561	True Positive	Interação predita pelo SCENIC+ que está no gold standard
G192	G3629	True Positive	Interação predita pelo SCENIC+ que está no gold standard
G99	G3938	True Positive	Interação predita pelo SCENIC+ que está no gold standard
G268	G3879	True Positive	Interação predita pelo SCENIC+ que está no gold standard
G254	G3162	True Positive	Interação predita pelo SCENIC+ que está no gold standard
G84	G2685	True Positive	Interação predita pelo SCENIC+ que está no gold standard
G303	G3792	True Positive	Interação predita pelo SCENIC+ que está no gold standard
G313	G2707	True Positive	Interação predita pelo SCENIC+ que está no gold standard
G330	G2502	True Positive	Interação predita pelo SCENIC+ que está no gold standard
G110	G1457	True Positive	Interação predita pelo SCENIC+ que está no gold standard
G55	G2995	True Positive	Interação predita pelo SCENIC+ que está no gold standard
G55	G434	True Positive	Interação predita pelo SCENIC+ que está no gold standard
G333	G1973	True Positive	Interação predita pelo SCENIC+ que está no gold standard
G92	G2041	True Positive	Interação predita pelo SCENIC+ que está no gold standard
G333	G4157	True Positive	Interação predita pelo SCENIC+ que está no gold standard
G125	G2330	True Positive	Interação predita pelo SCENIC+ que está no gold standard
G313	G4296	True Positive	Interação predita pelo SCENIC+ que está no gold standard
G285	G1795	True Positive	Interação predita pelo SCENIC+ que está no gold standard
G92	G488	True Positive	Interação predita pelo SCENIC+ que está no gold standard
G110	G2808	True Positive	Interação predita pelo SCENIC+ que está no gold standard
G313	G2469	True Positive	Interação predita pelo SCENIC+ que está no gold standard
G55	G3254	True Positive	Interação predita pelo SCENIC+ que está no gold standard
G244	G673	True Positive	Interação predita pelo SCENIC+ que está no gold standard
G305	G1543	True Positive	Interação predita pelo SCENIC+ que está no gold standard
G183	G3457	True Positive	Interação predita pelo SCENIC+ que está no gold standard
G309	G796	True Positive	Interação predita pelo SCENIC+ que está no gold standard
G55	G3419	True Positive	Interação predita pelo SCENIC+ que está no gold standard
G199	G3414	True Positive	Interação predita pelo SCENIC+ que está no gold standard
G86	G1090	True Positive	Interação predita pelo SCENIC+ que está no gold standard
G118	G2318	True Positive	Interação predita pelo SCENIC+ que está no gold standard
G69	G1323	True Positive	Interação predita pelo SCENIC+ que está no gold standard
G333	G2886	True Positive	Interação predita pelo SCENIC+ que está no gold standard
G55	G4173	True Positive	Interação predita pelo SCENIC+ que está no gold standard
G223	G1917	True Positive	Interação predita pelo SCENIC+ que está no gold standard
G144	G2334	True Positive	Interação predita pelo SCENIC+ que está no gold standard
G268	G4220	True Positive	Interação predita pelo SCENIC+ que está no gold standard
G51	G2542	True Positive	Interação predita pelo SCENIC+ que está no gold standard
G128	G970	True Positive	Interação predita pelo SCENIC+ que está no gold standard
G99	G2968	True Positive	Interação predita pelo SCENIC+ que está no gold standard
G247	G4004	True Positive	Interação predita pelo SCENIC+ que está no gold standard
G55	G2660	True Positive	Interação predita pelo SCENIC+ que está no gold standard
G251	G621	True Positive	Interação predita pelo SCENIC+ que está no gold standard
G326	G1250	True Positive	Interação predita pelo SCENIC+ que está no gold standard
G333	G1653	True Positive	Interação predita pelo SCENIC+ que está no gold standard
G55	G1551	True Positive	Interação predita pelo SCENIC+ que está no gold standard
G284	G332	True Positive	Interação predita pelo SCENIC+ que está no gold standard
G305	G823	True Positive	Interação predita pelo SCENIC+ que está no gold standard
G172	G3617	True Positive	Interação predita pelo SCENIC+ que está no gold standard
G23	G785	True Positive	Interação predita pelo SCENIC+ que está no gold standard
G140	G4041	True Positive	Interação predita pelo SCENIC+ que está no gold standard
G92	G3321	True Positive	Interação predita pelo SCENIC+ que está no gold standard
G66	G3366	True Positive	Interação predita pelo SCENIC+ que está no gold standard
G55	G95	True Positive	Interação predita pelo SCENIC+ que está no gold standard
G92	G2610	True Positive	Interação predita pelo SCENIC+ que está no gold standard
G274	G3688	True Positive	Interação predita pelo SCENIC+ que está no gold standard
G313	G3036	True Positive	Interação predita pelo SCENIC+ que está no gold standard
G169	G1221	True Positive	Interação predita pelo SCENIC+ que está no gold standard
G55	G316	True Positive	Interação predita pelo SCENIC+ que está no gold standard
G333	G2474	True Positive	Interação predita pelo SCENIC+ que está no gold standard
G55	G1058	True Positive	Interação predita pelo SCENIC+ que está no gold standard
G283	G2244	True Positive	Interação predita pelo SCENIC+ que está no gold standard
G192	G2758	True Positive	Interação predita pelo SCENIC+ que está no gold standard
G244	G342	True Positive	Interação predita pelo SCENIC+ que está no gold standard
G10	G110	True Positive	Interação predita pelo SCENIC+ que está no gold standard
G282	G443	True Positive	Interação predita pelo SCENIC+ que está no gold standard
G22	G454	True Positive	Interação predita pelo SCENIC+ que está no gold standard
G23	G2527	True Positive	Interação predita pelo SCENIC+ que está no gold standard
G333	G2940	True Positive	Interação predita pelo SCENIC+ que está no gold standard
G55	G1458	True Positive	Interação predita pelo SCENIC+ que está no gold standard
G86	G3325	True Positive	Interação predita pelo SCENIC+ que está no gold standard
G223	G1897	True Positive	Interação predita pelo SCENIC+ que está no gold standard
G192	G1146	True Positive	Interação predita pelo SCENIC+ que está no gold standard
G189	G4134	True Positive	Interação predita pelo SCENIC+ que está no gold standard
G92	G2073	True Positive	Interação predita pelo SCENIC+ que está no gold standard
G219	G1415	True Positive	Interação predita pelo SCENIC+ que está no gold standard
G86	G632	True Positive	Interação predita pelo SCENIC+ que está no gold standard
G55	G58	True Positive	Interação predita pelo SCENIC+ que está no gold standard
G192	G3739	True Positive	Interação predita pelo SCENIC+ que está no gold standard
G268	G392	True Positive	Interação predita pelo SCENIC+ que está no gold standard
G333	G2574	True Positive	Interação predita pelo SCENIC+ que está no gold standard
G281	G3274	True Positive	Interação predita pelo SCENIC+ que está no gold standard
G268	G4411	True Positive	Interação predita pelo SCENIC+ que está no gold standard
G55	G3031	True Positive	Interação predita pelo SCENIC+ que está no gold standard
G192	G2666	True Positive	Interação predita pelo SCENIC+ que está no gold standard
G333	G3662	True Positive	Interação predita pelo SCENIC+ que está no gold standard
G333	G2782	True Positive	Interação predita pelo SCENIC+ que está no gold standard
G268	G847	True Positive	Interação predita pelo SCENIC+ que está no gold standard
G23	G3129	True Positive	Interação predita pelo SCENIC+ que está no gold standard
G268	G1395	True Positive	Interação predita pelo SCENIC+ que está no gold standard
G55	G1802	True Positive	Interação predita pelo SCENIC+ que está no gold standard
G330	G1387	True Positive	Interação predita pelo SCENIC+ que está no gold standard
G281	G1119	True Positive	Interação predita pelo SCENIC+ que está no gold standard
G192	G1505	True Positive	Interação predita pelo SCENIC+ que está no gold standard
G55	G183	True Positive	Interação predita pelo SCENIC+ que está no gold standard
G268	G2141	True Positive	Interação predita pelo SCENIC+ que está no gold standard
G92	G2806	True Positive	Interação predita pelo SCENIC+ que está no gold standard
G268	G4083	True Positive	Interação predita pelo SCENIC+ que está no gold standard
G152	G2258	True Positive	Interação predita pelo SCENIC+ que está no gold standard
G235	G2741	True Positive	Interação predita pelo SCENIC+ que está no gold standard
G86	G150	True Positive	Interação predita pelo SCENIC+ que está no gold standard
G55	G4322	True Positive	Interação predita pelo SCENIC+ que está no gold standard
G268	G3321	True Positive	Interação predita pelo SCENIC+ que está no gold standard
G92	G351	True Positive	Interação predita pelo SCENIC+ que está no gold standard
G244	G593	True Positive	Interação predita pelo SCENIC+ que está no gold standard
G55	G3584	True Positive	Interação predita pelo SCENIC+ que está no gold standard
G120	G418	True Positive	Interação predita pelo SCENIC+ que está no gold standard
G303	G1290	True Positive	Interação predita pelo SCENIC+ que está no gold standard
G236	G2319	True Positive	Interação predita pelo SCENIC+ que está no gold standard
G192	G4245	True Positive	Interação predita pelo SCENIC+ que está no gold standard
G92	G3785	True Positive	Interação predita pelo SCENIC+ que está no gold standard
G92	G3629	True Positive	Interação predita pelo SCENIC+ que está no gold standard
G305	G2983	True Positive	Interação predita pelo SCENIC+ que está no gold standard
G281	G1250	True Positive	Interação predita pelo SCENIC+ que está no gold standard
G116	G4206	True Positive	Interação predita pelo SCENIC+ que está no gold standard
G3	G1198	True Positive	Interação predita pelo SCENIC+ que está no gold standard
G140	G4434	True Positive	Interação predita pelo SCENIC+ que está no gold standard
G199	G4143	True Positive	Interação predita pelo SCENIC+ que está no gold standard
G333	G1029	True Positive	Interação predita pelo SCENIC+ que está no gold standard
G268	G1371	True Positive	Interação predita pelo SCENIC+ que está no gold standard
G268	G992	True Positive	Interação predita pelo SCENIC+ que está no gold standard
G244	G2394	True Positive	Interação predita pelo SCENIC+ que está no gold standard
G333	G3307	True Positive	Interação predita pelo SCENIC+ que está no gold standard
G138	G2668	True Positive	Interação predita pelo SCENIC+ que está no gold standard
G55	G247	True Positive	Interação predita pelo SCENIC+ que está no gold standard
G86	G3262	True Positive	Interação predita pelo SCENIC+ que está no gold standard
G268	G1355	True Positive	Interação predita pelo SCENIC+ que está no gold standard
G166	G3266	True Positive	Interação predita pelo SCENIC+ que está no gold standard
G224	G1485	True Positive	Interação predita pelo SCENIC+ que está no gold standard
G92	G3447	True Positive	Interação predita pelo SCENIC+ que está no gold standard
G55	G4100	True Positive	Interação predita pelo SCENIC+ que está no gold standard
G55	G204	True Positive	Interação predita pelo SCENIC+ que está no gold standard
G210	G2768	True Positive	Interação predita pelo SCENIC+ que está no gold standard
G23	G55	True Positive	Interação predita pelo SCENIC+ que está no gold standard
G110	G2074	True Positive	Interação predita pelo SCENIC+ que está no gold standard
G11	G2313	True Positive	Interação predita pelo SCENIC+ que está no gold standard
G13	G1434	True Positive	Interação predita pelo SCENIC+ que está no gold standard
G197	G3595	True Positive	Interação predita pelo SCENIC+ que está no gold standard
G333	G2701	True Positive	Interação predita pelo SCENIC+ que está no gold standard
G55	G1051	True Positive	Interação predita pelo SCENIC+ que está no gold standard
G84	G700	True Positive	Interação predita pelo SCENIC+ que está no gold standard
G74	G1719	True Positive	Interação predita pelo SCENIC+ que está no gold standard
G55	G2668	True Positive	Interação predita pelo SCENIC+ que está no gold standard
G92	G684	True Positive	Interação predita pelo SCENIC+ que está no gold standard
G2	G2626	True Positive	Interação predita pelo SCENIC+ que está no gold standard
G55	G4300	True Positive	Interação predita pelo SCENIC+ que está no gold standard
G274	G1566	True Positive	Interação predita pelo SCENIC+ que está no gold standard
G260	G3233	True Positive	Interação predita pelo SCENIC+ que está no gold standard
G309	G4317	True Positive	Interação predita pelo SCENIC+ que está no gold standard
G268	G283	True Positive	Interação predita pelo SCENIC+ que está no gold standard
G144	G587	True Positive	Interação predita pelo SCENIC+ que está no gold standard
G220	G3360	True Positive	Interação predita pelo SCENIC+ que está no gold standard
G197	G1427	True Positive	Interação predita pelo SCENIC+ que está no gold standard
G192	G1693	True Positive	Interação predita pelo SCENIC+ que está no gold standard
G255	G2730	True Positive	Interação predita pelo SCENIC+ que está no gold standard
G332	G3423	True Positive	Interação predita pelo SCENIC+ que está no gold standard
G313	G3831	True Positive	Interação predita pelo SCENIC+ que está no gold standard
G313	G4447	True Positive	Interação predita pelo SCENIC+ que está no gold standard
G66	G2316	True Positive	Interação predita pelo SCENIC+ que está no gold standard
G281	G1878	True Positive	Interação predita pelo SCENIC+ que está no gold standard
G51	G4191	True Positive	Interação predita pelo SCENIC+ que está no gold standard
G235	G3245	True Positive	Interação predita pelo SCENIC+ que está no gold standard
G268	G3785	True Positive	Interação predita pelo SCENIC+ que está no gold standard
G254	G259	True Positive	Interação predita pelo SCENIC+ que está no gold standard
G333	G3158	True Positive	Interação predita pelo SCENIC+ que está no gold standard
G313	G702	True Positive	Interação predita pelo SCENIC+ que está no gold standard
G92	G4058	True Positive	Interação predita pelo SCENIC+ que está no gold standard
G92	G2758	True Positive	Interação predita pelo SCENIC+ que está no gold standard
G199	G4400	True Positive	Interação predita pelo SCENIC+ que está no gold standard
G55	G3336	True Positive	Interação predita pelo SCENIC+ que está no gold standard
G235	G3329	True Positive	Interação predita pelo SCENIC+ que está no gold standard
G55	G3650	True Positive	Interação predita pelo SCENIC+ que está no gold standard
G55	G4286	True Positive	Interação predita pelo SCENIC+ que está no gold standard
G282	G2446	True Positive	Interação predita pelo SCENIC+ que está no gold standard
G313	G2763	True Positive	Interação predita pelo SCENIC+ que está no gold standard
G268	G3399	True Positive	Interação predita pelo SCENIC+ que está no gold standard
G313	G488	True Positive	Interação predita pelo SCENIC+ que está no gold standard
G23	G4411	True Positive	Interação predita pelo SCENIC+ que está no gold standard
G313	G3099	True Positive	Interação predita pelo SCENIC+ que está no gold standard
G333	G2995	True Positive	Interação predita pelo SCENIC+ que está no gold standard
G92	G99	True Positive	Interação predita pelo SCENIC+ que está no gold standard
G219	G3161	True Positive	Interação predita pelo SCENIC+ que está no gold standard
G140	G1985	True Positive	Interação predita pelo SCENIC+ que está no gold standard
G92	G3739	True Positive	Interação predita pelo SCENIC+ que está no gold standard
G268	G4125	True Positive	Interação predita pelo SCENIC+ que está no gold standard
G55	G4149	True Positive	Interação predita pelo SCENIC+ que está no gold standard
G268	G4275	True Positive	Interação predita pelo SCENIC+ que está no gold standard
G333	G3369	True Positive	Interação predita pelo SCENIC+ que está no gold standard
G189	G4047	True Positive	Interação predita pelo SCENIC+ que está no gold standard
G55	G1792	True Positive	Interação predita pelo SCENIC+ que está no gold standard
G207	G3951	True Positive	Interação predita pelo SCENIC+ que está no gold standard
G258	G3317	True Positive	Interação predita pelo SCENIC+ que está no gold standard
G92	G2666	True Positive	Interação predita pelo SCENIC+ que está no gold standard
G86	G3976	True Positive	Interação predita pelo SCENIC+ que está no gold standard
G110	G2293	True Positive	Interação predita pelo SCENIC+ que está no gold standard
G260	G3896	True Positive	Interação predita pelo SCENIC+ que está no gold standard
G172	G2605	True Positive	Interação predita pelo SCENIC+ que está no gold standard
G55	G952	True Positive	Interação predita pelo SCENIC+ que está no gold standard
G128	G2157	True Positive	Interação predita pelo SCENIC+ que está no gold standard
G175	G2393	True Positive	Interação predita pelo SCENIC+ que está no gold standard
G268	G684	True Positive	Interação predita pelo SCENIC+ que está no gold standard
G268	G1290	True Positive	Interação predita pelo SCENIC+ que está no gold standard
G92	G1505	True Positive	Interação predita pelo SCENIC+ que está no gold standard
G188	G1119	True Positive	Interação predita pelo SCENIC+ que está no gold standard
G282	G4266	True Positive	Interação predita pelo SCENIC+ que está no gold standard
G333	G1693	True Positive	Interação predita pelo SCENIC+ que está no gold standard
G110	G911	True Positive	Interação predita pelo SCENIC+ que está no gold standard
G178	G4101	True Positive	Interação predita pelo SCENIC+ que está no gold standard
G333	G3812	True Positive	Interação predita pelo SCENIC+ que está no gold standard
G55	G4303	True Positive	Interação predita pelo SCENIC+ que está no gold standard
G73	G4404	True Positive	Interação predita pelo SCENIC+ que está no gold standard
G138	G3678	True Positive	Interação predita pelo SCENIC+ que está no gold standard
G333	G2965	True Positive	Interação predita pelo SCENIC+ que está no gold standard
G92	G4245	True Positive	Interação predita pelo SCENIC+ que está no gold standard
G23	G1662	True Positive	Interação predita pelo SCENIC+ que está no gold standard
G55	G2394	True Positive	Interação predita pelo SCENIC+ que está no gold standard
G192	G3256	True Positive	Interação predita pelo SCENIC+ que está no gold standard
G305	G2228	True Positive	Interação predita pelo SCENIC+ que está no gold standard
G23	G992	True Positive	Interação predita pelo SCENIC+ que está no gold standard
G268	G2479	True Positive	Interação predita pelo SCENIC+ que está no gold standard
G23	G3330	True Positive	Interação predita pelo SCENIC+ que está no gold standard
G55	G539	True Positive	Interação predita pelo SCENIC+ que está no gold standard
G313	G4020	True Positive	Interação predita pelo SCENIC+ que está no gold standard
G172	G2058	True Positive	Interação predita pelo SCENIC+ que está no gold standard
G281	G2217	True Positive	Interação predita pelo SCENIC+ que está no gold standard
G3	G3990	True Positive	Interação predita pelo SCENIC+ que está no gold standard
G282	G3080	True Positive	Interação predita pelo SCENIC+ que está no gold standard
G3	G204	True Positive	Interação predita pelo SCENIC+ que está no gold standard
G99	G1830	True Positive	Interação predita pelo SCENIC+ que está no gold standard
G199	G519	True Positive	Interação predita pelo SCENIC+ que está no gold standard
G55	G315	True Positive	Interação predita pelo SCENIC+ que está no gold standard
G333	G2242	True Positive	Interação predita pelo SCENIC+ que está no gold standard
G4	G907	True Positive	Interação predita pelo SCENIC+ que está no gold standard
G258	G1987	True Positive	Interação predita pelo SCENIC+ que está no gold standard
G55	G3155	True Positive	Interação predita pelo SCENIC+ que está no gold standard
G244	G3754	True Positive	Interação predita pelo SCENIC+ que está no gold standard
G333	G2317	True Positive	Interação predita pelo SCENIC+ que está no gold standard
G89	G519	True Positive	Interação predita pelo SCENIC+ que está no gold standard
G55	G989	True Positive	Interação predita pelo SCENIC+ que está no gold standard
G55	G3356	True Positive	Interação predita pelo SCENIC+ que está no gold standard
G86	G2244	True Positive	Interação predita pelo SCENIC+ que está no gold standard
G74	G4270	True Positive	Interação predita pelo SCENIC+ que está no gold standard
G281	G4329	True Positive	Interação predita pelo SCENIC+ que está no gold standard
G268	G2666	True Positive	Interação predita pelo SCENIC+ que está no gold standard
G92	G3369	True Positive	Interação predita pelo SCENIC+ que está no gold standard
G333	G1221	True Positive	Interação predita pelo SCENIC+ que está no gold standard
G25	G1324	True Positive	Interação predita pelo SCENIC+ que está no gold standard
G3	G4300	True Positive	Interação predita pelo SCENIC+ que está no gold standard
G255	G1846	True Positive	Interação predita pelo SCENIC+ que está no gold standard
G264	G1952	True Positive	Interação predita pelo SCENIC+ que está no gold standard
G268	G887	True Positive	Interação predita pelo SCENIC+ que está no gold standard
G23	G2844	True Positive	Interação predita pelo SCENIC+ que está no gold standard
G197	G3142	True Positive	Interação predita pelo SCENIC+ que está no gold standard
G86	G3972	True Positive	Interação predita pelo SCENIC+ que está no gold standard
G192	G925	True Positive	Interação predita pelo SCENIC+ que está no gold standard
G281	G1839	True Positive	Interação predita pelo SCENIC+ que está no gold standard
G244	G2225	True Positive	Interação predita pelo SCENIC+ que está no gold standard
G101	G1538	True Positive	Interação predita pelo SCENIC+ que está no gold standard
G55	G4174	True Positive	Interação predita pelo SCENIC+ que está no gold standard
G268	G1505	True Positive	Interação predita pelo SCENIC+ que está no gold standard
G23	G3303	True Positive	Interação predita pelo SCENIC+ que está no gold standard
G107	G3730	True Positive	Interação predita pelo SCENIC+ que está no gold standard
G260	G2916	True Positive	Interação predita pelo SCENIC+ que está no gold standard
G219	G329	True Positive	Interação predita pelo SCENIC+ que está no gold standard
G55	G3437	True Positive	Interação predita pelo SCENIC+ que está no gold standard
G92	G1693	True Positive	Interação predita pelo SCENIC+ que está no gold standard
G282	G1464	True Positive	Interação predita pelo SCENIC+ que está no gold standard
G11	G2615	True Positive	Interação predita pelo SCENIC+ que está no gold standard
G23	G2117	True Positive	Interação predita pelo SCENIC+ que está no gold standard
G258	G2389	True Positive	Interação predita pelo SCENIC+ que está no gold standard
G313	G1653	True Positive	Interação predita pelo SCENIC+ que está no gold standard
G313	G4415	True Positive	Interação predita pelo SCENIC+ que está no gold standard
G55	G3718	True Positive	Interação predita pelo SCENIC+ que está no gold standard
G333	G2316	True Positive	Interação predita pelo SCENIC+ que está no gold standard
G268	G2516	True Positive	Interação predita pelo SCENIC+ que está no gold standard
G268	G4245	True Positive	Interação predita pelo SCENIC+ que está no gold standard
G99	G3727	True Positive	Interação predita pelo SCENIC+ que está no gold standard
G116	G678	True Positive	Interação predita pelo SCENIC+ que está no gold standard
G282	G3221	True Positive	Interação predita pelo SCENIC+ que está no gold standard
G220	G3047	True Positive	Interação predita pelo SCENIC+ que está no gold standard
G170	G1963	True Positive	Interação predita pelo SCENIC+ que está no gold standard
G86	G3700	True Positive	Interação predita pelo SCENIC+ que está no gold standard
G170	G1156	True Positive	Interação predita pelo SCENIC+ que está no gold standard
G268	G1212	True Positive	Interação predita pelo SCENIC+ que está no gold standard
G208	G2327	True Positive	Interação predita pelo SCENIC+ que está no gold standard
G281	G2117	True Positive	Interação predita pelo SCENIC+ que está no gold standard
G23	G4125	True Positive	Interação predita pelo SCENIC+ que está no gold standard
G92	G3861	True Positive	Interação predita pelo SCENIC+ que está no gold standard
G69	G3459	True Positive	Interação predita pelo SCENIC+ que está no gold standard
G55	G3681	True Positive	Interação predita pelo SCENIC+ que está no gold standard
G23	G876	True Positive	Interação predita pelo SCENIC+ que está no gold standard
G23	G4098	True Positive	Interação predita pelo SCENIC+ que está no gold standard
G110	G4119	True Positive	Interação predita pelo SCENIC+ que está no gold standard
G244	G1404	True Positive	Interação predita pelo SCENIC+ que está no gold standard
G99	G4057	True Positive	Interação predita pelo SCENIC+ que está no gold standard
G260	G691	True Positive	Interação predita pelo SCENIC+ que está no gold standard
G110	G1415	True Positive	Interação predita pelo SCENIC+ que está no gold standard
G138	G1949	True Positive	Interação predita pelo SCENIC+ que está no gold standard
G305	G2265	True Positive	Interação predita pelo SCENIC+ que está no gold standard
G268	G1996	True Positive	Interação predita pelo SCENIC+ que está no gold standard
G55	G1767	True Positive	Interação predita pelo SCENIC+ que está no gold standard
G199	G3755	True Positive	Interação predita pelo SCENIC+ que está no gold standard
G244	G4107	True Positive	Interação predita pelo SCENIC+ que está no gold standard
G268	G3108	True Positive	Interação predita pelo SCENIC+ que está no gold standard
G86	G1216	True Positive	Interação predita pelo SCENIC+ que está no gold standard
G224	G3755	True Positive	Interação predita pelo SCENIC+ que está no gold standard
G281	G876	True Positive	Interação predita pelo SCENIC+ que está no gold standard
G56	G1532	True Positive	Interação predita pelo SCENIC+ que está no gold standard
G258	G579	True Positive	Interação predita pelo SCENIC+ que está no gold standard
G73	G1932	True Positive	Interação predita pelo SCENIC+ que está no gold standard
G169	G3729	True Positive	Interação predita pelo SCENIC+ que está no gold standard
G277	G3519	True Positive	Interação predita pelo SCENIC+ que está no gold standard
G313	G1950	True Positive	Interação predita pelo SCENIC+ que está no gold standard
G268	G1693	True Positive	Interação predita pelo SCENIC+ que está no gold standard
G23	G2682	True Positive	Interação predita pelo SCENIC+ que está no gold standard
G220	G4125	True Positive	Interação predita pelo SCENIC+ que está no gold standard
G116	G3610	True Positive	Interação predita pelo SCENIC+ que está no gold standard
G268	G2303	True Positive	Interação predita pelo SCENIC+ que está no gold standard
G220	G876	True Positive	Interação predita pelo SCENIC+ que está no gold standard
G55	G2784	True Positive	Interação predita pelo SCENIC+ que está no gold standard
G268	G1394	True Positive	Interação predita pelo SCENIC+ que está no gold standard
G44	G160	True Positive	Interação predita pelo SCENIC+ que está no gold standard
G333	G342	True Positive	Interação predita pelo SCENIC+ que está no gold standard
G23	G3638	True Positive	Interação predita pelo SCENIC+ que está no gold standard
G309	G1654	True Positive	Interação predita pelo SCENIC+ que está no gold standard
G10	G1775	True Positive	Interação predita pelo SCENIC+ que está no gold standard
G55	G3754	True Positive	Interação predita pelo SCENIC+ que está no gold standard
G192	G4063	True Positive	Interação predita pelo SCENIC+ que está no gold standard
G268	G1532	True Positive	Interação predita pelo SCENIC+ que está no gold standard
G259	G2314	True Positive	Interação predita pelo SCENIC+ que está no gold standard
G192	G2043	True Positive	Interação predita pelo SCENIC+ que está no gold standard
G92	G3256	True Positive	Interação predita pelo SCENIC+ que está no gold standard
G244	G1893	True Positive	Interação predita pelo SCENIC+ que está no gold standard
G179	G3755	True Positive	Interação predita pelo SCENIC+ que está no gold standard
G268	G2761	True Positive	Interação predita pelo SCENIC+ que está no gold standard
G55	G2775	True Positive	Interação predita pelo SCENIC+ que está no gold standard
G55	G161	True Positive	Interação predita pelo SCENIC+ que está no gold standard
G23	G3682	True Positive	Interação predita pelo SCENIC+ que está no gold standard
G69	G2024	True Positive	Interação predita pelo SCENIC+ que está no gold standard
G73	G201	True Positive	Interação predita pelo SCENIC+ que está no gold standard
G138	G991	True Positive	Interação predita pelo SCENIC+ que está no gold standard
G89	G796	True Positive	Interação predita pelo SCENIC+ que está no gold standard
G140	G4395	True Positive	Interação predita pelo SCENIC+ que está no gold standard
G175	G3568	True Positive	Interação predita pelo SCENIC+ que está no gold standard
G260	G2121	True Positive	Interação predita pelo SCENIC+ que está no gold standard
G55	G305	True Positive	Interação predita pelo SCENIC+ que está no gold standard
G86	G2809	True Positive	Interação predita pelo SCENIC+ que está no gold standard
G192	G2825	True Positive	Interação predita pelo SCENIC+ que está no gold standard
G55	G1420	True Positive	Interação predita pelo SCENIC+ que está no gold standard
G268	G3861	True Positive	Interação predita pelo SCENIC+ que está no gold standard
G55	G2641	True Positive	Interação predita pelo SCENIC+ que está no gold standard
G282	G1114	True Positive	Interação predita pelo SCENIC+ que está no gold standard
G268	G2264	True Positive	Interação predita pelo SCENIC+ que está no gold standard
G333	G2575	True Positive	Interação predita pelo SCENIC+ que está no gold standard
G151	G3656	True Positive	Interação predita pelo SCENIC+ que está no gold standard
G192	G3012	True Positive	Interação predita pelo SCENIC+ que está no gold standard
G223	G3813	True Positive	Interação predita pelo SCENIC+ que está no gold standard
G92	G192	True Positive	Interação predita pelo SCENIC+ que está no gold standard
G313	G2404	True Positive	Interação predita pelo SCENIC+ que está no gold standard
G55	G2505	True Positive	Interação predita pelo SCENIC+ que está no gold standard
G333	G3650	True Positive	Interação predita pelo SCENIC+ que está no gold standard
G281	G2783	True Positive	Interação predita pelo SCENIC+ que está no gold standard
G55	G2225	True Positive	Interação predita pelo SCENIC+ que está no gold standard
G73	G490	True Positive	Interação predita pelo SCENIC+ que está no gold standard
G268	G1557	True Positive	Interação predita pelo SCENIC+ que está no gold standard
G23	G887	True Positive	Interação predita pelo SCENIC+ que está no gold standard
G23	G3310	True Positive	Interação predita pelo SCENIC+ que está no gold standard
G205	G2424	True Positive	Interação predita pelo SCENIC+ que está no gold standard
G140	G518	True Positive	Interação predita pelo SCENIC+ que está no gold standard
G220	G2758	True Positive	Interação predita pelo SCENIC+ que está no gold standard
G175	G1973	True Positive	Interação predita pelo SCENIC+ que está no gold standard
G188	G2821	True Positive	Interação predita pelo SCENIC+ que está no gold standard
G55	G3205	True Positive	Interação predita pelo SCENIC+ que está no gold standard
G260	G3470	True Positive	Interação predita pelo SCENIC+ que está no gold standard
G23	G113	True Positive	Interação predita pelo SCENIC+ que está no gold standard
G199	G657	True Positive	Interação predita pelo SCENIC+ que está no gold standard
G285	G3870	True Positive	Interação predita pelo SCENIC+ que está no gold standard
G4	G1034	True Positive	Interação predita pelo SCENIC+ que está no gold standard
G169	G1838	True Positive	Interação predita pelo SCENIC+ que está no gold standard
G281	G4333	True Positive	Interação predita pelo SCENIC+ que está no gold standard
G333	G593	True Positive	Interação predita pelo SCENIC+ que está no gold standard
G23	G2516	True Positive	Interação predita pelo SCENIC+ que está no gold standard
G23	G4245	True Positive	Interação predita pelo SCENIC+ que está no gold standard
G140	G4111	True Positive	Interação predita pelo SCENIC+ que está no gold standard
G328	G1512	True Positive	Interação predita pelo SCENIC+ que está no gold standard
G55	G145	True Positive	Interação predita pelo SCENIC+ que está no gold standard
G192	G769	True Positive	Interação predita pelo SCENIC+ que está no gold standard
G55	G2795	True Positive	Interação predita pelo SCENIC+ que está no gold standard
G55	G3367	True Positive	Interação predita pelo SCENIC+ que está no gold standard
G268	G4344	True Positive	Interação predita pelo SCENIC+ que está no gold standard
G166	G495	True Positive	Interação predita pelo SCENIC+ que está no gold standard
G192	G1539	True Positive	Interação predita pelo SCENIC+ que está no gold standard
G10	G3688	True Positive	Interação predita pelo SCENIC+ que está no gold standard
G268	G340	True Positive	Interação predita pelo SCENIC+ que está no gold standard
G259	G3813	True Positive	Interação predita pelo SCENIC+ que está no gold standard
G268	G3256	True Positive	Interação predita pelo SCENIC+ que está no gold standard
G55	G3994	True Positive	Interação predita pelo SCENIC+ que está no gold standard
G235	G1230	True Positive	Interação predita pelo SCENIC+ que está no gold standard
G55	G1404	True Positive	Interação predita pelo SCENIC+ que está no gold standard
G313	G4417	True Positive	Interação predita pelo SCENIC+ que está no gold standard
G31	G2234	True Positive	Interação predita pelo SCENIC+ que está no gold standard
G55	G1250	True Positive	Interação predita pelo SCENIC+ que está no gold standard
G164	G896	True Positive	Interação predita pelo SCENIC+ que está no gold standard
G268	G4469	True Positive	Interação predita pelo SCENIC+ que está no gold standard
G192	G3432	True Positive	Interação predita pelo SCENIC+ que está no gold standard
G86	G558	True Positive	Interação predita pelo SCENIC+ que está no gold standard
G23	G3769	True Positive	Interação predita pelo SCENIC+ que está no gold standard
G55	G3879	True Positive	Interação predita pelo SCENIC+ que está no gold standard
G199	G1545	True Positive	Interação predita pelo SCENIC+ que está no gold standard
G55	G2805	True Positive	Interação predita pelo SCENIC+ que está no gold standard
G220	G4245	True Positive	Interação predita pelo SCENIC+ que está no gold standard
G223	G4361	True Positive	Interação predita pelo SCENIC+ que está no gold standard
G224	G1545	True Positive	Interação predita pelo SCENIC+ que está no gold standard
G235	G3399	True Positive	Interação predita pelo SCENIC+ que está no gold standard
G255	G678	True Positive	Interação predita pelo SCENIC+ que está no gold standard
G330	G3523	True Positive	Interação predita pelo SCENIC+ que está no gold standard
G268	G2500	True Positive	Interação predita pelo SCENIC+ que está no gold standard
G268	G3184	True Positive	Interação predita pelo SCENIC+ que está no gold standard
G110	G3161	True Positive	Interação predita pelo SCENIC+ que está no gold standard
G223	G1993	True Positive	Interação predita pelo SCENIC+ que está no gold standard
G244	G2217	True Positive	Interação predita pelo SCENIC+ que está no gold standard
G120	G4276	True Positive	Interação predita pelo SCENIC+ que está no gold standard
G92	G2855	True Positive	Interação predita pelo SCENIC+ que está no gold standard
G210	G1266	True Positive	Interação predita pelo SCENIC+ que está no gold standard
G55	G2834	True Positive	Interação predita pelo SCENIC+ que está no gold standard
G282	G3951	True Positive	Interação predita pelo SCENIC+ que está no gold standard
G55	G343	True Positive	Interação predita pelo SCENIC+ que está no gold standard
G244	G4329	True Positive	Interação predita pelo SCENIC+ que está no gold standard
G281	G3676	True Positive	Interação predita pelo SCENIC+ que está no gold standard
G179	G1545	True Positive	Interação predita pelo SCENIC+ que está no gold standard
G125	G189	True Positive	Interação predita pelo SCENIC+ que está no gold standard
G223	G813	True Positive	Interação predita pelo SCENIC+ que está no gold standard
G268	G492	True Positive	Interação predita pelo SCENIC+ que está no gold standard
G333	G769	True Positive	Interação predita pelo SCENIC+ que está no gold standard
G220	G2249	True Positive	Interação predita pelo SCENIC+ que está no gold standard
G147	G3036	True Positive	Interação predita pelo SCENIC+ que está no gold standard
G11	G2592	True Positive	Interação predita pelo SCENIC+ que está no gold standard
G145	G937	True Positive	Interação predita pelo SCENIC+ que está no gold standard
G66	G2795	True Positive	Interação predita pelo SCENIC+ que está no gold standard
G23	G4029	True Positive	Interação predita pelo SCENIC+ que está no gold standard
G96	G219	True Positive	Interação predita pelo SCENIC+ que está no gold standard
G333	G3718	True Positive	Interação predita pelo SCENIC+ que está no gold standard
G89	G210	True Positive	Interação predita pelo SCENIC+ que está no gold standard
G268	G3537	True Positive	Interação predita pelo SCENIC+ que está no gold standard
G281	G2629	True Positive	Interação predita pelo SCENIC+ que está no gold standard
G92	G4063	True Positive	Interação predita pelo SCENIC+ que está no gold standard
G140	G1000	True Positive	Interação predita pelo SCENIC+ que está no gold standard
G92	G2043	True Positive	Interação predita pelo SCENIC+ que está no gold standard
G210	G1246	True Positive	Interação predita pelo SCENIC+ que está no gold standard
G3	G2505	True Positive	Interação predita pelo SCENIC+ que está no gold standard
G55	G2581	True Positive	Interação predita pelo SCENIC+ que está no gold standard
G303	G3954	True Positive	Interação predita pelo SCENIC+ que está no gold standard
G73	G2884	True Positive	Interação predita pelo SCENIC+ que está no gold standard
G170	G3175	True Positive	Interação predita pelo SCENIC+ que está no gold standard
G313	G316	True Positive	Interação predita pelo SCENIC+ que está no gold standard
G58	G2966	True Positive	Interação predita pelo SCENIC+ que está no gold standard
G4	G3044	True Positive	Interação predita pelo SCENIC+ que está no gold standard
G56	G1034	True Positive	Interação predita pelo SCENIC+ que está no gold standard
G152	G4422	True Positive	Interação predita pelo SCENIC+ que está no gold standard
G205	G673	True Positive	Interação predita pelo SCENIC+ que está no gold standard
G55	G2258	True Positive	Interação predita pelo SCENIC+ que está no gold standard
G152	G3460	True Positive	Interação predita pelo SCENIC+ que está no gold standard
G255	G3610	True Positive	Interação predita pelo SCENIC+ que está no gold standard
G55	G219	True Positive	Interação predita pelo SCENIC+ que está no gold standard
G333	G2265	True Positive	Interação predita pelo SCENIC+ que está no gold standard
G333	G2968	True Positive	Interação predita pelo SCENIC+ que está no gold standard
G55	G2991	True Positive	Interação predita pelo SCENIC+ que está no gold standard
G92	G3012	True Positive	Interação predita pelo SCENIC+ que está no gold standard
G313	G2317	True Positive	Interação predita pelo SCENIC+ que está no gold standard
G188	G254	True Positive	Interação predita pelo SCENIC+ que está no gold standard
G305	G1814	True Positive	Interação predita pelo SCENIC+ que está no gold standard
G116	G3966	True Positive	Interação predita pelo SCENIC+ que está no gold standard
G277	G2895	True Positive	Interação predita pelo SCENIC+ que está no gold standard
G86	G587	True Positive	Interação predita pelo SCENIC+ que está no gold standard
G281	G331	True Positive	Interação predita pelo SCENIC+ que está no gold standard
G309	G847	True Positive	Interação predita pelo SCENIC+ que está no gold standard
G220	G544	True Positive	Interação predita pelo SCENIC+ que está no gold standard
G333	G4151	True Positive	Interação predita pelo SCENIC+ que está no gold standard
G255	G3360	True Positive	Interação predita pelo SCENIC+ que está no gold standard
G55	G392	True Positive	Interação predita pelo SCENIC+ que está no gold standard
G55	G681	True Positive	Interação predita pelo SCENIC+ que está no gold standard
G309	G4265	True Positive	Interação predita pelo SCENIC+ que está no gold standard
G244	G3475	True Positive	Interação predita pelo SCENIC+ que está no gold standard
G334	G3176	True Positive	Interação predita pelo SCENIC+ que está no gold standard
G10	G1566	True Positive	Interação predita pelo SCENIC+ que está no gold standard
G268	G4004	True Positive	Interação predita pelo SCENIC+ que está no gold standard
G23	G4344	True Positive	Interação predita pelo SCENIC+ que está no gold standard
G107	G2896	True Positive	Interação predita pelo SCENIC+ que está no gold standard
G55	G4305	True Positive	Interação predita pelo SCENIC+ que está no gold standard
G55	G1888	True Positive	Interação predita pelo SCENIC+ que está no gold standard
G92	G769	True Positive	Interação predita pelo SCENIC+ que está no gold standard
G110	G329	True Positive	Interação predita pelo SCENIC+ que está no gold standard
G151	G2154	True Positive	Interação predita pelo SCENIC+ que está no gold standard
G92	G1539	True Positive	Interação predita pelo SCENIC+ que está no gold standard
G36	G3812	True Positive	Interação predita pelo SCENIC+ que está no gold standard
G333	G2784	True Positive	Interação predita pelo SCENIC+ que está no gold standard
G303	G1993	True Positive	Interação predita pelo SCENIC+ que está no gold standard
G268	G4063	True Positive	Interação predita pelo SCENIC+ que está no gold standard
G61	G3955	True Positive	Interação predita pelo SCENIC+ que está no gold standard
G55	G60	True Positive	Interação predita pelo SCENIC+ que está no gold standard
G73	G2381	True Positive	Interação predita pelo SCENIC+ que está no gold standard
G258	G1473	True Positive	Interação predita pelo SCENIC+ que está no gold standard
G309	G1246	True Positive	Interação predita pelo SCENIC+ que está no gold standard
G138	G2821	True Positive	Interação predita pelo SCENIC+ que está no gold standard
G55	G2000	True Positive	Interação predita pelo SCENIC+ que está no gold standard
G283	G593	True Positive	Interação predita pelo SCENIC+ que está no gold standard
G55	G1588	True Positive	Interação predita pelo SCENIC+ que está no gold standard
G315	G3356	True Positive	Interação predita pelo SCENIC+ que está no gold standard
G333	G3754	True Positive	Interação predita pelo SCENIC+ que está no gold standard
G55	G2615	True Positive	Interação predita pelo SCENIC+ que está no gold standard
G268	G424	True Positive	Interação predita pelo SCENIC+ que está no gold standard
G247	G2995	True Positive	Interação predita pelo SCENIC+ que está no gold standard
G92	G3432	True Positive	Interação predita pelo SCENIC+ que está no gold standard
G172	G4279	True Positive	Interação predita pelo SCENIC+ que está no gold standard
G268	G3221	True Positive	Interação predita pelo SCENIC+ que está no gold standard
G333	G3729	True Positive	Interação predita pelo SCENIC+ que está no gold standard
G305	G2125	True Positive	Interação predita pelo SCENIC+ que está no gold standard
G192	G2287	True Positive	Interação predita pelo SCENIC+ que está no gold standard
G166	G1036	True Positive	Interação predita pelo SCENIC+ que está no gold standard
G172	G3990	True Positive	Interação predita pelo SCENIC+ que está no gold standard
G223	G2705	True Positive	Interação predita pelo SCENIC+ que está no gold standard
G254	G4312	True Positive	Interação predita pelo SCENIC+ que está no gold standard
G55	G3441	True Positive	Interação predita pelo SCENIC+ que está no gold standard
G333	G2641	True Positive	Interação predita pelo SCENIC+ que está no gold standard
G55	G1662	True Positive	Interação predita pelo SCENIC+ que está no gold standard
G55	G2821	True Positive	Interação predita pelo SCENIC+ que está no gold standard
G220	G3256	True Positive	Interação predita pelo SCENIC+ que está no gold standard
G199	G1222	True Positive	Interação predita pelo SCENIC+ que está no gold standard
G219	G4351	True Positive	Interação predita pelo SCENIC+ que está no gold standard
G260	G2805	True Positive	Interação predita pelo SCENIC+ que está no gold standard
G55	G992	True Positive	Interação predita pelo SCENIC+ que está no gold standard
G282	G2896	True Positive	Interação predita pelo SCENIC+ que está no gold standard
G83	G3561	True Positive	Interação predita pelo SCENIC+ que está no gold standard
G235	G4076	True Positive	Interação predita pelo SCENIC+ que está no gold standard
G113	G3742	True Positive	Interação predita pelo SCENIC+ que está no gold standard
G244	G1019	True Positive	Interação predita pelo SCENIC+ que está no gold standard
G192	G3073	True Positive	Interação predita pelo SCENIC+ que está no gold standard
G235	G1650	True Positive	Interação predita pelo SCENIC+ que está no gold standard
G92	G2097	True Positive	Interação predita pelo SCENIC+ que está no gold standard
G223	G2458	True Positive	Interação predita pelo SCENIC+ que está no gold standard
G268	G3938	True Positive	Interação predita pelo SCENIC+ que está no gold standard
G268	G3813	True Positive	Interação predita pelo SCENIC+ que está no gold standard
G99	G3506	True Positive	Interação predita pelo SCENIC+ que está no gold standard
G55	G965	True Positive	Interação predita pelo SCENIC+ que está no gold standard
G244	G896	True Positive	Interação predita pelo SCENIC+ que está no gold standard
G255	G1830	True Positive	Interação predita pelo SCENIC+ que está no gold standard
G23	G3983	True Positive	Interação predita pelo SCENIC+ que está no gold standard
G188	G4312	True Positive	Interação predita pelo SCENIC+ que está no gold standard
G219	G1847	True Positive	Interação predita pelo SCENIC+ que está no gold standard
G55	G3057	True Positive	Interação predita pelo SCENIC+ que está no gold standard
G55	G3544	True Positive	Interação predita pelo SCENIC+ que está no gold standard
G23	G3537	True Positive	Interação predita pelo SCENIC+ que está no gold standard
G268	G1539	True Positive	Interação predita pelo SCENIC+ que está no gold standard
G55	G2844	True Positive	Interação predita pelo SCENIC+ que está no gold standard
G92	G2187	True Positive	Interação predita pelo SCENIC+ que está no gold standard
G151	G4330	True Positive	Interação predita pelo SCENIC+ que está no gold standard
G109	G3695	True Positive	Interação predita pelo SCENIC+ que está no gold standard
G151	G2786	True Positive	Interação predita pelo SCENIC+ que está no gold standard
G66	G1564	True Positive	Interação predita pelo SCENIC+ que está no gold standard
G220	G925	True Positive	Interação predita pelo SCENIC+ que está no gold standard
G55	G283	True Positive	Interação predita pelo SCENIC+ que está no gold standard
G259	G4220	True Positive	Interação predita pelo SCENIC+ que está no gold standard
G192	G1595	True Positive	Interação predita pelo SCENIC+ que está no gold standard
G278	G3998	True Positive	Interação predita pelo SCENIC+ que está no gold standard
G268	G2707	True Positive	Interação predita pelo SCENIC+ que está no gold standard
G55	G3562	True Positive	Interação predita pelo SCENIC+ que está no gold standard
G23	G3473	True Positive	Interação predita pelo SCENIC+ que está no gold standard
G192	G2041	True Positive	Interação predita pelo SCENIC+ que está no gold standard
G268	G3365	True Positive	Interação predita pelo SCENIC+ que está no gold standard
G147	G809	True Positive	Interação predita pelo SCENIC+ que está no gold standard
G305	G3966	True Positive	Interação predita pelo SCENIC+ que está no gold standard
G255	G3321	True Positive	Interação predita pelo SCENIC+ que está no gold standard
G268	G3432	True Positive	Interação predita pelo SCENIC+ que está no gold standard
G260	G970	True Positive	Interação predita pelo SCENIC+ que está no gold standard
G125	G2014	True Positive	Interação predita pelo SCENIC+ que está no gold standard
G55	G1062	True Positive	Interação predita pelo SCENIC+ que está no gold standard
G333	G3994	True Positive	Interação predita pelo SCENIC+ que está no gold standard
G23	G890	True Positive	Interação predita pelo SCENIC+ que está no gold standard
G55	G2117	True Positive	Interação predita pelo SCENIC+ que está no gold standard
G147	G3099	True Positive	Interação predita pelo SCENIC+ que está no gold standard
G258	G1715	True Positive	Interação predita pelo SCENIC+ que está no gold standard
G55	G495	True Positive	Interação predita pelo SCENIC+ que está no gold standard
G92	G2781	True Positive	Interação predita pelo SCENIC+ que está no gold standard
G125	G4209	True Positive	Interação predita pelo SCENIC+ que está no gold standard
G172	G2855	True Positive	Interação predita pelo SCENIC+ que está no gold standard
G268	G2265	True Positive	Interação predita pelo SCENIC+ que está no gold standard
G268	G2968	True Positive	Interação predita pelo SCENIC+ que está no gold standard
G313	G1323	True Positive	Interação predita pelo SCENIC+ que está no gold standard
G236	G3544	True Positive	Interação predita pelo SCENIC+ que está no gold standard
G223	G2360	True Positive	Interação predita pelo SCENIC+ que está no gold standard
G328	G3095	True Positive	Interação predita pelo SCENIC+ que está no gold standard
G333	G2269	True Positive	Interação predita pelo SCENIC+ que está no gold standard
G6	G1101	True Positive	Interação predita pelo SCENIC+ que está no gold standard
G333	G3142	True Positive	Interação predita pelo SCENIC+ que está no gold standard
G55	G3891	True Positive	Interação predita pelo SCENIC+ que está no gold standard
G220	G3537	True Positive	Interação predita pelo SCENIC+ que está no gold standard
G55	G3475	True Positive	Interação predita pelo SCENIC+ que está no gold standard
G268	G3595	True Positive	Interação predita pelo SCENIC+ que está no gold standard
G197	G4041	True Positive	Interação predita pelo SCENIC+ que está no gold standard
G223	G3792	True Positive	Interação predita pelo SCENIC+ que está no gold standard
G220	G3708	True Positive	Interação predita pelo SCENIC+ que está no gold standard
G268	G1589	True Positive	Interação predita pelo SCENIC+ que está no gold standard
G175	G2242	True Positive	Interação predita pelo SCENIC+ que está no gold standard
G25	G3619	True Positive	Interação predita pelo SCENIC+ que está no gold standard
G219	G3252	True Positive	Interação predita pelo SCENIC+ que está no gold standard
G258	G952	True Positive	Interação predita pelo SCENIC+ que está no gold standard
G268	G3579	True Positive	Interação predita pelo SCENIC+ que está no gold standard
G313	G3339	True Positive	Interação predita pelo SCENIC+ que está no gold standard
G140	G422	True Positive	Interação predita pelo SCENIC+ que está no gold standard
G268	G1427	True Positive	Interação predita pelo SCENIC+ que está no gold standard
G55	G4098	True Positive	Interação predita pelo SCENIC+ que está no gold standard
G333	G3831	True Positive	Interação predita pelo SCENIC+ que está no gold standard
G251	G469	True Positive	Interação predita pelo SCENIC+ que está no gold standard
G244	G796	True Positive	Interação predita pelo SCENIC+ que está no gold standard
G309	G3543	True Positive	Interação predita pelo SCENIC+ que está no gold standard
G309	G3670	True Positive	Interação predita pelo SCENIC+ que está no gold standard
G281	G2314	True Positive	Interação predita pelo SCENIC+ que está no gold standard
G281	G3522	True Positive	Interação predita pelo SCENIC+ que está no gold standard
G333	G343	True Positive	Interação predita pelo SCENIC+ que está no gold standard
G255	G3047	True Positive	Interação predita pelo SCENIC+ que está no gold standard
G277	G3282	True Positive	Interação predita pelo SCENIC+ que está no gold standard
G313	G4303	True Positive	Interação predita pelo SCENIC+ que está no gold standard
G99	G1846	True Positive	Interação predita pelo SCENIC+ que está no gold standard
G92	G688	True Positive	Interação predita pelo SCENIC+ que está no gold standard
G303	G4146	True Positive	Interação predita pelo SCENIC+ que está no gold standard
G253	G2566	True Positive	Interação predita pelo SCENIC+ que está no gold standard
G55	G2566	True Positive	Interação predita pelo SCENIC+ que está no gold standard
G313	G659	True Positive	Interação predita pelo SCENIC+ que está no gold standard
G315	G3748	True Positive	Interação predita pelo SCENIC+ que está no gold standard
G328	G1255	True Positive	Interação predita pelo SCENIC+ que está no gold standard
G23	G3221	True Positive	Interação predita pelo SCENIC+ que está no gold standard
G333	G480	True Positive	Interação predita pelo SCENIC+ que está no gold standard
G254	G2668	True Positive	Interação predita pelo SCENIC+ que está no gold standard
G192	G2073	True Positive	Interação predita pelo SCENIC+ que está no gold standard
G283	G3036	True Positive	Interação predita pelo SCENIC+ que está no gold standard
G55	G3483	True Positive	Interação predita pelo SCENIC+ que está no gold standard
G227	G3356	True Positive	Interação predita pelo SCENIC+ que está no gold standard
G305	G2604	True Positive	Interação predita pelo SCENIC+ que está no gold standard
G199	G947	True Positive	Interação predita pelo SCENIC+ que está no gold standard
G268	G2393	True Positive	Interação predita pelo SCENIC+ que está no gold standard
G92	G2287	True Positive	Interação predita pelo SCENIC+ que está no gold standard
G199	G4252	True Positive	Interação predita pelo SCENIC+ que está no gold standard
G92	G1250	True Positive	Interação predita pelo SCENIC+ que está no gold standard
G333	G2595	True Positive	Interação predita pelo SCENIC+ que está no gold standard
G268	G2321	True Positive	Interação predita pelo SCENIC+ que está no gold standard
G281	G3221	True Positive	Interação predita pelo SCENIC+ que está no gold standard
G333	G3554	True Positive	Interação predita pelo SCENIC+ que está no gold standard
G145	G4356	True Positive	Interação predita pelo SCENIC+ que está no gold standard
G23	G4113	True Positive	Interação predita pelo SCENIC+ que está no gold standard
G313	G936	True Positive	Interação predita pelo SCENIC+ que está no gold standard
G92	G3073	True Positive	Interação predita pelo SCENIC+ que está no gold standard
G274	G2133	True Positive	Interação predita pelo SCENIC+ que está no gold standard
G220	G2825	True Positive	Interação predita pelo SCENIC+ que está no gold standard
G150	G3160	True Positive	Interação predita pelo SCENIC+ que está no gold standard
G220	G3221	True Positive	Interação predita pelo SCENIC+ que está no gold standard
G74	G1392	True Positive	Interação predita pelo SCENIC+ que está no gold standard
G55	G3295	True Positive	Interação predita pelo SCENIC+ que está no gold standard
G55	G1827	True Positive	Interação predita pelo SCENIC+ que está no gold standard
G92	G3831	True Positive	Interação predita pelo SCENIC+ que está no gold standard
G333	G1830	True Positive	Interação predita pelo SCENIC+ que está no gold standard
G55	G887	True Positive	Interação predita pelo SCENIC+ que está no gold standard
G55	G4333	True Positive	Interação predita pelo SCENIC+ que está no gold standard
G333	G3621	True Positive	Interação predita pelo SCENIC+ que está no gold standard
G333	G4106	True Positive	Interação predita pelo SCENIC+ que está no gold standard
G55	G2854	True Positive	Interação predita pelo SCENIC+ que está no gold standard
G244	G331	True Positive	Interação predita pelo SCENIC+ que está no gold standard
G333	G1645	True Positive	Interação predita pelo SCENIC+ que está no gold standard
G268	G4003	True Positive	Interação predita pelo SCENIC+ que está no gold standard
G333	G4255	True Positive	Interação predita pelo SCENIC+ que está no gold standard
G23	G2707	True Positive	Interação predita pelo SCENIC+ que está no gold standard
G55	G113	True Positive	Interação predita pelo SCENIC+ que está no gold standard
G96	G110	True Positive	Interação predita pelo SCENIC+ que está no gold standard
G113	G3953	True Positive	Interação predita pelo SCENIC+ que está no gold standard
G268	G3951	True Positive	Interação predita pelo SCENIC+ que está no gold standard
G55	G3374	True Positive	Interação predita pelo SCENIC+ que está no gold standard
G244	G1308	True Positive	Interação predita pelo SCENIC+ que está no gold standard
G23	G3365	True Positive	Interação predita pelo SCENIC+ que está no gold standard
G48	G3425	True Positive	Interação predita pelo SCENIC+ que está no gold standard
G92	G1595	True Positive	Interação predita pelo SCENIC+ que está no gold standard
G281	G3953	True Positive	Interação predita pelo SCENIC+ que está no gold standard
G92	G3459	True Positive	Interação predita pelo SCENIC+ que está no gold standard
G55	G2132	True Positive	Interação predita pelo SCENIC+ que está no gold standard
G55	G2887	True Positive	Interação predita pelo SCENIC+ que está no gold standard
G138	G2655	True Positive	Interação predita pelo SCENIC+ que está no gold standard
G55	G110	True Positive	Interação predita pelo SCENIC+ que está no gold standard
G170	G792	True Positive	Interação predita pelo SCENIC+ que está no gold standard
G116	G1284	True Positive	Interação predita pelo SCENIC+ que está no gold standard
G183	G3356	True Positive	Interação predita pelo SCENIC+ que está no gold standard
G55	G2592	True Positive	Interação predita pelo SCENIC+ que está no gold standard
G305	G1091	True Positive	Interação predita pelo SCENIC+ que está no gold standard
G10	G3199	True Positive	Interação predita pelo SCENIC+ que está no gold standard
G89	G1119	True Positive	Interação predita pelo SCENIC+ que está no gold standard
G255	G2758	True Positive	Interação predita pelo SCENIC+ que está no gold standard
G125	G665	True Positive	Interação predita pelo SCENIC+ que está no gold standard
G268	G1392	True Positive	Interação predita pelo SCENIC+ que está no gold standard
G268	G4072	True Positive	Interação predita pelo SCENIC+ que está no gold standard
G268	G2637	True Positive	Interação predita pelo SCENIC+ que está no gold standard
G86	G1703	True Positive	Interação predita pelo SCENIC+ que está no gold standard
G58	G3442	True Positive	Interação predita pelo SCENIC+ que está no gold standard
G192	G2135	True Positive	Interação predita pelo SCENIC+ que está no gold standard
G232	G3738	True Positive	Interação predita pelo SCENIC+ que está no gold standard
G192	G869	True Positive	Interação predita pelo SCENIC+ que está no gold standard
G333	G3727	True Positive	Interação predita pelo SCENIC+ que está no gold standard
G55	G3233	True Positive	Interação predita pelo SCENIC+ que está no gold standard
G333	G3528	True Positive	Interação predita pelo SCENIC+ que está no gold standard
G220	G3365	True Positive	Interação predita pelo SCENIC+ que está no gold standard
G83	G2754	True Positive	Interação predita pelo SCENIC+ que está no gold standard
G25	G3316	True Positive	Interação predita pelo SCENIC+ que está no gold standard
G235	G1020	True Positive	Interação predita pelo SCENIC+ que está no gold standard
G175	G3650	True Positive	Interação predita pelo SCENIC+ que está no gold standard
G55	G1036	True Positive	Interação predita pelo SCENIC+ que está no gold standard
G313	G2746	True Positive	Interação predita pelo SCENIC+ que está no gold standard
G333	G3330	True Positive	Interação predita pelo SCENIC+ que está no gold standard
G210	G2737	True Positive	Interação predita pelo SCENIC+ que está no gold standard
G268	G3831	True Positive	Interação predita pelo SCENIC+ que está no gold standard
G55	G1996	True Positive	Interação predita pelo SCENIC+ que está no gold standard
G55	G3326	True Positive	Interação predita pelo SCENIC+ que está no gold standard
G66	G1827	True Positive	Interação predita pelo SCENIC+ que está no gold standard
G281	G4071	True Positive	Interação predita pelo SCENIC+ que está no gold standard
G92	G1047	True Positive	Interação predita pelo SCENIC+ que está no gold standard
G55	G3108	True Positive	Interação predita pelo SCENIC+ que está no gold standard
G188	G2314	True Positive	Interação predita pelo SCENIC+ que está no gold standard
G313	G2187	True Positive	Interação predita pelo SCENIC+ que está no gold standard
G176	G1662	True Positive	Interação predita pelo SCENIC+ que está no gold standard
G192	G4058	True Positive	Interação predita pelo SCENIC+ que está no gold standard
G197	G1985	True Positive	Interação predita pelo SCENIC+ que está no gold standard
G333	G4057	True Positive	Interação predita pelo SCENIC+ que está no gold standard
G223	G714	True Positive	Interação predita pelo SCENIC+ que está no gold standard
G333	G3966	True Positive	Interação predita pelo SCENIC+ que está no gold standard
G140	G824	True Positive	Interação predita pelo SCENIC+ que está no gold standard
G23	G1941	True Positive	Interação predita pelo SCENIC+ que está no gold standard
G55	G3127	True Positive	Interação predita pelo SCENIC+ que está no gold standard
G268	G2041	True Positive	Interação predita pelo SCENIC+ que está no gold standard
G55	G236	True Positive	Interação predita pelo SCENIC+ que está no gold standard
G147	G956	True Positive	Interação predita pelo SCENIC+ que está no gold standard
G55	G2629	True Positive	Interação predita pelo SCENIC+ que está no gold standard
G260	G2157	True Positive	Interação predita pelo SCENIC+ que está no gold standard
G305	G3676	True Positive	Interação predita pelo SCENIC+ que está no gold standard
G55	G1586	True Positive	Interação predita pelo SCENIC+ que está no gold standard
G227	G3748	True Positive	Interação predita pelo SCENIC+ que está no gold standard
G333	G534	True Positive	Interação predita pelo SCENIC+ que está no gold standard
G268	G488	True Positive	Interação predita pelo SCENIC+ que está no gold standard
G109	G4180	True Positive	Interação predita pelo SCENIC+ que está no gold standard
G192	G3021	True Positive	Interação predita pelo SCENIC+ que está no gold standard
G219	G2723	True Positive	Interação predita pelo SCENIC+ que está no gold standard
G86	G1089	True Positive	Interação predita pelo SCENIC+ que está no gold standard
G23	G2321	True Positive	Interação predita pelo SCENIC+ que está no gold standard
G55	G3896	True Positive	Interação predita pelo SCENIC+ que está no gold standard
G55	G1532	True Positive	Interação predita pelo SCENIC+ que está no gold standard
G263	G3893	True Positive	Interação predita pelo SCENIC+ que está no gold standard
G305	G1765	True Positive	Interação predita pelo SCENIC+ que está no gold standard
G55	G907	True Positive	Interação predita pelo SCENIC+ que está no gold standard
G55	G2264	True Positive	Interação predita pelo SCENIC+ que está no gold standard
G92	G3727	True Positive	Interação predita pelo SCENIC+ que está no gold standard
G223	G897	True Positive	Interação predita pelo SCENIC+ que está no gold standard
G11	G3546	True Positive	Interação predita pelo SCENIC+ que está no gold standard
G73	G1170	True Positive	Interação predita pelo SCENIC+ que está no gold standard
G282	G1551	True Positive	Interação predita pelo SCENIC+ que está no gold standard
G333	G1950	True Positive	Interação predita pelo SCENIC+ que está no gold standard
G110	G4351	True Positive	Interação predita pelo SCENIC+ que está no gold standard
G8	G961	True Positive	Interação predita pelo SCENIC+ que está no gold standard
G333	G1730	True Positive	Interação predita pelo SCENIC+ que está no gold standard
G281	G3646	True Positive	Interação predita pelo SCENIC+ que está no gold standard
G282	G1035	True Positive	Interação predita pelo SCENIC+ que está no gold standard
G209	G1940	True Positive	Interação predita pelo SCENIC+ que está no gold standard
G23	G93	True Positive	Interação predita pelo SCENIC+ que está no gold standard
G255	G2249	True Positive	Interação predita pelo SCENIC+ que está no gold standard
G274	G2689	True Positive	Interação predita pelo SCENIC+ que está no gold standard
G268	G3568	True Positive	Interação predita pelo SCENIC+ que está no gold standard
G223	G3462	True Positive	Interação predita pelo SCENIC+ que está no gold standard
G151	G2854	True Positive	Interação predita pelo SCENIC+ que está no gold standard
G305	G2387	True Positive	Interação predita pelo SCENIC+ que está no gold standard
G55	G4032	True Positive	Interação predita pelo SCENIC+ que está no gold standard
G23	G2732	True Positive	Interação predita pelo SCENIC+ que está no gold standard
G199	G4488	True Positive	Interação predita pelo SCENIC+ que está no gold standard
G23	G3775	True Positive	Interação predita pelo SCENIC+ que está no gold standard
G48	G1864	True Positive	Interação predita pelo SCENIC+ que está no gold standard
G92	G2474	True Positive	Interação predita pelo SCENIC+ que está no gold standard
G110	G1847	True Positive	Interação predita pelo SCENIC+ que está no gold standard
G208	G2924	True Positive	Interação predita pelo SCENIC+ que está no gold standard
G333	G3840	True Positive	Interação predita pelo SCENIC+ que está no gold standard
G118	G2859	True Positive	Interação predita pelo SCENIC+ que está no gold standard
G55	G4362	True Positive	Interação predita pelo SCENIC+ que está no gold standard
G74	G3768	True Positive	Interação predita pelo SCENIC+ que está no gold standard
G86	G3345	True Positive	Interação predita pelo SCENIC+ que está no gold standard
G313	G3129	True Positive	Interação predita pelo SCENIC+ que está no gold standard
G23	G3827	True Positive	Interação predita pelo SCENIC+ que está no gold standard
G268	G1973	True Positive	Interação predita pelo SCENIC+ que está no gold standard
G268	G4157	True Positive	Interação predita pelo SCENIC+ que está no gold standard
G147	G207	True Positive	Interação predita pelo SCENIC+ que está no gold standard
G255	G2303	True Positive	Interação predita pelo SCENIC+ que está no gold standard
G255	G1394	True Positive	Interação predita pelo SCENIC+ que está no gold standard
G244	G3315	True Positive	Interação predita pelo SCENIC+ que está no gold standard
G23	G2637	True Positive	Interação predita pelo SCENIC+ que está no gold standard
G309	G1736	True Positive	Interação predita pelo SCENIC+ que está no gold standard
G55	G167	True Positive	Interação predita pelo SCENIC+ que está no gold standard
G123	G433	True Positive	Interação predita pelo SCENIC+ que está no gold standard
G3	G394	True Positive	Interação predita pelo SCENIC+ que está no gold standard
G55	G1181	True Positive	Interação predita pelo SCENIC+ que está no gold standard
G333	G3483	True Positive	Interação predita pelo SCENIC+ que está no gold standard
G305	G4074	True Positive	Interação predita pelo SCENIC+ que está no gold standard
G333	G1019	True Positive	Interação predita pelo SCENIC+ que está no gold standard
G235	G2265	True Positive	Interação predita pelo SCENIC+ que está no gold standard
G192	G1844	True Positive	Interação predita pelo SCENIC+ que está no gold standard
G254	G1116	True Positive	Interação predita pelo SCENIC+ que está no gold standard
G268	G2886	True Positive	Interação predita pelo SCENIC+ que está no gold standard
G92	G869	True Positive	Interação predita pelo SCENIC+ que está no gold standard
G55	G2916	True Positive	Interação predita pelo SCENIC+ que está no gold standard
G86	G3607	True Positive	Interação predita pelo SCENIC+ que está no gold standard
G247	G4151	True Positive	Interação predita pelo SCENIC+ que está no gold standard
G232	G1451	True Positive	Interação predita pelo SCENIC+ que está no gold standard
G192	G2832	True Positive	Interação predita pelo SCENIC+ que está no gold standard
G23	G4447	True Positive	Interação predita pelo SCENIC+ que está no gold standard
G125	G2123	True Positive	Interação predita pelo SCENIC+ que está no gold standard
G11	G2961	True Positive	Interação predita pelo SCENIC+ que está no gold standard
G333	G1705	True Positive	Interação predita pelo SCENIC+ que está no gold standard
G92	G3731	True Positive	Interação predita pelo SCENIC+ que está no gold standard
G55	G4422	True Positive	Interação predita pelo SCENIC+ que está no gold standard
G92	G1950	True Positive	Interação predita pelo SCENIC+ que está no gold standard
G92	G1730	True Positive	Interação predita pelo SCENIC+ que está no gold standard
G55	G3460	True Positive	Interação predita pelo SCENIC+ que está no gold standard
G244	G1952	True Positive	Interação predita pelo SCENIC+ que está no gold standard
G55	G2446	True Positive	Interação predita pelo SCENIC+ que está no gold standard
G110	G3252	True Positive	Interação predita pelo SCENIC+ que está no gold standard
G244	G3529	True Positive	Interação predita pelo SCENIC+ que está no gold standard
G268	G1653	True Positive	Interação predita pelo SCENIC+ que está no gold standard
G8	G853	True Positive	Interação predita pelo SCENIC+ que está no gold standard
G188	G1116	True Positive	Interação predita pelo SCENIC+ que está no gold standard
G89	G1246	True Positive	Interação predita pelo SCENIC+ que está no gold standard
G268	G2474	True Positive	Interação predita pelo SCENIC+ que está no gold standard
G73	G3373	True Positive	Interação predita pelo SCENIC+ que está no gold standard
G23	G488	True Positive	Interação predita pelo SCENIC+ que está no gold standard
G268	G2940	True Positive	Interação predita pelo SCENIC+ que está no gold standard
G199	G4040	True Positive	Interação predita pelo SCENIC+ que está no gold standard
G103	G1266	True Positive	Interação predita pelo SCENIC+ que está no gold standard
G110	G2450	True Positive	Interação predita pelo SCENIC+ que está no gold standard
G333	G3374	True Positive	Interação predita pelo SCENIC+ que está no gold standard
G244	G3813	True Positive	Interação predita pelo SCENIC+ que está no gold standard
G333	G3755	True Positive	Interação predita pelo SCENIC+ que está no gold standard
G151	G2353	True Positive	Interação predita pelo SCENIC+ que está no gold standard
G55	G691	True Positive	Interação predita pelo SCENIC+ que está no gold standard
G330	G1898	True Positive	Interação predita pelo SCENIC+ que está no gold standard
G254	G1119	True Positive	Interação predita pelo SCENIC+ que está no gold standard
G23	G572	True Positive	Interação predita pelo SCENIC+ que está no gold standard
G92	G2404	True Positive	Interação predita pelo SCENIC+ que está no gold standard
G92	G3021	True Positive	Interação predita pelo SCENIC+ que está no gold standard
G244	G2897	True Positive	Interação predita pelo SCENIC+ que está no gold standard
G175	G2784	True Positive	Interação predita pelo SCENIC+ que está no gold standard
G31	G3688	True Positive	Interação predita pelo SCENIC+ que está no gold standard
G140	G934	True Positive	Interação predita pelo SCENIC+ que está no gold standard
G268	G2574	True Positive	Interação predita pelo SCENIC+ que está no gold standard
G209	G1090	True Positive	Interação predita pelo SCENIC+ que está no gold standard
G92	G3952	True Positive	Interação predita pelo SCENIC+ que está no gold standard
G55	G797	True Positive	Interação predita pelo SCENIC+ que está no gold standard
G73	G912	True Positive	Interação predita pelo SCENIC+ que está no gold standard
G92	G4167	True Positive	Interação predita pelo SCENIC+ que está no gold standard
G116	G1186	True Positive	Interação predita pelo SCENIC+ que está no gold standard
G268	G3662	True Positive	Interação predita pelo SCENIC+ que está no gold standard
G268	G2782	True Positive	Interação predita pelo SCENIC+ que está no gold standard
G86	G4246	True Positive	Interação predita pelo SCENIC+ que está no gold standard
G255	G592	True Positive	Interação predita pelo SCENIC+ que está no gold standard
G224	G1326	True Positive	Interação predita pelo SCENIC+ que está no gold standard
G313	G2989	True Positive	Interação predita pelo SCENIC+ que está no gold standard
G23	G2605	True Positive	Interação predita pelo SCENIC+ que está no gold standard
G55	G1768	True Positive	Interação predita pelo SCENIC+ que está no gold standard
G333	G796	True Positive	Interação predita pelo SCENIC+ que está no gold standard
G219	G2327	True Positive	Interação predita pelo SCENIC+ que está no gold standard
G223	G3584	True Positive	Interação predita pelo SCENIC+ que está no gold standard
G232	G2605	True Positive	Interação predita pelo SCENIC+ que está no gold standard
G187	G2989	True Positive	Interação predita pelo SCENIC+ que está no gold standard
G255	G4422	True Positive	Interação predita pelo SCENIC+ que está no gold standard
G56	G1029	True Positive	Interação predita pelo SCENIC+ que está no gold standard
G86	G4244	True Positive	Interação predita pelo SCENIC+ que está no gold standard
G255	G3460	True Positive	Interação predita pelo SCENIC+ que está no gold standard
G58	G2479	True Positive	Interação predita pelo SCENIC+ que está no gold standard
G172	G4166	True Positive	Interação predita pelo SCENIC+ que está no gold standard
G55	G1034	True Positive	Interação predita pelo SCENIC+ que está no gold standard
G86	G3153	True Positive	Interação predita pelo SCENIC+ que está no gold standard
G23	G303	True Positive	Interação predita pelo SCENIC+ que está no gold standard
G55	G3522	True Positive	Interação predita pelo SCENIC+ que está no gold standard
G11	G2991	True Positive	Interação predita pelo SCENIC+ que está no gold standard
G2	G3586	True Positive	Interação predita pelo SCENIC+ que está no gold standard
G313	G2024	True Positive	Interação predita pelo SCENIC+ que está no gold standard
G285	G3546	True Positive	Interação predita pelo SCENIC+ que está no gold standard
G192	G855	True Positive	Interação predita pelo SCENIC+ que está no gold standard
G309	G2616	True Positive	Interação predita pelo SCENIC+ que está no gold standard
G55	G2121	True Positive	Interação predita pelo SCENIC+ que está no gold standard
G55	G3919	True Positive	Interação predita pelo SCENIC+ que está no gold standard
G4	G1532	True Positive	Interação predita pelo SCENIC+ que está no gold standard
G23	G1117	True Positive	Interação predita pelo SCENIC+ que está no gold standard
G55	G4004	True Positive	Interação predita pelo SCENIC+ que está no gold standard
G176	G3233	True Positive	Interação predita pelo SCENIC+ que está no gold standard
G281	G454	True Positive	Interação predita pelo SCENIC+ que está no gold standard
G128	G4327	True Positive	Interação predita pelo SCENIC+ que está no gold standard
G244	G3262	True Positive	Interação predita pelo SCENIC+ que está no gold standard
G244	G4071	True Positive	Interação predita pelo SCENIC+ que está no gold standard
G23	G2932	True Positive	Interação predita pelo SCENIC+ que está no gold standard
G268	G1029	True Positive	Interação predita pelo SCENIC+ que está no gold standard
G192	G3608	True Positive	Interação predita pelo SCENIC+ que está no gold standard
G249	G3545	True Positive	Interação predita pelo SCENIC+ que está no gold standard
G235	G3029	True Positive	Interação predita pelo SCENIC+ que está no gold standard
G333	G3127	True Positive	Interação predita pelo SCENIC+ que está no gold standard
G244	G1969	True Positive	Interação predita pelo SCENIC+ que está no gold standard
G268	G3307	True Positive	Interação predita pelo SCENIC+ que está no gold standard
G333	G1776	True Positive	Interação predita pelo SCENIC+ que está no gold standard
G219	G1903	True Positive	Interação predita pelo SCENIC+ que está no gold standard
G11	G2025	True Positive	Interação predita pelo SCENIC+ que está no gold standard
G305	G2494	True Positive	Interação predita pelo SCENIC+ que está no gold standard
G313	G3011	True Positive	Interação predita pelo SCENIC+ que está no gold standard
G55	G3470	True Positive	Interação predita pelo SCENIC+ que está no gold standard
G219	G2292	True Positive	Interação predita pelo SCENIC+ que está no gold standard
G55	G3406	True Positive	Interação predita pelo SCENIC+ que está no gold standard
G255	G3708	True Positive	Interação predita pelo SCENIC+ que está no gold standard
G23	G2765	True Positive	Interação predita pelo SCENIC+ que está no gold standard
G199	G1328	True Positive	Interação predita pelo SCENIC+ que está no gold standard
G303	G1776	True Positive	Interação predita pelo SCENIC+ que está no gold standard
G66	G3940	True Positive	Interação predita pelo SCENIC+ que está no gold standard
G268	G2701	True Positive	Interação predita pelo SCENIC+ que está no gold standard
G244	G1616	True Positive	Interação predita pelo SCENIC+ que está no gold standard
G92	G3466	True Positive	Interação predita pelo SCENIC+ que está no gold standard
G313	G1662	True Positive	Interação predita pelo SCENIC+ que está no gold standard
G150	G3993	True Positive	Interação predita pelo SCENIC+ que está no gold standard
G220	G2073	True Positive	Interação predita pelo SCENIC+ que está no gold standard
G145	G2031	True Positive	Interação predita pelo SCENIC+ que está no gold standard
G305	G1540	True Positive	Interação predita pelo SCENIC+ que está no gold standard
G55	G1177	True Positive	Interação predita pelo SCENIC+ que está no gold standard
G92	G2832	True Positive	Interação predita pelo SCENIC+ que está no gold standard
G333	G907	True Positive	Interação predita pelo SCENIC+ que está no gold standard
G55	G2238	True Positive	Interação predita pelo SCENIC+ que está no gold standard
G83	G2302	True Positive	Interação predita pelo SCENIC+ que está no gold standard
G121	G2896	True Positive	Interação predita pelo SCENIC+ que está no gold standard
G19	G89	True Positive	Interação predita pelo SCENIC+ que está no gold standard
G2	G4251	True Positive	Interação predita pelo SCENIC+ que está no gold standard
G152	G2895	True Positive	Interação predita pelo SCENIC+ que está no gold standard
G313	G965	True Positive	Interação predita pelo SCENIC+ que está no gold standard
G333	G1545	True Positive	Interação predita pelo SCENIC+ que está no gold standard
G224	G4283	True Positive	Interação predita pelo SCENIC+ que está no gold standard
G116	G3329	True Positive	Interação predita pelo SCENIC+ que está no gold standard
G235	G3333	True Positive	Interação predita pelo SCENIC+ que está no gold standard
G55	G3813	True Positive	Interação predita pelo SCENIC+ que está no gold standard
G268	G3158	True Positive	Interação predita pelo SCENIC+ que está no gold standard
G303	G2971	True Positive	Interação predita pelo SCENIC+ que está no gold standard
G99	G3528	True Positive	Interação predita pelo SCENIC+ que está no gold standard
G224	G254	True Positive	Interação predita pelo SCENIC+ que está no gold standard
G116	G774	True Positive	Interação predita pelo SCENIC+ que está no gold standard
G55	G2897	True Positive	Interação predita pelo SCENIC+ que está no gold standard
G220	G2806	True Positive	Interação predita pelo SCENIC+ que está no gold standard
G255	G857	True Positive	Interação predita pelo SCENIC+ que está no gold standard
G31	G1566	True Positive	Interação predita pelo SCENIC+ que está no gold standard
G55	G3953	True Positive	Interação predita pelo SCENIC+ que está no gold standard
G116	G2602	True Positive	Interação predita pelo SCENIC+ que está no gold standard
G10	G1712	True Positive	Interação predita pelo SCENIC+ que está no gold standard
G73	G931	True Positive	Interação predita pelo SCENIC+ que está no gold standard
G86	G2204	True Positive	Interação predita pelo SCENIC+ que está no gold standard
G175	G343	True Positive	Interação predita pelo SCENIC+ que está no gold standard
G333	G4035	True Positive	Interação predita pelo SCENIC+ que está no gold standard
G220	G351	True Positive	Interação predita pelo SCENIC+ que está no gold standard
G55	G2375	True Positive	Interação predita pelo SCENIC+ que está no gold standard
G313	G3562	True Positive	Interação predita pelo SCENIC+ que está no gold standard
G268	G2995	True Positive	Interação predita pelo SCENIC+ que está no gold standard
G23	G2877	True Positive	Interação predita pelo SCENIC+ que está no gold standard
G224	G2796	True Positive	Interação predita pelo SCENIC+ que está no gold standard
G140	G3595	True Positive	Interação predita pelo SCENIC+ que está no gold standard
G55	G1658	True Positive	Interação predita pelo SCENIC+ que está no gold standard
G220	G3629	True Positive	Interação predita pelo SCENIC+ que está no gold standard
G268	G3369	True Positive	Interação predita pelo SCENIC+ que está no gold standard
G162	G1444	True Positive	Interação predita pelo SCENIC+ que está no gold standard
G55	G3044	True Positive	Interação predita pelo SCENIC+ que está no gold standard
G219	G413	True Positive	Interação predita pelo SCENIC+ que está no gold standard
G235	G1814	True Positive	Interação predita pelo SCENIC+ que está no gold standard
G23	G684	True Positive	Interação predita pelo SCENIC+ que está no gold standard
G221	G2141	True Positive	Interação predita pelo SCENIC+ que está no gold standard
G99	G548	True Positive	Interação predita pelo SCENIC+ que está no gold standard
G264	G4354	True Positive	Interação predita pelo SCENIC+ que está no gold standard
G281	G4125	True Positive	Interação predita pelo SCENIC+ que está no gold standard
G166	G1891	True Positive	Interação predita pelo SCENIC+ que está no gold standard
G282	G769	True Positive	Interação predita pelo SCENIC+ que está no gold standard
G147	G3339	True Positive	Interação predita pelo SCENIC+ que está no gold standard
G192	G3380	True Positive	Interação predita pelo SCENIC+ que está no gold standard
G255	G398	True Positive	Interação predita pelo SCENIC+ que está no gold standard
G244	G600	True Positive	Interação predita pelo SCENIC+ que está no gold standard
G92	G3074	True Positive	Interação predita pelo SCENIC+ que está no gold standard
G313	G1730	True Positive	Interação predita pelo SCENIC+ que está no gold standard
G145	G3828	True Positive	Interação predita pelo SCENIC+ que está no gold standard
G305	G2105	True Positive	Interação predita pelo SCENIC+ que está no gold standard
G259	G2929	True Positive	Interação predita pelo SCENIC+ que está no gold standard
G268	G3812	True Positive	Interação predita pelo SCENIC+ que está no gold standard
G263	G1247	True Positive	Interação predita pelo SCENIC+ que está no gold standard
G23	G2543	True Positive	Interação predita pelo SCENIC+ que está no gold standard
G61	G1636	True Positive	Interação predita pelo SCENIC+ que está no gold standard
G268	G2965	True Positive	Interação predita pelo SCENIC+ que está no gold standard
G36	G1653	True Positive	Interação predita pelo SCENIC+ que está no gold standard
G254	G2821	True Positive	Interação predita pelo SCENIC+ que está no gold standard
G259	G3162	True Positive	Interação predita pelo SCENIC+ que está no gold standard
G69	G4411	True Positive	Interação predita pelo SCENIC+ que está no gold standard
G116	G2799	True Positive	Interação predita pelo SCENIC+ que está no gold standard
G244	G4220	True Positive	Interação predita pelo SCENIC+ que está no gold standard
G116	G3360	True Positive	Interação predita pelo SCENIC+ que está no gold standard
G260	G3919	True Positive	Interação predita pelo SCENIC+ que está no gold standard
G92	G3608	True Positive	Interação predita pelo SCENIC+ que está no gold standard
G333	G2453	True Positive	Interação predita pelo SCENIC+ que está no gold standard
G55	G4460	True Positive	Interação predita pelo SCENIC+ que está no gold standard
G92	G4035	True Positive	Interação predita pelo SCENIC+ que está no gold standard
G268	G2242	True Positive	Interação predita pelo SCENIC+ que está no gold standard
G176	G2446	True Positive	Interação predita pelo SCENIC+ que está no gold standard
G268	G2317	True Positive	Interação predita pelo SCENIC+ que está no gold standard
G92	G1332	True Positive	Interação predita pelo SCENIC+ que está no gold standard
G313	G3195	True Positive	Interação predita pelo SCENIC+ que está no gold standard
G86	G2334	True Positive	Interação predita pelo SCENIC+ que está no gold standard
G55	G1974	True Positive	Interação predita pelo SCENIC+ que está no gold standard
G178	G3155	True Positive	Interação predita pelo SCENIC+ que está no gold standard
G268	G1221	True Positive	Interação predita pelo SCENIC+ que está no gold standard
G244	G995	True Positive	Interação predita pelo SCENIC+ que está no gold standard
G58	G2773	True Positive	Interação predita pelo SCENIC+ que está no gold standard
G123	G1266	True Positive	Interação predita pelo SCENIC+ que está no gold standard
G223	G3954	True Positive	Interação predita pelo SCENIC+ que está no gold standard
G224	G823	True Positive	Interação predita pelo SCENIC+ que está no gold standard
G333	G1846	True Positive	Interação predita pelo SCENIC+ que está no gold standard
G333	G3940	True Positive	Interação predita pelo SCENIC+ que está no gold standard
G55	G106	True Positive	Interação predita pelo SCENIC+ que está no gold standard
G109	G2860	True Positive	Interação predita pelo SCENIC+ que está no gold standard
G176	G4133	True Positive	Interação predita pelo SCENIC+ que está no gold standard
G207	G534	True Positive	Interação predita pelo SCENIC+ que está no gold standard
G220	G3739	True Positive	Interação predita pelo SCENIC+ que está no gold standard
G118	G565	True Positive	Interação predita pelo SCENIC+ que está no gold standard
G305	G774	True Positive	Interação predita pelo SCENIC+ que está no gold standard
G281	G1054	True Positive	Interação predita pelo SCENIC+ que está no gold standard
G170	G4246	True Positive	Interação predita pelo SCENIC+ que está no gold standard
G305	G4367	True Positive	Interação predita pelo SCENIC+ que está no gold standard
G268	G2316	True Positive	Interação predita pelo SCENIC+ que está no gold standard
G255	G1589	True Positive	Interação predita pelo SCENIC+ que está no gold standard
G305	G634	True Positive	Interação predita pelo SCENIC+ que está no gold standard
G76	G2629	True Positive	Interação predita pelo SCENIC+ que está no gold standard
G55	G2961	True Positive	Interação predita pelo SCENIC+ que está no gold standard
G172	G844	True Positive	Interação predita pelo SCENIC+ que está no gold standard
G333	G1034	True Positive	Interação predita pelo SCENIC+ que está no gold standard
G333	G1743	True Positive	Interação predita pelo SCENIC+ que está no gold standard
G74	G2916	True Positive	Interação predita pelo SCENIC+ que está no gold standard
G23	G999	True Positive	Interação predita pelo SCENIC+ que está no gold standard
G210	G2553	True Positive	Interação predita pelo SCENIC+ que está no gold standard
G235	G3966	True Positive	Interação predita pelo SCENIC+ que está no gold standard
G39	G3756	True Positive	Interação predita pelo SCENIC+ que está no gold standard
G333	G1664	True Positive	Interação predita pelo SCENIC+ que está no gold standard
G152	G3282	True Positive	Interação predita pelo SCENIC+ que está no gold standard
G43	G4293	True Positive	Interação predita pelo SCENIC+ que está no gold standard
G274	G1708	True Positive	Interação predita pelo SCENIC+ que está no gold standard
G209	G2244	True Positive	Interação predita pelo SCENIC+ que está no gold standard
G66	G4460	True Positive	Interação predita pelo SCENIC+ que está no gold standard
G55	G3726	True Positive	Interação predita pelo SCENIC+ que está no gold standard
G120	G2657	True Positive	Interação predita pelo SCENIC+ que está no gold standard
G55	G3775	True Positive	Interação predita pelo SCENIC+ que está no gold standard
G244	G3258	True Positive	Interação predita pelo SCENIC+ que está no gold standard
G232	G1198	True Positive	Interação predita pelo SCENIC+ que está no gold standard
G176	G2121	True Positive	Interação predita pelo SCENIC+ que está no gold standard
G89	G2737	True Positive	Interação predita pelo SCENIC+ que está no gold standard
G333	G3406	True Positive	Interação predita pelo SCENIC+ que está no gold standard
G164	G3703	True Positive	Interação predita pelo SCENIC+ que está no gold standard
G23	G1693	True Positive	Interação predita pelo SCENIC+ que está no gold standard
G55	G2302	True Positive	Interação predita pelo SCENIC+ que está no gold standard
G92	G2626	True Positive	Interação predita pelo SCENIC+ que está no gold standard
G277	G2800	True Positive	Interação predita pelo SCENIC+ que está no gold standard
G23	G400	True Positive	Interação predita pelo SCENIC+ que está no gold standard
G84	G2678	True Positive	Interação predita pelo SCENIC+ que está no gold standard
G92	G3380	True Positive	Interação predita pelo SCENIC+ que está no gold standard
G147	G2746	True Positive	Interação predita pelo SCENIC+ que está no gold standard
G260	G4145	True Positive	Interação predita pelo SCENIC+ que está no gold standard
G142	G3971	True Positive	Interação predita pelo SCENIC+ que está no gold standard
G110	G2327	True Positive	Interação predita pelo SCENIC+ que está no gold standard
G55	G4220	True Positive	Interação predita pelo SCENIC+ que está no gold standard
G219	G3058	True Positive	Interação predita pelo SCENIC+ que está no gold standard
G268	G342	True Positive	Interação predita pelo SCENIC+ que está no gold standard
G10	G2689	True Positive	Interação predita pelo SCENIC+ que está no gold standard
G223	G363	True Positive	Interação predita pelo SCENIC+ que está no gold standard
G39	G4123	True Positive	Interação predita pelo SCENIC+ que está no gold standard
G223	G1049	True Positive	Interação predita pelo SCENIC+ que está no gold standard
G274	G538	True Positive	Interação predita pelo SCENIC+ que está no gold standard
G281	G3825	True Positive	Interação predita pelo SCENIC+ que está no gold standard
G92	G659	True Positive	Interação predita pelo SCENIC+ que está no gold standard
G55	G970	True Positive	Interação predita pelo SCENIC+ que está no gold standard
G23	G3861	True Positive	Interação predita pelo SCENIC+ que está no gold standard
G281	G2645	True Positive	Interação predita pelo SCENIC+ que está no gold standard
G142	G306	True Positive	Interação predita pelo SCENIC+ que está no gold standard
G55	G128	True Positive	Interação predita pelo SCENIC+ que está no gold standard
G168	G1814	True Positive	Interação predita pelo SCENIC+ que está no gold standard
G55	G151	True Positive	Interação predita pelo SCENIC+ que está no gold standard
G23	G281	True Positive	Interação predita pelo SCENIC+ que está no gold standard
G220	G1693	True Positive	Interação predita pelo SCENIC+ que está no gold standard
G309	G2553	True Positive	Interação predita pelo SCENIC+ que está no gold standard
G271	G2668	True Positive	Interação predita pelo SCENIC+ que está no gold standard
G255	G4003	True Positive	Interação predita pelo SCENIC+ que está no gold standard
G84	G1906	True Positive	Interação predita pelo SCENIC+ que está no gold standard
G268	G2575	True Positive	Interação predita pelo SCENIC+ que está no gold standard
G333	G3488	True Positive	Interação predita pelo SCENIC+ que está no gold standard
G197	G422	True Positive	Interação predita pelo SCENIC+ que está no gold standard
G333	G1525	True Positive	Interação predita pelo SCENIC+ que está no gold standard
G268	G3650	True Positive	Interação predita pelo SCENIC+ que está no gold standard
G305	G3185	True Positive	Interação predita pelo SCENIC+ que está no gold standard
G175	G3840	True Positive	Interação predita pelo SCENIC+ que está no gold standard
G282	G3296	True Positive	Interação predita pelo SCENIC+ que está no gold standard
G281	G1008	True Positive	Interação predita pelo SCENIC+ que está no gold standard
G309	G3911	True Positive	Interação predita pelo SCENIC+ que está no gold standard
G110	G1903	True Positive	Interação predita pelo SCENIC+ que está no gold standard
G333	G1658	True Positive	Interação predita pelo SCENIC+ que está no gold standard
G223	G2957	True Positive	Interação predita pelo SCENIC+ que está no gold standard
G192	G678	True Positive	Interação predita pelo SCENIC+ que está no gold standard
G23	G2737	True Positive	Interação predita pelo SCENIC+ que está no gold standard
G282	G2834	True Positive	Interação predita pelo SCENIC+ que está no gold standard
G313	G3373	True Positive	Interação predita pelo SCENIC+ que está no gold standard
G44	G3437	True Positive	Interação predita pelo SCENIC+ que está no gold standard
G55	G2487	True Positive	Interação predita pelo SCENIC+ que está no gold standard
G55	G3519	True Positive	Interação predita pelo SCENIC+ que está no gold standard
G313	G1039	True Positive	Interação predita pelo SCENIC+ que está no gold standard
G68	G1643	True Positive	Interação predita pelo SCENIC+ que está no gold standard
G333	G3044	True Positive	Interação predita pelo SCENIC+ que está no gold standard
G268	G1846	True Positive	Interação predita pelo SCENIC+ que está no gold standard
G110	G2292	True Positive	Interação predita pelo SCENIC+ que está no gold standard
G55	G2025	True Positive	Interação predita pelo SCENIC+ que está no gold standard
G260	G2330	True Positive	Interação predita pelo SCENIC+ que está no gold standard
G23	G183	True Positive	Interação predita pelo SCENIC+ que está no gold standard
G99	G2303	True Positive	Interação predita pelo SCENIC+ que está no gold standard
G334	G2021	True Positive	Interação predita pelo SCENIC+ que está no gold standard
G175	G3483	True Positive	Interação predita pelo SCENIC+ que está no gold standard
G99	G1394	True Positive	Interação predita pelo SCENIC+ que está no gold standard
G277	G2964	True Positive	Interação predita pelo SCENIC+ que está no gold standard
G55	G1934	True Positive	Interação predita pelo SCENIC+ que está no gold standard
G268	G593	True Positive	Interação predita pelo SCENIC+ que está no gold standard
G92	G3817	True Positive	Interação predita pelo SCENIC+ que está no gold standard
G23	G3256	True Positive	Interação predita pelo SCENIC+ que está no gold standard
G23	G3584	True Positive	Interação predita pelo SCENIC+ que está no gold standard
G55	G1891	True Positive	Interação predita pelo SCENIC+ que está no gold standard
G92	G3586	True Positive	Interação predita pelo SCENIC+ que está no gold standard
G145	G2515	True Positive	Interação predita pelo SCENIC+ que está no gold standard
G55	G2141	True Positive	Interação predita pelo SCENIC+ que está no gold standard
G333	G3262	True Positive	Interação predita pelo SCENIC+ que está no gold standard
G107	G4305	True Positive	Interação predita pelo SCENIC+ que está no gold standard
G118	G4229	True Positive	Interação predita pelo SCENIC+ que está no gold standard
G313	G3598	True Positive	Interação predita pelo SCENIC+ que está no gold standard
G305	G847	True Positive	Interação predita pelo SCENIC+ que está no gold standard
G116	G3399	True Positive	Interação predita pelo SCENIC+ que está no gold standard
G83	G1145	True Positive	Interação predita pelo SCENIC+ que está no gold standard
G84	G4476	True Positive	Interação predita pelo SCENIC+ que está no gold standard
G116	G2990	True Positive	Interação predita pelo SCENIC+ que está no gold standard
G55	G3810	True Positive	Interação predita pelo SCENIC+ que está no gold standard
G330	G2033	True Positive	Interação predita pelo SCENIC+ que está no gold standard
G244	G2893	True Positive	Interação predita pelo SCENIC+ que está no gold standard
G235	G658	True Positive	Interação predita pelo SCENIC+ que está no gold standard
G55	G448	True Positive	Interação predita pelo SCENIC+ que está no gold standard
G192	G3610	True Positive	Interação predita pelo SCENIC+ que está no gold standard
G313	G1195	True Positive	Interação predita pelo SCENIC+ que está no gold standard
G55	G4020	True Positive	Interação predita pelo SCENIC+ que está no gold standard
G55	G1704	True Positive	Interação predita pelo SCENIC+ que está no gold standard
G313	G2072	True Positive	Interação predita pelo SCENIC+ que está no gold standard
G118	G4456	True Positive	Interação predita pelo SCENIC+ que está no gold standard
G255	G2041	True Positive	Interação predita pelo SCENIC+ que está no gold standard
G333	G3200	True Positive	Interação predita pelo SCENIC+ que está no gold standard
G55	G1117	True Positive	Interação predita pelo SCENIC+ que está no gold standard
G36	G2317	True Positive	Interação predita pelo SCENIC+ que está no gold standard
G224	G1057	True Positive	Interação predita pelo SCENIC+ que está no gold standard
G232	G3990	True Positive	Interação predita pelo SCENIC+ que está no gold standard
G187	G1195	True Positive	Interação predita pelo SCENIC+ que está no gold standard
G333	G774	True Positive	Interação predita pelo SCENIC+ que está no gold standard
G55	G1355	True Positive	Interação predita pelo SCENIC+ que está no gold standard
G333	G2527	True Positive	Interação predita pelo SCENIC+ que está no gold standard
G220	G3608	True Positive	Interação predita pelo SCENIC+ que está no gold standard
G281	G3742	True Positive	Interação predita pelo SCENIC+ que está no gold standard
G110	G413	True Positive	Interação predita pelo SCENIC+ que está no gold standard
G119	G1027	True Positive	Interação predita pelo SCENIC+ que está no gold standard
G55	G4356	True Positive	Interação predita pelo SCENIC+ que está no gold standard
G25	G3323	True Positive	Interação predita pelo SCENIC+ que está no gold standard
G23	G4300	True Positive	Interação predita pelo SCENIC+ que está no gold standard
G144	G437	True Positive	Interação predita pelo SCENIC+ que está no gold standard
G305	G408	True Positive	Interação predita pelo SCENIC+ que está no gold standard
G333	G4395	True Positive	Interação predita pelo SCENIC+ que está no gold standard
G305	G3725	True Positive	Interação predita pelo SCENIC+ que está no gold standard
G224	G1282	True Positive	Interação predita pelo SCENIC+ que está no gold standard
G192	G3360	True Positive	Interação predita pelo SCENIC+ que está no gold standard
G174	G1395	True Positive	Interação predita pelo SCENIC+ que está no gold standard
G86	G3160	True Positive	Interação predita pelo SCENIC+ que está no gold standard
G76	G3522	True Positive	Interação predita pelo SCENIC+ que está no gold standard
G260	G1392	True Positive	Interação predita pelo SCENIC+ que está no gold standard
G268	G769	True Positive	Interação predita pelo SCENIC+ que está no gold standard
G86	G1058	True Positive	Interação predita pelo SCENIC+ que está no gold standard
G116	G2758	True Positive	Interação predita pelo SCENIC+ que está no gold standard
G315	G3953	True Positive	Interação predita pelo SCENIC+ que está no gold standard
G268	G3718	True Positive	Interação predita pelo SCENIC+ que está no gold standard
G333	G3129	True Positive	Interação predita pelo SCENIC+ que está no gold standard
G333	G1838	True Positive	Interação predita pelo SCENIC+ que está no gold standard
G23	G4319	True Positive	Interação predita pelo SCENIC+ que está no gold standard
G66	G2896	True Positive	Interação predita pelo SCENIC+ que está no gold standard
G55	G1778	True Positive	Interação predita pelo SCENIC+ que está no gold standard
G247	G3127	True Positive	Interação predita pelo SCENIC+ que está no gold standard
G116	G3739	True Positive	Interação predita pelo SCENIC+ que está no gold standard
G73	G3800	True Positive	Interação predita pelo SCENIC+ que está no gold standard
G333	G1404	True Positive	Interação predita pelo SCENIC+ que está no gold standard
G259	G2709	True Positive	Interação predita pelo SCENIC+ que está no gold standard
G313	G2453	True Positive	Interação predita pelo SCENIC+ que está no gold standard
G268	G3488	True Positive	Interação predita pelo SCENIC+ que está no gold standard
G333	G4111	True Positive	Interação predita pelo SCENIC+ que está no gold standard
G333	G3879	True Positive	Interação predita pelo SCENIC+ que está no gold standard
G260	G3766	True Positive	Interação predita pelo SCENIC+ que está no gold standard
G145	G2423	True Positive	Interação predita pelo SCENIC+ que está no gold standard
G92	G678	True Positive	Interação predita pelo SCENIC+ que está no gold standard
G55	G1719	True Positive	Interação predita pelo SCENIC+ que está no gold standard
G255	G2073	True Positive	Interação predita pelo SCENIC+ que está no gold standard
G55	G2451	True Positive	Interação predita pelo SCENIC+ que está no gold standard
G55	G260	True Positive	Interação predita pelo SCENIC+ que está no gold standard
G281	G2929	True Positive	Interação predita pelo SCENIC+ que está no gold standard
G116	G3471	True Positive	Interação predita pelo SCENIC+ que está no gold standard
G192	G2222	True Positive	Interação predita pelo SCENIC+ que está no gold standard
G277	G1058	True Positive	Interação predita pelo SCENIC+ que está no gold standard
G244	G2340	True Positive	Interação predita pelo SCENIC+ que está no gold standard
G55	G3449	True Positive	Interação predita pelo SCENIC+ que está no gold standard
G264	G923	True Positive	Interação predita pelo SCENIC+ que está no gold standard
G268	G4151	True Positive	Interação predita pelo SCENIC+ que está no gold standard
G142	G1525	True Positive	Interação predita pelo SCENIC+ que está no gold standard
G197	G824	True Positive	Interação predita pelo SCENIC+ que está no gold standard
G205	G3529	True Positive	Interação predita pelo SCENIC+ que está no gold standard
G260	G1322	True Positive	Interação predita pelo SCENIC+ que está no gold standard
G125	G3961	True Positive	Interação predita pelo SCENIC+ que está no gold standard
G55	G3156	True Positive	Interação predita pelo SCENIC+ que está no gold standard
G281	G3162	True Positive	Interação predita pelo SCENIC+ que está no gold standard
G219	G1462	True Positive	Interação predita pelo SCENIC+ que está no gold standard
G334	G3363	True Positive	Interação predita pelo SCENIC+ que está no gold standard
G255	G2886	True Positive	Interação predita pelo SCENIC+ que está no gold standard
G282	G534	True Positive	Interação predita pelo SCENIC+ que está no gold standard
G55	G2157	True Positive	Interação predita pelo SCENIC+ que está no gold standard
G138	G271	True Positive	Interação predita pelo SCENIC+ que está no gold standard
G269	G1499	True Positive	Interação predita pelo SCENIC+ que está no gold standard
G268	G2784	True Positive	Interação predita pelo SCENIC+ que está no gold standard
G333	G4220	True Positive	Interação predita pelo SCENIC+ que está no gold standard
G55	G948	True Positive	Interação predita pelo SCENIC+ que está no gold standard
G125	G209	True Positive	Interação predita pelo SCENIC+ que está no gold standard
G73	G4495	True Positive	Interação predita pelo SCENIC+ que está no gold standard
G23	G3140	True Positive	Interação predita pelo SCENIC+ que está no gold standard
G92	G3129	True Positive	Interação predita pelo SCENIC+ que está no gold standard
G313	G1743	True Positive	Interação predita pelo SCENIC+ que está no gold standard
G192	G1771	True Positive	Interação predita pelo SCENIC+ que está no gold standard
G57	G82	True Positive	Interação predita pelo SCENIC+ que está no gold standard
G255	G351	True Positive	Interação predita pelo SCENIC+ que está no gold standard
G268	G3754	True Positive	Interação predita pelo SCENIC+ que está no gold standard
G236	G1868	True Positive	Interação predita pelo SCENIC+ que está no gold standard
G221	G2500	True Positive	Interação predita pelo SCENIC+ que está no gold standard
G268	G3729	True Positive	Interação predita pelo SCENIC+ que está no gold standard
G274	G449	True Positive	Interação predita pelo SCENIC+ que está no gold standard
G147	G3011	True Positive	Interação predita pelo SCENIC+ que está no gold standard
G55	G1157	True Positive	Interação predita pelo SCENIC+ que está no gold standard
G255	G3629	True Positive	Interação predita pelo SCENIC+ que está no gold standard
G55	G2895	True Positive	Interação predita pelo SCENIC+ que está no gold standard
G281	G2559	True Positive	Interação predita pelo SCENIC+ que está no gold standard
G244	G3825	True Positive	Interação predita pelo SCENIC+ que está no gold standard
G303	G480	True Positive	Interação predita pelo SCENIC+ que está no gold standard
G92	G3610	True Positive	Interação predita pelo SCENIC+ que está no gold standard
G55	G2479	True Positive	Interação predita pelo SCENIC+ que está no gold standard
G268	G2641	True Positive	Interação predita pelo SCENIC+ que está no gold standard
G220	G2043	True Positive	Interação predita pelo SCENIC+ que está no gold standard
G244	G2761	True Positive	Interação predita pelo SCENIC+ que está no gold standard
G274	G1952	True Positive	Interação predita pelo SCENIC+ que está no gold standard
G313	G3406	True Positive	Interação predita pelo SCENIC+ que está no gold standard
G221	G492	True Positive	Interação predita pelo SCENIC+ que está no gold standard
G113	G3457	True Positive	Interação predita pelo SCENIC+ que está no gold standard
G220	G3012	True Positive	Interação predita pelo SCENIC+ que está no gold standard
G55	G2666	True Positive	Interação predita pelo SCENIC+ que está no gold standard
G285	G782	True Positive	Interação predita pelo SCENIC+ que está no gold standard
G305	G4332	True Positive	Interação predita pelo SCENIC+ que está no gold standard
G23	G769	True Positive	Interação predita pelo SCENIC+ que está no gold standard
G55	G4016	True Positive	Interação predita pelo SCENIC+ que está no gold standard
G192	G3330	True Positive	Interação predita pelo SCENIC+ que está no gold standard
G219	G2293	True Positive	Interação predita pelo SCENIC+ que está no gold standard
G281	G3457	True Positive	Interação predita pelo SCENIC+ que está no gold standard
G92	G3360	True Positive	Interação predita pelo SCENIC+ que está no gold standard
G333	G392	True Positive	Interação predita pelo SCENIC+ que está no gold standard
G55	G83	True Positive	Interação predita pelo SCENIC+ que está no gold standard
G23	G1965	True Positive	Interação predita pelo SCENIC+ que está no gold standard
G120	G2008	True Positive	Interação predita pelo SCENIC+ que está no gold standard
G333	G4411	True Positive	Interação predita pelo SCENIC+ que está no gold standard
G244	G3484	True Positive	Interação predita pelo SCENIC+ que está no gold standard
G147	G784	True Positive	Interação predita pelo SCENIC+ que está no gold standard
G74	G2805	True Positive	Interação predita pelo SCENIC+ que está no gold standard
G167	G1133	True Positive	Interação predita pelo SCENIC+ que está no gold standard
G330	G2894	True Positive	Interação predita pelo SCENIC+ que está no gold standard
G138	G964	True Positive	Interação predita pelo SCENIC+ que está no gold standard
G39	G4069	True Positive	Interação predita pelo SCENIC+ que está no gold standard
G223	G1794	True Positive	Interação predita pelo SCENIC+ que está no gold standard
G313	G2238	True Positive	Interação predita pelo SCENIC+ que está no gold standard
G333	G847	True Positive	Interação predita pelo SCENIC+ que está no gold standard
G282	G2404	True Positive	Interação predita pelo SCENIC+ que está no gold standard
G255	G4374	True Positive	Interação predita pelo SCENIC+ que está no gold standard
G55	G1962	True Positive	Interação predita pelo SCENIC+ que está no gold standard
G39	G1848	True Positive	Interação predita pelo SCENIC+ que está no gold standard
G145	G4168	True Positive	Interação predita pelo SCENIC+ que está no gold standard
G84	G3331	True Positive	Interação predita pelo SCENIC+ que está no gold standard
G227	G3953	True Positive	Interação predita pelo SCENIC+ que está no gold standard
G169	G1212	True Positive	Interação predita pelo SCENIC+ que está no gold standard
G219	G1408	True Positive	Interação predita pelo SCENIC+ que está no gold standard
G268	G3129	True Positive	Interação predita pelo SCENIC+ que está no gold standard
G333	G2141	True Positive	Interação predita pelo SCENIC+ que está no gold standard
G110	G3058	True Positive	Interação predita pelo SCENIC+ que está no gold standard
G48	G1581	True Positive	Interação predita pelo SCENIC+ que está no gold standard
G4	G4157	True Positive	Interação predita pelo SCENIC+ que está no gold standard
G268	G1838	True Positive	Interação predita pelo SCENIC+ que está no gold standard
G58	G2324	True Positive	Interação predita pelo SCENIC+ que está no gold standard
G73	G1554	True Positive	Interação predita pelo SCENIC+ que está no gold standard
G223	G900	True Positive	Interação predita pelo SCENIC+ que está no gold standard
G268	G3994	True Positive	Interação predita pelo SCENIC+ que está no gold standard
G333	G3321	True Positive	Interação predita pelo SCENIC+ que está no gold standard
G220	G769	True Positive	Interação predita pelo SCENIC+ que está no gold standard
G223	G2445	True Positive	Interação predita pelo SCENIC+ que está no gold standard
G86	G2680	True Positive	Interação predita pelo SCENIC+ que está no gold standard
G55	G4270	True Positive	Interação predita pelo SCENIC+ que está no gold standard
G55	G2340	True Positive	Interação predita pelo SCENIC+ que está no gold standard
G255	G2895	True Positive	Interação predita pelo SCENIC+ que está no gold standard
G140	G465	True Positive	Interação predita pelo SCENIC+ que está no gold standard
G281	G3398	True Positive	Interação predita pelo SCENIC+ que está no gold standard
G268	G2269	True Positive	Interação predita pelo SCENIC+ que está no gold standard
G107	G879	True Positive	Interação predita pelo SCENIC+ que está no gold standard
G268	G3142	True Positive	Interação predita pelo SCENIC+ que está no gold standard
G313	G2375	True Positive	Interação predita pelo SCENIC+ que está no gold standard
G254	G2314	True Positive	Interação predita pelo SCENIC+ que está no gold standard
G86	G593	True Positive	Interação predita pelo SCENIC+ que está no gold standard
G309	G574	True Positive	Interação predita pelo SCENIC+ que está no gold standard
G23	G4361	True Positive	Interação predita pelo SCENIC+ que está no gold standard
G219	G2924	True Positive	Interação predita pelo SCENIC+ que está no gold standard
G223	G4481	True Positive	Interação predita pelo SCENIC+ que está no gold standard
G281	G2392	True Positive	Interação predita pelo SCENIC+ que está no gold standard
G55	G443	True Positive	Interação predita pelo SCENIC+ que está no gold standard
G22	G219	True Positive	Interação predita pelo SCENIC+ que está no gold standard
G106	G236	True Positive	Interação predita pelo SCENIC+ que está no gold standard
G333	G1371	True Positive	Interação predita pelo SCENIC+ que está no gold standard
G58	G3751	True Positive	Interação predita pelo SCENIC+ que está no gold standard
G92	G2222	True Positive	Interação predita pelo SCENIC+ que está no gold standard
G255	G3739	True Positive	Interação predita pelo SCENIC+ que está no gold standard
G44	G1888	True Positive	Interação predita pelo SCENIC+ que está no gold standard
G188	G2929	True Positive	Interação predita pelo SCENIC+ que está no gold standard
G305	G4186	True Positive	Interação predita pelo SCENIC+ que está no gold standard
G333	G992	True Positive	Interação predita pelo SCENIC+ que está no gold standard
G192	G3731	True Positive	Interação predita pelo SCENIC+ que está no gold standard
G219	G2837	True Positive	Interação predita pelo SCENIC+ que está no gold standard
G333	G1355	True Positive	Interação predita pelo SCENIC+ que está no gold standard
G281	G1190	True Positive	Interação predita pelo SCENIC+ que está no gold standard
G66	G4016	True Positive	Interação predita pelo SCENIC+ que está no gold standard
G73	G1904	True Positive	Interação predita pelo SCENIC+ que está no gold standard
G192	G4125	True Positive	Interação predita pelo SCENIC+ que está no gold standard
G23	G2926	True Positive	Interação predita pelo SCENIC+ que está no gold standard
G92	G4411	True Positive	Interação predita pelo SCENIC+ que está no gold standard
G116	G340	True Positive	Interação predita pelo SCENIC+ que está no gold standard
G192	G876	True Positive	Interação predita pelo SCENIC+ que está no gold standard
G188	G3162	True Positive	Interação predita pelo SCENIC+ que está no gold standard
G199	G2619	True Positive	Interação predita pelo SCENIC+ que está no gold standard
G55	G4237	True Positive	Interação predita pelo SCENIC+ que está no gold standard
G268	G343	True Positive	Interação predita pelo SCENIC+ que está no gold standard
G219	G353	True Positive	Interação predita pelo SCENIC+ que está no gold standard
G92	G847	True Positive	Interação predita pelo SCENIC+ que está no gold standard
G223	G791	True Positive	Interação predita pelo SCENIC+ que está no gold standard
G183	G3953	True Positive	Interação predita pelo SCENIC+ que está no gold standard
G282	G879	True Positive	Interação predita pelo SCENIC+ que está no gold standard
G92	G4166	True Positive	Interação predita pelo SCENIC+ que está no gold standard
G268	G480	True Positive	Interação predita pelo SCENIC+ que está no gold standard
G92	G1771	True Positive	Interação predita pelo SCENIC+ que está no gold standard
G23	G1049	True Positive	Interação predita pelo SCENIC+ que está no gold standard
G120	G1954	True Positive	Interação predita pelo SCENIC+ que está no gold standard
G25	G2822	True Positive	Interação predita pelo SCENIC+ que está no gold standard
G282	G3419	True Positive	Interação predita pelo SCENIC+ que está no gold standard
G333	G3785	True Positive	Interação predita pelo SCENIC+ que está no gold standard
G23	G2505	True Positive	Interação predita pelo SCENIC+ que está no gold standard
G10	G1708	True Positive	Interação predita pelo SCENIC+ que está no gold standard
G147	G3195	True Positive	Interação predita pelo SCENIC+ que está no gold standard
G99	G1589	True Positive	Interação predita pelo SCENIC+ que está no gold standard
G192	G4167	True Positive	Interação predita pelo SCENIC+ que está no gold standard
G268	G2595	True Positive	Interação predita pelo SCENIC+ que está no gold standard
G205	G4213	True Positive	Interação predita pelo SCENIC+ que está no gold standard
G268	G3554	True Positive	Interação predita pelo SCENIC+ que está no gold standard
G192	G3638	True Positive	Interação predita pelo SCENIC+ que está no gold standard
G55	G2242	True Positive	Interação predita pelo SCENIC+ que está no gold standard
G282	G3302	True Positive	Interação predita pelo SCENIC+ que está no gold standard
G55	G3484	True Positive	Interação predita pelo SCENIC+ que está no gold standard
G140	G3973	True Positive	Interação predita pelo SCENIC+ que está no gold standard
G92	G3528	True Positive	Interação predita pelo SCENIC+ que está no gold standard
G74	G2000	True Positive	Interação predita pelo SCENIC+ que está no gold standard
G219	G4119	True Positive	Interação predita pelo SCENIC+ que está no gold standard
G281	G4323	True Positive	Interação predita pelo SCENIC+ que está no gold standard
G260	G4327	True Positive	Interação predita pelo SCENIC+ que está no gold standard
G333	G3399	True Positive	Interação predita pelo SCENIC+ que está no gold standard
G55	G1557	True Positive	Interação predita pelo SCENIC+ que está no gold standard
G313	G2527	True Positive	Interação predita pelo SCENIC+ que está no gold standard
G199	G853	True Positive	Interação predita pelo SCENIC+ que está no gold standard
G192	G1705	True Positive	Interação predita pelo SCENIC+ que está no gold standard
G66	G3835	True Positive	Interação predita pelo SCENIC+ que está no gold standard
G73	G926	True Positive	Interação predita pelo SCENIC+ que está no gold standard
G176	G1778	True Positive	Interação predita pelo SCENIC+ que está no gold standard
G61	G3278	True Positive	Interação predita pelo SCENIC+ que está no gold standard
G83	G1631	True Positive	Interação predita pelo SCENIC+ que está no gold standard
G92	G3330	True Positive	Interação predita pelo SCENIC+ que está no gold standard
G55	G3282	True Positive	Interação predita pelo SCENIC+ que está no gold standard
G56	G4157	True Positive	Interação predita pelo SCENIC+ que está no gold standard
G333	G4125	True Positive	Interação predita pelo SCENIC+ que está no gold standard
G333	G4275	True Positive	Interação predita pelo SCENIC+ que está no gold standard
G268	G1830	True Positive	Interação predita pelo SCENIC+ que está no gold standard
G118	G4505	True Positive	Interação predita pelo SCENIC+ que está no gold standard
G223	G3755	True Positive	Interação predita pelo SCENIC+ que está no gold standard
G144	G558	True Positive	Interação predita pelo SCENIC+ que está no gold standard
G268	G3621	True Positive	Interação predita pelo SCENIC+ que está no gold standard
G116	G1307	True Positive	Interação predita pelo SCENIC+ que está no gold standard
G333	G876	True Positive	Interação predita pelo SCENIC+ que está no gold standard
G268	G4106	True Positive	Interação predita pelo SCENIC+ que está no gold standard
G55	G2319	True Positive	Interação predita pelo SCENIC+ que está no gold standard
G170	G3253	True Positive	Interação predita pelo SCENIC+ que está no gold standard
G166	G3609	True Positive	Interação predita pelo SCENIC+ que está no gold standard
G268	G1645	True Positive	Interação predita pelo SCENIC+ que está no gold standard
G220	G678	True Positive	Interação predita pelo SCENIC+ que está no gold standard
G313	G2321	True Positive	Interação predita pelo SCENIC+ que está no gold standard
G268	G4255	True Positive	Interação predita pelo SCENIC+ que está no gold standard
G55	G4101	True Positive	Interação predita pelo SCENIC+ que está no gold standard
G89	G2553	True Positive	Interação predita pelo SCENIC+ que está no gold standard
G92	G3047	True Positive	Interação predita pelo SCENIC+ que está no gold standard
G333	G684	True Positive	Interação predita pelo SCENIC+ que está no gold standard
G333	G1290	True Positive	Interação predita pelo SCENIC+ que está no gold standard
G55	G2773	True Positive	Interação predita pelo SCENIC+ que está no gold standard
G10	G538	True Positive	Interação predita pelo SCENIC+ que está no gold standard
G303	G4098	True Positive	Interação predita pelo SCENIC+ que está no gold standard
G281	G319	True Positive	Interação predita pelo SCENIC+ que está no gold standard
G178	G1962	True Positive	Interação predita pelo SCENIC+ que está no gold standard
G4	G1029	True Positive	Interação predita pelo SCENIC+ que está no gold standard
G11	G1783	True Positive	Interação predita pelo SCENIC+ que está no gold standard
G151	G2887	True Positive	Interação predita pelo SCENIC+ que está no gold standard
G86	G3647	True Positive	Interação predita pelo SCENIC+ que está no gold standard
G118	G1963	True Positive	Interação predita pelo SCENIC+ que está no gold standard
G23	G1744	True Positive	Interação predita pelo SCENIC+ que está no gold standard
G55	G4469	True Positive	Interação predita pelo SCENIC+ que está no gold standard
G232	G4107	True Positive	Interação predita pelo SCENIC+ que está no gold standard
G268	G3727	True Positive	Interação predita pelo SCENIC+ que está no gold standard
G333	G2479	True Positive	Interação predita pelo SCENIC+ que está no gold standard
G303	G791	True Positive	Interação predita pelo SCENIC+ que está no gold standard
G268	G3528	True Positive	Interação predita pelo SCENIC+ que está no gold standard
G305	G340	True Positive	Interação predita pelo SCENIC+ que está no gold standard
G55	G160	True Positive	Interação predita pelo SCENIC+ que está no gold standard
G281	G1392	True Positive	Interação predita pelo SCENIC+ que está no gold standard
G125	G3668	True Positive	Interação predita pelo SCENIC+ que está no gold standard
G192	G3561	True Positive	Interação predita pelo SCENIC+ que está no gold standard
G23	G3831	True Positive	Interação predita pelo SCENIC+ que está no gold standard
G23	G4146	True Positive	Interação predita pelo SCENIC+ que está no gold standard
G244	G2559	True Positive	Interação predita pelo SCENIC+ que está no gold standard
G55	G2500	True Positive	Interação predita pelo SCENIC+ que está no gold standard
G55	G3742	True Positive	Interação predita pelo SCENIC+ que está no gold standard
G55	G3184	True Positive	Interação predita pelo SCENIC+ que está no gold standard
G268	G3330	True Positive	Interação predita pelo SCENIC+ que está no gold standard
G220	G3610	True Positive	Interação predita pelo SCENIC+ que está no gold standard
G55	G2031	True Positive	Interação predita pelo SCENIC+ que está no gold standard
G55	G3189	True Positive	Interação predita pelo SCENIC+ que está no gold standard
G255	G3282	True Positive	Interação predita pelo SCENIC+ que está no gold standard
G192	G3769	True Positive	Interação predita pelo SCENIC+ que está no gold standard
G69	G4296	True Positive	Interação predita pelo SCENIC+ que está no gold standard
G92	G4125	True Positive	Interação predita pelo SCENIC+ que está no gold standard
G333	G2666	True Positive	Interação predita pelo SCENIC+ que está no gold standard
G313	G2637	True Positive	Interação predita pelo SCENIC+ que está no gold standard
G92	G876	True Positive	Interação predita pelo SCENIC+ que está no gold standard
G192	G2249	True Positive	Interação predita pelo SCENIC+ que está no gold standard
G333	G887	True Positive	Interação predita pelo SCENIC+ que está no gold standard
G116	G2043	True Positive	Interação predita pelo SCENIC+ que está no gold standard
G207	G3200	True Positive	Interação predita pelo SCENIC+ que está no gold standard
G220	G3073	True Positive	Interação predita pelo SCENIC+ que está no gold standard
G268	G4057	True Positive	Interação predita pelo SCENIC+ que está no gold standard
G268	G3966	True Positive	Interação predita pelo SCENIC+ que está no gold standard
G110	G1462	True Positive	Interação predita pelo SCENIC+ que está no gold standard
G281	G3371	True Positive	Interação predita pelo SCENIC+ que está no gold standard
G271	G2821	True Positive	Interação predita pelo SCENIC+ que está no gold standard
G333	G1505	True Positive	Interação predita pelo SCENIC+ que está no gold standard
G144	G2128	True Positive	Interação predita pelo SCENIC+ que está no gold standard
G55	G492	True Positive	Interação predita pelo SCENIC+ que está no gold standard
G23	G3048	True Positive	Interação predita pelo SCENIC+ que está no gold standard
G164	G3260	True Positive	Interação predita pelo SCENIC+ que está no gold standard
G244	G2818	True Positive	Interação predita pelo SCENIC+ que está no gold standard
G55	G3433	True Positive	Interação predita pelo SCENIC+ que está no gold standard
G268	G534	True Positive	Interação predita pelo SCENIC+ que está no gold standard
G219	G1330	True Positive	Interação predita pelo SCENIC+ que está no gold standard
G86	G835	True Positive	Interação predita pelo SCENIC+ que está no gold standard
G23	G1997	True Positive	Interação predita pelo SCENIC+ que está no gold standard
G138	G1206	True Positive	Interação predita pelo SCENIC+ que está no gold standard
G333	G2516	True Positive	Interação predita pelo SCENIC+ que está no gold standard
G333	G4245	True Positive	Interação predita pelo SCENIC+ que está no gold standard
G170	G3927	True Positive	Interação predita pelo SCENIC+ que está no gold standard
G223	G2971	True Positive	Interação predita pelo SCENIC+ que está no gold standard
G150	G3325	True Positive	Interação predita pelo SCENIC+ que está no gold standard
G166	G1772	True Positive	Interação predita pelo SCENIC+ que está no gold standard
G309	G1020	True Positive	Interação predita pelo SCENIC+ que está no gold standard
G255	G3798	True Positive	Interação predita pelo SCENIC+ que está no gold standard
G235	G305	True Positive	Interação predita pelo SCENIC+ que está no gold standard
G86	G437	True Positive	Interação predita pelo SCENIC+ que está no gold standard
G23	G2360	True Positive	Interação predita pelo SCENIC+ que está no gold standard
G224	G1101	True Positive	Interação predita pelo SCENIC+ que está no gold standard
G223	G1545	True Positive	Interação predita pelo SCENIC+ que está no gold standard
G333	G1212	True Positive	Interação predita pelo SCENIC+ que está no gold standard
G55	G1530	True Positive	Interação predita pelo SCENIC+ que está no gold standard
G55	G1643	True Positive	Interação predita pelo SCENIC+ que está no gold standard
G192	G544	True Positive	Interação predita pelo SCENIC+ que está no gold standard
G199	G1365	True Positive	Interação predita pelo SCENIC+ que está no gold standard
G223	G4322	True Positive	Interação predita pelo SCENIC+ que está no gold standard
G109	G3248	True Positive	Interação predita pelo SCENIC+ que está no gold standard
G145	G3031	True Positive	Interação predita pelo SCENIC+ que está no gold standard
G268	G1730	True Positive	Interação predita pelo SCENIC+ que está no gold standard
G268	G1950	True Positive	Interação predita pelo SCENIC+ que está no gold standard
G140	G4492	True Positive	Interação predita pelo SCENIC+ que está no gold standard
G23	G1822	True Positive	Interação predita pelo SCENIC+ que está no gold standard
G192	G3530	True Positive	Interação predita pelo SCENIC+ que está no gold standard
G92	G1705	True Positive	Interação predita pelo SCENIC+ que está no gold standard
G235	G774	True Positive	Interação predita pelo SCENIC+ que está no gold standard
G188	G259	True Positive	Interação predita pelo SCENIC+ que está no gold standard
G138	G2137	True Positive	Interação predita pelo SCENIC+ que está no gold standard
G86	G4439	True Positive	Interação predita pelo SCENIC+ que está no gold standard
G66	G1905	True Positive	Interação predita pelo SCENIC+ que está no gold standard
G197	G4395	True Positive	Interação predita pelo SCENIC+ que está no gold standard
G66	G3189	True Positive	Interação predita pelo SCENIC+ que está no gold standard
G259	G4271	True Positive	Interação predita pelo SCENIC+ que está no gold standard
G268	G876	True Positive	Interação predita pelo SCENIC+ que está no gold standard
G210	G433	True Positive	Interação predita pelo SCENIC+ que está no gold standard
G244	G2392	True Positive	Interação predita pelo SCENIC+ que está no gold standard
G55	G3828	True Positive	Interação predita pelo SCENIC+ que está no gold standard
G333	G1996	True Positive	Interação predita pelo SCENIC+ que está no gold standard
G219	G431	True Positive	Interação predita pelo SCENIC+ que está no gold standard
G151	G4032	True Positive	Interação predita pelo SCENIC+ que está no gold standard
G313	G847	True Positive	Interação predita pelo SCENIC+ que está no gold standard
G305	G1601	True Positive	Interação predita pelo SCENIC+ que está no gold standard
G220	G2222	True Positive	Interação predita pelo SCENIC+ que está no gold standard
G333	G3108	True Positive	Interação predita pelo SCENIC+ que está no gold standard
G268	G3840	True Positive	Interação predita pelo SCENIC+ que está no gold standard
G116	G2265	True Positive	Interação predita pelo SCENIC+ que está no gold standard
G192	G4035	True Positive	Interação predita pelo SCENIC+ que está no gold standard
G110	G1408	True Positive	Interação predita pelo SCENIC+ que está no gold standard
G333	G2303	True Positive	Interação predita pelo SCENIC+ que está no gold standard
G23	G1927	True Positive	Interação predita pelo SCENIC+ que está no gold standard
G142	G2782	True Positive	Interação predita pelo SCENIC+ que está no gold standard
G333	G1394	True Positive	Interação predita pelo SCENIC+ que está no gold standard
G55	G1464	True Positive	Interação predita pelo SCENIC+ que está no gold standard
G150	G3345	True Positive	Interação predita pelo SCENIC+ que está no gold standard
G147	G2072	True Positive	Interação predita pelo SCENIC+ que está no gold standard
G313	G3810	True Positive	Interação predita pelo SCENIC+ que está no gold standard
G92	G2516	True Positive	Interação predita pelo SCENIC+ que está no gold standard
G268	G3483	True Positive	Interação predita pelo SCENIC+ que está no gold standard
G253	G1526	True Positive	Interação predita pelo SCENIC+ que está no gold standard
G55	G1526	True Positive	Interação predita pelo SCENIC+ que está no gold standard
G31	G1155	True Positive	Interação predita pelo SCENIC+ que está no gold standard
G268	G1019	True Positive	Interação predita pelo SCENIC+ que está no gold standard
G197	G4111	True Positive	Interação predita pelo SCENIC+ que está no gold standard
G333	G1532	True Positive	Interação predita pelo SCENIC+ que está no gold standard
G333	G2761	True Positive	Interação predita pelo SCENIC+ que está no gold standard
G220	G1771	True Positive	Interação predita pelo SCENIC+ que está no gold standard
G22	G110	True Positive	Interação predita pelo SCENIC+ que está no gold standard
G281	G1927	True Positive	Interação predita pelo SCENIC+ que está no gold standard
G92	G3561	True Positive	Interação predita pelo SCENIC+ que está no gold standard
G333	G3861	True Positive	Interação predita pelo SCENIC+ que está no gold standard
G282	G4196	True Positive	Interação predita pelo SCENIC+ que está no gold standard
G192	G864	True Positive	Interação predita pelo SCENIC+ que está no gold standard
G86	G2760	True Positive	Interação predita pelo SCENIC+ que está no gold standard
G333	G2264	True Positive	Interação predita pelo SCENIC+ que está no gold standard
G282	G659	True Positive	Interação predita pelo SCENIC+ que está no gold standard
G55	G3656	True Positive	Interação predita pelo SCENIC+ que está no gold standard
G268	G1705	True Positive	Interação predita pelo SCENIC+ que está no gold standard
G110	G2924	True Positive	Interação predita pelo SCENIC+ que está no gold standard
G151	G998	True Positive	Interação predita pelo SCENIC+ que está no gold standard
G254	G2709	True Positive	Interação predita pelo SCENIC+ que está no gold standard
G89	G972	True Positive	Interação predita pelo SCENIC+ que está no gold standard
G333	G1557	True Positive	Interação predita pelo SCENIC+ que está no gold standard
G55	G936	True Positive	Interação predita pelo SCENIC+ que está no gold standard
G279	G1878	True Positive	Interação predita pelo SCENIC+ que está no gold standard
G55	G1133	True Positive	Interação predita pelo SCENIC+ que está no gold standard
G55	G2708	True Positive	Interação predita pelo SCENIC+ que está no gold standard
G145	G1051	True Positive	Interação predita pelo SCENIC+ que está no gold standard
G55	G3457	True Positive	Interação predita pelo SCENIC+ que está no gold standard
G110	G2837	True Positive	Interação predita pelo SCENIC+ que está no gold standard
G55	G4113	True Positive	Interação predita pelo SCENIC+ que está no gold standard
G92	G2249	True Positive	Interação predita pelo SCENIC+ que está no gold standard
G11	G448	True Positive	Interação predita pelo SCENIC+ que está no gold standard
G55	G3730	True Positive	Interação predita pelo SCENIC+ que está no gold standard
G92	G3326	True Positive	Interação predita pelo SCENIC+ que está no gold standard
G23	G1817	True Positive	Interação predita pelo SCENIC+ que está no gold standard
G118	G2613	True Positive	Interação predita pelo SCENIC+ que está no gold standard
G55	G269	True Positive	Interação predita pelo SCENIC+ que está no gold standard
G110	G353	True Positive	Interação predita pelo SCENIC+ que está no gold standard
G220	G3330	True Positive	Interação predita pelo SCENIC+ que está no gold standard
G268	G3374	True Positive	Interação predita pelo SCENIC+ que está no gold standard
G188	G2709	True Positive	Interação predita pelo SCENIC+ que está no gold standard
G268	G3755	True Positive	Interação predita pelo SCENIC+ que está no gold standard
G259	G2668	True Positive	Interação predita pelo SCENIC+ que está no gold standard
G55	G1539	True Positive	Interação predita pelo SCENIC+ que está no gold standard
G208	G1280	True Positive	Interação predita pelo SCENIC+ que está no gold standard
G223	G797	True Positive	Interação predita pelo SCENIC+ que está no gold standard
G55	G1871	True Positive	Interação predita pelo SCENIC+ que está no gold standard
G44	G1018	True Positive	Interação predita pelo SCENIC+ que está no gold standard
G192	G3983	True Positive	Interação predita pelo SCENIC+ que está no gold standard
G333	G4344	True Positive	Interação predita pelo SCENIC+ que está no gold standard
G281	G1817	True Positive	Interação predita pelo SCENIC+ que está no gold standard
G99	G2886	True Positive	Interação predita pelo SCENIC+ que está no gold standard
G10	G449	True Positive	Interação predita pelo SCENIC+ que está no gold standard
G23	G4065	True Positive	Interação predita pelo SCENIC+ que está no gold standard
G255	G2043	True Positive	Interação predita pelo SCENIC+ que está no gold standard
G23	G900	True Positive	Interação predita pelo SCENIC+ que está no gold standard
G333	G340	True Positive	Interação predita pelo SCENIC+ que está no gold standard
G69	G4447	True Positive	Interação predita pelo SCENIC+ que está no gold standard
G333	G3971	True Positive	Interação predita pelo SCENIC+ que está no gold standard
G333	G3256	True Positive	Interação predita pelo SCENIC+ que está no gold standard
G110	G2723	True Positive	Interação predita pelo SCENIC+ que está no gold standard
G174	G424	True Positive	Interação predita pelo SCENIC+ que está no gold standard
G116	G2440	True Positive	Interação predita pelo SCENIC+ que está no gold standard
G48	G3068	True Positive	Interação predita pelo SCENIC+ que está no gold standard
G192	G3537	True Positive	Interação predita pelo SCENIC+ que está no gold standard
G140	G1427	True Positive	Interação predita pelo SCENIC+ que está no gold standard
G23	G1950	True Positive	Interação predita pelo SCENIC+ que está no gold standard
G23	G1730	True Positive	Interação predita pelo SCENIC+ que está no gold standard
G55	G1499	True Positive	Interação predita pelo SCENIC+ que está no gold standard
G192	G3708	True Positive	Interação predita pelo SCENIC+ que está no gold standard
G55	G4145	True Positive	Interação predita pelo SCENIC+ que está no gold standard
G333	G4469	True Positive	Interação predita pelo SCENIC+ que está no gold standard
G255	G3012	True Positive	Interação predita pelo SCENIC+ que está no gold standard
G92	G544	True Positive	Interação predita pelo SCENIC+ que está no gold standard
G74	G1586	True Positive	Interação predita pelo SCENIC+ que está no gold standard
G268	G796	True Positive	Interação predita pelo SCENIC+ que está no gold standard
G11	G3659	True Positive	Interação predita pelo SCENIC+ que está no gold standard
G192	G2754	True Positive	Interação predita pelo SCENIC+ que está no gold standard
G10	G2133	True Positive	Interação predita pelo SCENIC+ que está no gold standard
G10	G1952	True Positive	Interação predita pelo SCENIC+ que está no gold standard
G282	G2368	True Positive	Interação predita pelo SCENIC+ que está no gold standard
G170	G4086	True Positive	Interação predita pelo SCENIC+ que está no gold standard
G247	G392	True Positive	Interação predita pelo SCENIC+ que está no gold standard
G23	G872	True Positive	Interação predita pelo SCENIC+ que está no gold standard
G43	G3628	True Positive	Interação predita pelo SCENIC+ que está no gold standard
G170	G2699	True Positive	Interação predita pelo SCENIC+ que está no gold standard
G313	G2451	True Positive	Interação predita pelo SCENIC+ que está no gold standard
G219	G3679	True Positive	Interação predita pelo SCENIC+ que está no gold standard
G92	G3530	True Positive	Interação predita pelo SCENIC+ que está no gold standard
G55	G2724	True Positive	Interação predita pelo SCENIC+ que está no gold standard
G313	G3447	True Positive	Interação predita pelo SCENIC+ que está no gold standard
G99	G2474	True Positive	Interação predita pelo SCENIC+ que está no gold standard
G69	G2763	True Positive	Interação predita pelo SCENIC+ que está no gold standard
G333	G2500	True Positive	Interação predita pelo SCENIC+ que está no gold standard
G86	G1895	True Positive	Interação predita pelo SCENIC+ que está no gold standard
G55	G1190	True Positive	Interação predita pelo SCENIC+ que está no gold standard
G277	G2258	True Positive	Interação predita pelo SCENIC+ que está no gold standard
G333	G3184	True Positive	Interação predita pelo SCENIC+ que está no gold standard
G55	G4151	True Positive	Interação predita pelo SCENIC+ que está no gold standard
G255	G3938	True Positive	Interação predita pelo SCENIC+ que está no gold standard
G19	G2737	True Positive	Interação predita pelo SCENIC+ que está no gold standard
G55	G4361	True Positive	Interação predita pelo SCENIC+ que está no gold standard
G61	G4437	True Positive	Interação predita pelo SCENIC+ que está no gold standard
G259	G666	True Positive	Interação predita pelo SCENIC+ que está no gold standard
G86	G2744	True Positive	Interação predita pelo SCENIC+ que está no gold standard
G220	G3731	True Positive	Interação predita pelo SCENIC+ que está no gold standard
G313	G684	True Positive	Interação predita pelo SCENIC+ que está no gold standard
G330	G1535	True Positive	Interação predita pelo SCENIC+ que está no gold standard
G7	G281	True Positive	Interação predita pelo SCENIC+ que está no gold standard
G221	G1355	True Positive	Interação predita pelo SCENIC+ que está no gold standard
G55	G3036	True Positive	Interação predita pelo SCENIC+ que está no gold standard
G83	G2610	True Positive	Interação predita pelo SCENIC+ que está no gold standard
G268	G3127	True Positive	Interação predita pelo SCENIC+ que está no gold standard
G55	G2926	True Positive	Interação predita pelo SCENIC+ que está no gold standard
G333	G492	True Positive	Interação predita pelo SCENIC+ que está no gold standard
G107	G2775	True Positive	Interação predita pelo SCENIC+ que está no gold standard
G268	G1776	True Positive	Interação predita pelo SCENIC+ que está no gold standard
G73	G4027	True Positive	Interação predita pelo SCENIC+ que está no gold standard
G56	G907	True Positive	Interação predita pelo SCENIC+ que está no gold standard
G244	G3371	True Positive	Interação predita pelo SCENIC+ que está no gold standard
G255	G2130	True Positive	Interação predita pelo SCENIC+ que está no gold standard
G92	G4344	True Positive	Interação predita pelo SCENIC+ que está no gold standard
G138	G259	True Positive	Interação predita pelo SCENIC+ que está no gold standard
G116	G3073	True Positive	Interação predita pelo SCENIC+ que está no gold standard
G281	G2404	True Positive	Interação predita pelo SCENIC+ que está no gold standard
G333	G3537	True Positive	Interação predita pelo SCENIC+ que está no gold standard
G13	G3497	True Positive	Interação predita pelo SCENIC+ que está no gold standard
G118	G1492	True Positive	Interação predita pelo SCENIC+ que está no gold standard
G2	G688	True Positive	Interação predita pelo SCENIC+ que está no gold standard
