Cell_ID	Cluster	Trajectory_ID	Pseudo_time	X_coord	Y_coord	SR_Value	SR_Category	cell	sub
Cell_1	3	1	NA	3.72354088358321	6.25264846049687	0.643788760062307	Low	Cell_1	1
Cell_10	3	1	NA	2.02716608606229	8.13648611978834	0.728307367651723	Medium	Cell_10	1
Cell_100	2	1	NA	3.93559327653335	1.37064913098267	0.755752729950473	Medium	Cell_100	1
Cell_1000	1	1	NA	-1.74389047626773	-0.236336786344051	0.554412036552094	Low	Cell_1000	1
Cell_1001	1	1	NA	-3.72516548597752	-3.80842695468149	0.636811367119662	Low	Cell_1001	1
Cell_1002	2	1	NA	3.93346957411713	4.92058950024632	0.796933466335759	Medium	Cell_1002	1
Cell_1003	1	1	NA	-0.229288157535043	-0.677193792456797	0.580092406715266	Low	Cell_1003	1
Cell_1004	1	1	NA	-6.75825889677742	-3.587901349584	0.926715119392611	High	Cell_1004	1
Cell_1005	3	1	NA	0.709160312264381	8.91875242571446	0.923869578866288	High	Cell_1005	1
Cell_1006	1	1	NA	2.73363317145095	-2.19919937776847	0.738943406264298	Medium	Cell_1006	1
Cell_1007	2	1	NA	3.97981333388765	3.68372143539942	0.886846061213873	High	Cell_1007	1
Cell_1008	1	1	NA	-2.35215089266719	-1.88866452710682	0.647700040251948	Low	Cell_1008	1
Cell_1009	1	1	NA	-0.895575560787647	-0.535119882994992	0.532814055914059	Low	Cell_1009	1
Cell_101	1	1	NA	-1.25724001402117	-2.98072920660989	0.799994479632005	Medium	Cell_101	1
Cell_1010	2	1	NA	2.87151716756044	5.47125917822255	0.720266562420875	Medium	Cell_1010	1
Cell_1011	1	1	NA	1.31652753281152	-1.05052120443639	0.731049428926781	Medium	Cell_1011	1
Cell_1012	1	1	NA	-2.81844248036142	-2.80415481293138	0.670467185089365	Medium	Cell_1012	1
Cell_1013	2	1	NA	2.56392518762719	-0.98695928834041	0.592570159351453	Low	Cell_1013	1
Cell_1014	2	1	NA	1.42373871926072	-0.6805667476786	0.753498863428831	Medium	Cell_1014	1
Cell_1015	3	1	NA	0.990844614855719	8.78094847533965	0.509595515322872	Low	Cell_1015	1
Cell_1016	1	1	NA	-0.177553896639353	-3.14251600209919	0.886843019747175	High	Cell_1016	1
Cell_1017	2	1	NA	3.6540254745254	3.07805607640423	0.77983253961429	Medium	Cell_1017	1
Cell_1018	1	1	NA	-2.86904722848651	-3.34956971804349	0.82073131960351	Medium	Cell_1018	1
Cell_1019	1	1	NA	-5.5369238142351	-4.18895425428861	0.734216059325263	Medium	Cell_1019	1
Cell_102	1	1	NA	0.880328301551175	-0.206327746762883	0.666411770158447	Low	Cell_102	1
Cell_1020	1	1	NA	-6.44597091987698	-4.02473889243586	0.639611905324273	Low	Cell_1020	1
Cell_1021	1	1	NA	0.784846914682042	-0.55164039918624	0.730608285171911	Medium	Cell_1021	1
Cell_1022	2	1	NA	4.45680947665606	3.9063879299969	0.896369170863181	High	Cell_1022	1
Cell_1023	1	1	NA	-6.6359434285754	-3.46303819021753	0.792782788164914	Medium	Cell_1023	1
Cell_1024	1	1	NA	-4.78105771743228	-4.53759046727993	0.697379492921755	Medium	Cell_1024	1
Cell_1025	3	1	NA	-1.1285191275405	9.24188856862133	0.905618674820289	High	Cell_1025	1
Cell_1026	1	1	NA	-2.62575280954146	-3.73857045314138	0.659281546948478	Low	Cell_1026	1
Cell_1027	1	1	NA	-2.15400554766731	-0.454892420768695	0.790723669109866	Medium	Cell_1027	1
Cell_1028	1	1	NA	-2.59429426970792	-2.88150865598122	0.727744478965178	Medium	Cell_1028	1
Cell_1029	2	1	NA	4.58109196195135	2.21606612933718	0.634401724906638	Low	Cell_1029	1
Cell_103	2	1	NA	3.48967062107433	5.27192048170576	0.744306516833603	Medium	Cell_103	1
Cell_1030	1	1	NA	-7.43630315765188	-4.13192949709815	0.777588602388278	Medium	Cell_1030	1
Cell_1031	3	1	NA	2.9093587047902	6.63937371599394	0.61561544216238	Low	Cell_1031	1
Cell_1032	1	1	NA	1.11874930407434	-1.54247138812676	0.77161644899752	Medium	Cell_1032	1
Cell_1033	1	1	NA	-0.85237539361347	-2.461069372361	0.723785070586018	Medium	Cell_1033	1
Cell_1034	2	1	NA	4.56314251027208	2.16548682139537	0.565144068445079	Low	Cell_1034	1
Cell_1035	1	1	NA	-7.58619360350878	-4.2286658213402	0.81086299137678	Medium	Cell_1035	1
Cell_1036	2	1	NA	2.30828655732221	0.667082775003963	0.773997141630389	Medium	Cell_1036	1
Cell_1037	2	1	NA	3.86134617388521	5.14166477472068	0.574622106854804	Low	Cell_1037	1
Cell_1038	1	1	NA	-5.14446066967924	-3.71105184894412	0.779772934620269	Medium	Cell_1038	1
Cell_1039	1	1	NA	-1.09184689064454	-2.89912879717453	0.71344278822653	Medium	Cell_1039	1
Cell_104	3	1	NA	2.86841194238973	6.86840614842705	0.977236913749948	High	Cell_104	1
Cell_1040	2	1	NA	4.19050857630887	3.98729417558999	0.723865049192682	Medium	Cell_1040	1
Cell_1041	1	1	NA	-4.28394551055921	-4.36203897276443	0.916647385805845	High	Cell_1041	1
Cell_1042	1	1	NA	1.20494140720677	-0.931054436480202	0.859793641371652	High	Cell_1042	1
Cell_1043	2	1	NA	3.94548657175033	4.64667918446573	0.72844337776769	Medium	Cell_1043	1
Cell_1044	1	1	NA	2.19798846431508	-2.73755658931493	0.760632131481543	Medium	Cell_1044	1
Cell_1045	1	1	NA	-3.10105003325422	-2.521022957643	0.621228538802825	Low	Cell_1045	1
Cell_1046	1	1	NA	0.118889019533341	-1.58683803966438	0.537930417340249	Low	Cell_1046	1
Cell_1047	1	1	NA	0.492207728166119	-2.89013197191591	0.695647545624524	Medium	Cell_1047	1
Cell_1048	2	1	NA	3.74967861066899	1.65342558346946	0.506554107996635	Low	Cell_1048	1
Cell_1049	1	1	NA	-4.88978324461245	-2.98933923248072	0.933749734307639	High	Cell_1049	1
Cell_105	2	1	NA	4.00544383047371	2.34693630235275	0.7414511985844	Medium	Cell_105	1
Cell_1050	1	1	NA	-1.38566699860601	-1.46666861522818	0.996307836845517	High	Cell_1050	1
Cell_1051	1	1	NA	-4.31104089686557	-3.42347249460347	0.8544276941102	High	Cell_1051	1
Cell_1052	3	1	NA	1.89768136420275	7.55016830541253	0.913357745157555	High	Cell_1052	1
Cell_1053	2	1	NA	3.78680687784746	4.20341197740175	0.94594813475851	High	Cell_1053	1
Cell_1054	1	1	NA	0.397584132345236	-4.34491729358313	0.76970536634326	Medium	Cell_1054	1
Cell_1055	3	1	NA	3.42741388460272	6.57851489558318	0.777656795922667	Medium	Cell_1055	1
Cell_1056	2	1	NA	3.86326019587391	4.30068536313133	0.638219941873103	Low	Cell_1056	1
Cell_1057	3	1	NA	1.23089274272606	8.69903370488873	0.829598962911405	Medium	Cell_1057	1
Cell_1058	1	1	NA	-3.4388115837599	-3.23908433326101	0.62171762122307	Low	Cell_1058	1
Cell_1059	2	1	NA	2.47886961413583	1.18907132935973	0.644133102381602	Low	Cell_1059	1
Cell_106	2	1	NA	4.33224860716574	5.10243260276223	0.945175111060962	High	Cell_106	1
Cell_1060	1	1	NA	-2.30991155843611	-3.16012022720577	0.857890479266644	High	Cell_1060	1
Cell_1061	2	1	NA	1.65141847758585	0.727779735017917	0.86376681656111	High	Cell_1061	1
Cell_1062	1	1	NA	-7.11511219654452	-4.20398504919334	0.586521519348025	Low	Cell_1062	1
Cell_1063	1	1	NA	1.63254131835343	-3.40104879724345	0.653155629406683	Low	Cell_1063	1
Cell_1064	3	1	NA	2.95943373342525	6.77727384007134	0.684953638352454	Medium	Cell_1064	1
Cell_1065	1	1	NA	-4.83889649034702	-3.38928228680517	0.538860777160153	Low	Cell_1065	1
Cell_1066	1	1	NA	-2.41603149093914	-3.46856459526674	0.856575094396248	High	Cell_1066	1
Cell_1067	1	1	NA	0.353501583283453	-2.44089907284976	0.775461364537477	Medium	Cell_1067	1
Cell_1068	2	1	NA	2.09826379614828	-0.509739736584315	0.567932698177174	Low	Cell_1068	1
Cell_1069	2	1	NA	2.64923032708726	-0.757213765255275	0.987081847037189	High	Cell_1069	1
Cell_107	1	1	NA	-2.74037316687067	-3.80766152968003	0.957219093455933	High	Cell_107	1
Cell_1070	2	1	NA	5.17087292938091	3.49983851592963	0.780981579446234	Medium	Cell_1070	1
Cell_1071	2	1	NA	4.22810007745351	4.32610452901544	0.894204690819606	High	Cell_1071	1
Cell_1072	2	1	NA	2.68886398847081	0.127013111811643	0.924457042128779	High	Cell_1072	1
Cell_1073	2	1	NA	3.80296235031943	0.859581915655179	0.939020887366496	High	Cell_1073	1
Cell_1074	1	1	NA	-1.76480343716707	-0.632203531509295	0.900238186935894	High	Cell_1074	1
Cell_1075	1	1	NA	-4.40942883158575	-4.35648543531473	0.820074243238196	Medium	Cell_1075	1
Cell_1076	2	1	NA	3.01508821124358	2.05111798995051	0.814463880378753	Medium	Cell_1076	1
Cell_1077	3	1	NA	-1.64741642951136	9.33106306568846	0.635704502346925	Low	Cell_1077	1
Cell_1078	3	1	NA	2.01866018185975	7.45882239713061	0.514969912706874	Low	Cell_1078	1
Cell_1079	1	1	NA	0.497578974190654	-0.830474385948873	0.70993210747838	Medium	Cell_1079	1
Cell_108	2	1	NA	2.5385831026979	-0.159349164489552	0.804367491160519	Medium	Cell_108	1
Cell_1080	1	1	NA	-0.871225379896482	-2.37509270167058	0.677717335522175	Medium	Cell_1080	1
Cell_1081	1	1	NA	0.624549789160712	-2.61262382331484	0.696165626985021	Medium	Cell_1081	1
Cell_1082	2	1	NA	3.14089836348881	2.19354174774197	0.585968416184187	Low	Cell_1082	1
Cell_1083	2	1	NA	1.55334301740833	-0.509529237324092	0.659821059671231	Low	Cell_1083	1
Cell_1084	3	1	NA	2.10381500654171	8.08449919717735	0.706777532119304	Medium	Cell_1084	1
Cell_1085	2	1	NA	4.25137161265966	3.92489419053113	0.879667848348618	High	Cell_1085	1
Cell_1086	1	1	NA	-3.39945801553147	-4.19114021294703	0.635945102549158	Low	Cell_1086	1
Cell_1087	1	1	NA	-1.9917945932364	-0.534781929406493	0.557791228522547	Low	Cell_1087	1
Cell_1088	2	1	NA	3.79294879585581	4.6550679070483	0.51466830749996	Low	Cell_1088	1
Cell_1089	1	1	NA	-3.41464391187034	-3.33354273099928	0.903427648940124	High	Cell_1089	1
Cell_109	1	1	NA	-1.11111263829946	-2.89143443260735	0.705344888265245	Medium	Cell_109	1
Cell_1090	3	1	NA	0.80893318477875	8.51433342331064	0.740063218283467	Medium	Cell_1090	1
Cell_1091	1	1	NA	0.174026948520039	0.444915585757774	0.903123970143497	High	Cell_1091	1
Cell_1092	1	1	NA	-8.00431229671416	-3.80378303466202	0.539502840838395	Low	Cell_1092	1
Cell_1093	1	1	NA	0.530569183739938	-0.7644560170136	0.557668704772368	Low	Cell_1093	1
Cell_1094	2	1	NA	3.14799360186216	2.22553001591013	0.56470814475324	Low	Cell_1094	1
Cell_1095	1	1	NA	-1.18483187459636	-4.41780173796819	0.869374271016568	High	Cell_1095	1
Cell_1096	2	1	NA	2.94512803022721	1.58835729903558	0.878549266722985	High	Cell_1096	1
Cell_1097	1	1	NA	-0.148815113424098	-0.893396329394628	0.99622765427921	High	Cell_1097	1
Cell_1098	3	1	NA	2.61500596975401	7.16646384565148	0.812276493641548	Medium	Cell_1098	1
Cell_1099	1	1	NA	-4.7448267545039	-2.96262106283877	0.644345054286532	Low	Cell_1099	1
Cell_11	2	1	NA	2.96470509570329	0.26022413615251	0.978416672674939	High	Cell_11	1
Cell_110	1	1	NA	3.7750808649476	-7.76327841018048	0.573547345469706	Low	Cell_110	1
Cell_1100	1	1	NA	-2.98535175727055	-3.85039590754156	0.599955887184478	Low	Cell_1100	1
Cell_1101	2	1	NA	1.90259375483668	0.96880550341795	0.900458924355917	High	Cell_1101	1
Cell_1102	1	1	NA	0.847932620845232	-0.806396740187253	0.863881355151534	High	Cell_1102	1
Cell_1103	1	1	NA	0.357215783285774	-0.828694116027438	0.608523987350054	Low	Cell_1103	1
Cell_1104	2	1	NA	3.77436260762566	1.70568305143208	0.872119252686389	High	Cell_1104	1
Cell_1105	2	1	NA	3.74458412434687	1.31889988730916	0.933326854137704	High	Cell_1105	1
Cell_1106	3	1	NA	2.81376301355995	7.22019272870679	0.76470287819393	Medium	Cell_1106	1
Cell_1107	3	1	NA	2.37222070885884	7.44996289022118	0.799319273442961	Medium	Cell_1107	1
Cell_1108	3	1	NA	2.72290670134705	7.50889475415474	0.96881616616156	High	Cell_1108	1
Cell_1109	1	1	NA	-1.65854829141542	-3.25640837887792	0.975362049182877	High	Cell_1109	1
Cell_111	1	1	NA	0.407852742235068	-2.26160260748542	0.967649901635014	High	Cell_111	1
Cell_1110	3	1	NA	2.37459911009275	7.78273103917581	0.830266150645912	Medium	Cell_1110	1
Cell_1111	1	1	NA	1.42271219004894	-2.36031132208972	0.536143290461041	Low	Cell_1111	1
Cell_1112	2	1	NA	2.86589327044137	1.58819635280942	0.913165789330378	High	Cell_1112	1
Cell_1113	1	1	NA	3.98261746109718	-0.104685277130066	0.739772038999945	Medium	Cell_1113	1
Cell_1114	1	1	NA	-8.37221189197232	-4.2693937714212	0.695614391705021	Medium	Cell_1114	1
Cell_1115	1	1	NA	-0.893950610005264	-2.68727927435926	0.649561387836002	Low	Cell_1115	1
Cell_1116	1	1	NA	1.68947135193224	-3.62037017421253	0.622154124779627	Low	Cell_1116	1
Cell_1117	1	1	NA	-1.20934390266909	-2.06850900602292	0.710905065876432	Medium	Cell_1117	1
Cell_1118	3	1	NA	0.372393358285384	8.91803246996209	0.968885088455863	High	Cell_1118	1
Cell_1119	1	1	NA	2.37029822478508	-3.15299575651091	0.632242558291182	Low	Cell_1119	1
Cell_112	2	1	NA	2.68772968121768	2.16044302177562	0.650614449987188	Low	Cell_112	1
Cell_1120	1	1	NA	-2.06442662263916	-2.1972012127175	0.784284377004951	Medium	Cell_1120	1
Cell_1121	1	1	NA	-5.14729394295148	-3.90508088929939	0.60109228384681	Low	Cell_1121	1
Cell_1122	1	1	NA	1.34249263201295	-1.57085488126823	0.596402813447639	Low	Cell_1122	1
Cell_1123	1	1	NA	-1.71756170976064	-3.37231739050323	0.859305872581899	High	Cell_1123	1
Cell_1124	1	1	NA	-3.03684638163383	-2.08719594526717	0.656758947763592	Low	Cell_1124	1
Cell_1125	1	1	NA	1.25756153834951	-2.20514480750653	0.569195063668303	Low	Cell_1125	1
Cell_1126	3	1	NA	2.12288639989164	7.93419649909655	0.529015348874964	Low	Cell_1126	1
Cell_1127	1	1	NA	-7.09359996608444	-3.65918055862411	0.965549820568413	High	Cell_1127	1
Cell_1128	2	1	NA	3.65416282580958	5.42430219933562	0.784169006044976	Medium	Cell_1128	1
Cell_1129	1	1	NA	-5.1763888070634	-4.43646981386601	0.558885180274956	Low	Cell_1129	1
Cell_113	1	1	NA	-6.66473636152444	-3.63025947294943	0.530360285774805	Low	Cell_113	1
Cell_1130	3	1	NA	3.20875900247758	6.31259819791695	0.78239724074956	Medium	Cell_1130	1
Cell_1131	1	1	NA	0.606740618187122	-2.48078422585951	0.770128091447987	Medium	Cell_1131	1
Cell_1132	2	1	NA	3.43081539757065	2.26101164912166	0.909841259242967	High	Cell_1132	1
Cell_1133	3	1	NA	2.06933521436136	7.99383808368589	0.851489751948975	High	Cell_1133	1
Cell_1134	1	1	NA	-6.55944102297222	-4.46163895447055	0.783874186803587	Medium	Cell_1134	1
Cell_1135	1	1	NA	-6.52616791695384	-3.95905950656227	0.860654633142985	High	Cell_1135	1
Cell_1136	2	1	NA	2.52016608741927	0.274213457407872	0.876222106744535	High	Cell_1136	1
Cell_1137	3	1	NA	3.27068794897436	6.32844114192215	0.69071129837539	Medium	Cell_1137	1
Cell_1138	1	1	NA	-8.1731293223493	-3.71569029760125	0.64400514063891	Low	Cell_1138	1
Cell_1139	1	1	NA	-2.84570704197653	-3.02487967520728	0.76584166358225	Medium	Cell_1139	1
Cell_114	3	1	NA	0.963150117616842	8.71011612092013	0.973863470018841	High	Cell_114	1
Cell_1140	1	1	NA	0.588966209062274	-3.99272532407403	0.629823035676964	Low	Cell_1140	1
Cell_1141	1	1	NA	-0.415603058777456	-2.95366791368039	0.915895158890635	High	Cell_1141	1
Cell_1142	2	1	NA	3.41437796726605	4.58980900056354	0.702681942377239	Medium	Cell_1142	1
Cell_1143	1	1	NA	-3.67789166707656	-2.87513329872498	0.536315962788649	Low	Cell_1143	1
Cell_1144	3	1	NA	-1.2828195892296	9.27104644776434	0.976879312307574	High	Cell_1144	1
Cell_1145	1	1	NA	0.0106457257177237	-3.33865870227291	0.608591891475953	Low	Cell_1145	1
Cell_1146	1	1	NA	2.87161705490758	-3.01146178448143	0.702812633360736	Medium	Cell_1146	1
Cell_1147	1	1	NA	-0.567770800374052	-0.951065832130601	0.812834157724865	Medium	Cell_1147	1
Cell_1148	1	1	NA	-1.42255748319953	-3.11610296725954	0.814202401903458	Medium	Cell_1148	1
Cell_1149	2	1	NA	2.87221807433679	-0.570571326934362	0.664119332097471	Low	Cell_1149	1
Cell_115	1	1	NA	-2.46239230943847	-3.66344124276019	0.860298136714846	High	Cell_115	1
Cell_1150	2	1	NA	3.71076780951411	4.59760925499415	0.569454745971598	Low	Cell_1150	1
Cell_1151	1	1	NA	-1.23057747662855	-1.58981889621684	0.957328585209325	High	Cell_1151	1
Cell_1152	2	1	NA	3.71481886021086	3.88123477257859	0.799557983642444	Medium	Cell_1152	1
Cell_1153	2	1	NA	3.66809883374929	3.18520171390742	0.874803547980264	High	Cell_1153	1
Cell_1154	1	1	NA	-2.72807336864265	-2.39138278858477	0.959477372583933	High	Cell_1154	1
Cell_1155	3	1	NA	2.85177275284945	6.6607503837499	0.764382697991095	Medium	Cell_1155	1
Cell_1156	2	1	NA	3.10847248322348	2.33408847541904	0.685989373014309	Medium	Cell_1156	1
Cell_1157	1	1	NA	-5.80365357539907	-4.46970658452365	0.532904160558246	Low	Cell_1157	1
Cell_1158	3	1	NA	-0.0629340147285633	9.03431037094633	0.927184961852618	High	Cell_1158	1
Cell_1159	1	1	NA	-1.22971121139075	-2.70367009894831	0.755205650697462	Medium	Cell_1159	1
Cell_116	1	1	NA	-6.05099396216058	-4.38562708853791	0.571147147798911	Low	Cell_116	1
Cell_1160	1	1	NA	1.04161902573807	-0.291701772891433	0.60499902931042	Low	Cell_1160	1
Cell_1161	2	1	NA	4.07972980842607	3.1947802122988	0.687921718345024	Medium	Cell_1161	1
Cell_1162	2	1	NA	3.33169807331568	2.33674228377371	0.603682749904692	Low	Cell_1162	1
Cell_1163	2	1	NA	4.31546469660128	5.20836702204001	0.729620408616029	Medium	Cell_1163	1
Cell_1164	1	1	NA	-1.45153700122472	-1.81327032334418	0.620751125039533	Low	Cell_1164	1
Cell_1165	3	1	NA	2.61207663172314	7.53891762494803	0.55934516119305	Low	Cell_1165	1
Cell_1166	1	1	NA	-3.45835608331776	-2.94746247794549	0.536234574858099	Low	Cell_1166	1
Cell_1167	3	1	NA	3.38257630820282	5.68590254854792	0.845494924928062	High	Cell_1167	1
Cell_1168	1	1	NA	-1.05310511326787	-2.20961405684628	0.643478809623048	Low	Cell_1168	1
Cell_1169	3	1	NA	-1.15649353680941	9.25000165799971	0.574706247774884	Low	Cell_1169	1
Cell_117	2	1	NA	2.71020473712815	0.733318223338817	0.774642328033224	Medium	Cell_117	1
Cell_1170	1	1	NA	-2.30958162771204	-2.80788141983953	0.986216004588641	High	Cell_1170	1
Cell_1171	2	1	NA	2.04759969627681	-0.185593985807534	0.70525719516445	Medium	Cell_1171	1
Cell_1172	1	1	NA	-1.39190746399542	-4.69689207274532	0.700906927115284	Medium	Cell_1172	1
Cell_1173	1	1	NA	-7.23304417096688	-3.93265053215998	0.824278174317442	Medium	Cell_1173	1
Cell_1174	2	1	NA	2.13687007121807	0.0841262326630488	0.958152869832702	High	Cell_1174	1
Cell_1175	2	1	NA	5.04060411404684	3.72909435876081	0.608331069466658	Low	Cell_1175	1
Cell_1176	1	1	NA	-0.643901800934626	-2.55286108286995	0.773999435943551	Medium	Cell_1176	1
Cell_1177	1	1	NA	1.59005155271098	-1.76163629444009	0.8600252289325	High	Cell_1177	1
Cell_1178	2	1	NA	3.59004031671968	3.35236548397331	0.698623002623208	Medium	Cell_1178	1
Cell_1179	1	1	NA	0.286626741696983	-3.0292152262508	0.547000696300529	Low	Cell_1179	1
Cell_118	1	1	NA	-1.45328248576305	-2.98702922844962	0.977045619278215	High	Cell_118	1
Cell_1180	1	1	NA	-4.00648366256061	-2.93365502438742	0.817448202520609	Medium	Cell_1180	1
Cell_1181	2	1	NA	4.00602932675525	3.39855631149241	0.501239405130036	Low	Cell_1181	1
Cell_1182	1	1	NA	-1.0057316264566	0.492992699287602	0.605261619901285	Low	Cell_1182	1
Cell_1183	1	1	NA	-6.02221981004269	-4.28868799028258	0.839511404745281	High	Cell_1183	1
Cell_1184	3	1	NA	2.68782936669087	6.20915204879272	0.933094565174542	High	Cell_1184	1
Cell_1185	1	1	NA	2.61494827060944	-2.42137805394081	0.89984855777584	High	Cell_1185	1
Cell_1186	1	1	NA	0.529820798458269	-1.75480107849973	0.567498199176043	Low	Cell_1186	1
Cell_1187	3	1	NA	2.5695964039443	7.59971657362471	0.693749128840864	Medium	Cell_1187	1
Cell_1188	2	1	NA	3.73223959392981	5.48916099322001	0.894235964515246	High	Cell_1188	1
Cell_1189	3	1	NA	2.16960275999164	7.81826696626752	0.846456833300181	High	Cell_1189	1
Cell_119	1	1	NA	-1.84290541848712	-3.29290481527476	0.792741676559672	Medium	Cell_119	1
Cell_1190	3	1	NA	0.976344734884624	8.73881794385977	0.797136485693045	Medium	Cell_1190	1
Cell_1191	1	1	NA	2.47823386611104	-3.12296448267535	0.561928825685754	Low	Cell_1191	1
Cell_1192	1	1	NA	-5.64551125141291	-3.87492341711744	0.777539051370695	Medium	Cell_1192	1
Cell_1193	1	1	NA	2.54600662812406	-2.25256283507434	0.724705693894066	Medium	Cell_1193	1
Cell_1194	2	1	NA	1.65269142544174	-0.342860432050834	0.883083264343441	High	Cell_1194	1
Cell_1195	2	1	NA	1.54838104567123	-0.538765234810689	0.51304886082653	Low	Cell_1195	1
Cell_1196	1	1	NA	-4.73267226794511	-3.22794129026302	0.597585715935566	Low	Cell_1196	1
Cell_1197	2	1	NA	3.49116075961519	4.08251171053618	0.940617282409221	High	Cell_1197	1
Cell_1198	1	1	NA	-2.59530992054684	-2.2108567887118	0.554900796734728	Low	Cell_1198	1
Cell_1199	1	1	NA	-7.65239931741335	-3.74117452979557	0.984275463968515	High	Cell_1199	1
Cell_12	3	1	NA	3.19689888712233	6.51137756517053	0.726667078095488	Medium	Cell_12	1
Cell_120	1	1	NA	1.12441468855317	-0.878577111973047	0.702255140873604	Medium	Cell_120	1
Cell_1200	2	1	NA	2.84966797468797	5.56963361790087	0.692599296453409	Medium	Cell_1200	1
Cell_1201	1	1	NA	2.49261461252114	-2.49030412400541	0.929295703652315	High	Cell_1201	1
Cell_1202	2	1	NA	3.51049402450782	2.00892365030539	0.943692377302796	High	Cell_1202	1
Cell_1203	1	1	NA	-2.97448789882588	-3.17256735429587	0.74454574927222	Medium	Cell_1203	1
Cell_1204	1	1	NA	-4.75096346226648	-3.84799426891552	0.85904590447899	High	Cell_1204	1
Cell_1205	3	1	NA	3.47809831197225	5.92572787399165	0.743352786288597	Medium	Cell_1205	1
Cell_1206	3	1	NA	2.66987349648084	7.57285192314688	0.994354430469684	High	Cell_1206	1
Cell_1207	1	1	NA	0.250839996428821	-1.38359261081472	0.532375564798713	Low	Cell_1207	1
Cell_1208	3	1	NA	3.35885487350621	6.63397852013322	0.578831388964318	Low	Cell_1208	1
Cell_1209	1	1	NA	-3.06956889048319	-2.13582467549582	0.892674309201539	High	Cell_1209	1
Cell_121	1	1	NA	-0.962054716261543	-1.92679368052759	0.82394673966337	Medium	Cell_121	1
Cell_1210	1	1	NA	1.10365518049939	-1.23475350056597	0.771094144904055	Medium	Cell_1210	1
Cell_1211	2	1	NA	3.48870038477013	2.68783343465297	0.708273672615178	Medium	Cell_1211	1
Cell_1212	2	1	NA	3.95616140118798	1.9369161264113	0.999441324500367	High	Cell_1212	1
Cell_1213	2	1	NA	2.13368743127578	-0.676723644511198	0.627836558502167	Low	Cell_1213	1
Cell_1214	2	1	NA	3.97503751976683	1.82786092229693	0.753937835572287	Medium	Cell_1214	1
Cell_1215	1	1	NA	-4.81934962545437	-4.42239088130504	0.539485588786192	Low	Cell_1215	1
Cell_1216	2	1	NA	1.53439473345663	-1.13034012790204	0.906834182213061	High	Cell_1216	1
Cell_1217	1	1	NA	-4.77530787770215	-3.83845552214698	0.691089580068365	Medium	Cell_1217	1
Cell_1218	2	1	NA	3.34470748790232	4.65117889712179	0.901091353967786	High	Cell_1218	1
Cell_1219	1	1	NA	-4.48126861079392	-4.18147513268618	0.598961818381213	Low	Cell_1219	1
Cell_122	1	1	NA	-0.824437005537901	-2.23448046250518	0.659910308546387	Low	Cell_122	1
Cell_1220	1	1	NA	-2.49535472716077	-2.72269828387249	0.973199885105714	High	Cell_1220	1
Cell_1221	2	1	NA	4.2788014097503	4.3794166740006	0.672836237121373	Medium	Cell_1221	1
Cell_1222	1	1	NA	-0.836326576233305	0.692221638526652	0.761025123647414	Medium	Cell_1222	1
Cell_1223	3	1	NA	3.33486460654438	6.0282784726678	0.555844003218226	Low	Cell_1223	1
Cell_1224	3	1	NA	2.92361546879229	7.02034094366346	0.942987425602041	High	Cell_1224	1
Cell_1225	2	1	NA	3.35417433127563	2.25560851647455	0.97712748660706	High	Cell_1225	1
Cell_1226	2	1	NA	3.61090979184431	3.1380404023655	0.520190381561406	Low	Cell_1226	1
Cell_1227	1	1	NA	-7.41458055055674	-4.18345050586774	0.74680809432175	Medium	Cell_1227	1
Cell_1228	2	1	NA	3.88868785433599	3.22562107808575	0.613031852408312	Low	Cell_1228	1
Cell_1229	3	1	NA	1.10683265464456	8.59790145344163	0.929400169639848	High	Cell_1229	1
Cell_123	3	1	NA	-0.603552860228071	9.13346823766818	0.653860005433671	Low	Cell_123	1
Cell_1230	1	1	NA	1.1366891211921	-1.07232686855619	0.765467866905965	Medium	Cell_1230	1
Cell_1231	1	1	NA	0.842241617140751	-1.42057473123465	0.50231907540001	Low	Cell_1231	1
Cell_1232	1	1	NA	0.159437193958534	-0.669164797775767	0.638780040084384	Low	Cell_1232	1
Cell_1233	2	1	NA	2.2326882417372	0.652151405341215	0.662601571530104	Low	Cell_1233	1
Cell_1234	1	1	NA	-6.04014569726796	-3.5495643066322	0.794353138306178	Medium	Cell_1234	1
Cell_1235	2	1	NA	3.07285495374466	-0.0767989604395373	0.624842350371182	Low	Cell_1235	1
Cell_1236	2	1	NA	2.78552247325722	-0.115548133794338	0.52155864040833	Low	Cell_1236	1
Cell_1237	1	1	NA	-6.18315276817312	-4.40933488758484	0.555339393788017	Low	Cell_1237	1
Cell_1238	1	1	NA	0.79295527122973	-1.4767452495637	0.851876906002872	High	Cell_1238	1
Cell_1239	1	1	NA	-1.17799228712387	-4.16241917866605	0.969510619412176	High	Cell_1239	1
Cell_124	2	1	NA	2.05664756883588	-0.936208378189717	0.609883815632202	Low	Cell_124	1
Cell_1240	2	1	NA	3.51437957532149	2.35539082960037	0.655584509018809	Low	Cell_1240	1
Cell_1241	2	1	NA	3.16010388810127	1.88154835385752	0.539246465079486	Low	Cell_1241	1
Cell_1242	1	1	NA	-5.59033453912899	-4.59210354044646	0.660872045671567	Low	Cell_1242	1
Cell_1243	1	1	NA	-2.29516302322077	-3.01288569785628	0.81245276844129	Medium	Cell_1243	1
Cell_1244	2	1	NA	3.62041281604299	3.86054660125809	0.720120924757794	Medium	Cell_1244	1
Cell_1245	2	1	NA	3.55593677330552	1.93920949090649	0.900672650313936	High	Cell_1245	1
Cell_1246	2	1	NA	2.72568845551145	-0.231137597529144	0.639641902525909	Low	Cell_1246	1
Cell_1247	1	1	NA	0.759097487004528	-1.25594481361974	0.785356596694328	Medium	Cell_1247	1
Cell_1248	1	1	NA	-0.860282592628532	-1.52808590583265	0.521064006024972	Low	Cell_1248	1
Cell_1249	2	1	NA	3.7674334509775	1.80106784368527	0.595358727732673	Low	Cell_1249	1
Cell_125	1	1	NA	-5.23372716887613	-4.19637794089038	0.684744432917796	Medium	Cell_125	1
Cell_1250	3	1	NA	2.79485118373044	7.41454766111525	0.863543235347606	High	Cell_1250	1
Cell_1251	1	1	NA	0.390731888361745	-2.38138747803741	0.913345025153831	High	Cell_1251	1
Cell_1252	2	1	NA	2.66393818993368	2.24914771479519	0.755360537674278	Medium	Cell_1252	1
Cell_1253	1	1	NA	0.131361980980174	-3.17333462796614	0.78386308287736	Medium	Cell_1253	1
Cell_1254	1	1	NA	-0.623217225777629	-2.64999779764364	0.500577909871936	Low	Cell_1254	1
Cell_1255	1	1	NA	-1.58237341085959	-2.03640654721577	0.571889051585458	Low	Cell_1255	1
Cell_1256	1	1	NA	-1.28683788405606	0.342137869819405	0.932983541511931	High	Cell_1256	1
Cell_1257	2	1	NA	3.03376443704255	-0.226802577211833	0.541280530276708	Low	Cell_1257	1
Cell_1258	1	1	NA	1.6449017432465	-2.4110613630718	0.622285341029055	Low	Cell_1258	1
Cell_1259	2	1	NA	3.80347382966671	4.98159820101139	0.99077157874126	High	Cell_1259	1
Cell_126	1	1	NA	-1.11786033139746	-2.91252987592414	0.992109601735137	High	Cell_126	1
Cell_1260	3	1	NA	-0.304902478780002	8.96926616329864	0.78879063972272	Medium	Cell_1260	1
Cell_1261	2	1	NA	1.65511428630522	-0.997715312621853	0.62436318222899	Low	Cell_1261	1
Cell_1262	2	1	NA	3.26580071907857	2.30074277092559	0.807476976886392	Medium	Cell_1262	1
Cell_1263	1	1	NA	-6.85881832779614	-3.68954125820519	0.515878660371527	Low	Cell_1263	1
Cell_1264	2	1	NA	3.46506575277684	1.3009874871324	0.573211772134528	Low	Cell_1264	1
Cell_1265	1	1	NA	-5.08958943218902	-3.26571502459247	0.851536486996338	High	Cell_1265	1
Cell_1266	1	1	NA	-3.73126915694485	-3.07951456957458	0.532780354260467	Low	Cell_1266	1
Cell_1267	1	1	NA	-3.88860400010796	-4.28696148444556	0.810903531149961	Medium	Cell_1267	1
Cell_1268	2	1	NA	1.88488188877639	-0.688672515902802	0.968663682695478	High	Cell_1268	1
Cell_1269	1	1	NA	-0.411480359199375	-2.88118503020771	0.543947307392955	Low	Cell_1269	1
Cell_127	1	1	NA	-2.16639259872123	-3.39637633142864	0.577101150411181	Low	Cell_127	1
Cell_1270	1	1	NA	-4.34121617105953	-3.93973341327649	0.986401754664257	High	Cell_1270	1
Cell_1271	1	1	NA	-1.32565744425596	-1.7766883700648	0.51300535525661	Low	Cell_1271	1
Cell_1272	1	1	NA	-2.07239123041893	-3.19224068500512	0.86261397600174	High	Cell_1272	1
Cell_1273	2	1	NA	2.67220175866679	-0.814553539836311	0.726853195810691	Medium	Cell_1273	1
Cell_1274	2	1	NA	3.90429939638375	4.92044992364986	0.783091202494688	Medium	Cell_1274	1
Cell_1275	1	1	NA	-5.48536952249546	-4.27753003084442	0.93636552314274	High	Cell_1275	1
Cell_1276	3	1	NA	1.35395936375536	8.48586798222995	0.77728158980608	Medium	Cell_1276	1
Cell_1277	1	1	NA	-2.70032530977577	-2.60845258170833	0.868826103629544	High	Cell_1277	1
Cell_1278	1	1	NA	-0.830358338868992	-1.38858201915334	0.81156458100304	Medium	Cell_1278	1
Cell_1279	2	1	NA	2.78628537369831	-0.925556631751121	0.655514202895574	Low	Cell_1279	1
Cell_128	2	1	NA	3.59715355992974	5.25873066036814	0.545521999942139	Low	Cell_128	1
Cell_1280	2	1	NA	4.18135076341895	2.49159733833492	0.696098242304288	Medium	Cell_1280	1
Cell_1281	1	1	NA	0.632473893862085	-2.52578820453608	0.601043727714568	Low	Cell_1281	1
Cell_1282	1	1	NA	0.607338792000838	-2.81174130066936	0.926390194799751	High	Cell_1282	1
Cell_1283	2	1	NA	3.44183061808637	2.4266799732503	0.803415075410157	Medium	Cell_1283	1
Cell_1284	1	1	NA	-7.18997701549702	-4.44355622305996	0.878049006918445	High	Cell_1284	1
Cell_1285	1	1	NA	0.904278723641472	-1.59662029578178	0.781258404371329	Medium	Cell_1285	1
Cell_1286	3	1	NA	3.38179282803812	6.42782407609992	0.637949506402947	Low	Cell_1286	1
Cell_1287	3	1	NA	2.76409671165429	7.05478444912606	0.867779201827943	High	Cell_1287	1
Cell_1288	1	1	NA	-2.47481182783404	-3.80720103185547	0.774639896932058	Medium	Cell_1288	1
Cell_1289	2	1	NA	3.29623128944927	2.97636932575172	0.673063521971926	Medium	Cell_1289	1
Cell_129	2	1	NA	2.68780128257691	-0.301353253686114	0.570953453890979	Low	Cell_129	1
Cell_1290	1	1	NA	-7.55640304521644	-4.35324030996226	0.757482817396522	Medium	Cell_1290	1
Cell_1291	1	1	NA	0.583386827631972	-4.23253135563607	0.907883973792195	High	Cell_1291	1
Cell_1292	1	1	NA	0.720071338981025	-0.681790416614598	0.763136284658685	Medium	Cell_1292	1
Cell_1293	2	1	NA	2.52571027956958	1.28937653088791	0.601520024938509	Low	Cell_1293	1
Cell_1294	2	1	NA	2.38462195232147	0.974088491090608	0.924053840222768	High	Cell_1294	1
Cell_1295	2	1	NA	3.88136737517162	4.77029788310579	0.685247107525356	Medium	Cell_1295	1
Cell_1296	1	1	NA	-1.3007103414774	-3.00687122162426	0.651662585441954	Low	Cell_1296	1
Cell_1297	1	1	NA	-4.96106620936864	-3.4098496871642	0.885298523469828	High	Cell_1297	1
Cell_1298	3	1	NA	-0.662251125900779	9.15349548420921	0.866724277497269	High	Cell_1298	1
Cell_1299	1	1	NA	-0.018717271751336	-2.51618434778279	0.919452999136411	High	Cell_1299	1
Cell_13	1	1	NA	4.28256943934775	0.0609892102888918	0.838785317726433	High	Cell_13	1
Cell_130	1	1	NA	-3.6388618584533	-3.31913591726281	0.845003550755791	High	Cell_130	1
Cell_1300	1	1	NA	0.327026592203764	-1.74560811162361	0.784524421207607	Medium	Cell_1300	1
Cell_1301	2	1	NA	1.47504707331339	0.776556764977608	0.51314041914884	Low	Cell_1301	1
Cell_1302	1	1	NA	0.96567959466534	-0.842743715526965	0.743063614121638	Medium	Cell_1302	1
Cell_1303	2	1	NA	2.46680778282871	-0.789817982752733	0.771340516395867	Medium	Cell_1303	1
Cell_1304	1	1	NA	-4.84194905248587	-3.87765302075472	0.918330058455467	High	Cell_1304	1
Cell_1305	1	1	NA	-7.8681503674643	-4.43480428604422	0.864332269062288	High	Cell_1305	1
Cell_1306	2	1	NA	3.8278344821124	1.40852050685617	0.777556903427467	Medium	Cell_1306	1
Cell_1307	1	1	NA	-5.35540144985792	-4.4565480213368	0.536707198712975	Low	Cell_1307	1
Cell_1308	1	1	NA	-4.19019183854489	-3.48728443599988	0.568251149612479	Low	Cell_1308	1
Cell_1309	1	1	NA	-4.79676347521498	-4.56441733742006	0.84230434813071	High	Cell_1309	1
Cell_131	3	1	NA	1.07039189435015	8.71313832365907	0.809628241695464	Medium	Cell_131	1
Cell_1310	1	1	NA	-0.89527778402402	-0.605641730298435	0.549810968106613	Low	Cell_1310	1
Cell_1311	3	1	NA	2.98622832082503	7.31622707258357	0.601892952574417	Low	Cell_1311	1
Cell_1312	2	1	NA	3.03510917683744	-0.629627837287888	0.682990069151856	Medium	Cell_1312	1
Cell_1313	2	1	NA	1.75835068772334	-1.50012336174966	0.92309787881095	High	Cell_1313	1
Cell_1314	1	1	NA	-4.86377199987443	-3.84793920147414	0.618436297751032	Low	Cell_1314	1
Cell_1315	1	1	NA	-5.31846923260042	-3.32661452247815	0.852438925299793	High	Cell_1315	1
Cell_1316	1	1	NA	0.909071298673238	-0.544149222305281	0.553804415394552	Low	Cell_1316	1
Cell_1317	2	1	NA	4.21877183004612	5.44082686416399	0.889534434303641	High	Cell_1317	1
Cell_1318	1	1	NA	-2.76369188934623	-2.14886193452207	0.627552841673605	Low	Cell_1318	1
Cell_1319	3	1	NA	3.06658147827211	6.97389684577932	0.774021663004532	Medium	Cell_1319	1
Cell_132	2	1	NA	3.54042309855738	4.39324249147945	0.945697058574297	High	Cell_132	1
Cell_1320	2	1	NA	1.99380685191023	0.931523919984419	0.516950760385953	Low	Cell_1320	1
Cell_1321	3	1	NA	3.96822411791501	5.82398984343114	0.903054738068022	High	Cell_1321	1
Cell_1322	1	1	NA	-7.26747224283383	-4.16541789472747	0.668876403593458	Medium	Cell_1322	1
Cell_1323	1	1	NA	-3.80686781738501	-2.96730750176511	0.958142929011956	High	Cell_1323	1
Cell_1324	1	1	NA	-1.785311114301	-2.54113011664892	0.678553208941594	Medium	Cell_1324	1
Cell_1325	2	1	NA	3.16556216608236	3.24651136342726	0.987682506558485	High	Cell_1325	1
Cell_1326	1	1	NA	4.29607563645654	0.128773707186891	0.692189261317253	Medium	Cell_1326	1
Cell_1327	1	1	NA	2.65676061070268	-2.04976836440837	0.744336767587811	Medium	Cell_1327	1
Cell_1328	1	1	NA	-0.992751646060922	-1.14214447129632	0.745388115639798	Medium	Cell_1328	1
Cell_1329	1	1	NA	-2.49826456658849	-2.55309733430149	0.506127312080935	Low	Cell_1329	1
Cell_133	1	1	NA	0.796009063819574	-1.71755082539635	0.836499546305276	High	Cell_133	1
Cell_1330	2	1	NA	1.49287995460083	0.127058295580664	0.820736600318924	Medium	Cell_1330	1
Cell_1331	1	1	NA	-0.536720548338742	-2.25373944330179	0.756287485826761	Medium	Cell_1331	1
Cell_1332	2	1	NA	1.57717467229208	-1.47412525889878	0.660176059114747	Low	Cell_1332	1
Cell_1333	1	1	NA	0.875520291771527	-1.53690691713492	0.79071657883469	Medium	Cell_1333	1
Cell_1334	1	1	NA	-2.31930932966042	-3.64125546002589	0.808672204148024	Medium	Cell_1334	1
Cell_1335	1	1	NA	-9.08931061200798	-3.97346123150549	0.719137268839404	Medium	Cell_1335	1
Cell_1336	1	1	NA	-3.72429585057522	-2.87435897900659	0.585184490308166	Low	Cell_1336	1
Cell_1337	2	1	NA	2.13900526905033	-0.112274172968409	0.857540248311125	High	Cell_1337	1
Cell_1338	2	1	NA	3.77037945314446	3.53155899769725	0.873893274343573	High	Cell_1338	1
Cell_1339	1	1	NA	3.78135179247539	-8.04668746411496	0.921957354061306	High	Cell_1339	1
Cell_134	2	1	NA	1.78610039200748	-0.0987665430032431	0.868538868962787	High	Cell_134	1
Cell_1340	2	1	NA	3.42058771514676	-0.195508648686753	0.767379523487762	Medium	Cell_1340	1
Cell_1341	1	1	NA	-9.11960960594314	-4.00716866504601	0.651117630768567	Low	Cell_1341	1
Cell_1342	2	1	NA	2.81852241593795	2.36864206949228	0.728259091032669	Medium	Cell_1342	1
Cell_1343	1	1	NA	0.526888456110843	-4.29511317013506	0.692171267233789	Medium	Cell_1343	1
Cell_1344	1	1	NA	-3.43247196093526	-3.75516101973556	0.624523427337408	Low	Cell_1344	1
Cell_1345	1	1	NA	-3.42113988013061	-4.05426213668554	0.827313372399658	Medium	Cell_1345	1
Cell_1346	1	1	NA	-4.74591688759818	-3.67666975553749	0.977661850862205	High	Cell_1346	1
Cell_1347	2	1	NA	3.70987044761969	1.89370998064041	0.645541478646919	Low	Cell_1347	1
Cell_1348	1	1	NA	-6.18314410961017	-4.10409403687032	0.825094543281011	Medium	Cell_1348	1
Cell_1349	3	1	NA	3.52881739084256	6.11318576644349	0.768179965438321	Medium	Cell_1349	1
Cell_135	2	1	NA	4.28240312031982	2.09294469173274	0.760567862889729	Medium	Cell_135	1
Cell_1350	1	1	NA	-2.04556547097982	-3.05596316471826	0.798725933302194	Medium	Cell_1350	1
Cell_1351	1	1	NA	-2.63876275003442	-3.57173469492517	0.512449134723283	Low	Cell_1351	1
Cell_1352	2	1	NA	3.80956383025084	1.09209125569959	0.502420869772322	Low	Cell_1352	1
Cell_1353	1	1	NA	-2.39855731582125	-2.66792292840747	0.565689127193764	Low	Cell_1353	1
Cell_1354	1	1	NA	-6.87998244573464	-3.67516371507805	0.512408551876433	Low	Cell_1354	1
Cell_1355	2	1	NA	3.308873480824	-0.0354812151085366	0.546064725960605	Low	Cell_1355	1
Cell_1356	3	1	NA	1.3703950598355	8.49889880799351	0.737779112067074	Medium	Cell_1356	1
Cell_1357	2	1	NA	3.81652981150926	3.3307924744655	0.598328380612656	Low	Cell_1357	1
Cell_1358	1	1	NA	0.619551092331294	-1.87710301042591	0.90733697428368	High	Cell_1358	1
Cell_1359	2	1	NA	4.36296125257419	2.93741989498737	0.622029614052735	Low	Cell_1359	1
Cell_136	3	1	NA	-1.61236656172789	9.3317066296437	0.829919224837795	Medium	Cell_136	1
Cell_1360	2	1	NA	4.24233085548115	4.64827978878351	0.744403818971477	Medium	Cell_1360	1
Cell_1361	2	1	NA	3.29983184273878	3.40124691902592	0.824441239819862	Medium	Cell_1361	1
Cell_1362	1	1	NA	0.293192814656096	-1.31999899724642	0.579358235001564	Low	Cell_1362	1
Cell_1363	3	1	NA	2.399211600905	7.86744887828217	0.918488955474459	High	Cell_1363	1
Cell_1364	2	1	NA	3.39123745354171	5.11827596060182	0.718298264895566	Medium	Cell_1364	1
Cell_1365	1	1	NA	-2.05168495024115	-0.88336834729583	0.616747762542218	Low	Cell_1365	1
Cell_1366	2	1	NA	1.88401956970571	0.69729114364172	0.649427996017039	Low	Cell_1366	1
Cell_1367	1	1	NA	-4.57581220248174	-3.68056644323021	0.579710668418556	Low	Cell_1367	1
Cell_1368	2	1	NA	1.5376070814321	0.238523058308482	0.792783552082255	Medium	Cell_1368	1
Cell_1369	1	1	NA	-0.939423373286623	-1.38279326934832	0.57438898854889	Low	Cell_1369	1
Cell_137	2	1	NA	3.51476048117893	2.91693564896389	0.910902730072848	High	Cell_137	1
Cell_1370	1	1	NA	-1.7579925545308	-0.530790358472764	0.589529779856093	Low	Cell_1370	1
Cell_1371	2	1	NA	1.82597019853448	-1.79461795745579	0.66961075249128	Medium	Cell_1371	1
Cell_1372	1	1	NA	1.89956492883556	-2.77721900124603	0.591950969421305	Low	Cell_1372	1
Cell_1373	1	1	NA	-0.649228844043291	-0.716295169811187	0.702770761097781	Medium	Cell_1373	1
Cell_1374	3	1	NA	2.09060313474628	7.81013960522689	0.806779809179716	Medium	Cell_1374	1
Cell_1375	1	1	NA	-3.46368177263844	-3.15133067221326	0.842835667193867	High	Cell_1375	1
Cell_1376	1	1	NA	1.18848020861525	-0.938066401901345	0.911762800067663	High	Cell_1376	1
Cell_1377	3	1	NA	2.13503717527055	7.86266697996443	0.686991056893021	Medium	Cell_1377	1
Cell_1378	1	1	NA	-4.69329184022783	-3.23891805175964	0.976420502294786	High	Cell_1378	1
Cell_1379	2	1	NA	4.33781743920053	3.99694506514835	0.509416079497896	Low	Cell_1379	1
Cell_138	2	1	NA	2.32383063241789	1.14988921778693	0.893140775850043	High	Cell_138	1
Cell_1380	1	1	NA	-4.7390779809925	-3.24490589652331	0.806187486159615	Medium	Cell_1380	1
Cell_1381	3	1	NA	3.43115958749475	5.85424682581365	0.731786881922744	Medium	Cell_1381	1
Cell_1382	1	1	NA	-1.44060767834706	-2.9024158429053	0.677364810253493	Medium	Cell_1382	1
Cell_1383	1	1	NA	-2.25766686612526	-3.24351216140704	0.941211514407769	High	Cell_1383	1
Cell_1384	1	1	NA	-4.94895228606265	-3.86178189345206	0.537901429226622	Low	Cell_1384	1
Cell_1385	1	1	NA	-0.434386382670836	-2.27056464924053	0.94164559582714	High	Cell_1385	1
Cell_1386	1	1	NA	-5.59674830694678	-4.62487299181976	0.594110917882062	Low	Cell_1386	1
Cell_1387	2	1	NA	3.11253673969481	0.217228429691711	0.607533373404294	Low	Cell_1387	1
Cell_1388	2	1	NA	3.26359314952751	2.8574934053615	0.934766145772301	High	Cell_1388	1
Cell_1389	1	1	NA	0.387744289076363	-2.1847714567636	0.530419028131291	Low	Cell_1389	1
Cell_139	1	1	NA	-5.15062254356591	-4.00867774959507	0.98991095868405	High	Cell_139	1
Cell_1390	2	1	NA	3.81002298392548	4.87438368908629	0.617449800367467	Low	Cell_1390	1
Cell_1391	1	1	NA	0.413716249262793	-4.25954020506156	0.996507756412029	High	Cell_1391	1
Cell_1392	3	1	NA	2.70707180247005	6.22406394460562	0.839098863885738	High	Cell_1392	1
Cell_1393	3	1	NA	0.603537022167386	8.843265762114	0.717743400251493	Medium	Cell_1393	1
Cell_1394	2	1	NA	4.19622035719342	3.07873576778616	0.68865497095976	Medium	Cell_1394	1
Cell_1395	2	1	NA	3.21821962888743	-0.452469898728261	0.730592012172565	Medium	Cell_1395	1
Cell_1396	2	1	NA	2.78681909452564	0.448178607622377	0.900925935828127	High	Cell_1396	1
Cell_1397	2	1	NA	3.70996674003279	0.517461555910907	0.831483487621881	Medium	Cell_1397	1
Cell_1398	1	1	NA	1.36036225921235	-2.35091691823422	0.73300183203537	Medium	Cell_1398	1
Cell_1399	3	1	NA	2.83275816053401	6.88315485533834	0.526629718253389	Low	Cell_1399	1
Cell_14	1	1	NA	0.982864187433973	-1.52180999786072	0.786316700978205	Medium	Cell_14	1
Cell_140	2	1	NA	1.62868983267596	0.657131923383055	0.719715768122114	Medium	Cell_140	1
Cell_1400	1	1	NA	-5.42801908114702	-4.42246782174195	0.61859895917587	Low	Cell_1400	1
Cell_1401	1	1	NA	-4.97878761812189	-3.86425582799714	0.616619868786074	Low	Cell_1401	1
Cell_1402	2	1	NA	3.24959265949677	-0.238050852181212	0.615326800383627	Low	Cell_1402	1
Cell_1403	1	1	NA	-4.20231267388227	-3.5888642279761	0.530863136984408	Low	Cell_1403	1
Cell_1404	1	1	NA	-2.6497823025138	-0.814673689457292	0.748559304629453	Medium	Cell_1404	1
Cell_1405	1	1	NA	2.58876632502095	-2.40374118182579	0.622062544338405	Low	Cell_1405	1
Cell_1406	1	1	NA	-2.19501524877986	-0.568564816950578	0.879092769464478	High	Cell_1406	1
Cell_1407	1	1	NA	-1.68811214474229	-3.46476315170298	0.773651338764466	Medium	Cell_1407	1
Cell_1408	1	1	NA	3.80885631890749	-7.93227317818729	0.974033448146656	High	Cell_1408	1
Cell_1409	2	1	NA	1.83447847460506	1.10656515105137	0.54308609617874	Low	Cell_1409	1
Cell_141	3	1	NA	-1.0038986329112	9.19357546845755	0.655851101037115	Low	Cell_141	1
Cell_1410	2	1	NA	1.42509282753886	-0.0683568427550192	0.973941292497329	High	Cell_1410	1
Cell_1411	2	1	NA	3.0839128939112	0.0966012930494295	0.861199434031732	High	Cell_1411	1
Cell_1412	1	1	NA	-1.61601395363991	-4.19454684351006	0.961002302356064	High	Cell_1412	1
Cell_1413	2	1	NA	3.4469410194572	1.92094096069134	0.806920471834019	Medium	Cell_1413	1
Cell_1414	1	1	NA	-6.60362374493085	-4.49452907403376	0.580483250669204	Low	Cell_1414	1
Cell_1415	1	1	NA	1.03334953692672	-0.888830086615436	0.59147034608759	Low	Cell_1415	1
Cell_1416	1	1	NA	0.259940942073493	-2.35880985101828	0.865091781015508	High	Cell_1416	1
Cell_1417	2	1	NA	3.99723406416711	5.10514045861089	0.794762825244106	Medium	Cell_1417	1
Cell_1418	1	1	NA	-4.85572591894129	-4.20116085152261	0.656241181306541	Low	Cell_1418	1
Cell_1419	2	1	NA	2.75009567443753	1.39273874054131	0.886397199472412	High	Cell_1419	1
Cell_142	2	1	NA	2.30679716841144	0.208993902950812	0.704737476306036	Medium	Cell_142	1
Cell_1420	3	1	NA	3.15781669230373	6.62604448864985	0.668149101082236	Medium	Cell_1420	1
Cell_1421	2	1	NA	1.6886028249938	1.29171188597014	0.927838345523924	High	Cell_1421	1
Cell_1422	1	1	NA	-0.998209175136758	-0.849312687956849	0.790264246752486	Medium	Cell_1422	1
Cell_1423	1	1	NA	-1.22034679360333	-1.21667414699525	0.707861325703561	Medium	Cell_1423	1
Cell_1424	2	1	NA	3.76703091611261	3.71321579265258	0.966286392649636	High	Cell_1424	1
Cell_1425	2	1	NA	3.1836557485375	2.66555911822613	0.73134942073375	Medium	Cell_1425	1
Cell_1426	2	1	NA	2.19050614598841	0.440851193684833	0.54967316496186	Low	Cell_1426	1
Cell_1427	2	1	NA	3.3606611376054	0.543386515605148	0.732724681613036	Medium	Cell_1427	1
Cell_1428	1	1	NA	-0.108104483327452	-1.0019638538696	0.992041928810067	High	Cell_1428	1
Cell_1429	1	1	NA	-3.05510860866042	-2.36590801154409	0.962636432959698	High	Cell_1429	1
Cell_143	3	1	NA	3.17049381998048	6.04500862875585	0.505233555915765	Low	Cell_143	1
Cell_1430	1	1	NA	-3.89075200678148	-2.82701412942658	0.717699381755665	Medium	Cell_1430	1
Cell_1431	2	1	NA	1.50062784634689	-0.867242281678507	0.934860357898287	High	Cell_1431	1
Cell_1432	1	1	NA	1.12276945067222	-3.11845074763156	0.650177085888572	Low	Cell_1432	1
Cell_1433	1	1	NA	-5.01130510102328	-3.67310502020461	0.898986315587536	High	Cell_1433	1
Cell_1434	1	1	NA	-0.986077142974859	0.541001414038947	0.900255355983973	High	Cell_1434	1
Cell_1435	2	1	NA	3.20518578783128	0.455910296773601	0.693462848081253	Medium	Cell_1435	1
Cell_1436	2	1	NA	3.53143160466499	4.66741276885864	0.69079484755639	Medium	Cell_1436	1
Cell_1437	2	1	NA	3.39295399731691	2.20245904702022	0.822757807094604	Medium	Cell_1437	1
Cell_1438	2	1	NA	3.14518627585259	0.276663959198462	0.930833727121353	High	Cell_1438	1
Cell_1439	1	1	NA	-9.02248158793641	-3.86334989291216	0.828316335449927	Medium	Cell_1439	1
Cell_144	1	1	NA	-0.789719390364604	-2.52492596410626	0.591924762004055	Low	Cell_144	1
Cell_1440	1	1	NA	-1.00665045262747	0.528881251124755	0.758163036778569	Medium	Cell_1440	1
Cell_1441	3	1	NA	3.14382785349954	7.09716245488986	0.57439079170581	Low	Cell_1441	1
Cell_1442	3	1	NA	2.46620849426698	7.75637105068999	0.806382951443084	Medium	Cell_1442	1
Cell_1443	1	1	NA	-6.27898485166307	-3.81919149069621	0.52098340948578	Low	Cell_1443	1
Cell_1444	1	1	NA	-1.38873118081819	-3.47455577115639	0.749179496313445	Medium	Cell_1444	1
Cell_1445	1	1	NA	-3.04148435116451	-2.15793240781643	0.86975411081221	High	Cell_1445	1
Cell_1446	1	1	NA	0.360097014678995	-4.16884921120044	0.876949889701791	High	Cell_1446	1
Cell_1447	1	1	NA	-0.114326079331811	-0.493018511503738	0.531546870595776	Low	Cell_1447	1
Cell_1448	3	1	NA	0.0430650208099099	8.86403819947187	0.721240966697223	Medium	Cell_1448	1
Cell_1449	2	1	NA	3.67431794196744	4.70662171112935	0.750335849588737	Medium	Cell_1449	1
Cell_145	1	1	NA	0.138186150416271	-1.84970538893038	0.921364659443498	High	Cell_145	1
Cell_1450	2	1	NA	3.6533571448086	2.34778298958849	0.635121550178155	Low	Cell_1450	1
Cell_1451	1	1	NA	-4.91046582851024	-3.87969235059292	0.799401074531488	Medium	Cell_1451	1
Cell_1452	2	1	NA	2.93792822887465	2.47913945864702	0.867918813135475	High	Cell_1452	1
Cell_1453	2	1	NA	2.91183744651651	0.717672259441656	0.856788905919529	High	Cell_1453	1
Cell_1454	1	1	NA	-3.42228459286484	-3.15636021036801	0.55824646842666	Low	Cell_1454	1
Cell_1455	3	1	NA	0.500998913215033	8.83068995350416	0.78756030916702	Medium	Cell_1455	1
Cell_1456	2	1	NA	1.87761037667813	-0.540178489197438	0.899065993609838	High	Cell_1456	1
Cell_1457	1	1	NA	3.7793497648904	-8.0290898756358	0.615911898319609	Low	Cell_1457	1
Cell_1458	1	1	NA	0.566196499058566	-4.24177501374218	0.862427912768908	High	Cell_1458	1
Cell_1459	1	1	NA	-0.295380743391177	-0.857347272055828	0.919011598918587	High	Cell_1459	1
Cell_146	2	1	NA	3.75925537760582	5.12535459662811	0.615580891026184	Low	Cell_146	1
Cell_1460	1	1	NA	-3.62749318764041	-2.18355911436166	0.559419285389595	Low	Cell_1460	1
Cell_1461	2	1	NA	3.65319379317595	5.60876739144524	0.979475198313594	High	Cell_1461	1
Cell_1462	1	1	NA	3.79845261981978	-7.74509548508269	0.873882292187773	High	Cell_1462	1
Cell_1463	1	1	NA	-3.69846930807751	-3.04232158007139	0.905444739386439	High	Cell_1463	1
Cell_1464	1	1	NA	-5.33068348765193	-3.97234241472366	0.59495886170771	Low	Cell_1464	1
Cell_1465	1	1	NA	-3.50321886429605	-2.48936983658253	0.512984388740733	Low	Cell_1465	1
Cell_1466	2	1	NA	2.63276513686671	-0.738586271160302	0.931891146115959	High	Cell_1466	1
Cell_1467	3	1	NA	0.72328044043441	8.86574137759427	0.959589932695962	High	Cell_1467	1
Cell_1468	1	1	NA	-8.7383414413812	-3.67172548649499	0.568813993944786	Low	Cell_1468	1
Cell_1469	1	1	NA	-3.42041641379833	-3.82424506515583	0.738824310945347	Medium	Cell_1469	1
Cell_147	1	1	NA	-2.78265396637424	-3.26049826361769	0.619549977825955	Low	Cell_147	1
Cell_1470	2	1	NA	1.72147770967715	-0.909503171874826	0.731480750138871	Medium	Cell_1470	1
Cell_1471	1	1	NA	-5.0333696873137	-3.98206238206022	0.850089305546135	High	Cell_1471	1
Cell_1472	2	1	NA	2.41392897148258	0.587687986487273	0.53278745058924	Low	Cell_1472	1
Cell_1473	2	1	NA	3.81178068586884	3.03596128464212	0.866519996663556	High	Cell_1473	1
Cell_1474	1	1	NA	-2.10405947890716	-1.89011301696957	0.697965795174241	Medium	Cell_1474	1
Cell_1475	2	1	NA	2.38726423384544	-0.50289491039733	0.730743922409602	Medium	Cell_1475	1
Cell_1476	2	1	NA	3.41085870246039	1.10543231295273	0.862649681628682	High	Cell_1476	1
Cell_1477	1	1	NA	-7.61689531199217	-4.2565458467143	0.735001323511824	Medium	Cell_1477	1
Cell_1478	3	1	NA	2.02515890565621	8.12450826670214	0.99976198875811	High	Cell_1478	1
Cell_1479	1	1	NA	-1.8570258258941	-0.069041346896651	0.92296789586544	High	Cell_1479	1
Cell_148	2	1	NA	3.76534070942027	4.51955112719733	0.538345582666807	Low	Cell_148	1
Cell_1480	1	1	NA	1.81634826850978	-2.73104593712423	0.914103651884943	High	Cell_1480	1
Cell_1481	1	1	NA	-3.05856184765071	-2.08431573668285	0.880822172155604	High	Cell_1481	1
Cell_1482	1	1	NA	-0.868022671728004	-1.91867854740702	0.556053245905787	Low	Cell_1482	1
Cell_1483	3	1	NA	-0.829109384479173	9.16899641944053	0.919488509651273	High	Cell_1483	1
Cell_1484	1	1	NA	-4.79312875107744	-3.20535298787068	0.906925262068398	High	Cell_1484	1
Cell_1485	1	1	NA	4.25030773182858	0.0685198590802626	0.995706097106449	High	Cell_1485	1
Cell_1486	3	1	NA	-1.66462369142203	9.32935135331722	0.524157262407243	Low	Cell_1486	1
Cell_1487	1	1	NA	-7.16762108817828	-3.76786389045244	0.873393956222571	High	Cell_1487	1
Cell_1488	1	1	NA	-1.61739101739325	-3.17956943115502	0.709656760795042	Medium	Cell_1488	1
Cell_1489	1	1	NA	-6.07765038948575	-4.61698053416634	0.791071948595345	Medium	Cell_1489	1
Cell_149	2	1	NA	2.83773571980836	1.07464533528095	0.622861839015968	Low	Cell_149	1
Cell_1490	1	1	NA	0.522317476213203	-1.44960023384174	0.915367031120695	High	Cell_1490	1
Cell_1491	1	1	NA	-5.00746152142131	-3.30075088271758	0.506765313679352	Low	Cell_1491	1
Cell_1492	1	1	NA	-2.23681030935058	-0.699075128223207	0.505760881584138	Low	Cell_1492	1
Cell_1493	1	1	NA	-2.82784236300753	-2.66538863992715	0.998222853639163	High	Cell_1493	1
Cell_1494	1	1	NA	-4.94302277496581	-3.63698671944161	0.88284483354073	High	Cell_1494	1
Cell_1495	3	1	NA	3.08784112121418	6.22727371573771	0.657331305323169	Low	Cell_1495	1
Cell_1496	2	1	NA	3.85620849275249	0.789837613960049	0.906005872180685	High	Cell_1496	1
Cell_1497	1	1	NA	-2.04184269503468	-2.54091085554239	0.995609608711675	High	Cell_1497	1
Cell_1498	1	1	NA	4.25721617942489	0.0551262056163951	0.600379796465859	Low	Cell_1498	1
Cell_1499	2	1	NA	3.72467616500182	3.83590692972772	0.823018610128202	Medium	Cell_1499	1
Cell_15	1	1	NA	-4.72075559431293	-4.46440389694524	0.551462341332808	Low	Cell_15	1
Cell_150	3	1	NA	2.79316648924171	6.38420005560822	0.866067602764815	High	Cell_150	1
Cell_1500	1	1	NA	-8.83957578006181	-3.69562370896426	0.718775364453904	Medium	Cell_1500	1
Cell_1501	2	1	NA	3.39633916491456	5.00808346295776	0.969014130765572	High	Cell_1501	1
Cell_1502	2	1	NA	3.9692705805845	4.5126722156265	0.99400165269617	High	Cell_1502	1
Cell_1503	1	1	NA	2.02956776668873	-2.9381805938836	0.728159780497663	Medium	Cell_1503	1
Cell_1504	1	1	NA	-2.62788804641863	-2.85205120715401	0.615307471598499	Low	Cell_1504	1
Cell_1505	1	1	NA	0.316451469042931	-3.2547601186451	0.847744634258561	High	Cell_1505	1
Cell_1506	1	1	NA	-0.962714644824618	-2.61126265476053	0.778316172305495	Medium	Cell_1506	1
Cell_1507	1	1	NA	-0.260164705901766	-1.62810381658422	0.792355044744909	Medium	Cell_1507	1
Cell_1508	3	1	NA	-1.62322910564678	9.33460465489841	0.71681562345475	Medium	Cell_1508	1
Cell_1509	2	1	NA	3.13049323278181	2.40818251381018	0.713087526382878	Medium	Cell_1509	1
Cell_151	2	1	NA	3.3219666448651	1.20133424132521	0.923726582550444	High	Cell_151	1
Cell_1510	3	1	NA	2.03881741892251	8.03015135213501	0.798427197732963	Medium	Cell_1510	1
Cell_1511	2	1	NA	2.92547179638196	0.00839259782842894	0.726042792433873	Medium	Cell_1511	1
Cell_1512	2	1	NA	3.32312041504409	3.08781712143725	0.978304329328239	High	Cell_1512	1
Cell_1513	1	1	NA	0.478369335997232	-1.98645278047967	0.922215175000019	High	Cell_1513	1
Cell_1514	2	1	NA	1.51936384847341	0.382110775397846	0.611384301329963	Low	Cell_1514	1
Cell_1515	3	1	NA	0.0475631030872221	9.00518842985218	0.710085088503547	Medium	Cell_1515	1
Cell_1516	2	1	NA	3.51552703518322	3.64328897309952	0.709991467767395	Medium	Cell_1516	1
Cell_1517	3	1	NA	1.08714089469987	8.69486876709545	0.510395424440503	Low	Cell_1517	1
Cell_1518	3	1	NA	3.50009556502357	5.67716414023432	0.690223984769545	Medium	Cell_1518	1
Cell_1519	3	1	NA	2.87285112364681	6.67216162142024	0.711174213793129	Medium	Cell_1519	1
Cell_152	2	1	NA	1.26920744933611	0.0358521061396091	0.748763633542694	Medium	Cell_152	1
Cell_1520	1	1	NA	-7.74086432850361	-4.55699132578866	0.595713031711057	Low	Cell_1520	1
Cell_1521	1	1	NA	-5.31558742808071	-4.1203924915915	0.852664640871808	High	Cell_1521	1
Cell_1522	3	1	NA	2.27763903633502	7.9156215686211	0.506760237622075	Low	Cell_1522	1
Cell_1523	1	1	NA	0.776576497169164	-1.94545316669091	0.865601552883163	High	Cell_1523	1
Cell_1524	2	1	NA	3.11988356434283	2.76847147633027	0.716362048988231	Medium	Cell_1524	1
Cell_1525	1	1	NA	-1.01789049426253	-3.35805787062283	0.865620046504773	High	Cell_1525	1
Cell_1526	2	1	NA	2.1155274240268	-1.56137683267686	0.506970776244998	Low	Cell_1526	1
Cell_1527	1	1	NA	-1.50608018082361	-2.22252611319771	0.522656654240564	Low	Cell_1527	1
Cell_1528	1	1	NA	0.66048262572548	-1.3710445903476	0.709207188221626	Medium	Cell_1528	1
Cell_1529	1	1	NA	-2.96742738909261	-2.98003193865044	0.821920001064427	Medium	Cell_1529	1
Cell_153	2	1	NA	3.336410026582	5.35997597444892	0.693954514921643	Medium	Cell_153	1
Cell_1530	1	1	NA	-6.79933181858382	-4.08360583480173	0.609896892798133	Low	Cell_1530	1
Cell_1531	1	1	NA	-3.1704512584081	-3.90386292478709	0.916721326415427	High	Cell_1531	1
Cell_1532	2	1	NA	4.60251093728701	2.36376630875212	0.847383656771854	High	Cell_1532	1
Cell_1533	1	1	NA	1.21136054643534	-2.01359805135231	0.949562242603861	High	Cell_1533	1
Cell_1534	1	1	NA	-2.31984861256703	-3.19787767546572	0.707120142644271	Medium	Cell_1534	1
Cell_1535	2	1	NA	3.84006542580573	4.83945341134775	0.705502351629548	Medium	Cell_1535	1
Cell_1536	1	1	NA	-0.293691177551104	0.110755055452052	0.625007494702004	Low	Cell_1536	1
Cell_1537	1	1	NA	-9.30045317041995	-4.24573029655159	0.686883519520052	Medium	Cell_1537	1
Cell_1538	2	1	NA	3.25363106004639	0.797150278197703	0.615946366335265	Low	Cell_1538	1
Cell_1539	1	1	NA	-6.21442992759465	-4.5250540747187	0.965801582322456	High	Cell_1539	1
Cell_154	1	1	NA	-1.64108608377713	-4.42489754169032	0.623224497074261	Low	Cell_154	1
Cell_1540	2	1	NA	4.34129334688152	5.02071051551764	0.73817237757612	Medium	Cell_1540	1
Cell_1541	1	1	NA	-5.27565373918929	-4.00641953869302	0.523832501494326	Low	Cell_1541	1
Cell_1542	2	1	NA	2.5482600643547	0.326072012830199	0.886765528004616	High	Cell_1542	1
Cell_1543	1	1	NA	0.168777467234486	-0.132417737708033	0.665558664710261	Low	Cell_1543	1
Cell_1544	1	1	NA	-5.58161962773221	-3.3571750402016	0.77643823530525	Medium	Cell_1544	1
Cell_1545	1	1	NA	-2.25811590248208	-0.755753335476849	0.838165264460258	High	Cell_1545	1
Cell_1546	1	1	NA	-3.85740034427494	-2.35704328086004	0.638667185441591	Low	Cell_1546	1
Cell_1547	3	1	NA	3.42477288078574	5.69656479156461	0.52642783918418	Low	Cell_1547	1
Cell_1548	2	1	NA	4.1274639863837	3.72139128034439	0.712879291852005	Medium	Cell_1548	1
Cell_1549	1	1	NA	-2.31334433340648	-0.648446453718429	0.805059241014533	Medium	Cell_1549	1
Cell_155	1	1	NA	0.97357721469049	-2.97312079574693	0.555548230651766	Low	Cell_155	1
Cell_1550	3	1	NA	-1.81887980943873	9.37548261303066	0.988023017533123	High	Cell_1550	1
Cell_1551	1	1	NA	-2.42320404829713	-3.88617079897241	0.984900060109794	High	Cell_1551	1
Cell_1552	1	1	NA	0.760801050660288	-0.561490017474595	0.544242278672755	Low	Cell_1552	1
Cell_1553	1	1	NA	-2.6985492269297	-2.66376343685044	0.749190018628724	Medium	Cell_1553	1
Cell_1554	1	1	NA	1.12067292317937	-0.950759446766357	0.697844683891162	Medium	Cell_1554	1
Cell_1555	1	1	NA	-2.35409602211656	-3.65504676493276	0.695165964541957	Medium	Cell_1555	1
Cell_1556	3	1	NA	2.81906776071126	6.67955941694211	0.659249745425768	Low	Cell_1556	1
Cell_1557	3	1	NA	-0.600797292765508	9.14563140298313	0.841287527116947	High	Cell_1557	1
Cell_1558	1	1	NA	1.21767199195466	-0.970854317948554	0.642307453788817	Low	Cell_1558	1
Cell_1559	1	1	NA	-8.36599247638323	-3.68293689020303	0.69504735711962	Medium	Cell_1559	1
Cell_156	2	1	NA	1.89028932082859	-1.6267344316901	0.694997217622586	Medium	Cell_156	1
Cell_1560	1	1	NA	-4.74950761449826	-3.01004383603663	0.995084280148149	High	Cell_1560	1
Cell_1561	3	1	NA	0.575393491228106	8.9161493854922	0.896002865745686	High	Cell_1561	1
Cell_1562	2	1	NA	3.82718423452789	3.78001974188409	0.656202575773932	Low	Cell_1562	1
Cell_1563	2	1	NA	2.95771146961863	2.2672981472255	0.908558865194209	High	Cell_1563	1
Cell_1564	2	1	NA	3.61947513667347	1.31062435914469	0.61045488610398	Low	Cell_1564	1
Cell_1565	1	1	NA	-6.51099264423381	-4.32030486704338	0.750536910141818	Medium	Cell_1565	1
Cell_1566	1	1	NA	-6.28135104892068	-4.509059840598	0.583486148156226	Low	Cell_1566	1
Cell_1567	2	1	NA	2.96064600960397	1.02533511046154	0.559829597244971	Low	Cell_1567	1
Cell_1568	3	1	NA	-1.3443883022755	9.28130731767743	0.948804983869195	High	Cell_1568	1
Cell_1569	2	1	NA	3.39924339393701	2.51460074650744	0.546857439330779	Low	Cell_1569	1
Cell_157	3	1	NA	3.43992630833216	5.76598160645564	0.785967656993307	Medium	Cell_157	1
Cell_1570	2	1	NA	3.37353671986801	0.602275924453155	0.932529278332368	High	Cell_1570	1
Cell_1571	2	1	NA	4.25019827323355	3.38944979991451	0.638295731856488	Low	Cell_1571	1
Cell_1572	1	1	NA	-2.69918606195455	-2.8887376540628	0.513641846366227	Low	Cell_1572	1
Cell_1573	2	1	NA	2.39343842145841	0.301460336074325	0.893692481680773	High	Cell_1573	1
Cell_1574	1	1	NA	0.364098645833539	-2.35839372635916	0.679330149898306	Medium	Cell_1574	1
Cell_1575	3	1	NA	2.77860337113366	7.5462304676994	0.512551482883282	Low	Cell_1575	1
Cell_1576	2	1	NA	3.71035559891061	4.7875043340404	0.873046798980795	High	Cell_1576	1
Cell_1577	1	1	NA	-6.34504634173161	-4.12774404951332	0.514812788576819	Low	Cell_1577	1
Cell_1578	1	1	NA	-5.74217383249325	-4.24773030733769	0.716932415496558	Medium	Cell_1578	1
Cell_1579	1	1	NA	0.504223991847206	-2.44615396784747	0.628313416498713	Low	Cell_1579	1
Cell_158	2	1	NA	4.20171759641387	3.78078032845087	0.608446381404065	Low	Cell_158	1
Cell_1580	1	1	NA	-1.50930443730017	-0.150005435752017	0.749007610487752	Medium	Cell_1580	1
Cell_1581	1	1	NA	0.527327342802948	-2.55285535373391	0.826677615288645	Medium	Cell_1581	1
Cell_1582	1	1	NA	0.469679649220677	-2.46160926192027	0.541828442830592	Low	Cell_1582	1
Cell_1583	2	1	NA	3.83562179785454	5.08395225093855	0.590236230869778	Low	Cell_1583	1
Cell_1584	3	1	NA	2.80466423226795	6.91492966197035	0.552231250796467	Low	Cell_1584	1
Cell_1585	1	1	NA	-0.873274007895581	-4.71263641212101	0.906196491909213	High	Cell_1585	1
Cell_1586	1	1	NA	-2.74041719951613	-3.68806817249706	0.81375122081954	Medium	Cell_1586	1
Cell_1587	2	1	NA	4.24223247977977	4.93539027122299	0.815286242985167	Medium	Cell_1587	1
Cell_1588	2	1	NA	2.01363181487954	-1.34041637929145	0.695444925106131	Medium	Cell_1588	1
Cell_1589	1	1	NA	2.91380202385037	-2.96948579512896	0.716126786894165	Medium	Cell_1589	1
Cell_159	1	1	NA	-5.79697442739789	-4.70523724863216	0.72238400101196	Medium	Cell_159	1
Cell_1590	3	1	NA	0.060476341489242	9.00653649670292	0.674317001132295	Medium	Cell_1590	1
Cell_1591	3	1	NA	2.94830134395447	6.05151039513794	0.896778879337944	High	Cell_1591	1
Cell_1592	1	1	NA	-3.78437097546314	-2.8858054152339	0.943468056037091	High	Cell_1592	1
Cell_1593	2	1	NA	2.30123455479802	0.286039070479837	0.825563543359749	Medium	Cell_1593	1
Cell_1594	2	1	NA	1.57380655665099	0.179969044160008	0.796431632130407	Medium	Cell_1594	1
Cell_1595	2	1	NA	1.94033047681248	0.319397056515178	0.663911046925932	Low	Cell_1595	1
Cell_1596	2	1	NA	3.84181488406989	3.79409577676474	0.537844683974981	Low	Cell_1596	1
Cell_1597	2	1	NA	1.56594590945799	-0.998495514645453	0.795693621039391	Medium	Cell_1597	1
Cell_1598	1	1	NA	-3.80488160327524	-3.39074244854194	0.589168381760828	Low	Cell_1598	1
Cell_1599	2	1	NA	5.19451062395771	3.49133890133619	0.870675062062219	High	Cell_1599	1
Cell_16	2	1	NA	4.34850295833429	3.12060664999867	0.949912485200912	High	Cell_16	1
Cell_160	2	1	NA	3.86565518229606	3.16468175386571	0.60899533436168	Low	Cell_160	1
Cell_1600	1	1	NA	-0.089055628985004	-2.63804596545662	0.646938104066066	Low	Cell_1600	1
Cell_1601	1	1	NA	0.25171140842978	0.565667054135351	0.819592905347236	Medium	Cell_1601	1
Cell_1602	2	1	NA	2.09410103424863	0.187339303681994	0.562411198625341	Low	Cell_1602	1
Cell_1603	1	1	NA	-1.67707006910618	-1.29198216288534	0.627632891875692	Low	Cell_1603	1
Cell_1604	2	1	NA	3.42433775929148	0.671778292658613	0.910287343664095	High	Cell_1604	1
Cell_1605	2	1	NA	3.64794184984798	3.00396302915518	0.901890196488239	High	Cell_1605	1
Cell_1606	1	1	NA	-3.92588370264649	-3.20818037001455	0.522917315363884	Low	Cell_1606	1
Cell_1607	2	1	NA	3.40536509344323	1.85333665972474	0.937765860930085	High	Cell_1607	1
Cell_1608	1	1	NA	0.125747540813845	-1.8096819631872	0.564004544983618	Low	Cell_1608	1
Cell_1609	2	1	NA	3.94506706300657	3.24517728308181	0.804415701772086	Medium	Cell_1609	1
Cell_161	1	1	NA	-0.612461575190147	-2.53471927786094	0.751149781630374	Medium	Cell_161	1
Cell_1610	1	1	NA	0.572264356191293	-1.8715873438658	0.734783436637372	Medium	Cell_1610	1
Cell_1611	2	1	NA	3.7402915184338	4.51506279864141	0.778645542799495	Medium	Cell_1611	1
Cell_1612	1	1	NA	-4.70569991158203	-4.04332085765795	0.865196392289363	High	Cell_1612	1
Cell_1613	1	1	NA	-0.918471226905095	-0.97704440392574	0.734929344384	Medium	Cell_1613	1
Cell_1614	1	1	NA	-8.83379060511279	-4.11146116785801	0.994305029511452	High	Cell_1614	1
Cell_1615	2	1	NA	3.50501415425581	1.61646860740147	0.992334192269482	High	Cell_1615	1
Cell_1616	1	1	NA	-2.55387620659572	-0.771393308728309	0.696642340510152	Medium	Cell_1616	1
Cell_1617	1	1	NA	-6.44293998199874	-3.98036162126664	0.804423568770289	Medium	Cell_1617	1
Cell_1618	3	1	NA	3.56268281189583	5.88427921235507	0.672741865040734	Medium	Cell_1618	1
Cell_1619	1	1	NA	-1.1077795402613	-4.85697354533863	0.718556281062774	Medium	Cell_1619	1
Cell_162	1	1	NA	-0.364710060174152	-2.5182092691926	0.676952285924926	Medium	Cell_162	1
Cell_1620	1	1	NA	0.698793726455188	-2.55101256717773	0.61456598166842	Low	Cell_1620	1
Cell_1621	1	1	NA	-8.28820182174937	-3.72871625514564	0.503036124049686	Low	Cell_1621	1
Cell_1622	1	1	NA	-1.14887223485385	-1.61300867467442	0.511938444105908	Low	Cell_1622	1
Cell_1623	2	1	NA	3.60417999613763	-0.0752706221979952	0.529379214160144	Low	Cell_1623	1
Cell_1624	2	1	NA	3.47794668026533	-0.204571700361256	0.882287822547369	High	Cell_1624	1
Cell_1625	2	1	NA	3.08679505503682	2.63406115852097	0.734522002749145	Medium	Cell_1625	1
Cell_1626	1	1	NA	-1.23777352389788	-1.63283662178999	0.925415940117091	High	Cell_1626	1
Cell_1627	3	1	NA	3.3033535784421	6.46677748692844	0.790859695291147	Medium	Cell_1627	1
Cell_1628	1	1	NA	0.241305225320291	-0.0144226699814979	0.593444131198339	Low	Cell_1628	1
Cell_1629	3	1	NA	2.70844996435424	7.02397715681559	0.804530489258468	Medium	Cell_1629	1
Cell_163	1	1	NA	0.464339113717267	-1.98397576896335	0.82499257940799	Medium	Cell_163	1
Cell_1630	1	1	NA	0.955457947119362	-3.1231843621232	0.946670866571367	High	Cell_1630	1
Cell_1631	1	1	NA	-4.3467776417177	-4.11036201295452	0.897160582942888	High	Cell_1631	1
Cell_1632	2	1	NA	3.90574170000977	3.23151717666023	0.752046416979283	Medium	Cell_1632	1
Cell_1633	2	1	NA	2.96524132496171	0.645931063950842	0.711514136870392	Medium	Cell_1633	1
Cell_1634	2	1	NA	3.36128939465052	4.70372101949242	0.827190643874928	Medium	Cell_1634	1
Cell_1635	1	1	NA	-0.96601277397307	-1.68654517275444	0.94386925722938	High	Cell_1635	1
Cell_1636	1	1	NA	1.42359476614721	-1.30476749722757	0.946008235565387	High	Cell_1636	1
Cell_1637	1	1	NA	0.365443273382388	-2.57142471855007	0.589195268927142	Low	Cell_1637	1
Cell_1638	1	1	NA	0.567284036524094	-0.435541067743325	0.628751212381758	Low	Cell_1638	1
Cell_1639	1	1	NA	2.50213030637256	-3.10559386632436	0.556719252374023	Low	Cell_1639	1
Cell_164	2	1	NA	1.6175656204032	-1.21562711027398	0.687356978305615	Medium	Cell_164	1
Cell_1640	1	1	NA	-9.03785969408534	-4.14102672408891	0.898579479311593	High	Cell_1640	1
Cell_1641	2	1	NA	2.27773993194601	-0.244346512086444	0.554769244394265	Low	Cell_1641	1
Cell_1642	2	1	NA	2.88599091395237	2.47141983968417	0.914535847376101	High	Cell_1642	1
Cell_1643	2	1	NA	2.04576328941465	-1.01733138832247	0.885523148463108	High	Cell_1643	1
Cell_1644	1	1	NA	0.677161789167407	-1.4932605593626	0.971844702260569	High	Cell_1644	1
Cell_1645	2	1	NA	1.79124806086401	0.815298198528956	0.733478796784766	Medium	Cell_1645	1
Cell_1646	2	1	NA	3.43325444495521	3.05947519060456	0.969927823753096	High	Cell_1646	1
Cell_1647	1	1	NA	-5.38694893034837	-3.69990015685818	0.89259147120174	High	Cell_1647	1
Cell_1648	1	1	NA	-0.546398507847924	-3.39805604604011	0.937303937505931	High	Cell_1648	1
Cell_1649	1	1	NA	-1.04480303869778	-2.66230201343776	0.697231326717883	Medium	Cell_1649	1
Cell_165	2	1	NA	3.54099773020331	0.649795284831976	0.677722690394148	Medium	Cell_165	1
Cell_1650	1	1	NA	-8.33641223294399	-4.29919063738125	0.54984958039131	Low	Cell_1650	1
Cell_1651	1	1	NA	-6.4489632573845	-3.76362950773599	0.638480710214935	Low	Cell_1651	1
Cell_1652	1	1	NA	-1.24103371620572	-2.13054075537928	0.861111025558785	High	Cell_1652	1
Cell_1653	2	1	NA	2.78332002040655	0.130031449497384	0.678152589709498	Medium	Cell_1653	1
Cell_1654	3	1	NA	2.64790865962798	6.14260572737101	0.691355941700749	Medium	Cell_1654	1
Cell_1655	2	1	NA	3.2891990592557	2.08358376944701	0.515984325436875	Low	Cell_1655	1
Cell_1656	3	1	NA	1.19138778066766	8.67135412644989	0.760722643462941	Medium	Cell_1656	1
Cell_1657	1	1	NA	0.584300110308837	-0.505642893372687	0.560538955149241	Low	Cell_1657	1
Cell_1658	2	1	NA	3.95365910070217	1.66508357576092	0.942592088249512	High	Cell_1658	1
Cell_1659	1	1	NA	-2.95948710060365	-2.61112334739873	0.537323149503209	Low	Cell_1659	1
Cell_166	2	1	NA	2.04887232555825	0.0293304182117429	0.766843972727656	Medium	Cell_166	1
Cell_1660	1	1	NA	0.701941394096347	-2.85996228539444	0.892113973386586	High	Cell_1660	1
Cell_1661	1	1	NA	-4.08585884506374	-3.31026292023401	0.927066151285544	High	Cell_1661	1
Cell_1662	1	1	NA	-5.11142337572831	-3.80858706319908	0.518589085317217	Low	Cell_1662	1
Cell_1663	1	1	NA	1.04120589212963	-3.21272523662277	0.637571754748933	Low	Cell_1663	1
Cell_1664	2	1	NA	1.60837946785689	-1.60220421287713	0.821034974534996	Medium	Cell_1664	1
Cell_1665	1	1	NA	4.23731214808726	0.243009602855492	0.892539179767482	High	Cell_1665	1
Cell_1666	1	1	NA	-2.27237349303757	-3.53964758052679	0.700031355954707	Medium	Cell_1666	1
Cell_1667	2	1	NA	3.39897199481833	2.24232115950444	0.967651164857671	High	Cell_1667	1
Cell_1668	1	1	NA	-4.64237611926747	-3.20157580370399	0.695258485386148	Medium	Cell_1668	1
Cell_1669	3	1	NA	1.83519139967387	8.1837303919504	0.71197965356987	Medium	Cell_1669	1
Cell_167	2	1	NA	4.35936819527277	3.0488432257046	0.870167180197313	High	Cell_167	1
Cell_1670	1	1	NA	0.385464611343389	-0.514532440164583	0.643210850539617	Low	Cell_1670	1
Cell_1671	1	1	NA	0.403453809253827	-2.14783003285806	0.805874204263091	Medium	Cell_1671	1
Cell_1672	1	1	NA	-1.83573703014406	-0.448028890060915	0.779406369314529	Medium	Cell_1672	1
Cell_1673	1	1	NA	-3.06029908910652	-2.8742093070493	0.519983567530289	Low	Cell_1673	1
Cell_1674	2	1	NA	3.78126258675182	4.01112813425568	0.872640973422676	High	Cell_1674	1
Cell_1675	1	1	NA	-2.4961743803725	-2.54768699541252	0.603243710356764	Low	Cell_1675	1
Cell_1676	3	1	NA	2.60257717234287	7.86168809365774	0.828247982542962	Medium	Cell_1676	1
Cell_1677	1	1	NA	-7.25903948502426	-4.51471701600607	0.761207335628569	Medium	Cell_1677	1
Cell_1678	3	1	NA	3.28538274018492	6.88510652953625	0.816718292422593	Medium	Cell_1678	1
Cell_1679	3	1	NA	3.4283580347716	6.9091643468	0.80878156691324	Medium	Cell_1679	1
Cell_168	1	1	NA	-2.80348507144427	-3.20903863253838	0.610551468911581	Low	Cell_168	1
Cell_1680	2	1	NA	3.66022450744139	1.58009005453855	0.642447773716412	Low	Cell_1680	1
Cell_1681	1	1	NA	-2.39024178618022	-2.38767214218469	0.611903611221351	Low	Cell_1681	1
Cell_1682	1	1	NA	-0.0798711862853723	-1.41347264496496	0.769509677658789	Medium	Cell_1682	1
Cell_1683	3	1	NA	2.37082115320635	7.42962089773004	0.998185988632031	High	Cell_1683	1
Cell_1684	1	1	NA	-0.0909622089370123	-2.40339703426346	0.664458268438466	Low	Cell_1684	1
Cell_1685	1	1	NA	1.34560928796366	-1.5859751294135	0.661668044165708	Low	Cell_1685	1
Cell_1686	1	1	NA	-0.70740644654171	-1.8423110155382	0.517661758931354	Low	Cell_1686	1
Cell_1687	1	1	NA	-4.47039044805743	-3.36277172409233	0.762805926264264	Medium	Cell_1687	1
Cell_1688	2	1	NA	3.74221344021314	1.20629053171086	0.798403457505628	Medium	Cell_1688	1
Cell_1689	2	1	NA	3.34509548493517	2.50690543375075	0.871043329592794	High	Cell_1689	1
Cell_169	2	1	NA	3.98982141438067	2.77977106404029	0.706373059307225	Medium	Cell_169	1
Cell_1690	2	1	NA	4.17014078959359	3.83252188470458	0.976418564794585	High	Cell_1690	1
Cell_1691	1	1	NA	-7.11026581671745	-4.11382970940479	0.74481061892584	Medium	Cell_1691	1
Cell_1692	1	1	NA	-2.76502502763473	-2.00742100380657	0.541643672739156	Low	Cell_1692	1
Cell_1693	1	1	NA	0.648596355768172	-3.01748337093278	0.629963999497704	Low	Cell_1693	1
Cell_1694	1	1	NA	-2.46416421493578	-3.62756469653134	0.93742331280373	High	Cell_1694	1
Cell_1695	3	1	NA	3.59376473097513	6.20994783598627	0.926029568188824	High	Cell_1695	1
Cell_1696	1	1	NA	0.498943361183911	-2.4456474176827	0.921452332288027	High	Cell_1696	1
Cell_1697	1	1	NA	-0.218635187864942	-2.74933051777605	0.973451837315224	High	Cell_1697	1
Cell_1698	1	1	NA	-0.825612709280951	-0.850488190851411	0.826340817380697	Medium	Cell_1698	1
Cell_1699	3	1	NA	2.0084437619746	7.7958611606155	0.744077782612294	Medium	Cell_1699	1
Cell_17	1	1	NA	-6.15053761245314	-4.4553851393576	0.62304386717733	Low	Cell_17	1
Cell_170	1	1	NA	-1.31970202326922	-2.63861395138275	0.632843343424611	Low	Cell_170	1
Cell_1700	1	1	NA	-3.05746425274993	-2.97615839946057	0.593878350337036	Low	Cell_1700	1
Cell_1701	3	1	NA	1.70652216999131	8.12624050744386	0.856516530388035	High	Cell_1701	1
Cell_1702	1	1	NA	-1.61806872140288	-3.28212720923723	0.54253498534672	Low	Cell_1702	1
Cell_1703	1	1	NA	-1.27841990755733	-2.4051011115906	0.730599702801555	Medium	Cell_1703	1
Cell_1704	1	1	NA	1.11387543526622	-2.4281163546131	0.967953653307632	High	Cell_1704	1
Cell_1705	1	1	NA	0.571057118767454	-3.15500025187907	0.922646833932959	High	Cell_1705	1
Cell_1706	1	1	NA	-4.68169541275385	-3.16889326130156	0.858093358459882	High	Cell_1706	1
Cell_1707	2	1	NA	2.00678559118963	1.14756748563264	0.561903174151666	Low	Cell_1707	1
Cell_1708	1	1	NA	2.63059390282219	-2.35851675917527	0.797413730644621	Medium	Cell_1708	1
Cell_1709	3	1	NA	2.8530282145164	5.96071348646033	0.994926400715485	High	Cell_1709	1
Cell_171	3	1	NA	2.61956228350679	7.46133244150882	0.814986526733264	Medium	Cell_171	1
Cell_1710	1	1	NA	-4.73528450594271	-4.29995490271366	0.8077042439254	Medium	Cell_1710	1
Cell_1711	2	1	NA	1.7340371673614	-0.919711239392832	0.636538833496161	Low	Cell_1711	1
Cell_1712	2	1	NA	3.32455926150526	-0.533170270309368	0.531853421591222	Low	Cell_1712	1
Cell_1713	1	1	NA	1.4606302602158	-1.56357201931855	0.536151637788862	Low	Cell_1713	1
Cell_1714	2	1	NA	1.91867080857369	1.47556728017034	0.936755607021041	High	Cell_1714	1
Cell_1715	3	1	NA	1.07336997271761	8.68905601614782	0.681412498350255	Medium	Cell_1715	1
Cell_1716	1	1	NA	-5.42429090196935	-4.41363873235948	0.972811074578203	High	Cell_1716	1
Cell_1717	1	1	NA	-1.72408005178575	-3.195177860599	0.779159469995648	Medium	Cell_1717	1
Cell_1718	2	1	NA	3.27175875975428	0.564886857216682	0.756330575444736	Medium	Cell_1718	1
Cell_1719	2	1	NA	1.46664261786592	-0.474620470081293	0.97388583177235	High	Cell_1719	1
Cell_172	1	1	NA	-4.61259155683583	-3.58670880361238	0.591914245393127	Low	Cell_172	1
Cell_1720	2	1	NA	3.10272803232718	2.07455380396633	0.554900797782466	Low	Cell_1720	1
Cell_1721	3	1	NA	2.95608159331932	7.01524408078411	0.909453775268048	High	Cell_1721	1
Cell_1722	1	1	NA	-2.73227337936849	-3.62875372003662	0.688671053387225	Medium	Cell_1722	1
Cell_1723	3	1	NA	3.14984750872468	5.92679140366287	0.778320523910224	Medium	Cell_1723	1
Cell_1724	2	1	NA	3.1750533923151	1.59107161575907	0.656935593346134	Low	Cell_1724	1
Cell_1725	2	1	NA	3.41490691328011	3.34985901978051	0.541171440156177	Low	Cell_1725	1
Cell_1726	3	1	NA	-0.525732508119023	9.04224838408561	0.889968771138228	High	Cell_1726	1
Cell_1727	2	1	NA	1.88466565667179	-1.53634777052017	0.596617364208214	Low	Cell_1727	1
Cell_1728	2	1	NA	2.03420502663913	0.128884101575468	0.827792733791284	Medium	Cell_1728	1
Cell_1729	1	1	NA	-5.61315632595724	-4.04166967305462	0.717573526664637	Medium	Cell_1729	1
Cell_173	1	1	NA	1.11510017464827	-1.14811772288533	0.93182205571793	High	Cell_173	1
Cell_1730	1	1	NA	-6.53571119891281	-3.85564640095486	0.598574163275771	Low	Cell_1730	1
Cell_1731	1	1	NA	-1.25598448105943	-3.9340186701062	0.997330211102962	High	Cell_1731	1
Cell_1732	1	1	NA	-1.87855606939657	-3.46098577554478	0.723371433210559	Medium	Cell_1732	1
Cell_1733	1	1	NA	-0.785711891673698	-1.72787768235648	0.515713332104497	Low	Cell_1733	1
Cell_1734	2	1	NA	3.44171730052008	0.203210984336983	0.968508279067464	High	Cell_1734	1
Cell_1735	2	1	NA	2.39981833135188	0.321555237205309	0.935491977143101	High	Cell_1735	1
Cell_1736	1	1	NA	-6.39910430342719	-4.04867666005291	0.800623141694814	Medium	Cell_1736	1
Cell_1737	3	1	NA	-0.524272081429127	9.14030502705747	0.649507728172466	Low	Cell_1737	1
Cell_1738	1	1	NA	0.569551310332999	-1.43514311029191	0.904673137585633	High	Cell_1738	1
Cell_1739	2	1	NA	3.20218851181782	2.35974644451483	0.976071192533709	High	Cell_1739	1
Cell_174	2	1	NA	2.14018067111442	-0.300145251256288	0.873284002067521	High	Cell_174	1
Cell_1740	1	1	NA	1.27603002566396	-2.74501832140938	0.926026985631324	High	Cell_1740	1
Cell_1741	1	1	NA	-7.06643291264482	-3.70875872642147	0.5636548679322	Low	Cell_1741	1
Cell_1742	2	1	NA	3.74630970910188	5.44801035813503	0.984441174892709	High	Cell_1742	1
Cell_1743	1	1	NA	1.06146607795008	-2.56993578906503	0.778550504357554	Medium	Cell_1743	1
Cell_1744	1	1	NA	-0.490750588179912	-1.92986652897019	0.502682223683223	Low	Cell_1744	1
Cell_1745	1	1	NA	-2.83152346454239	-2.0079500755254	0.567881959839724	Low	Cell_1745	1
Cell_1746	2	1	NA	1.88168002552738	-1.12499133700805	0.502923550782725	Low	Cell_1746	1
Cell_1747	3	1	NA	3.80550474752631	5.74925105583225	0.908437031088397	High	Cell_1747	1
Cell_1748	2	1	NA	4.28848483085491	2.92219850861051	0.891081793932244	High	Cell_1748	1
Cell_1749	1	1	NA	-6.76247688937759	-3.67151316932757	0.965533142909408	High	Cell_1749	1
Cell_175	2	1	NA	3.02849719005393	2.81424790626748	0.834142324863933	High	Cell_175	1
Cell_1750	2	1	NA	1.31333999723763	0.631131851213199	0.684344941168092	Medium	Cell_1750	1
Cell_1751	1	1	NA	4.20350215200319	0.0293386978400187	0.987227437086403	High	Cell_1751	1
Cell_1752	1	1	NA	-4.86484876251933	-4.42897911085187	0.911871840944514	High	Cell_1752	1
Cell_1753	3	1	NA	1.67563252015216	8.08305508605203	0.893724431633018	High	Cell_1753	1
Cell_1754	1	1	NA	-2.56810338743581	-2.81126953761077	0.811412917333655	Medium	Cell_1754	1
Cell_1755	2	1	NA	3.44613815630035	2.05216004839705	0.983677464420907	High	Cell_1755	1
Cell_1756	1	1	NA	0.276641244446739	-1.48278641662463	0.749959245324135	Medium	Cell_1756	1
Cell_1757	1	1	NA	-0.832201811409897	-1.82654510482761	0.946847799816169	High	Cell_1757	1
Cell_1758	1	1	NA	-6.06245964686547	-4.59505265824062	0.700521623482928	Medium	Cell_1758	1
Cell_1759	1	1	NA	-1.35644240433157	-1.52407224688308	0.723770804819651	Medium	Cell_1759	1
Cell_176	2	1	NA	2.62403963571583	1.25819741483128	0.809008936630562	Medium	Cell_176	1
Cell_1760	1	1	NA	-4.62343414230207	-3.98198901955178	0.967889541061595	High	Cell_1760	1
Cell_1761	2	1	NA	3.60677616576252	3.54347323955824	0.841666098684072	High	Cell_1761	1
Cell_1762	1	1	NA	-5.27592949026229	-4.33419322218252	0.509081565076485	Low	Cell_1762	1
Cell_1763	1	1	NA	-9.00502669126656	-4.11697843749115	0.5827633588342	Low	Cell_1763	1
Cell_1764	1	1	NA	0.294513799466412	-4.47854926156172	0.747917249449529	Medium	Cell_1764	1
Cell_1765	1	1	NA	-0.311552008308241	0.10456457263384	0.713267614017241	Medium	Cell_1765	1
Cell_1766	2	1	NA	2.71426800903382	2.06518846491272	0.996026560314931	High	Cell_1766	1
Cell_1767	2	1	NA	2.92325466096935	-0.772531603262817	0.944475061958656	High	Cell_1767	1
Cell_1768	1	1	NA	-6.75295527419577	-4.08466226543072	0.672877685632557	Medium	Cell_1768	1
Cell_1769	1	1	NA	0.805242338731624	-3.73399356420851	0.852922062505968	High	Cell_1769	1
Cell_177	2	1	NA	1.6186770730753	-1.49941990048074	0.686119030113332	Medium	Cell_177	1
Cell_1770	2	1	NA	1.70770060744723	1.69787087002795	0.954362343531102	High	Cell_1770	1
Cell_1771	2	1	NA	4.35928023934002	2.7538117072875	0.838146443595178	High	Cell_1771	1
Cell_1772	1	1	NA	0.591271950831363	-2.64350599629057	0.819550135638565	Medium	Cell_1772	1
Cell_1773	1	1	NA	-8.88941872668284	-3.67544346241574	0.574802263523452	Low	Cell_1773	1
Cell_1774	1	1	NA	-5.88881419988943	-4.65562483355024	0.800562695018016	Medium	Cell_1774	1
Cell_1775	2	1	NA	4.20901503019088	4.89156744895532	0.636375617934391	Low	Cell_1775	1
Cell_1776	1	1	NA	-4.58311431663458	-4.30044158747197	0.72892668552231	Medium	Cell_1776	1
Cell_1777	1	1	NA	3.77016284132849	-7.69967129398754	0.611126546631567	Low	Cell_1777	1
Cell_1778	1	1	NA	-8.39724398380963	-4.31227561001367	0.627460758434609	Low	Cell_1778	1
Cell_1779	3	1	NA	1.90618997624892	8.15550395278015	0.826843863585964	Medium	Cell_1779	1
Cell_178	1	1	NA	-1.5168896300507	-3.61133746518972	0.764917842927389	Medium	Cell_178	1
Cell_1780	1	1	NA	-6.7415750255405	-3.56836904280784	0.73599658056628	Medium	Cell_1780	1
Cell_1781	1	1	NA	-7.34448155261965	-4.59839802782767	0.580481517827138	Low	Cell_1781	1
Cell_1782	1	1	NA	0.214673472036875	-0.0508568949010492	0.636040167300962	Low	Cell_1782	1
Cell_1783	2	1	NA	3.03284092181189	0.355721954242404	0.856478046509437	High	Cell_1783	1
Cell_1784	1	1	NA	-5.17547853481977	-3.40267535685375	0.806676826090552	Medium	Cell_1784	1
Cell_1785	1	1	NA	0.656767625543091	-0.232605014247306	0.566060983110219	Low	Cell_1785	1
Cell_1786	2	1	NA	3.36912256249243	2.70740309637073	0.535003626602702	Low	Cell_1786	1
Cell_1787	1	1	NA	0.627472355724009	-4.13619485668422	0.983132506487891	High	Cell_1787	1
Cell_1788	2	1	NA	3.7756474182589	4.31573406189921	0.684135138988495	Medium	Cell_1788	1
Cell_1789	1	1	NA	-2.45251098716065	-4.07034606617056	0.838727042311803	High	Cell_1789	1
Cell_179	1	1	NA	-4.5928050016722	-3.82982807478009	0.937341171433218	High	Cell_179	1
Cell_1790	1	1	NA	-2.53728241176882	-0.77486221277646	0.922975865192711	High	Cell_1790	1
Cell_1791	2	1	NA	2.52183809522861	0.933880476221207	0.620825192658231	Low	Cell_1791	1
Cell_1792	1	1	NA	-6.67920556616554	-4.08785359892141	0.517575495527126	Low	Cell_1792	1
Cell_1793	1	1	NA	2.5309253576211	-2.22250514225477	0.797620118362829	Medium	Cell_1793	1
Cell_1794	2	1	NA	1.52840410714352	0.569811023867392	0.918095564004034	High	Cell_1794	1
Cell_1795	2	1	NA	3.99096243201465	1.80977566787485	0.681124605122022	Medium	Cell_1795	1
Cell_1796	1	1	NA	0.363128202326951	-0.761504257016618	0.666094266693108	Low	Cell_1796	1
Cell_1797	3	1	NA	3.52546754910046	5.7337620939956	0.822368165361695	Medium	Cell_1797	1
Cell_1798	3	1	NA	0.777044325858554	8.75060589393813	0.979307568399236	High	Cell_1798	1
Cell_1799	3	1	NA	3.31291378068376	5.79707051098305	0.798101814230904	Medium	Cell_1799	1
Cell_18	2	1	NA	3.89176041675618	3.19018122377833	0.521029766765423	Low	Cell_18	1
Cell_180	2	1	NA	3.65857865585316	4.06356978884097	0.790875049890019	Medium	Cell_180	1
Cell_1800	1	1	NA	-0.763779250148517	-2.57656884954782	0.755140008986928	Medium	Cell_1800	1
Cell_1801	2	1	NA	2.0358429863733	0.875866114379797	0.577632067957893	Low	Cell_1801	1
Cell_1802	1	1	NA	-0.769064706913538	-2.55701275098823	0.922925502760336	High	Cell_1802	1
Cell_1803	1	1	NA	0.591444829782178	-0.988406045893886	0.607190212816931	Low	Cell_1803	1
Cell_1804	1	1	NA	-2.23779081100194	-3.52329391569872	0.834936622413807	High	Cell_1804	1
Cell_1805	1	1	NA	1.61989757704214	-2.76851082195255	0.80887822562363	Medium	Cell_1805	1
Cell_1806	1	1	NA	-8.88642880393461	-3.6678862676684	0.524999888497405	Low	Cell_1806	1
Cell_1807	2	1	NA	2.81899727296975	2.20753118627492	0.974699387792498	High	Cell_1807	1
Cell_1808	1	1	NA	-1.41384699517269	-1.97417648294244	0.791276015806943	Medium	Cell_1808	1
Cell_1809	1	1	NA	-3.88830966015523	-2.91613040053611	0.930477168527432	High	Cell_1809	1
Cell_181	2	1	NA	2.75072060873609	-0.126709160645231	0.91988388239406	High	Cell_181	1
Cell_1810	2	1	NA	3.53756985484634	5.64577229170286	0.75923362467438	Medium	Cell_1810	1
Cell_1811	2	1	NA	3.05484386814886	-0.826973375542927	0.633063741726801	Low	Cell_1811	1
Cell_1812	2	1	NA	3.10925775201652	-0.35839969994696	0.798688831739128	Medium	Cell_1812	1
Cell_1813	1	1	NA	-0.740787708336995	-3.42525715058138	0.897788042086177	High	Cell_1813	1
Cell_1814	1	1	NA	2.59021876038958	-2.24782620173206	0.844643018790521	High	Cell_1814	1
Cell_1815	1	1	NA	3.81048013983018	-7.76976850943703	0.740315822302364	Medium	Cell_1815	1
Cell_1816	1	1	NA	-6.50659787155325	-3.89871803973174	0.732964694383554	Medium	Cell_1816	1
Cell_1817	3	1	NA	1.30504296409805	8.67219305806091	0.809206167585216	Medium	Cell_1817	1
Cell_1818	3	1	NA	2.72397711376722	7.01976642180587	0.72463525715284	Medium	Cell_1818	1
Cell_1819	3	1	NA	-0.453703871878997	9.09311916461774	0.801353766350076	Medium	Cell_1819	1
Cell_182	2	1	NA	4.24440052949766	2.88990959951698	0.656224082456902	Low	Cell_182	1
Cell_1820	2	1	NA	4.29316885526404	3.01963695296877	0.502304487046786	Low	Cell_1820	1
Cell_1821	2	1	NA	3.578967633238	-0.00545396428179479	0.997497256263159	High	Cell_1821	1
Cell_1822	1	1	NA	-8.17082014007758	-3.72498475603551	0.703231224208139	Medium	Cell_1822	1
Cell_1823	3	1	NA	3.36011114233366	5.8244595888936	0.558975818566978	Low	Cell_1823	1
Cell_1824	1	1	NA	-1.81863515759619	-3.75567170043395	0.934769547660835	High	Cell_1824	1
Cell_1825	3	1	NA	3.35231542677238	6.41139173104176	0.770096478285268	Medium	Cell_1825	1
Cell_1826	1	1	NA	-1.64100225290891	-1.91467387465637	0.940798833966255	High	Cell_1826	1
Cell_1827	1	1	NA	-1.49298169896663	-3.28044383952026	0.518769919523038	Low	Cell_1827	1
Cell_1828	1	1	NA	0.680712694145143	-2.18712532292351	0.94071698107291	High	Cell_1828	1
Cell_1829	2	1	NA	3.63639296492063	0.886752632507473	0.861174834892154	High	Cell_1829	1
Cell_183	1	1	NA	-7.76334768459415	-3.98411705184639	0.854145161109045	High	Cell_183	1
Cell_1830	1	1	NA	2.91398535352111	-2.99443596696237	0.884905148297548	High	Cell_1830	1
Cell_1831	2	1	NA	3.22731115486905	2.42298698213055	0.931796854478307	High	Cell_1831	1
Cell_1832	2	1	NA	3.25507280708631	4.51428483404908	0.750371051602997	Medium	Cell_1832	1
Cell_1833	3	1	NA	2.64811507759134	7.46650730879163	0.962932012160309	High	Cell_1833	1
Cell_1834	1	1	NA	-9.05513013687819	-3.98786800294393	0.604037335142493	Low	Cell_1834	1
Cell_1835	1	1	NA	-0.645386579601627	-2.09623702553776	0.513552796910517	Low	Cell_1835	1
Cell_1836	2	1	NA	1.5271577617686	-1.1315188980612	0.657896536053158	Low	Cell_1836	1
Cell_1837	1	1	NA	-4.69504357126058	-4.00814130448877	0.830056124832481	Medium	Cell_1837	1
Cell_1838	2	1	NA	3.4454436476397	-0.188138741089007	0.65734565036837	Low	Cell_1838	1
Cell_1839	2	1	NA	3.82091257081966	3.77830578937007	0.972230693907477	High	Cell_1839	1
Cell_184	3	1	NA	3.42813627134878	6.68218739484271	0.632508903043345	Low	Cell_184	1
Cell_1840	1	1	NA	0.451361605102404	-0.764087878286074	0.889485289924778	High	Cell_1840	1
Cell_1841	1	1	NA	-5.21363759806154	-4.37188948115854	0.669715623138472	Medium	Cell_1841	1
Cell_1842	1	1	NA	-2.58072515408701	-0.802946450332842	0.740823132335208	Medium	Cell_1842	1
Cell_1843	1	1	NA	-4.98007950627509	-4.5816322940678	0.707997399382293	Medium	Cell_1843	1
Cell_1844	1	1	NA	-4.95676713240834	-4.1157841944167	0.888166949735023	High	Cell_1844	1
Cell_1845	3	1	NA	3.17268329821632	6.81607772203733	0.742713502957486	Medium	Cell_1845	1
Cell_1846	1	1	NA	2.92169655405712	-2.92676164668166	0.507649552077055	Low	Cell_1846	1
Cell_1847	1	1	NA	3.80463389897172	-7.63474743335796	0.821225647581741	Medium	Cell_1847	1
Cell_1848	2	1	NA	3.64402250947162	3.39137593172164	0.617414992419071	Low	Cell_1848	1
Cell_1849	2	1	NA	1.62795052555173	0.278768691225311	0.873512941529043	High	Cell_1849	1
Cell_185	2	1	NA	3.71493418735342	2.2777999035324	0.797171597019769	Medium	Cell_185	1
Cell_1850	3	1	NA	2.39502886066445	7.4798428989656	0.647803687257692	Low	Cell_1850	1
Cell_1851	1	1	NA	0.979304820488023	-3.24766767582312	0.953109095804393	High	Cell_1851	1
Cell_1852	1	1	NA	-1.32580705390974	-3.2172243338267	0.926662008976564	High	Cell_1852	1
Cell_1853	3	1	NA	3.23386145216304	6.89185634537015	0.730981888482347	Medium	Cell_1853	1
Cell_1854	1	1	NA	-0.109691996355018	-1.64424150176976	0.535674124141224	Low	Cell_1854	1
Cell_1855	2	1	NA	3.79064817559883	3.5253313032625	0.788901862222701	Medium	Cell_1855	1
Cell_1856	2	1	NA	2.96269601284744	-0.1769542418867	0.789789667003788	Medium	Cell_1856	1
Cell_1857	1	1	NA	-1.41512814848671	-1.68555174236369	0.996788388467394	High	Cell_1857	1
Cell_1858	3	1	NA	-0.477627619197203	9.10578597667236	0.667637207196094	Medium	Cell_1858	1
Cell_1859	3	1	NA	-0.336599733168245	9.0135432369878	0.833400887087919	High	Cell_1859	1
Cell_186	2	1	NA	3.56744575753523	1.53847265754401	0.740644900244661	Medium	Cell_186	1
Cell_1860	1	1	NA	-2.76203812663818	-3.41922851507927	0.969278000993654	High	Cell_1860	1
Cell_1861	1	1	NA	-1.1372957797645	-0.699010531408369	0.787428417475894	Medium	Cell_1861	1
Cell_1862	2	1	NA	4.09576067958197	4.59632036061675	0.845855706953444	High	Cell_1862	1
Cell_1863	2	1	NA	3.28209939086919	5.00834932771023	0.544879293534905	Low	Cell_1863	1
Cell_1864	1	1	NA	1.75680750818002	-1.84442091326149	0.933229622314684	High	Cell_1864	1
Cell_1865	2	1	NA	2.84080058378625	-0.247400002195721	0.750569698400795	Medium	Cell_1865	1
Cell_1866	2	1	NA	2.96734554367598	0.858332735533134	0.611628142069094	Low	Cell_1866	1
Cell_1867	2	1	NA	4.22678881720528	3.85135192014729	0.706209620810114	Medium	Cell_1867	1
Cell_1868	2	1	NA	4.13879122081213	5.58370414210043	0.943153139785863	High	Cell_1868	1
Cell_1869	3	1	NA	1.71589866783364	8.33043758623902	0.747796718613245	Medium	Cell_1869	1
Cell_187	2	1	NA	1.55136678421293	-0.460065414426709	0.632516365731135	Low	Cell_187	1
Cell_1870	1	1	NA	-4.14740861999293	-2.89217061871926	0.836376863881014	High	Cell_1870	1
Cell_1871	1	1	NA	-1.074619062429	-3.14628839873902	0.64125221897848	Low	Cell_1871	1
Cell_1872	2	1	NA	1.57715801074179	0.813347395789911	0.908529151463881	High	Cell_1872	1
Cell_1873	2	1	NA	3.58987259448044	1.82011180077345	0.6230497272918	Low	Cell_1873	1
Cell_1874	1	1	NA	2.02083824720212	-3.35026635076115	0.684823096962646	Medium	Cell_1874	1
Cell_1875	3	1	NA	-1.82052401283665	9.37478201427987	0.617762197507545	Low	Cell_1875	1
Cell_1876	3	1	NA	-1.44082751088895	9.28129838460067	0.96787846297957	High	Cell_1876	1
Cell_1877	2	1	NA	2.63987876682666	-0.853667816687573	0.707538414164446	Medium	Cell_1877	1
Cell_1878	3	1	NA	0.321024689232478	9.04366995262304	0.568724702694453	Low	Cell_1878	1
Cell_1879	1	1	NA	-4.92352737974215	-3.82250087129698	0.957182361511514	High	Cell_1879	1
Cell_188	2	1	NA	4.03610334511988	4.57777664233975	0.78229521738831	Medium	Cell_188	1
Cell_1880	1	1	NA	-3.45140341901399	-2.4767966264351	0.673820688039996	Medium	Cell_1880	1
Cell_1881	1	1	NA	-4.00598827713696	-4.00503415312975	0.926465437863953	High	Cell_1881	1
Cell_1882	2	1	NA	3.89594445482279	3.69237338493694	0.571317589376122	Low	Cell_1882	1
Cell_1883	1	1	NA	-4.74537592710288	-3.93408366636618	0.679716435493901	Medium	Cell_1883	1
Cell_1884	1	1	NA	-1.2597261883944	-4.15620898217578	0.622752533759922	Low	Cell_1884	1
Cell_1885	2	1	NA	2.34006026642	0.216750716331906	0.522952973260544	Low	Cell_1885	1
Cell_1886	1	1	NA	0.500425973852405	-0.287261514845798	0.89227395108901	High	Cell_1886	1
Cell_1887	1	1	NA	0.345778208212103	-1.48320075511076	0.599585867254063	Low	Cell_1887	1
Cell_1888	2	1	NA	2.60723564833633	-0.94299547292112	0.695925122126937	Medium	Cell_1888	1
Cell_1889	1	1	NA	-2.2077721721573	-2.47001347497064	0.66178112232592	Low	Cell_1889	1
Cell_189	2	1	NA	1.74130581253294	-0.504629026817421	0.956594111514278	High	Cell_189	1
Cell_1890	2	1	NA	3.11455593838169	4.65874928576863	0.801052952534519	Medium	Cell_1890	1
Cell_1891	1	1	NA	-4.94890021991682	-3.85208171577901	0.770635839784518	Medium	Cell_1891	1
Cell_1892	2	1	NA	3.58062818199564	0.957819567464819	0.995411866344512	High	Cell_1892	1
Cell_1893	1	1	NA	-4.81933708847581	-4.15387134873769	0.626895524561405	Low	Cell_1893	1
Cell_1894	2	1	NA	3.94450345211574	3.34852747189649	0.867634946596809	High	Cell_1894	1
Cell_1895	1	1	NA	1.22876055175649	-1.2606500786964	0.988804080523551	High	Cell_1895	1
Cell_1896	3	1	NA	0.95705140246091	8.72356655000981	0.779023120878264	Medium	Cell_1896	1
Cell_1897	1	1	NA	-1.33544125456602	0.295177640290599	0.696354079758748	Medium	Cell_1897	1
Cell_1898	3	1	NA	2.68336043280244	6.96063282002405	0.912344629643485	High	Cell_1898	1
Cell_1899	2	1	NA	2.76405385507455	0.30478716104578	0.556192230433226	Low	Cell_1899	1
Cell_19	1	1	NA	0.394821598443611	-0.52266470605446	0.663960359641351	Low	Cell_19	1
Cell_190	3	1	NA	-0.871244228339565	9.20979565830426	0.950937194749713	High	Cell_190	1
Cell_1900	3	1	NA	1.69816832904498	8.23910393609426	0.767888952046633	Medium	Cell_1900	1
Cell_1901	2	1	NA	4.42469740126447	2.88798070215022	0.721915792440996	Medium	Cell_1901	1
Cell_1902	2	1	NA	3.77201381674895	0.845836968571383	0.636978606344201	Low	Cell_1902	1
Cell_1903	1	1	NA	3.74564382724048	-7.57916510812422	0.578678767895326	Low	Cell_1903	1
Cell_1904	1	1	NA	-4.84719687389045	-4.30454269438274	0.935919036855921	High	Cell_1904	1
Cell_1905	2	1	NA	3.55468596438281	4.8045550636233	0.781022428185679	Medium	Cell_1905	1
Cell_1906	1	1	NA	-1.04291497243165	0.489905659403544	0.775344879133627	Medium	Cell_1906	1
Cell_1907	1	1	NA	-0.605192264249524	-3.26313319859144	0.796182642807253	Medium	Cell_1907	1
Cell_1908	2	1	NA	2.40230989822575	-0.323630352012494	0.863906431361102	High	Cell_1908	1
Cell_1909	2	1	NA	3.75659210761307	1.73385002194845	0.819462642306462	Medium	Cell_1909	1
Cell_191	1	1	NA	1.19427279415215	-0.23346909267103	0.637083310750313	Low	Cell_191	1
Cell_1910	1	1	NA	-3.40854578380284	-2.72764970048685	0.807225082418881	Medium	Cell_1910	1
Cell_1911	1	1	NA	-0.314205422384883	-0.965566808490667	0.526208425289951	Low	Cell_1911	1
Cell_1912	3	1	NA	0.883481637172661	8.63397642012037	0.782578876474872	Medium	Cell_1912	1
Cell_1913	1	1	NA	-2.88621768790952	-2.60782895289337	0.793670690152794	Medium	Cell_1913	1
Cell_1914	1	1	NA	-0.914190852390203	-1.16831552850203	0.814283537562005	Medium	Cell_1914	1
Cell_1915	1	1	NA	0.389449478577604	-3.68143931380312	0.810945322504267	Medium	Cell_1915	1
Cell_1916	1	1	NA	-7.09102507921706	-4.57308030636882	0.541135021019727	Low	Cell_1916	1
Cell_1917	1	1	NA	-2.12230728952701	-0.758390533431535	0.538821306079626	Low	Cell_1917	1
Cell_1918	2	1	NA	1.78977600778511	-1.63148715366115	0.843547344906256	High	Cell_1918	1
Cell_1919	1	1	NA	1.23227778222177	-2.46912407901486	0.915151796187274	High	Cell_1919	1
Cell_192	1	1	NA	-2.43964400966325	-2.85980387121804	0.660741378203966	Low	Cell_192	1
Cell_1920	1	1	NA	0.576509712171312	-2.50492186074472	0.572954937582836	Low	Cell_1920	1
Cell_1921	1	1	NA	-0.90379894515306	-2.59781719550658	0.891765036154538	High	Cell_1921	1
Cell_1922	1	1	NA	-4.64381915170405	-4.32247270780997	0.743225039565004	Medium	Cell_1922	1
Cell_1923	1	1	NA	-2.59116653888533	-3.75521931252495	0.994632552727126	High	Cell_1923	1
Cell_1924	1	1	NA	-2.09322378145498	-3.52322095187224	0.749552477267571	Medium	Cell_1924	1
Cell_1925	1	1	NA	-4.04107502312365	-2.807543258184	0.781130267539993	Medium	Cell_1925	1
Cell_1926	1	1	NA	0.36841390353363	-0.905754065262582	0.689128510304727	Medium	Cell_1926	1
Cell_1927	1	1	NA	-1.30233442102152	-4.95939256864502	0.759318598662503	Medium	Cell_1927	1
Cell_1928	1	1	NA	-1.70380692721309	-3.69308056218995	0.537141896085814	Low	Cell_1928	1
Cell_1929	1	1	NA	0.557203921116253	-1.56040473562783	0.769236172083765	Medium	Cell_1929	1
Cell_193	1	1	NA	1.07341635476525	-3.21675118148333	0.992820442188531	High	Cell_193	1
Cell_1930	2	1	NA	3.42400161021157	1.64185020937841	0.980530500411987	High	Cell_1930	1
Cell_1931	2	1	NA	2.80438446224875	0.812779138053922	0.763905069790781	Medium	Cell_1931	1
Cell_1932	1	1	NA	0.147460928496273	-0.86668398233436	0.718579725944437	Medium	Cell_1932	1
Cell_1933	3	1	NA	2.32560370017995	7.74050320056565	0.516133498284034	Low	Cell_1933	1
Cell_1934	1	1	NA	-3.96607695995483	-2.89393343162947	0.518867090344429	Low	Cell_1934	1
Cell_1935	2	1	NA	4.00086487246629	0.777624214607407	0.523674146970734	Low	Cell_1935	1
Cell_1936	2	1	NA	3.77811304587046	2.31798774700294	0.580479517811909	Low	Cell_1936	1
Cell_1937	1	1	NA	-0.597738753854007	-2.13991571257884	0.734548696666025	Medium	Cell_1937	1
Cell_1938	2	1	NA	3.48081560341407	3.22575275979455	0.902961987419985	High	Cell_1938	1
Cell_1939	2	1	NA	3.44508706529891	4.8351351360389	0.640298758051358	Low	Cell_1939	1
Cell_194	1	1	NA	3.77650051813575	-8.03680552373588	0.809996655094437	Medium	Cell_194	1
Cell_1940	3	1	NA	2.94511421509561	5.99103546669741	0.877391992602497	High	Cell_1940	1
Cell_1941	1	1	NA	-1.46153904354318	-2.76574348665593	0.760912907426246	Medium	Cell_1941	1
Cell_1942	1	1	NA	-5.58747148008537	-3.77063839813467	0.644473596592434	Low	Cell_1942	1
Cell_1943	2	1	NA	3.48324016462966	1.70263452239559	0.508688600733876	Low	Cell_1943	1
Cell_1944	3	1	NA	3.43893819513691	5.87539903124166	0.834174764924683	High	Cell_1944	1
Cell_1945	3	1	NA	1.389426933508	8.69464116096269	0.53348798234947	Low	Cell_1945	1
Cell_1946	1	1	NA	0.269519357037836	-0.710697188826292	0.918193213408813	High	Cell_1946	1
Cell_1947	2	1	NA	1.58891677757795	-1.17206779064609	0.567671577911824	Low	Cell_1947	1
Cell_1948	1	1	NA	-0.646363672413325	-2.40964020820881	0.827939054230228	Medium	Cell_1948	1
Cell_1949	3	1	NA	0.643482430677806	8.86561309836845	0.918973864405416	High	Cell_1949	1
Cell_195	1	1	NA	-3.90265872519037	-4.0937358221387	0.968657044577412	High	Cell_195	1
Cell_1950	1	1	NA	-6.34977471444594	-3.74141587685787	0.628823998034932	Low	Cell_1950	1
Cell_1951	1	1	NA	-1.01844342094447	-4.64983251322374	0.567997642559931	Low	Cell_1951	1
Cell_1952	1	1	NA	-0.958290164032205	-4.75018714712048	0.881744207115844	High	Cell_1952	1
Cell_1953	1	1	NA	-1.05962179325297	0.491267219927718	0.605998116661794	Low	Cell_1953	1
Cell_1954	2	1	NA	3.24981955155493	2.72129526916789	0.633984799613245	Low	Cell_1954	1
Cell_1955	3	1	NA	3.78669260300527	6.14780821794352	0.765915597323328	Medium	Cell_1955	1
Cell_1956	2	1	NA	2.9940619971058	0.161981069295515	0.737058433704078	Medium	Cell_1956	1
Cell_1957	2	1	NA	3.40045257220125	4.72743676776934	0.686721832491457	Medium	Cell_1957	1
Cell_1958	2	1	NA	3.89478256717816	0.473852002256277	0.887674964265898	High	Cell_1958	1
Cell_1959	3	1	NA	2.82307211295233	6.2121273224769	0.779101985041052	Medium	Cell_1959	1
Cell_196	2	1	NA	2.98539250156043	1.24630893015434	0.733266351162456	Medium	Cell_196	1
Cell_1960	3	1	NA	0.914993885313832	8.77404364727131	0.577618310577236	Low	Cell_1960	1
Cell_1961	1	1	NA	-5.04305381118208	-3.97362770794491	0.994709224207327	High	Cell_1961	1
Cell_1962	2	1	NA	3.51400880532313	4.74758537845473	0.622223215177655	Low	Cell_1962	1
Cell_1963	3	1	NA	3.28376313383302	6.39161119826373	0.565189256099984	Low	Cell_1963	1
Cell_1964	2	1	NA	1.93030304037454	-0.35634572271949	0.606340567697771	Low	Cell_1964	1
Cell_1965	1	1	NA	-3.18002100435549	-2.40258333278438	0.690002124174498	Medium	Cell_1965	1
Cell_1966	1	1	NA	1.40149135384998	-3.11603997412796	0.679810584406368	Medium	Cell_1966	1
Cell_1967	2	1	NA	3.68545126327057	4.4738777866499	0.651331024477258	Low	Cell_1967	1
Cell_1968	1	1	NA	-3.35514177626462	-3.28934295560144	0.52219985681586	Low	Cell_1968	1
Cell_1969	1	1	NA	-0.989310346874461	0.534268418267565	0.967391676385887	High	Cell_1969	1
Cell_197	2	1	NA	4.20098453513671	0.23282287803116	0.703416296630166	Medium	Cell_197	1
Cell_1970	1	1	NA	0.98101125149224	-2.86195468226985	0.784358514938504	Medium	Cell_1970	1
Cell_1971	1	1	NA	-1.29617608636056	-4.08675783541506	0.610401372541673	Low	Cell_1971	1
Cell_1972	2	1	NA	2.24781731279796	1.05920526330865	0.938980587641709	High	Cell_1972	1
Cell_1973	3	1	NA	2.95143149302112	6.58637785420207	0.733644403168	Medium	Cell_1973	1
Cell_1974	2	1	NA	3.56054293909653	1.80582126808017	0.77117490733508	Medium	Cell_1974	1
Cell_1975	1	1	NA	-0.389084569208526	-1.07094927729883	0.89219908695668	High	Cell_1975	1
Cell_1976	1	1	NA	-3.14562293256428	-2.64430070233745	0.823935136198997	Medium	Cell_1976	1
Cell_1977	1	1	NA	-2.35512969486017	-2.72527527826352	0.572446573525667	Low	Cell_1977	1
Cell_1978	1	1	NA	-4.77120885454779	-3.76398160569383	0.660818688571453	Low	Cell_1978	1
Cell_1979	1	1	NA	-0.0191629399700199	-0.61079649396186	0.975527791306376	High	Cell_1979	1
Cell_198	2	1	NA	3.31496561649282	2.43148111162883	0.829615162103437	Medium	Cell_198	1
Cell_1980	1	1	NA	-0.55897485641652	-1.64154335148394	0.59409924549982	Low	Cell_1980	1
Cell_1981	1	1	NA	0.843797570777264	-1.7042398577556	0.875202124239877	High	Cell_1981	1
Cell_1982	3	1	NA	-1.43953051700466	9.28611419972805	0.729579237638973	Medium	Cell_1982	1
Cell_1983	1	1	NA	2.31192163639192	-2.64893147587259	0.570682524470612	Low	Cell_1983	1
Cell_1984	2	1	NA	3.91660565100172	3.47848024488011	0.602596538024954	Low	Cell_1984	1
Cell_1985	2	1	NA	3.10017983077786	0.229147296368299	0.837646749801934	High	Cell_1985	1
Cell_1986	1	1	NA	-3.45334147914642	-3.08626433346558	0.569015105254948	Low	Cell_1986	1
Cell_1987	3	1	NA	3.92019620140926	5.94586292675282	0.707771850400604	Medium	Cell_1987	1
Cell_1988	2	1	NA	2.65911054879762	-1.11165309886191	0.725623515900224	Medium	Cell_1988	1
Cell_1989	1	1	NA	1.04151048061114	-1.50353009215122	0.811473284848034	Medium	Cell_1989	1
Cell_199	1	1	NA	-1.73264556821174	-1.29013218912799	0.576173308421858	Low	Cell_199	1
Cell_1990	1	1	NA	-2.1660653879182	-0.719623331858544	0.625587148708291	Low	Cell_1990	1
Cell_1991	3	1	NA	-0.501957258562294	9.08805760039012	0.732076731859706	Medium	Cell_1991	1
Cell_1992	2	1	NA	3.87291916442965	4.3382762288444	0.582754614530131	Low	Cell_1992	1
Cell_1993	1	1	NA	0.766360119247659	-3.96092207679808	0.928903226740658	High	Cell_1993	1
Cell_1994	1	1	NA	0.358709495226485	-1.03952376063296	0.578275948646478	Low	Cell_1994	1
Cell_1995	3	1	NA	2.28058614107353	7.02005756731498	0.544165816856548	Low	Cell_1995	1
Cell_1996	2	1	NA	4.31132268124972	4.89594987788825	0.94670888595283	High	Cell_1996	1
Cell_1997	1	1	NA	-9.19474992827861	-4.21453330536954	0.650310254190117	Low	Cell_1997	1
Cell_1998	1	1	NA	-1.50484927063948	-4.79779011311059	0.876043335534632	High	Cell_1998	1
Cell_1999	1	1	NA	-4.31487705119412	-4.37736465060506	0.700803323998116	Medium	Cell_1999	1
Cell_2	2	1	NA	1.37781942167901	-0.395856625440827	0.894152567721903	High	Cell_2	1
Cell_20	1	1	NA	-7.55078125788926	-4.53162246179294	0.977251824573614	High	Cell_20	1
Cell_200	1	1	NA	-0.364791862406528	-1.77593479750752	0.786433529108763	Medium	Cell_200	1
Cell_2000	2	1	NA	2.94673286497043	1.39595137451844	0.724279053043574	Medium	Cell_2000	1
Cell_2001	2	1	NA	3.6322710793586	5.59569956226787	0.579836990102194	Low	Cell_2001	1
Cell_2002	1	1	NA	-5.17781270507926	-3.87049289431007	0.57225792563986	Low	Cell_2002	1
Cell_2003	2	1	NA	3.63619491577368	0.636736611826946	0.574590196018107	Low	Cell_2003	1
Cell_2004	1	1	NA	-0.0121352661445828	-0.67570076493262	0.757217129925266	Medium	Cell_2004	1
Cell_2005	2	1	NA	4.32142204631953	4.46577459347041	0.746413653134368	Medium	Cell_2005	1
Cell_2006	2	1	NA	3.36627293587075	2.3013962237659	0.808171384269372	Medium	Cell_2006	1
Cell_2007	1	1	NA	0.540000787898051	-3.12999662939942	0.723711445345543	Medium	Cell_2007	1
Cell_2008	1	1	NA	0.0627010019283514	-2.31408922235925	0.527838357607834	Low	Cell_2008	1
Cell_2009	2	1	NA	3.87810009539003	2.72871617591675	0.502698154770769	Low	Cell_2009	1
Cell_201	1	1	NA	-5.07905969657748	-4.38716021524296	0.619363013422117	Low	Cell_201	1
Cell_2010	1	1	NA	0.533560136327892	-1.03811632352146	0.610917100566439	Low	Cell_2010	1
Cell_2011	2	1	NA	3.9693679090018	4.82408408143047	0.925481611979194	High	Cell_2011	1
Cell_2012	2	1	NA	2.17928615451494	0.91392131555243	0.633673103060573	Low	Cell_2012	1
Cell_2013	1	1	NA	-2.82616149139371	-3.22119086449357	0.799300136626698	Medium	Cell_2013	1
Cell_2014	1	1	NA	-7.59730351832948	-4.5696927759417	0.804299848619848	Medium	Cell_2014	1
Cell_2015	1	1	NA	-5.10868964243713	-3.71753345377424	0.996079220203683	High	Cell_2015	1
Cell_2016	1	1	NA	-1.12896228106347	-3.93078448640713	0.595594980404712	Low	Cell_2016	1
Cell_2017	1	1	NA	0.558862726051194	-3.3266039338867	0.876695292303339	High	Cell_2017	1
Cell_2018	1	1	NA	0.575105502037953	-0.517834777364826	0.621193668572232	Low	Cell_2018	1
Cell_2019	3	1	NA	2.14393247366797	8.00760448839168	0.663726110011339	Low	Cell_2019	1
Cell_202	1	1	NA	-5.14104760243321	-3.98697362432415	0.981179468217306	High	Cell_202	1
Cell_2020	2	1	NA	3.17152763698565	3.54150405371958	0.501767747336999	Low	Cell_2020	1
Cell_2021	2	1	NA	3.52927826513252	0.40173183450792	0.998712071799673	High	Cell_2021	1
Cell_2022	1	1	NA	-0.893536681339673	-1.44586566837944	0.719029752188362	Medium	Cell_2022	1
Cell_2023	2	1	NA	1.89329614822886	-1.51929241439342	0.998844372457825	High	Cell_2023	1
Cell_2024	1	1	NA	-6.98483308910934	-4.00810204799171	0.598359584575519	Low	Cell_2024	1
Cell_2025	2	1	NA	2.85912137331785	-0.350499937459912	0.555738397873938	Low	Cell_2025	1
Cell_2026	3	1	NA	3.03465338859964	6.81053946262893	0.625368225271814	Low	Cell_2026	1
Cell_2027	2	1	NA	4.04042184493411	1.85957710544188	0.840238301549107	High	Cell_2027	1
Cell_2028	1	1	NA	-0.426536970483065	-1.95586755407002	0.788627148373052	Medium	Cell_2028	1
Cell_2029	2	1	NA	4.31408216218795	4.31111632475322	0.708173648105003	Medium	Cell_2029	1
Cell_203	1	1	NA	-0.608226957632388	-3.45944074936959	0.800682862987742	Medium	Cell_203	1
Cell_2030	1	1	NA	0.167865920556532	-2.98413991124423	0.864590621786192	High	Cell_2030	1
Cell_2031	1	1	NA	0.313969049842633	-1.69775067057801	0.787094866507687	Medium	Cell_2031	1
Cell_2032	2	1	NA	2.98860095814096	1.38726125453647	0.7888175745029	Medium	Cell_2032	1
Cell_2033	2	1	NA	3.38087995496336	5.1971666340701	0.794999563717283	Medium	Cell_2033	1
Cell_2034	2	1	NA	1.95497404015677	-0.60283057457758	0.611464170040563	Low	Cell_2034	1
Cell_2035	2	1	NA	2.6186719853703	-0.558785613292067	0.551746149314567	Low	Cell_2035	1
Cell_2036	1	1	NA	-1.48743505043223	-4.30645563519417	0.868253013468347	High	Cell_2036	1
Cell_2037	2	1	NA	2.11020614105605	-0.830123635262596	0.806201878120191	Medium	Cell_2037	1
Cell_2038	1	1	NA	1.61105531477206	-1.74063769472524	0.975606180261821	High	Cell_2038	1
Cell_2039	3	1	NA	1.01684191216516	8.80186118515742	0.979937932803296	High	Cell_2039	1
Cell_204	1	1	NA	-2.51458547192833	-3.52126002211501	0.757514863624237	Medium	Cell_204	1
Cell_2040	2	1	NA	4.03050621200648	2.18462876816874	0.872418025042862	High	Cell_2040	1
Cell_2041	1	1	NA	0.522164919191587	-3.30917876534843	0.717415072838776	Medium	Cell_2041	1
Cell_2042	2	1	NA	2.73112142362369	1.24703973689852	0.5873875686666	Low	Cell_2042	1
Cell_2043	1	1	NA	0.472904923565302	-3.08332891063849	0.717644034419209	Medium	Cell_2043	1
Cell_2044	3	1	NA	1.65947095777347	8.41192026864207	0.881229093880393	High	Cell_2044	1
Cell_2045	3	1	NA	0.00914205245019661	8.94633679619852	0.959514655522071	High	Cell_2045	1
Cell_2046	1	1	NA	-4.96441919849699	-4.58576596600173	0.953348791459575	High	Cell_2046	1
Cell_2047	1	1	NA	-0.272875621878291	-3.17511864770525	0.907756414497271	High	Cell_2047	1
Cell_2048	2	1	NA	2.17879386869666	-0.805852238998679	0.59987647132948	Low	Cell_2048	1
Cell_2049	2	1	NA	3.81274604537456	0.434645961186031	0.524812792660668	Low	Cell_2049	1
Cell_205	1	1	NA	0.573775377907368	-0.669765129012486	0.701286671101116	Medium	Cell_205	1
Cell_2050	1	1	NA	-6.16276606814157	-3.91769868032535	0.739474262809381	Medium	Cell_2050	1
Cell_2051	3	1	NA	3.20309823159539	6.66962881377379	0.795196684426628	Medium	Cell_2051	1
Cell_2052	1	1	NA	-0.103989891880587	-3.23282045249069	0.548310117912479	Low	Cell_2052	1
Cell_2053	1	1	NA	0.398682143849912	-4.36537254556244	0.975445117452182	High	Cell_2053	1
Cell_2054	1	1	NA	-1.65858870351499	-0.902006902037212	0.581371569307521	Low	Cell_2054	1
Cell_2055	1	1	NA	-3.38614493310732	-2.5301529543173	0.960753131308593	High	Cell_2055	1
Cell_2056	1	1	NA	-0.145264246671861	-2.26815277045466	0.563887536409311	Low	Cell_2056	1
Cell_2057	1	1	NA	-9.04727819807252	-3.95848972335547	0.831369795254432	Medium	Cell_2057	1
Cell_2058	1	1	NA	0.196183155204753	0.535221330643209	0.892020963714458	High	Cell_2058	1
Cell_2059	2	1	NA	2.26908047167748	-0.254610598335696	0.882306580897421	High	Cell_2059	1
Cell_206	2	1	NA	4.33168635122058	3.8092408585842	0.940123270615004	High	Cell_206	1
Cell_2060	3	1	NA	2.73418469627518	6.25643660022835	0.836285155266523	High	Cell_2060	1
Cell_2061	3	1	NA	0.935439696948677	8.78900483271366	0.557832951191813	Low	Cell_2061	1
Cell_2062	1	1	NA	-7.98224276957748	-4.47912644784002	0.925650743767619	High	Cell_2062	1
Cell_2063	1	1	NA	-8.23601912369646	-3.70044951964957	0.808980797417462	Medium	Cell_2063	1
Cell_2064	3	1	NA	3.28615847569461	5.97962278400926	0.918205777998082	High	Cell_2064	1
Cell_2065	2	1	NA	3.30133711988809	1.29555979165505	0.584964112378657	Low	Cell_2065	1
Cell_2066	1	1	NA	-2.34739313215096	-2.54055828066141	0.505140610039234	Low	Cell_2066	1
Cell_2067	1	1	NA	0.926578385950482	-0.657746215443753	0.661734865629114	Low	Cell_2067	1
Cell_2068	1	1	NA	-7.50611782143382	-4.20063159328563	0.634841362247244	Low	Cell_2068	1
Cell_2069	1	1	NA	0.879657761906074	-1.20531844561316	0.912630678038113	High	Cell_2069	1
Cell_207	1	1	NA	-0.704935918557757	-1.6251969580445	0.682045932393521	Medium	Cell_207	1
Cell_2070	2	1	NA	3.62665606146677	3.32525998220014	0.966830868506804	High	Cell_2070	1
Cell_2071	1	1	NA	1.28587947473007	-1.19479971392098	0.563895741826855	Low	Cell_2071	1
Cell_2072	1	1	NA	1.22624864253941	-2.38975691809393	0.956668803119101	High	Cell_2072	1
Cell_2073	2	1	NA	2.56271210945273	0.456203793516263	0.802616973873228	Medium	Cell_2073	1
Cell_2074	1	1	NA	3.81497450602139	-7.55997035406431	0.700142583227716	Medium	Cell_2074	1
Cell_2075	1	1	NA	-1.41862847655706	-1.73027894043215	0.832897651707754	Medium	Cell_2075	1
Cell_2076	1	1	NA	-9.06473349970822	-4.03451041198936	0.883799638599157	High	Cell_2076	1
Cell_2077	1	1	NA	-2.03839284357552	-1.73209821985853	0.760947850067168	Medium	Cell_2077	1
Cell_2078	2	1	NA	2.02414374843943	0.455470447023829	0.697253758553416	Medium	Cell_2078	1
Cell_2079	2	1	NA	1.59680895867384	1.3963866824547	0.982893416774459	High	Cell_2079	1
Cell_208	1	1	NA	-1.03265313476524	-2.41888050387678	0.644119640346617	Low	Cell_208	1
Cell_2080	1	1	NA	-5.64564459240247	-3.7778842368207	0.524492770317011	Low	Cell_2080	1
Cell_2081	2	1	NA	2.39305909346519	0.0575273425626499	0.576654135831632	Low	Cell_2081	1
Cell_2082	1	1	NA	-7.05791398634004	-3.69981054377942	0.848419532761909	High	Cell_2082	1
Cell_2083	3	1	NA	2.66823056251991	7.28286264523054	0.863892936613411	High	Cell_2083	1
Cell_2084	3	1	NA	1.92971051948028	8.18441136424538	0.554189707734622	Low	Cell_2084	1
Cell_2085	1	1	NA	-8.79408214567083	-3.82597981612259	0.732284272788092	Medium	Cell_2085	1
Cell_2086	1	1	NA	-4.26872151457253	-2.53309958563004	0.821062768111005	Medium	Cell_2086	1
Cell_2087	3	1	NA	-0.37221784910647	9.07832970506585	0.698555468930863	Medium	Cell_2087	1
Cell_2088	1	1	NA	0.413512760783402	-1.52900748251216	0.99521512852516	High	Cell_2088	1
Cell_2089	1	1	NA	-5.05386954003822	-3.90392163060561	0.839354404946789	High	Cell_2089	1
Cell_209	1	1	NA	0.826143794172308	-0.366226717467828	0.585322617553174	Low	Cell_209	1
Cell_2090	1	1	NA	-1.86838484222028	-2.17261587027633	0.657659228774719	Low	Cell_2090	1
Cell_2091	1	1	NA	-1.14825092307853	0.289405320354814	0.576884630019777	Low	Cell_2091	1
Cell_2092	2	1	NA	3.73117219683875	3.33981297645018	0.650625867885537	Low	Cell_2092	1
Cell_2093	1	1	NA	-1.64710143626112	-4.36503349493325	0.547257765312679	Low	Cell_2093	1
Cell_2094	3	1	NA	0.251607626792282	8.95962165829388	0.513437753426842	Low	Cell_2094	1
Cell_2095	2	1	NA	1.78959120001627	-1.39459163469154	0.65524165215902	Low	Cell_2095	1
Cell_2096	2	1	NA	4.27123975026099	4.34100455701525	0.871219434309751	High	Cell_2096	1
Cell_2097	1	1	NA	-4.14182278779823	-4.23151424689516	0.980046106153168	High	Cell_2097	1
Cell_2098	1	1	NA	-3.9768506666362	-3.63963166047709	0.707901331363246	Medium	Cell_2098	1
Cell_2099	2	1	NA	3.59443512205735	2.58636843359517	0.761117703630589	Medium	Cell_2099	1
Cell_21	2	1	NA	1.34074575983513	-0.0122322577853324	0.944769658031873	High	Cell_21	1
Cell_210	1	1	NA	-2.30817807624974	-3.59438218805954	0.586085873190314	Low	Cell_210	1
Cell_2100	2	1	NA	3.44689608323818	4.80799841632018	0.533759864396416	Low	Cell_2100	1
Cell_2101	1	1	NA	-0.164716411982379	-2.39821226599555	0.814920902717859	Medium	Cell_2101	1
Cell_2102	2	1	NA	3.9470490066507	3.67666604194388	0.676706893602386	Medium	Cell_2102	1
Cell_2103	3	1	NA	0.939451805008705	8.60438494477673	0.712357326061465	Medium	Cell_2103	1
Cell_2104	1	1	NA	0.855144493313018	-0.866721022540969	0.981884395354427	High	Cell_2104	1
Cell_2105	1	1	NA	0.188258933726614	-0.144118529457655	0.840499243466184	High	Cell_2105	1
Cell_2106	1	1	NA	-0.780211193984711	-2.7400302445817	0.859231942216866	High	Cell_2106	1
Cell_2107	2	1	NA	1.58878609736019	-1.03870364021915	0.585314882686362	Low	Cell_2107	1
Cell_2108	1	1	NA	0.424476761243265	-0.561879556017408	0.601804544567131	Low	Cell_2108	1
Cell_2109	1	1	NA	-0.965790756225334	-3.91656414796224	0.938274855958298	High	Cell_2109	1
Cell_211	1	1	NA	0.554884560564211	-1.83611203500104	0.74102130276151	Medium	Cell_211	1
Cell_2110	1	1	NA	-3.47861575833827	-3.34234464277584	0.918761262786575	High	Cell_2110	1
Cell_2111	1	1	NA	0.877476634160011	-1.16818838582256	0.860313521232456	High	Cell_2111	1
Cell_2112	1	1	NA	-0.75727407584643	-1.7923031233671	0.64053168555256	Low	Cell_2112	1
Cell_2113	2	1	NA	3.68915334595951	0.900605722018347	0.604995448375121	Low	Cell_2113	1
Cell_2114	2	1	NA	3.81003175060786	3.49388999429597	0.74707515980117	Medium	Cell_2114	1
Cell_2115	2	1	NA	4.05468914586223	3.95870859971911	0.760876404121518	Medium	Cell_2115	1
Cell_2116	1	1	NA	-2.21843744820251	-2.61274060976234	0.609915905864909	Low	Cell_2116	1
Cell_2117	3	1	NA	3.12841664006867	6.42296833601615	0.881553351180628	High	Cell_2117	1
Cell_2118	2	1	NA	3.30508395505834	0.652278017290136	0.512259826529771	Low	Cell_2118	1
Cell_2119	1	1	NA	-7.26770437202933	-4.18737106943733	0.855742972576991	High	Cell_2119	1
Cell_212	2	1	NA	1.98307368458278	0.69959965016167	0.626482464256696	Low	Cell_212	1
Cell_2120	1	1	NA	-0.25642596076044	-2.83585584734225	0.920443799579516	High	Cell_2120	1
Cell_2121	1	1	NA	-6.13596673451149	-4.2034241744684	0.965410536038689	High	Cell_2121	1
Cell_2122	3	1	NA	3.1986490901749	6.45116463737046	0.831045823637396	Medium	Cell_2122	1
Cell_2123	2	1	NA	1.31748226277943	-0.118550543411051	0.634971109684557	Low	Cell_2123	1
Cell_2124	1	1	NA	1.08922614244265	-2.06892123092848	0.609116730163805	Low	Cell_2124	1
Cell_2125	1	1	NA	0.714120981910116	-0.193538868526256	0.933909085579216	High	Cell_2125	1
Cell_2126	1	1	NA	0.33271089240103	-1.36026706743621	0.512285775854252	Low	Cell_2126	1
Cell_2127	1	1	NA	-2.6443761655056	-2.88539628469279	0.925013362197205	High	Cell_2127	1
Cell_2128	2	1	NA	3.10653387749577	-0.459688292827712	0.761966538499109	Medium	Cell_2128	1
Cell_2129	3	1	NA	3.15614429554013	6.79572759624216	0.717731350916438	Medium	Cell_2129	1
Cell_213	2	1	NA	2.23180728299312	1.05691665076461	0.608127394807525	Low	Cell_213	1
Cell_2130	1	1	NA	-4.77068847649893	-4.58343846819406	0.965647373232059	High	Cell_2130	1
Cell_2131	2	1	NA	2.80592649843208	-1.02649488655771	0.582275197957642	Low	Cell_2131	1
Cell_2132	2	1	NA	2.64424340833558	-1.13859334088744	0.689394196029752	Medium	Cell_2132	1
Cell_2133	2	1	NA	3.95429145195714	3.34236324032391	0.569022468524054	Low	Cell_2133	1
Cell_2134	1	1	NA	-5.33188594794485	-3.60234735085161	0.574860538588837	Low	Cell_2134	1
Cell_2135	1	1	NA	-4.23727041909693	-3.97502295829753	0.838223623693921	High	Cell_2135	1
Cell_2136	3	1	NA	-1.84015989241082	9.37732152161655	0.781058077933267	Medium	Cell_2136	1
Cell_2137	3	1	NA	2.18778778417304	7.80570185132676	0.735824221395887	Medium	Cell_2137	1
Cell_2138	1	1	NA	-2.40686057288507	-2.10499466023505	0.905550084309652	High	Cell_2138	1
Cell_2139	1	1	NA	-1.41008881156157	-1.34328474967568	0.981194266118109	High	Cell_2139	1
Cell_214	2	1	NA	2.70958073141865	0.25795115941971	0.837188194040209	High	Cell_214	1
Cell_2140	2	1	NA	3.76160288787795	3.80785753639499	0.757704942021519	Medium	Cell_2140	1
Cell_2141	2	1	NA	2.99951020377393	-0.506531672056633	0.851861384813674	High	Cell_2141	1
Cell_2142	3	1	NA	3.43414624651202	6.4115787742439	0.590439755003899	Low	Cell_2142	1
Cell_2143	1	1	NA	-5.19693562622129	-3.56038453588823	0.677483473555185	Medium	Cell_2143	1
Cell_2144	2	1	NA	4.29377731307905	3.21772982967835	0.52495139464736	Low	Cell_2144	1
Cell_2145	2	1	NA	2.64055507398471	-0.752055460768306	0.576276851352304	Low	Cell_2145	1
Cell_2146	1	1	NA	-3.25489955021747	-3.09756075596036	0.549635859322734	Low	Cell_2146	1
Cell_2147	1	1	NA	-2.7560617509061	-3.3422369897904	0.640074038063176	Low	Cell_2147	1
Cell_2148	1	1	NA	-2.51207396364658	-3.61749097371245	0.693725101067685	Medium	Cell_2148	1
Cell_2149	2	1	NA	4.07211559665454	3.10969885291001	0.817079393193126	Medium	Cell_2149	1
Cell_215	2	1	NA	2.32164407168386	0.0585425466089904	0.523831813712604	Low	Cell_215	1
Cell_2150	1	1	NA	3.79270168398908	-7.91323591788907	0.853531804401428	High	Cell_2150	1
Cell_2151	3	1	NA	3.6247285597518	6.48963617767387	0.663009159383364	Low	Cell_2151	1
Cell_2152	1	1	NA	-1.95078244961113	-3.53755925342408	0.982591657550074	High	Cell_2152	1
Cell_2153	2	1	NA	1.90910264918134	-1.7353800342462	0.848227223730646	High	Cell_2153	1
Cell_2154	2	1	NA	3.70996438073735	1.66064238775444	0.580539097078145	Low	Cell_2154	1
Cell_2155	1	1	NA	-5.41767782254632	-4.20311035093875	0.684531120816246	Medium	Cell_2155	1
Cell_2156	2	1	NA	1.9974404455795	1.48375922247551	0.651108879595995	Low	Cell_2156	1
Cell_2157	2	1	NA	2.39736600448646	-0.109864972402701	0.728982883738354	Medium	Cell_2157	1
Cell_2158	2	1	NA	3.96817252496978	1.96508215914569	0.911641373182647	High	Cell_2158	1
Cell_2159	1	1	NA	-3.3340220899177	-2.33742636761771	0.616269675432704	Low	Cell_2159	1
Cell_216	1	1	NA	-3.6945312616932	-4.29148988788246	0.85042654373683	High	Cell_216	1
Cell_2160	2	1	NA	1.20870317272039	0.108208526164896	0.701161112636328	Medium	Cell_2160	1
Cell_2161	1	1	NA	-8.3532488785448	-3.70184901322047	0.985806401469745	High	Cell_2161	1
Cell_2162	1	1	NA	1.42696501957096	-2.03686977240146	0.562210372998379	Low	Cell_2162	1
Cell_2163	1	1	NA	-3.25795391904268	-2.69305028432006	0.815145038301125	Medium	Cell_2163	1
Cell_2164	1	1	NA	0.866934120622059	-0.531588580336588	0.851933502941392	High	Cell_2164	1
Cell_2165	1	1	NA	-4.88294622651109	-3.78117098694302	0.795600142097101	Medium	Cell_2165	1
Cell_2166	1	1	NA	-0.428908400934623	-0.832098077829366	0.998258135630749	High	Cell_2166	1
Cell_2167	1	1	NA	0.469636353179952	-2.32719612968999	0.522668050718494	Low	Cell_2167	1
Cell_2168	1	1	NA	0.416256643551185	-4.39437222069519	0.995036268956028	High	Cell_2168	1
Cell_2169	1	1	NA	-1.34215874920273	-3.71850576174914	0.872653154656291	High	Cell_2169	1
Cell_217	2	1	NA	3.88178587457249	5.23860743130419	0.67594431922771	Medium	Cell_217	1
Cell_2170	3	1	NA	2.28378217295519	7.69201419947322	0.718374798889272	Medium	Cell_2170	1
Cell_2171	2	1	NA	4.14501718708988	4.24992826130371	0.576503274380229	Low	Cell_2171	1
Cell_2172	3	1	NA	2.8908864401121	6.85421722575219	0.724432587740012	Medium	Cell_2172	1
Cell_2173	2	1	NA	2.35714616910885	0.304069980854131	0.59316235629376	Low	Cell_2173	1
Cell_2174	1	1	NA	3.82570560978983	-7.80322700728415	0.713274291250855	Medium	Cell_2174	1
Cell_2175	2	1	NA	3.78383802297418	4.70611550200069	0.910389933269471	High	Cell_2175	1
Cell_2176	3	1	NA	2.17709991329859	7.99234862303405	0.525189457111992	Low	Cell_2176	1
Cell_2177	1	1	NA	-6.58590628789955	-3.9118905528502	0.662691075820476	Low	Cell_2177	1
Cell_2178	1	1	NA	2.28007879394122	-2.67332297403343	0.921205964754336	High	Cell_2178	1
Cell_2179	2	1	NA	2.67518260658928	-0.288118422968001	0.520099896471947	Low	Cell_2179	1
Cell_218	3	1	NA	-1.32817963321245	9.27513076506959	0.704471998964436	Medium	Cell_218	1
Cell_2180	1	1	NA	-0.886334656579282	-2.20544456858638	0.895936480606906	High	Cell_2180	1
Cell_2181	3	1	NA	2.70745994396481	7.20266811476412	0.980814218753949	High	Cell_2181	1
Cell_2182	2	1	NA	3.66601644416118	5.50064170152678	0.830460243741982	Medium	Cell_2182	1
Cell_2183	3	1	NA	3.28956363811616	6.06291445489184	0.504358709556982	Low	Cell_2183	1
Cell_2184	1	1	NA	-0.959920041407793	-1.18812660412995	0.732894612126984	Medium	Cell_2184	1
Cell_2185	3	1	NA	1.92517666796256	8.09113927081733	0.858306924346834	High	Cell_2185	1
Cell_2186	2	1	NA	2.16699100091646	-1.68123129166918	0.514091054908931	Low	Cell_2186	1
Cell_2187	1	1	NA	-1.26656151797856	-1.71197028371853	0.92274127935525	High	Cell_2187	1
Cell_2188	1	1	NA	-0.97492518880164	-2.06177035151405	0.873207704513334	High	Cell_2188	1
Cell_2189	1	1	NA	-7.34920636846904	-4.22080808946808	0.63201538217254	Low	Cell_2189	1
Cell_219	1	1	NA	3.82702420523701	-7.74615910076931	0.910475661978126	High	Cell_219	1
Cell_2190	1	1	NA	-3.65352465067904	-2.87561533896882	0.872956838109531	High	Cell_2190	1
Cell_2191	1	1	NA	-1.37416588897458	-1.47323516159373	0.835791235673241	High	Cell_2191	1
Cell_2192	2	1	NA	4.25163204282015	3.84628333795773	0.586026366683654	Low	Cell_2192	1
Cell_2193	2	1	NA	4.51362212056891	3.26578137222446	0.834858234156854	High	Cell_2193	1
Cell_2194	3	1	NA	3.14167484593444	6.01733366833393	0.965177015750669	High	Cell_2194	1
Cell_2195	3	1	NA	0.639412303897853	8.84139526795223	0.925487379194237	High	Cell_2195	1
Cell_2196	1	1	NA	-4.92670538857929	-3.42255452124525	0.890536617604084	High	Cell_2196	1
Cell_2197	3	1	NA	0.926059524159339	8.78751472183696	0.842921165633015	High	Cell_2197	1
Cell_2198	2	1	NA	3.64808112879407	0.587928651564771	0.795684556011111	Medium	Cell_2198	1
Cell_2199	1	1	NA	-1.11774055846173	0.389369442412711	0.701636608457193	Medium	Cell_2199	1
Cell_22	1	1	NA	-0.891854100052482	-2.39671190176123	0.8464017030783	High	Cell_22	1
Cell_220	1	1	NA	-1.75822610164262	-2.38434614323067	0.959428674075752	High	Cell_220	1
Cell_2200	1	1	NA	-5.82409308040571	-4.26149141183645	0.564174056285992	Low	Cell_2200	1
Cell_2201	1	1	NA	-1.20576429808433	-3.50750377978265	0.91008223220706	High	Cell_2201	1
Cell_2202	3	1	NA	1.47822213338504	8.54023481155631	0.858360236161388	High	Cell_2202	1
Cell_2203	1	1	NA	1.3438471432274	-1.14672763758555	0.894162426237017	High	Cell_2203	1
Cell_2204	1	1	NA	-4.73371892661927	-3.59288059521154	0.509158000582829	Low	Cell_2204	1
Cell_2205	1	1	NA	-2.02113285621026	-0.491399049254701	0.587245070491917	Low	Cell_2205	1
Cell_2206	2	1	NA	2.20798810331999	0.794270928223716	0.799324484192766	Medium	Cell_2206	1
Cell_2207	2	1	NA	4.41956005049012	4.13352017093704	0.540319411433302	Low	Cell_2207	1
Cell_2208	1	1	NA	-3.78831120942103	-3.09340662890836	0.853657970903441	High	Cell_2208	1
Cell_2209	1	1	NA	1.87987575936421	-2.20068523677174	0.781834387104027	Medium	Cell_2209	1
Cell_221	2	1	NA	2.75570968368374	0.817788023371214	0.641264165053144	Low	Cell_221	1
Cell_2210	1	1	NA	-5.41212370971126	-3.81694665159792	0.641403954592533	Low	Cell_2210	1
Cell_2211	2	1	NA	1.63778488326664	-1.58665608319746	0.696028382866643	Medium	Cell_2211	1
Cell_2212	1	1	NA	-4.09099411528812	-4.25315906069695	0.836364083923399	High	Cell_2212	1
Cell_2213	1	1	NA	-0.836986440935742	-0.903357541595299	0.581089833634906	Low	Cell_2213	1
Cell_2214	1	1	NA	-4.48334523600925	-4.45220819498182	0.554250951739959	Low	Cell_2214	1
Cell_2215	1	1	NA	1.1326275008346	-0.737105508585182	0.766722114989534	Medium	Cell_2215	1
Cell_2216	1	1	NA	-1.24529514784566	-2.87765748215225	0.551599550177343	Low	Cell_2216	1
Cell_2217	2	1	NA	3.82383432674996	1.76267702051842	0.54670904262457	Low	Cell_2217	1
Cell_2218	3	1	NA	2.75424130986612	7.16948030338727	0.819962571025826	Medium	Cell_2218	1
Cell_2219	1	1	NA	2.20139240345177	-2.67091525935603	0.782021218561567	Medium	Cell_2219	1
Cell_222	3	1	NA	2.78922042738548	7.17856880485919	0.980552396853454	High	Cell_222	1
Cell_2220	1	1	NA	-4.08279528948499	-4.36080866267292	0.65276825975161	Low	Cell_2220	1
Cell_2221	2	1	NA	3.58538351211975	5.18366510343094	0.633004515664652	Low	Cell_2221	1
Cell_2222	2	1	NA	2.57396083618851	0.540603818077746	0.816250394796953	Medium	Cell_2222	1
Cell_2223	3	1	NA	0.642343878209498	8.87342509941247	0.915378916775808	High	Cell_2223	1
Cell_2224	1	1	NA	-1.69642560111189	-0.4206051706122	0.525677807629108	Low	Cell_2224	1
Cell_2225	1	1	NA	-2.27613049112432	-0.634684290233845	0.996167518082075	High	Cell_2225	1
Cell_2226	1	1	NA	-4.28598244211307	-3.26016997068634	0.511043596430682	Low	Cell_2226	1
Cell_2227	2	1	NA	4.36919473117116	1.73684426582384	0.58991944452282	Low	Cell_2227	1
Cell_2228	1	1	NA	-0.00977970785571025	0.0857071939052859	0.664346037432551	Low	Cell_2228	1
Cell_2229	2	1	NA	3.46242194277805	1.26481104928124	0.927447858382948	High	Cell_2229	1
Cell_223	1	1	NA	-1.20508757361424	-1.65745083180616	0.864197214134037	High	Cell_223	1
Cell_2230	3	1	NA	4.06486122050767	5.74498084221696	0.592180156614631	Low	Cell_2230	1
Cell_2231	1	1	NA	1.2358327797503	-0.753119395421898	0.897678351262584	High	Cell_2231	1
Cell_2232	2	1	NA	2.52212098565716	-0.522979411116569	0.929426069138572	High	Cell_2232	1
Cell_2233	1	1	NA	-0.558264117856187	-3.55995584238458	0.736009766929783	Medium	Cell_2233	1
Cell_2234	1	1	NA	-6.22023859048951	-4.57540874153293	0.824101419653744	Medium	Cell_2234	1
Cell_2235	2	1	NA	3.3806297691686	1.73825617630367	0.662520842277445	Low	Cell_2235	1
Cell_2236	1	1	NA	1.36339942357479	-1.71467115571048	0.73306872905232	Medium	Cell_2236	1
Cell_2237	3	1	NA	3.16269653853008	6.85421289771294	0.97120364184957	High	Cell_2237	1
Cell_2238	1	1	NA	-6.97828474203615	-4.11493986873312	0.622732149320655	Low	Cell_2238	1
Cell_2239	1	1	NA	-1.59900246532803	-2.46129639045199	0.511228529619984	Low	Cell_2239	1
Cell_224	2	1	NA	2.08222535140695	0.0739488034483397	0.843187541002408	High	Cell_224	1
Cell_2240	2	1	NA	3.43454204543498	-0.163923586175639	0.983535915263928	High	Cell_2240	1
Cell_2241	1	1	NA	-8.58493430770786	-3.83618207984507	0.630024428479373	Low	Cell_2241	1
Cell_2242	2	1	NA	3.2590955986139	-0.154764475449876	0.827053608256392	Medium	Cell_2242	1
Cell_2243	2	1	NA	3.13743548047651	5.24466336839848	0.537690618773922	Low	Cell_2243	1
Cell_2244	3	1	NA	2.97490399223518	5.73081542726097	0.984623049502261	High	Cell_2244	1
Cell_2245	2	1	NA	2.33614436895164	0.217199176171523	0.959269661922008	High	Cell_2245	1
Cell_2246	3	1	NA	1.69008322323163	8.23294166646367	0.934076268109493	High	Cell_2246	1
Cell_2247	1	1	NA	-5.08598550628018	-3.52364066965442	0.712189487414435	Medium	Cell_2247	1
Cell_2248	1	1	NA	-4.3982875310286	-3.03900678618818	0.890515987994149	High	Cell_2248	1
Cell_2249	2	1	NA	3.51880503900171	3.67029706489973	0.649952946347184	Low	Cell_2249	1
Cell_225	2	1	NA	3.4298064222259	2.20165498575857	0.526421971386299	Low	Cell_225	1
Cell_2250	3	1	NA	2.73791823295746	7.10061994715245	0.644726394210011	Low	Cell_2250	1
Cell_2251	2	1	NA	2.78012915225705	-1.06053202317646	0.999636916560121	High	Cell_2251	1
Cell_2252	1	1	NA	-2.17059226852366	-4.2416304668229	0.99351860396564	High	Cell_2252	1
Cell_2253	1	1	NA	-5.75630132360643	-4.38250286294857	0.740023170597851	Medium	Cell_2253	1
Cell_2254	1	1	NA	1.31966026305076	-1.34281336445848	0.88113753311336	High	Cell_2254	1
Cell_2255	2	1	NA	5.1923129827653	3.4876423393735	0.66430596250575	Low	Cell_2255	1
Cell_2256	1	1	NA	-6.54246690502511	-3.61539085889264	0.618119423626922	Low	Cell_2256	1
Cell_2257	1	1	NA	0.7312246397201	-2.32158867421175	0.808930015191436	Medium	Cell_2257	1
Cell_2258	1	1	NA	-5.77249115949892	-3.53364649575719	0.6702246327186	Medium	Cell_2258	1
Cell_2259	1	1	NA	-3.9188018793787	-2.29927346508657	0.5291955138091	Low	Cell_2259	1
Cell_226	3	1	NA	2.59263991901712	7.67503781749065	0.697610067320056	Medium	Cell_226	1
Cell_2260	1	1	NA	2.77928852649778	-1.71058951443208	0.990972911124118	High	Cell_2260	1
Cell_2261	2	1	NA	1.96692195677546	-0.703524128972846	0.844020060845651	High	Cell_2261	1
Cell_2262	2	1	NA	3.88370607061259	2.50221220222113	0.931091110454872	High	Cell_2262	1
Cell_2263	1	1	NA	0.289650385626868	-0.488613793640627	0.730847741826437	Medium	Cell_2263	1
Cell_2264	1	1	NA	1.37032494801175	-1.92365341504895	0.563013599254191	Low	Cell_2264	1
Cell_2265	1	1	NA	0.967045544017656	-3.80840868013494	0.840147722628899	High	Cell_2265	1
Cell_2266	3	1	NA	0.547860115336563	8.77671966910509	0.509974392596632	Low	Cell_2266	1
Cell_2267	1	1	NA	0.693715779704392	-1.75334935614895	0.581479319836944	Low	Cell_2267	1
Cell_2268	1	1	NA	0.654736340916456	-3.13906730519862	0.947907917550765	High	Cell_2268	1
Cell_2269	1	1	NA	-1.70398723227191	-0.743000876308649	0.576578872278333	Low	Cell_2269	1
Cell_227	1	1	NA	-1.05135417077098	-2.89477322036149	0.738922689924948	Medium	Cell_227	1
Cell_2270	1	1	NA	-0.801888854150015	-2.4091858108632	0.629320796811953	Low	Cell_2270	1
Cell_2271	3	1	NA	-0.456448639429067	9.10058916515759	0.622012340114452	Low	Cell_2271	1
Cell_2272	2	1	NA	2.65448780171385	1.46278250530257	0.655932453693822	Low	Cell_2272	1
Cell_2273	2	1	NA	3.60227979999846	4.88753231487495	0.610623344779015	Low	Cell_2273	1
Cell_2274	2	1	NA	3.0349764714439	1.7828369812324	0.515273421420716	Low	Cell_2274	1
Cell_2275	3	1	NA	1.42172326730505	8.57333090195917	0.9515183045296	High	Cell_2275	1
Cell_2276	1	1	NA	-1.90341942869603	-1.09847338349979	0.979698732146062	High	Cell_2276	1
Cell_2277	2	1	NA	3.41330666668807	2.21955155637251	0.971424330724403	High	Cell_2277	1
Cell_2278	1	1	NA	-6.70496412436371	-4.51730526477422	0.726650019991212	Medium	Cell_2278	1
Cell_2279	1	1	NA	-1.19298858452672	-2.95029790739124	0.718832501210272	Medium	Cell_2279	1
Cell_228	1	1	NA	0.884909140995165	-0.471833432598128	0.780126631841995	Medium	Cell_228	1
Cell_2280	1	1	NA	-4.73306914908746	-4.09872349320996	0.525083073880523	Low	Cell_2280	1
Cell_2281	1	1	NA	0.737216724923526	-2.39476133274264	0.679910634178668	Medium	Cell_2281	1
Cell_2282	3	1	NA	3.5076601789435	6.46618830467733	0.948322032345459	High	Cell_2282	1
Cell_2283	3	1	NA	3.05774266676416	6.11606460224848	0.685531583614647	Medium	Cell_2283	1
Cell_2284	1	1	NA	-2.55954942318892	-3.23437429389795	0.751642505638301	Medium	Cell_2284	1
Cell_2285	1	1	NA	-6.15326514349263	-3.7327182883797	0.763799653039314	Medium	Cell_2285	1
Cell_2286	2	1	NA	2.44256221140882	-0.409271506192564	0.585135032539256	Low	Cell_2286	1
Cell_2287	2	1	NA	2.09434821169714	0.158658398863066	0.769299388397485	Medium	Cell_2287	1
Cell_2288	3	1	NA	3.30215822229616	6.96009740906433	0.55524672253523	Low	Cell_2288	1
Cell_2289	1	1	NA	2.4872329695983	-2.49254834651746	0.80705251719337	Medium	Cell_2289	1
Cell_229	3	1	NA	3.0249667788083	6.14756343523503	0.849130797432736	High	Cell_229	1
Cell_2290	2	1	NA	1.68319316808484	0.505965791571714	0.772488213493489	Medium	Cell_2290	1
Cell_2291	1	1	NA	-1.64886723621424	-4.02445996890143	0.61381434625946	Low	Cell_2291	1
Cell_2292	1	1	NA	1.25647120200544	-1.62123879416915	0.950754326302558	High	Cell_2292	1
Cell_2293	1	1	NA	-2.55580883108728	-4.04722954613343	0.599263218347915	Low	Cell_2293	1
Cell_2294	1	1	NA	-1.3513234515551	-3.59458580243541	0.710906058782712	Medium	Cell_2294	1
Cell_2295	3	1	NA	3.78098934967129	6.27204617559363	0.942180929007009	High	Cell_2295	1
Cell_2296	3	1	NA	1.94227722634902	8.02424826122706	0.619100423296914	Low	Cell_2296	1
Cell_2297	1	1	NA	-5.53687868758138	-3.96738767860731	0.645815299125388	Low	Cell_2297	1
Cell_2298	1	1	NA	1.38159170674102	-1.39961079587426	0.938197634764947	High	Cell_2298	1
Cell_2299	1	1	NA	-1.61997951847308	-2.1140278657553	0.809536237502471	Medium	Cell_2299	1
Cell_23	1	1	NA	-6.64411092685598	-3.48235056140274	0.820253406884149	Medium	Cell_23	1
Cell_230	1	1	NA	0.585194674072399	-1.817583905028	0.957841769210063	High	Cell_230	1
Cell_2300	1	1	NA	-6.34795176456492	-4.4306898603074	0.928649376844987	High	Cell_2300	1
Cell_2301	2	1	NA	2.59636950243524	-0.177455222464522	0.738642166252248	Medium	Cell_2301	1
Cell_2302	1	1	NA	-5.06247544832736	-3.95283781888595	0.947115479968488	High	Cell_2302	1
Cell_2303	1	1	NA	2.91870136433853	-2.97713615529631	0.584534678375348	Low	Cell_2303	1
Cell_2304	1	1	NA	-3.38615396833434	-3.88291833309528	0.810535068856552	Medium	Cell_2304	1
Cell_2305	1	1	NA	0.436039813670493	-2.54928352797848	0.861380264861509	High	Cell_2305	1
Cell_2306	2	1	NA	2.83637282502779	-0.758145900955405	0.595108081703074	Low	Cell_2306	1
Cell_2307	1	1	NA	-3.63481423035704	-3.05515158067976	0.784357751137577	Medium	Cell_2307	1
Cell_2308	1	1	NA	-1.2885517447563	-1.9889172265022	0.835765663767233	High	Cell_2308	1
Cell_2309	1	1	NA	-1.23607777936701	-1.86309038621891	0.959605449344963	High	Cell_2309	1
Cell_231	2	1	NA	4.10114650275234	2.66886938904315	0.809175613685511	Medium	Cell_231	1
Cell_2310	3	1	NA	0.54742087276584	8.88566017270972	0.662779848906212	Low	Cell_2310	1
Cell_2311	1	1	NA	-1.92035158030026	-3.35968595266923	0.773376035154797	Medium	Cell_2311	1
Cell_2312	2	1	NA	1.2605750715593	-0.243434634200803	0.502495589316823	Low	Cell_2312	1
Cell_2313	1	1	NA	1.44603383036132	-1.46491422738896	0.685058070695959	Medium	Cell_2313	1
Cell_2314	1	1	NA	1.64230351693341	-3.74683052260748	0.81881071231328	Medium	Cell_2314	1
Cell_2315	1	1	NA	-0.986194551565927	-4.73525681107902	0.804803505074233	Medium	Cell_2315	1
Cell_2316	1	1	NA	-2.38047282025101	-2.76601759487563	0.909146084566601	High	Cell_2316	1
Cell_2317	1	1	NA	1.42430963304446	-2.33501946715274	0.558945898315869	Low	Cell_2317	1
Cell_2318	1	1	NA	-2.20823150457066	-0.633058475196073	0.831678835558705	Medium	Cell_2318	1
Cell_2319	2	1	NA	3.54327279052703	0.819539798380231	0.600803627632558	Low	Cell_2319	1
Cell_232	2	1	NA	3.53515885916356	4.375056912287	0.714210754376836	Medium	Cell_232	1
Cell_2320	3	1	NA	0.950192696811839	8.81007245547845	0.793429770739749	Medium	Cell_2320	1
Cell_2321	1	1	NA	-5.10964324956345	-3.33231943270955	0.847534989356063	High	Cell_2321	1
Cell_2322	1	1	NA	-8.50172399013664	-3.71541422517426	0.764144073938951	Medium	Cell_2322	1
Cell_2323	3	1	NA	3.35302151631181	6.03549121626949	0.684760755044408	Medium	Cell_2323	1
Cell_2324	1	1	NA	-2.61668927318598	-3.06838667972912	0.849236202775501	High	Cell_2324	1
Cell_2325	2	1	NA	3.48085886105291	4.49593765855679	0.73685222864151	Medium	Cell_2325	1
Cell_2326	3	1	NA	2.76610418470466	7.03432927207468	0.615403924020939	Low	Cell_2326	1
Cell_2327	1	1	NA	3.84206791222545	-7.81486098626345	0.727067348314449	Medium	Cell_2327	1
Cell_2328	1	1	NA	1.34600231051314	-1.12342893825218	0.539595959591679	Low	Cell_2328	1
Cell_2329	1	1	NA	-6.87407797366127	-3.72601039092525	0.628840286866762	Low	Cell_2329	1
Cell_233	2	1	NA	4.28949590094241	2.92607789632306	0.77104018360842	Medium	Cell_233	1
Cell_2330	1	1	NA	-2.66377114515649	-3.51952478394484	0.777040250366554	Medium	Cell_2330	1
Cell_2331	1	1	NA	-1.90778305794729	-0.0677637233053058	0.510879896581173	Low	Cell_2331	1
Cell_2332	2	1	NA	2.75241566939782	0.427024837539876	0.605551031883806	Low	Cell_2332	1
Cell_2333	1	1	NA	0.920042258517079	-1.54687559523734	0.818196696112864	Medium	Cell_2333	1
Cell_2334	1	1	NA	-2.20027719646147	-4.03923918568436	0.858486885554157	High	Cell_2334	1
Cell_2335	1	1	NA	-0.930471534171178	-1.07375402374469	0.888431202736683	High	Cell_2335	1
Cell_2336	1	1	NA	-2.2415902948229	-3.69900317368857	0.536604282679036	Low	Cell_2336	1
Cell_2337	2	1	NA	3.51572871148027	0.138834038408217	0.54937418573536	Low	Cell_2337	1
Cell_2338	1	1	NA	-4.00823454185692	-3.49144786755911	0.97319778020028	High	Cell_2338	1
Cell_2339	1	1	NA	0.419059736187495	-4.35319454791758	0.965441703912802	High	Cell_2339	1
Cell_234	1	1	NA	1.01756233760636	-1.55338181577718	0.529239244293422	Low	Cell_234	1
Cell_2340	1	1	NA	-4.19811650855994	-4.32727066833545	0.96072577079758	High	Cell_2340	1
Cell_2341	1	1	NA	-5.60868899825168	-4.28473463018622	0.824969324166887	Medium	Cell_2341	1
Cell_2342	1	1	NA	-0.494060138382945	-1.39826849233052	0.578175183036365	Low	Cell_2342	1
Cell_2343	1	1	NA	1.60455624805245	-2.61403567426619	0.95507183438167	High	Cell_2343	1
Cell_2344	1	1	NA	-4.01238797988793	-2.36970034806482	0.961030943901278	High	Cell_2344	1
Cell_2345	1	1	NA	-1.92651179073236	-3.96219551717045	0.584620306966826	Low	Cell_2345	1
Cell_2346	1	1	NA	-7.25120960000601	-4.09711417418163	0.536683657788672	Low	Cell_2346	1
Cell_2347	1	1	NA	1.40112668434403	-1.2831954791139	0.783114465535618	Medium	Cell_2347	1
Cell_2348	2	1	NA	3.48806245996169	4.70804097184878	0.682702648453414	Medium	Cell_2348	1
Cell_2349	1	1	NA	-2.34641323038787	-3.7120244786501	0.730083309463225	Medium	Cell_2349	1
Cell_235	1	1	NA	-0.98629201210547	-1.85285950167712	0.63042842852883	Low	Cell_235	1
Cell_2350	3	1	NA	1.53513479335364	8.06819089837973	0.732368456199765	Medium	Cell_2350	1
Cell_2351	3	1	NA	-1.12481867724046	9.25032673662059	0.88945355406031	High	Cell_2351	1
Cell_2352	2	1	NA	3.49311689690668	4.77025683210262	0.911833188147284	High	Cell_2352	1
Cell_2353	2	1	NA	3.58125383425425	1.55186937564184	0.641177526093088	Low	Cell_2353	1
Cell_2354	1	1	NA	-3.10536912231416	-3.98143346603669	0.864989157067612	High	Cell_2354	1
Cell_2355	2	1	NA	3.97467172056522	4.57500942016535	0.747985842986964	Medium	Cell_2355	1
Cell_2356	2	1	NA	3.89865506918145	2.25699870895099	0.533134150551632	Low	Cell_2356	1
Cell_2357	1	1	NA	-9.12125031213715	-3.95707699002808	0.518823915277608	Low	Cell_2357	1
Cell_2358	2	1	NA	3.81272399783608	3.45885112406127	0.618792537017725	Low	Cell_2358	1
Cell_2359	2	1	NA	3.97137038145107	4.48678341999753	0.609198055113666	Low	Cell_2359	1
Cell_236	2	1	NA	4.23763991723451	4.87912843472851	0.698575976653956	Medium	Cell_236	1
Cell_2360	1	1	NA	-7.67821326504766	-3.99590433493534	0.711193137452938	Medium	Cell_2360	1
Cell_2361	2	1	NA	3.73085931210779	0.772947854175656	0.774875816539861	Medium	Cell_2361	1
Cell_2362	1	1	NA	0.455781207328378	-1.41085855412258	0.856868802336976	High	Cell_2362	1
Cell_2363	1	1	NA	-2.57255728400819	-3.83107118034387	0.619997054338455	Low	Cell_2363	1
Cell_2364	1	1	NA	-4.02406249515949	-3.04423505819785	0.947841006563976	High	Cell_2364	1
Cell_2365	1	1	NA	-5.77588880349281	-4.5560631729963	0.741311894031242	Medium	Cell_2365	1
Cell_2366	3	1	NA	2.81646446612667	5.65754303817573	0.631423500948586	Low	Cell_2366	1
Cell_2367	1	1	NA	0.875899302095976	-0.41614221221038	0.659959380165674	Low	Cell_2367	1
Cell_2368	1	1	NA	-6.14799606707474	-4.54776728479057	0.83215098711662	Medium	Cell_2368	1
Cell_2369	1	1	NA	-3.43216035638206	-2.89318446300393	0.864025680697523	High	Cell_2369	1
Cell_237	1	1	NA	0.209044901477704	-1.07348000783295	0.59887236834038	Low	Cell_237	1
Cell_2370	2	1	NA	2.82522512004047	2.48771805510367	0.785717975464649	Medium	Cell_2370	1
Cell_2371	1	1	NA	-5.59677037139462	-4.62389496670778	0.939347538165748	High	Cell_2371	1
Cell_2372	1	1	NA	-0.361734099222326	-2.89813485025001	0.704601639416069	Medium	Cell_2372	1
Cell_2373	2	1	NA	2.1267876438569	-1.17665341137254	0.602697894792072	Low	Cell_2373	1
Cell_2374	1	1	NA	-4.04069111353477	-4.2353900232191	0.735410208581015	Medium	Cell_2374	1
Cell_2375	1	1	NA	-7.42355299170748	-4.24699646852791	0.689703887677751	Medium	Cell_2375	1
Cell_2376	1	1	NA	0.927160181879275	-1.52268864207755	0.623782481183298	Low	Cell_2376	1
Cell_2377	3	1	NA	2.20084177432438	7.82651358281523	0.962516262894496	High	Cell_2377	1
Cell_2378	1	1	NA	-1.41951938013259	-1.87918055375387	0.733087353291921	Medium	Cell_2378	1
Cell_2379	3	1	NA	2.30003274444227	7.61926719599018	0.506970841670409	Low	Cell_2379	1
Cell_238	3	1	NA	0.77196726303678	8.88717254361454	0.915963781415485	High	Cell_238	1
Cell_2380	2	1	NA	2.77264564519288	-0.605435183244218	0.971612369059585	High	Cell_2380	1
Cell_2381	2	1	NA	2.77732970252989	0.148937644112658	0.687272827723064	Medium	Cell_2381	1
Cell_2382	2	1	NA	2.78471907030379	2.14058956052895	0.504020767752081	Low	Cell_2382	1
Cell_2383	2	1	NA	2.68235869721939	2.50286379580985	0.990262251696549	High	Cell_2383	1
Cell_2384	2	1	NA	1.73983555871002	-0.0464353309577369	0.688770027947612	Medium	Cell_2384	1
Cell_2385	2	1	NA	3.72402279980002	3.62771003934977	0.992933777393773	High	Cell_2385	1
Cell_2386	1	1	NA	-1.09619758320209	-1.34023054609164	0.569808195345104	Low	Cell_2386	1
Cell_2387	1	1	NA	-0.24665929500804	0.136229929515698	0.781109051546082	Medium	Cell_2387	1
Cell_2388	1	1	NA	-1.98694177441471	-3.01826073696978	0.897180097177625	High	Cell_2388	1
Cell_2389	3	1	NA	4.0167888316613	5.88517956443748	0.596950684324838	Low	Cell_2389	1
Cell_239	2	1	NA	3.79209854093907	3.96571483767524	0.576443611411378	Low	Cell_239	1
Cell_2390	1	1	NA	-3.79632186517843	-2.77871170316558	0.85534925153479	High	Cell_2390	1
Cell_2391	2	1	NA	2.79651256916916	-0.0548093152012711	0.782854010001756	Medium	Cell_2391	1
Cell_2392	2	1	NA	3.60570619250559	2.84493707069034	0.505057866568677	Low	Cell_2392	1
Cell_2393	2	1	NA	3.40398366406082	4.44763104091541	0.628475433913991	Low	Cell_2393	1
Cell_2394	1	1	NA	0.605631229641178	-4.22728839300306	0.735490741441026	Medium	Cell_2394	1
Cell_2395	1	1	NA	-6.3732675546605	-4.43436526215805	0.96343137358781	High	Cell_2395	1
Cell_2396	1	1	NA	-4.11141334147968	-3.93886857768187	0.997645989409648	High	Cell_2396	1
Cell_2397	2	1	NA	2.39584357315374	0.130542113526974	0.604991150205024	Low	Cell_2397	1
Cell_2398	1	1	NA	-3.5062564151888	-3.05680121168863	0.772593454108573	Medium	Cell_2398	1
Cell_2399	2	1	NA	2.58393921943787	2.18049048749845	0.822696436196566	Medium	Cell_2399	1
Cell_24	1	1	NA	-2.35483949060464	-4.1713502600316	0.997134888311848	High	Cell_24	1
Cell_240	1	1	NA	-6.94025593044101	-4.60655489643429	0.901709271012805	High	Cell_240	1
Cell_2400	1	1	NA	-1.41651867720669	-3.36708400235396	0.95055399031844	High	Cell_2400	1
Cell_2401	1	1	NA	-3.14207590463386	-2.01089488994937	0.866160873672925	High	Cell_2401	1
Cell_2402	1	1	NA	-8.43693926025857	-3.67694532353068	0.804855350987054	Medium	Cell_2402	1
Cell_2403	3	1	NA	2.06872903891967	7.29023087644705	0.612186066806316	Low	Cell_2403	1
Cell_2404	1	1	NA	-6.31713504332724	-4.45382764368091	0.958085506688803	High	Cell_2404	1
Cell_2405	2	1	NA	3.54710848785547	-0.132052880197126	0.901380512397736	High	Cell_2405	1
Cell_2406	1	1	NA	-2.82275612153522	-3.22355370512644	0.656204306287691	Low	Cell_2406	1
Cell_2407	1	1	NA	1.30492978116618	-1.71470375169322	0.613625598140061	Low	Cell_2407	1
Cell_2408	2	1	NA	3.48976157383635	1.14764344413068	0.828797601978295	Medium	Cell_2408	1
Cell_2409	1	1	NA	-1.48948268567685	-4.66285421811084	0.867865578155033	High	Cell_2409	1
Cell_241	2	1	NA	2.13269269154402	0.920723277131282	0.773413078277372	Medium	Cell_241	1
Cell_2410	2	1	NA	3.98361784514973	4.57350677227554	0.732547127292491	Medium	Cell_2410	1
Cell_2411	3	1	NA	2.63640153499582	7.24124789500216	0.931802664650604	High	Cell_2411	1
Cell_2412	1	1	NA	-1.19094020751242	-2.3520794326299	0.837500291643664	High	Cell_2412	1
Cell_2413	2	1	NA	1.82870547831847	-0.150207334335878	0.580733944429085	Low	Cell_2413	1
Cell_2414	2	1	NA	3.4882999540443	4.72661881552297	0.506045153364539	Low	Cell_2414	1
Cell_2415	2	1	NA	4.48677963585736	4.28619191605192	0.933034013723955	High	Cell_2415	1
Cell_2416	1	1	NA	-3.00383757247108	-2.03046827351185	0.550356393912807	Low	Cell_2416	1
Cell_2417	1	1	NA	-4.08871219063501	-4.09926866811163	0.656116122263484	Low	Cell_2417	1
Cell_2418	1	1	NA	-4.44489464381548	-3.1186186655552	0.717247526510619	Medium	Cell_2418	1
Cell_2419	1	1	NA	0.651903832979942	-2.50756642367808	0.807878032093868	Medium	Cell_2419	1
Cell_242	1	1	NA	-5.54114768459647	-3.68106323986111	0.831158821005374	Medium	Cell_242	1
Cell_2420	1	1	NA	-5.5929161678948	-4.13065432520424	0.669612028403208	Medium	Cell_2420	1
Cell_2421	1	1	NA	1.27413803601454	-1.29703023507493	0.789989051409066	Medium	Cell_2421	1
Cell_2422	1	1	NA	0.644060654769893	-1.46644831218889	0.914837401360273	High	Cell_2422	1
Cell_2423	1	1	NA	-2.20009619699787	-2.60581849901894	0.667309072799981	Medium	Cell_2423	1
Cell_2424	1	1	NA	-1.14495605984126	-1.89977881633497	0.691009498084895	Medium	Cell_2424	1
Cell_2425	2	1	NA	4.4602477002584	4.34737555042859	0.802844967343844	Medium	Cell_2425	1
Cell_2426	1	1	NA	-2.73185358863995	-3.10587904249016	0.747867946047336	Medium	Cell_2426	1
Cell_2427	2	1	NA	2.82959934119759	1.27279415625033	0.554633941850625	Low	Cell_2427	1
Cell_2428	2	1	NA	3.11728601718258	-0.545312386737307	0.92296414996963	High	Cell_2428	1
Cell_2429	1	1	NA	-5.4004350662566	-4.57714568766062	0.72292826755438	Medium	Cell_2429	1
Cell_243	1	1	NA	-0.141465334086109	0.187156493180259	0.585849246941507	Low	Cell_243	1
Cell_2430	2	1	NA	3.53286332391871	1.42080602656365	0.875187952420674	High	Cell_2430	1
Cell_2431	2	1	NA	2.28197377122033	1.16392600032605	0.897769309813157	High	Cell_2431	1
Cell_2432	1	1	NA	-5.29707885850881	-3.99664156250034	0.695349428569898	Medium	Cell_2432	1
Cell_2433	1	1	NA	-1.84735722259891	-3.24472391693435	0.507423944422044	Low	Cell_2433	1
Cell_2434	1	1	NA	-1.91614626370829	-1.78529373097266	0.871707413345575	High	Cell_2434	1
Cell_2435	1	1	NA	-0.255142062111938	-1.53543441634721	0.534192589344457	Low	Cell_2435	1
Cell_2436	2	1	NA	2.61326188197423	2.31519512484922	0.766010315390304	Medium	Cell_2436	1
Cell_2437	1	1	NA	0.933231047062486	-1.11444852860582	0.561315206927247	Low	Cell_2437	1
Cell_2438	2	1	NA	2.68354339021889	-0.565398045585447	0.837884999578819	High	Cell_2438	1
Cell_2439	3	1	NA	-0.389341172817721	9.12624410481367	0.528010033885948	Low	Cell_2439	1
Cell_244	1	1	NA	-5.40061780403883	-3.64288973701207	0.816527679911815	Medium	Cell_244	1
Cell_2440	1	1	NA	2.2124378373316	-3.30095390731231	0.899004692910239	High	Cell_2440	1
Cell_2441	1	1	NA	-1.40063342782776	-1.6688105662065	0.831302482285537	Medium	Cell_2441	1
Cell_2442	1	1	NA	-3.86346904308044	-3.77894061790338	0.622120698331855	Low	Cell_2442	1
Cell_2443	1	1	NA	-3.0609388381976	-3.03153257605624	0.580186218605377	Low	Cell_2443	1
Cell_2444	1	1	NA	-2.44795059455082	-3.38450185060691	0.528999950154684	Low	Cell_2444	1
Cell_2445	1	1	NA	-2.22640410634805	-0.723451435465922	0.507605596911162	Low	Cell_2445	1
Cell_2446	1	1	NA	-8.19359041127466	-4.28358130320189	0.916677385801449	High	Cell_2446	1
Cell_2447	2	1	NA	3.51607039565981	3.62487019205696	0.63093860889785	Low	Cell_2447	1
Cell_2448	2	1	NA	3.97490123856438	4.51272707440861	0.527707413071766	Low	Cell_2448	1
Cell_2449	2	1	NA	2.0294657994472	-0.0340993293835056	0.674016716424376	Medium	Cell_2449	1
Cell_245	1	1	NA	0.113268892922092	-1.85287297434957	0.655934873386286	Low	Cell_245	1
Cell_2450	1	1	NA	3.78852489853216	-7.65455115025072	0.790109204477631	Medium	Cell_2450	1
Cell_2451	1	1	NA	-7.58221514095698	-4.27279854169739	0.902109137852676	High	Cell_2451	1
Cell_2452	1	1	NA	-0.871087841377157	-0.46993449235903	0.670132863218896	Medium	Cell_2452	1
Cell_2453	1	1	NA	-4.09723582876133	-4.20687035433468	0.567425165441819	Low	Cell_2453	1
Cell_2454	2	1	NA	3.95149177309809	1.35609511046475	0.886806460097432	High	Cell_2454	1
Cell_2455	2	1	NA	2.71415926518966	0.513702260936538	0.938618924934417	High	Cell_2455	1
Cell_2456	3	1	NA	0.130016393194414	8.9197505969508	0.993984017521143	High	Cell_2456	1
Cell_2457	2	1	NA	2.15205623314428	0.341646857089148	0.827409292571247	Medium	Cell_2457	1
Cell_2458	1	1	NA	-4.76101267210102	-4.55051934494186	0.627013651654124	Low	Cell_2458	1
Cell_2459	1	1	NA	-3.08704997230418	-3.70233161056845	0.82072777999565	Medium	Cell_2459	1
Cell_246	1	1	NA	0.145460117677869	0.0771136803471886	0.862277173204347	High	Cell_246	1
Cell_2460	1	1	NA	-5.04104389401115	-4.12059022129768	0.725306190317497	Medium	Cell_2460	1
Cell_2461	1	1	NA	-2.54793683550126	-3.80542358862096	0.598480598535389	Low	Cell_2461	1
Cell_2462	1	1	NA	-1.35422915232095	-3.89031972729605	0.803093742695637	Medium	Cell_2462	1
Cell_2463	1	1	NA	-3.54402836868781	-3.12838440117158	0.987314874888398	High	Cell_2463	1
Cell_2464	3	1	NA	3.57953092751116	6.17057510379917	0.599587190663442	Low	Cell_2464	1
Cell_2465	2	1	NA	3.02717203993057	0.475421659483603	0.717379486770369	Medium	Cell_2465	1
Cell_2466	1	1	NA	-2.0542596329772	-2.98203143598519	0.669769367319532	Medium	Cell_2466	1
Cell_2467	2	1	NA	3.43294258573414	2.96416477488761	0.517004121211357	Low	Cell_2467	1
Cell_2468	1	1	NA	-2.57591536247912	-0.790010116588472	0.549599281628616	Low	Cell_2468	1
Cell_2469	1	1	NA	-1.52336334464371	-3.506286878222	0.709616416366771	Medium	Cell_2469	1
Cell_247	2	1	NA	1.58431729838739	-0.310143568949279	0.699469912331551	Medium	Cell_247	1
Cell_2470	1	1	NA	-2.44491944531311	-0.803580148560383	0.523669169982895	Low	Cell_2470	1
Cell_2471	1	1	NA	-1.6352096876931	-3.33428906484893	0.513264638488181	Low	Cell_2471	1
Cell_2472	1	1	NA	-3.92881990339579	-2.97414637850018	0.5867560232291	Low	Cell_2472	1
Cell_2473	1	1	NA	-2.48521351452847	-3.17861360008145	0.689043267164379	Medium	Cell_2473	1
Cell_2474	1	1	NA	0.313793885726191	-3.41087732754983	0.794161392142996	Medium	Cell_2474	1
Cell_2475	2	1	NA	3.63613302672849	1.61683837682299	0.66821483511012	Medium	Cell_2475	1
Cell_2476	1	1	NA	-6.62564894221109	-3.54863566775267	0.747274143388495	Medium	Cell_2476	1
Cell_2477	1	1	NA	-6.39924422874984	-4.34452045297156	0.876163337379694	High	Cell_2477	1
Cell_2478	1	1	NA	-1.53873318351447	-1.88766150074982	0.584531055996194	Low	Cell_2478	1
Cell_2479	1	1	NA	-2.78158691336614	-4.2832105420506	0.921815818292089	High	Cell_2479	1
Cell_248	2	1	NA	2.23671789344088	-0.372151276965363	0.984678205568343	High	Cell_248	1
Cell_2480	2	1	NA	3.89856884736237	3.81331794796997	0.660151428193785	Low	Cell_2480	1
Cell_2481	3	1	NA	2.54241419325101	7.36971159875649	0.616943608154543	Low	Cell_2481	1
Cell_2482	1	1	NA	0.622715782129756	-4.09975589572623	0.654996782890521	Low	Cell_2482	1
Cell_2483	2	1	NA	2.41386487744093	0.491667978434237	0.894954981631599	High	Cell_2483	1
Cell_2484	2	1	NA	5.04430125601224	3.80338740140967	0.627253874554299	Low	Cell_2484	1
Cell_2485	1	1	NA	-9.07849024770937	-3.95769143048242	0.961411762866192	High	Cell_2485	1
Cell_2486	1	1	NA	0.560636948259156	-0.782389961470035	0.574176748748869	Low	Cell_2486	1
Cell_2487	1	1	NA	-1.34255417144085	-4.17324689148879	0.608238903223537	Low	Cell_2487	1
Cell_2488	2	1	NA	3.89540575262352	3.34915725378246	0.813045905902982	Medium	Cell_2488	1
Cell_2489	2	1	NA	2.87372641942728	1.02339792487227	0.628535086638294	Low	Cell_2489	1
Cell_249	1	1	NA	1.23138939339862	-1.50924222929771	0.983699185308069	High	Cell_249	1
Cell_2490	1	1	NA	0.940110929147405	-0.128201013707902	0.85358687385451	High	Cell_2490	1
Cell_2491	1	1	NA	-0.859946199205409	-2.45238515479233	0.871202609152533	High	Cell_2491	1
Cell_2492	1	1	NA	0.30385904782876	-1.94596744679066	0.631178196752444	Low	Cell_2492	1
Cell_2493	3	1	NA	2.6153960222499	7.75362003056905	0.786309903953224	Medium	Cell_2493	1
Cell_2494	1	1	NA	0.225042768667124	-0.14161806215309	0.957824313896708	High	Cell_2494	1
Cell_2495	1	1	NA	-0.294751898476425	-0.703872092691795	0.85421002516523	High	Cell_2495	1
Cell_2496	2	1	NA	3.75523202963103	1.82312851597593	0.922177535365336	High	Cell_2496	1
Cell_2497	2	1	NA	2.00777749794306	0.89413885145801	0.959971207077615	High	Cell_2497	1
Cell_2498	1	1	NA	1.4530093700868	-1.69624688040022	0.647317337221466	Low	Cell_2498	1
Cell_2499	2	1	NA	3.31371830086032	2.2217463356359	0.82532633212395	Medium	Cell_2499	1
Cell_25	1	1	NA	0.5354292041584	-1.78923350596889	0.827852899557911	Medium	Cell_25	1
Cell_250	2	1	NA	3.07876363930292	3.23600465565052	0.863351269508712	High	Cell_250	1
Cell_2500	2	1	NA	2.80995608769444	-0.385469445524363	0.570883095148019	Low	Cell_2500	1
Cell_2501	1	1	NA	-0.356575391442805	-1.0960593037603	0.926765840966254	High	Cell_2501	1
Cell_2502	3	1	NA	2.2670278508834	7.93520164968773	0.833003308041953	Medium	Cell_2502	1
Cell_2503	3	1	NA	0.695909261297833	8.81004934248918	0.866663339664228	High	Cell_2503	1
Cell_2504	1	1	NA	-0.394555118793135	-2.52189897796231	0.657370174652897	Low	Cell_2504	1
Cell_2505	1	1	NA	-5.32461592162441	-3.27959358790429	0.833858970087022	High	Cell_2505	1
Cell_2506	2	1	NA	3.15579839452249	2.54245745106884	0.731943355756812	Medium	Cell_2506	1
Cell_2507	1	1	NA	-2.09271337456848	-1.20789186978831	0.825141465640627	Medium	Cell_2507	1
Cell_2508	1	1	NA	-4.68530234538633	-4.2113406517119	0.892887604073621	High	Cell_2508	1
Cell_2509	1	1	NA	-0.544295004414097	-0.616749560624495	0.950852100388147	High	Cell_2509	1
Cell_251	3	1	NA	0.32795392183974	8.92211612292696	0.628608373226598	Low	Cell_251	1
Cell_2510	2	1	NA	3.44498701385175	4.58625483102006	0.763703774078749	Medium	Cell_2510	1
Cell_2511	1	1	NA	-1.70349190978169	-0.963647962746986	0.579054524190724	Low	Cell_2511	1
Cell_2512	2	1	NA	2.87776303307661	0.784582235424474	0.634809376555495	Low	Cell_2512	1
Cell_2513	1	1	NA	-1.91273715912256	-0.828041556590532	0.567270107218064	Low	Cell_2513	1
Cell_2514	1	1	NA	1.61991011895593	-3.46896219134759	0.618778777658008	Low	Cell_2514	1
Cell_2515	1	1	NA	0.47887827658467	-1.44260434610766	0.861528311041184	High	Cell_2515	1
Cell_2516	1	1	NA	-7.05348711555869	-4.08296375968064	0.813562716124579	Medium	Cell_2516	1
Cell_2517	3	1	NA	2.52363864425995	7.52951336622111	0.726182246347889	Medium	Cell_2517	1
Cell_2518	1	1	NA	-1.95056549252784	-3.78088694658201	0.81715348677244	Medium	Cell_2518	1
Cell_2519	1	1	NA	-0.955790651662333	-2.02639667105308	0.764748439774849	Medium	Cell_2519	1
Cell_252	2	1	NA	1.58996408923224	-0.98407045980246	0.610893967328593	Low	Cell_252	1
Cell_2520	2	1	NA	2.14703107911099	-0.65100489943144	0.665053192875348	Low	Cell_2520	1
Cell_2521	1	1	NA	0.536824936632615	-1.7747774361456	0.88536868034862	High	Cell_2521	1
Cell_2522	1	1	NA	-2.15991703199681	-1.21647576086341	0.817494584363885	Medium	Cell_2522	1
Cell_2523	1	1	NA	-1.0166645913294	-2.63484897940474	0.887181842001155	High	Cell_2523	1
Cell_2524	1	1	NA	-0.558329842025427	-1.52366018302666	0.589424581965432	Low	Cell_2524	1
Cell_2525	1	1	NA	3.78560602191166	-7.93886688241194	0.698201136896387	Medium	Cell_2525	1
Cell_2526	1	1	NA	0.243281211981597	-2.45630476364645	0.981357932905667	High	Cell_2526	1
Cell_2527	1	1	NA	-7.310529902698	-4.1195632338114	0.688656809623353	Medium	Cell_2527	1
Cell_2528	1	1	NA	-3.55458131017975	-3.07454968492497	0.538777474896051	Low	Cell_2528	1
Cell_2529	2	1	NA	2.41226617606562	-1.58314145097679	0.764667554525658	Medium	Cell_2529	1
Cell_253	1	1	NA	1.15887648024275	-1.62738645484157	0.796522825839929	Medium	Cell_253	1
Cell_2530	1	1	NA	-1.23034379841934	-2.9524832155818	0.974861996830441	High	Cell_2530	1
Cell_2531	2	1	NA	3.50992863950891	3.84322408730881	0.928056527045555	High	Cell_2531	1
Cell_2532	2	1	NA	1.92192689189039	1.38201752664488	0.774718071916141	Medium	Cell_2532	1
Cell_2533	1	1	NA	1.3420679858214	-1.19831564861793	0.832476770854555	Medium	Cell_2533	1
Cell_2534	2	1	NA	2.39733994210812	0.636509471946667	0.750224068295211	Medium	Cell_2534	1
Cell_2535	1	1	NA	-0.855682069319845	-2.35643901734903	0.962036080425605	High	Cell_2535	1
Cell_2536	1	1	NA	-1.13944206771766	-2.90073906603046	0.545963976765051	Low	Cell_2536	1
Cell_2537	1	1	NA	-1.93004359225828	-2.09056752027266	0.748476678738371	Medium	Cell_2537	1
Cell_2538	1	1	NA	0.681353771596872	-0.332510920472528	0.891112047014758	High	Cell_2538	1
Cell_2539	2	1	NA	1.82494904490435	0.323990779794047	0.934923437074758	High	Cell_2539	1
Cell_254	1	1	NA	2.15529796083886	-3.21126675394653	0.633760716067627	Low	Cell_254	1
Cell_2540	2	1	NA	2.88562554537677	2.49687755516035	0.95077616465278	High	Cell_2540	1
Cell_2541	3	1	NA	3.02069452296412	6.27753250060533	0.905691243940964	High	Cell_2541	1
Cell_2542	3	1	NA	3.43921529323196	5.75538270101905	0.57686481368728	Low	Cell_2542	1
Cell_2543	1	1	NA	-6.70548746691902	-4.2325463291797	0.864879363914952	High	Cell_2543	1
Cell_2544	1	1	NA	-3.73628979048478	-2.59325323261899	0.879751466563903	High	Cell_2544	1
Cell_2545	2	1	NA	2.34578202575916	0.149867620150367	0.830409743706696	Medium	Cell_2545	1
Cell_2546	1	1	NA	-0.164733194126457	0.172132162498973	0.954017543117516	High	Cell_2546	1
Cell_2547	1	1	NA	-2.25600137204112	-2.5108762659406	0.69489193323534	Medium	Cell_2547	1
Cell_2548	1	1	NA	1.6047347265151	-2.72690859864736	0.978489172412083	High	Cell_2548	1
Cell_2549	3	1	NA	2.45407786431072	7.88556382165438	0.72829318465665	Medium	Cell_2549	1
Cell_255	2	1	NA	1.93782657491244	0.685464303174585	0.765535199432634	Medium	Cell_255	1
Cell_2550	3	1	NA	0.411596679047482	8.8784331716059	0.597504297271371	Low	Cell_2550	1
Cell_2551	1	1	NA	0.323930141181307	-2.30327950311024	0.795359616517089	Medium	Cell_2551	1
Cell_2552	2	1	NA	4.26566147774013	4.49793351922712	0.577699346700683	Low	Cell_2552	1
Cell_2553	1	1	NA	-4.70150776317406	-4.25933821314152	0.7597480394179	Medium	Cell_2553	1
Cell_2554	1	1	NA	1.39714052350682	-2.91521471740993	0.706419845460914	Medium	Cell_2554	1
Cell_2555	3	1	NA	-1.45087819431829	9.32057840531719	0.913608475122601	High	Cell_2555	1
Cell_2556	2	1	NA	3.98716047118039	3.00410792388996	0.781547940103337	Medium	Cell_2556	1
Cell_2557	1	1	NA	0.989002955273127	-3.39168873214558	0.728237740928307	Medium	Cell_2557	1
Cell_2558	1	1	NA	-2.55283863313855	-0.730921421247063	0.59617431263905	Low	Cell_2558	1
Cell_2559	2	1	NA	3.91933315706241	2.65237254320002	0.735973417409696	Medium	Cell_2559	1
Cell_256	2	1	NA	2.61768489533454	0.368027843528125	0.892645835643634	High	Cell_256	1
Cell_2560	2	1	NA	3.55073687281027	3.97202969309463	0.616250122198835	Low	Cell_2560	1
Cell_2561	2	1	NA	3.39877457656807	2.30005157352591	0.657039855374023	Low	Cell_2561	1
Cell_2562	1	1	NA	2.45758679140955	-3.18657328174664	0.933426022646017	High	Cell_2562	1
Cell_2563	1	1	NA	-1.06956336398737	-1.55975726488104	0.722493653534912	Medium	Cell_2563	1
Cell_2564	1	1	NA	-5.36717275893822	-4.41490662986698	0.716964209452271	Medium	Cell_2564	1
Cell_2565	2	1	NA	4.16312141159639	3.69562871793686	0.73629404057283	Medium	Cell_2565	1
Cell_2566	1	1	NA	-0.79193791604179	-2.63734808092921	0.916700856178068	High	Cell_2566	1
Cell_2567	1	1	NA	-2.92088415529457	-3.25325973888051	0.505170553922653	Low	Cell_2567	1
Cell_2568	3	1	NA	0.549571066069666	8.7342205965077	0.654564737225883	Low	Cell_2568	1
Cell_2569	3	1	NA	-0.430902811778908	9.1065152582322	0.543076485744677	Low	Cell_2569	1
Cell_257	1	1	NA	-1.19542856540616	-2.86431619361641	0.584030405269004	Low	Cell_257	1
Cell_2570	1	1	NA	-0.547806576272699	-1.36020542579533	0.911503546521999	High	Cell_2570	1
Cell_2571	2	1	NA	1.83910878768667	0.783181290818514	0.735553606878966	Medium	Cell_2571	1
Cell_2572	1	1	NA	0.0454949224275867	-1.62833033908892	0.766167962807231	Medium	Cell_2572	1
Cell_2573	1	1	NA	0.313688040474256	-0.39023991462239	0.697697714553215	Medium	Cell_2573	1
Cell_2574	2	1	NA	2.05640284679882	-1.59036817853475	0.727218584739603	Medium	Cell_2574	1
Cell_2575	1	1	NA	-1.93670485919978	-0.0435342754849	0.557450473541394	Low	Cell_2575	1
Cell_2576	1	1	NA	-6.04362684335594	-4.23611258208933	0.515545421396382	Low	Cell_2576	1
Cell_2577	1	1	NA	-1.64641851165831	-2.58339717712395	0.511605439358391	Low	Cell_2577	1
Cell_2578	3	1	NA	2.98399859991458	6.01455247738813	0.538759672665037	Low	Cell_2578	1
Cell_2579	1	1	NA	-6.16177005992579	-3.52689534229018	0.680765547673218	Medium	Cell_2579	1
Cell_258	1	1	NA	-2.80331747446759	-3.59015768408647	0.702199590508826	Medium	Cell_258	1
Cell_2580	2	1	NA	3.49228266228869	4.19850478023191	0.880704362527467	High	Cell_2580	1
Cell_2581	2	1	NA	1.59756617843651	-0.456909104090667	0.871640820871107	High	Cell_2581	1
Cell_2582	1	1	NA	-1.72526900648356	-2.07769523700303	0.548846101737581	Low	Cell_2582	1
Cell_2583	3	1	NA	2.6744665629574	5.68385539276551	0.980952708749101	High	Cell_2583	1
Cell_2584	1	1	NA	0.768104975100051	-1.69623946806855	0.571602214244194	Low	Cell_2584	1
Cell_2585	1	1	NA	0.504054656844083	-3.817175339523	0.742330870591104	Medium	Cell_2585	1
Cell_2586	1	1	NA	-2.71479572985161	-3.13139828234607	0.782455495093018	Medium	Cell_2586	1
Cell_2587	1	1	NA	-4.5897431463175	-3.49069192225164	0.966152795241214	High	Cell_2587	1
Cell_2588	1	1	NA	0.319391597903592	-0.688152717741294	0.91001238534227	High	Cell_2588	1
Cell_2589	1	1	NA	-5.4211554433329	-3.66447581355267	0.766541519784369	Medium	Cell_2589	1
Cell_259	1	1	NA	1.77107513587212	-3.64280431338065	0.735788138816133	Medium	Cell_259	1
Cell_2590	2	1	NA	3.60584204678725	3.51271965941636	0.692234490183182	Medium	Cell_2590	1
Cell_2591	1	1	NA	-7.20018773261737	-3.68599088513079	0.772994156111963	Medium	Cell_2591	1
Cell_2592	2	1	NA	4.0636209221535	3.65280850604169	0.898363967426121	High	Cell_2592	1
Cell_2593	2	1	NA	2.23568171908555	-1.47474442097829	0.81367168109864	Medium	Cell_2593	1
Cell_2594	1	1	NA	0.626007830832968	-0.670597997654259	0.551978500327095	Low	Cell_2594	1
Cell_2595	2	1	NA	4.35488780995743	3.12300579721261	0.595996254822239	Low	Cell_2595	1
Cell_2596	2	1	NA	1.58290580677039	-1.26394922410446	0.921055216807872	High	Cell_2596	1
Cell_2597	2	1	NA	3.35534527070254	4.39847571155039	0.739688306231983	Medium	Cell_2597	1
Cell_2598	2	1	NA	3.57096427817475	4.25286756011082	0.88863029400818	High	Cell_2598	1
Cell_2599	1	1	NA	0.86402157876958	-2.95081220778009	0.909089567488991	High	Cell_2599	1
Cell_26	1	1	NA	-2.60636301434374	-3.15906165061586	0.854265234083869	High	Cell_26	1
Cell_260	1	1	NA	-2.61636864529666	-3.13126937363758	0.934053403441794	High	Cell_260	1
Cell_2600	2	1	NA	4.42594214801052	4.58836975513649	0.648466969956644	Low	Cell_2600	1
Cell_2601	2	1	NA	5.16968256789646	3.56271256555678	0.613354969653301	Low	Cell_2601	1
Cell_2602	1	1	NA	1.86968919158514	-3.37932355345443	0.810178946587257	Medium	Cell_2602	1
Cell_2603	1	1	NA	-7.75793817539111	-4.52781586772998	0.686937786405906	Medium	Cell_2603	1
Cell_2604	1	1	NA	-0.139687825068709	0.171902628686883	0.942986209061928	High	Cell_2604	1
Cell_2605	1	1	NA	-3.69385505628953	-2.57565646390808	0.562765803886577	Low	Cell_2605	1
Cell_2606	2	1	NA	3.56347382450718	1.56694959823001	0.578998295357451	Low	Cell_2606	1
Cell_2607	1	1	NA	-1.22610689645114	-4.15716632793854	0.81923126289621	Medium	Cell_2607	1
Cell_2608	3	1	NA	-0.550208278013974	9.11812400975696	0.593065280932933	Low	Cell_2608	1
Cell_2609	1	1	NA	-2.83960965807113	-3.25754793257012	0.832254339824431	Medium	Cell_2609	1
Cell_261	1	1	NA	-0.572756698677489	-2.22648199565035	0.96285397792235	High	Cell_261	1
Cell_2610	2	1	NA	4.45258720684417	2.32700470858604	0.756012927275151	Medium	Cell_2610	1
Cell_2611	1	1	NA	0.335552946775087	-4.22906492442471	0.870809920248576	High	Cell_2611	1
Cell_2612	1	1	NA	-2.43748142291094	-3.71053619670801	0.668256514822133	Medium	Cell_2612	1
Cell_2613	1	1	NA	-1.24272600380325	0.327583333261046	0.555634224787354	Low	Cell_2613	1
Cell_2614	1	1	NA	1.11989463506548	-1.73793999557324	0.701144812162966	Medium	Cell_2614	1
Cell_2615	1	1	NA	-0.535750683849692	-3.30057999464923	0.771349370130338	Medium	Cell_2615	1
Cell_2616	1	1	NA	-1.10461722249578	-1.10503487839326	0.870130643597804	High	Cell_2616	1
Cell_2617	1	1	NA	1.71042289606033	-2.73691941310338	0.586285040481016	Low	Cell_2617	1
Cell_2618	2	1	NA	3.91820377106523	4.25947403029388	0.793242713436484	Medium	Cell_2618	1
Cell_2619	1	1	NA	-1.5188315048702	-0.58342087839688	0.749923271127045	Medium	Cell_2619	1
Cell_262	3	1	NA	0.514065637209211	8.82820796165848	0.94098877965007	High	Cell_262	1
Cell_2620	1	1	NA	-3.88990708614261	-4.04118448770169	0.9681792834308	High	Cell_2620	1
Cell_2621	2	1	NA	3.65731725684614	0.695051155081351	0.955151555128396	High	Cell_2621	1
Cell_2622	1	1	NA	0.180408967465155	-4.45139153268449	0.576453304616734	Low	Cell_2622	1
Cell_2623	3	1	NA	-0.182519059621587	9.03492500487658	0.653648752602749	Low	Cell_2623	1
Cell_2624	1	1	NA	0.87649789957242	-3.32191681338735	0.84914708416909	High	Cell_2624	1
Cell_2625	2	1	NA	1.99305753061681	0.785072445471472	0.881607620627619	High	Cell_2625	1
Cell_2626	2	1	NA	4.26200601797617	1.77358914516952	0.754934827331454	Medium	Cell_2626	1
Cell_2627	1	1	NA	-1.32593714118405	-1.98094284128767	0.613363586016931	Low	Cell_2627	1
Cell_2628	1	1	NA	-1.50572894108531	-2.5861660391549	0.582930712029338	Low	Cell_2628	1
Cell_2629	2	1	NA	3.70157533704427	3.58565423963362	0.658068575314246	Low	Cell_2629	1
Cell_263	2	1	NA	4.07475352545805	2.45768703603401	0.837093421258032	High	Cell_263	1
Cell_2630	3	1	NA	2.77811838414018	6.90102705753284	0.522470543161035	Low	Cell_2630	1
Cell_2631	1	1	NA	-1.5045208872138	-1.72447549955597	0.834784206701443	High	Cell_2631	1
Cell_2632	1	1	NA	-5.36619119483822	-4.46804455762975	0.873138586641289	High	Cell_2632	1
Cell_2633	2	1	NA	1.94964419798443	0.845358281144197	0.624266681261361	Low	Cell_2633	1
Cell_2634	2	1	NA	3.85635142872016	4.20317772895691	0.733476611087099	Medium	Cell_2634	1
Cell_2635	1	1	NA	0.62801074803845	-2.53821409949068	0.522143663372844	Low	Cell_2635	1
Cell_2636	2	1	NA	2.64300407679671	1.30392040539669	0.549132950138301	Low	Cell_2636	1
Cell_2637	1	1	NA	-6.6840447375088	-3.89585048955678	0.948547262116335	High	Cell_2637	1
Cell_2638	1	1	NA	-1.37402287367579	-3.16737646543666	0.807574241538532	Medium	Cell_2638	1
Cell_2639	3	1	NA	1.95397507855853	8.10050959423504	0.820355000090785	Medium	Cell_2639	1
Cell_264	2	1	NA	1.34551348521896	-0.575492253702845	0.975083489669487	High	Cell_264	1
Cell_2640	2	1	NA	2.34371507098949	-1.3036006543485	0.730501060490496	Medium	Cell_2640	1
Cell_2641	1	1	NA	-2.50212544188645	-3.36738055203286	0.639865726465359	Low	Cell_2641	1
Cell_2642	2	1	NA	2.48337449113582	1.04730929500615	0.972475123009644	High	Cell_2642	1
Cell_2643	1	1	NA	-6.08625122059145	-3.69513488351657	0.511535862227902	Low	Cell_2643	1
Cell_2644	1	1	NA	-1.45899548322859	-1.66462847112492	0.588656363077462	Low	Cell_2644	1
Cell_2645	1	1	NA	-2.67438211798678	-2.04801457311497	0.985714063630439	High	Cell_2645	1
Cell_2646	1	1	NA	-0.826357443162064	-2.70567674510146	0.89986887818668	High	Cell_2646	1
Cell_2647	1	1	NA	-0.829785595986498	-3.8666764270482	0.999825507053174	High	Cell_2647	1
Cell_2648	1	1	NA	-4.04011990346417	-3.05939730349978	0.630371726350859	Low	Cell_2648	1
Cell_2649	2	1	NA	2.00917972459945	0.0168305055359957	0.791091329185292	Medium	Cell_2649	1
Cell_265	1	1	NA	-0.386383318936864	-1.4066442704086	0.758222447126172	Medium	Cell_265	1
Cell_2650	2	1	NA	3.84194869269974	3.76310036558551	0.536147083039396	Low	Cell_2650	1
Cell_2651	2	1	NA	4.4077597379056	1.7744934319151	0.901141850161366	High	Cell_2651	1
Cell_2652	1	1	NA	-3.01349179495904	-3.45374926940613	0.940282682538964	High	Cell_2652	1
Cell_2653	1	1	NA	-4.43538539039963	-3.31506890316689	0.944814769551158	High	Cell_2653	1
Cell_2654	2	1	NA	2.82628811981294	2.44008833782599	0.505663503427058	Low	Cell_2654	1
Cell_2655	3	1	NA	0.69519754030121	8.82201639485295	0.620700283092447	Low	Cell_2655	1
Cell_2656	1	1	NA	0.171773329276151	-2.16171497838187	0.803634448791854	Medium	Cell_2656	1
Cell_2657	2	1	NA	3.19197887994611	2.83610801962275	0.681360282469541	Medium	Cell_2657	1
Cell_2658	1	1	NA	-2.41602030862222	-0.829902266272374	0.854604329681024	High	Cell_2658	1
Cell_2659	2	1	NA	2.73770927561342	0.887284920767891	0.521036480320618	Low	Cell_2659	1
Cell_266	3	1	NA	0.605646869595752	8.82528835553251	0.788259510649368	Medium	Cell_266	1
Cell_2660	1	1	NA	-7.50803483198994	-4.52382828203514	0.828585515380837	Medium	Cell_2660	1
Cell_2661	3	1	NA	0.166059585118672	8.97771417615965	0.615344721009023	Low	Cell_2661	1
Cell_2662	1	1	NA	-5.51242042629657	-4.11857192013269	0.636488686315715	Low	Cell_2662	1
Cell_2663	1	1	NA	-0.767513243240413	-2.64800804279333	0.866581888869405	High	Cell_2663	1
Cell_2664	3	1	NA	2.36795892179678	7.74325336469131	0.589128100429662	Low	Cell_2664	1
Cell_2665	1	1	NA	1.34402062087452	-1.25874313043611	0.692817134317011	Medium	Cell_2665	1
Cell_2666	1	1	NA	-6.32218670804523	-4.58061595596546	0.842177280341275	High	Cell_2666	1
Cell_2667	3	1	NA	2.41118956694177	7.65481970119336	0.707595523796044	Medium	Cell_2667	1
Cell_2668	1	1	NA	2.49078015176821	-3.1459420746434	0.771080919425003	Medium	Cell_2668	1
Cell_2669	1	1	NA	0.278315816042445	-0.516832146823351	0.727594940108247	Medium	Cell_2669	1
Cell_267	1	1	NA	0.265452852760961	-2.04249202000228	0.668165602954105	Medium	Cell_267	1
Cell_2670	2	1	NA	3.82042558979614	3.42028332809287	0.563532219151966	Low	Cell_2670	1
Cell_2671	2	1	NA	2.58266097361776	2.47153875316186	0.515592123032548	Low	Cell_2671	1
Cell_2672	1	1	NA	-1.38772570628099	-2.43858852569181	0.582826601923443	Low	Cell_2672	1
Cell_2673	1	1	NA	2.37530264101607	-2.54977684186543	0.899440355831757	High	Cell_2673	1
Cell_2674	3	1	NA	-1.31743734775298	9.26431035071406	0.571194018702954	Low	Cell_2674	1
Cell_2675	1	1	NA	-4.8753107611587	-3.35729041587381	0.537220420897938	Low	Cell_2675	1
Cell_2676	1	1	NA	-0.114722060921034	-2.07255240784101	0.514287003781646	Low	Cell_2676	1
Cell_2677	1	1	NA	3.78383825573485	-8.02697678047611	0.708695951616392	Medium	Cell_2677	1
Cell_2678	1	1	NA	-0.752899388959194	0.615532830182242	0.9270140187582	High	Cell_2678	1
Cell_2679	1	1	NA	-0.693357849659747	-2.29319263369851	0.665244470234029	Low	Cell_2679	1
Cell_268	1	1	NA	-7.17415542504981	-4.57878101926319	0.67366231570486	Medium	Cell_268	1
Cell_2680	1	1	NA	-2.30463844091476	-4.16557868229073	0.722218257840723	Medium	Cell_2680	1
Cell_2681	1	1	NA	-3.51465772146322	-3.86771342155995	0.70674161799252	Medium	Cell_2681	1
Cell_2682	1	1	NA	-0.420868734031537	-1.20320713045349	0.675875392043963	Medium	Cell_2682	1
Cell_2683	1	1	NA	-0.961001852560231	-0.946039368329554	0.963925139745697	High	Cell_2683	1
Cell_2684	1	1	NA	-6.21430050812919	-3.8591801669563	0.965027278172784	High	Cell_2684	1
Cell_2685	2	1	NA	3.38034163579034	4.48460352999077	0.640131579944864	Low	Cell_2685	1
Cell_2686	3	1	NA	3.42804033269011	6.92323314228229	0.864654974779114	High	Cell_2686	1
Cell_2687	2	1	NA	2.42800416607497	-0.684084960814904	0.608392449794337	Low	Cell_2687	1
Cell_2688	1	1	NA	-0.238306557722652	-1.13250748608027	0.970123888691887	High	Cell_2688	1
Cell_2689	1	1	NA	-1.27376073415492	-4.95333262204689	0.532149486592971	Low	Cell_2689	1
Cell_269	2	1	NA	2.8577869675505	-0.214859633831642	0.510012150276452	Low	Cell_269	1
Cell_2690	2	1	NA	2.0565489244798	-0.780999044440164	0.994334456976503	High	Cell_2690	1
Cell_2691	1	1	NA	0.781230829540743	-0.934713030349685	0.605104240123183	Low	Cell_2691	1
Cell_2692	2	1	NA	1.53043498047852	0.798813196975426	0.659266216563992	Low	Cell_2692	1
Cell_2693	1	1	NA	-2.43859898019073	-3.80538129546886	0.56088494323194	Low	Cell_2693	1
Cell_2694	2	1	NA	1.28352647962532	-0.481005383344757	0.792107123066671	Medium	Cell_2694	1
Cell_2695	2	1	NA	3.0600799823632	2.22074407289502	0.829171705758199	Medium	Cell_2695	1
Cell_2696	1	1	NA	-1.74794602715557	-2.2666801071733	0.998082513804547	High	Cell_2696	1
Cell_2697	2	1	NA	3.76665382530952	5.50689829059043	0.597033783444203	Low	Cell_2697	1
Cell_2698	1	1	NA	-6.16469840815899	-4.42830603087411	0.90824835957028	High	Cell_2698	1
Cell_2699	1	1	NA	-3.12091358326265	-3.37698109766396	0.809726029983722	Medium	Cell_2699	1
Cell_27	1	1	NA	-5.92679516515108	-4.72739373666424	0.772033012355678	Medium	Cell_27	1
Cell_270	3	1	NA	-1.2524918416194	9.26015076480094	0.751406522816978	Medium	Cell_270	1
Cell_2700	2	1	NA	3.65955762565551	1.70202377259739	0.992803554283455	High	Cell_2700	1
Cell_2701	1	1	NA	-1.80887869294744	-0.856959518691192	0.720895982580259	Medium	Cell_2701	1
Cell_2702	2	1	NA	4.3095671785127	4.35373285854655	0.862092611379921	High	Cell_2702	1
Cell_2703	2	1	NA	1.62808171545545	0.816646057353535	0.53792431158945	Low	Cell_2703	1
Cell_2704	2	1	NA	4.04843271265761	4.4908788461399	0.81517137598712	Medium	Cell_2704	1
Cell_2705	1	1	NA	-1.74923327687563	-2.7926679536891	0.607293225708418	Low	Cell_2705	1
Cell_2706	1	1	NA	-0.589732268569896	-1.13269764328229	0.959563775919378	High	Cell_2706	1
Cell_2707	1	1	NA	-6.59325096547048	-3.90007367807622	0.905976001638919	High	Cell_2707	1
Cell_2708	2	1	NA	4.28343899764811	5.05241321497579	0.928057963494211	High	Cell_2708	1
Cell_2709	1	1	NA	1.51184216049576	-3.84351652013881	0.908378622960299	High	Cell_2709	1
Cell_271	3	1	NA	0.207384017448998	8.98025399476569	0.935521706822328	High	Cell_271	1
Cell_2710	3	1	NA	0.361830046478653	8.83511684231357	0.708550845156424	Medium	Cell_2710	1
Cell_2711	1	1	NA	-1.04434342351094	0.455440419725759	0.988774551893584	High	Cell_2711	1
Cell_2712	2	1	NA	3.80215165944863	3.42966504813928	0.749681829940528	Medium	Cell_2712	1
Cell_2713	1	1	NA	-1.29180325802855	-3.10027647958977	0.749285832280293	Medium	Cell_2713	1
Cell_2714	2	1	NA	3.76743941863671	1.55429732778126	0.671736126067117	Medium	Cell_2714	1
Cell_2715	1	1	NA	-2.49100990555698	-3.71794841079188	0.533674697042443	Low	Cell_2715	1
Cell_2716	1	1	NA	-2.67867784155859	-2.74578911721403	0.953682669438422	High	Cell_2716	1
Cell_2717	1	1	NA	0.612275142315749	-0.465129946930343	0.610559867811389	Low	Cell_2717	1
Cell_2718	1	1	NA	-2.53042844157832	-3.77919552196665	0.648831946542487	Low	Cell_2718	1
Cell_2719	1	1	NA	0.882302352862402	-1.03959669580137	0.829271231312305	Medium	Cell_2719	1
Cell_272	3	1	NA	3.16641215507732	6.16442793162551	0.503150391974486	Low	Cell_272	1
Cell_2720	2	1	NA	1.64867155843455	-1.44817398741343	0.783309954800643	Medium	Cell_2720	1
Cell_2721	1	1	NA	-2.18556557285094	-0.709041889515226	0.985646195011213	High	Cell_2721	1
Cell_2722	3	1	NA	3.01351864274286	6.77801360292127	0.552466116612777	Low	Cell_2722	1
Cell_2723	1	1	NA	3.79181450534841	-7.99743725100822	0.771899462910369	Medium	Cell_2723	1
Cell_2724	2	1	NA	3.61144700731696	4.22854630260664	0.95768606744241	High	Cell_2724	1
Cell_2725	2	1	NA	2.10932217670636	-0.487891539833477	0.936468701809645	High	Cell_2725	1
Cell_2726	1	1	NA	-6.82263958225751	-3.59768164081842	0.952269454603083	High	Cell_2726	1
Cell_2727	3	1	NA	2.40752836441463	7.55350100122084	0.889390281750821	High	Cell_2727	1
Cell_2728	2	1	NA	3.13426370612138	1.05461648331531	0.583585535059683	Low	Cell_2728	1
Cell_2729	1	1	NA	-0.38013839322782	-3.15473468385932	0.560692454571836	Low	Cell_2729	1
Cell_273	3	1	NA	3.79844476796869	6.19373396212343	0.536028561997227	Low	Cell_273	1
Cell_2730	1	1	NA	1.34101256485254	-1.08474942162946	0.559147065272555	Low	Cell_2730	1
Cell_2731	1	1	NA	-5.18897101206727	-4.47911092599529	0.716033795615658	Medium	Cell_2731	1
Cell_2732	1	1	NA	-5.03260973954618	-3.76134930226216	0.888693483429961	High	Cell_2732	1
Cell_2733	1	1	NA	-2.57222748370452	-2.94276690121535	0.952049047569744	High	Cell_2733	1
Cell_2734	3	1	NA	3.26040548282837	6.8050658994656	0.713233140064403	Medium	Cell_2734	1
Cell_2735	2	1	NA	3.8795604313429	2.3652432377308	0.904755553114228	High	Cell_2735	1
Cell_2736	1	1	NA	-3.68762063883855	-3.04452857662578	0.7341875518905	Medium	Cell_2736	1
Cell_2737	2	1	NA	3.12279225502128	3.12905860972468	0.839301548665389	High	Cell_2737	1
Cell_2738	2	1	NA	3.75813074636859	5.43137711727859	0.879362942068838	High	Cell_2738	1
Cell_2739	2	1	NA	3.1680535100838	1.5591010463005	0.841679807635956	High	Cell_2739	1
Cell_274	1	1	NA	-5.16277085199675	-4.03816767519074	0.582105612498708	Low	Cell_274	1
Cell_2740	1	1	NA	-1.59323594468303	-4.52519325791607	0.92378980666399	High	Cell_2740	1
Cell_2741	2	1	NA	3.98424449150462	1.19882592083364	0.655784954782575	Low	Cell_2741	1
Cell_2742	2	1	NA	2.73226553671214	-1.10738375694835	0.591383401304483	Low	Cell_2742	1
Cell_2743	2	1	NA	2.2179503149023	-0.494088625634919	0.546760085038841	Low	Cell_2743	1
Cell_2744	1	1	NA	3.7521795229544	-8.07324356483228	0.507397296838462	Low	Cell_2744	1
Cell_2745	3	1	NA	3.21979463802115	6.6538712804067	0.951206651399843	High	Cell_2745	1
Cell_2746	1	1	NA	1.14169599242741	-2.49069503926285	0.898026459035464	High	Cell_2746	1
Cell_2747	1	1	NA	-1.2029419344427	-3.53358383400745	0.538885949295945	Low	Cell_2747	1
Cell_2748	3	1	NA	-1.82267381547717	9.37897498196514	0.550871545216069	Low	Cell_2748	1
Cell_2749	3	1	NA	2.25108614985374	7.85323796440636	0.586946045747027	Low	Cell_2749	1
Cell_275	2	1	NA	3.86590207119256	3.17953449098675	0.885167037136853	High	Cell_275	1
Cell_2750	1	1	NA	0.126094049983449	-1.38080642193064	0.764339010231197	Medium	Cell_2750	1
Cell_2751	1	1	NA	-1.28380000006552	-0.710369301809608	0.867657007300295	High	Cell_2751	1
Cell_2752	1	1	NA	0.676190631306719	-4.13117785389755	0.559109332505614	Low	Cell_2752	1
Cell_2753	1	1	NA	-0.422566249296044	-2.59972043960984	0.551719696028158	Low	Cell_2753	1
Cell_2754	1	1	NA	-4.27978881131412	-4.13538169225203	0.776131732040085	Medium	Cell_2754	1
Cell_2755	2	1	NA	1.7323663903191	0.0794928019750043	0.64525928394869	Low	Cell_2755	1
Cell_2756	1	1	NA	-2.45448147143386	-2.57630155612738	0.720220262301154	Medium	Cell_2756	1
Cell_2757	3	1	NA	3.0816808044343	7.10828041151418	0.559222152223811	Low	Cell_2757	1
Cell_2758	1	1	NA	0.0468256285338957	-3.18818305714024	0.960809304146096	High	Cell_2758	1
Cell_2759	2	1	NA	2.78490234141032	2.27163517240303	0.866294748964719	High	Cell_2759	1
Cell_276	2	1	NA	1.73975299927929	0.873320834146502	0.867592152906582	High	Cell_276	1
Cell_2760	1	1	NA	3.83774300680069	-7.84303122711612	0.73076523153577	Medium	Cell_2760	1
Cell_2761	1	1	NA	-2.28545990263077	-0.889847904105484	0.836157213430852	High	Cell_2761	1
Cell_2762	3	1	NA	3.00200064114707	7.21682484609459	0.644247205578722	Low	Cell_2762	1
Cell_2763	1	1	NA	-7.16653410867151	-4.13196240751817	0.831722705624998	Medium	Cell_2763	1
Cell_2764	3	1	NA	2.03790065121534	7.99856389934578	0.687534321565181	Medium	Cell_2764	1
Cell_2765	1	1	NA	-7.93259083827107	-3.79979306944344	0.83546177088283	High	Cell_2765	1
Cell_2766	2	1	NA	2.39934035649988	0.163517782670215	0.706362281460315	Medium	Cell_2766	1
Cell_2767	3	1	NA	3.34613696113024	5.71025840256067	0.855660117114894	High	Cell_2767	1
Cell_2768	1	1	NA	0.0435327093797888	-2.34355238409167	0.640537978615612	Low	Cell_2768	1
Cell_2769	3	1	NA	2.512502982078	6.90706245041193	0.869352238951251	High	Cell_2769	1
Cell_277	1	1	NA	-1.48990760805715	-2.28470192279799	0.985937817837112	High	Cell_277	1
Cell_2770	2	1	NA	2.63589947770462	2.06136954031759	0.787460726918653	Medium	Cell_2770	1
Cell_2771	1	1	NA	-0.849853366307282	-0.854082163438873	0.512247992795892	Low	Cell_2771	1
Cell_2772	1	1	NA	0.521268861941957	-2.76428605732237	0.68134736281354	Medium	Cell_2772	1
Cell_2773	1	1	NA	-2.7105487945126	-4.23916520694595	0.72042463615071	Medium	Cell_2773	1
Cell_2774	1	1	NA	0.811107460880789	-0.581167276899138	0.701700976351276	Medium	Cell_2774	1
Cell_2775	1	1	NA	0.416590132379677	-2.50692308784126	0.772386083961464	Medium	Cell_2775	1
Cell_2776	1	1	NA	-1.62591170541251	-3.25747451004547	0.931598252966069	High	Cell_2776	1
Cell_2777	1	1	NA	-0.303902598463679	0.120753956573833	0.882837328128517	High	Cell_2777	1
Cell_2778	2	1	NA	2.11004500805919	-0.957027360808055	0.532710954081267	Low	Cell_2778	1
Cell_2779	1	1	NA	0.929382780826935	-1.99323089841602	0.558758987928741	Low	Cell_2779	1
Cell_278	1	1	NA	-4.64480355766011	-3.13227432835726	0.733236188418232	Medium	Cell_278	1
Cell_2780	2	1	NA	1.7303156193358	-1.07951770668032	0.654894103645347	Low	Cell_2780	1
Cell_2781	1	1	NA	1.13877622751774	-0.332494015485297	0.654339153552428	Low	Cell_2781	1
Cell_2782	1	1	NA	-2.71421765093647	-3.323268162254	0.866168397362344	High	Cell_2782	1
Cell_2783	1	1	NA	2.42000460840594	-2.55297333274453	0.570745679433458	Low	Cell_2783	1
Cell_2784	2	1	NA	3.66264208182027	1.69506065219414	0.988786618807353	High	Cell_2784	1
Cell_2785	2	1	NA	3.46350665464738	2.12360871136191	0.927399507956579	High	Cell_2785	1
Cell_2786	2	1	NA	3.79586818012027	1.47562443638608	0.791961866081692	Medium	Cell_2786	1
Cell_2787	1	1	NA	-0.89886064284482	-1.55680493280681	0.949782126932405	High	Cell_2787	1
Cell_2788	2	1	NA	3.28177798434486	1.71957579331854	0.50467227154877	Low	Cell_2788	1
Cell_2789	1	1	NA	-0.551963630743489	-2.11208368401528	0.892278543091379	High	Cell_2789	1
Cell_279	3	1	NA	3.303841274658	6.24454074276394	0.537192256655544	Low	Cell_279	1
Cell_2790	2	1	NA	3.05908891234157	5.24978160020712	0.953900738852099	High	Cell_2790	1
Cell_2791	1	1	NA	-0.362975717623501	-2.11300367918048	0.555388779961504	Low	Cell_2791	1
Cell_2792	1	1	NA	2.41380510252167	-2.58542408026108	0.73291050165426	Medium	Cell_2792	1
Cell_2793	1	1	NA	-4.69710048563795	-4.24201007045413	0.83717413037084	High	Cell_2793	1
Cell_2794	1	1	NA	-4.1105930987936	-3.25659873079883	0.732726230402477	Medium	Cell_2794	1
Cell_2795	2	1	NA	3.87912650229268	3.56533832074925	0.937510270858184	High	Cell_2795	1
Cell_2796	1	1	NA	4.15937245268488	0.114203869287313	0.700542768114246	Medium	Cell_2796	1
Cell_2797	1	1	NA	-3.2275278813617	-2.42540243671356	0.78334257286042	Medium	Cell_2797	1
Cell_2798	1	1	NA	-8.30838147888596	-3.69530002833562	0.826852873084135	Medium	Cell_2798	1
Cell_2799	1	1	NA	-6.71065436835272	-4.42660832247238	0.642829864751548	Low	Cell_2799	1
Cell_28	1	1	NA	-5.43093552520559	-4.62517857558114	0.79707101022359	Medium	Cell_28	1
Cell_280	1	1	NA	-1.41477769382795	-3.18756340413024	0.824409062159248	Medium	Cell_280	1
Cell_2800	2	1	NA	2.82289412979258	1.22833923556382	0.945972425397485	High	Cell_2800	1
Cell_2801	3	1	NA	2.6441666166087	7.37211675212199	0.569356672232971	Low	Cell_2801	1
Cell_2802	1	1	NA	-0.196146862106584	-2.60723483784284	0.7785970706027	Medium	Cell_2802	1
Cell_2803	1	1	NA	-2.61674091964049	-2.84607528699662	0.626464213128202	Low	Cell_2803	1
Cell_2804	1	1	NA	-8.65906171799627	-4.30200087319894	0.536803085356951	Low	Cell_2804	1
Cell_2805	3	1	NA	1.81028156005655	7.83970550211989	0.881324312649667	High	Cell_2805	1
Cell_2806	2	1	NA	4.08092610558024	1.93703826854441	0.803184387972578	Medium	Cell_2806	1
Cell_2807	1	1	NA	0.0369871748738864	-2.27814825793206	0.666496932622977	Low	Cell_2807	1
Cell_2808	1	1	NA	3.81273205505464	-7.87815076817082	0.954831809387542	High	Cell_2808	1
Cell_2809	1	1	NA	-1.79419298229341	-3.34607447672584	0.795013598399237	Medium	Cell_2809	1
Cell_281	1	1	NA	-8.87967737554319	-4.16236970666852	0.87929658475332	High	Cell_281	1
Cell_2810	3	1	NA	3.69218567318217	5.68481378286959	0.973212864715606	High	Cell_2810	1
Cell_2811	1	1	NA	-3.95440924998412	-2.96728777091855	0.951165269361809	High	Cell_2811	1
Cell_2812	1	1	NA	0.837655618598442	-1.55685082918981	0.693484019371681	Medium	Cell_2812	1
Cell_2813	1	1	NA	-1.30233048776607	-1.4246328758748	0.859240497462451	High	Cell_2813	1
Cell_2814	2	1	NA	2.47984252601447	0.283898436083847	0.913673527422361	High	Cell_2814	1
Cell_2815	2	1	NA	2.03201744888936	-1.68810548355784	0.956911022309214	High	Cell_2815	1
Cell_2816	2	1	NA	4.14768852253947	4.84148939518837	0.565309399389662	Low	Cell_2816	1
Cell_2817	1	1	NA	-0.465625256408196	-1.63965712145551	0.52220853837207	Low	Cell_2817	1
Cell_2818	1	1	NA	-7.51359740354687	-4.39173717040283	0.994116933899932	High	Cell_2818	1
Cell_2819	1	1	NA	-7.4566853920603	-4.2003803480271	0.694739676895551	Medium	Cell_2819	1
Cell_282	1	1	NA	-0.136854945270844	-1.51304055638291	0.568553040502593	Low	Cell_282	1
Cell_2820	1	1	NA	-3.64022321263572	-3.30707903782415	0.855526706553064	High	Cell_2820	1
Cell_2821	1	1	NA	1.67530280059131	-3.30735961709502	0.762970038456842	Medium	Cell_2821	1
Cell_2822	1	1	NA	-0.0838445713997931	-1.90184209065282	0.693450637627393	Medium	Cell_2822	1
Cell_2823	2	1	NA	4.02732792372878	4.94380730288455	0.859283415367827	High	Cell_2823	1
Cell_2824	1	1	NA	-2.09214280201194	-2.91061625102812	0.940090358722955	High	Cell_2824	1
Cell_2825	2	1	NA	4.40993429951434	2.3255736075736	0.56058009818662	Low	Cell_2825	1
Cell_2826	1	1	NA	0.340853119410855	-0.837266744488866	0.683526118402369	Medium	Cell_2826	1
Cell_2827	2	1	NA	2.8315919086475	-0.990395687455587	0.894965931773186	High	Cell_2827	1
Cell_2828	1	1	NA	-7.18543135659384	-3.8283027972735	0.607800115947612	Low	Cell_2828	1
Cell_2829	1	1	NA	-3.61636503582973	-3.06817749296907	0.810363380471244	Medium	Cell_2829	1
Cell_283	1	1	NA	-2.07967961806379	-3.03105018147291	0.698292297311127	Medium	Cell_283	1
Cell_2830	3	1	NA	2.90378066804234	6.038552431934	0.68886117846705	Medium	Cell_2830	1
Cell_2831	1	1	NA	-6.60264207617007	-4.37601880155099	0.802017649984919	Medium	Cell_2831	1
Cell_2832	1	1	NA	1.32707220962832	-1.87874881226896	0.782259134110063	Medium	Cell_2832	1
Cell_2833	2	1	NA	1.97029854075261	-1.1452855564401	0.847221650066786	High	Cell_2833	1
Cell_2834	1	1	NA	-5.97323574597068	-4.33904409394399	0.907071843277663	High	Cell_2834	1
Cell_2835	1	1	NA	-2.67419795854088	-2.21159711862578	0.726842117263004	Medium	Cell_2835	1
Cell_2836	3	1	NA	2.11221930830044	7.38786669780716	0.684982347534969	Medium	Cell_2836	1
Cell_2837	1	1	NA	3.82185675623817	-7.55158821529942	0.911329519120045	High	Cell_2837	1
Cell_2838	1	1	NA	1.89939423157406	-2.32419159647374	0.756312135723419	Medium	Cell_2838	1
Cell_2839	2	1	NA	3.73023308362654	3.8055533431975	0.87079091265332	High	Cell_2839	1
Cell_284	1	1	NA	0.310587299349556	-2.15987633768965	0.612492664600722	Low	Cell_284	1
Cell_2840	2	1	NA	1.7470911592676	1.01533414137733	0.924669239087962	High	Cell_2840	1
Cell_2841	1	1	NA	-3.65380319187865	-3.46764823143839	0.720149857690558	Medium	Cell_2841	1
Cell_2842	3	1	NA	1.62271924798159	8.44883637479202	0.702954153297469	Medium	Cell_2842	1
Cell_2843	2	1	NA	4.06132282770137	3.23451368672163	0.925458805402741	High	Cell_2843	1
Cell_2844	1	1	NA	-3.16736591496766	-2.20630392025176	0.863512306008488	High	Cell_2844	1
Cell_2845	1	1	NA	-2.12019000227977	-0.444456281292004	0.807535125757568	Medium	Cell_2845	1
Cell_2846	1	1	NA	0.780789495157174	-0.731703794325724	0.850000531645492	High	Cell_2846	1
Cell_2847	1	1	NA	-1.13249976844172	-3.29705361132183	0.874086481984705	High	Cell_2847	1
Cell_2848	2	1	NA	4.46770353006733	2.86293255232243	0.63092382135801	Low	Cell_2848	1
Cell_2849	1	1	NA	-3.26955267731622	-3.27842802835506	0.638098325813189	Low	Cell_2849	1
Cell_285	3	1	NA	3.08682832252868	6.47104997567315	0.528979280265048	Low	Cell_285	1
Cell_2850	1	1	NA	-5.6736830307969	-3.7164275173533	0.599731885828078	Low	Cell_2850	1
Cell_2851	2	1	NA	3.76072870100918	3.00524222788845	0.971497998456471	High	Cell_2851	1
Cell_2852	1	1	NA	-1.36436453969301	-1.66366798931378	0.63557284057606	Low	Cell_2852	1
Cell_2853	1	1	NA	-0.751223013000971	-0.875337873554418	0.749204324558377	Medium	Cell_2853	1
Cell_2854	1	1	NA	-1.11778369594638	-3.36316753989351	0.518343940959312	Low	Cell_2854	1
Cell_2855	2	1	NA	2.94397274364604	0.496879558656575	0.900868616416119	High	Cell_2855	1
Cell_2856	1	1	NA	1.17742315081837	-1.22020579727604	0.702612282941118	Medium	Cell_2856	1
Cell_2857	1	1	NA	-2.32764000515159	-3.63703933029694	0.730062952614389	Medium	Cell_2857	1
Cell_2858	1	1	NA	0.582845381035217	-1.92163954311588	0.965576075250283	High	Cell_2858	1
Cell_2859	2	1	NA	1.48043087389145	0.494639917123893	0.694940362824127	Medium	Cell_2859	1
Cell_286	1	1	NA	0.504481021989088	-2.39013439989047	0.697946344153024	Medium	Cell_286	1
Cell_2860	2	1	NA	2.88237934469007	0.301542208525127	0.872908184537664	High	Cell_2860	1
Cell_2861	1	1	NA	-2.06270320158414	-4.13923377194117	0.891804248327389	High	Cell_2861	1
Cell_2862	1	1	NA	-5.68674006337625	-3.92665931457553	0.60372812661808	Low	Cell_2862	1
Cell_2863	2	1	NA	1.7144637113669	-1.31180867054372	0.528263364802115	Low	Cell_2863	1
Cell_2864	1	1	NA	-1.28503591295313	-2.48480030332439	0.665756916860119	Low	Cell_2864	1
Cell_2865	2	1	NA	2.81263670672844	1.25269659018401	0.841902592801489	High	Cell_2865	1
Cell_2866	1	1	NA	2.19745454766056	-2.77464268096184	0.883887134143151	High	Cell_2866	1
Cell_2867	3	1	NA	4.03132360739082	5.87521716101728	0.826524695730768	Medium	Cell_2867	1
Cell_2868	1	1	NA	0.972655578140337	-1.69683169039102	0.966901997104287	High	Cell_2868	1
Cell_2869	2	1	NA	2.26236582665371	0.833893381972323	0.50175797578413	Low	Cell_2869	1
Cell_287	2	1	NA	4.18355253354206	4.62478801014384	0.532464149990119	Low	Cell_287	1
Cell_2870	1	1	NA	-4.7132180913976	-4.31886201033479	0.689194546313956	Medium	Cell_2870	1
Cell_2871	1	1	NA	3.76703169858628	-7.93699792175115	0.821852025575936	Medium	Cell_2871	1
Cell_2872	3	1	NA	2.78794848466356	6.90041656193506	0.549536305596121	Low	Cell_2872	1
Cell_2873	1	1	NA	0.0464323166031704	-2.66692413335357	0.507531730923802	Low	Cell_2873	1
Cell_2874	2	1	NA	2.61009646393135	2.25806265109104	0.574282535235398	Low	Cell_2874	1
Cell_2875	2	1	NA	2.26381506700399	0.105722322862468	0.87265515665058	High	Cell_2875	1
Cell_2876	3	1	NA	-1.79792955208953	9.36200467601941	0.926373375463299	High	Cell_2876	1
Cell_2877	1	1	NA	-7.90015309638633	-3.77113448353157	0.662472728639841	Low	Cell_2877	1
Cell_2878	1	1	NA	2.28316884857293	-2.69779090372382	0.633334754384123	Low	Cell_2878	1
Cell_2879	1	1	NA	0.694251159820801	-4.15983457322534	0.621773721068166	Low	Cell_2879	1
Cell_288	1	1	NA	-2.26073258435124	-3.59149045181234	0.612943216459826	Low	Cell_288	1
Cell_2880	2	1	NA	2.14275973240715	0.166334123506676	0.978125145775266	High	Cell_2880	1
Cell_2881	3	1	NA	2.62992718154658	7.30938514476455	0.748634369694628	Medium	Cell_2881	1
Cell_2882	3	1	NA	1.97456049730476	8.23014919931945	0.847225787700154	High	Cell_2882	1
Cell_2883	2	1	NA	3.41454499512826	1.38866786603437	0.957565956981853	High	Cell_2883	1
Cell_2884	1	1	NA	-2.11029145410345	-2.84271470040849	0.804460893501528	Medium	Cell_2884	1
Cell_2885	2	1	NA	2.44320608005798	-0.0328458549155829	0.631304428912699	Low	Cell_2885	1
Cell_2886	1	1	NA	-1.27196434355389	-3.2583889690931	0.959465368883684	High	Cell_2886	1
Cell_2887	2	1	NA	3.51064451567099	2.02972212666955	0.855806539300829	High	Cell_2887	1
Cell_2888	2	1	NA	4.37732694790291	4.84842205301088	0.521914296899922	Low	Cell_2888	1
Cell_2889	1	1	NA	-2.58758380720489	-3.16046455935694	0.816753813414834	Medium	Cell_2889	1
Cell_289	1	1	NA	-3.14936630053614	-3.83660123110184	0.527314554550685	Low	Cell_289	1
Cell_2890	1	1	NA	-5.13867845839424	-3.41988385625486	0.926366193918511	High	Cell_2890	1
Cell_2891	1	1	NA	0.522797577864526	-1.84791147364827	0.559547929675318	Low	Cell_2891	1
Cell_2892	2	1	NA	4.15180050414685	4.94775767790037	0.976018951623701	High	Cell_2892	1
Cell_2893	1	1	NA	-5.57581101793877	-4.09422366230342	0.520419929875061	Low	Cell_2893	1
Cell_2894	1	1	NA	1.45596426263719	-1.53134195784895	0.585299990838394	Low	Cell_2894	1
Cell_2895	1	1	NA	-4.24874867327574	-3.85669701918075	0.511576704797335	Low	Cell_2895	1
Cell_2896	1	1	NA	-4.73374122845399	-3.29493020861513	0.694954953272827	Medium	Cell_2896	1
Cell_2897	1	1	NA	-1.53133504513531	-3.71935307766967	0.854638570453972	High	Cell_2897	1
Cell_2898	1	1	NA	-1.19420105374716	-3.17758864833683	0.827877772855572	Medium	Cell_2898	1
Cell_2899	2	1	NA	1.99766635744689	-0.798081635110648	0.743071358418092	Medium	Cell_2899	1
Cell_29	1	1	NA	-3.8503108772723	-3.24906122227801	0.64457986864727	Low	Cell_29	1
Cell_290	1	1	NA	-1.70455623533711	-3.24605920291967	0.835141019779257	High	Cell_290	1
Cell_2900	3	1	NA	-1.71632567206436	9.35090626841046	0.540361581370234	Low	Cell_2900	1
Cell_2901	2	1	NA	2.647971150196	-0.685948085720426	0.983942200313322	High	Cell_2901	1
Cell_2902	1	1	NA	-3.37634812956622	-2.09125645205222	0.780136432615109	Medium	Cell_2902	1
Cell_2903	1	1	NA	-1.94895050967762	-2.6524766272915	0.858453080640174	High	Cell_2903	1
Cell_2904	1	1	NA	-9.17687416290465	-4.01641710771432	0.641712378012016	Low	Cell_2904	1
Cell_2905	1	1	NA	-2.44567412334794	-0.838373579670126	0.901126451790333	High	Cell_2905	1
Cell_2906	1	1	NA	-1.01140703974253	-3.23436429320715	0.81460967916064	Medium	Cell_2906	1
Cell_2907	2	1	NA	3.07284709858534	5.47418844007856	0.95448045595549	High	Cell_2907	1
Cell_2908	1	1	NA	0.82983367480606	-0.193828041837728	0.69806259451434	Medium	Cell_2908	1
Cell_2909	3	1	NA	2.92476480688261	6.8326146179611	0.654142207000405	Low	Cell_2909	1
Cell_291	1	1	NA	-1.01538331775329	-1.09128307254703	0.648870891309343	Low	Cell_291	1
Cell_2910	1	1	NA	-2.23142507241513	-2.74201663672338	0.865847081528045	High	Cell_2910	1
Cell_2911	1	1	NA	-5.45069491805482	-3.72779461659976	0.847504284232855	High	Cell_2911	1
Cell_2912	3	1	NA	0.27895367089323	8.90925638554942	0.717650082777254	Medium	Cell_2912	1
Cell_2913	1	1	NA	-1.33911799180924	-3.06197622409975	0.903759945183992	High	Cell_2913	1
Cell_2914	2	1	NA	2.97425244760067	0.397195088306078	0.652806522441097	Low	Cell_2914	1
Cell_2915	1	1	NA	-3.60803775315639	-3.22434448274411	0.957277656649239	High	Cell_2915	1
Cell_2916	3	1	NA	2.19582252589398	7.55003484832414	0.814914694754407	Medium	Cell_2916	1
Cell_2917	2	1	NA	2.8176905948705	-0.540430005824927	0.88858212903142	High	Cell_2917	1
Cell_2918	1	1	NA	-3.06377388412249	-3.02477189995647	0.85857194615528	High	Cell_2918	1
Cell_2919	1	1	NA	0.505025837388982	-0.29582572376269	0.831588094704784	Medium	Cell_2919	1
Cell_292	2	1	NA	4.11970056797565	3.6670195288637	0.550360791152343	Low	Cell_292	1
Cell_2920	1	1	NA	0.236454054211883	-2.25305853271827	0.851546000340022	High	Cell_2920	1
Cell_2921	1	1	NA	-2.63790008350723	-3.14150070334053	0.59631792397704	Low	Cell_2921	1
Cell_2922	2	1	NA	3.96782862590225	4.10899334113374	0.799039107281715	Medium	Cell_2922	1
Cell_2923	1	1	NA	-9.17535433500948	-4.11728930008471	0.883585260948166	High	Cell_2923	1
Cell_2924	1	1	NA	-5.53217476386722	-4.32335513880761	0.618187965941615	Low	Cell_2924	1
Cell_2925	1	1	NA	0.556086072919761	-2.54438971191368	0.845778031274676	High	Cell_2925	1
Cell_2926	1	1	NA	1.41066474226146	-2.9198083021543	0.546119538834319	Low	Cell_2926	1
Cell_2927	1	1	NA	-6.70242824263466	-3.58865939256911	0.868520620162599	High	Cell_2927	1
Cell_2928	1	1	NA	-1.01131778668517	-1.11150115403742	0.972340535721742	High	Cell_2928	1
Cell_2929	1	1	NA	-0.935596186554246	-4.83705293872496	0.832043825881556	Medium	Cell_2929	1
Cell_293	1	1	NA	-8.9228931110085	-4.08494296755919	0.535952048609033	Low	Cell_293	1
Cell_2930	1	1	NA	3.80900887242812	-7.57026528789804	0.833707787329331	High	Cell_2930	1
Cell_2931	1	1	NA	-7.30220024646603	-4.52650867787844	0.710010837181471	Medium	Cell_2931	1
Cell_2932	1	1	NA	-9.25328726459167	-4.23306684581403	0.568983461242169	Low	Cell_2932	1
Cell_2933	2	1	NA	3.55702859836532	4.3060818682206	0.734682556823827	Medium	Cell_2933	1
Cell_2934	1	1	NA	-3.12487792033905	-2.46278882682948	0.546877121319994	Low	Cell_2934	1
Cell_2935	2	1	NA	2.96086779234707	-0.715844137865668	0.877036675577983	High	Cell_2935	1
Cell_2936	1	1	NA	-1.8230224621263	-1.14107023190785	0.683163952780887	Medium	Cell_2936	1
Cell_2937	2	1	NA	2.05784984908711	-0.0841679043158562	0.784068190841936	Medium	Cell_2937	1
Cell_2938	1	1	NA	-7.47976907828405	-4.22220163978306	0.69151065708138	Medium	Cell_2938	1
Cell_2939	1	1	NA	-5.4055878875865	-3.62263565421787	0.60161935002543	Low	Cell_2939	1
Cell_294	3	1	NA	2.00256168022286	8.10971249045749	0.940220284392126	High	Cell_294	1
Cell_2940	2	1	NA	3.93842244358536	3.42149836202553	0.767632692935877	Medium	Cell_2940	1
Cell_2941	2	1	NA	2.21331824469959	-0.683386130949489	0.69292362453416	Medium	Cell_2941	1
Cell_2942	3	1	NA	2.05214509338309	8.08684495298022	0.931142679648474	High	Cell_2942	1
Cell_2943	1	1	NA	-6.62841696945363	-4.13846184025502	0.54678177239839	Low	Cell_2943	1
Cell_2944	3	1	NA	-0.571052007576839	9.12517681323677	0.531724268919788	Low	Cell_2944	1
Cell_2945	1	1	NA	-1.43536571381377	-2.69987193464218	0.583382018608972	Low	Cell_2945	1
Cell_2946	2	1	NA	3.00853965111708	2.67424590581715	0.967827615677379	High	Cell_2946	1
Cell_2947	1	1	NA	-0.196947311163205	-1.19491717329007	0.721254487638362	Medium	Cell_2947	1
Cell_2948	3	1	NA	-0.453789596180282	9.05672154364365	0.837198141380213	High	Cell_2948	1
Cell_2949	3	1	NA	1.42513409573805	8.51830695123293	0.518038999522105	Low	Cell_2949	1
Cell_295	1	1	NA	-2.56590929562182	-3.34715240034352	0.877123701036908	High	Cell_295	1
Cell_2950	3	1	NA	0.568505179968768	8.82351150376329	0.734210544032976	Medium	Cell_2950	1
Cell_2951	2	1	NA	3.82803136595069	4.01837172176196	0.522826785105281	Low	Cell_2951	1
Cell_2952	1	1	NA	-3.72293403606999	-4.35801339443439	0.810016846866347	Medium	Cell_2952	1
Cell_2953	1	1	NA	-3.30815508069889	-2.25492587633502	0.932445994112641	High	Cell_2953	1
Cell_2954	3	1	NA	2.23474082066145	8.10556568216292	0.597934580291621	Low	Cell_2954	1
Cell_2955	1	1	NA	-8.76323050975429	-3.66291576860347	0.641049226629548	Low	Cell_2955	1
Cell_2956	1	1	NA	0.143043686325548	-4.29447894734266	0.932593544363044	High	Cell_2956	1
Cell_2957	1	1	NA	-1.43163208817072	0.21690495753159	0.516017523594201	Low	Cell_2957	1
Cell_2958	2	1	NA	1.38467110881614	-0.0195567127392546	0.891177687677555	High	Cell_2958	1
Cell_2959	1	1	NA	-0.655290228604178	-1.8094381605013	0.72753474698402	Medium	Cell_2959	1
Cell_296	2	1	NA	1.76154609697616	-0.0423046001830842	0.908302943804301	High	Cell_296	1
Cell_2960	2	1	NA	3.63741269475428	0.850503758557243	0.540060944273137	Low	Cell_2960	1
Cell_2961	2	1	NA	2.95779544126878	0.0996344604332882	0.953380435006693	High	Cell_2961	1
Cell_2962	2	1	NA	2.07254964812917	-1.34969697784961	0.594503327272832	Low	Cell_2962	1
Cell_2963	1	1	NA	1.230100402235	-1.32525912328053	0.873047934146598	High	Cell_2963	1
Cell_2964	1	1	NA	-0.370525551314658	-1.78556787186327	0.715782039915211	Medium	Cell_2964	1
Cell_2965	1	1	NA	0.342000386548243	-3.36144297515195	0.835266098612919	High	Cell_2965	1
Cell_2966	1	1	NA	-2.8436227253566	-4.33502215969706	0.593725606333464	Low	Cell_2966	1
Cell_2967	1	1	NA	-0.0411157615370086	-0.813221572921486	0.940871586441062	High	Cell_2967	1
Cell_2968	2	1	NA	4.22874802498966	3.43739928395185	0.524433724232949	Low	Cell_2968	1
Cell_2969	1	1	NA	0.777373244032584	-1.96659600598895	0.610102443373762	Low	Cell_2969	1
Cell_297	1	1	NA	-6.39774926019038	-4.53221265765194	0.991070186835714	High	Cell_297	1
Cell_2970	2	1	NA	3.2173832373563	5.04737628626688	0.630900233052671	Low	Cell_2970	1
Cell_2971	1	1	NA	1.85885413610352	-2.75338934197921	0.883604952017777	High	Cell_2971	1
Cell_2972	1	1	NA	0.361414775749173	-0.870425409591352	0.692981252097525	Medium	Cell_2972	1
Cell_2973	1	1	NA	-3.32300460387056	-2.5579707514371	0.63928655453492	Low	Cell_2973	1
Cell_2974	2	1	NA	2.87695815331206	2.062492045462	0.538807756034657	Low	Cell_2974	1
Cell_2975	1	1	NA	-6.63710794002753	-3.48802451059722	0.750152431428432	Medium	Cell_2975	1
Cell_2976	1	1	NA	-0.841971437909057	-2.56851149578451	0.725725724711083	Medium	Cell_2976	1
Cell_2977	1	1	NA	-0.401205464425724	-0.840796693273365	0.99330080661457	High	Cell_2977	1
Cell_2978	3	1	NA	1.99446445535845	7.96800558248523	0.571067170239985	Low	Cell_2978	1
Cell_2979	1	1	NA	-2.77808503774511	-2.63472526355831	0.916917875758372	High	Cell_2979	1
Cell_298	2	1	NA	2.80163567682388	2.43234037986173	0.55179982248228	Low	Cell_298	1
Cell_2980	1	1	NA	0.815992537883873	-1.1415973736989	0.514764745021239	Low	Cell_2980	1
Cell_2981	1	1	NA	-2.95499901334032	-3.02464456362854	0.8893793518655	High	Cell_2981	1
Cell_2982	1	1	NA	-7.18369939522307	-3.79191273717899	0.614336970145814	Low	Cell_2982	1
Cell_2983	1	1	NA	-0.174359625479521	0.187674146256838	0.566930059227161	Low	Cell_2983	1
Cell_2984	1	1	NA	0.0665352788147766	0.275289307763028	0.595305461902171	Low	Cell_2984	1
Cell_2985	3	1	NA	-0.333102629863223	9.04123251772655	0.607932319864631	Low	Cell_2985	1
Cell_2986	1	1	NA	-3.37344804555155	-2.73581568997418	0.967085696058348	High	Cell_2986	1
Cell_2987	1	1	NA	-4.96275155518411	-4.48916129166641	0.994408827275038	High	Cell_2987	1
Cell_2988	2	1	NA	2.11619350909816	-0.671799158397948	0.655012464267202	Low	Cell_2988	1
Cell_2989	1	1	NA	-2.66963588213073	-3.41912351335768	0.56856543966569	Low	Cell_2989	1
Cell_299	1	1	NA	-0.360629574206893	-2.44354022397061	0.549520914675668	Low	Cell_299	1
Cell_2990	1	1	NA	-5.97653170056116	-4.30786139651479	0.830492903362028	Medium	Cell_2990	1
Cell_2991	2	1	NA	2.81415907545262	-0.373934789093252	0.79245668835938	Medium	Cell_2991	1
Cell_2992	1	1	NA	0.495043539925224	-2.52231465551032	0.672032666276209	Medium	Cell_2992	1
Cell_2993	1	1	NA	-4.4766095478677	-2.82242230342743	0.906978269224055	High	Cell_2993	1
Cell_2994	1	1	NA	-2.19781706656623	-3.19331663589285	0.641591979772784	Low	Cell_2994	1
Cell_2995	2	1	NA	4.25494804579247	2.54070311505936	0.922920530312695	High	Cell_2995	1
Cell_2996	1	1	NA	-0.0967611329321916	-4.58662180600082	0.56851094274316	Low	Cell_2996	1
Cell_2997	3	1	NA	-0.712262139103904	9.13748063465882	0.930973878130317	High	Cell_2997	1
Cell_2998	2	1	NA	4.24885472699422	3.69787718943528	0.533560309442692	Low	Cell_2998	1
Cell_2999	1	1	NA	-2.67016931826428	-3.39591213814619	0.717604217701592	Medium	Cell_2999	1
Cell_3	1	1	NA	-4.83098252048295	-3.97647180404373	0.70448846090585	Medium	Cell_3	1
Cell_30	1	1	NA	0.365186342025834	-2.10086106893338	0.573556823655963	Low	Cell_30	1
Cell_300	2	1	NA	2.14547475973793	-0.1205704535404	0.899415805586614	High	Cell_300	1
Cell_3000	1	1	NA	-4.01746994196008	-3.60001755768078	0.840067479759455	High	Cell_3000	1
Cell_3001	1	1	NA	-5.73065402026371	-3.99351472989988	0.602913460112177	Low	Cell_3001	1
Cell_3002	2	1	NA	4.12434572247297	3.96120691301555	0.971269523724914	High	Cell_3002	1
Cell_3003	1	1	NA	1.02687339827022	-2.47403404811482	0.689661895972677	Medium	Cell_3003	1
Cell_3004	2	1	NA	3.98056061808206	4.88610819398996	0.813120070612058	Medium	Cell_3004	1
Cell_3005	3	1	NA	2.82342305712567	6.46080334417226	0.59175120096188	Low	Cell_3005	1
Cell_3006	1	1	NA	-0.260330486795873	-2.1491082469772	0.829603809164837	Medium	Cell_3006	1
Cell_3007	2	1	NA	4.20108968683791	4.12733040903962	0.867346455343068	High	Cell_3007	1
Cell_3008	1	1	NA	0.469024963942697	-1.59844408065154	0.747839716495946	Medium	Cell_3008	1
Cell_3009	1	1	NA	-0.693232640107088	-0.840309916211145	0.934359371894971	High	Cell_3009	1
Cell_301	2	1	NA	4.38231404834489	3.76714204727429	0.892287633265369	High	Cell_301	1
Cell_3010	1	1	NA	-2.89990486274819	-3.8677606045446	0.915918972226791	High	Cell_3010	1
Cell_3011	1	1	NA	0.805828049863046	-2.73195427664685	0.991649412666447	High	Cell_3011	1
Cell_3012	2	1	NA	2.67195574642962	0.761754572297767	0.833425112534314	High	Cell_3012	1
Cell_3013	1	1	NA	-0.597744943532229	-2.47690850506252	0.821430071024224	Medium	Cell_3013	1
Cell_3014	1	1	NA	1.09857974868451	-3.1058741208948	0.522572642425075	Low	Cell_3014	1
Cell_3015	3	1	NA	2.01652059700483	7.41939264059893	0.595423221238889	Low	Cell_3015	1
Cell_3016	2	1	NA	1.76095330543762	-1.81577376181949	0.516293621854857	Low	Cell_3016	1
Cell_3017	2	1	NA	2.49900811369008	2.1203167260096	0.923597238957882	High	Cell_3017	1
Cell_3018	3	1	NA	3.23029494804188	5.80350943882628	0.712228627991863	Medium	Cell_3018	1
Cell_3019	1	1	NA	-2.68405739870718	-2.91175324098809	0.908601719303988	High	Cell_3019	1
Cell_302	1	1	NA	2.61261154247847	-2.31382989204414	0.504714952548966	Low	Cell_302	1
Cell_3020	1	1	NA	-4.60580301513026	-3.22038046920247	0.575829996610992	Low	Cell_3020	1
Cell_3021	2	1	NA	2.26271219462962	-0.86726830032835	0.702922052820213	Medium	Cell_3021	1
Cell_3022	1	1	NA	3.8141723649604	-7.56690472776654	0.861254465766251	High	Cell_3022	1
Cell_3023	1	1	NA	-3.20068216706943	-2.56192651906362	0.529816914233379	Low	Cell_3023	1
Cell_3024	1	1	NA	-2.30660673287587	-3.23043701343613	0.665174611611292	Low	Cell_3024	1
Cell_3025	1	1	NA	-9.15064158401169	-4.11461745877271	0.888382000965066	High	Cell_3025	1
Cell_3026	3	1	NA	-1.71022652790407	9.35206598977195	0.920229672570713	High	Cell_3026	1
Cell_3027	1	1	NA	-1.38399739151664	-2.36905901682163	0.935290765133686	High	Cell_3027	1
Cell_3028	1	1	NA	-0.739963714600686	-1.22699820416811	0.976520950789563	High	Cell_3028	1
Cell_3029	1	1	NA	-4.03972266575138	-4.00860596100418	0.691977876238525	Medium	Cell_3029	1
Cell_303	1	1	NA	-1.38856660359215	-3.24067627897201	0.889532941393554	High	Cell_303	1
Cell_3030	1	1	NA	-0.212264780816288	0.176607097723572	0.975315983290784	High	Cell_3030	1
Cell_3031	1	1	NA	-1.91531620645833	-2.55290534839512	0.852052312809974	High	Cell_3031	1
Cell_3032	1	1	NA	-1.65926790773963	-4.56043885475987	0.710990696912631	Medium	Cell_3032	1
Cell_3033	2	1	NA	3.07604018280531	1.08655362436483	0.695658046985045	Medium	Cell_3033	1
Cell_3034	3	1	NA	2.02842518845943	7.76447411558363	0.60528337280266	Low	Cell_3034	1
Cell_3035	3	1	NA	2.60494743985955	7.52436406076249	0.876240090467036	High	Cell_3035	1
Cell_3036	1	1	NA	-1.22100640154744	-1.83554481799464	0.722538925241679	Medium	Cell_3036	1
Cell_3037	1	1	NA	2.51644035795661	-2.32397357955236	0.726657421211712	Medium	Cell_3037	1
Cell_3038	1	1	NA	-3.43844807838451	-3.27596120012339	0.541625429643318	Low	Cell_3038	1
Cell_3039	1	1	NA	0.978113089150408	-0.897409018959353	0.682584514375776	Medium	Cell_3039	1
Cell_304	2	1	NA	2.14218964840143	-0.0457402919661807	0.864695325959474	High	Cell_304	1
Cell_3040	1	1	NA	-8.36129253747543	-3.69503079772509	0.947476452914998	High	Cell_3040	1
Cell_3041	2	1	NA	4.38258324023427	3.14563573631533	0.772218922968023	Medium	Cell_3041	1
Cell_3042	1	1	NA	-1.31381478185325	-1.57260306010179	0.515413533197716	Low	Cell_3042	1
Cell_3043	1	1	NA	0.538678804711558	-1.49577300630398	0.694216541596688	Medium	Cell_3043	1
Cell_3044	2	1	NA	4.56996312107615	2.20438539846242	0.556697622989304	Low	Cell_3044	1
Cell_3045	2	1	NA	3.24714719367723	4.49666120966931	0.638627229491249	Low	Cell_3045	1
Cell_3046	1	1	NA	-4.77786109445734	-4.61737810000863	0.859759915503673	High	Cell_3046	1
Cell_3047	2	1	NA	1.4663001075583	-0.276322659344029	0.688012592494488	Medium	Cell_3047	1
Cell_3048	2	1	NA	3.00628689991144	5.11638918718308	0.817229977226816	Medium	Cell_3048	1
Cell_3049	2	1	NA	3.94184217497162	0.708732383161873	0.748373896232806	Medium	Cell_3049	1
Cell_305	1	1	NA	-6.31279136054459	-4.10694312664453	0.815065926406533	Medium	Cell_305	1
Cell_3050	1	1	NA	-4.74488738664955	-3.75966316505881	0.903743228875101	High	Cell_3050	1
Cell_3051	2	1	NA	3.33922401599939	2.04690628894266	0.791094204061665	Medium	Cell_3051	1
Cell_3052	2	1	NA	2.88092897616366	-0.124346132169522	0.586006401688792	Low	Cell_3052	1
Cell_3053	1	1	NA	-4.38609977071985	-3.88069302659185	0.968645519809797	High	Cell_3053	1
Cell_3054	1	1	NA	0.589391998061374	-4.31228972362792	0.526905437349342	Low	Cell_3054	1
Cell_3055	1	1	NA	-1.5982334081308	-1.41166539318586	0.543616093578748	Low	Cell_3055	1
Cell_3056	3	1	NA	1.71674977136242	8.25160753407151	0.920779002830386	High	Cell_3056	1
Cell_3057	1	1	NA	-0.570807720697253	-3.38935557347836	0.710444630472921	Medium	Cell_3057	1
Cell_3058	1	1	NA	3.83051432205713	-7.61718861746581	0.858743026386946	High	Cell_3058	1
Cell_3059	1	1	NA	-6.57859052265287	-4.29497532115714	0.868075365549885	High	Cell_3059	1
Cell_306	1	1	NA	0.622208777379191	-2.09616114551662	0.740455414983444	Medium	Cell_306	1
Cell_3060	3	1	NA	3.19751520994268	5.78744390226999	0.993735272553749	High	Cell_3060	1
Cell_3061	1	1	NA	-0.707055754265667	-1.60355112565406	0.980483559775166	High	Cell_3061	1
Cell_3062	2	1	NA	3.52041093408376	2.80862511125379	0.570896867197007	Low	Cell_3062	1
Cell_3063	1	1	NA	-9.07179559890851	-4.14415783034476	0.832475657924078	Medium	Cell_3063	1
Cell_3064	2	1	NA	3.08707226588876	0.0931059545979825	0.516577121103182	Low	Cell_3064	1
Cell_3065	2	1	NA	3.70260427435237	5.45055861336631	0.747256675269455	Medium	Cell_3065	1
Cell_3066	3	1	NA	2.20112965288454	7.82763875764274	0.895676211337559	High	Cell_3066	1
Cell_3067	3	1	NA	4.08801756649585	5.76824004733523	0.689604876795784	Medium	Cell_3067	1
Cell_3068	2	1	NA	1.88059728691365	-1.80608542122139	0.974149680696428	High	Cell_3068	1
Cell_3069	2	1	NA	3.08345808043659	2.56711359900123	0.830337890191004	Medium	Cell_3069	1
Cell_307	1	1	NA	1.20567003937163	-1.49890910915382	0.57831842568703	Low	Cell_307	1
Cell_3070	3	1	NA	3.38841974024237	5.86910162501778	0.716382547630928	Medium	Cell_3070	1
Cell_3071	2	1	NA	2.88345300983338	-0.155135045844525	0.919341299100779	High	Cell_3071	1
Cell_3072	1	1	NA	-1.45973051907494	-4.0030952822281	0.902349361451343	High	Cell_3072	1
Cell_3073	1	1	NA	0.172048088763442	-3.11074918073911	0.713531152578071	Medium	Cell_3073	1
Cell_3074	1	1	NA	-2.62463495062314	-2.56795262396086	0.664695254759863	Low	Cell_3074	1
Cell_3075	1	1	NA	0.845477493727008	-3.56615559925693	0.782520256470889	Medium	Cell_3075	1
Cell_3076	1	1	NA	1.21939074928562	-1.30007427526006	0.930614585988224	High	Cell_3076	1
Cell_3077	2	1	NA	3.56395377240708	4.64899298879427	0.792935512377881	Medium	Cell_3077	1
Cell_3078	1	1	NA	-4.33179932199467	-4.3714107195142	0.822560064145364	Medium	Cell_3078	1
Cell_3079	1	1	NA	-3.32868873594961	-2.62545903106449	0.883542034775019	High	Cell_3079	1
Cell_308	2	1	NA	2.67864815243811	-0.363949835661359	0.504107759916224	Low	Cell_308	1
Cell_3080	1	1	NA	-5.43953704828761	-4.34454452689784	0.846428512013517	High	Cell_3080	1
Cell_3081	1	1	NA	-2.90770202879608	-3.17588670603677	0.933398841414601	High	Cell_3081	1
Cell_3082	3	1	NA	2.91525817266771	6.24532781444986	0.547348776133731	Low	Cell_3082	1
Cell_3083	2	1	NA	2.78049631636986	-0.430788793391624	0.804969647084363	Medium	Cell_3083	1
Cell_3084	1	1	NA	-1.4638646998974	-3.0264076484242	0.620437394827604	Low	Cell_3084	1
Cell_3085	1	1	NA	-4.20475244439174	-4.28486307159415	0.734820829471573	Medium	Cell_3085	1
Cell_3086	2	1	NA	3.80183256942588	1.73262938138463	0.64196104335133	Low	Cell_3086	1
Cell_3087	2	1	NA	3.81791652608344	3.49598946059551	0.959220639313571	High	Cell_3087	1
Cell_3088	1	1	NA	-5.74329907529804	-3.93907798096798	0.69987202459015	Medium	Cell_3088	1
Cell_3089	1	1	NA	-4.71484044213249	-4.16428262758939	0.782672330155037	Medium	Cell_3089	1
Cell_309	1	1	NA	-0.896447103707391	-2.12380066800195	0.726229197112843	Medium	Cell_309	1
Cell_3090	2	1	NA	5.11293263515307	3.63135986587112	0.540438506170176	Low	Cell_3090	1
Cell_3091	1	1	NA	-0.291127847110657	-0.973808667166901	0.971350092440844	High	Cell_3091	1
Cell_3092	1	1	NA	1.00576935013482	-3.04726500986252	0.867889302666299	High	Cell_3092	1
Cell_3093	2	1	NA	2.60004785223805	0.427121609030546	0.737656108103693	Medium	Cell_3093	1
Cell_3094	1	1	NA	-0.547365511705043	-1.56601424882742	0.590921624330804	Low	Cell_3094	1
Cell_3095	1	1	NA	-0.145124072388439	-2.326738691774	0.865183440269902	High	Cell_3095	1
Cell_3096	1	1	NA	0.26926352498389	-1.38626412127147	0.80731352197472	Medium	Cell_3096	1
Cell_3097	1	1	NA	-5.00917464763965	-3.790099655595	0.530520795029588	Low	Cell_3097	1
Cell_3098	3	1	NA	3.34205810393174	5.84467105694624	0.526647691614926	Low	Cell_3098	1
Cell_3099	1	1	NA	1.15326628267557	-2.38547574140073	0.727628157474101	Medium	Cell_3099	1
Cell_31	2	1	NA	3.26952686516746	5.09472178917671	0.981512116268277	High	Cell_31	1
Cell_310	3	1	NA	1.25231405451436	8.64917168015546	0.746146664372645	Medium	Cell_310	1
Cell_3100	2	1	NA	3.01105477573789	-0.630646913112897	0.590481068473309	Low	Cell_3100	1
Cell_3101	3	1	NA	2.8823284340323	7.10689931418617	0.745652962010354	Medium	Cell_3101	1
Cell_3102	1	1	NA	-6.31154124837349	-3.86850112861623	0.990935724112205	High	Cell_3102	1
Cell_3103	3	1	NA	1.83199128717667	8.30791045581999	0.612061053630896	Low	Cell_3103	1
Cell_3104	2	1	NA	1.97730272417398	-0.77951204612483	0.856264327652752	High	Cell_3104	1
Cell_3105	2	1	NA	3.02313169432766	1.07179266782705	0.575063029653393	Low	Cell_3105	1
Cell_3106	3	1	NA	1.34015639619854	8.61832092205992	0.762862919713371	Medium	Cell_3106	1
Cell_3107	1	1	NA	-9.30069760933884	-4.23579621212266	0.914237911696546	High	Cell_3107	1
Cell_3108	2	1	NA	3.35990267652478	4.59429357968688	0.563430272159167	Low	Cell_3108	1
Cell_3109	1	1	NA	0.411754760311761	-1.0528655521966	0.909841640852392	High	Cell_3109	1
Cell_311	2	1	NA	3.28590839533418	3.16616299611987	0.694793555769138	Medium	Cell_311	1
Cell_3110	1	1	NA	0.183590511548463	-4.43941936613358	0.623001708183438	Low	Cell_3110	1
Cell_3111	1	1	NA	-3.6794727572908	-3.12895336303551	0.548508982756175	Low	Cell_3111	1
Cell_3112	2	1	NA	3.58716980376888	1.54725549268884	0.581850726739503	Low	Cell_3112	1
Cell_3113	3	1	NA	3.14857191835944	6.78324778564074	0.832177601987496	Medium	Cell_3113	1
Cell_3114	1	1	NA	-0.986787500449826	0.568309038547741	0.838714058394544	High	Cell_3114	1
Cell_3115	2	1	NA	2.35639739379734	-0.0905178000035601	0.566475938074291	Low	Cell_3115	1
Cell_3116	1	1	NA	0.487488859923946	-2.51466491549077	0.989761992357671	High	Cell_3116	1
Cell_3117	2	1	NA	4.12476003978342	3.58229363769773	0.573306237813085	Low	Cell_3117	1
Cell_3118	1	1	NA	-1.34242516375831	-4.6513271074874	0.970908376970328	High	Cell_3118	1
Cell_3119	2	1	NA	2.47681507410069	0.93244364358051	0.850175872445107	High	Cell_3119	1
Cell_312	3	1	NA	2.77920301432539	6.93769497938462	0.732332970947027	Medium	Cell_312	1
Cell_3120	2	1	NA	3.71025726441035	3.66296167038961	0.783981451764703	Medium	Cell_3120	1
Cell_3121	2	1	NA	1.56605183921383	0.859098350246929	0.623174494714476	Low	Cell_3121	1
Cell_3122	2	1	NA	2.16326488386562	-0.21941614721892	0.670435766223818	Medium	Cell_3122	1
Cell_3123	2	1	NA	2.38116342856931	0.678736104938057	0.919880972709507	High	Cell_3123	1
Cell_3124	3	1	NA	3.22187703487555	6.36666531841208	0.960760733112693	High	Cell_3124	1
Cell_3125	3	1	NA	1.4259976550385	8.16675171790318	0.757682443596423	Medium	Cell_3125	1
Cell_3126	2	1	NA	3.71784756887869	4.77003906119243	0.9440560991643	High	Cell_3126	1
Cell_3127	3	1	NA	1.90677063571668	8.25749839453787	0.852036101510748	High	Cell_3127	1
Cell_3128	3	1	NA	1.68199996444855	8.27641146328555	0.711881394847296	Medium	Cell_3128	1
Cell_3129	1	1	NA	-7.05613832341827	-4.0384151763317	0.650134551688097	Low	Cell_3129	1
Cell_313	1	1	NA	-5.77351528643706	-4.67148334046499	0.856639500358142	High	Cell_313	1
Cell_3130	1	1	NA	-1.59342844017221	-3.21727079332893	0.9816922203172	High	Cell_3130	1
Cell_3131	3	1	NA	-1.12172390264559	9.24276301236232	0.562410298036411	Low	Cell_3131	1
Cell_3132	2	1	NA	2.78619726422292	2.15419599014861	0.840170266455971	High	Cell_3132	1
Cell_3133	2	1	NA	2.76547320370103	5.59728437358039	0.90991957182996	High	Cell_3133	1
Cell_3134	1	1	NA	-2.51927463880347	-2.64096249326267	0.608137410948984	Low	Cell_3134	1
Cell_3135	1	1	NA	-0.537803352887788	-2.66510927192439	0.797043589525856	Medium	Cell_3135	1
Cell_3136	1	1	NA	-3.36900207944773	-2.13990094784617	0.580847965320572	Low	Cell_3136	1
Cell_3137	1	1	NA	-5.43129243142354	-4.36593214829442	0.702763259760104	Medium	Cell_3137	1
Cell_3138	1	1	NA	-0.436403139269769	-1.30155073286205	0.619442549534142	Low	Cell_3138	1
Cell_3139	1	1	NA	-2.56337839404193	-2.8491245220222	0.763799422769807	Medium	Cell_3139	1
Cell_314	2	1	NA	3.46945973163989	2.71240638552537	0.527650963165797	Low	Cell_314	1
Cell_3140	1	1	NA	-0.440726542585765	-1.9604281441318	0.835477400571108	High	Cell_3140	1
Cell_3141	3	1	NA	3.34472122783536	5.85419122047482	0.953782485099509	High	Cell_3141	1
Cell_3142	2	1	NA	3.87923446431768	2.72555474897186	0.666398591245525	Low	Cell_3142	1
Cell_3143	1	1	NA	-6.79840636808304	-3.56338604726451	0.621268249698915	Low	Cell_3143	1
Cell_3144	1	1	NA	-2.01154659425497	-0.483886903034328	0.6549943680875	Low	Cell_3144	1
Cell_3145	1	1	NA	-1.17588373127667	-2.43324184011922	0.613402767456137	Low	Cell_3145	1
Cell_3146	2	1	NA	3.44867648803207	2.27345830798165	0.56150156725198	Low	Cell_3146	1
Cell_3147	1	1	NA	-1.74253701422803	-4.19423033676129	0.633877812768333	Low	Cell_3147	1
Cell_3148	2	1	NA	4.37815720415488	3.16699601308484	0.961826818529516	High	Cell_3148	1
Cell_3149	2	1	NA	2.97903668056794	1.2267656701634	0.528242079773918	Low	Cell_3149	1
Cell_315	2	1	NA	2.36162248618683	-0.665856477111485	0.677391548757441	Medium	Cell_315	1
Cell_3150	1	1	NA	2.47544822361968	-2.54499299230741	0.750727573409677	Medium	Cell_3150	1
Cell_3151	2	1	NA	2.35789415398305	0.382976971638617	0.896892968099564	High	Cell_3151	1
Cell_3152	1	1	NA	-5.77604516413837	-3.6134431446345	0.918963672593236	High	Cell_3152	1
Cell_3153	1	1	NA	-4.49953596212957	-3.7664508058348	0.788136834162287	Medium	Cell_3153	1
Cell_3154	2	1	NA	3.31871710908393	1.62510367672116	0.620925044990145	Low	Cell_3154	1
Cell_3155	2	1	NA	3.46272045991031	1.71467664234229	0.791031112428755	Medium	Cell_3155	1
Cell_3156	2	1	NA	3.40490766831554	1.32919499398791	0.56875778362155	Low	Cell_3156	1
Cell_3157	2	1	NA	4.97499866902638	3.8639779462554	0.741356162005104	Medium	Cell_3157	1
Cell_3158	1	1	NA	-1.90503524963868	-0.0390394027936746	0.546842806390487	Low	Cell_3158	1
Cell_3159	2	1	NA	3.65581169120616	4.81766514154765	0.652484763995744	Low	Cell_3159	1
Cell_316	1	1	NA	-7.21832807191922	-4.58663981771431	0.901406136457808	High	Cell_316	1
Cell_3160	3	1	NA	0.596556682266067	8.83161944908424	0.838352677295916	High	Cell_3160	1
Cell_3161	3	1	NA	3.14970657478468	6.93984281287275	0.602567494148389	Low	Cell_3161	1
Cell_3162	1	1	NA	0.1834312383706	-4.52298479119659	0.697459253016859	Medium	Cell_3162	1
Cell_3163	1	1	NA	0.923626689024097	-1.96154906758056	0.901426553027704	High	Cell_3163	1
Cell_3164	3	1	NA	0.352721904184305	8.99466605326752	0.61416034726426	Low	Cell_3164	1
Cell_3165	1	1	NA	1.5027551762022	-2.95172070802712	0.538453758927062	Low	Cell_3165	1
Cell_3166	2	1	NA	3.81703881554982	1.73604578955805	0.889112453907728	High	Cell_3166	1
Cell_3167	2	1	NA	3.80885508901352	3.56326682042967	0.835069848340936	High	Cell_3167	1
Cell_3168	1	1	NA	-3.39823551848853	-3.0024817117476	0.755554836825468	Medium	Cell_3168	1
Cell_3169	1	1	NA	-3.39249045351495	-3.87691055778014	0.607001030119136	Low	Cell_3169	1
Cell_317	2	1	NA	3.41977821674846	1.8818183274612	0.917854418512434	High	Cell_317	1
Cell_3170	3	1	NA	0.716118293168855	8.88589536310545	0.593846649397165	Low	Cell_3170	1
Cell_3171	1	1	NA	-4.48238179020496	-4.19339098705749	0.80557358788792	Medium	Cell_3171	1
Cell_3172	2	1	NA	3.06921554274426	2.10932094452394	0.519370744819753	Low	Cell_3172	1
Cell_3173	3	1	NA	0.788591976582141	8.83697817937644	0.614720276673324	Low	Cell_3173	1
Cell_3174	3	1	NA	-0.256184118557581	8.98595913938333	0.911968944827095	High	Cell_3174	1
Cell_3175	1	1	NA	0.998332568631785	-0.422240964690536	0.650184124941006	Low	Cell_3175	1
Cell_3176	3	1	NA	2.31451300175085	7.47826505477067	0.508045904687606	Low	Cell_3176	1
Cell_3177	1	1	NA	-2.37649144959333	-3.79543355598791	0.980791795882396	High	Cell_3177	1
Cell_3178	1	1	NA	-6.57979952044818	-3.82229429663302	0.543873346759938	Low	Cell_3178	1
Cell_3179	3	1	NA	3.07911902525164	6.72637385137587	0.874011698528193	High	Cell_3179	1
Cell_318	1	1	NA	0.430559403689804	-4.3640406259234	0.61887470248621	Low	Cell_318	1
Cell_3180	1	1	NA	-0.974396656598629	-1.60582728072993	0.918004106264561	High	Cell_3180	1
Cell_3181	2	1	NA	3.18653486603144	1.95221242551352	0.507990267360583	Low	Cell_3181	1
Cell_3182	2	1	NA	3.54893740335248	0.0570613711820041	0.926430749124847	High	Cell_3182	1
Cell_3183	3	1	NA	2.73506462199325	7.09099557544684	0.775148632586934	Medium	Cell_3183	1
Cell_3184	2	1	NA	3.33814643526415	-0.0680082042837334	0.669843704206869	Medium	Cell_3184	1
Cell_3185	1	1	NA	0.59851248543321	-0.306939256342446	0.662850935943425	Low	Cell_3185	1
Cell_3186	2	1	NA	3.70652343522308	4.695948728873	0.819610056001693	Medium	Cell_3186	1
Cell_3187	2	1	NA	2.43068502032796	-1.00355434676244	0.563923648325726	Low	Cell_3187	1
Cell_3188	1	1	NA	-0.961502471179015	0.537289994363845	0.655560550745577	Low	Cell_3188	1
Cell_3189	1	1	NA	1.43775436800546	-2.33329910525283	0.791541303275153	Medium	Cell_3189	1
Cell_319	3	1	NA	-1.30635518060978	9.23059073759067	0.676993051311001	Medium	Cell_319	1
Cell_3190	1	1	NA	0.304756147027456	-2.70929750143208	0.879598119296134	High	Cell_3190	1
Cell_3191	2	1	NA	3.5426045272321	2.88203954656595	0.775851570884697	Medium	Cell_3191	1
Cell_3192	1	1	NA	0.971370656265237	-2.06951264278233	0.843893652665429	High	Cell_3192	1
Cell_3193	1	1	NA	-4.0613836229641	-2.75557543824175	0.685632168781012	Medium	Cell_3193	1
Cell_3194	1	1	NA	1.03615936070882	-0.478565261821698	0.953373428434134	High	Cell_3194	1
Cell_3195	1	1	NA	-1.2010357730718	-3.8515584119727	0.987867661868222	High	Cell_3195	1
Cell_3196	1	1	NA	1.30536934376209	-1.09435292840454	0.883047090726905	High	Cell_3196	1
Cell_3197	1	1	NA	-5.24573859296618	-3.38189883560262	0.506133056827821	Low	Cell_3197	1
Cell_3198	2	1	NA	2.71013560329927	0.476396258849039	0.761301987920888	Medium	Cell_3198	1
Cell_3199	3	1	NA	1.05200368927326	8.77571516776517	0.899523125728592	High	Cell_3199	1
Cell_32	1	1	NA	1.09768453750841	-1.61156701934817	0.951149522559717	High	Cell_32	1
Cell_320	1	1	NA	-2.4453708922704	-3.69194078648401	0.928442710079253	High	Cell_320	1
Cell_3200	1	1	NA	-1.34812851515944	-4.87201190125325	0.603727785171941	Low	Cell_3200	1
Cell_3201	1	1	NA	3.76850494412434	-8.05138311019777	0.693140891962685	Medium	Cell_3201	1
Cell_3202	3	1	NA	2.62399693859401	7.36701200196541	0.771191389416344	Medium	Cell_3202	1
Cell_3203	3	1	NA	1.99867617447851	7.91167277769626	0.872126541100442	High	Cell_3203	1
Cell_3204	2	1	NA	2.74750866603796	-0.144821943732109	0.666666215867735	Low	Cell_3204	1
Cell_3205	1	1	NA	-2.69262156468434	-4.24497926192885	0.662457619095221	Low	Cell_3205	1
Cell_3206	1	1	NA	-4.64712458591354	-3.29090759700843	0.711871518404223	Medium	Cell_3206	1
Cell_3207	1	1	NA	-4.3078905759788	-4.36171856369814	0.638150674523786	Low	Cell_3207	1
Cell_3208	3	1	NA	3.39359939232457	6.63371319398438	0.813045074813999	Medium	Cell_3208	1
Cell_3209	1	1	NA	0.377855036422718	-3.82845762339497	0.521798922447488	Low	Cell_3209	1
Cell_321	2	1	NA	4.01604468863653	3.32795976765722	0.926881686900742	High	Cell_321	1
Cell_3210	1	1	NA	0.638951946332904	-0.589180691239217	0.80326739337761	Medium	Cell_3210	1
Cell_3211	2	1	NA	4.00494750739944	0.808651834178677	0.708524548448622	Medium	Cell_3211	1
Cell_3212	2	1	NA	2.38967217155196	0.0905404392501976	0.521809511235915	Low	Cell_3212	1
Cell_3213	2	1	NA	4.1468481721173	4.13918846147452	0.996703870245256	High	Cell_3213	1
Cell_3214	2	1	NA	3.84346488340791	5.41584671883775	0.813280520495027	Medium	Cell_3214	1
Cell_3215	1	1	NA	-7.36899015078178	-4.04183687207197	0.91942007583566	High	Cell_3215	1
Cell_3216	1	1	NA	-2.64396812961573	-3.41807189471847	0.698542314930819	Medium	Cell_3216	1
Cell_3217	3	1	NA	0.233247477323387	8.98918203641422	0.97654449287802	High	Cell_3217	1
Cell_3218	1	1	NA	0.486887975161892	-2.77552983014267	0.68919889011886	Medium	Cell_3218	1
Cell_3219	1	1	NA	-4.10771273013415	-3.05208991963213	0.909947543754242	High	Cell_3219	1
Cell_322	2	1	NA	2.80099774065529	1.05976117361944	0.647947727702558	Low	Cell_322	1
Cell_3220	2	1	NA	3.28319430120228	0.621942429594303	0.503613275708631	Low	Cell_3220	1
Cell_3221	2	1	NA	4.07961749193293	2.45762169528282	0.936871327110566	High	Cell_3221	1
Cell_3222	2	1	NA	3.70942631951083	2.97783630855236	0.536971996771172	Low	Cell_3222	1
Cell_3223	2	1	NA	3.42519328272686	3.69587168096234	0.908352125436068	High	Cell_3223	1
Cell_3224	2	1	NA	3.28805921651359	2.66326629442776	0.793021518271416	Medium	Cell_3224	1
Cell_3225	1	1	NA	-1.64089565066054	-2.91354882657976	0.841373177245259	High	Cell_3225	1
Cell_3226	2	1	NA	1.68166988428709	0.754288721767507	0.857078861794434	High	Cell_3226	1
Cell_3227	3	1	NA	3.58664822468007	6.8617433035966	0.64005263929721	Low	Cell_3227	1
Cell_3228	1	1	NA	-0.345139355199062	-2.85061113374386	0.836756779113784	High	Cell_3228	1
Cell_3229	1	1	NA	-1.94832689114504	-3.16654844660459	0.64851968921721	Low	Cell_3229	1
Cell_323	2	1	NA	3.22664505380777	-0.297900694399665	0.573524162289687	Low	Cell_323	1
Cell_3230	1	1	NA	-2.1214330892592	-2.92926811864993	0.785522887366824	Medium	Cell_3230	1
Cell_3231	3	1	NA	3.92076323257609	6.06824400818722	0.527353090699762	Low	Cell_3231	1
Cell_3232	3	1	NA	0.32654272675887	8.78216011737542	0.673804208403453	Medium	Cell_3232	1
Cell_3233	1	1	NA	-5.94549308444276	-4.14503474949591	0.748839542153291	Medium	Cell_3233	1
Cell_3234	2	1	NA	1.80369644817776	0.965122621465198	0.765844492358156	Medium	Cell_3234	1
Cell_3235	1	1	NA	-2.86423080259548	-3.03053602774483	0.907884188694879	High	Cell_3235	1
Cell_3236	3	1	NA	3.49382545229118	5.84396140804224	0.755163233261555	Medium	Cell_3236	1
Cell_3237	3	1	NA	1.01554475325109	8.74595368197818	0.924472900805995	High	Cell_3237	1
Cell_3238	2	1	NA	3.92764568563578	3.77023121582669	0.797096431604587	Medium	Cell_3238	1
Cell_3239	2	1	NA	2.76631856732735	-0.0930587120191594	0.768947645672597	Medium	Cell_3239	1
Cell_324	2	1	NA	1.82784911083982	-0.440888788787535	0.851996030658484	High	Cell_324	1
Cell_3240	1	1	NA	-4.92264803008757	-4.5780045552684	0.813520206720568	Medium	Cell_3240	1
Cell_3241	2	1	NA	3.03924427086471	1.47899818901648	0.645986904739402	Low	Cell_3241	1
Cell_3242	1	1	NA	1.1753261825916	-0.217764450321096	0.783619569148868	Medium	Cell_3242	1
Cell_3243	2	1	NA	2.67242924696431	0.566250360085718	0.999749991227873	High	Cell_3243	1
Cell_3244	1	1	NA	-5.84065112283341	-4.56452427488668	0.960226984228939	High	Cell_3244	1
Cell_3245	1	1	NA	-0.106223582842142	-1.69891122943608	0.884671596926637	High	Cell_3245	1
Cell_3246	2	1	NA	4.18706342138057	4.22911304678805	0.921866355813108	High	Cell_3246	1
Cell_3247	2	1	NA	1.68341395702061	1.53170313824683	0.961139934253879	High	Cell_3247	1
Cell_3248	3	1	NA	3.32739089293348	6.41647559126316	0.800395068363287	Medium	Cell_3248	1
Cell_3249	2	1	NA	3.53650290000086	4.69949619934238	0.68390096409712	Medium	Cell_3249	1
Cell_325	1	1	NA	-7.34339394899762	-4.08059564185373	0.551903344108723	Low	Cell_325	1
Cell_3250	1	1	NA	-1.65877974309562	-2.39507680772195	0.87350175040774	High	Cell_3250	1
Cell_3251	2	1	NA	3.49192087447063	0.547218056970703	0.742430369602516	Medium	Cell_3251	1
Cell_3252	1	1	NA	3.804665872354	-7.57024213594612	0.502405411214568	Low	Cell_3252	1
Cell_3253	1	1	NA	-1.69347049733131	-0.658388884846141	0.836571222869679	High	Cell_3253	1
Cell_3254	1	1	NA	0.632450538347817	-3.87859102842408	0.701823789277114	Medium	Cell_3254	1
Cell_3255	2	1	NA	2.65143929325081	-0.784000285312685	0.976591017330065	High	Cell_3255	1
Cell_3256	2	1	NA	4.20035260330509	2.20415045196817	0.567185709718615	Low	Cell_3256	1
Cell_3257	1	1	NA	-5.05599612773128	-3.95410442553059	0.688859972753562	Medium	Cell_3257	1
Cell_3258	1	1	NA	-5.35779567197678	-4.15484919570711	0.949928516405635	High	Cell_3258	1
Cell_3259	2	1	NA	2.20454129540059	0.307975694920042	0.901670504943468	High	Cell_3259	1
Cell_326	1	1	NA	-2.9654916569941	-3.24357159749492	0.516863886499777	Low	Cell_326	1
Cell_3260	2	1	NA	3.06998635373417	0.255233701033678	0.753213671967387	Medium	Cell_3260	1
Cell_3261	3	1	NA	0.461769987372234	8.84806137518556	0.509046867955476	Low	Cell_3261	1
Cell_3262	1	1	NA	-8.92562609957593	-4.0803618121956	0.625136565999128	Low	Cell_3262	1
Cell_3263	2	1	NA	2.40691707292814	0.297666022196846	0.652994074858725	Low	Cell_3263	1
Cell_3264	1	1	NA	0.560697099137632	-2.33113038233469	0.830862019909546	Medium	Cell_3264	1
Cell_3265	1	1	NA	-1.03691228578966	-2.14432799111087	0.549088499508798	Low	Cell_3265	1
Cell_3266	2	1	NA	4.03385007410711	2.78750779357079	0.982645225478336	High	Cell_3266	1
Cell_3267	1	1	NA	1.3269641381383	-0.919338852533616	0.933611828950234	High	Cell_3267	1
Cell_3268	1	1	NA	-7.21269400816519	-4.49169607028091	0.642431285581551	Low	Cell_3268	1
Cell_3269	2	1	NA	2.24660861892302	-0.0698116273275963	0.717343618976884	Medium	Cell_3269	1
Cell_327	2	1	NA	1.88881507612165	-0.592318031725154	0.999702263972722	High	Cell_327	1
Cell_3270	1	1	NA	-5.1830587845296	-4.24817610344584	0.67047452100087	Medium	Cell_3270	1
Cell_3271	1	1	NA	1.61063746945136	-3.40682102091524	0.67406498757191	Medium	Cell_3271	1
Cell_3272	1	1	NA	-0.752475639109995	-1.81878351571205	0.652086609043181	Low	Cell_3272	1
Cell_3273	1	1	NA	-1.70976129647311	-1.96881756826871	0.957257984089665	High	Cell_3273	1
Cell_3274	1	1	NA	0.354718230666179	-4.29107482131756	0.641789425630122	Low	Cell_3274	1
Cell_3275	2	1	NA	3.0778532137379	0.308367819539286	0.933923659496941	High	Cell_3275	1
Cell_3276	2	1	NA	4.11491848626736	5.10101716731502	0.908345647389069	High	Cell_3276	1
Cell_3277	1	1	NA	-4.19641570657946	-3.77153133354248	0.592293561785482	Low	Cell_3277	1
Cell_3278	2	1	NA	3.5320650023451	1.91585833790134	0.613613238208927	Low	Cell_3278	1
Cell_3279	1	1	NA	-0.316919296779817	-1.86473620569808	0.832812918582931	Medium	Cell_3279	1
Cell_328	2	1	NA	1.54449698147189	-0.100703311915601	0.51743740204256	Low	Cell_328	1
Cell_3280	1	1	NA	-3.21864934224538	-2.24250912259111	0.734039627364837	Medium	Cell_3280	1
Cell_3281	3	1	NA	0.18105734122933	9.00407464966183	0.554820031975396	Low	Cell_3281	1
Cell_3282	1	1	NA	-6.72359528751965	-4.49751493061005	0.572824148810469	Low	Cell_3282	1
Cell_3283	1	1	NA	-0.235514989577518	-0.842603725425076	0.658587166690268	Low	Cell_3283	1
Cell_3284	1	1	NA	-7.36299710719638	-4.52202081499255	0.803601499181241	Medium	Cell_3284	1
Cell_3285	1	1	NA	-1.61548893059851	-1.31965719132749	0.973507631104439	High	Cell_3285	1
Cell_3286	1	1	NA	-2.02382837164786	-3.10095989401779	0.711293084779754	Medium	Cell_3286	1
Cell_3287	2	1	NA	3.88162044947547	4.83321843425508	0.96324428927619	High	Cell_3287	1
Cell_3288	2	1	NA	2.17970221277998	-0.583187575986821	0.549820546875708	Low	Cell_3288	1
Cell_3289	1	1	NA	-4.71002149291833	-3.35225111315183	0.933144479524344	High	Cell_3289	1
Cell_329	1	1	NA	3.8060042498139	-7.97726721343236	0.669195641879924	Medium	Cell_329	1
Cell_3290	2	1	NA	3.64816358452017	3.38347621387234	0.630244115251116	Low	Cell_3290	1
Cell_3291	1	1	NA	-7.16246902430664	-4.61241689358777	0.642016199650243	Low	Cell_3291	1
Cell_3292	3	1	NA	0.408750586150805	8.88507491271199	0.582929003867321	Low	Cell_3292	1
Cell_3293	1	1	NA	-1.50442855286921	-2.87556228169951	0.514978314051405	Low	Cell_3293	1
Cell_3294	1	1	NA	-1.0296966962532	0.527829423200311	0.549059320706874	Low	Cell_3294	1
Cell_3295	2	1	NA	4.03210774767389	4.08563459455493	0.559928875882179	Low	Cell_3295	1
Cell_3296	1	1	NA	-7.30009076953001	-4.5497379587469	0.597075054771267	Low	Cell_3296	1
Cell_3297	1	1	NA	-4.37988956064364	-4.16868160758797	0.914796298486181	High	Cell_3297	1
Cell_3298	2	1	NA	3.62801898429144	2.37789356546639	0.507657130016014	Low	Cell_3298	1
Cell_3299	2	1	NA	1.38182078665217	0.272476620461074	0.692845453624614	Medium	Cell_3299	1
Cell_33	2	1	NA	3.42246800175961	4.88441327874159	0.845352639211342	High	Cell_33	1
Cell_330	1	1	NA	-1.17169913414485	-3.42223666440988	0.95753188082017	High	Cell_330	1
Cell_3300	2	1	NA	1.71066015955323	1.6187725289821	0.957178004900925	High	Cell_3300	1
Cell_3301	2	1	NA	3.952862481525	2.60072010742371	0.507642832119018	Low	Cell_3301	1
Cell_3302	1	1	NA	-5.38832833118375	-4.08841892601014	0.654825500678271	Low	Cell_3302	1
Cell_3303	1	1	NA	-2.72088686355269	-2.73447397517876	0.714251344674267	Medium	Cell_3303	1
Cell_3304	2	1	NA	2.03981903048163	-0.90051674046257	0.781065532821231	Medium	Cell_3304	1
Cell_3305	2	1	NA	2.73417589287149	-0.241258987152174	0.960382733494043	High	Cell_3305	1
Cell_3306	1	1	NA	0.88089274798901	-0.301617423461799	0.758461209596135	Medium	Cell_3306	1
Cell_3307	2	1	NA	3.21930630731333	5.37284421616289	0.870019984897226	High	Cell_3307	1
Cell_3308	3	1	NA	-1.21903056595271	9.23282796999681	0.808923071250319	Medium	Cell_3308	1
Cell_3309	1	1	NA	-8.8776257406633	-3.62843388423594	0.602874754811637	Low	Cell_3309	1
Cell_331	1	1	NA	-3.58498959184636	-2.59490349615785	0.808617634815164	Medium	Cell_331	1
Cell_3310	1	1	NA	-0.51461230799612	-2.05511535189941	0.754344520391896	Medium	Cell_3310	1
Cell_3311	3	1	NA	3.72174965170812	5.94557156072492	0.53053117392119	Low	Cell_3311	1
Cell_3312	2	1	NA	3.29249620625052	-0.361518412453948	0.887251063948497	High	Cell_3312	1
Cell_3313	1	1	NA	0.809749641720411	-2.30751943685962	0.602123431977816	Low	Cell_3313	1
Cell_3314	1	1	NA	1.05612092239755	-1.60808049124428	0.928536797291599	High	Cell_3314	1
Cell_3315	1	1	NA	-5.24660597972321	-4.22923143600073	0.756885907729156	Medium	Cell_3315	1
Cell_3316	1	1	NA	-3.75857294199156	-3.26353549869269	0.625810673693195	Low	Cell_3316	1
Cell_3317	2	1	NA	4.17564720907752	2.62134143119351	0.906374723417684	High	Cell_3317	1
Cell_3318	1	1	NA	0.186892909243179	-4.3858206343581	0.533501278841868	Low	Cell_3318	1
Cell_3319	1	1	NA	-4.4983151079603	-3.64171754035561	0.513096739421599	Low	Cell_3319	1
Cell_332	1	1	NA	-0.0677309387877365	-2.54970390659339	0.643142674351111	Low	Cell_332	1
Cell_3320	2	1	NA	1.79324618607555	0.639456248692278	0.79812815610785	Medium	Cell_3320	1
Cell_3321	1	1	NA	0.609158375325345	-3.29645220798	0.923446883214638	High	Cell_3321	1
Cell_3322	1	1	NA	-5.06032600628995	-3.22221976929878	0.726199580705725	Medium	Cell_3322	1
Cell_3323	1	1	NA	-7.12143755431175	-4.29538820695737	0.751088655320928	Medium	Cell_3323	1
Cell_3324	1	1	NA	-5.21732196662209	-4.39655976225099	0.604829803691246	Low	Cell_3324	1
Cell_3325	2	1	NA	3.5155158365312	5.62024717384843	0.857793095172383	High	Cell_3325	1
Cell_3326	1	1	NA	0.522700044541578	-3.35302086708921	0.768190026748925	Medium	Cell_3326	1
Cell_3327	1	1	NA	-6.42378303580537	-4.35886847272467	0.52456971432548	Low	Cell_3327	1
Cell_3328	2	1	NA	2.30578412230355	0.436828183295304	0.911357440170832	High	Cell_3328	1
Cell_3329	1	1	NA	0.849121859766702	-3.82822977425682	0.62624823267106	Low	Cell_3329	1
Cell_333	1	1	NA	-7.26708294517994	-4.5903474205728	0.868898701504804	High	Cell_333	1
Cell_3330	1	1	NA	0.481132897400262	-3.1734565144153	0.760724466992542	Medium	Cell_3330	1
Cell_3331	1	1	NA	-5.45153586791697	-3.75161914505942	0.66349605016876	Low	Cell_3331	1
Cell_3332	1	1	NA	-1.22267509333645	-1.77272910025273	0.555184420663863	Low	Cell_3332	1
Cell_3333	1	1	NA	-0.268845769196533	0.121494444844338	0.92586608545389	High	Cell_3333	1
Cell_3334	2	1	NA	1.97864481005424	0.616839533276299	0.812320018419996	Medium	Cell_3334	1
Cell_3335	1	1	NA	-2.54691700976354	-2.56185017422195	0.924033011891879	High	Cell_3335	1
Cell_3336	2	1	NA	3.31251453089335	-0.44726758677696	0.563005905714817	Low	Cell_3336	1
Cell_3337	1	1	NA	-2.33413568107162	-2.50119010432975	0.834125806344673	High	Cell_3337	1
Cell_3338	2	1	NA	2.68914051946972	-0.0446330608115593	0.803966515231878	Medium	Cell_3338	1
Cell_3339	1	1	NA	1.16535809892281	-2.41024108622549	0.972833178704605	High	Cell_3339	1
Cell_334	2	1	NA	3.83475074998314	2.20224577116904	0.917027154588141	High	Cell_334	1
Cell_3340	1	1	NA	-7.47808940441819	-4.10869342573647	0.790312214405276	Medium	Cell_3340	1
Cell_3341	2	1	NA	2.11558997600876	0.113783795208668	0.651566426502541	Low	Cell_3341	1
Cell_3342	1	1	NA	-4.92862385139376	-2.98030303543561	0.967389568686485	High	Cell_3342	1
Cell_3343	3	1	NA	1.77226505133868	8.07277001593585	0.922179681132548	High	Cell_3343	1
Cell_3344	1	1	NA	-1.80485695452844	-2.89658810392909	0.712286677444354	Medium	Cell_3344	1
Cell_3345	2	1	NA	3.0989019780557	-0.503390262934335	0.742832542629912	Medium	Cell_3345	1
Cell_3346	1	1	NA	2.69356789000014	-2.23856034242843	0.884260075981729	High	Cell_3346	1
Cell_3347	2	1	NA	3.17273697902495	0.447825132313245	0.626138409134001	Low	Cell_3347	1
Cell_3348	1	1	NA	-2.40016434624256	-2.7646830710231	0.906019980786368	High	Cell_3348	1
Cell_3349	3	1	NA	1.62934588228623	8.32779775382591	0.91104770405218	High	Cell_3349	1
Cell_335	1	1	NA	-0.422288541703523	-1.66369898060336	0.657135390210897	Low	Cell_335	1
Cell_3350	1	1	NA	-4.04104448027988	-4.09418469442403	0.708668520790525	Medium	Cell_3350	1
Cell_3351	1	1	NA	-5.10437248291315	-3.73373655578818	0.958187972661108	High	Cell_3351	1
Cell_3352	2	1	NA	2.4396648673478	1.19386903032717	0.535437836544588	Low	Cell_3352	1
Cell_3353	1	1	NA	-3.32461510577046	-2.69090796672183	0.905048042419367	High	Cell_3353	1
Cell_3354	1	1	NA	-3.62632561917935	-2.97389474519763	0.742952235625125	Medium	Cell_3354	1
Cell_3355	1	1	NA	-4.95210084473386	-4.2776677980926	0.652617362560704	Low	Cell_3355	1
Cell_3356	1	1	NA	-1.34833185034555	-2.36945615851748	0.80893691664096	Medium	Cell_3356	1
Cell_3357	1	1	NA	-2.90802262572708	-3.3016887100438	0.659626685432158	Low	Cell_3357	1
Cell_3358	3	1	NA	3.3565527571526	6.23200660921073	0.826168406871147	Medium	Cell_3358	1
Cell_3359	1	1	NA	-1.26970947505541	-1.85658852800902	0.957924153190106	High	Cell_3359	1
Cell_336	1	1	NA	-9.07620785861968	-3.92304153122049	0.746283273911104	Medium	Cell_336	1
Cell_3360	2	1	NA	4.32502428564622	1.87293478109792	0.784539515618235	Medium	Cell_3360	1
Cell_3361	1	1	NA	-2.83024697437781	-3.11245450849128	0.8189453529194	Medium	Cell_3361	1
Cell_3362	2	1	NA	3.59106509834866	2.69868955250337	0.708034990355372	Medium	Cell_3362	1
Cell_3363	2	1	NA	4.25064579171617	4.8004463454466	0.898305075592361	High	Cell_3363	1
Cell_3364	3	1	NA	1.01856527655834	8.66376626666651	0.931138097075745	High	Cell_3364	1
Cell_3365	2	1	NA	4.43546635601689	2.3399754587558	0.683708561002277	Medium	Cell_3365	1
Cell_3366	1	1	NA	2.16474842036221	-2.76396154805131	0.74396928481292	Medium	Cell_3366	1
Cell_3367	1	1	NA	-2.73909741292732	-4.22153624264255	0.94817593600601	High	Cell_3367	1
Cell_3368	2	1	NA	3.41525527175638	3.33439267549725	0.73191142489668	Medium	Cell_3368	1
Cell_3369	1	1	NA	0.199945668742951	-3.40276964405193	0.60466399951838	Low	Cell_3369	1
Cell_337	1	1	NA	0.309461916579245	-4.40284525589021	0.848686883109622	High	Cell_337	1
Cell_3370	1	1	NA	0.557314919317812	-0.645512333483805	0.838128147996031	High	Cell_3370	1
Cell_3371	1	1	NA	-5.35714633981614	-3.62525277838828	0.86706490709912	High	Cell_3371	1
Cell_3372	1	1	NA	-2.73121328748119	-3.03396470837509	0.826347081223503	Medium	Cell_3372	1
Cell_3373	1	1	NA	-5.28548783236306	-4.57023365184745	0.603457108838484	Low	Cell_3373	1
Cell_3374	2	1	NA	3.95837014291421	1.43978687008061	0.98038577020634	High	Cell_3374	1
Cell_3375	2	1	NA	4.09716335598931	4.27583329718804	0.503448582487181	Low	Cell_3375	1
Cell_3376	2	1	NA	3.75145680653108	3.61731099402362	0.951083276188001	High	Cell_3376	1
Cell_3377	1	1	NA	0.332858674968643	-4.31499682441652	0.544821430114098	Low	Cell_3377	1
Cell_3378	1	1	NA	0.680649517362952	-0.839633230220488	0.918547388515435	High	Cell_3378	1
Cell_3379	1	1	NA	-1.95118842304254	-2.20320173515615	0.777103020809591	Medium	Cell_3379	1
Cell_338	1	1	NA	-8.83000177663399	-3.65469188825403	0.820731176994741	Medium	Cell_338	1
Cell_3380	2	1	NA	4.30761061129305	1.98152344119687	0.801708465092815	Medium	Cell_3380	1
Cell_3381	1	1	NA	-5.75048625156591	-3.64860010026737	0.905680496478453	High	Cell_3381	1
Cell_3382	1	1	NA	-1.88838401800286	-0.526329344994114	0.631487312493846	Low	Cell_3382	1
Cell_3383	1	1	NA	-0.870896249246432	-2.42521896003962	0.519973473157734	Low	Cell_3383	1
Cell_3384	1	1	NA	-2.04592238181047	-2.86165333195932	0.569143681321293	Low	Cell_3384	1
Cell_3385	1	1	NA	3.83169611822678	-7.83337682483211	0.552694916492328	Low	Cell_3385	1
Cell_3386	1	1	NA	-3.31061229085708	-2.46726738083252	0.587702910299413	Low	Cell_3386	1
Cell_3387	1	1	NA	-1.85532230366635	-2.52800482155876	0.980589977581985	High	Cell_3387	1
Cell_3388	2	1	NA	4.42798037238842	4.33427818482354	0.597014320781454	Low	Cell_3388	1
Cell_3389	2	1	NA	3.75865145233805	0.566364915429885	0.666090383892879	Low	Cell_3389	1
Cell_339	3	1	NA	2.36432473816158	7.7273810274238	0.821961457491852	Medium	Cell_339	1
Cell_3390	2	1	NA	1.44943069175912	-1.16555702681196	0.84615032421425	High	Cell_3390	1
Cell_3391	3	1	NA	3.18115959654221	6.9003638969993	0.846733207930811	High	Cell_3391	1
Cell_3392	2	1	NA	1.72924759272134	1.04014569006361	0.643053294159472	Low	Cell_3392	1
Cell_3393	1	1	NA	-3.80016271689146	-2.67031405054036	0.649559626705013	Low	Cell_3393	1
Cell_3394	2	1	NA	2.60627640890228	2.23328995716326	0.714976956951432	Medium	Cell_3394	1
Cell_3395	2	1	NA	4.30224590827559	4.66694842741967	0.691314580384642	Medium	Cell_3395	1
Cell_3396	2	1	NA	2.61471696890682	0.463807556978166	0.953408258152194	High	Cell_3396	1
Cell_3397	1	1	NA	2.5611128130817	-2.4598302352841	0.767380649107508	Medium	Cell_3397	1
Cell_3398	3	1	NA	3.09084403016033	6.99990468080557	0.803703685640357	Medium	Cell_3398	1
Cell_3399	1	1	NA	0.946646708461682	-3.76754689479538	0.752186526544392	Medium	Cell_3399	1
Cell_34	1	1	NA	-1.18635703035038	-2.92966741016321	0.897733708843589	High	Cell_34	1
Cell_340	1	1	NA	0.982826753840118	-3.7334006840411	0.988926702411845	High	Cell_340	1
Cell_3400	1	1	NA	-5.5732228260153	-4.29692444299674	0.752205351600423	Medium	Cell_3400	1
Cell_3401	2	1	NA	1.86611149856571	1.55869407186831	0.711825854727067	Medium	Cell_3401	1
Cell_3402	1	1	NA	-4.87509879442982	-4.510764451515	0.608767350902781	Low	Cell_3402	1
Cell_3403	1	1	NA	-0.143308721366219	-2.84045626529251	0.659625109168701	Low	Cell_3403	1
Cell_3404	3	1	NA	1.0613737670501	8.74757738559726	0.620810063788667	Low	Cell_3404	1
Cell_3405	2	1	NA	4.45809899102527	3.54625318306407	0.500576192513108	Low	Cell_3405	1
Cell_3406	1	1	NA	-5.91320050748555	-4.17004662542412	0.611908580525778	Low	Cell_3406	1
Cell_3407	2	1	NA	2.12746949579471	1.01276887931746	0.984582311008126	High	Cell_3407	1
Cell_3408	1	1	NA	-0.44732835377344	-2.93210025006618	0.716201432631351	Medium	Cell_3408	1
Cell_3409	1	1	NA	-2.72109863882721	-2.78354622096689	0.981653564260341	High	Cell_3409	1
Cell_341	1	1	NA	-0.9543924864059	-1.07272852948025	0.707367667229846	Medium	Cell_341	1
Cell_3410	2	1	NA	3.86187751033701	0.758661955748637	0.62791005789768	Low	Cell_3410	1
Cell_3411	2	1	NA	2.31296972668842	-1.04661363308569	0.567715269513428	Low	Cell_3411	1
Cell_3412	3	1	NA	2.35190502953333	7.62821006980152	0.781296013272367	Medium	Cell_3412	1
Cell_3413	1	1	NA	-1.81470005390738	-1.99085382128953	0.716624670545571	Medium	Cell_3413	1
Cell_3414	1	1	NA	-1.70884162158445	-1.45359259153469	0.931447063223459	High	Cell_3414	1
Cell_3415	3	1	NA	2.88594798447543	6.69475394469479	0.957738472265191	High	Cell_3415	1
Cell_3416	2	1	NA	3.83784518336997	3.4957524582822	0.809154465678148	Medium	Cell_3416	1
Cell_3417	1	1	NA	-2.35997477999823	-3.74360566025961	0.920465315575711	High	Cell_3417	1
Cell_3418	2	1	NA	1.75871657582702	-1.22359141757204	0.644127559149638	Low	Cell_3418	1
Cell_3419	1	1	NA	-7.70020949109691	-4.21028371762487	0.949564267299138	High	Cell_3419	1
Cell_342	1	1	NA	-2.43703279709898	-0.852717954685106	0.55970238998998	Low	Cell_342	1
Cell_3420	1	1	NA	-6.57183373133292	-3.43788392128768	0.57055162161123	Low	Cell_3420	1
Cell_3421	1	1	NA	-3.48992497816055	-4.12013604812139	0.570958431693725	Low	Cell_3421	1
Cell_3422	2	1	NA	4.10401698516797	3.82843617816369	0.789783789543435	Medium	Cell_3422	1
Cell_3423	2	1	NA	3.17325172783368	4.75640247595391	0.997510384069756	High	Cell_3423	1
Cell_3424	1	1	NA	-2.00203618890858	-1.76375141302443	0.766739926184528	Medium	Cell_3424	1
Cell_3425	2	1	NA	3.05809417693323	1.37241696776835	0.564255287521519	Low	Cell_3425	1
Cell_3426	3	1	NA	-0.486711730532913	9.05533886223791	0.588559702504426	Low	Cell_3426	1
Cell_3427	3	1	NA	2.36968789534716	7.68616794756938	0.887275136657991	High	Cell_3427	1
Cell_3428	2	1	NA	3.56857244691914	4.67981348266079	0.825255551142618	Medium	Cell_3428	1
Cell_3429	2	1	NA	3.78177657084714	5.09477679850914	0.778087019687518	Medium	Cell_3429	1
Cell_343	2	1	NA	3.36071559847885	4.31313962592219	0.763014830066822	Medium	Cell_343	1
Cell_3430	3	1	NA	-1.81468094840764	9.37520638607554	0.872753576375544	High	Cell_3430	1
Cell_3431	2	1	NA	3.94052508028473	4.13780091934987	0.671606438001618	Medium	Cell_3431	1
Cell_3432	1	1	NA	0.375614078570609	-3.36361425468348	0.695620114682242	Medium	Cell_3432	1
Cell_3433	1	1	NA	-4.79016109023472	-3.9478987693335	0.676094780908898	Medium	Cell_3433	1
Cell_3434	2	1	NA	3.455607390727	4.46314594302913	0.811396052711643	Medium	Cell_3434	1
Cell_3435	1	1	NA	3.79040904931431	-7.69776681440576	0.580372965079732	Low	Cell_3435	1
Cell_3436	1	1	NA	-9.06230851981518	-3.98162683391745	0.623217766173184	Low	Cell_3436	1
Cell_3437	2	1	NA	3.52832508847234	2.78834065788864	0.973834460601211	High	Cell_3437	1
Cell_3438	3	1	NA	2.69698274875774	7.13661334329456	0.994170812424272	High	Cell_3438	1
Cell_3439	1	1	NA	-3.56078489108656	-2.98243228061723	0.767831489443779	Medium	Cell_3439	1
Cell_344	2	1	NA	3.50556324856708	2.83897157406124	0.612536675413139	Low	Cell_344	1
Cell_3440	1	1	NA	1.42229580669434	-2.93811395670026	0.522653843276203	Low	Cell_3440	1
Cell_3441	3	1	NA	3.31067424090241	6.2546576867586	0.801133227301762	Medium	Cell_3441	1
Cell_3442	1	1	NA	-2.83591856364638	-4.34726368674769	0.860839658649638	High	Cell_3442	1
Cell_3443	2	1	NA	3.43661373556092	3.14886912154717	0.791511438204907	Medium	Cell_3443	1
Cell_3444	2	1	NA	1.53312510066725	0.389437888848363	0.763236722094007	Medium	Cell_3444	1
Cell_3445	3	1	NA	1.61560889035103	8.32515089148998	0.676883372827433	Medium	Cell_3445	1
Cell_3446	3	1	NA	-1.48205708795363	9.3062162829411	0.54003089258913	Low	Cell_3446	1
Cell_3447	1	1	NA	0.726351266235902	-0.771617449499712	0.564196408144198	Low	Cell_3447	1
Cell_3448	2	1	NA	2.99432348060405	1.05830002239262	0.682937694829889	Medium	Cell_3448	1
Cell_3449	1	1	NA	-0.576602980143248	-2.18459247449755	0.800073247752152	Medium	Cell_3449	1
Cell_345	2	1	NA	2.71650169958729	-0.366042069084192	0.743205882026814	Medium	Cell_345	1
Cell_3450	1	1	NA	-3.03112695708491	-2.35140656612797	0.618921684334055	Low	Cell_3450	1
Cell_3451	3	1	NA	2.59870983447735	7.19571160173612	0.509073027176782	Low	Cell_3451	1
Cell_3452	1	1	NA	-2.8386594004355	-3.00085601521295	0.654936464852653	Low	Cell_3452	1
Cell_3453	2	1	NA	3.61850168597264	1.35065643508295	0.539006329956464	Low	Cell_3453	1
Cell_3454	1	1	NA	0.213837976397023	-2.44125502860037	0.62545621173922	Low	Cell_3454	1
Cell_3455	2	1	NA	3.32525060230674	2.16978243845817	0.570437469752505	Low	Cell_3455	1
Cell_3456	2	1	NA	2.30255745433087	1.99371441646047	0.685057374066673	Medium	Cell_3456	1
Cell_3457	1	1	NA	-4.65697470750698	-3.87136477699593	0.570182727067731	Low	Cell_3457	1
Cell_3458	2	1	NA	3.2259578883439	4.87776240429225	0.783998333034106	Medium	Cell_3458	1
Cell_3459	1	1	NA	-7.39798946628246	-4.08729808256862	0.771340203471482	Medium	Cell_3459	1
Cell_346	2	1	NA	2.76836287038347	1.41069045849537	0.685107399243861	Medium	Cell_346	1
Cell_3460	1	1	NA	-5.51627574446223	-4.43675156072969	0.581846541375853	Low	Cell_3460	1
Cell_3461	1	1	NA	-1.88564423827586	-3.04447852627359	0.972516371286474	High	Cell_3461	1
Cell_3462	1	1	NA	1.18942819010324	-1.02926679694647	0.812946281977929	Medium	Cell_3462	1
Cell_3463	1	1	NA	-6.16028037281207	-4.2508985256301	0.532422585762106	Low	Cell_3463	1
Cell_3464	1	1	NA	0.414673560158735	-2.49070404664786	0.590459138038568	Low	Cell_3464	1
Cell_3465	2	1	NA	2.74552370251593	-1.07383489597845	0.833869067719206	High	Cell_3465	1
Cell_3466	1	1	NA	-7.2985265138923	-4.0984191772962	0.953363438486122	High	Cell_3466	1
Cell_3467	2	1	NA	2.99455477403802	2.09781983053325	0.90790935815312	High	Cell_3467	1
Cell_3468	1	1	NA	3.79693515178411	-8.00592464928724	0.72123721987009	Medium	Cell_3468	1
Cell_3469	2	1	NA	3.34022381794038	2.31900727462149	0.580600707209669	Low	Cell_3469	1
Cell_347	3	1	NA	3.02820727224924	6.83278353723427	0.991675090393983	High	Cell_347	1
Cell_3470	2	1	NA	3.76606511674853	5.36747481801403	0.582886508316733	Low	Cell_3470	1
Cell_3471	1	1	NA	2.36879028788841	-3.23360903634751	0.73947293497622	Medium	Cell_3471	1
Cell_3472	1	1	NA	3.80058050119155	-7.60643867680869	0.697931340662763	Medium	Cell_3472	1
Cell_3473	1	1	NA	-9.29624675223011	-4.22859246903397	0.897459829808213	High	Cell_3473	1
Cell_3474	2	1	NA	4.08106568742223	3.56145611083163	0.884918546886183	High	Cell_3474	1
Cell_3475	1	1	NA	0.644517681355259	-4.15996462021463	0.699582476634532	Medium	Cell_3475	1
Cell_3476	1	1	NA	-3.14369501438522	-2.80296498295911	0.815098397433758	Medium	Cell_3476	1
Cell_3477	1	1	NA	-4.172320255879	-3.91230175518245	0.706334557267837	Medium	Cell_3477	1
Cell_3478	1	1	NA	0.0172315563007039	-1.51061488272025	0.682695375289768	Medium	Cell_3478	1
Cell_3479	3	1	NA	2.20233417504334	7.92548601625126	0.810427441378124	Medium	Cell_3479	1
Cell_348	1	1	NA	-7.36757471186995	-3.67223154849719	0.694159557577223	Medium	Cell_348	1
Cell_3480	3	1	NA	3.25852828690555	6.15396924043396	0.977979016141035	High	Cell_3480	1
Cell_3481	2	1	NA	2.70893057150121	1.19634793774713	0.738036269904114	Medium	Cell_3481	1
Cell_3482	1	1	NA	-1.09831973705371	-4.6153852696344	0.81023188540712	Medium	Cell_3482	1
Cell_3483	3	1	NA	3.09646348131038	6.23514124367854	0.644612043513916	Low	Cell_3483	1
Cell_3484	1	1	NA	-2.2893065893879	-0.655759686123951	0.703783861128613	Medium	Cell_3484	1
Cell_3485	1	1	NA	-3.23132867218979	-2.84315545251987	0.722438593045808	Medium	Cell_3485	1
Cell_3486	2	1	NA	1.92076894955666	-1.2080077026508	0.641766844899394	Low	Cell_3486	1
Cell_3487	1	1	NA	-5.46879503214345	-3.94814382324665	0.985069477581419	High	Cell_3487	1
Cell_3488	1	1	NA	-2.08474053499203	-0.922494393933049	0.94129941961728	High	Cell_3488	1
Cell_3489	2	1	NA	2.48883172446344	2.1664983294866	0.904425320448354	High	Cell_3489	1
Cell_349	1	1	NA	-0.652298542886153	-1.90173657341672	0.614622420165688	Low	Cell_349	1
Cell_3490	2	1	NA	2.02866678883295	-1.42697005012977	0.854113226989284	High	Cell_3490	1
Cell_3491	1	1	NA	-5.06552033446604	-3.78901719825956	0.590100801433437	Low	Cell_3491	1
Cell_3492	1	1	NA	-2.34310773172378	-1.24997815232039	0.531987854861654	Low	Cell_3492	1
Cell_3493	2	1	NA	2.00104051303117	-0.201361775918321	0.553290505427867	Low	Cell_3493	1
Cell_3494	1	1	NA	1.26344869779535	-3.15906484361078	0.924092159140855	High	Cell_3494	1
Cell_3495	1	1	NA	-5.42840499251041	-3.4543159641792	0.679715104284696	Medium	Cell_3495	1
Cell_3496	1	1	NA	-7.63495516797797	-4.39205643772569	0.892500297515653	High	Cell_3496	1
Cell_3497	1	1	NA	-1.82732132125671	-0.605465288456377	0.954019422177225	High	Cell_3497	1
Cell_3498	2	1	NA	1.77336403220336	-0.30130808886436	0.81671235896647	Medium	Cell_3498	1
Cell_3499	1	1	NA	-2.11781802941439	-4.15718214198962	0.807558144209906	Medium	Cell_3499	1
Cell_35	1	1	NA	0.300871876841727	-2.30092174700993	0.512306842254475	Low	Cell_35	1
Cell_350	1	1	NA	-5.01517376521736	-4.17654593037731	0.811648773145862	Medium	Cell_350	1
Cell_3500	2	1	NA	2.88684011631905	-0.979795361460541	0.533769952016883	Low	Cell_3500	1
Cell_3501	3	1	NA	3.95087788156602	5.71084575384829	0.620746941189282	Low	Cell_3501	1
Cell_3502	1	1	NA	-2.11348807362167	-3.9668673694982	0.705389101407491	Medium	Cell_3502	1
Cell_3503	1	1	NA	-1.36300468723856	-3.7685123728049	0.905587506014854	High	Cell_3503	1
Cell_3504	2	1	NA	4.02546934443517	3.74283683010293	0.689570612972602	Medium	Cell_3504	1
Cell_3505	2	1	NA	3.98976024868664	3.85062939759383	0.723475115257315	Medium	Cell_3505	1
Cell_3506	1	1	NA	2.9308095508671	-2.98154297147461	0.785253891255707	Medium	Cell_3506	1
Cell_3507	1	1	NA	-1.28300831788139	-4.90779628949208	0.565606184653006	Low	Cell_3507	1
Cell_3508	1	1	NA	-3.39202951678212	-3.05265476997443	0.506509184255265	Low	Cell_3508	1
Cell_3509	3	1	NA	3.25973583985778	7.05425709321955	0.838834863738157	High	Cell_3509	1
Cell_351	1	1	NA	0.591466367956151	-2.78517929495034	0.568270098534413	Low	Cell_351	1
Cell_3510	1	1	NA	-4.47596012242197	-3.5572235812069	0.917577805463225	High	Cell_3510	1
Cell_3511	1	1	NA	0.942126063782942	0.181290034012079	0.968131740577519	High	Cell_3511	1
Cell_3512	2	1	NA	3.5206238215273	0.780806506375951	0.529225306934677	Low	Cell_3512	1
Cell_3513	3	1	NA	3.15276646431976	6.83973814798065	0.834012897103094	High	Cell_3513	1
Cell_3514	1	1	NA	-0.598454768575689	-1.50759973416764	0.692928270320408	Medium	Cell_3514	1
Cell_3515	2	1	NA	3.31202897393128	0.928441581409669	0.788064521970227	Medium	Cell_3515	1
Cell_3516	1	1	NA	-2.6310893106926	-3.7997261750546	0.569407088914886	Low	Cell_3516	1
Cell_3517	1	1	NA	-7.03408156427834	-3.62774205484252	0.627916926634498	Low	Cell_3517	1
Cell_3518	2	1	NA	3.15794397091233	-0.159305155192254	0.656530442065559	Low	Cell_3518	1
Cell_3519	1	1	NA	-5.166679215634	-4.15218584742801	0.857558903400786	High	Cell_3519	1
Cell_352	3	1	NA	2.09779781793399	7.6093787254329	0.983734747162089	High	Cell_352	1
Cell_3520	2	1	NA	1.87183862130057	-0.549347665548053	0.594339764444157	Low	Cell_3520	1
Cell_3521	1	1	NA	-0.448889692490346	-2.16094949532611	0.57109064492397	Low	Cell_3521	1
Cell_3522	1	1	NA	1.64382194901884	-1.72973845364871	0.787055808235891	Medium	Cell_3522	1
Cell_3523	2	1	NA	1.69180941606397	-1.28464668126619	0.524575136369094	Low	Cell_3523	1
Cell_3524	3	1	NA	-0.374007584675826	9.10992085979483	0.717503825784661	Medium	Cell_3524	1
Cell_3525	3	1	NA	0.125071887590308	8.96728053923472	0.741355080739595	Medium	Cell_3525	1
Cell_3526	2	1	NA	2.00686677889342	1.18682594775281	0.732408450334333	Medium	Cell_3526	1
Cell_3527	1	1	NA	-0.258984747227248	-1.1044724147478	0.743100968538783	Medium	Cell_3527	1
Cell_3528	1	1	NA	-0.548386558046567	-3.40278144223317	0.868792442488484	High	Cell_3528	1
Cell_3529	1	1	NA	-7.35749410568255	-4.1734174412314	0.995493155904114	High	Cell_3529	1
Cell_353	1	1	NA	3.77723498191235	-8.02971813789789	0.757535903947428	Medium	Cell_353	1
Cell_3530	2	1	NA	4.39915336605769	2.56849441192302	0.920204179361463	High	Cell_3530	1
Cell_3531	1	1	NA	-3.70480856189909	-4.34277086005514	0.555963161052205	Low	Cell_3531	1
Cell_3532	1	1	NA	-6.33235635192338	-4.53164460161176	0.930710938060656	High	Cell_3532	1
Cell_3533	3	1	NA	0.857581632062812	8.78180849878551	0.783925643889233	Medium	Cell_3533	1
Cell_3534	1	1	NA	-0.751142104442881	0.778957567372439	0.841639459948055	High	Cell_3534	1
Cell_3535	1	1	NA	-3.5094480425369	-2.62790398716035	0.894802739378065	High	Cell_3535	1
Cell_3536	2	1	NA	3.50975404800249	-0.126261494029126	0.701262766611762	Medium	Cell_3536	1
Cell_3537	2	1	NA	4.14513488362987	2.48722850348125	0.926638594712131	High	Cell_3537	1
Cell_3538	1	1	NA	-5.05080714814505	-3.56989393602912	0.594802766223438	Low	Cell_3538	1
Cell_3539	1	1	NA	-4.92718337550192	-3.79480662494873	0.747860816540197	Medium	Cell_3539	1
Cell_354	2	1	NA	3.52970484662257	4.74989203172237	0.581535164616071	Low	Cell_354	1
Cell_3540	1	1	NA	-1.187180798715	-2.92884289402113	0.56002217461355	Low	Cell_3540	1
Cell_3541	3	1	NA	2.05311648347554	8.07730809167403	0.61433165310882	Low	Cell_3541	1
Cell_3542	2	1	NA	3.56920973836752	3.13841658698248	0.952748948242515	High	Cell_3542	1
Cell_3543	1	1	NA	-4.03938773719853	-3.03486358058728	0.736887436592951	Medium	Cell_3543	1
Cell_3544	2	1	NA	3.75624722675926	0.792661430891333	0.770238389610313	Medium	Cell_3544	1
Cell_3545	1	1	NA	0.613916638447285	-2.55684330550471	0.986897659488022	High	Cell_3545	1
Cell_3546	2	1	NA	3.87442573842025	3.60995161638279	0.986214510747232	High	Cell_3546	1
Cell_3547	1	1	NA	-1.63424249885018	-3.75160991125218	0.842679734807462	High	Cell_3547	1
Cell_3548	1	1	NA	-1.38403283287552	-1.43454083133242	0.88997957657557	High	Cell_3548	1
Cell_3549	1	1	NA	0.858360789071102	-0.293955898004709	0.510226608719677	Low	Cell_3549	1
Cell_355	3	1	NA	2.95482295160591	5.92786870311398	0.810951147577725	Medium	Cell_355	1
Cell_3550	2	1	NA	3.96191841360756	3.82629236016671	0.864232870284468	High	Cell_3550	1
Cell_3551	2	1	NA	4.00934368587589	3.26178744037485	0.961349222925492	High	Cell_3551	1
Cell_3552	1	1	NA	-4.88840309729361	-3.7691349065064	0.72022889892105	Medium	Cell_3552	1
Cell_3553	1	1	NA	-1.3205611355867	-5.0156078975552	0.852787390584126	High	Cell_3553	1
Cell_3554	1	1	NA	0.00633845766768437	-0.798668153263746	0.908362395479344	High	Cell_3554	1
Cell_3555	2	1	NA	2.54096417500701	2.31814168983344	0.743304656702094	Medium	Cell_3555	1
Cell_3556	2	1	NA	3.80046549996637	1.45719473614949	0.921499708783813	High	Cell_3556	1
Cell_3557	1	1	NA	-1.62375910600063	-1.67981862068795	0.7464369131485	Medium	Cell_3557	1
Cell_3558	1	1	NA	-1.49713495210338	-1.68488628730793	0.508834609179758	Low	Cell_3558	1
Cell_3559	3	1	NA	-1.11275077814182	9.22996666216287	0.720232628984377	Medium	Cell_3559	1
Cell_356	2	1	NA	3.14801352157432	1.70026495536224	0.992977082612924	High	Cell_356	1
Cell_3560	3	1	NA	2.30476778706751	7.49923057680666	0.738962331437506	Medium	Cell_3560	1
Cell_3561	1	1	NA	-0.121956762125443	-3.47355995976931	0.800620286958292	Medium	Cell_3561	1
Cell_3562	1	1	NA	-5.97434428432471	-4.10984523747957	0.721623361692764	Medium	Cell_3562	1
Cell_3563	2	1	NA	1.36893872302296	0.508185122381924	0.653588721412234	Low	Cell_3563	1
Cell_3564	2	1	NA	3.73800608811402	1.56173459175661	0.836494608200155	High	Cell_3564	1
Cell_3565	1	1	NA	-7.29487720054754	-3.734714927985	0.804557132069021	Medium	Cell_3565	1
Cell_3566	1	1	NA	-8.20847191079207	-3.71966208848339	0.986839270568453	High	Cell_3566	1
Cell_3567	2	1	NA	4.05249527480443	2.72475606334206	0.587917356169783	Low	Cell_3567	1
Cell_3568	2	1	NA	3.4674910396461	4.38769676815161	0.98661323741544	High	Cell_3568	1
Cell_3569	1	1	NA	-3.47314781586191	-3.05520825566235	0.789658569381572	Medium	Cell_3569	1
Cell_357	2	1	NA	3.55332685115567	3.90712704741452	0.834385758731514	High	Cell_357	1
Cell_3570	1	1	NA	0.448729474773187	-3.05505180468354	0.869062630226836	High	Cell_3570	1
Cell_3571	1	1	NA	-4.97214236911466	-3.10713366689566	0.932908944552764	High	Cell_3571	1
Cell_3572	1	1	NA	-0.891676446103069	-1.63119287541749	0.823743051965721	Medium	Cell_3572	1
Cell_3573	2	1	NA	4.25227321786085	3.81713773724448	0.847348058945499	High	Cell_3573	1
Cell_3574	2	1	NA	1.97506847006677	0.090555696870836	0.997952719102614	High	Cell_3574	1
Cell_3575	3	1	NA	2.78496749612592	7.31539658176641	0.924686699989252	High	Cell_3575	1
Cell_3576	3	1	NA	3.69446352419029	6.46643432677222	0.88291111914441	High	Cell_3576	1
Cell_3577	2	1	NA	3.70174575458223	3.79092699873277	0.568832661607303	Low	Cell_3577	1
Cell_3578	1	1	NA	-1.54022896918453	-3.20831437277861	0.547594467061572	Low	Cell_3578	1
Cell_3579	2	1	NA	3.44587938055672	1.7078315073041	0.760924113448709	Medium	Cell_3579	1
Cell_358	3	1	NA	2.56981745373806	7.27473741855505	0.709457948454656	Medium	Cell_358	1
Cell_3580	3	1	NA	1.54479108715477	8.51136305597552	0.59623048605863	Low	Cell_3580	1
Cell_3581	1	1	NA	1.15074268863785	-0.806749063711057	0.865732589038089	High	Cell_3581	1
Cell_3582	3	1	NA	2.63774806480205	7.69790410176426	0.747293489403091	Medium	Cell_3582	1
Cell_3583	1	1	NA	-0.183098918940278	-0.394687528621105	0.571379576693289	Low	Cell_3583	1
Cell_3584	1	1	NA	-6.9593773793859	-4.18573441333432	0.920608484535478	High	Cell_3584	1
Cell_3585	3	1	NA	3.29466015310784	5.86983735745652	0.970651979674585	High	Cell_3585	1
Cell_3586	2	1	NA	4.24730760769292	1.78953613141542	0.638983738492243	Low	Cell_3586	1
Cell_3587	2	1	NA	3.79755238786209	4.49422873163725	0.575189643888734	Low	Cell_3587	1
Cell_3588	2	1	NA	1.41788581934707	-0.430243746497994	0.853336721309461	High	Cell_3588	1
Cell_3589	1	1	NA	-1.97559906888104	-2.32327791967431	0.782669297186658	Medium	Cell_3589	1
Cell_359	3	1	NA	2.99831603521042	6.6293912267309	0.661672496586107	Low	Cell_359	1
Cell_3590	2	1	NA	2.9271977354657	0.35514994461088	0.545251220464706	Low	Cell_3590	1
Cell_3591	1	1	NA	-1.84808644963126	-2.20096237640244	0.780170203535818	Medium	Cell_3591	1
Cell_3592	1	1	NA	1.67638417396821	-3.35452231352687	0.807630031602457	Medium	Cell_3592	1
Cell_3593	1	1	NA	-4.55901145671265	-3.02046466129881	0.774209967814386	Medium	Cell_3593	1
Cell_3594	1	1	NA	-3.92723942878348	-2.57704173479	0.696745474357158	Medium	Cell_3594	1
Cell_3595	2	1	NA	3.19254473686194	0.381112310967624	0.708334075286984	Medium	Cell_3595	1
Cell_3596	1	1	NA	-0.770675166369613	-2.31131788475449	0.952455460792407	High	Cell_3596	1
Cell_3597	1	1	NA	-0.0701970170372364	-3.46270082901536	0.836810992099345	High	Cell_3597	1
Cell_3598	1	1	NA	-1.96308193826833	-2.92482895973747	0.977395116002299	High	Cell_3598	1
Cell_3599	2	1	NA	3.45260237233631	2.67755445451132	0.575615923386067	Low	Cell_3599	1
Cell_36	2	1	NA	1.58657857431902	-1.20218606355514	0.738897985545918	Medium	Cell_36	1
Cell_360	1	1	NA	-1.7041943257906	-2.57847984091608	0.917627659975551	High	Cell_360	1
Cell_3600	3	1	NA	0.550350685849577	8.92165503535537	0.779870819067582	Medium	Cell_3600	1
Cell_3601	1	1	NA	-1.51388814806985	-2.10949820674258	0.549317875411361	Low	Cell_3601	1
Cell_3602	3	1	NA	3.48532712656407	6.62438995795192	0.811724983388558	Medium	Cell_3602	1
Cell_3603	1	1	NA	2.21696288934788	-2.54567984879898	0.628186379908584	Low	Cell_3603	1
Cell_3604	2	1	NA	1.59464867423528	-1.21335633070268	0.739633282297291	Medium	Cell_3604	1
Cell_3605	1	1	NA	-0.328260694378152	-3.03302541166211	0.738571753143333	Medium	Cell_3605	1
Cell_3606	1	1	NA	-2.1809405642044	-2.04836110916792	0.915245708194561	High	Cell_3606	1
Cell_3607	1	1	NA	-6.79145333981401	-4.56729166532856	0.947788756340742	High	Cell_3607	1
Cell_3608	2	1	NA	4.15793766336892	2.56457454319363	0.788437860552222	Medium	Cell_3608	1
Cell_3609	2	1	NA	4.2760780079151	3.4219384151542	0.971897545736283	High	Cell_3609	1
Cell_361	1	1	NA	-3.11014265034038	-3.22907904528051	0.571908521815203	Low	Cell_361	1
Cell_3610	1	1	NA	0.247559048268822	-3.20929012527217	0.645917652407661	Low	Cell_3610	1
Cell_3611	3	1	NA	0.308508712765313	8.84667506822016	0.812659638235345	Medium	Cell_3611	1
Cell_3612	1	1	NA	-4.37040897023353	-4.39309587664082	0.810091931722127	Medium	Cell_3612	1
Cell_3613	1	1	NA	1.2390607838033	-2.18037638350545	0.82430892623961	Medium	Cell_3613	1
Cell_3614	1	1	NA	-4.20713971567529	-4.11496845775826	0.617455304134637	Low	Cell_3614	1
Cell_3615	3	1	NA	-1.10264093653949	9.24252546750257	0.701876466511749	Medium	Cell_3615	1
Cell_3616	1	1	NA	0.671791979616885	-2.74348163733773	0.585474910563789	Low	Cell_3616	1
Cell_3617	1	1	NA	0.209910594016112	0.533767941410929	0.759581514401361	Medium	Cell_3617	1
Cell_3618	1	1	NA	-4.62855653506693	-3.42547329037934	0.792180690099485	Medium	Cell_3618	1
Cell_3619	1	1	NA	-7.28894609739388	-4.15769265823903	0.540039090206847	Low	Cell_3619	1
Cell_362	3	1	NA	0.721963680348891	8.68705508158003	0.596407973440364	Low	Cell_362	1
Cell_3620	1	1	NA	-0.710358941560029	-1.82183907562156	0.864451262634248	High	Cell_3620	1
Cell_3621	1	1	NA	-1.91652517660205	-0.0571811950248243	0.807033264660276	Medium	Cell_3621	1
Cell_3622	1	1	NA	-2.0818482691613	-0.425491248281576	0.835447880090214	High	Cell_3622	1
Cell_3623	2	1	NA	1.79215978570708	0.661194799177095	0.648066779715009	Low	Cell_3623	1
Cell_3624	1	1	NA	2.56315352629494	-1.86267970332249	0.680284250876866	Medium	Cell_3624	1
Cell_3625	1	1	NA	-5.32398351606446	-3.641309236644	0.815533144283108	Medium	Cell_3625	1
Cell_3626	3	1	NA	-0.99221156006012	9.22513023089654	0.980052968370728	High	Cell_3626	1
Cell_3627	3	1	NA	-0.28314135596358	9.05907068869374	0.682339185033925	Medium	Cell_3627	1
Cell_3628	3	1	NA	2.75805972786837	6.78567108484137	0.59899495949503	Low	Cell_3628	1
Cell_3629	2	1	NA	1.47974084150712	-1.35071225001621	0.627054381766357	Low	Cell_3629	1
Cell_363	1	1	NA	-1.33688650427015	0.28581711265685	0.948369341320358	High	Cell_363	1
Cell_3630	1	1	NA	3.77908814310885	-8.0606905648496	0.742651339736767	Medium	Cell_3630	1
Cell_3631	1	1	NA	-8.14741639607245	-3.70826656935382	0.706640824442729	Medium	Cell_3631	1
Cell_3632	3	1	NA	0.724988390579136	8.58531685839407	0.664122665068135	Low	Cell_3632	1
Cell_3633	3	1	NA	-0.436051103839171	9.09464731098133	0.678422485245392	Medium	Cell_3633	1
Cell_3634	1	1	NA	-4.19584802821978	-3.16545927339929	0.84192962711677	High	Cell_3634	1
Cell_3635	2	1	NA	1.88995714017378	0.769270528811436	0.931574632530101	High	Cell_3635	1
Cell_3636	3	1	NA	3.20275227484989	6.60285342012902	0.73448436812032	Medium	Cell_3636	1
Cell_3637	3	1	NA	1.84923873826885	8.05072108596014	0.791428548865952	Medium	Cell_3637	1
Cell_3638	2	1	NA	2.91651524668068	1.52208957348121	0.749279984040186	Medium	Cell_3638	1
Cell_3639	2	1	NA	1.74234102276439	-0.879584687060291	0.83365392871201	High	Cell_3639	1
Cell_364	3	1	NA	1.90801731664857	8.08382073803471	0.654059777152725	Low	Cell_364	1
Cell_3640	1	1	NA	-1.15383986734387	-1.70520530159497	0.843936631223187	High	Cell_3640	1
Cell_3641	1	1	NA	-5.41389921858427	-3.73213915989296	0.553664962528273	Low	Cell_3641	1
Cell_3642	2	1	NA	3.47179366985242	0.368860425620038	0.556104634306394	Low	Cell_3642	1
Cell_3643	1	1	NA	0.831892145301174	-3.55164257954745	0.966390087967739	High	Cell_3643	1
Cell_3644	1	1	NA	-2.97241826496553	-3.80750141785993	0.710937937605195	Medium	Cell_3644	1
Cell_3645	2	1	NA	4.19012916753013	3.86330324925473	0.781655742670409	Medium	Cell_3645	1
Cell_3646	1	1	NA	1.04262966898557	-1.84109103921831	0.97812109393999	High	Cell_3646	1
Cell_3647	1	1	NA	3.77990901519967	-8.0538288120831	0.597960536368191	Low	Cell_3647	1
Cell_3648	2	1	NA	3.25385684818564	4.73829922977323	0.611873222631402	Low	Cell_3648	1
Cell_3649	1	1	NA	0.718226358535649	-0.781069358497368	0.810678488225676	Medium	Cell_3649	1
Cell_365	1	1	NA	-9.02770781152535	-3.91313992356545	0.681650271755643	Medium	Cell_365	1
Cell_3650	2	1	NA	3.27039392949337	0.75555062240704	0.917283318820409	High	Cell_3650	1
Cell_3651	1	1	NA	-5.66580669219388	-4.21820221231207	0.903984187403694	High	Cell_3651	1
Cell_3652	1	1	NA	-0.652031506503394	-2.42123922000171	0.575536726391874	Low	Cell_3652	1
Cell_3653	1	1	NA	-4.85316786506528	-4.01391748301761	0.541614332585596	Low	Cell_3653	1
Cell_3654	1	1	NA	-6.18398868236498	-4.35030451281414	0.889465311076492	High	Cell_3654	1
Cell_3655	1	1	NA	-0.101617615151518	-2.57814325089207	0.977248126408085	High	Cell_3655	1
Cell_3656	2	1	NA	3.56878995247188	2.20310750181829	0.809200715390034	Medium	Cell_3656	1
Cell_3657	1	1	NA	-9.10350438862461	-3.97039642937915	0.718608151422814	Medium	Cell_3657	1
Cell_3658	2	1	NA	2.82133095904995	-1.09759665360463	0.832210739608854	Medium	Cell_3658	1
Cell_3659	1	1	NA	2.36153327874796	-2.28376650535029	0.934446206083521	High	Cell_3659	1
Cell_366	1	1	NA	-0.368703023493748	-1.20471526506096	0.89197323936969	High	Cell_366	1
Cell_3660	3	1	NA	2.02644870893662	8.17728571068299	0.751310726744123	Medium	Cell_3660	1
Cell_3661	1	1	NA	-5.29134277783296	-4.22178458178812	0.76440151350107	Medium	Cell_3661	1
Cell_3662	1	1	NA	-2.26423232892401	-0.900416734557547	0.885371769079939	High	Cell_3662	1
Cell_3663	1	1	NA	-6.18296832703071	-3.56309442127081	0.6848924967926	Medium	Cell_3663	1
Cell_3664	1	1	NA	-4.07200974065734	-2.94652024970843	0.970251348917373	High	Cell_3664	1
Cell_3665	3	1	NA	3.14432592816939	5.91348657949628	0.516629386343993	Low	Cell_3665	1
Cell_3666	2	1	NA	4.23395634083427	4.48935099835267	0.669138747965917	Medium	Cell_3666	1
Cell_3667	3	1	NA	0.882278272014445	8.78792576777414	0.567814274225384	Low	Cell_3667	1
Cell_3668	1	1	NA	-0.880838068516906	-0.793777701350792	0.668562384438701	Medium	Cell_3668	1
Cell_3669	2	1	NA	2.73050645459415	-1.06695613400845	0.741756150964648	Medium	Cell_3669	1
Cell_367	2	1	NA	2.30106088925966	-0.63279784053574	0.596689339959994	Low	Cell_367	1
Cell_3670	2	1	NA	1.57267380480789	1.46424737147116	0.878578378586099	High	Cell_3670	1
Cell_3671	2	1	NA	2.63941524968613	2.26292158458172	0.89806149690412	High	Cell_3671	1
Cell_3672	2	1	NA	3.48307483041289	5.56484534145177	0.708229310344905	Medium	Cell_3672	1
Cell_3673	1	1	NA	-2.42784387223128	-3.69446152023312	0.514969911659136	Low	Cell_3673	1
Cell_3674	1	1	NA	-5.43081133563192	-3.89677601430839	0.969176002661698	High	Cell_3674	1
Cell_3675	1	1	NA	3.70391314842735	-8.09598045774952	0.95775131857954	High	Cell_3675	1
Cell_3676	1	1	NA	-5.34406977374523	-3.64166158234384	0.806056775618345	Medium	Cell_3676	1
Cell_3677	1	1	NA	-9.05501898833938	-3.98036334357312	0.959546040277928	High	Cell_3677	1
Cell_3678	3	1	NA	3.72339120740586	6.23827769340802	0.813129511545412	Medium	Cell_3678	1
Cell_3679	1	1	NA	3.84572568363798	-7.55140863810058	0.563226828235202	Low	Cell_3679	1
Cell_368	1	1	NA	-2.95508553123707	-3.12128198727136	0.508882905938663	Low	Cell_368	1
Cell_3680	2	1	NA	3.06231826210655	-0.229023611317887	0.57132081896998	Low	Cell_3680	1
Cell_3681	1	1	NA	1.66129802178844	-2.08667068497669	0.840821930207312	High	Cell_3681	1
Cell_3682	1	1	NA	-3.76706410804163	-2.53838041989403	0.961512408568524	High	Cell_3682	1
Cell_3683	3	1	NA	0.832964792909378	8.59160482880741	0.575326214544475	Low	Cell_3683	1
Cell_3684	1	1	NA	-5.27243104695797	-3.29510133511728	0.942423422588035	High	Cell_3684	1
Cell_3685	1	1	NA	1.33950310511538	-2.19780740334669	0.725091310567223	Medium	Cell_3685	1
Cell_3686	1	1	NA	-3.36694438810449	-2.2442294156757	0.523334996309131	Low	Cell_3686	1
Cell_3687	3	1	NA	2.8517463168324	7.07368655813591	0.911734022316523	High	Cell_3687	1
Cell_3688	1	1	NA	-7.43062101509341	-4.33323161211006	0.983142834505998	High	Cell_3688	1
Cell_3689	1	1	NA	0.453777401893362	-0.662124446880515	0.903697894653305	High	Cell_3689	1
Cell_369	2	1	NA	4.23801157938466	2.93941630094817	0.703303933143616	Medium	Cell_369	1
Cell_3690	1	1	NA	-6.60274999875643	-3.68964507074835	0.648126363172196	Low	Cell_3690	1
Cell_3691	1	1	NA	-8.0397459061679	-4.43152312274536	0.598946035490371	Low	Cell_3691	1
Cell_3692	2	1	NA	3.21221053230695	2.55128933712236	0.600836462923326	Low	Cell_3692	1
Cell_3693	1	1	NA	-2.7155249528972	-2.99413102016026	0.674756343243644	Medium	Cell_3693	1
Cell_3694	3	1	NA	-1.26768579753464	9.27373583232868	0.612042431719601	Low	Cell_3694	1
Cell_3695	2	1	NA	2.70852975548011	-0.825043884429035	0.582245855010115	Low	Cell_3695	1
Cell_3696	1	1	NA	-1.49620679935085	-1.46896315954235	0.546364975511096	Low	Cell_3696	1
Cell_3697	3	1	NA	2.39037752848354	7.50762007164314	0.816449946491048	Medium	Cell_3697	1
Cell_3698	1	1	NA	1.70379108732867	-2.6713917676791	0.892394171678461	High	Cell_3698	1
Cell_3699	1	1	NA	-5.26084116177056	-3.97419593899392	0.529744649073109	Low	Cell_3699	1
Cell_37	2	1	NA	3.70572167810098	0.971745820409977	0.879229768761434	High	Cell_37	1
Cell_370	2	1	NA	1.68729857059843	-1.22527133045844	0.741583834635094	Medium	Cell_370	1
Cell_3700	1	1	NA	-0.805313352334954	-2.38979881059983	0.542149827349931	Low	Cell_3700	1
Cell_3701	1	1	NA	-2.2434850543213	-2.67098660035267	0.502138861920685	Low	Cell_3701	1
Cell_3702	2	1	NA	2.98953476925344	2.11958872646093	0.571110357414	Low	Cell_3702	1
Cell_3703	2	1	NA	3.85473607147636	4.80788435277387	0.964596851845272	High	Cell_3703	1
Cell_3704	1	1	NA	1.55847274653731	-1.62423203868382	0.580942411557771	Low	Cell_3704	1
Cell_3705	2	1	NA	2.14916366771547	-1.80085405427491	0.994250574964099	High	Cell_3705	1
Cell_3706	3	1	NA	2.49924019218271	7.86041529704989	0.852111629792489	High	Cell_3706	1
Cell_3707	2	1	NA	3.44882062020629	2.75621112423607	0.66227127739694	Low	Cell_3707	1
Cell_3708	2	1	NA	2.37134879894841	0.370390787506258	0.664042616728693	Low	Cell_3708	1
Cell_3709	1	1	NA	-0.478350359262806	-1.84766216279308	0.888351037865505	High	Cell_3709	1
Cell_371	2	1	NA	3.64773143238236	1.57468240538816	0.710922475089319	Medium	Cell_371	1
Cell_3710	3	1	NA	1.67826308128335	8.25624896425419	0.749301564064808	Medium	Cell_3710	1
Cell_3711	1	1	NA	1.47758233466241	-1.62784153438437	0.74850342492573	Medium	Cell_3711	1
Cell_3712	1	1	NA	-4.77930073732367	-4.27520101819968	0.633187420084141	Low	Cell_3712	1
Cell_3713	3	1	NA	2.3929781080404	7.81611595068487	0.96490071748849	High	Cell_3713	1
Cell_3714	2	1	NA	2.03536626587543	0.423685776281277	0.838772891554981	High	Cell_3714	1
Cell_3715	1	1	NA	-7.01173905101601	-3.74227377777155	0.855129916104488	High	Cell_3715	1
Cell_3716	1	1	NA	-4.56267597816443	-3.7594974469451	0.640897037344985	Low	Cell_3716	1
Cell_3717	2	1	NA	4.04665710318847	3.81650629164284	0.790345971472561	Medium	Cell_3717	1
Cell_3718	1	1	NA	-4.98580192084291	-3.33540060281794	0.977128402213566	High	Cell_3718	1
Cell_3719	3	1	NA	2.94060808968941	6.18882103033656	0.517999274190515	Low	Cell_3719	1
Cell_372	3	1	NA	3.33616527733904	6.83822865317088	0.671404400840402	Medium	Cell_372	1
Cell_3720	1	1	NA	-6.17889993468357	-3.59874328482659	0.755117971100844	Medium	Cell_3720	1
Cell_3721	1	1	NA	-3.61103276011153	-3.01943150745641	0.930292977718636	High	Cell_3721	1
Cell_3722	2	1	NA	3.72961820631109	0.680181018053821	0.638746183481999	Low	Cell_3722	1
Cell_3723	2	1	NA	3.88835107346567	3.57474399442839	0.681424539885484	Medium	Cell_3723	1
Cell_3724	1	1	NA	-3.26909628077638	-2.37996589577118	0.958258751546964	High	Cell_3724	1
Cell_3725	1	1	NA	0.659880699022232	-0.163896218028428	0.540117687196471	Low	Cell_3725	1
Cell_3726	2	1	NA	3.92868579037023	4.63536551422539	0.756362318643369	Medium	Cell_3726	1
Cell_3727	1	1	NA	-0.00371132022592957	-3.43504838332767	0.710018923040479	Medium	Cell_3727	1
Cell_3728	1	1	NA	-1.99996754809089	-3.91917000240959	0.579024733277038	Low	Cell_3728	1
Cell_3729	2	1	NA	4.18493443549388	4.89313647709105	0.724778995499946	Medium	Cell_3729	1
Cell_373	3	1	NA	-0.806882211909318	9.18067028677746	0.933241657330655	High	Cell_373	1
Cell_3730	1	1	NA	1.09116659652953	-1.43588164841676	0.584810368251055	Low	Cell_3730	1
Cell_3731	2	1	NA	4.27611434868412	2.17643743297354	0.927623604307882	High	Cell_3731	1
Cell_3732	1	1	NA	2.3473327252329	-2.30006484441069	0.844066585530527	High	Cell_3732	1
Cell_3733	3	1	NA	3.41361492853183	5.935828678845	0.560762618202716	Low	Cell_3733	1
Cell_3734	1	1	NA	-3.09476023802371	-2.45283449172574	0.559558005654253	Low	Cell_3734	1
Cell_3735	2	1	NA	4.08037061849589	4.64796117508113	0.644271938828751	Low	Cell_3735	1
Cell_3736	3	1	NA	1.08923328754467	8.38061644004121	0.970117798540741	High	Cell_3736	1
Cell_3737	3	1	NA	3.14299668272856	6.09489509575835	0.965820184792392	High	Cell_3737	1
Cell_3738	1	1	NA	-2.41247777677721	-0.991872904619119	0.591464254423045	Low	Cell_3738	1
Cell_3739	1	1	NA	0.332682025368163	-3.07708649299149	0.956436870503239	High	Cell_3739	1
Cell_374	2	1	NA	3.09286443973585	3.15263248551447	0.72755402547773	Medium	Cell_374	1
Cell_3740	1	1	NA	-2.25396959936038	-3.1952396797504	0.533228915766813	Low	Cell_3740	1
Cell_3741	1	1	NA	-3.17441669379709	-3.62716340102389	0.938814384862781	High	Cell_3741	1
Cell_3742	1	1	NA	-4.70668162546762	-3.95662826015283	0.529405262204818	Low	Cell_3742	1
Cell_3743	2	1	NA	2.74289364784687	0.302983621319447	0.97584793670103	High	Cell_3743	1
Cell_3744	3	1	NA	2.79414635018263	7.46781195741129	0.580034703947604	Low	Cell_3744	1
Cell_3745	1	1	NA	-2.82924638845298	-3.2672827109174	0.790417678304948	Medium	Cell_3745	1
Cell_3746	3	1	NA	-0.352040086774745	9.09973561087418	0.855708345072344	High	Cell_3746	1
Cell_3747	1	1	NA	-4.03442479296078	-3.09138066998366	0.640161259099841	Low	Cell_3747	1
Cell_3748	2	1	NA	2.81361325871967	1.45746240437546	0.513315839110874	Low	Cell_3748	1
Cell_3749	2	1	NA	3.54013651183654	5.33137125233349	0.855311226216145	High	Cell_3749	1
Cell_375	1	1	NA	-1.08056125635071	-0.886394270540606	0.766882436815649	Medium	Cell_375	1
Cell_3750	1	1	NA	-2.35615120389492	-3.22805129820162	0.656373409437947	Low	Cell_3750	1
Cell_3751	1	1	NA	-2.82790421954381	-4.31690791804764	0.927568528102711	High	Cell_3751	1
Cell_3752	3	1	NA	-1.58448964570588	9.32570948656868	0.735909653361887	Medium	Cell_3752	1
Cell_3753	2	1	NA	3.06278313855703	2.4481768705398	0.996051414287649	High	Cell_3753	1
Cell_3754	1	1	NA	-1.14533563731648	-4.87233669756241	0.538931973045692	Low	Cell_3754	1
Cell_3755	1	1	NA	-2.20689743192353	-0.725152301807585	0.512354068807326	Low	Cell_3755	1
Cell_3756	2	1	NA	2.85206409614675	0.548915853668468	0.787584253121167	Medium	Cell_3756	1
Cell_3757	2	1	NA	3.37307090408815	5.22994916990986	0.803831991041079	Medium	Cell_3757	1
Cell_3758	2	1	NA	4.16767172312053	2.6099548248946	0.502182604628615	Low	Cell_3758	1
Cell_3759	2	1	NA	3.19242826244098	1.83921453912692	0.871849996969104	High	Cell_3759	1
Cell_376	3	1	NA	1.74927089377891	8.33343431330841	0.981921665952541	High	Cell_376	1
Cell_3760	3	1	NA	1.31794056801643	8.66843725448786	0.523388360161334	Low	Cell_3760	1
Cell_3761	3	1	NA	0.825368915177036	8.7995948849554	0.739114552619867	Medium	Cell_3761	1
Cell_3762	1	1	NA	-3.71452156529928	-2.7075324785382	0.969277522875927	High	Cell_3762	1
Cell_3763	2	1	NA	4.15237829146953	5.48452173665498	0.529818845214322	Low	Cell_3763	1
Cell_3764	2	1	NA	2.72885487275359	2.24496801023858	0.976820450858213	High	Cell_3764	1
Cell_3765	1	1	NA	0.41619825009864	-4.22109411157386	0.885402552201413	High	Cell_3765	1
Cell_3766	1	1	NA	-3.76549047631663	-3.49323296990368	0.925774700124748	High	Cell_3766	1
Cell_3767	1	1	NA	-1.41901792482676	-3.25616440242448	0.608982300618663	Low	Cell_3767	1
Cell_3768	2	1	NA	1.51894354089974	-0.597514313241617	0.997236373834312	High	Cell_3768	1
Cell_3769	2	1	NA	4.19289558863893	3.77702759244726	0.846761530148797	High	Cell_3769	1
Cell_377	1	1	NA	-2.21982772277736	-3.42251381690496	0.887295771040954	High	Cell_377	1
Cell_3770	2	1	NA	3.54030049836113	4.71626068731597	0.64356656302698	Low	Cell_3770	1
Cell_3771	1	1	NA	-0.408484565106306	-2.03006392866735	0.908971216646023	High	Cell_3771	1
Cell_3772	1	1	NA	-1.36023582429504	-1.57849900592879	0.979712229571305	High	Cell_3772	1
Cell_3773	2	1	NA	3.5070037637313	1.07413257893525	0.950210751383565	High	Cell_3773	1
Cell_3774	3	1	NA	-0.480671390967332	9.11466967913141	0.563419684651308	Low	Cell_3774	1
Cell_3775	1	1	NA	-4.15398602379024	-4.067896183779	0.529816383030266	Low	Cell_3775	1
Cell_3776	1	1	NA	-0.514049299557083	-1.67010354020573	0.909206464537419	High	Cell_3776	1
Cell_3777	2	1	NA	1.70160510686389	-0.967141386054749	0.930158187751658	High	Cell_3777	1
Cell_3778	1	1	NA	-5.73997541860584	-4.68948720151051	0.522599815274589	Low	Cell_3778	1
Cell_3779	3	1	NA	2.40367468790503	7.23469181709698	0.612265255884267	Low	Cell_3779	1
Cell_378	2	1	NA	3.18648483936876	4.66910074925669	0.604438174283132	Low	Cell_378	1
Cell_3780	2	1	NA	2.94940140787461	1.24939066640046	0.852408967446536	High	Cell_3780	1
Cell_3781	2	1	NA	3.04621946350376	0.569060585430053	0.549347831052728	Low	Cell_3781	1
Cell_3782	1	1	NA	0.673149266464393	-2.57188771905631	0.507945537450723	Low	Cell_3782	1
Cell_3783	3	1	NA	-0.503913839268378	9.07844245865673	0.95281542208977	High	Cell_3783	1
Cell_3784	2	1	NA	4.00167331203797	2.16710329884898	0.524516734760255	Low	Cell_3784	1
Cell_3785	2	1	NA	4.17079101363458	1.79573860686811	0.937078102491796	High	Cell_3785	1
Cell_3786	1	1	NA	-4.12791547289164	-3.97527779510194	0.560285144951195	Low	Cell_3786	1
Cell_3787	2	1	NA	1.4874303458112	-0.763188658016195	0.702082062023692	Medium	Cell_3787	1
Cell_3788	1	1	NA	0.414528624106261	-1.89216504909489	0.614961491548456	Low	Cell_3788	1
Cell_3789	1	1	NA	-1.62933633848242	-3.0636967469788	0.888117704656906	High	Cell_3789	1
Cell_379	1	1	NA	-0.541473282740461	-2.48366689157718	0.654393416363746	Low	Cell_379	1
Cell_3790	2	1	NA	3.38199196248579	2.29486775402358	0.788162583019584	Medium	Cell_3790	1
Cell_3791	1	1	NA	-1.21641347653017	-1.01193728248269	0.597402377752587	Low	Cell_3791	1
Cell_3792	3	1	NA	3.28637221292345	6.3041734623897	0.712378680240363	Medium	Cell_3792	1
Cell_3793	1	1	NA	-2.47689407379375	-3.73361745828219	0.719987698015757	Medium	Cell_3793	1
Cell_3794	3	1	NA	-1.81507999122417	9.3341156078114	0.954423227347434	High	Cell_3794	1
Cell_3795	2	1	NA	2.73799895102041	-1.0716742248	0.731332251103595	Medium	Cell_3795	1
Cell_3796	3	1	NA	1.55732091252033	8.48159349508685	0.965798922115937	High	Cell_3796	1
Cell_3797	1	1	NA	-0.687410275681221	-2.00554358206321	0.69472744630184	Medium	Cell_3797	1
Cell_3798	1	1	NA	-1.02520740803971	-2.94215603918349	0.902631723554805	High	Cell_3798	1
Cell_3799	3	1	NA	-1.85522463064927	9.38206855488833	0.884277859935537	High	Cell_3799	1
Cell_38	2	1	NA	2.19473511577297	-1.02052313668204	0.608203967916779	Low	Cell_38	1
Cell_380	2	1	NA	4.01879137072432	3.67635937936494	0.985671225120313	High	Cell_380	1
Cell_3800	2	1	NA	3.0595897504012	1.01071681999764	0.670453644939698	Medium	Cell_3800	1
Cell_3801	3	1	NA	-1.37630009182389	9.28443663027865	0.968946719309315	High	Cell_3801	1
Cell_3802	1	1	NA	-4.06961810137629	-2.97845366240203	0.751915639964864	Medium	Cell_3802	1
Cell_3803	1	1	NA	0.376089649794663	-1.75219330780008	0.662138654035516	Low	Cell_3803	1
Cell_3804	1	1	NA	-9.13713411229471	-3.96864855923971	0.721322722267359	Medium	Cell_3804	1
Cell_3805	1	1	NA	0.695242616815257	-2.62376906173665	0.74348673876375	Medium	Cell_3805	1
Cell_3806	1	1	NA	-2.00229383080797	-0.349260428237719	0.920801320346072	High	Cell_3806	1
Cell_3807	1	1	NA	-2.08531975464863	-2.96660435096952	0.974579705740325	High	Cell_3807	1
Cell_3808	3	1	NA	2.54863573624826	7.63782757613304	0.735184906166978	Medium	Cell_3808	1
Cell_3809	3	1	NA	1.28690733734283	8.69493422683962	0.685530991875567	Medium	Cell_3809	1
Cell_381	1	1	NA	-0.312859407683285	-2.43802149253407	0.792450046748854	Medium	Cell_381	1
Cell_3810	1	1	NA	-5.69810799276437	-3.99945193503301	0.612954257638194	Low	Cell_3810	1
Cell_3811	3	1	NA	3.55063790825392	6.69836366178113	0.50230331311468	Low	Cell_3811	1
Cell_3812	2	1	NA	3.4659296444454	-0.0955789804799094	0.854718678863719	High	Cell_3812	1
Cell_3813	1	1	NA	-2.74092242701779	-0.861870481254196	0.848184171365574	High	Cell_3813	1
Cell_3814	1	1	NA	2.49161407969368	-3.17223827020529	0.507347475737333	Low	Cell_3814	1
Cell_3815	1	1	NA	-3.27014581417088	-3.35914107849792	0.593841345980763	Low	Cell_3815	1
Cell_3816	1	1	NA	0.0700671356062041	-1.74750348390633	0.768427016795613	Medium	Cell_3816	1
Cell_3817	1	1	NA	-2.70304039405644	-2.84679721064997	0.579504589783028	Low	Cell_3817	1
Cell_3818	1	1	NA	-3.93616294113449	-2.87705726835205	0.623004993889481	Low	Cell_3818	1
Cell_3819	2	1	NA	2.54391699591016	2.31301816922193	0.961157496203668	High	Cell_3819	1
Cell_382	1	1	NA	-0.0994239806247745	-3.02380953149989	0.880411812686361	High	Cell_382	1
Cell_3820	2	1	NA	3.56245388914557	1.3751571442366	0.681552303838544	Medium	Cell_3820	1
Cell_3821	1	1	NA	1.17405053980799	-1.75541034681889	0.996408689417876	High	Cell_3821	1
Cell_3822	3	1	NA	1.15006942246164	8.6292409635026	0.862862321431749	High	Cell_3822	1
Cell_3823	1	1	NA	-1.62103931519132	-2.7785662508726	0.574610234121792	Low	Cell_3823	1
Cell_3824	1	1	NA	0.333531479578943	-4.35430570981413	0.795951012405567	Medium	Cell_3824	1
Cell_3825	2	1	NA	3.56571667937641	2.71013619130668	0.924367744475603	High	Cell_3825	1
Cell_3826	1	1	NA	-3.31661965339353	-2.48198821679692	0.866997228586115	High	Cell_3826	1
Cell_3827	1	1	NA	-8.95121897005956	-4.13965473287385	0.73124792939052	Medium	Cell_3827	1
Cell_3828	1	1	NA	-4.48140383260367	-3.45834865595121	0.755543443956412	Medium	Cell_3828	1
Cell_3829	1	1	NA	-2.00548504624877	-0.717546318694423	0.778191977413371	Medium	Cell_3829	1
Cell_383	1	1	NA	-8.54759154134238	-4.25046616245231	0.686354697216302	Medium	Cell_383	1
Cell_3830	1	1	NA	-8.88353623974384	-3.65521002835158	0.600397824309766	Low	Cell_3830	1
Cell_3831	1	1	NA	-6.76474587511773	-3.90128482767897	0.944595470791683	High	Cell_3831	1
Cell_3832	2	1	NA	2.08864301242628	1.0430657975764	0.577191996970214	Low	Cell_3832	1
Cell_3833	2	1	NA	3.63515466097416	3.52782595651638	0.792299780528992	Medium	Cell_3833	1
Cell_3834	2	1	NA	2.18475167346724	0.984173348093143	0.740468487492763	Medium	Cell_3834	1
Cell_3835	2	1	NA	3.49355205055258	3.82229650518164	0.598641607328318	Low	Cell_3835	1
Cell_3836	1	1	NA	-2.75552055588126	-2.85572337465993	0.989212235668674	High	Cell_3836	1
Cell_3837	1	1	NA	-3.97067975231407	-3.0445327898791	0.65951573185157	Low	Cell_3837	1
Cell_3838	1	1	NA	1.27942560181758	-1.23883846335653	0.52239434805233	Low	Cell_3838	1
Cell_3839	1	1	NA	-5.73172803337207	-3.33505968626848	0.876843045349233	High	Cell_3839	1
Cell_384	3	1	NA	2.66257061827397	6.11568411437216	0.884596955613233	High	Cell_384	1
Cell_3840	2	1	NA	3.56589184512587	4.03677534449484	0.783429474453442	Medium	Cell_3840	1
Cell_3841	1	1	NA	-0.693960916211907	-3.01518553429262	0.504873496014625	Low	Cell_3841	1
Cell_3842	3	1	NA	2.58341488961111	7.33550786193077	0.650377035373822	Low	Cell_3842	1
Cell_3843	1	1	NA	3.77108347713827	-8.00170225511225	0.931647603982128	High	Cell_3843	1
Cell_3844	1	1	NA	-4.38076870560437	-4.18014439549923	0.616074183839373	Low	Cell_3844	1
Cell_3845	1	1	NA	-3.4906628772201	-2.49520215818256	0.529269902035594	Low	Cell_3845	1
Cell_3846	2	1	NA	1.90524471987878	-1.24602374123255	0.855524955783039	High	Cell_3846	1
Cell_3847	1	1	NA	-1.61980261497065	-3.177985147997	0.7543742650887	Medium	Cell_3847	1
Cell_3848	2	1	NA	3.70510171078885	2.69913483858255	0.702473519719206	Medium	Cell_3848	1
Cell_3849	1	1	NA	-4.86963050811743	-4.14222370200036	0.712256959057413	Medium	Cell_3849	1
Cell_385	2	1	NA	3.07360005343588	0.786082317363502	0.7688385915244	Medium	Cell_385	1
Cell_3850	1	1	NA	0.357083556430479	-2.72386901282781	0.956982892239466	High	Cell_3850	1
Cell_3851	2	1	NA	3.33928506507347	2.92757648805471	0.951003245776519	High	Cell_3851	1
Cell_3852	2	1	NA	1.7759483192553	0.223094408655052	0.609032641164958	Low	Cell_3852	1
Cell_3853	1	1	NA	-6.47758320817783	-3.49982996957527	0.787447273498401	Medium	Cell_3853	1
Cell_3854	1	1	NA	-1.70012250479818	-3.31842978169209	0.520326568163	Low	Cell_3854	1
Cell_3855	3	1	NA	3.12957721709603	7.08869807503469	0.770298755727708	Medium	Cell_3855	1
Cell_3856	2	1	NA	3.78961761130584	0.752466597186102	0.556414231192321	Low	Cell_3856	1
Cell_3857	1	1	NA	-2.76316909029803	-2.93592143482059	0.878726933849975	High	Cell_3857	1
Cell_3858	1	1	NA	-2.7698501447684	-3.33253913219994	0.555572089739144	Low	Cell_3858	1
Cell_3859	2	1	NA	2.85765672537738	2.50667048341571	0.602057200507261	Low	Cell_3859	1
Cell_386	1	1	NA	-0.338646436811036	-0.977903911495773	0.956997724832036	High	Cell_386	1
Cell_3860	1	1	NA	-8.99007215447094	-3.89206248234565	0.883851906633936	High	Cell_3860	1
Cell_3861	1	1	NA	-6.65328273332953	-3.99864848744321	0.711172332637943	Medium	Cell_3861	1
Cell_3862	1	1	NA	-5.77364989543873	-4.62328195895332	0.77347699040547	Medium	Cell_3862	1
Cell_3863	1	1	NA	0.362834318407789	-0.470163610495947	0.940259418683127	High	Cell_3863	1
Cell_3864	1	1	NA	0.79377470470191	-0.706171189502672	0.863814725773409	High	Cell_3864	1
Cell_3865	2	1	NA	4.02820569236841	4.14772152830002	0.876423094421625	High	Cell_3865	1
Cell_3866	3	1	NA	-1.85529164974625	9.3878862121082	0.80036947503686	Medium	Cell_3866	1
Cell_3867	1	1	NA	-0.934129230121965	-4.73994314541633	0.550533369649202	Low	Cell_3867	1
Cell_3868	1	1	NA	-4.82811834465736	-3.75293478398436	0.913111353060231	High	Cell_3868	1
Cell_3869	1	1	NA	-8.5175770798837	-3.67631019275838	0.869124478194863	High	Cell_3869	1
Cell_387	1	1	NA	-5.08617019441221	-3.72412255179836	0.592648220947012	Low	Cell_387	1
Cell_3870	2	1	NA	3.85093213772667	1.67564523044956	0.941487826989032	High	Cell_3870	1
Cell_3871	1	1	NA	-9.12716455366664	-4.1545173558418	0.542082504136488	Low	Cell_3871	1
Cell_3872	2	1	NA	3.43958450049031	2.87862239672892	0.914736251696013	High	Cell_3872	1
Cell_3873	1	1	NA	-1.71013567459631	-0.291936455027195	0.637408144306391	Low	Cell_3873	1
Cell_3874	1	1	NA	-4.44841389172135	-4.48157336409989	0.667107929941267	Medium	Cell_3874	1
Cell_3875	1	1	NA	-1.70486779646339	-0.487496016871456	0.943518522195518	High	Cell_3875	1
Cell_3876	2	1	NA	3.95825448534531	3.59892493885542	0.595663036918268	Low	Cell_3876	1
Cell_3877	3	1	NA	2.24293947604181	7.77622109102816	0.506095668883063	Low	Cell_3877	1
Cell_3878	2	1	NA	4.08956904867465	4.54769390048582	0.852672110660933	High	Cell_3878	1
Cell_3879	1	1	NA	-2.86358659986169	-4.36064481814889	0.518809359404258	Low	Cell_3879	1
Cell_388	3	1	NA	3.06834688298055	7.05587403372341	0.641109208692797	Low	Cell_388	1
Cell_3880	1	1	NA	0.556534435784594	-3.26998716645942	0.911262762267143	High	Cell_3880	1
Cell_3881	3	1	NA	3.32652628041645	6.43333826357319	0.951717269606888	High	Cell_3881	1
Cell_3882	2	1	NA	1.44984659253187	-0.411263369854754	0.583228806033731	Low	Cell_3882	1
Cell_3883	3	1	NA	3.54286290342164	6.47174493013011	0.603797733550891	Low	Cell_3883	1
Cell_3884	1	1	NA	-1.14057746336323	-2.88444707128418	0.897940087132156	High	Cell_3884	1
Cell_3885	2	1	NA	2.3499633763567	-0.731437187576155	0.946598149137571	High	Cell_3885	1
Cell_3886	2	1	NA	3.4670136764107	-0.296716476522068	0.621841475716792	Low	Cell_3886	1
Cell_3887	1	1	NA	-2.8460690241756	-3.19191019039522	0.71659661422018	Medium	Cell_3887	1
Cell_3888	2	1	NA	2.33638783094411	-1.0618984305451	0.699076653225347	Medium	Cell_3888	1
Cell_3889	1	1	NA	-8.36960917070591	-3.66698315994167	0.832796387490816	Medium	Cell_3889	1
Cell_389	3	1	NA	3.31279711655333	6.10811488489357	0.547481206594966	Low	Cell_389	1
Cell_3890	1	1	NA	-5.13925009238227	-4.47160652829756	0.652598448563367	Low	Cell_3890	1
Cell_3891	1	1	NA	-0.672267674518903	-3.30348212917383	0.895985457464121	High	Cell_3891	1
Cell_3892	1	1	NA	-1.23822451787775	-0.794526203665777	0.670613396563567	Medium	Cell_3892	1
Cell_3893	3	1	NA	1.80697626229808	8.28982318230465	0.628727435832843	Low	Cell_3893	1
Cell_3894	1	1	NA	-1.7855418459976	-0.785139588070177	0.501980761648156	Low	Cell_3894	1
Cell_3895	3	1	NA	1.83975786467871	7.78749699601565	0.690169432433322	Medium	Cell_3895	1
Cell_3896	1	1	NA	-2.59982546701071	-3.59581279502109	0.799713284359314	Medium	Cell_3896	1
Cell_3897	2	1	NA	4.41845214970986	4.14656006619194	0.669517694041133	Medium	Cell_3897	1
Cell_3898	1	1	NA	-1.61580818184975	-0.369013555643414	0.587892120471224	Low	Cell_3898	1
Cell_3899	2	1	NA	3.11540270344186	2.07945061448407	0.998784677241929	High	Cell_3899	1
Cell_39	1	1	NA	-2.01004646835606	-2.5756468838519	0.659090503817424	Low	Cell_39	1
Cell_390	1	1	NA	-1.41945699195481	-4.03348494637001	0.605243539554067	Low	Cell_390	1
Cell_3900	3	1	NA	-1.29087401388422	9.26986017174602	0.632699804380536	Low	Cell_3900	1
Cell_3901	1	1	NA	-2.46274955764992	-2.13259061161911	0.775096123921685	Medium	Cell_3901	1
Cell_3902	1	1	NA	-4.93215768036805	-4.2366637766148	0.567622333182953	Low	Cell_3902	1
Cell_3903	1	1	NA	0.591749533992434	-3.10724787264967	0.840911108069122	High	Cell_3903	1
Cell_3904	1	1	NA	-6.50141026516637	-4.39271271253241	0.725175532745197	Medium	Cell_3904	1
Cell_3905	2	1	NA	2.50323474091094	0.397986280220061	0.683322282973677	Medium	Cell_3905	1
Cell_3906	1	1	NA	-1.28270232554829	-4.09386972813858	0.693065670202486	Medium	Cell_3906	1
Cell_3907	2	1	NA	2.94650842505374	-0.861974521000848	0.702235597185791	Medium	Cell_3907	1
Cell_3908	1	1	NA	-2.0651580891787	-2.71194295417694	0.913782360497862	High	Cell_3908	1
Cell_3909	1	1	NA	-4.65847621429446	-3.41517059591059	0.958007395616733	High	Cell_3909	1
Cell_391	3	1	NA	3.35078235414491	5.83296713741249	0.988549498142675	High	Cell_391	1
Cell_3910	1	1	NA	-4.70527116791506	-4.10157552416208	0.880601463606581	High	Cell_3910	1
Cell_3911	1	1	NA	-4.20242770451304	-3.08636175988625	0.683674340951256	Medium	Cell_3911	1
Cell_3912	3	1	NA	2.83495726668243	7.09490409033948	0.845694047049619	High	Cell_3912	1
Cell_3913	1	1	NA	0.849850767312069	-1.3476432495104	0.754016339895315	Medium	Cell_3913	1
Cell_3914	1	1	NA	1.44216882387484	-3.20534914358673	0.509712968720123	Low	Cell_3914	1
Cell_3915	1	1	NA	1.42745020349975	-1.62902331190703	0.823449569987133	Medium	Cell_3915	1
Cell_3916	1	1	NA	-1.9773550292117	-3.34275219807386	0.811503832228482	Medium	Cell_3916	1
Cell_3917	1	1	NA	-2.33577930968018	-4.05792797128457	0.666485554655083	Low	Cell_3917	1
Cell_3918	1	1	NA	0.944434789937859	-2.08576654635667	0.513143418240361	Low	Cell_3918	1
Cell_3919	1	1	NA	-3.56103807225966	-3.03481955607699	0.987473679590039	High	Cell_3919	1
Cell_392	2	1	NA	3.57524007611891	0.735893107973708	0.648151087691076	Low	Cell_392	1
Cell_3920	2	1	NA	1.61358513359673	0.459901416322504	0.995637428481132	High	Cell_3920	1
Cell_3921	1	1	NA	-5.88405122651998	-4.71571634984517	0.538289904361591	Low	Cell_3921	1
Cell_3922	3	1	NA	-0.98123501028245	9.21301531153064	0.76897243631538	Medium	Cell_3922	1
Cell_3923	3	1	NA	3.64543338641525	6.65316904373114	0.988926371559501	High	Cell_3923	1
Cell_3924	2	1	NA	3.13171554877202	-0.573970245306934	0.554837359697558	Low	Cell_3924	1
Cell_3925	2	1	NA	3.80155757227092	4.67005133690992	0.68128608900588	Medium	Cell_3925	1
Cell_3926	2	1	NA	3.06973510937345	2.59845413369395	0.74990967893973	Medium	Cell_3926	1
Cell_3927	1	1	NA	-1.96692352819227	-0.937065385698925	0.956314200768247	High	Cell_3927	1
Cell_3928	2	1	NA	1.65439678055561	0.499337643494164	0.786030417308211	Medium	Cell_3928	1
Cell_3929	2	1	NA	2.61593530023769	2.08649468496708	0.51139728736598	Low	Cell_3929	1
Cell_393	2	1	NA	4.08279523820451	4.80040517426056	0.862991513451561	High	Cell_393	1
Cell_3930	3	1	NA	2.42054662448395	7.51521938561418	0.927614812972024	High	Cell_3930	1
Cell_3931	3	1	NA	0.888784178510251	8.54019869006673	0.915242120856419	High	Cell_3931	1
Cell_3932	2	1	NA	3.95975947195796	4.98973555478581	0.939075531554408	High	Cell_3932	1
Cell_3933	3	1	NA	2.43614187651581	7.45716439276832	0.904801094671711	High	Cell_3933	1
Cell_3934	1	1	NA	1.73918970455807	-1.83613420224316	0.500032668351196	Low	Cell_3934	1
Cell_3935	1	1	NA	-3.081966037502	-3.40918286827722	0.550912866485305	Low	Cell_3935	1
Cell_3936	1	1	NA	-1.45081289578004	-2.64978501570553	0.917412938433699	High	Cell_3936	1
Cell_3937	1	1	NA	-0.589834490220764	-1.34663235536615	0.610573698068038	Low	Cell_3937	1
Cell_3938	1	1	NA	2.91991679672576	-2.98936390011328	0.515208188327961	Low	Cell_3938	1
Cell_3939	1	1	NA	-1.52627140498386	-2.03147758095769	0.788363010855392	Medium	Cell_3939	1
Cell_394	1	1	NA	-2.41105323176872	-2.81688352570477	0.89284391712863	High	Cell_394	1
Cell_3940	1	1	NA	-4.90985492431237	-4.3704466606133	0.878439880209044	High	Cell_3940	1
Cell_3941	1	1	NA	-8.38507717897767	-3.7112293828754	0.936827029683627	High	Cell_3941	1
Cell_3942	1	1	NA	0.114873575302886	-1.77643102072844	0.530182956950739	Low	Cell_3942	1
Cell_3943	2	1	NA	3.46315528051724	4.56667379288479	0.610919179394841	Low	Cell_3943	1
Cell_3944	3	1	NA	2.00143484717396	7.97989173278946	0.707012586062774	Medium	Cell_3944	1
Cell_3945	1	1	NA	-1.51069330464877	-1.29696957940858	0.705664814915508	Medium	Cell_3945	1
Cell_3946	2	1	NA	4.16403572868754	2.43597851873142	0.789695164887235	Medium	Cell_3946	1
Cell_3947	1	1	NA	-5.07580195666084	-3.48382376138975	0.970974475727417	High	Cell_3947	1
Cell_3948	1	1	NA	-4.88909653979878	-4.54298264084534	0.993799298652448	High	Cell_3948	1
Cell_3949	1	1	NA	-7.52506439334787	-4.09658634823794	0.56489892443642	Low	Cell_3949	1
Cell_395	2	1	NA	1.78266093639156	0.685045312596763	0.552708873059601	Low	Cell_395	1
Cell_3950	1	1	NA	-2.60288536551137	-3.11844467379101	0.637437490746379	Low	Cell_3950	1
Cell_3951	1	1	NA	1.76156683016745	-2.07262838327248	0.914191410876811	High	Cell_3951	1
Cell_3952	2	1	NA	1.91575154836652	1.02800068456292	0.995629359502345	High	Cell_3952	1
Cell_3953	1	1	NA	-3.69524847837658	-3.38322919792108	0.836600279086269	High	Cell_3953	1
Cell_3954	1	1	NA	0.563680615543776	-4.26938810221233	0.538694532238878	Low	Cell_3954	1
Cell_3955	1	1	NA	-1.80088032207666	-1.23593398899066	0.567201702739112	Low	Cell_3955	1
Cell_3956	1	1	NA	-4.994675138188	-4.50780734191616	0.669048389303498	Medium	Cell_3956	1
Cell_3957	1	1	NA	3.75081693729852	-8.00701922537163	0.626054490101524	Low	Cell_3957	1
Cell_3958	1	1	NA	-4.31513402171248	-4.12302765858361	0.62541181803681	Low	Cell_3958	1
Cell_3959	1	1	NA	0.833983122015308	-1.76738191516477	0.891633958788589	High	Cell_3959	1
Cell_396	3	1	NA	3.57252002121148	6.52439101392005	0.6197973145172	Low	Cell_396	1
Cell_3960	1	1	NA	-0.994458356045455	-3.01905487851311	0.586893165134825	Low	Cell_3960	1
Cell_3961	1	1	NA	-4.36446418707979	-2.91276890856105	0.799151957849972	Medium	Cell_3961	1
Cell_3962	1	1	NA	-2.11167089141421	-0.512029519801331	0.845791522180662	High	Cell_3962	1
Cell_3963	1	1	NA	-2.43720321956407	-3.76840624108087	0.961467799614184	High	Cell_3963	1
Cell_3964	1	1	NA	1.06610899824726	-0.346103027559415	0.844987491960637	High	Cell_3964	1
Cell_3965	2	1	NA	3.76167892187992	3.99297392929486	0.636829488445073	Low	Cell_3965	1
Cell_3966	1	1	NA	1.00648238059115	-3.71210355686899	0.505472579738125	Low	Cell_3966	1
Cell_3967	3	1	NA	-1.14297732514386	9.21394358919746	0.521609798772261	Low	Cell_3967	1
Cell_3968	2	1	NA	3.94884399828045	3.76070635056613	0.583948900224641	Low	Cell_3968	1
Cell_3969	2	1	NA	3.33251376340265	-0.465543116100187	0.926320413243957	High	Cell_3969	1
Cell_397	2	1	NA	3.08692464277057	3.26110960175666	0.635272436193191	Low	Cell_397	1
Cell_3970	3	1	NA	0.831560927178232	8.8575163954903	0.522956673055887	Low	Cell_3970	1
Cell_3971	1	1	NA	-1.28758691813997	-3.42655741340669	0.635693818214349	Low	Cell_3971	1
Cell_3972	3	1	NA	3.45219457911386	6.26063031796036	0.944471475319006	High	Cell_3972	1
Cell_3973	1	1	NA	-1.9467897638436	-0.0680123727136529	0.773946647299454	Medium	Cell_3973	1
Cell_3974	2	1	NA	3.83785676489758	4.65650325694928	0.902408794267103	High	Cell_3974	1
Cell_3975	2	1	NA	1.83452726532369	1.40475574773972	0.978598309331574	High	Cell_3975	1
Cell_3976	1	1	NA	-0.459706836266935	-2.60566217724963	0.844872040208429	High	Cell_3976	1
Cell_3977	1	1	NA	-2.78529818444755	-2.59469751156794	0.700566787272692	Medium	Cell_3977	1
Cell_3978	1	1	NA	-1.96470621500156	-2.68406366116851	0.985520422109403	High	Cell_3978	1
Cell_3979	1	1	NA	0.390827798759017	-1.26344854704978	0.969687929027714	High	Cell_3979	1
Cell_398	1	1	NA	-0.35802848690232	-2.45025878658029	0.55052924703341	Low	Cell_398	1
Cell_3980	2	1	NA	3.36884670420826	1.61117420815146	0.759141122922301	Medium	Cell_3980	1
Cell_3981	1	1	NA	-9.01639504202167	-3.87910472043816	0.568145088269375	Low	Cell_3981	1
Cell_3982	2	1	NA	2.58825563426562	-0.399042756809133	0.8133679976454	Medium	Cell_3982	1
Cell_3983	2	1	NA	4.03694122488365	3.07703153143726	0.91132499219384	High	Cell_3983	1
Cell_3984	1	1	NA	-4.96752116887618	-4.58387283304212	0.568132677697577	Low	Cell_3984	1
Cell_3985	1	1	NA	-5.89066119764444	-4.08695787587619	0.798734094481915	Medium	Cell_3985	1
Cell_3986	1	1	NA	-0.0598657471166479	-3.25834425929252	0.991482033976354	High	Cell_3986	1
Cell_3987	2	1	NA	3.04942885128402	0.611377724004022	0.615315324161202	Low	Cell_3987	1
Cell_3988	2	1	NA	3.18030543711886	3.70695653128409	0.708685193909332	Medium	Cell_3988	1
Cell_3989	3	1	NA	3.13982786610901	7.22187091552342	0.550135499681346	Low	Cell_3989	1
Cell_399	1	1	NA	-7.23609406801898	-3.74693204212208	0.558956920634955	Low	Cell_399	1
Cell_3990	1	1	NA	-3.95208485535565	-2.84068210672964	0.639255701797083	Low	Cell_3990	1
Cell_3991	3	1	NA	2.73727034196353	6.99589654706088	0.765273245749995	Medium	Cell_3991	1
Cell_3992	2	1	NA	3.21334142279257	1.57982070549563	0.657059729099274	Low	Cell_3992	1
Cell_3993	2	1	NA	3.70248849317387	1.24482481048336	0.800351036363281	Medium	Cell_3993	1
Cell_3994	1	1	NA	0.779513063846158	-2.89355244682163	0.99354900920298	High	Cell_3994	1
Cell_3995	1	1	NA	-1.15848695656524	-1.45695573421403	0.804640742950141	Medium	Cell_3995	1
Cell_3996	3	1	NA	2.35406953678496	7.63006322333944	0.572868661372922	Low	Cell_3996	1
Cell_3997	1	1	NA	1.04079003810765	-1.31693385297963	0.852158230147325	High	Cell_3997	1
Cell_3998	2	1	NA	3.11837039201704	2.28779893308565	0.839590152027085	High	Cell_3998	1
Cell_3999	1	1	NA	-4.83940000774887	-4.52396040365884	0.661291932687163	Low	Cell_3999	1
Cell_4	2	1	NA	4.48123189874174	2.75237006276843	0.941508702002466	High	Cell_4	1
Cell_40	3	1	NA	-0.454870354660295	9.08527388942868	0.615812892676331	Low	Cell_40	1
Cell_400	2	1	NA	1.24861836701205	0.289933169742791	0.995618277927861	High	Cell_400	1
Cell_4000	1	1	NA	-1.51085689373255	-2.2851052373432	0.711657820502296	Medium	Cell_4000	1
Cell_4001	2	1	NA	2.6723155476305	-0.402713027137229	0.652232092455961	Low	Cell_4001	1
Cell_4002	2	1	NA	2.08886999643679	0.98558765874884	0.916409390978515	High	Cell_4002	1
Cell_4003	2	1	NA	2.19981006763844	-0.837818295112692	0.796823754208162	Medium	Cell_4003	1
Cell_4004	2	1	NA	3.47836658463864	-0.100132105660304	0.903598320670426	High	Cell_4004	1
Cell_4005	1	1	NA	-0.471383227673714	-1.25278812604381	0.647025388898328	Low	Cell_4005	1
Cell_4006	2	1	NA	3.10582212810923	1.44121156433279	0.57054261083249	Low	Cell_4006	1
Cell_4007	1	1	NA	-2.92693955734818	-1.97556023220478	0.94431055127643	High	Cell_4007	1
Cell_4008	3	1	NA	0.229301172742527	8.82053453592041	0.504142502089962	Low	Cell_4008	1
Cell_4009	1	1	NA	-4.94271684958999	-3.78720886348024	0.784560326486826	Medium	Cell_4009	1
Cell_401	1	1	NA	-2.70366828435185	-2.78069462112708	0.99302714865189	High	Cell_401	1
Cell_4010	1	1	NA	-4.80278354630423	-4.54436601313819	0.983775094966404	High	Cell_4010	1
Cell_4011	1	1	NA	-4.00839133370165	-3.05042158325556	0.634594381670468	Low	Cell_4011	1
Cell_4012	2	1	NA	1.33064792362218	-0.0483538327096972	0.99198003532365	High	Cell_4012	1
Cell_4013	2	1	NA	3.39854805261638	3.28735116241231	0.517694743815809	Low	Cell_4013	1
Cell_4014	2	1	NA	4.03217963021657	2.88196301718461	0.628988215234131	Low	Cell_4014	1
Cell_4015	3	1	NA	0.455630784661598	8.83109521109658	0.629945560707711	Low	Cell_4015	1
Cell_4016	2	1	NA	3.09581673801579	-0.465920033816868	0.974094243836589	High	Cell_4016	1
Cell_4017	3	1	NA	3.24120823675471	6.99241807020385	0.989811369334348	High	Cell_4017	1
Cell_4018	1	1	NA	-1.3984547462738	-1.5020609864101	0.867192431818694	High	Cell_4018	1
Cell_4019	1	1	NA	-1.02897034749748	0.522229820402821	0.64373987831641	Low	Cell_4019	1
Cell_402	1	1	NA	-9.10646308712731	-4.25703537807446	0.56853373569902	Low	Cell_402	1
Cell_4020	1	1	NA	-5.56267127933645	-3.93869427342922	0.704479559208266	Medium	Cell_4020	1
Cell_4021	2	1	NA	3.56912178169268	4.7409472932853	0.600788824027404	Low	Cell_4021	1
Cell_4022	2	1	NA	2.44599987904764	0.854654931065524	0.883293179562315	High	Cell_4022	1
Cell_4023	3	1	NA	4.11822319090939	5.72565337939277	0.871552469907328	High	Cell_4023	1
Cell_4024	1	1	NA	-5.3009833199295	-4.07220828551505	0.74923069041688	Medium	Cell_4024	1
Cell_4025	1	1	NA	-3.52377785814001	-3.88521716558204	0.835249797790311	High	Cell_4025	1
Cell_4026	1	1	NA	-5.1401191413922	-3.25541024762805	0.876231396803632	High	Cell_4026	1
Cell_4027	1	1	NA	-6.08960896463359	-3.96732467844798	0.886931459419429	High	Cell_4027	1
Cell_4028	3	1	NA	0.659438958854742	8.84061462280181	0.8025846502278	Medium	Cell_4028	1
Cell_4029	1	1	NA	-6.78973256737539	-4.24980474399865	0.695257871760987	Medium	Cell_4029	1
Cell_403	1	1	NA	0.282208948530832	-1.79706228435257	0.95265479083173	High	Cell_403	1
Cell_4030	2	1	NA	3.83079684904152	1.52594198026335	0.835528786526993	High	Cell_4030	1
Cell_4031	2	1	NA	3.58420273488763	-0.0382500086088682	0.934603905770928	High	Cell_4031	1
Cell_4032	2	1	NA	3.82218613414378	1.55584056497663	0.718201436568052	Medium	Cell_4032	1
Cell_4033	1	1	NA	-1.48340604271825	-1.39318615153834	0.560238172183745	Low	Cell_4033	1
Cell_4034	1	1	NA	-0.417941949089315	-1.85726768747422	0.80947667977307	Medium	Cell_4034	1
Cell_4035	1	1	NA	0.467767282412274	-3.26546003507902	0.740254375501536	Medium	Cell_4035	1
Cell_4036	2	1	NA	3.20235182066183	2.05515759237444	0.961946544819511	High	Cell_4036	1
Cell_4037	3	1	NA	3.73194575929236	6.43048138083529	0.620336342602968	Low	Cell_4037	1
Cell_4038	3	1	NA	3.72389913713922	6.12048373783001	0.888240787782706	High	Cell_4038	1
Cell_4039	1	1	NA	0.39225009172732	-4.35447533317882	0.875993944122456	High	Cell_4039	1
Cell_404	2	1	NA	3.26225305037375	4.74162050194818	0.788150918786414	Medium	Cell_404	1
Cell_4040	1	1	NA	-2.5675962457782	-0.785108151042175	0.838241212419234	High	Cell_4040	1
Cell_4041	1	1	NA	1.46298286361748	-1.48617454251932	0.775859731948003	Medium	Cell_4041	1
Cell_4042	1	1	NA	0.489986291292913	-0.368127556695533	0.79893026559148	Medium	Cell_4042	1
Cell_4043	2	1	NA	3.95416845416897	5.01227338226263	0.933218790800311	High	Cell_4043	1
Cell_4044	1	1	NA	0.483568523020498	-2.1039039653591	0.747670356300659	Medium	Cell_4044	1
Cell_4045	3	1	NA	3.30553808558009	6.53808063643233	0.990114482003264	High	Cell_4045	1
Cell_4046	1	1	NA	-2.20660930163608	-2.93220363245284	0.534687343635596	Low	Cell_4046	1
Cell_4047	1	1	NA	-4.38162889371317	-3.55774697929679	0.777964481967501	Medium	Cell_4047	1
Cell_4048	1	1	NA	-8.61728937124412	-3.67757370045624	0.594686762662604	Low	Cell_4048	1
Cell_4049	1	1	NA	1.3622107983707	-1.23072231909606	0.648228740785271	Low	Cell_4049	1
Cell_405	1	1	NA	-4.81889297989457	-3.39613638069678	0.697724429541267	Medium	Cell_405	1
Cell_4050	2	1	NA	2.35957032547689	0.792232606012254	0.920502060907893	High	Cell_4050	1
Cell_4051	2	1	NA	2.43436474926214	-1.21521410762564	0.602553550619632	Low	Cell_4051	1
Cell_4052	2	1	NA	3.52000925368463	3.13050665524712	0.791359544848092	Medium	Cell_4052	1
Cell_4053	2	1	NA	1.25744166201467	-0.216634426350353	0.698131099110469	Medium	Cell_4053	1
Cell_4054	2	1	NA	3.28965903299596	3.54547037483918	0.652785638114437	Low	Cell_4054	1
Cell_4055	1	1	NA	-7.09453123257816	-4.57318351433216	0.736127644660883	Medium	Cell_4055	1
Cell_4056	1	1	NA	-5.81489900144354	-4.10925492723921	0.871624548919499	High	Cell_4056	1
Cell_4057	1	1	NA	2.94040447973248	-3.02553078840754	0.988401803304441	High	Cell_4057	1
Cell_4058	2	1	NA	4.35804114468201	1.73008196978928	0.578131925663911	Low	Cell_4058	1
Cell_4059	1	1	NA	0.342350050345852	-0.630323736456199	0.564712905674241	Low	Cell_4059	1
Cell_406	1	1	NA	-0.607130141819214	-3.27929417463657	0.724901242065243	Medium	Cell_406	1
Cell_4060	3	1	NA	-1.1624282658793	9.25388968286527	0.790279651409946	Medium	Cell_4060	1
Cell_4061	3	1	NA	2.336160524584	7.77091713990019	0.568574587465264	Low	Cell_4061	1
Cell_4062	1	1	NA	-5.2176088913334	-4.11147630359817	0.600998222245835	Low	Cell_4062	1
Cell_4063	1	1	NA	0.393787750935535	-3.33555577802751	0.670824532280676	Medium	Cell_4063	1
Cell_4064	2	1	NA	3.41748284677634	1.52372655351021	0.632950473343953	Low	Cell_4064	1
Cell_4065	1	1	NA	-0.265322286814731	-1.74431684781743	0.860792990773916	High	Cell_4065	1
Cell_4066	1	1	NA	-3.95225649375405	-3.27904541759201	0.847745742183179	High	Cell_4066	1
Cell_4067	1	1	NA	-5.92828849441763	-4.77254413418959	0.897104363539256	High	Cell_4067	1
Cell_4068	1	1	NA	-1.69866258539116	-4.14610541243202	0.637234999332577	Low	Cell_4068	1
Cell_4069	2	1	NA	2.99773448677383	0.760218056379481	0.590978180989623	Low	Cell_4069	1
Cell_407	1	1	NA	-5.04737883942462	-3.59125320344827	0.853250950574875	High	Cell_407	1
Cell_4070	2	1	NA	1.84552337163829	-1.28009635251535	0.731301833526231	Medium	Cell_4070	1
Cell_4071	2	1	NA	3.76677941254576	3.93594015375669	0.775272538419813	Medium	Cell_4071	1
Cell_4072	1	1	NA	-2.23331142938206	-2.59127496117021	0.811358857084997	Medium	Cell_4072	1
Cell_4073	2	1	NA	3.12109362388324	2.5513752237267	0.741446711937897	Medium	Cell_4073	1
Cell_4074	1	1	NA	-0.158323196964487	0.176736966745319	0.564915487077087	Low	Cell_4074	1
Cell_4075	1	1	NA	-4.59689259412909	-3.39187272606617	0.941998403519392	High	Cell_4075	1
Cell_4076	1	1	NA	-1.06862986589766	-2.75339388311152	0.995658963918686	High	Cell_4076	1
Cell_4077	1	1	NA	-4.76430937368455	-3.27560584198423	0.930982718011364	High	Cell_4077	1
Cell_4078	2	1	NA	3.08194208391959	1.54566311035096	0.926125358906575	High	Cell_4078	1
Cell_4079	2	1	NA	3.65469929718035	4.35211004730396	0.688706803601235	Medium	Cell_4079	1
Cell_408	3	1	NA	2.86354948391067	7.21244597552293	0.541251372895204	Low	Cell_408	1
Cell_4080	1	1	NA	-3.25385601495137	-3.24686742860509	0.808538249926642	Medium	Cell_4080	1
Cell_4081	2	1	NA	3.85587766528051	2.23069534336657	0.759171196259558	Medium	Cell_4081	1
Cell_4082	2	1	NA	2.80206693006919	5.44962881028618	0.518464604974724	Low	Cell_4082	1
Cell_4083	1	1	NA	-2.25216337098273	-1.0911211125372	0.871516217244789	High	Cell_4083	1
Cell_4084	2	1	NA	2.60941518271622	-0.218179927128294	0.921214252128266	High	Cell_4084	1
Cell_4085	3	1	NA	3.28752188992594	5.97750071888366	0.524557658587582	Low	Cell_4085	1
Cell_4086	1	1	NA	-1.0758459899648	0.478093536722564	0.946644603856839	High	Cell_4086	1
Cell_4087	2	1	NA	2.24962807281876	-0.257476765014853	0.68908872641623	Medium	Cell_4087	1
Cell_4088	1	1	NA	-7.62221061142546	-3.70042481633688	0.847782150725834	High	Cell_4088	1
Cell_4089	1	1	NA	-4.14213238804978	-4.34431297102594	0.858655681251548	High	Cell_4089	1
Cell_409	3	1	NA	3.1324186821741	7.12720446431307	0.669656290090643	Medium	Cell_409	1
Cell_4090	3	1	NA	2.24758115222848	7.30736016247264	0.841262473375537	High	Cell_4090	1
Cell_4091	2	1	NA	3.82351202848774	3.52021235621362	0.650203178054653	Low	Cell_4091	1
Cell_4092	1	1	NA	-2.40599532674234	-2.10819355225846	0.651311591384001	Low	Cell_4092	1
Cell_4093	2	1	NA	4.14483032667292	3.48401519065445	0.738055199151859	Medium	Cell_4093	1
Cell_4094	2	1	NA	1.6496433497548	-0.774524977665463	0.524241241975687	Low	Cell_4094	1
Cell_4095	1	1	NA	-5.22430317155921	-3.38563268424081	0.745809910004027	Medium	Cell_4095	1
Cell_4096	2	1	NA	3.34786070324354	3.05895324375943	0.794312361860648	Medium	Cell_4096	1
Cell_4097	2	1	NA	3.39993738979361	2.56184448012362	0.617319664219394	Low	Cell_4097	1
Cell_4098	1	1	NA	-1.40735313248699	-3.03906831319709	0.98231912474148	High	Cell_4098	1
Cell_4099	2	1	NA	3.17924104446731	2.32301908031656	0.579997330205515	Low	Cell_4099	1
Cell_41	3	1	NA	3.71477679503198	5.69613891187956	0.571400011191145	Low	Cell_41	1
Cell_410	1	1	NA	0.211260428002404	-4.46452997652004	0.840393775608391	High	Cell_410	1
Cell_4100	2	1	NA	3.63198489171406	3.59478678904374	0.787618991918862	Medium	Cell_4100	1
Cell_4101	2	1	NA	3.41019123920151	1.7026275911324	0.710396106122062	Medium	Cell_4101	1
Cell_4102	1	1	NA	-8.47166560430163	-4.2980903374006	0.56121485424228	Low	Cell_4102	1
Cell_4103	1	1	NA	-0.97647839112038	-0.676558825553088	0.682142603676766	Medium	Cell_4103	1
Cell_4104	3	1	NA	3.60156212003439	6.52300966146625	0.999363079783507	High	Cell_4104	1
Cell_4105	1	1	NA	-0.941140391543406	-2.46423958173278	0.898943146574311	High	Cell_4105	1
Cell_4106	1	1	NA	-1.92114061926883	-0.856109865559954	0.674925755825825	Medium	Cell_4106	1
Cell_4107	2	1	NA	3.21354247066067	2.86073820640799	0.968488527345471	High	Cell_4107	1
Cell_4108	2	1	NA	3.57131865147182	0.0861406982294287	0.856598689570092	High	Cell_4108	1
Cell_4109	1	1	NA	3.79659317163983	-7.66264895742658	0.74762188422028	Medium	Cell_4109	1
Cell_411	2	1	NA	4.09230581643239	4.1081620103711	0.658474624040537	Low	Cell_411	1
Cell_4110	1	1	NA	-2.89727167590878	-3.74663293375184	0.906122680869885	High	Cell_4110	1
Cell_4111	2	1	NA	2.95249305369642	-0.799111617177684	0.827466272399761	Medium	Cell_4111	1
Cell_4112	1	1	NA	-9.18271208427866	-4.05395114372005	0.680372940492816	Medium	Cell_4112	1
Cell_4113	1	1	NA	-4.53981591013325	-3.97145487566868	0.735965776024386	Medium	Cell_4113	1
Cell_4114	3	1	NA	2.72760610290982	7.42374452101907	0.799178852816112	Medium	Cell_4114	1
Cell_4115	1	1	NA	0.314831214184043	-1.19346908223756	0.863099915557541	High	Cell_4115	1
Cell_4116	1	1	NA	-7.16784427825086	-4.0447077417466	0.677999865496531	Medium	Cell_4116	1
Cell_4117	1	1	NA	-1.02251295610814	0.461650733491618	0.79323922493495	Medium	Cell_4117	1
Cell_4118	2	1	NA	5.00927032909312	3.71101250513578	0.758301793946885	Medium	Cell_4118	1
Cell_4119	1	1	NA	3.81366791756663	-7.62211656047362	0.79675734473858	Medium	Cell_4119	1
Cell_412	3	1	NA	3.05563082628448	7.18521051483226	0.915784299024381	High	Cell_412	1
Cell_4120	2	1	NA	4.36562843282819	1.84065407023604	0.94413479231298	High	Cell_4120	1
Cell_4121	1	1	NA	-4.70410777209804	-4.58002789420581	0.933563777944073	High	Cell_4121	1
Cell_4122	2	1	NA	3.79087887565794	4.89008681940347	0.915600684820674	High	Cell_4122	1
Cell_4123	1	1	NA	-1.80018707307084	-0.505048065902761	0.580859055626206	Low	Cell_4123	1
Cell_4124	2	1	NA	3.18777455389948	2.95993573662049	0.665698872646317	Low	Cell_4124	1
Cell_4125	1	1	NA	0.349700665028787	-3.35284006176128	0.963086227537133	High	Cell_4125	1
Cell_4126	2	1	NA	3.89395648690642	5.64644823704467	0.962519560591318	High	Cell_4126	1
Cell_4127	2	1	NA	3.85131612658097	0.748580159506469	0.818248769035563	Medium	Cell_4127	1
Cell_4128	2	1	NA	3.74051120069805	4.07292374001525	0.896454919711687	High	Cell_4128	1
Cell_4129	1	1	NA	-2.23404200114593	-3.50937490565754	0.785873178974725	Medium	Cell_4129	1
Cell_413	1	1	NA	3.76155445895527	-7.53037327893252	0.607586041325703	Low	Cell_413	1
Cell_4130	1	1	NA	-2.46266375758668	-3.30836333888304	0.519687843159772	Low	Cell_4130	1
Cell_4131	2	1	NA	1.98458044763899	-0.358945240071353	0.643828621949069	Low	Cell_4131	1
Cell_4132	1	1	NA	-5.33881821467649	-4.04975873304802	0.740420794230886	Medium	Cell_4132	1
Cell_4133	1	1	NA	0.587212491491834	-3.09268579235792	0.71745687618386	Medium	Cell_4133	1
Cell_4134	1	1	NA	-5.00909052039032	-3.84229845846712	0.966234943596646	High	Cell_4134	1
Cell_4135	2	1	NA	2.46611639857311	0.193566190610853	0.822840292821638	Medium	Cell_4135	1
Cell_4136	1	1	NA	-4.31930866782322	-4.3851789607582	0.500414481852204	Low	Cell_4136	1
Cell_4137	2	1	NA	3.59911708678584	0.521899874408783	0.509761205408722	Low	Cell_4137	1
Cell_4138	2	1	NA	4.29536022702996	3.39689569093216	0.648487284663133	Low	Cell_4138	1
Cell_4139	3	1	NA	1.68285154262871	7.96400682950144	0.636873098905198	Low	Cell_4139	1
Cell_414	2	1	NA	1.76675158437214	-0.1130866835875	0.748974468093365	Medium	Cell_414	1
Cell_4140	2	1	NA	1.37336243643537	-0.372176603917113	0.914735669619404	High	Cell_4140	1
Cell_4141	1	1	NA	0.151257138876153	-2.17524689794556	0.860529711470008	High	Cell_4141	1
Cell_4142	2	1	NA	2.73564342265554	2.6096653484521	0.840277944225818	High	Cell_4142	1
Cell_4143	1	1	NA	-1.63372704425309	-0.685476380466587	0.692097446299158	Medium	Cell_4143	1
Cell_4144	3	1	NA	0.520542502212207	8.82817407040544	0.592636733548716	Low	Cell_4144	1
Cell_4145	1	1	NA	-0.666034912595201	-2.12997529068941	0.605851302738301	Low	Cell_4145	1
Cell_4146	1	1	NA	-4.62986646046245	-4.28518938798272	0.851846077363007	High	Cell_4146	1
Cell_4147	1	1	NA	-3.33216716874107	-3.71622216039345	0.631243887357414	Low	Cell_4147	1
Cell_4148	1	1	NA	-2.98166723210574	-2.09915041875768	0.613174319732934	Low	Cell_4148	1
Cell_4149	3	1	NA	2.79896834412721	6.1703032106586	0.796593147679232	Medium	Cell_4149	1
Cell_415	3	1	NA	0.408687625341573	8.93919059752809	0.638024836312979	Low	Cell_415	1
Cell_4150	1	1	NA	-0.383265003114024	-1.28720321676607	0.57368535362184	Low	Cell_4150	1
Cell_4151	3	1	NA	2.82328940864892	7.19163098518326	0.52552104939241	Low	Cell_4151	1
Cell_4152	1	1	NA	-2.98900977040147	-3.5724310224835	0.506942514679395	Low	Cell_4152	1
Cell_4153	3	1	NA	1.06938560132062	8.71393781927789	0.904092750162818	High	Cell_4153	1
Cell_4154	1	1	NA	-4.64345593197144	-3.69268539750028	0.901282264967449	High	Cell_4154	1
Cell_4155	1	1	NA	0.877859388275919	-1.70518127192885	0.507521911873482	Low	Cell_4155	1
Cell_4156	2	1	NA	4.07840239693984	2.61993941903326	0.797647359315306	Medium	Cell_4156	1
Cell_4157	2	1	NA	4.45775103335927	2.5423866642786	0.653681394876912	Low	Cell_4157	1
Cell_4158	2	1	NA	3.92812423692566	3.25478991710373	0.803055434953421	Medium	Cell_4158	1
Cell_4159	2	1	NA	3.77936257206694	4.27233324041277	0.607793761184439	Low	Cell_4159	1
Cell_416	2	1	NA	3.97359380831167	2.5139810134627	0.596011659363285	Low	Cell_416	1
Cell_4160	1	1	NA	-0.975817993578879	-0.56513625011767	0.973934670328163	High	Cell_4160	1
Cell_4161	1	1	NA	0.503827782085275	-0.715889308207913	0.552952833473682	Low	Cell_4161	1
Cell_4162	2	1	NA	3.0601721973152	1.74354362926043	0.559745433856733	Low	Cell_4162	1
Cell_4163	1	1	NA	-5.45473809239452	-3.51557043060519	0.570268779876642	Low	Cell_4163	1
Cell_4164	1	1	NA	-2.02145600042917	-3.43227730660648	0.646427683182992	Low	Cell_4164	1
Cell_4165	1	1	NA	-8.94658374505781	-3.8361841929971	0.799368118168786	Medium	Cell_4165	1
Cell_4166	1	1	NA	0.0292902129322659	-3.18123510455581	0.604517260799184	Low	Cell_4166	1
Cell_4167	2	1	NA	4.41516951085433	2.44057705116345	0.726165537489578	Medium	Cell_4167	1
Cell_4168	1	1	NA	-2.24575626567781	-2.64995308906988	0.726414719829336	Medium	Cell_4168	1
Cell_4169	1	1	NA	-5.44599790937229	-4.05808358454296	0.690881714224815	Medium	Cell_4169	1
Cell_417	1	1	NA	-0.599739268135193	-2.89726267922009	0.975310632027686	High	Cell_417	1
Cell_4170	2	1	NA	3.31657042456373	2.24778948112959	0.993786605773494	High	Cell_4170	1
Cell_4171	2	1	NA	4.27540315722079	5.38418397634525	0.505074896500446	Low	Cell_4171	1
Cell_4172	1	1	NA	-4.74590797647531	-3.460315735287	0.932743470417336	High	Cell_4172	1
Cell_4173	1	1	NA	-5.77341904700892	-4.13518175568187	0.546349138021469	Low	Cell_4173	1
Cell_4174	2	1	NA	3.06843317846372	-0.297511162247679	0.591046235174872	Low	Cell_4174	1
Cell_4175	1	1	NA	3.75312294071404	-8.08477535186466	0.723883091355674	Medium	Cell_4175	1
Cell_4176	1	1	NA	-8.43137207364991	-3.66004104893534	0.864545031334274	High	Cell_4176	1
Cell_4177	3	1	NA	2.1761356536779	7.72229808438398	0.594981161877513	Low	Cell_4177	1
Cell_4178	2	1	NA	1.72790102046206	-0.653236859580314	0.569655714905821	Low	Cell_4178	1
Cell_4179	2	1	NA	3.16154333401453	-0.735237275462233	0.60639631212689	Low	Cell_4179	1
Cell_418	3	1	NA	3.03150740288323	6.06382391101555	0.660862768883817	Low	Cell_418	1
Cell_4180	1	1	NA	0.591091470681769	-2.56704427216135	0.58436411281582	Low	Cell_4180	1
Cell_4181	3	1	NA	0.876611365056459	8.75387150426007	0.926517668412998	High	Cell_4181	1
Cell_4182	2	1	NA	1.38291893028374	0.308135093849303	0.870007798424922	High	Cell_4182	1
Cell_4183	1	1	NA	-3.77220158342973	-2.51973241119087	0.784845659974962	Medium	Cell_4183	1
Cell_4184	1	1	NA	0.507369220243765	-1.96755156169091	0.927668096264824	High	Cell_4184	1
Cell_4185	1	1	NA	0.0777653578991908	-0.218707722177019	0.574139321106486	Low	Cell_4185	1
Cell_4186	1	1	NA	0.148474529964365	0.424276922074724	0.688728555222042	Medium	Cell_4186	1
Cell_4187	2	1	NA	3.24502924414296	5.16965674549328	0.659821737324819	Low	Cell_4187	1
Cell_4188	2	1	NA	3.73156521371346	2.66869019492938	0.514965969254263	Low	Cell_4188	1
Cell_4189	1	1	NA	-7.24308637979844	-3.81810404787245	0.693929523113184	Medium	Cell_4189	1
Cell_419	2	1	NA	2.08923456135459	0.195542955552767	0.73922819190193	Medium	Cell_419	1
Cell_4190	1	1	NA	-8.59386787039415	-3.729052129962	0.854719512281008	High	Cell_4190	1
Cell_4191	2	1	NA	2.86730364088817	0.0439057495153876	0.624079394037835	Low	Cell_4191	1
Cell_4192	2	1	NA	4.03479910613805	2.20588750838252	0.823950182064436	Medium	Cell_4192	1
Cell_4193	3	1	NA	1.87515272589992	8.19565432566121	0.583754760678858	Low	Cell_4193	1
Cell_4194	1	1	NA	3.77314571646557	-8.04171666137743	0.8861963392701	High	Cell_4194	1
Cell_4195	1	1	NA	-5.84504122021615	-4.19605052893388	0.739671202842146	Medium	Cell_4195	1
Cell_4196	1	1	NA	-6.17895766198476	-4.58961168378968	0.530185127397999	Low	Cell_4196	1
Cell_4197	1	1	NA	-0.03832882779696	-1.75919925217363	0.885356152197346	High	Cell_4197	1
Cell_4198	1	1	NA	-2.38969636811259	-3.14062535296953	0.93850583024323	High	Cell_4198	1
Cell_4199	1	1	NA	0.732280769156704	-0.49258721586776	0.794865293428302	Medium	Cell_4199	1
Cell_42	1	1	NA	-5.02720601013493	-4.58391738904743	0.70727316790726	Medium	Cell_42	1
Cell_420	1	1	NA	-2.87949312000238	-2.01271970501971	0.51399628596846	Low	Cell_420	1
Cell_4200	1	1	NA	-9.04052251426509	-3.94549863939463	0.804883859236725	Medium	Cell_4200	1
Cell_4201	1	1	NA	2.15570019865069	-2.70632602584489	0.710341401863843	Medium	Cell_4201	1
Cell_4202	1	1	NA	-6.26044848246044	-4.5334638616966	0.524257330340333	Low	Cell_4202	1
Cell_4203	3	1	NA	-0.474289019913399	9.1149081614098	0.825462733278982	Medium	Cell_4203	1
Cell_4204	1	1	NA	-1.90199107572272	-2.39537096663588	0.750948797678575	Medium	Cell_4204	1
Cell_4205	1	1	NA	-8.61068447205327	-4.35582689892838	0.893189262482338	High	Cell_4205	1
Cell_4206	1	1	NA	-6.6334203583827	-4.46085866714416	0.773513279156759	Medium	Cell_4206	1
Cell_4207	2	1	NA	3.22020952924813	1.79931563436271	0.722063479945064	Medium	Cell_4207	1
Cell_4208	1	1	NA	0.361637121460811	-1.62614375534344	0.918898698757403	High	Cell_4208	1
Cell_4209	1	1	NA	-4.33074972868541	-4.42093685776348	0.837867486989126	High	Cell_4209	1
Cell_421	1	1	NA	-2.94751109509285	-3.2786150603412	0.773729734006338	Medium	Cell_421	1
Cell_4210	2	1	NA	2.74764693277534	-1.22213072045147	0.52583094604779	Low	Cell_4210	1
Cell_4211	3	1	NA	-0.0522301214266325	9.05381510051362	0.562992976862006	Low	Cell_4211	1
Cell_4212	1	1	NA	-8.8957646924335	-4.10450716485854	0.913186029298231	High	Cell_4212	1
Cell_4213	1	1	NA	-5.3903500725342	-3.92596024207801	0.700714372214861	Medium	Cell_4213	1
Cell_4214	1	1	NA	-5.48207258943047	-4.53010048834817	0.752538995584473	Medium	Cell_4214	1
Cell_4215	1	1	NA	2.26043449867961	-2.53893133461532	0.668566891690716	Medium	Cell_4215	1
Cell_4216	1	1	NA	1.6321053636101	-1.95878533222899	0.81192003574688	Medium	Cell_4216	1
Cell_4217	1	1	NA	1.67430717926224	-1.77940712582565	0.78878180985339	Medium	Cell_4217	1
Cell_4218	2	1	NA	1.84620338497674	0.737702963700292	0.611124025541358	Low	Cell_4218	1
Cell_4219	1	1	NA	-5.90846757178185	-3.51000476903544	0.819786846404895	Medium	Cell_4219	1
Cell_422	2	1	NA	3.03548654206306	0.17388605791261	0.822120110271499	Medium	Cell_422	1
Cell_4220	3	1	NA	3.40570815988156	5.96614338360036	0.678372457856312	Medium	Cell_4220	1
Cell_4221	2	1	NA	3.50256650578059	2.44798088756793	0.725404437980615	Medium	Cell_4221	1
Cell_4222	2	1	NA	3.72509100650216	4.72088977455614	0.700345909572206	Medium	Cell_4222	1
Cell_4223	1	1	NA	-5.61322197804663	-3.53154862745509	0.610887211514637	Low	Cell_4223	1
Cell_4224	1	1	NA	-1.19704208970695	-4.8754221674219	0.623937499942258	Low	Cell_4224	1
Cell_4225	1	1	NA	-3.28076253868984	-3.44531570084108	0.588129766401835	Low	Cell_4225	1
Cell_4226	3	1	NA	1.53490921413494	8.4675903354622	0.716153475339524	Medium	Cell_4226	1
Cell_4227	3	1	NA	-0.491090317802298	9.12070027336708	0.804846812039614	Medium	Cell_4227	1
Cell_4228	2	1	NA	2.36353096045126	1.09573799018894	0.704527360852808	Medium	Cell_4228	1
Cell_4229	2	1	NA	2.42693149233727	-0.415488837022351	0.956291737034917	High	Cell_4229	1
Cell_423	1	1	NA	-7.53653892322188	-4.15571285939926	0.798131772316992	Medium	Cell_423	1
Cell_4230	2	1	NA	5.17534094700307	3.50975302919927	0.64052442938555	Low	Cell_4230	1
Cell_4231	3	1	NA	2.15202895607965	8.06311445027986	0.607800624682568	Low	Cell_4231	1
Cell_4232	1	1	NA	-1.33279806193526	-1.94102479953324	0.776210079551674	Medium	Cell_4232	1
Cell_4233	2	1	NA	3.88177540256352	5.11556298054537	0.675096644670703	Medium	Cell_4233	1
Cell_4234	1	1	NA	-2.41780628288837	-2.05747680808511	0.969023211160675	High	Cell_4234	1
Cell_4235	1	1	NA	-0.987692633456147	-0.910785003251911	0.814778552623466	Medium	Cell_4235	1
Cell_4236	3	1	NA	1.72188126399796	8.01262325541404	0.71848983631935	Medium	Cell_4236	1
Cell_4237	2	1	NA	2.24296384013114	0.676283876188115	0.644788575009443	Low	Cell_4237	1
Cell_4238	1	1	NA	-7.39381367452912	-4.30917371442765	0.518331575556658	Low	Cell_4238	1
Cell_4239	2	1	NA	3.75791904856509	4.00860092278089	0.774190567084588	Medium	Cell_4239	1
Cell_424	2	1	NA	3.77438934481444	1.49475852295254	0.660968687850982	Low	Cell_424	1
Cell_4240	1	1	NA	0.765606259987102	-3.43781006202835	0.660187032073736	Low	Cell_4240	1
Cell_4241	1	1	NA	-5.91472719444186	-4.27108471493485	0.740509530645795	Medium	Cell_4241	1
Cell_4242	1	1	NA	-1.84066636023085	-1.90879026456197	0.904653436969966	High	Cell_4242	1
Cell_4243	1	1	NA	-5.48548299626726	-4.04429353702678	0.609400113346055	Low	Cell_4243	1
Cell_4244	2	1	NA	3.75334576198052	3.4511171445498	0.544688158086501	Low	Cell_4244	1
Cell_4245	2	1	NA	4.27033791084875	2.23658801312005	0.898568899021484	High	Cell_4245	1
Cell_4246	1	1	NA	-2.47449330644513	-0.756052676270838	0.587203535134904	Low	Cell_4246	1
Cell_4247	2	1	NA	3.42554195957338	0.0896547610874839	0.900654741912149	High	Cell_4247	1
Cell_4248	1	1	NA	-5.28256955044553	-3.59969100803134	0.51847110723611	Low	Cell_4248	1
Cell_4249	1	1	NA	-4.47137573816909	-3.52432101756076	0.923557653091848	High	Cell_4249	1
Cell_425	1	1	NA	-0.468948130252025	-2.38105236303822	0.94555715622846	High	Cell_425	1
Cell_4250	1	1	NA	-0.154543854036922	-1.733467152658	0.910819605342112	High	Cell_4250	1
Cell_4251	1	1	NA	0.560835065639464	-3.19199434089491	0.948800208978355	High	Cell_4251	1
Cell_4252	1	1	NA	-1.44687696970043	-0.484581291256701	0.687148442491889	Medium	Cell_4252	1
Cell_4253	2	1	NA	2.05706610710207	-1.40328906217225	0.653150673722848	Low	Cell_4253	1
Cell_4254	1	1	NA	-3.25285732049895	-2.2667491099724	0.959482029196806	High	Cell_4254	1
Cell_4255	1	1	NA	-1.96857757079314	-0.924480743200023	0.660575628629886	Low	Cell_4255	1
Cell_4256	2	1	NA	3.88056472579793	3.8219634085169	0.962658726260997	High	Cell_4256	1
Cell_4257	3	1	NA	0.925752897190627	8.78516965730197	0.80151889892295	Medium	Cell_4257	1
Cell_4258	2	1	NA	3.44541750816888	2.66596730324342	0.790582259069197	Medium	Cell_4258	1
Cell_4259	1	1	NA	-1.55954734607948	-0.681456520071306	0.867839600192383	High	Cell_4259	1
Cell_426	1	1	NA	0.923355974499496	-0.321768858127757	0.813128473702818	Medium	Cell_426	1
Cell_4260	1	1	NA	-4.7809036611549	-4.13480738406238	0.699839349719696	Medium	Cell_4260	1
Cell_4261	1	1	NA	-6.31522436060677	-4.58024336976661	0.683534517884254	Medium	Cell_4261	1
Cell_4262	2	1	NA	2.5351987223493	0.572604787499485	0.715605685603805	Medium	Cell_4262	1
Cell_4263	2	1	NA	3.76034632205944	1.20903060840947	0.668010924011469	Medium	Cell_4263	1
Cell_4264	3	1	NA	2.95640288954468	7.31568539970979	0.849043396185152	High	Cell_4264	1
Cell_4265	1	1	NA	-3.57589753576492	-2.87011647580446	0.634099088609219	Low	Cell_4265	1
Cell_4266	1	1	NA	0.195155393350313	-0.754969684092087	0.92674620100297	High	Cell_4266	1
Cell_4267	3	1	NA	-1.03980923091556	9.26717578370048	0.965428353752941	High	Cell_4267	1
Cell_4268	3	1	NA	1.01616585027741	8.76976022852446	0.73234601598233	Medium	Cell_4268	1
Cell_4269	1	1	NA	-7.31426719184474	-4.60789677839171	0.503033985733055	Low	Cell_4269	1
Cell_427	1	1	NA	0.722476806498776	-0.405789261586959	0.651452457648702	Low	Cell_427	1
Cell_4270	2	1	NA	1.45399362338204	-0.498974312106904	0.970405441825278	High	Cell_4270	1
Cell_4271	1	1	NA	1.60274242808054	-3.76277153192011	0.716728813829832	Medium	Cell_4271	1
Cell_4272	1	1	NA	-8.1627246065661	-3.68581055540281	0.916600625030696	High	Cell_4272	1
Cell_4273	2	1	NA	4.20695359658586	3.8228315464245	0.757620513322763	Medium	Cell_4273	1
Cell_4274	3	1	NA	1.33231473568594	8.35604500256642	0.740019097924232	Medium	Cell_4274	1
Cell_4275	2	1	NA	4.19938939855772	2.81578403079586	0.572330563561991	Low	Cell_4275	1
Cell_4276	2	1	NA	1.38389830775511	-0.96413891387098	0.528972877655178	Low	Cell_4276	1
Cell_4277	1	1	NA	1.55370499627324	-1.66318553976896	0.82501952489838	Medium	Cell_4277	1
Cell_4278	1	1	NA	-1.48658216305582	-3.12480505550491	0.686776891350746	Medium	Cell_4278	1
Cell_4279	1	1	NA	0.127002762086081	0.455129454099877	0.5122932754457	Low	Cell_4279	1
Cell_428	2	1	NA	1.67873692055466	0.594913402756212	0.694102331879549	Medium	Cell_428	1
Cell_4280	3	1	NA	2.5036046131199	7.39721520262789	0.537416732055135	Low	Cell_4280	1
Cell_4281	1	1	NA	0.666555748201255	-0.282680073305346	0.91510163876228	High	Cell_4281	1
Cell_4282	1	1	NA	-1.19217113302466	-4.22242516424622	0.867147152661346	High	Cell_4282	1
Cell_4283	1	1	NA	4.19726826333236	0.0917509584077235	0.524060067837127	Low	Cell_4283	1
Cell_4284	1	1	NA	-0.732205146482559	-2.47444771431528	0.862538101384416	High	Cell_4284	1
Cell_4285	1	1	NA	-1.0928203710905	-1.48067141266053	0.506903358735144	Low	Cell_4285	1
Cell_4286	2	1	NA	2.50956699258963	0.895534318771981	0.805478255846538	Medium	Cell_4286	1
Cell_4287	1	1	NA	-5.30459522991677	-4.19653195496426	0.611281801713631	Low	Cell_4287	1
Cell_4288	3	1	NA	-1.86265444515541	9.39205929939443	0.810245654778555	Medium	Cell_4288	1
Cell_4289	3	1	NA	-0.333990741218719	9.08927679044584	0.782189365127124	Medium	Cell_4289	1
Cell_429	3	1	NA	1.37454175226122	8.62767949000135	0.580237546237186	Low	Cell_429	1
Cell_4290	2	1	NA	4.2285598011753	4.21321405069821	0.753734786529094	Medium	Cell_4290	1
Cell_4291	1	1	NA	-1.39720098975734	-2.06696023345643	0.628670108737424	Low	Cell_4291	1
Cell_4292	1	1	NA	0.140598589402674	-0.413542110230468	0.679453794378787	Medium	Cell_4292	1
Cell_4293	2	1	NA	3.13562309954092	0.284918104498596	0.643991468590684	Low	Cell_4293	1
Cell_4294	2	1	NA	3.7284514522704	1.06071190588283	0.595006448100321	Low	Cell_4294	1
Cell_4295	1	1	NA	-6.17671526836864	-3.58071748995841	0.815255111432634	Medium	Cell_4295	1
Cell_4296	1	1	NA	-7.00654552175898	-4.01451259145599	0.505385745433159	Low	Cell_4296	1
Cell_4297	3	1	NA	-0.998112334950914	9.23114140297456	0.572411226807162	Low	Cell_4297	1
Cell_4298	2	1	NA	2.32515748697158	-1.3295249378176	0.754684082814492	Medium	Cell_4298	1
Cell_4299	1	1	NA	-2.01419847786916	-0.570896071752449	0.732896505040117	Medium	Cell_4299	1
Cell_43	2	1	NA	1.95860750444224	-1.59312245573991	0.706862163147889	Medium	Cell_43	1
Cell_430	1	1	NA	-3.7098658415373	-3.84941009426178	0.931275948765688	High	Cell_430	1
Cell_4300	1	1	NA	-3.6047398606456	-2.42338989017053	0.760522223892622	Medium	Cell_4300	1
Cell_4301	1	1	NA	-4.22667803811641	-2.91765335963898	0.845367179950699	High	Cell_4301	1
Cell_4302	1	1	NA	-2.5754419594045	-2.85187402636639	0.999970678240061	High	Cell_4302	1
Cell_4303	1	1	NA	-6.2651646004294	-4.00993874840499	0.974434742936864	High	Cell_4303	1
Cell_4304	2	1	NA	1.69032821226452	0.640356988363475	0.976224702317268	High	Cell_4304	1
Cell_4305	2	1	NA	3.7120964289622	1.76215710777238	0.842095702653751	High	Cell_4305	1
Cell_4306	1	1	NA	3.69717443069191	-8.11480250537969	0.868073525023647	High	Cell_4306	1
Cell_4307	1	1	NA	-2.40509929451421	-3.73049254649024	0.978402830078267	High	Cell_4307	1
Cell_4308	2	1	NA	2.59699000199003	0.137086626763966	0.603630110621452	Low	Cell_4308	1
Cell_4309	2	1	NA	3.01257584048734	1.02114805947096	0.837391624925658	High	Cell_4309	1
Cell_431	1	1	NA	3.79217732752643	-8.04881619169167	0.976550606894307	High	Cell_431	1
Cell_4310	1	1	NA	0.0711271514446197	-2.31442011430659	0.548840622766875	Low	Cell_4310	1
Cell_4311	1	1	NA	-5.66735892053934	-4.35222932449088	0.749353487160988	Medium	Cell_4311	1
Cell_4312	3	1	NA	1.02022091490816	8.7096766823056	0.879025316564366	High	Cell_4312	1
Cell_4313	1	1	NA	1.85948880252715	-2.72816147593762	0.50600929139182	Low	Cell_4313	1
Cell_4314	1	1	NA	-6.91918366478788	-3.70597070772377	0.579938122071326	Low	Cell_4314	1
Cell_4315	2	1	NA	3.44897538708005	2.20546493300682	0.55517597310245	Low	Cell_4315	1
Cell_4316	1	1	NA	-1.7018077603924	-2.85417052862934	0.90149508905597	High	Cell_4316	1
Cell_4317	1	1	NA	-2.21953128446094	-3.42180470663613	0.687438713386655	Medium	Cell_4317	1
Cell_4318	3	1	NA	1.53829925863702	7.95045157788787	0.815319307730533	Medium	Cell_4318	1
Cell_4319	1	1	NA	-9.2915551217853	-4.22510864498501	0.880925672827289	High	Cell_4319	1
Cell_432	2	1	NA	2.65814002753497	1.0189656192704	0.781822341727093	Medium	Cell_432	1
Cell_4320	2	1	NA	2.23707223685434	-0.748253249936622	0.624309896025807	Low	Cell_4320	1
Cell_4321	1	1	NA	0.458891594106073	-2.5463703308922	0.686765916179866	Medium	Cell_4321	1
Cell_4322	1	1	NA	-6.13458726284877	-3.59146360198695	0.669737596763298	Medium	Cell_4322	1
Cell_4323	2	1	NA	3.87076447746237	3.7285242267859	0.853329175850376	High	Cell_4323	1
Cell_4324	2	1	NA	1.58100661066068	0.987990947142157	0.785831478890032	Medium	Cell_4324	1
Cell_4325	2	1	NA	1.88226604710363	-0.67672681974998	0.571853543398902	Low	Cell_4325	1
Cell_4326	1	1	NA	-3.08486798890178	-3.1268877119086	0.648328713607043	Low	Cell_4326	1
Cell_4327	2	1	NA	3.77952498520886	3.21597724374792	0.695996235474013	Medium	Cell_4327	1
Cell_4328	2	1	NA	3.52434908473702	2.87451424514472	0.761101494194008	Medium	Cell_4328	1
Cell_4329	2	1	NA	3.89972132530462	4.29717600995652	0.792949090478942	Medium	Cell_4329	1
Cell_433	1	1	NA	-5.84879750179044	-3.83057632390243	0.664773706695996	Low	Cell_433	1
Cell_4330	2	1	NA	2.41181366751999	-1.03599616315181	0.654538091854192	Low	Cell_4330	1
Cell_4331	1	1	NA	0.0714489569801082	-1.77480656054239	0.679826639010571	Medium	Cell_4331	1
Cell_4332	1	1	NA	-2.34676988724117	-1.93640665204933	0.964654286624864	High	Cell_4332	1
Cell_4333	3	1	NA	2.1198839562673	8.10434574616898	0.772459003259428	Medium	Cell_4333	1
Cell_4334	1	1	NA	-4.34974156367807	-4.01707362549497	0.794512761523947	Medium	Cell_4334	1
Cell_4335	2	1	NA	3.70197613210996	3.70361302907907	0.625595267745666	Low	Cell_4335	1
Cell_4336	2	1	NA	4.37590872293416	1.80300449401179	0.694383597699925	Medium	Cell_4336	1
Cell_4337	1	1	NA	-6.40802805268897	-3.90556697258761	0.822963127982803	Medium	Cell_4337	1
Cell_4338	3	1	NA	-0.238633288297571	9.04866953229845	0.682633026735857	Medium	Cell_4338	1
Cell_4339	3	1	NA	3.07818807045999	6.82680645460044	0.733849575044587	Medium	Cell_4339	1
Cell_434	1	1	NA	-1.90877224404063	-0.868727690132336	0.998308609356172	High	Cell_434	1
Cell_4340	1	1	NA	2.29349572226477	-2.71477613089042	0.588509045308456	Low	Cell_4340	1
Cell_4341	1	1	NA	1.37173715656806	-1.57225477874145	0.740618474432267	Medium	Cell_4341	1
Cell_4342	1	1	NA	-1.86691792679808	-0.0851256184157348	0.965790124726482	High	Cell_4342	1
Cell_4343	3	1	NA	1.06885387069315	8.69876421652406	0.512830214924179	Low	Cell_4343	1
Cell_4344	1	1	NA	-4.09407292697933	-3.03813544500245	0.69159195094835	Medium	Cell_4344	1
Cell_4345	1	1	NA	-5.97015210815616	-4.23652362946457	0.625130510772578	Low	Cell_4345	1
Cell_4346	2	1	NA	3.98398244789833	2.16285159177042	0.788823411450721	Medium	Cell_4346	1
Cell_4347	1	1	NA	-2.04764357397236	-4.19283722012428	0.534079460194334	Low	Cell_4347	1
Cell_4348	1	1	NA	-1.11874384312238	-1.90365276157209	0.825182345346548	Medium	Cell_4348	1
Cell_4349	2	1	NA	3.47991950764604	2.04240312381376	0.527083968860097	Low	Cell_4349	1
Cell_435	2	1	NA	1.69594810935695	-0.155674563545593	0.617409837897867	Low	Cell_435	1
Cell_4350	2	1	NA	1.76041030352631	-0.353950036146449	0.64553186215926	Low	Cell_4350	1
Cell_4351	1	1	NA	3.81519051700276	-7.86285417638522	0.655347185442224	Low	Cell_4351	1
Cell_4352	1	1	NA	-1.8124470369264	-2.3616211143673	0.720846413518302	Medium	Cell_4352	1
Cell_4353	2	1	NA	3.22318698377787	-0.380364021595137	0.71806304960046	Medium	Cell_4353	1
Cell_4354	3	1	NA	1.77560743452178	8.25398079924213	0.996089618653059	High	Cell_4354	1
Cell_4355	1	1	NA	-2.44404710116362	-3.75532089777863	0.805820810375735	Medium	Cell_4355	1
Cell_4356	1	1	NA	-4.48233887499632	-3.4362141648673	0.657500748871826	Low	Cell_4356	1
Cell_4357	3	1	NA	3.53045216347861	5.76501437074371	0.93121066968888	High	Cell_4357	1
Cell_4358	1	1	NA	-0.810516916882844	-2.68338587502646	0.668847949476913	Medium	Cell_4358	1
Cell_4359	1	1	NA	0.388387983531778	-2.34531818666716	0.835811696946621	High	Cell_4359	1
Cell_436	2	1	NA	2.86738954074976	0.657958391004361	0.806335982633755	Medium	Cell_436	1
Cell_4360	1	1	NA	-0.275814055332646	-0.894101151244722	0.949757544090971	High	Cell_4360	1
Cell_4361	1	1	NA	-6.69191287127261	-4.26169886717126	0.92212389560882	High	Cell_4361	1
Cell_4362	2	1	NA	3.52304299604736	4.84270268376272	0.544799715979025	Low	Cell_4362	1
Cell_4363	2	1	NA	1.88349361547704	0.869885987015267	0.649668158264831	Low	Cell_4363	1
Cell_4364	3	1	NA	1.7332351490261	8.18387554369333	0.765434268745594	Medium	Cell_4364	1
Cell_4365	1	1	NA	0.235941977710032	-0.412474977969175	0.689550986862741	Medium	Cell_4365	1
Cell_4366	2	1	NA	1.62736033971587	0.113402373682881	0.922625433653593	High	Cell_4366	1
Cell_4367	1	1	NA	-0.08507311732548	0.205605177012686	0.930538283195347	High	Cell_4367	1
Cell_4368	1	1	NA	0.603472257116176	-3.07162885024621	0.840669141965918	High	Cell_4368	1
Cell_4369	1	1	NA	0.475203680464469	-3.11068474500796	0.75024079834111	Medium	Cell_4369	1
Cell_437	2	1	NA	4.16697040983757	4.85956523776192	0.554089264711365	Low	Cell_437	1
Cell_4370	1	1	NA	-1.25702089162197	-3.48694250226593	0.900474552880041	High	Cell_4370	1
Cell_4371	2	1	NA	2.25987302208301	-1.10957210911174	0.523227430647239	Low	Cell_4371	1
Cell_4372	1	1	NA	-1.09859882273334	-2.19657115202173	0.630889127729461	Low	Cell_4372	1
Cell_4373	1	1	NA	-5.65132196983695	-4.277759338472	0.599310726393014	Low	Cell_4373	1
Cell_4374	1	1	NA	-4.64617898710817	-4.49735118752013	0.908073909464292	High	Cell_4374	1
Cell_4375	1	1	NA	-0.393112960434452	-2.81172480551479	0.921587411430664	High	Cell_4375	1
Cell_4376	2	1	NA	2.67662577904309	-0.65380327376389	0.916403179755434	High	Cell_4376	1
Cell_4377	2	1	NA	4.14866816020036	3.9680065457668	0.635343384812586	Low	Cell_4377	1
Cell_4378	1	1	NA	0.502131182204601	-4.03542380315421	0.50974696141202	Low	Cell_4378	1
Cell_4379	1	1	NA	-1.57469502799187	-3.28847788813498	0.815300236339681	Medium	Cell_4379	1
Cell_438	3	1	NA	2.37872908343632	7.54164110302064	0.743516284972429	Medium	Cell_438	1
Cell_4380	1	1	NA	0.232622410265368	-3.36615391406592	0.87402913486585	High	Cell_4380	1
Cell_4381	1	1	NA	-1.06586001785694	-4.66081560587236	0.752836923580617	Medium	Cell_4381	1
Cell_4382	1	1	NA	-7.54888726087024	-4.20084747116065	0.682314833509736	Medium	Cell_4382	1
Cell_4383	3	1	NA	3.34127716579019	6.07565880277349	0.654910534271039	Low	Cell_4383	1
Cell_4384	2	1	NA	3.36959079475627	2.33079000780653	0.679802185972221	Medium	Cell_4384	1
Cell_4385	1	1	NA	-1.80617860335324	-3.79614355122375	0.681437151855789	Medium	Cell_4385	1
Cell_4386	2	1	NA	2.74313496748733	1.96211867755046	0.769324593944475	Medium	Cell_4386	1
Cell_4387	1	1	NA	-0.216752529960779	-2.3980440379457	0.826183825382032	Medium	Cell_4387	1
Cell_4388	2	1	NA	1.70056242010011	1.30054945208484	0.701705988612957	Medium	Cell_4388	1
Cell_4389	1	1	NA	2.48262489935159	-3.15992646534889	0.791500899125822	Medium	Cell_4389	1
Cell_439	2	1	NA	3.73069159063048	1.34363300006508	0.549722911673598	Low	Cell_439	1
Cell_4390	1	1	NA	-1.32812438827231	-2.57294383650822	0.847886730683967	High	Cell_4390	1
Cell_4391	2	1	NA	3.16630253228482	5.05307923525681	0.945761676179245	High	Cell_4391	1
Cell_4392	2	1	NA	4.11530743408755	2.34473043805354	0.973979562404566	High	Cell_4392	1
Cell_4393	1	1	NA	0.877620703630785	-2.56385382816788	0.710405382327735	Medium	Cell_4393	1
Cell_4394	1	1	NA	0.66479831484999	-1.48790218117685	0.818301960709505	Medium	Cell_4394	1
Cell_4395	3	1	NA	2.64369527329465	7.00793953089864	0.588974699494429	Low	Cell_4395	1
Cell_4396	1	1	NA	-1.3850609700579	-2.08310743897014	0.540158288669772	Low	Cell_4396	1
Cell_4397	1	1	NA	4.27423740254189	0.075832147918016	0.782941695884801	Medium	Cell_4397	1
Cell_4398	1	1	NA	-1.3387372898923	-1.80905228100317	0.90849467786029	High	Cell_4398	1
Cell_4399	2	1	NA	2.14482428124829	-1.47457672899841	0.879849483142607	High	Cell_4399	1
Cell_44	2	1	NA	1.70755049998656	-0.0135072361619488	0.684422725462355	Medium	Cell_44	1
Cell_440	1	1	NA	1.40573866040937	-2.882741880314	0.580582881346345	Low	Cell_440	1
Cell_4400	1	1	NA	-1.68561400022424	-0.650449770647981	0.785911974962801	Medium	Cell_4400	1
Cell_4401	2	1	NA	4.13748032644035	3.66170053145632	0.994377175928093	High	Cell_4401	1
Cell_4402	1	1	NA	-1.03509714619785	-4.66952475454953	0.997585756937042	High	Cell_4402	1
Cell_4403	3	1	NA	-1.71357658751228	9.35294628519834	0.660718720289879	Low	Cell_4403	1
Cell_4404	2	1	NA	2.63120647098597	0.0143630559794339	0.586008959682658	Low	Cell_4404	1
Cell_4405	1	1	NA	-1.82675001666547	-2.47698993640628	0.686039216467179	Medium	Cell_4405	1
Cell_4406	2	1	NA	1.72064445197354	1.38753546268717	0.769474458415061	Medium	Cell_4406	1
Cell_4407	1	1	NA	-3.63821818156259	-3.05802513343862	0.905622462043539	High	Cell_4407	1
Cell_4408	2	1	NA	4.21545809996369	4.07590905925188	0.849342314526439	High	Cell_4408	1
Cell_4409	2	1	NA	2.4955659379688	2.15863041402109	0.949976704316214	High	Cell_4409	1
Cell_441	1	1	NA	-1.95121827070302	-0.389501742860667	0.641496435389854	Low	Cell_441	1
Cell_4410	2	1	NA	1.30216883658118	-0.444612347721772	0.861629341728985	High	Cell_4410	1
Cell_4411	1	1	NA	-3.14415267278662	-2.44127363103164	0.627525022835471	Low	Cell_4411	1
Cell_4412	1	1	NA	-1.52533957320123	-3.73749782260871	0.654335832805373	Low	Cell_4412	1
Cell_4413	2	1	NA	2.58977761692576	0.474584213519684	0.873418681672774	High	Cell_4413	1
Cell_4414	1	1	NA	-3.84057040739121	-3.08865144222336	0.602623106096871	Low	Cell_4414	1
Cell_4415	1	1	NA	-6.75547921026279	-3.97506660348752	0.642991658067331	Low	Cell_4415	1
Cell_4416	1	1	NA	2.43432380529656	-2.56837137956687	0.94943540066015	High	Cell_4416	1
Cell_4417	1	1	NA	-1.42388155562532	-2.98259716061984	0.583990017767064	Low	Cell_4417	1
Cell_4418	3	1	NA	3.31375815211794	6.68918586955307	0.571798300021328	Low	Cell_4418	1
Cell_4419	2	1	NA	2.76238177520881	2.35410101037557	0.8667381539708	High	Cell_4419	1
Cell_442	1	1	NA	-0.0747947852295883	-0.723047968855982	0.791936167981476	Medium	Cell_442	1
Cell_4420	2	1	NA	3.6889154698378	2.32289308426498	0.771417817333713	Medium	Cell_4420	1
Cell_4421	1	1	NA	-4.47695908228408	-3.15147635927894	0.771203144337051	Medium	Cell_4421	1
Cell_4422	1	1	NA	-4.17428360253318	-4.04137036149738	0.851575888809748	High	Cell_4422	1
Cell_4423	1	1	NA	-5.74027354204746	-3.48521262452236	0.825742150191218	Medium	Cell_4423	1
Cell_4424	2	1	NA	2.81055664304162	0.0600788169685004	0.880603552679531	High	Cell_4424	1
Cell_4425	2	1	NA	3.88210930082811	4.41784843142133	0.640393779263832	Low	Cell_4425	1
Cell_4426	2	1	NA	1.86224570312128	0.143254386031372	0.992045497172512	High	Cell_4426	1
Cell_4427	2	1	NA	2.66114724660488	0.324544142013656	0.981835697661154	High	Cell_4427	1
Cell_4428	2	1	NA	3.83687955291151	4.51369842960569	0.514045117073692	Low	Cell_4428	1
Cell_4429	1	1	NA	3.79794470666889	-7.74180509562056	0.873533425736241	High	Cell_4429	1
Cell_443	1	1	NA	-1.6530284784785	-2.91279139335945	0.86585382942576	High	Cell_443	1
Cell_4430	1	1	NA	0.429886453784432	-2.47363445235632	0.683388339588419	Medium	Cell_4430	1
Cell_4431	2	1	NA	3.06661409150134	4.82342739664378	0.677026237826794	Medium	Cell_4431	1
Cell_4432	1	1	NA	-0.252506772069537	-1.63216139844706	0.509698350680992	Low	Cell_4432	1
Cell_4433	2	1	NA	2.60043363633504	-1.1814122557495	0.879446942359209	High	Cell_4433	1
Cell_4434	1	1	NA	-1.77507711691424	-0.150697508990645	0.57880917203147	Low	Cell_4434	1
Cell_4435	1	1	NA	-7.90940959771348	-4.49902725379622	0.556137837469578	Low	Cell_4435	1
Cell_4436	1	1	NA	1.14194448642805	-0.820552998102595	0.856906847446226	High	Cell_4436	1
Cell_4437	1	1	NA	-1.06483464854145	-2.72174392743491	0.722609476186335	Medium	Cell_4437	1
Cell_4438	2	1	NA	3.74740296664092	3.59143055798454	0.51307041128166	Low	Cell_4438	1
Cell_4439	1	1	NA	-0.349995134596321	-2.71028305877381	0.959872464416549	High	Cell_4439	1
Cell_444	1	1	NA	-1.38098952187681	0.26175039778908	0.582760455552489	Low	Cell_444	1
Cell_4440	1	1	NA	0.595827722535925	-4.28147909409075	0.892465180600993	High	Cell_4440	1
Cell_4441	3	1	NA	1.9907185880062	8.00866491114007	0.712554690893739	Medium	Cell_4441	1
Cell_4442	2	1	NA	2.8927619573464	1.38941630243589	0.564569277805276	Low	Cell_4442	1
Cell_4443	3	1	NA	2.63242058921827	7.24268576297847	0.909359008190222	High	Cell_4443	1
Cell_4444	2	1	NA	2.29506929901437	-0.880741156520712	0.858403363148682	High	Cell_4444	1
Cell_4445	1	1	NA	-0.707422012304464	-1.5871518488637	0.706093651708215	Medium	Cell_4445	1
Cell_4446	1	1	NA	-1.24688440473658	-2.60199949757148	0.587455851607956	Low	Cell_4446	1
Cell_4447	1	1	NA	-7.47812829696732	-4.12279138091081	0.505390072241426	Low	Cell_4447	1
Cell_4448	1	1	NA	0.660561180687477	-3.08221255884912	0.670451367273927	Medium	Cell_4448	1
Cell_4449	1	1	NA	1.10359175622022	0.0519497601525359	0.594686045544222	Low	Cell_4449	1
Cell_445	3	1	NA	2.22425572613923	7.87529300970059	0.933233881602064	High	Cell_445	1
Cell_4450	2	1	NA	3.8005059729362	4.80651424016383	0.781171265174635	Medium	Cell_4450	1
Cell_4451	1	1	NA	-2.30695028542814	-3.02729451281961	0.794064693152905	Medium	Cell_4451	1
Cell_4452	1	1	NA	-2.35344341912696	-0.768822158419775	0.640877937781624	Low	Cell_4452	1
Cell_4453	1	1	NA	2.51722700716059	-3.08140939765208	0.962994438479654	High	Cell_4453	1
Cell_4454	1	1	NA	1.21457812375179	-0.644194891775083	0.85201121494174	High	Cell_4454	1
Cell_4455	1	1	NA	-2.36478121745488	-0.798599666809178	0.638228014926426	Low	Cell_4455	1
Cell_4456	1	1	NA	-1.16594788466397	0.277714803678859	0.857590736006387	High	Cell_4456	1
Cell_4457	2	1	NA	3.32872491561127	4.67636883129426	0.804358951980248	Medium	Cell_4457	1
Cell_4458	2	1	NA	3.45119030663279	2.14243528036291	0.704107255092822	Medium	Cell_4458	1
Cell_4459	1	1	NA	-1.85195153823848	-2.22331230061554	0.583658834453672	Low	Cell_4459	1
Cell_446	3	1	NA	1.17595227605651	8.71323178703464	0.854287068592384	High	Cell_446	1
Cell_4460	1	1	NA	-1.66353507033243	-3.60623490285854	0.512231509434059	Low	Cell_4460	1
Cell_4461	1	1	NA	-2.78202325132041	-3.14708872781706	0.577353042899631	Low	Cell_4461	1
Cell_4462	2	1	NA	1.8292591352519	-0.845881780726115	0.793291203561239	Medium	Cell_4462	1
Cell_4463	2	1	NA	4.0012586862213	2.20484258921211	0.609242997830734	Low	Cell_4463	1
Cell_4464	3	1	NA	2.04255635717057	7.89820327187945	0.522195825120434	Low	Cell_4464	1
Cell_4465	1	1	NA	-4.21636966794279	-4.14170130396146	0.95725503040012	High	Cell_4465	1
Cell_4466	1	1	NA	-7.47635315470354	-4.21759114121297	0.935071703395806	High	Cell_4466	1
Cell_4467	1	1	NA	-6.56829723039764	-3.65524549713148	0.913235367042944	High	Cell_4467	1
Cell_4468	2	1	NA	4.27945744115504	2.81533342454309	0.804835382266901	Medium	Cell_4468	1
Cell_4469	2	1	NA	3.2728339745506	0.557168911180414	0.861815975396894	High	Cell_4469	1
Cell_447	3	1	NA	3.43800596499283	6.68491828760772	0.880199768114835	High	Cell_447	1
Cell_4470	3	1	NA	3.0547814734139	5.83345695455772	0.898441823199391	High	Cell_4470	1
Cell_4471	1	1	NA	1.07204770650427	-2.45382094131203	0.933836936135776	High	Cell_4471	1
Cell_4472	2	1	NA	3.7504105400181	4.56762575206899	0.850169885787182	High	Cell_4472	1
Cell_4473	1	1	NA	-5.6886893582917	-3.80894360856582	0.667813971987925	Medium	Cell_4473	1
Cell_4474	2	1	NA	1.44556262748247	0.657655854359935	0.748820240609348	Medium	Cell_4474	1
Cell_4475	1	1	NA	-3.83959791061802	-2.20466799399626	0.888123122858815	High	Cell_4475	1
Cell_4476	1	1	NA	-1.38385841743924	0.183544532470305	0.709579326910898	Medium	Cell_4476	1
Cell_4477	1	1	NA	-1.00519206807899	0.437977962971453	0.791510744253173	Medium	Cell_4477	1
Cell_4478	2	1	NA	4.16127835827857	4.59232441649599	0.650277011794969	Low	Cell_4478	1
Cell_4479	1	1	NA	-0.621999267279005	-2.8686796128685	0.573532917303964	Low	Cell_4479	1
Cell_448	2	1	NA	2.91543143032689	-0.0382059817096847	0.573542054276913	Low	Cell_448	1
Cell_4480	1	1	NA	-3.74399947429569	-2.34367252166234	0.637776949442923	Low	Cell_4480	1
Cell_4481	1	1	NA	-6.16285895464791	-4.59668855908547	0.601484621642157	Low	Cell_4481	1
Cell_4482	1	1	NA	0.594831524674398	-2.58536926361577	0.612597698811442	Low	Cell_4482	1
Cell_4483	1	1	NA	-1.65523142521177	-3.00049287967909	0.759979947819375	Medium	Cell_4483	1
Cell_4484	1	1	NA	0.803136248727614	-1.77015094783992	0.960311584407464	High	Cell_4484	1
Cell_4485	2	1	NA	1.92862269624115	0.877008486713631	0.790730026783422	Medium	Cell_4485	1
Cell_4486	1	1	NA	-3.72385479196789	-2.38735053763683	0.630750298849307	Low	Cell_4486	1
Cell_4487	1	1	NA	-0.780850930615022	-0.831908434589684	0.686984698288143	Medium	Cell_4487	1
Cell_4488	1	1	NA	-1.0240292197227	0.205411559938715	0.78176945168525	Medium	Cell_4488	1
Cell_4489	1	1	NA	-0.886885779842361	-4.69857009274626	0.579752880614251	Low	Cell_4489	1
Cell_449	2	1	NA	3.86906459606415	2.90143725171326	0.679028481710702	Medium	Cell_449	1
Cell_4490	2	1	NA	4.33351038908689	4.37244020575974	0.835401169839315	High	Cell_4490	1
Cell_4491	1	1	NA	-4.6799437789144	-3.10625666626888	0.509134440449998	Low	Cell_4491	1
Cell_4492	1	1	NA	-1.92901435275529	-0.00866091389376811	0.506194119807333	Low	Cell_4492	1
Cell_4493	1	1	NA	-0.872963765400011	-3.06958696579258	0.832333747064695	Medium	Cell_4493	1
Cell_4494	3	1	NA	3.51527303566098	6.49684626258292	0.602781862369739	Low	Cell_4494	1
Cell_4495	2	1	NA	1.99664371542287	-0.0170846672289787	0.691946584149264	Medium	Cell_4495	1
Cell_4496	1	1	NA	-1.02461805331896	-4.80704497666574	0.579751815763302	Low	Cell_4496	1
Cell_4497	1	1	NA	-0.78557384873299	-2.87796582468338	0.854276237194426	High	Cell_4497	1
Cell_4498	2	1	NA	3.28595712464174	2.52637208039295	0.807375429663807	Medium	Cell_4498	1
Cell_4499	1	1	NA	-2.74434974084256	-3.37696584128722	0.53053267521318	Low	Cell_4499	1
Cell_45	2	1	NA	2.55881035327496	-0.291774949263232	0.576222373871133	Low	Cell_45	1
Cell_450	1	1	NA	-3.36124918097039	-4.02195246049242	0.836666240706109	High	Cell_450	1
Cell_4500	1	1	NA	-1.17511577948399	-3.43424246969754	0.703127710847184	Medium	Cell_4500	1
Cell_4501	2	1	NA	2.4571579964806	-1.1613737649687	0.552520870929584	Low	Cell_4501	1
Cell_4502	1	1	NA	-1.25180604037341	-3.10820532907623	0.701252800412476	Medium	Cell_4502	1
Cell_4503	2	1	NA	3.70097495947249	5.11798565141948	0.727838293649256	Medium	Cell_4503	1
Cell_4504	1	1	NA	-4.1145994179166	-3.0834578455455	0.812322623212822	Medium	Cell_4504	1
Cell_4505	1	1	NA	-1.96323355034702	-0.460289969359017	0.539427640032955	Low	Cell_4505	1
Cell_4506	1	1	NA	1.14465305656163	-1.94185066056526	0.670991362305358	Medium	Cell_4506	1
Cell_4507	2	1	NA	3.56715072448764	0.953855727708248	0.511843145359308	Low	Cell_4507	1
Cell_4508	2	1	NA	2.98518192849004	0.193245429922946	0.67075821920298	Medium	Cell_4508	1
Cell_4509	3	1	NA	2.01235746713568	8.17508172407482	0.891680611646734	High	Cell_4509	1
Cell_451	1	1	NA	-5.23350476734793	-3.33337246486428	0.761911300825886	Medium	Cell_451	1
Cell_4510	2	1	NA	3.77141105335962	3.53517823772756	0.87060511589516	High	Cell_4510	1
Cell_4511	1	1	NA	0.929293127082765	-1.6656069833291	0.90808555460535	High	Cell_4511	1
Cell_452	1	1	NA	-2.23441372152825	-4.26566797890785	0.674900896381587	Medium	Cell_452	1
Cell_453	1	1	NA	1.61380608280029	-2.90709837274971	0.620265350793488	Low	Cell_453	1
Cell_454	2	1	NA	4.08031769790355	3.48008683370099	0.529095898149535	Low	Cell_454	1
Cell_455	3	1	NA	3.14729411542094	6.77441825563513	0.618309871060774	Low	Cell_455	1
Cell_456	1	1	NA	-1.86941272602526	-3.25505624470556	0.945038956589997	High	Cell_456	1
Cell_457	2	1	NA	2.83024722994567	0.91510219553935	0.90591370803304	High	Cell_457	1
Cell_458	1	1	NA	0.230955054167177	-2.32193637212565	0.873758161091246	High	Cell_458	1
Cell_459	1	1	NA	-3.78481211497661	-3.06451229869348	0.577455862890929	Low	Cell_459	1
Cell_46	2	1	NA	2.3992021930408	-0.803082349849259	0.569403031724505	Low	Cell_46	1
Cell_460	1	1	NA	1.2308888692711	-1.20491808847146	0.562371044303291	Low	Cell_460	1
Cell_461	2	1	NA	4.12823503246956	2.45814615295674	0.987362904241309	High	Cell_461	1
Cell_462	1	1	NA	-2.35304016132174	-3.23094045489283	0.718064998043701	Medium	Cell_462	1
Cell_463	1	1	NA	1.09304885828948	-0.571610050593032	0.732008313410915	Medium	Cell_463	1
Cell_464	1	1	NA	-8.65617799137413	-4.20193876431693	0.58264904061798	Low	Cell_464	1
Cell_465	1	1	NA	-1.87951217939368	-0.102380377004379	0.792468278668821	Medium	Cell_465	1
Cell_466	1	1	NA	1.27952102373933	-0.831566521553719	0.63538900972344	Low	Cell_466	1
Cell_467	2	1	NA	3.79385093334658	5.12003906901615	0.615048460196704	Low	Cell_467	1
Cell_468	2	1	NA	4.0576413868281	3.19730476909398	0.845603915746324	High	Cell_468	1
Cell_469	2	1	NA	4.11122573867249	2.16364342399431	0.641426199814305	Low	Cell_469	1
Cell_47	2	1	NA	3.31585818301104	3.48056310958089	0.616517049726099	Low	Cell_47	1
Cell_470	3	1	NA	3.26191140314896	6.4365846667937	0.905199033091776	High	Cell_470	1
Cell_471	2	1	NA	2.3621776621256	-0.982750782571982	0.54695830354467	Low	Cell_471	1
Cell_472	1	1	NA	-6.54751908849077	-3.63629695917106	0.911015035584569	High	Cell_472	1
Cell_473	2	1	NA	3.4737001889673	-0.126239034421685	0.71371414035093	Medium	Cell_473	1
Cell_474	1	1	NA	-3.67662689102304	-3.34383340555302	0.877943629864603	High	Cell_474	1
Cell_475	1	1	NA	-2.55076690408498	-2.95362175803728	0.831192753277719	Medium	Cell_475	1
Cell_476	1	1	NA	-1.58531219252024	-3.22623726947318	0.722263698466122	Medium	Cell_476	1
Cell_477	2	1	NA	3.21203094550215	0.333585243303953	0.813573092222214	Medium	Cell_477	1
Cell_478	2	1	NA	3.10871852617012	1.72157305739238	0.500232674530707	Low	Cell_478	1
Cell_479	2	1	NA	3.4502862509366	4.86480346119185	0.608621757011861	Low	Cell_479	1
Cell_48	2	1	NA	1.6930675848674	-1.08107835213175	0.732981225126423	Medium	Cell_48	1
Cell_480	1	1	NA	-4.727032670251	-4.33792017358065	0.852436122833751	High	Cell_480	1
Cell_481	1	1	NA	-1.20871281255625	-1.68301796997495	0.60758324409835	Low	Cell_481	1
Cell_482	1	1	NA	-1.99418644335418	-0.495638837163506	0.906966860638931	High	Cell_482	1
Cell_483	1	1	NA	-2.54052964789747	-3.17803383753984	0.653881937148981	Low	Cell_483	1
Cell_484	2	1	NA	3.12069587905541	1.96332281422764	0.843871342833154	High	Cell_484	1
Cell_485	3	1	NA	-0.045267485641127	8.91280540919656	0.966340539511293	High	Cell_485	1
Cell_486	2	1	NA	2.88121199624523	3.01894530475178	0.557889832416549	Low	Cell_486	1
Cell_487	1	1	NA	-1.43565423083637	-3.26872508929894	0.563852843944915	Low	Cell_487	1
Cell_488	1	1	NA	-6.75341409859623	-3.94550316548408	0.839111928711645	High	Cell_488	1
Cell_489	1	1	NA	-1.05992518483746	-1.20957731383564	0.714474297943525	Medium	Cell_489	1
Cell_49	2	1	NA	1.97062926585186	-0.572747920938479	0.632986320182681	Low	Cell_49	1
Cell_490	1	1	NA	-5.14046193005029	-4.09886460566923	0.917200488969684	High	Cell_490	1
Cell_491	3	1	NA	2.67081143596888	7.07025485846596	0.985719033400528	High	Cell_491	1
Cell_492	2	1	NA	2.95455122714436	0.212643755379181	0.535244488855824	Low	Cell_492	1
Cell_493	2	1	NA	1.90082935286239	-0.289847392985674	0.72989259660244	Medium	Cell_493	1
Cell_494	1	1	NA	-0.794010356392106	-2.92235395834797	0.850792559213005	High	Cell_494	1
Cell_495	1	1	NA	-4.97188976639877	-3.85015475742571	0.543470083968714	Low	Cell_495	1
Cell_496	3	1	NA	-0.159749428681209	9.00951400656935	0.996472008060664	High	Cell_496	1
Cell_497	3	1	NA	2.94480087491396	6.60668898792202	0.626549497013912	Low	Cell_497	1
Cell_498	3	1	NA	3.09726582943289	5.92765019562282	0.524769217823632	Low	Cell_498	1
Cell_499	1	1	NA	-8.25920180808678	-3.69240795793299	0.843162473407574	High	Cell_499	1
Cell_5	2	1	NA	4.24958394995117	2.93165042383521	0.970233642146923	High	Cell_5	1
Cell_50	1	1	NA	-2.52461400855401	-3.88546748911184	0.928913857671432	High	Cell_50	1
Cell_500	1	1	NA	-4.8109279010014	-3.16238779506116	0.893463676329702	High	Cell_500	1
Cell_501	1	1	NA	-1.11465058584121	-4.06876866249981	0.676803037989885	Medium	Cell_501	1
Cell_502	2	1	NA	3.22095426602563	3.71032429452749	0.683220722479746	Medium	Cell_502	1
Cell_503	1	1	NA	0.812924134216094	-3.88786207067174	0.643550065346062	Low	Cell_503	1
Cell_504	1	1	NA	-1.52827044446747	-1.97329478088459	0.539986456162296	Low	Cell_504	1
Cell_505	1	1	NA	-5.41002726120196	-4.1405874358095	0.682727134786546	Medium	Cell_505	1
Cell_506	3	1	NA	0.582746225406427	8.76485083703727	0.589006907306612	Low	Cell_506	1
Cell_507	1	1	NA	-2.54616946677154	-3.47190876685512	0.768026860314421	Medium	Cell_507	1
Cell_508	2	1	NA	1.26261942646476	0.630022363976692	0.751974356011488	Medium	Cell_508	1
Cell_509	3	1	NA	-0.465885059795464	9.07214978158317	0.972517551737837	High	Cell_509	1
Cell_51	2	1	NA	3.17372716110782	2.69276350798826	0.522915583336726	Low	Cell_51	1
Cell_510	2	1	NA	2.44288003371565	1.20600089376921	0.670660641975701	Medium	Cell_510	1
Cell_511	3	1	NA	3.59580218562322	6.00933684507672	0.732356887077913	Medium	Cell_511	1
Cell_512	1	1	NA	-4.5962009815042	-4.02031668798616	0.541265590814874	Low	Cell_512	1
Cell_513	1	1	NA	-3.72874254712856	-2.98009255368326	0.930053423042409	High	Cell_513	1
Cell_514	2	1	NA	1.67733847099949	0.603900573752218	0.697830319986679	Medium	Cell_514	1
Cell_515	3	1	NA	3.11764513414211	6.76609418699717	0.867949675186537	High	Cell_515	1
Cell_516	3	1	NA	1.18119919242748	8.73954635015913	0.585871702991426	Low	Cell_516	1
Cell_517	3	1	NA	3.11071160521519	6.81886350653376	0.727380815660581	Medium	Cell_517	1
Cell_518	1	1	NA	0.811389764138249	-1.05378921895807	0.885102379717864	High	Cell_518	1
Cell_519	1	1	NA	-5.35873408000701	-3.8004632978783	0.531324999174103	Low	Cell_519	1
Cell_52	1	1	NA	-0.911892860237157	-1.37577653750732	0.721100037102588	Medium	Cell_52	1
Cell_520	2	1	NA	4.32130156585914	4.40724569673455	0.907540747546591	High	Cell_520	1
Cell_521	1	1	NA	-5.43600541130115	-4.08900088042995	0.650571262231097	Low	Cell_521	1
Cell_522	1	1	NA	-3.88164018864917	-2.30008689161492	0.682335513993166	Medium	Cell_522	1
Cell_523	3	1	NA	0.743712045419544	8.66565819531148	0.656056395964697	Low	Cell_523	1
Cell_524	1	1	NA	0.33272951108633	-2.68160495572117	0.518684982438572	Low	Cell_524	1
Cell_525	1	1	NA	-6.95532253630923	-4.11719032971045	0.75940246169921	Medium	Cell_525	1
Cell_526	1	1	NA	-0.83582551430949	-3.43147138945322	0.839506707852706	High	Cell_526	1
Cell_527	2	1	NA	3.99414436029762	5.02532559871447	0.951616780133918	High	Cell_527	1
Cell_528	2	1	NA	3.46971559601004	1.95050025469478	0.512763349222951	Low	Cell_528	1
Cell_529	2	1	NA	3.58434784853948	2.86905278544729	0.994539135368541	High	Cell_529	1
Cell_53	1	1	NA	-2.36949578091523	-3.67730981601407	0.899462422821671	High	Cell_53	1
Cell_530	2	1	NA	3.13020798867036	3.08105899590258	0.651443812297657	Low	Cell_530	1
Cell_531	1	1	NA	1.43908779607848	-1.34752672695551	0.969569200300612	High	Cell_531	1
Cell_532	1	1	NA	-5.20468542758745	-4.3181849936044	0.843803790863603	High	Cell_532	1
Cell_533	2	1	NA	3.84307499688017	2.58458484373538	0.723518497426994	Medium	Cell_533	1
Cell_534	1	1	NA	-1.34620686999136	-4.91189617546334	0.908239069394767	High	Cell_534	1
Cell_535	1	1	NA	-1.48143433504046	-3.70880051311896	0.519749598926865	Low	Cell_535	1
Cell_536	1	1	NA	-0.0358183846507527	-2.79201315676933	0.869515842758119	High	Cell_536	1
Cell_537	1	1	NA	-4.57904025510266	-4.17726245231954	0.674359746859409	Medium	Cell_537	1
Cell_538	2	1	NA	3.46841585376734	5.09389683255536	0.914625411736779	High	Cell_538	1
Cell_539	1	1	NA	1.32322071278791	-2.22238819165956	0.767770695849322	Medium	Cell_539	1
Cell_54	2	1	NA	2.52393177515153	-0.750186463053802	0.56094962998759	Low	Cell_54	1
Cell_540	2	1	NA	3.59022001657659	2.01759227587762	0.637272681808099	Low	Cell_540	1
Cell_541	1	1	NA	-0.118583668186441	-2.46054201123763	0.900474105961621	High	Cell_541	1
Cell_542	1	1	NA	0.64711844715496	-2.22937781571661	0.545822347397916	Low	Cell_542	1
Cell_543	1	1	NA	-4.41695325380641	-4.37960579653776	0.91605388710741	High	Cell_543	1
Cell_544	2	1	NA	2.60887000992285	-1.15385363969917	0.638427536236122	Low	Cell_544	1
Cell_545	1	1	NA	0.271594313875805	0.585777416285911	0.876555049791932	High	Cell_545	1
Cell_546	1	1	NA	-3.79206823602165	-3.73855487935965	0.982076285057701	High	Cell_546	1
Cell_547	2	1	NA	3.31784293940871	2.21201086288141	0.54073328000959	Low	Cell_547	1
Cell_548	1	1	NA	0.791440308358335	-2.3416322829615	0.927182373241521	High	Cell_548	1
Cell_549	1	1	NA	-1.58932565707573	-3.11773212275881	0.901119108544663	High	Cell_549	1
Cell_55	1	1	NA	-7.53793285393493	-4.22599322679874	0.780473991879262	Medium	Cell_55	1
Cell_550	2	1	NA	1.7279946171105	1.55549551129987	0.692586802295409	Medium	Cell_550	1
Cell_551	1	1	NA	-0.943655198243425	-1.42167415461922	0.663798699504696	Low	Cell_551	1
Cell_552	2	1	NA	3.06696472953855	1.89419435341077	0.602469351491891	Low	Cell_552	1
Cell_553	2	1	NA	4.18836146652203	5.50404213500884	0.78469133132603	Medium	Cell_553	1
Cell_554	2	1	NA	3.36090561322818	2.46394510947642	0.944027595221996	High	Cell_554	1
Cell_555	2	1	NA	3.32369883384236	1.22523207272369	0.764857045724057	Medium	Cell_555	1
Cell_556	1	1	NA	0.778895643934865	-0.33969435087853	0.793479328393005	Medium	Cell_556	1
Cell_557	2	1	NA	3.81161191977746	1.77001295607673	0.832867571269162	Medium	Cell_557	1
Cell_558	2	1	NA	2.2377079929971	-1.24379566030336	0.764946229290217	Medium	Cell_558	1
Cell_559	1	1	NA	1.03382840541588	-1.47949507482243	0.754921449697576	Medium	Cell_559	1
Cell_56	3	1	NA	-1.45322649598421	9.30154594870353	0.603265694808215	Low	Cell_56	1
Cell_560	1	1	NA	0.166039774445853	-1.05116060013926	0.508080240455456	Low	Cell_560	1
Cell_561	3	1	NA	3.47469301571209	6.10289610125114	0.523854992468841	Low	Cell_561	1
Cell_562	1	1	NA	-3.01378355155931	-2.12650381883957	0.964675341267139	High	Cell_562	1
Cell_563	3	1	NA	4.09244530741108	5.80341364262287	0.884642769349739	High	Cell_563	1
Cell_564	1	1	NA	-0.833258712868507	-0.626311109919327	0.600540308048949	Low	Cell_564	1
Cell_565	1	1	NA	-1.67971157613347	-1.35830022524577	0.825130750192329	Medium	Cell_565	1
Cell_566	1	1	NA	0.753347506570162	-0.47110010215287	0.826883341185749	Medium	Cell_566	1
Cell_567	3	1	NA	3.12594845928287	6.9923038169829	0.697626880719326	Medium	Cell_567	1
Cell_568	1	1	NA	-0.221138598145465	-0.783084427130694	0.906152414274402	High	Cell_568	1
Cell_569	1	1	NA	-4.75664051093701	-3.54485833374862	0.773511708830483	Medium	Cell_569	1
Cell_57	1	1	NA	1.16882863439959	-0.242835133959878	0.563765825121664	Low	Cell_57	1
Cell_570	1	1	NA	-0.322113085419607	-3.08485138294724	0.942566325771622	High	Cell_570	1
Cell_571	2	1	NA	3.88833464484727	5.11518869712856	0.776656993781216	Medium	Cell_571	1
Cell_572	1	1	NA	-9.26772064652798	-4.22490874376116	0.953024055808783	High	Cell_572	1
Cell_573	2	1	NA	3.38536209577844	2.13941650691235	0.793730683508329	Medium	Cell_573	1
Cell_574	1	1	NA	-3.06376217587313	-3.42166222473605	0.711731825489551	Medium	Cell_574	1
Cell_575	1	1	NA	-5.58084094961466	-3.90812323146676	0.974792661494575	High	Cell_575	1
Cell_576	2	1	NA	4.00610575263983	4.78638644647475	0.854518951731734	High	Cell_576	1
Cell_577	1	1	NA	-7.30969044651334	-4.56031679803642	0.706652704044245	Medium	Cell_577	1
Cell_578	1	1	NA	-0.0223070692547076	-2.83059670381373	0.509182041860186	Low	Cell_578	1
Cell_579	2	1	NA	2.71888926373161	-0.923609508317294	0.783367041382007	Medium	Cell_579	1
Cell_58	1	1	NA	-0.42572016816181	-1.20833378419196	0.876653932151385	High	Cell_58	1
Cell_580	2	1	NA	2.56258696721905	0.439895445808216	0.745031726546586	Medium	Cell_580	1
Cell_581	2	1	NA	5.17586770139081	3.51481286919199	0.93933701061178	High	Cell_581	1
Cell_582	3	1	NA	3.08308904138263	6.96651873883522	0.906426343950443	High	Cell_582	1
Cell_583	1	1	NA	-0.071404300542474	-2.15809153250038	0.927049988764338	High	Cell_583	1
Cell_584	1	1	NA	1.38884015321254	-1.18449352157421	0.683947973884642	Medium	Cell_584	1
Cell_585	1	1	NA	0.490840357984962	-0.516912884698347	0.936974956421182	High	Cell_585	1
Cell_586	2	1	NA	3.45643325822056	-0.244696737530251	0.575669085723348	Low	Cell_586	1
Cell_587	2	1	NA	3.27651243896122	2.37156921052143	0.640905834850855	Low	Cell_587	1
Cell_588	3	1	NA	-1.56461762693507	9.32449568934327	0.833352578920312	High	Cell_588	1
Cell_589	1	1	NA	0.859231373094393	-0.556361450268348	0.988691788399592	High	Cell_589	1
Cell_59	2	1	NA	3.11956999031385	2.36748189059363	0.94752267957665	High	Cell_59	1
Cell_590	2	1	NA	3.8984656052465	3.401150192611	0.791369868326001	Medium	Cell_590	1
Cell_591	2	1	NA	2.20424987865362	0.997824148255283	0.763295039767399	Medium	Cell_591	1
Cell_592	1	1	NA	-2.15057914703015	-3.34752184188477	0.530391112435609	Low	Cell_592	1
Cell_593	1	1	NA	-7.95494810798328	-3.82521700036746	0.984519431833178	High	Cell_593	1
Cell_594	1	1	NA	-1.49112981876994	-3.07425738631679	0.560118564288132	Low	Cell_594	1
Cell_595	1	1	NA	0.65697909473225	-3.10174891148573	0.54418165050447	Low	Cell_595	1
Cell_596	1	1	NA	-0.743099651932281	-2.29412559622197	0.940382057451643	High	Cell_596	1
Cell_597	2	1	NA	2.97079997108689	1.54590823583639	0.754185314872302	Medium	Cell_597	1
Cell_598	1	1	NA	-3.61209470056521	-2.96192242582458	0.668747498653829	Medium	Cell_598	1
Cell_599	1	1	NA	-4.58089343196354	-3.38218410127461	0.947167312726378	High	Cell_599	1
Cell_6	1	1	NA	0.111270536997791	-1.76253351409124	0.522778249694966	Low	Cell_6	1
Cell_60	2	1	NA	1.53106532051637	-0.803420101159854	0.687231387943029	Medium	Cell_60	1
Cell_600	1	1	NA	-3.74992040436416	-3.24211778101003	0.515985814039595	Low	Cell_600	1
Cell_601	1	1	NA	-1.05535056885631	0.504264948512724	0.618614848703146	Low	Cell_601	1
Cell_602	1	1	NA	0.797249709597096	-1.06613755808611	0.843245175550692	High	Cell_602	1
Cell_603	1	1	NA	-7.24480696728989	-4.1186252842321	0.612909211660735	Low	Cell_603	1
Cell_604	2	1	NA	3.04123614234291	3.4360805285663	0.659247294068336	Low	Cell_604	1
Cell_605	1	1	NA	-1.34136440747172	-2.96087214955823	0.586991908377968	Low	Cell_605	1
Cell_606	3	1	NA	3.01384371602401	7.46458926483622	0.90071479184553	High	Cell_606	1
Cell_607	1	1	NA	-3.47706732163046	-3.36604171362695	0.573141028988175	Low	Cell_607	1
Cell_608	1	1	NA	0.0494551139248927	-1.1190677978825	0.911358695826493	High	Cell_608	1
Cell_609	1	1	NA	-4.07655418483758	-3.4785460485659	0.665498914313503	Low	Cell_609	1
Cell_61	1	1	NA	0.937796014861144	-1.3619559231191	0.832557597314008	Medium	Cell_61	1
Cell_610	3	1	NA	3.16212888918296	7.15700553401786	0.687084693927318	Medium	Cell_610	1
Cell_611	2	1	NA	1.66371316704999	1.46714974339777	0.814872711896896	Medium	Cell_611	1
Cell_612	2	1	NA	3.09482231566797	2.49778769696693	0.548316871514544	Low	Cell_612	1
Cell_613	1	1	NA	-0.942909235184235	-2.38788522517866	0.510996857658029	Low	Cell_613	1
Cell_614	1	1	NA	-0.0513578205878291	-1.40747731443921	0.996522390167229	High	Cell_614	1
Cell_615	2	1	NA	2.14496608736749	0.912526707761149	0.791969422833063	Medium	Cell_615	1
Cell_616	1	1	NA	-0.27578641443199	0.118277540314128	0.890911532565951	High	Cell_616	1
Cell_617	2	1	NA	2.67445874293719	2.20485653563178	0.945948061300442	High	Cell_617	1
Cell_618	3	1	NA	-1.33473033001366	9.28154002102835	0.877432726789266	High	Cell_618	1
Cell_619	1	1	NA	-1.75164832447372	-0.476348960726083	0.989601865061559	High	Cell_619	1
Cell_62	2	1	NA	2.09550967507855	0.0198451828407809	0.547420330462046	Low	Cell_62	1
Cell_620	1	1	NA	1.4308563569529	-1.33420337043372	0.522073533968069	Low	Cell_620	1
Cell_621	2	1	NA	4.1174203335083	4.36271662983833	0.951700442354195	High	Cell_621	1
Cell_622	2	1	NA	3.86930144461271	1.72043731401266	0.932750407024287	High	Cell_622	1
Cell_623	1	1	NA	-1.16118155144497	-2.2933874917346	0.887703795684502	High	Cell_623	1
Cell_624	1	1	NA	-0.566926305179164	-1.61145372348381	0.688408208428882	Medium	Cell_624	1
Cell_625	3	1	NA	-0.0421345444862027	9.03576564429309	0.521054024342448	Low	Cell_625	1
Cell_626	3	1	NA	1.77631839503286	7.87136187365628	0.682205540826544	Medium	Cell_626	1
Cell_627	3	1	NA	3.34503920074345	6.94709198308884	0.636875634896569	Low	Cell_627	1
Cell_628	1	1	NA	-5.20065413569917	-4.01197568153608	0.925233740359545	High	Cell_628	1
Cell_629	1	1	NA	-1.16206063201601	-1.99677314336939	0.681200856226496	Medium	Cell_629	1
Cell_63	1	1	NA	-6.58292574299729	-4.60209536503099	0.691984818899073	Medium	Cell_63	1
Cell_630	3	1	NA	3.25403481557971	6.42896083977162	0.652238895301707	Low	Cell_630	1
Cell_631	2	1	NA	2.7985932451121	1.1503808178664	0.879567669704556	High	Cell_631	1
Cell_632	1	1	NA	1.30492905831454	-1.18843345041866	0.922417312161997	High	Cell_632	1
Cell_633	1	1	NA	-0.833853989374617	-2.31258789304276	0.728960780543275	Medium	Cell_633	1
Cell_634	2	1	NA	4.00603553334098	4.69806620695725	0.864815832232125	High	Cell_634	1
Cell_635	1	1	NA	-5.83507087234807	-3.80905306959389	0.552039318019524	Low	Cell_635	1
Cell_636	1	1	NA	-2.70226147831395	-2.12124171132762	0.609991588862613	Low	Cell_636	1
Cell_637	3	1	NA	2.86825136609356	7.32238377068449	0.976975623867474	High	Cell_637	1
Cell_638	2	1	NA	3.55301187144039	2.37052863005634	0.876018770621158	High	Cell_638	1
Cell_639	1	1	NA	3.80970167239759	-7.88328558626877	0.909477691631764	High	Cell_639	1
Cell_64	2	1	NA	1.54863351352154	-1.29961869058776	0.637191822286695	Low	Cell_64	1
Cell_640	2	1	NA	3.12963543602706	2.72800895270461	0.708888550871052	Medium	Cell_640	1
Cell_641	2	1	NA	2.61709119585102	-0.806249448696018	0.796919246553443	Medium	Cell_641	1
Cell_642	1	1	NA	-3.28231636948229	-3.49229675258568	0.899411778897047	High	Cell_642	1
Cell_643	3	1	NA	3.21607501783579	6.46958466402475	0.944204325205646	High	Cell_643	1
Cell_644	1	1	NA	0.753144967265852	-2.82037981962108	0.692595796659589	Medium	Cell_644	1
Cell_645	2	1	NA	3.30205496699516	2.5187132546894	0.545161042129621	Low	Cell_645	1
Cell_646	3	1	NA	-1.20674836439745	9.26511392298295	0.812871818547137	Medium	Cell_646	1
Cell_647	2	1	NA	3.88413592236379	2.45928278959228	0.872818108648062	High	Cell_647	1
Cell_648	1	1	NA	-1.02755410904469	-2.16338480083121	0.542689228663221	Low	Cell_648	1
Cell_649	3	1	NA	-0.672023001301493	9.14343478564165	0.650258805602789	Low	Cell_649	1
Cell_65	1	1	NA	-1.00942770377659	-2.07660879420219	0.907320019439794	High	Cell_65	1
Cell_650	1	1	NA	-2.68939035473396	-0.848591572612781	0.807281078654341	Medium	Cell_650	1
Cell_651	3	1	NA	-1.82571410526693	9.37764557341698	0.876466028974392	High	Cell_651	1
Cell_652	2	1	NA	4.40147600611361	3.50310768542174	0.958528566523455	High	Cell_652	1
Cell_653	2	1	NA	1.3850176901425	-1.01349421007451	0.737875252845697	Medium	Cell_653	1
Cell_654	2	1	NA	3.53879565051809	0.010271724654465	0.783559733070433	Medium	Cell_654	1
Cell_655	1	1	NA	-4.89053835331553	-4.48197034938745	0.868310173042119	High	Cell_655	1
Cell_656	1	1	NA	-2.78817811729555	-3.01393132334363	0.928723712218925	High	Cell_656	1
Cell_657	1	1	NA	-3.83946983625759	-2.4851773678408	0.954573252238333	High	Cell_657	1
Cell_658	1	1	NA	-5.20833576618088	-4.10582581580674	0.528191112680361	Low	Cell_658	1
Cell_659	1	1	NA	-6.29080959098239	-4.43466670409309	0.751454152050428	Medium	Cell_659	1
Cell_66	1	1	NA	1.22350424072035	-1.62983193585305	0.724258170695975	Medium	Cell_66	1
Cell_660	1	1	NA	-4.87635675288731	-4.52813638364961	0.675272386521101	Medium	Cell_660	1
Cell_661	2	1	NA	1.3297637322724	-0.325738666301878	0.922778061474673	High	Cell_661	1
Cell_662	1	1	NA	-5.87092023339677	-3.96163166715503	0.903217581915669	High	Cell_662	1
Cell_663	1	1	NA	0.509204621474586	-3.34052314372321	0.558665613643825	Low	Cell_663	1
Cell_664	2	1	NA	2.53540998245228	-0.841493444626481	0.856343277497217	High	Cell_664	1
Cell_665	2	1	NA	1.81461582311211	0.431668068727643	0.617634429014288	Low	Cell_665	1
Cell_666	1	1	NA	1.53235766477708	-3.71039189418986	0.537478375597857	Low	Cell_666	1
Cell_667	1	1	NA	0.235021731165817	-2.6798104279883	0.967823073617183	High	Cell_667	1
Cell_668	1	1	NA	-6.99912113285652	-4.41036184360579	0.578583912574686	Low	Cell_668	1
Cell_669	2	1	NA	3.67072329746763	3.32795605159354	0.823528675013222	Medium	Cell_669	1
Cell_67	2	1	NA	3.88077228207051	2.32598687458814	0.905032176524401	High	Cell_67	1
Cell_670	1	1	NA	-3.32134250869649	-3.93992470375948	0.586758873076178	Low	Cell_670	1
Cell_671	1	1	NA	-2.49535418109304	-0.753964880823088	0.510037004598416	Low	Cell_671	1
Cell_672	3	1	NA	2.44650355421192	7.91507407665518	0.760656923172064	Medium	Cell_672	1
Cell_673	1	1	NA	-4.92896992612348	-3.93949529602257	0.543138946639374	Low	Cell_673	1
Cell_674	1	1	NA	-5.13424158052789	-4.17391288561757	0.641501173027791	Low	Cell_674	1
Cell_675	1	1	NA	-3.98947502477618	-2.82951628673972	0.710217450512573	Medium	Cell_675	1
Cell_676	1	1	NA	-8.93184006120525	-4.09695403491061	0.793639062088914	Medium	Cell_676	1
Cell_677	2	1	NA	4.91882695862044	3.88773046400302	0.903347214800306	High	Cell_677	1
Cell_678	2	1	NA	4.30557476083775	2.1282378401708	0.600997604429722	Low	Cell_678	1
Cell_679	2	1	NA	3.75331818184798	5.39614751319177	0.729712335858494	Medium	Cell_679	1
Cell_68	1	1	NA	-2.42718585393664	-3.69917483473384	0.906194754759781	High	Cell_68	1
Cell_680	2	1	NA	3.81941939243654	1.63040679576769	0.724071556935087	Medium	Cell_680	1
Cell_681	1	1	NA	-0.0804809553944643	-2.44058916730199	0.866873879102059	High	Cell_681	1
Cell_682	1	1	NA	-0.773296830005968	-3.43631327703498	0.857377405278385	High	Cell_682	1
Cell_683	1	1	NA	1.30374836803504	-1.25465309524606	0.915610989439301	High	Cell_683	1
Cell_684	1	1	NA	-6.6638970521183	-3.97150205093169	0.943283060449176	High	Cell_684	1
Cell_685	2	1	NA	4.05830086482263	4.26349248158978	0.976322286995128	High	Cell_685	1
Cell_686	3	1	NA	2.86192443659398	6.06056045302142	0.775308360927738	Medium	Cell_686	1
Cell_687	2	1	NA	1.45522070344503	-1.1320618161579	0.761167883058079	Medium	Cell_687	1
Cell_688	1	1	NA	0.640499277681426	-3.07083356291705	0.585349127650261	Low	Cell_688	1
Cell_689	2	1	NA	2.41913226425144	-0.98513836006749	0.739635779988021	Medium	Cell_689	1
Cell_69	2	1	NA	1.69563826410707	0.910222846834744	0.897171160555445	High	Cell_69	1
Cell_690	1	1	NA	-3.89847422692158	-2.57881915141258	0.626910398248583	Low	Cell_690	1
Cell_691	1	1	NA	-0.272510411500948	-2.57689537428547	0.51989031850826	Low	Cell_691	1
Cell_692	1	1	NA	-4.68942211783146	-4.00072792459002	0.817400254891254	Medium	Cell_692	1
Cell_693	2	1	NA	3.89549872289996	3.8457264903901	0.769780457019806	Medium	Cell_693	1
Cell_694	1	1	NA	2.28881478879897	-2.6589839517701	0.570051774964668	Low	Cell_694	1
Cell_695	3	1	NA	2.65848103008669	5.7244532470296	0.641855888417922	Low	Cell_695	1
Cell_696	3	1	NA	0.415407871000721	8.9228831696857	0.791515297605656	Medium	Cell_696	1
Cell_697	2	1	NA	1.82787579863814	-1.20174076471671	0.582512946100906	Low	Cell_697	1
Cell_698	1	1	NA	1.81522980325253	-2.70711701772334	0.548150555347092	Low	Cell_698	1
Cell_699	1	1	NA	-2.57339325092249	-3.25542558185998	0.714306545676664	Medium	Cell_699	1
Cell_7	1	1	NA	-6.64629109466762	-4.27383763130994	0.764052744023502	Medium	Cell_7	1
Cell_70	2	1	NA	3.69989793719199	3.30227580998082	0.719915843801573	Medium	Cell_70	1
Cell_700	1	1	NA	-1.61262110833773	0.0105731275952742	0.67788078286685	Medium	Cell_700	1
Cell_701	1	1	NA	-2.2686630749231	-3.33329042402726	0.922466769930907	High	Cell_701	1
Cell_702	1	1	NA	-5.88179988581863	-4.09159732365772	0.630066236830316	Low	Cell_702	1
Cell_703	1	1	NA	0.250609618355187	-1.72562708888914	0.511572246090509	Low	Cell_703	1
Cell_704	2	1	NA	2.85460338998657	-0.295906172147354	0.931199769838713	High	Cell_704	1
Cell_705	1	1	NA	-2.66008506745373	-3.03870212899334	0.667293980601244	Medium	Cell_705	1
Cell_706	1	1	NA	-1.25227768085717	-2.34171323653869	0.815894435858354	Medium	Cell_706	1
Cell_707	1	1	NA	-0.345712753244852	-2.24189036382804	0.773213129374199	Medium	Cell_707	1
Cell_708	1	1	NA	-0.07797073659698	-1.33815699383293	0.688222246593796	Medium	Cell_708	1
Cell_709	3	1	NA	-0.529893769921105	9.12892929272668	0.592936507542618	Low	Cell_709	1
Cell_71	2	1	NA	1.6797570390014	-0.169436259318951	0.877237579319626	High	Cell_71	1
Cell_710	1	1	NA	-2.01219708210397	-2.30599493924408	0.714470295584761	Medium	Cell_710	1
Cell_711	3	1	NA	-1.84044041367146	9.38221166024147	0.815386799280532	Medium	Cell_711	1
Cell_712	2	1	NA	3.47145803063949	4.74681312142851	0.760421175626107	Medium	Cell_712	1
Cell_713	1	1	NA	-0.471794693767905	-0.950089819013181	0.829810668597929	Medium	Cell_713	1
Cell_714	1	1	NA	-2.21738477433067	-3.85866055358471	0.864680465660058	High	Cell_714	1
Cell_715	2	1	NA	2.51125681267039	0.606641650057946	0.743411436676979	Medium	Cell_715	1
Cell_716	1	1	NA	-9.05237187847884	-3.97849958388661	0.692228307831101	Medium	Cell_716	1
Cell_717	1	1	NA	-0.952275793206213	-2.68755141406671	0.503416754421778	Low	Cell_717	1
Cell_718	2	1	NA	1.78407667116417	0.126864002800228	0.501842113793828	Low	Cell_718	1
Cell_719	1	1	NA	-5.67341779683662	-4.07334762810063	0.997468220070004	High	Cell_719	1
Cell_72	2	1	NA	1.27035063201932	-0.173467433705843	0.814610565779731	Medium	Cell_72	1
Cell_720	2	1	NA	2.85176821004856	1.33248140570633	0.553943440085277	Low	Cell_720	1
Cell_721	2	1	NA	1.80427754773726	0.815607808569889	0.709334579179995	Medium	Cell_721	1
Cell_722	2	1	NA	1.66281189078437	-0.27149097313799	0.858942273305729	High	Cell_722	1
Cell_723	1	1	NA	-0.556080179714533	-2.68170923003836	0.871269566123374	High	Cell_723	1
Cell_724	1	1	NA	-4.72499502352316	-3.57868466611186	0.935999411856756	High	Cell_724	1
Cell_725	1	1	NA	-6.87986606107134	-4.52798877996637	0.803933980525471	Medium	Cell_725	1
Cell_726	1	1	NA	-1.69119800577067	-3.14304910354792	0.878101675654761	High	Cell_726	1
Cell_727	3	1	NA	2.62442574167068	7.28266259315338	0.923620649031363	High	Cell_727	1
Cell_728	1	1	NA	0.527711413523592	-1.03688889404085	0.806389824487269	Medium	Cell_728	1
Cell_729	2	1	NA	2.02270393135149	0.203839434174121	0.896612083888613	High	Cell_729	1
Cell_73	1	1	NA	-4.58238841122281	-3.59964770649368	0.855091200675815	High	Cell_73	1
Cell_730	2	1	NA	3.89110255922753	1.82937202623486	0.51142734172754	Low	Cell_730	1
Cell_731	1	1	NA	-4.10011748188249	-3.34192451867564	0.708457274828106	Medium	Cell_731	1
Cell_732	1	1	NA	-4.20339786002633	-3.74890131785239	0.937441193731502	High	Cell_732	1
Cell_733	1	1	NA	-1.20079579966991	-4.57702396043127	0.823673507780768	Medium	Cell_733	1
Cell_734	1	1	NA	-0.88595456010806	-2.94759339786981	0.962239493383095	High	Cell_734	1
Cell_735	1	1	NA	0.343794729322831	-2.59466978654381	0.58611254801508	Low	Cell_735	1
Cell_736	1	1	NA	0.282575720250689	0.599341109545834	0.657906394568272	Low	Cell_736	1
Cell_737	1	1	NA	-6.22036552949162	-4.58114117245838	0.902128139627166	High	Cell_737	1
Cell_738	1	1	NA	-4.2563724666012	-3.7673089091676	0.994481705594808	High	Cell_738	1
Cell_739	3	1	NA	2.57529677623543	7.63798817163198	0.661192775936797	Low	Cell_739	1
Cell_74	1	1	NA	-0.992117898307346	-1.8176507595664	0.500312386662699	Low	Cell_74	1
Cell_740	2	1	NA	2.28269842478902	0.184187136364785	0.500595814199187	Low	Cell_740	1
Cell_741	1	1	NA	-0.562769481454756	-1.00725665196855	0.996085309656337	High	Cell_741	1
Cell_742	3	1	NA	-1.50822286060966	9.33409227056822	0.574176195892505	Low	Cell_742	1
Cell_743	1	1	NA	-1.17334281701162	-4.11940797033756	0.524682148592547	Low	Cell_743	1
Cell_744	3	1	NA	2.85983325295129	6.95718407752033	0.798676741309464	Medium	Cell_744	1
Cell_745	3	1	NA	2.93931874143307	6.01546222823681	0.660664221737534	Low	Cell_745	1
Cell_746	1	1	NA	-1.49401493862717	-3.28201417395181	0.763964500161819	Medium	Cell_746	1
Cell_747	1	1	NA	-2.49042877339697	-3.6149277756577	0.897711010184139	High	Cell_747	1
Cell_748	3	1	NA	3.07499075181894	5.84298981181581	0.534466298413463	Low	Cell_748	1
Cell_749	1	1	NA	0.805790776842096	-2.90205453737183	0.847510348656215	High	Cell_749	1
Cell_75	3	1	NA	2.53821133047743	7.77118005841327	0.737658287049271	Medium	Cell_75	1
Cell_750	2	1	NA	1.7511657255872	0.514823959512417	0.974315753672272	High	Cell_750	1
Cell_751	3	1	NA	1.45540606287791	8.59785118809296	0.638884658692405	Low	Cell_751	1
Cell_752	3	1	NA	1.62526376458698	7.87215539897766	0.624703292618506	Low	Cell_752	1
Cell_753	1	1	NA	-3.15731130634329	-2.22272931068636	0.579717740067281	Low	Cell_753	1
Cell_754	1	1	NA	-4.60432025147067	-3.91997460449623	0.535815028008074	Low	Cell_754	1
Cell_755	1	1	NA	-9.03591152542966	-4.01711970376378	0.778718791552819	Medium	Cell_755	1
Cell_756	2	1	NA	3.23978793819827	3.37364831122982	0.74491852580104	Medium	Cell_756	1
Cell_757	1	1	NA	1.14545713902822	-0.451654229185514	0.747146180947311	Medium	Cell_757	1
Cell_758	2	1	NA	4.45934093807394	4.45733210430281	0.944185792584904	High	Cell_758	1
Cell_759	1	1	NA	0.278643273322841	-1.31984673934495	0.518352179904468	Low	Cell_759	1
Cell_76	2	1	NA	2.33370934712059	-1.48451160742689	0.610059442580678	Low	Cell_76	1
Cell_760	3	1	NA	0.57401922032855	8.7904370834403	0.601871906779706	Low	Cell_760	1
Cell_761	3	1	NA	2.76154507979889	7.23514548991665	0.756890569580719	Medium	Cell_761	1
Cell_762	1	1	NA	-7.53980863448662	-4.24115083374774	0.618169944500551	Low	Cell_762	1
Cell_763	3	1	NA	2.08229862765313	8.06361436195731	0.787717834929936	Medium	Cell_763	1
Cell_764	1	1	NA	-2.40178886824558	-3.29078161087529	0.741128955734894	Medium	Cell_764	1
Cell_765	1	1	NA	-4.98579063608958	-4.41379936648693	0.784676344366744	Medium	Cell_765	1
Cell_766	1	1	NA	0.942926059168157	-1.18597894336142	0.572076157550327	Low	Cell_766	1
Cell_767	1	1	NA	-4.2116788252713	-3.95883383229617	0.57285438128747	Low	Cell_767	1
Cell_768	2	1	NA	3.81684696240898	0.968937555328913	0.706141556496732	Medium	Cell_768	1
Cell_769	2	1	NA	2.77717538813649	-0.558632829390066	0.8415051412303	High	Cell_769	1
Cell_77	1	1	NA	-2.02757333398352	-3.87375861076215	0.689908268861473	Medium	Cell_77	1
Cell_770	1	1	NA	-3.45985363799275	-2.19285451075287	0.826713910209946	Medium	Cell_770	1
Cell_771	3	1	NA	-1.18292950319474	9.24692716388231	0.957993166521192	High	Cell_771	1
Cell_772	1	1	NA	0.499800396666946	-2.56158979083679	0.906556566245854	High	Cell_772	1
Cell_773	2	1	NA	3.23743737852612	3.27540981499943	0.837945000617765	High	Cell_773	1
Cell_774	1	1	NA	1.05052457846158	-3.69055710781994	0.903749554650858	High	Cell_774	1
Cell_775	1	1	NA	-3.49982934233103	-3.07708691743232	0.564032209804282	Low	Cell_775	1
Cell_776	1	1	NA	3.84359474277494	-7.70368619805872	0.625389266991988	Low	Cell_776	1
Cell_777	2	1	NA	3.62436455586594	2.40975367288047	0.665773495798931	Low	Cell_777	1
Cell_778	2	1	NA	1.71759237368621	0.726551725542088	0.703634644974954	Medium	Cell_778	1
Cell_779	2	1	NA	1.83717026248425	-0.223591634309956	0.8176837884821	Medium	Cell_779	1
Cell_78	1	1	NA	-1.86781529924371	-3.05718205407919	0.806385501637124	Medium	Cell_78	1
Cell_780	1	1	NA	0.470236949831794	-2.93926980245093	0.904306022450328	High	Cell_780	1
Cell_781	1	1	NA	0.12031148904236	-2.19310893922023	0.629400600679219	Low	Cell_781	1
Cell_782	2	1	NA	3.97098601333167	1.84294444753088	0.909733569948003	High	Cell_782	1
Cell_783	1	1	NA	-2.70434280596908	-3.43301816049506	0.507738834479824	Low	Cell_783	1
Cell_784	1	1	NA	-7.78129976954305	-4.3951650812445	0.827200383297168	Medium	Cell_784	1
Cell_785	1	1	NA	-3.94119204202944	-2.76095999137477	0.905859792139381	High	Cell_785	1
Cell_786	1	1	NA	-6.37414971454673	-4.46085029596196	0.730684463400394	Medium	Cell_786	1
Cell_787	1	1	NA	0.569006690908614	-1.31794283138105	0.601708550821058	Low	Cell_787	1
Cell_788	1	1	NA	-6.47579157993067	-3.44292185190955	0.509384108590893	Low	Cell_788	1
Cell_789	2	1	NA	3.69578345988409	5.3020604865292	0.641566348611377	Low	Cell_789	1
Cell_79	1	1	NA	0.973181400610304	-1.90375811859029	0.675898954621516	Medium	Cell_79	1
Cell_790	3	1	NA	1.09222318854294	8.68745505510101	0.957636312814429	High	Cell_790	1
Cell_791	1	1	NA	0.595963031254686	-4.20661977334578	0.966848260257393	High	Cell_791	1
Cell_792	1	1	NA	-1.24167437525291	-4.05747893234885	0.771265806863084	Medium	Cell_792	1
Cell_793	1	1	NA	-6.52118416519544	-4.61300610367329	0.609711272991262	Low	Cell_793	1
Cell_794	2	1	NA	4.09538742261915	2.35774771068106	0.744713902007788	Medium	Cell_794	1
Cell_795	2	1	NA	2.38919486493313	-0.881531693937835	0.900574368075468	High	Cell_795	1
Cell_796	3	1	NA	0.830977903421522	8.83782313022139	0.703815328888595	Medium	Cell_796	1
Cell_797	1	1	NA	-1.39603708655664	0.245032714609337	0.551855783443898	Low	Cell_797	1
Cell_798	1	1	NA	-4.9666237129798	-4.05647864854957	0.64028258738108	Low	Cell_798	1
Cell_799	2	1	NA	1.70254752594727	-1.63429889229394	0.680733110290021	Medium	Cell_799	1
Cell_8	2	1	NA	1.71157683587296	-1.38019544941075	0.946209522197023	High	Cell_8	1
Cell_80	1	1	NA	-2.98755608542044	-3.41288117865898	0.555567712173797	Low	Cell_80	1
Cell_800	2	1	NA	2.93806786320945	-0.658027235104636	0.629622420528904	Low	Cell_800	1
Cell_801	1	1	NA	-4.79903134238334	-3.82885596668756	0.73534091678448	Medium	Cell_801	1
Cell_802	2	1	NA	3.39117761723014	2.15303553634274	0.682922736625187	Medium	Cell_802	1
Cell_803	1	1	NA	0.268641111097792	-2.36758927410259	0.560636027134024	Low	Cell_803	1
Cell_804	1	1	NA	-7.12698407479458	-3.71192979750676	0.52349684026558	Low	Cell_804	1
Cell_805	1	1	NA	-1.60663890217435	-2.16346440106296	0.631398152094334	Low	Cell_805	1
Cell_806	3	1	NA	3.14584151544411	6.63422910899047	0.984320583986118	High	Cell_806	1
Cell_807	1	1	NA	-0.000453664096506712	-0.207158562992468	0.744247741182335	Medium	Cell_807	1
Cell_808	2	1	NA	4.18787210647424	2.6424954333104	0.738911014865153	Medium	Cell_808	1
Cell_809	1	1	NA	-6.44456249409993	-3.8226763653564	0.874396440573037	High	Cell_809	1
Cell_81	1	1	NA	-2.47447477963258	-3.78642304152132	0.621809736359864	Low	Cell_81	1
Cell_810	1	1	NA	-8.75322325420453	-3.66441928187269	0.833820115658455	High	Cell_810	1
Cell_811	2	1	NA	2.83797487812366	2.34797431966317	0.524707798380405	Low	Cell_811	1
Cell_812	1	1	NA	-3.23500569712249	-2.33064809140275	0.847552622202784	High	Cell_812	1
Cell_813	2	1	NA	1.40232178289798	0.477993064935461	0.681630783365108	Medium	Cell_813	1
Cell_814	1	1	NA	0.74220177324134	-0.591075471694356	0.942066803690977	High	Cell_814	1
Cell_815	2	1	NA	3.25904149209982	2.3621611766847	0.887648614821956	High	Cell_815	1
Cell_816	1	1	NA	0.000502860461210952	-1.47739531301739	0.569601820665412	Low	Cell_816	1
Cell_817	1	1	NA	-1.75553614498664	-0.358628117313303	0.647504635620862	Low	Cell_817	1
Cell_818	1	1	NA	-0.966557439734552	-3.37089384515857	0.563041392713785	Low	Cell_818	1
Cell_819	1	1	NA	1.10271581716336	-0.525353278906815	0.794950811890885	Medium	Cell_819	1
Cell_82	2	1	NA	2.63100865774841	0.421324990522016	0.83402779372409	High	Cell_82	1
Cell_820	1	1	NA	0.043001528064974	-0.758045367511089	0.780837804428302	Medium	Cell_820	1
Cell_821	1	1	NA	-2.29694130936149	-0.905455021551584	0.844360560062341	High	Cell_821	1
Cell_822	3	1	NA	1.60534012008535	7.92784602931768	0.655635404516943	Low	Cell_822	1
Cell_823	2	1	NA	3.28470172214718	2.51156676263375	0.802793420734815	Medium	Cell_823	1
Cell_824	2	1	NA	3.07874718815249	0.138515044824693	0.995517159462906	High	Cell_824	1
Cell_825	2	1	NA	4.2981369487553	3.97527268295873	0.871602457598783	High	Cell_825	1
Cell_826	1	1	NA	-4.20869754518054	-2.97462031011733	0.537928565172479	Low	Cell_826	1
Cell_827	1	1	NA	-1.81090005573635	-2.19727092713895	0.725584453204647	Medium	Cell_827	1
Cell_828	1	1	NA	-0.456736397223721	-1.03499900597788	0.526768467272632	Low	Cell_828	1
Cell_829	1	1	NA	-2.52034000947601	-3.35154364226865	0.66977775702253	Medium	Cell_829	1
Cell_83	2	1	NA	2.63537742805138	1.53639871905644	0.708823389839381	Medium	Cell_83	1
Cell_830	1	1	NA	-5.98165961771979	-4.32598876186821	0.86697607440874	High	Cell_830	1
Cell_831	1	1	NA	-2.17990379685358	-3.45133829139721	0.502053470234387	Low	Cell_831	1
Cell_832	1	1	NA	-2.48729733007942	-3.76232197417898	0.885954741155729	High	Cell_832	1
Cell_833	2	1	NA	4.14574432797096	2.58106679229012	0.731487605604343	Medium	Cell_833	1
Cell_834	2	1	NA	2.49346877641189	-1.05514969632854	0.860420175013132	High	Cell_834	1
Cell_835	1	1	NA	3.82068077596722	-7.88145155822988	0.833252858603373	Medium	Cell_835	1
Cell_836	2	1	NA	2.80562442965539	2.2016427831742	0.786036860314198	Medium	Cell_836	1
Cell_837	2	1	NA	2.38099456402315	-1.23397876894662	0.851906475028954	High	Cell_837	1
Cell_838	1	1	NA	0.504629591581159	-0.925060652506606	0.82861053023953	Medium	Cell_838	1
Cell_839	2	1	NA	2.88855729097192	0.777605205006421	0.644676072522998	Low	Cell_839	1
Cell_84	1	1	NA	-4.87208650528815	-3.57611743868989	0.894097917014733	High	Cell_84	1
Cell_840	2	1	NA	3.30013355679847	2.17887129513298	0.548619727836922	Low	Cell_840	1
Cell_841	3	1	NA	2.3426175303212	7.64759188255719	0.981210660538636	High	Cell_841	1
Cell_842	1	1	NA	-0.279246824445774	-2.38369736356407	0.868167014559731	High	Cell_842	1
Cell_843	2	1	NA	4.34259260975535	4.76724797888697	0.806361734285019	Medium	Cell_843	1
Cell_844	1	1	NA	-0.185814114584161	0.186678528631075	0.559964440413751	Low	Cell_844	1
Cell_845	1	1	NA	-6.95835002572521	-3.73327590613363	0.775129523244686	Medium	Cell_845	1
Cell_846	1	1	NA	-6.63565930756715	-4.35044210492862	0.631378138903528	Low	Cell_846	1
Cell_847	1	1	NA	-7.11680942913404	-4.17972602218312	0.949180415598676	High	Cell_847	1
Cell_848	2	1	NA	3.20501240314001	4.31002572313211	0.504589972901158	Low	Cell_848	1
Cell_849	2	1	NA	3.38675036711973	4.4204396733813	0.618117467965931	Low	Cell_849	1
Cell_85	1	1	NA	-0.704520023753139	-1.60987799076214	0.551432322128676	Low	Cell_85	1
Cell_850	1	1	NA	-1.34650468988994	-4.10283755340496	0.565022297669202	Low	Cell_850	1
Cell_851	2	1	NA	3.18197229351989	2.8923728728056	0.663116573356092	Low	Cell_851	1
Cell_852	2	1	NA	2.89540017858509	1.33893843767764	0.863199444138445	High	Cell_852	1
Cell_853	1	1	NA	-5.59764776802816	-3.57603794183591	0.995872617699206	High	Cell_853	1
Cell_854	2	1	NA	3.40375091990824	2.12437200059337	0.857566763879731	High	Cell_854	1
Cell_855	1	1	NA	1.22720608655695	-0.344807597510153	0.752219905494712	Medium	Cell_855	1
Cell_856	1	1	NA	-6.95252074638388	-3.67646633270461	0.718023835914209	Medium	Cell_856	1
Cell_857	1	1	NA	-4.87140718585218	-4.54449963854895	0.974412625306286	High	Cell_857	1
Cell_858	2	1	NA	3.8020046573288	3.75982075318634	0.560090743820183	Low	Cell_858	1
Cell_859	1	1	NA	0.841840548418062	-0.600210045654024	0.53757258830592	Low	Cell_859	1
Cell_86	1	1	NA	-4.61542908735008	-4.08557706277149	0.717446370748803	Medium	Cell_86	1
Cell_860	1	1	NA	-6.99140329348805	-4.53400631520418	0.944510746398009	High	Cell_860	1
Cell_861	3	1	NA	-1.14540703241779	9.24435582334773	0.712226047529839	Medium	Cell_861	1
Cell_862	1	1	NA	-4.83885934598769	-3.49567587221771	0.521180339390412	Low	Cell_862	1
Cell_863	2	1	NA	3.14997898641438	0.257172648961949	0.823721071821637	Medium	Cell_863	1
Cell_864	2	1	NA	4.17553420598207	1.84853501675698	0.734309581224807	Medium	Cell_864	1
Cell_865	2	1	NA	4.1639175603357	3.89418895138926	0.808963061659597	Medium	Cell_865	1
Cell_866	1	1	NA	0.676868932025646	-1.09742177664067	0.635407716268674	Low	Cell_866	1
Cell_867	1	1	NA	-3.98863282060811	-4.15933978752229	0.578647643327713	Low	Cell_867	1
Cell_868	2	1	NA	3.53795757637542	3.03574864572604	0.557127135107294	Low	Cell_868	1
Cell_869	2	1	NA	4.43659405655638	2.51238871699691	0.753841431578621	Medium	Cell_869	1
Cell_87	1	1	NA	-3.94738263625769	-2.42151775715492	0.992478489992209	High	Cell_87	1
Cell_870	1	1	NA	-5.55535472670301	-4.05681261300004	0.774016143754125	Medium	Cell_870	1
Cell_871	1	1	NA	-0.850907824693663	-1.45529624267594	0.570323094725609	Low	Cell_871	1
Cell_872	1	1	NA	-7.2448484975993	-4.08388194154399	0.58488452504389	Low	Cell_872	1
Cell_873	1	1	NA	-2.67716261790135	-3.80906265635656	0.880992661579512	High	Cell_873	1
Cell_874	2	1	NA	4.26210237631324	4.61019848236013	0.763697470305488	Medium	Cell_874	1
Cell_875	2	1	NA	1.24603602052637	-0.165444454149307	0.930494678788818	High	Cell_875	1
Cell_876	1	1	NA	0.419028410758801	-3.29434855542712	0.836777493939735	High	Cell_876	1
Cell_877	1	1	NA	-2.81924353757864	-2.91570152283027	0.506520514842123	Low	Cell_877	1
Cell_878	2	1	NA	2.53537705296925	-0.166009007768123	0.846599450684153	High	Cell_878	1
Cell_879	1	1	NA	-6.43683081246316	-4.37710218083676	0.94585686607752	High	Cell_879	1
Cell_88	2	1	NA	3.80459839742976	4.75906842063311	0.946525557199493	High	Cell_88	1
Cell_880	2	1	NA	3.29161389529239	4.73989568676771	0.815925087663345	Medium	Cell_880	1
Cell_881	1	1	NA	0.805375563329374	-1.59742131803937	0.553647327469662	Low	Cell_881	1
Cell_882	1	1	NA	-6.37112653573946	-3.49416879424406	0.96053260192275	High	Cell_882	1
Cell_883	1	1	NA	-2.28251297180631	-2.23878834741214	0.837681190576404	High	Cell_883	1
Cell_884	1	1	NA	3.84529756229248	-7.80115570884214	0.574296856299043	Low	Cell_884	1
Cell_885	2	1	NA	4.12689723849952	3.81813773947587	0.872670921147801	High	Cell_885	1
Cell_886	1	1	NA	-2.76975888426137	-2.40440564812164	0.971299430937506	High	Cell_886	1
Cell_887	1	1	NA	1.1423031422944	-2.56786785158881	0.710391687811352	Medium	Cell_887	1
Cell_888	3	1	NA	3.23035840872364	6.55603523835255	0.648861539084464	Low	Cell_888	1
Cell_889	3	1	NA	-0.435979557718325	9.10648139369632	0.629713335074484	Low	Cell_889	1
Cell_89	1	1	NA	-1.9769007533909	-1.84083914768011	0.943234530393966	High	Cell_89	1
Cell_890	1	1	NA	-7.68869658038228	-3.79124813987413	0.611440658452921	Low	Cell_890	1
Cell_891	1	1	NA	-3.28698222181573	-2.66797065692884	0.782827171729878	Medium	Cell_891	1
Cell_892	3	1	NA	1.05623033765665	8.6174811198804	0.878325066412799	High	Cell_892	1
Cell_893	2	1	NA	3.62776183898483	3.34593317231548	0.834801772958599	High	Cell_893	1
Cell_894	1	1	NA	-1.87213788965216	-2.35379105949206	0.773261397145689	Medium	Cell_894	1
Cell_895	3	1	NA	0.831029001988348	8.52557333728545	0.90573182888329	High	Cell_895	1
Cell_896	1	1	NA	1.6978593555387	-3.28460627460848	0.87958340102341	High	Cell_896	1
Cell_897	1	1	NA	-4.69136278050964	-4.29650197028206	0.51003423309885	Low	Cell_897	1
Cell_898	1	1	NA	-3.14346528192261	-2.95849352894833	0.690451850066893	Medium	Cell_898	1
Cell_899	1	1	NA	0.415756970422545	-2.61198025249833	0.525440056808293	Low	Cell_899	1
Cell_9	2	1	NA	3.90974348336917	4.39703506798881	0.775717507232912	Medium	Cell_9	1
Cell_90	2	1	NA	3.39055347969167	-0.297234987838371	0.587526325136423	Low	Cell_90	1
Cell_900	1	1	NA	-3.18161638606945	-2.14792717024165	0.898951468640007	High	Cell_900	1
Cell_901	2	1	NA	3.03434431356799	2.59422789674044	0.961849606595933	High	Cell_901	1
Cell_902	2	1	NA	2.39184982203695	-0.496677372079292	0.771299185231328	Medium	Cell_902	1
Cell_903	3	1	NA	3.2346997751377	6.11885916764944	0.926182300085202	High	Cell_903	1
Cell_904	3	1	NA	3.35654943485295	5.82275514990078	0.791781431646086	Medium	Cell_904	1
Cell_905	1	1	NA	-0.265766147914312	-1.82324002768379	0.834161821752787	High	Cell_905	1
Cell_906	2	1	NA	3.5653220797808	0.485057257764096	0.755657298257574	Medium	Cell_906	1
Cell_907	2	1	NA	4.5769375072146	2.08671276963	0.881375294644386	High	Cell_907	1
Cell_908	2	1	NA	1.5131309341064	-1.10884624340556	0.951681143953465	High	Cell_908	1
Cell_909	3	1	NA	-0.38120782261837	9.11120364377562	0.910237256088294	High	Cell_909	1
Cell_91	2	1	NA	2.83309621881353	1.07888859672716	0.565347845782526	Low	Cell_91	1
Cell_910	1	1	NA	-1.82753454110138	-2.78774517350127	0.535715924808756	Low	Cell_910	1
Cell_911	1	1	NA	3.69680489819499	-7.52742548706982	0.501948171528056	Low	Cell_911	1
Cell_912	1	1	NA	-1.02557920509135	-2.57988976210382	0.526099307928234	Low	Cell_912	1
Cell_913	1	1	NA	-2.59344619148491	-3.24179305485469	0.933280089870095	High	Cell_913	1
Cell_914	1	1	NA	-2.41371843788723	-3.00779004579024	0.788122584461235	Medium	Cell_914	1
Cell_915	1	1	NA	-1.46603989867171	-2.48495506961244	0.656921286019497	Low	Cell_915	1
Cell_916	2	1	NA	3.91283025138792	3.88767948450152	0.979732891893946	High	Cell_916	1
Cell_917	2	1	NA	2.78611944370307	0.442274608461557	0.795596878509969	Medium	Cell_917	1
Cell_918	1	1	NA	-3.64880803066089	-3.06193648840596	0.76570466789417	Medium	Cell_918	1
Cell_919	2	1	NA	3.64751234357543	5.45319664632192	0.691968335770071	Medium	Cell_919	1
Cell_92	1	1	NA	-4.93757532478441	-4.43608267127027	0.826550962519832	Medium	Cell_92	1
Cell_920	1	1	NA	-0.594545232740184	-2.1691937498681	0.659776614746079	Low	Cell_920	1
Cell_921	2	1	NA	1.97659576395832	-1.76377122562178	0.904193127644248	High	Cell_921	1
Cell_922	3	1	NA	2.43409236502427	7.47722627737469	0.520959749235772	Low	Cell_922	1
Cell_923	3	1	NA	-0.635368458455027	9.1312932659781	0.681871347362176	Medium	Cell_923	1
Cell_924	2	1	NA	1.96360758082011	-1.81325750059192	0.928298483486287	High	Cell_924	1
Cell_925	3	1	NA	1.19596359978412	8.49492226396471	0.848973289248534	High	Cell_925	1
Cell_926	2	1	NA	3.30703672746446	0.488619495309812	0.842243236489594	High	Cell_926	1
Cell_927	2	1	NA	5.02579074379848	3.76873631894762	0.67400752636604	Medium	Cell_927	1
Cell_928	2	1	NA	4.12759815455954	4.96136069989723	0.777340914704837	Medium	Cell_928	1
Cell_929	1	1	NA	0.213680139209866	-0.741993100973444	0.568621808779426	Low	Cell_929	1
Cell_93	1	1	NA	-0.969944719958851	-4.74785832941939	0.6717582361307	Medium	Cell_93	1
Cell_930	3	1	NA	2.71989910251858	7.14372768753554	0.89246577816084	High	Cell_930	1
Cell_931	1	1	NA	-2.80424335886407	-2.64689105895423	0.94343128579203	High	Cell_931	1
Cell_932	1	1	NA	-4.76102141306407	-4.0185822285269	0.60204794164747	Low	Cell_932	1
Cell_933	3	1	NA	3.36102764359204	6.27740864181408	0.885311480727978	High	Cell_933	1
Cell_934	1	1	NA	-1.86223524616293	-0.0820686791483728	0.798181480378844	Medium	Cell_934	1
Cell_935	2	1	NA	2.72575136654625	-0.0139141679341863	0.978834871202707	High	Cell_935	1
Cell_936	1	1	NA	-1.20947232405362	-3.83851141546815	0.579344198806211	Low	Cell_936	1
Cell_937	2	1	NA	3.87843412708445	1.55834050653581	0.762987137073651	Medium	Cell_937	1
Cell_938	1	1	NA	-3.52956126266366	-4.01477985823347	0.936575683765113	High	Cell_938	1
Cell_939	2	1	NA	3.67946061428058	2.07955633834739	0.934853035141714	High	Cell_939	1
Cell_94	2	1	NA	2.13741654554566	-0.171818859146114	0.828379063983448	Medium	Cell_94	1
Cell_940	3	1	NA	2.87544770865889	6.91057131820299	0.511844321619719	Low	Cell_940	1
Cell_941	2	1	NA	2.5900159176399	0.463683429429001	0.987944846739992	High	Cell_941	1
Cell_942	1	1	NA	-6.5965127877929	-4.45497234737195	0.745112099102698	Medium	Cell_942	1
Cell_943	1	1	NA	-7.28629519663304	-3.98796925502178	0.694585161516443	Medium	Cell_943	1
Cell_944	1	1	NA	-4.03569254348946	-4.22285637708631	0.708777479943819	Medium	Cell_944	1
Cell_945	1	1	NA	-0.334904965214612	-1.00580155781139	0.546462910249829	Low	Cell_945	1
Cell_946	1	1	NA	-2.16984221442627	-3.21785153795759	0.580904605099931	Low	Cell_946	1
Cell_947	1	1	NA	-1.56418401469341	-0.705962872153121	0.702708247583359	Medium	Cell_947	1
Cell_948	1	1	NA	0.17100006541685	-2.84905713249562	0.67090722208377	Medium	Cell_948	1
Cell_949	1	1	NA	-1.47860167997242	-2.85410095707224	0.707628726609983	Medium	Cell_949	1
Cell_95	1	1	NA	1.54760622462167	-2.06527632221246	0.660186621244065	Low	Cell_95	1
Cell_950	2	1	NA	3.32698573990814	3.50662658125177	0.652026234543882	Low	Cell_950	1
Cell_951	1	1	NA	-9.1392210065022	-4.11759745368151	0.780140268732794	Medium	Cell_951	1
Cell_952	2	1	NA	2.87678243481924	1.27129844667951	0.577937075286172	Low	Cell_952	1
Cell_953	1	1	NA	-2.78219845814447	-3.1350005309963	0.978289882070385	High	Cell_953	1
Cell_954	2	1	NA	2.72478129385103	1.10436730219584	0.521983312675729	Low	Cell_954	1
Cell_955	1	1	NA	0.46002950535958	-2.09732605218682	0.686078871367499	Medium	Cell_955	1
Cell_956	1	1	NA	-7.6675791865753	-4.36662835935146	0.981307670706883	High	Cell_956	1
Cell_957	2	1	NA	4.0015004373332	3.67338565405234	0.822713757865131	Medium	Cell_957	1
Cell_958	1	1	NA	-5.97463091885687	-4.22784966270112	0.530631307163276	Low	Cell_958	1
Cell_959	3	1	NA	-1.21601097620779	9.26544951848817	0.704972964245826	Medium	Cell_959	1
Cell_96	2	1	NA	2.63343474513617	1.91327025564788	0.593845559633337	Low	Cell_96	1
Cell_960	1	1	NA	-3.99334940251372	-2.92122306999692	0.712952567031607	Medium	Cell_960	1
Cell_961	1	1	NA	-1.57092088177529	-0.717908896320935	0.754079042351805	Medium	Cell_961	1
Cell_962	2	1	NA	3.61552452150106	2.88938370620692	0.724799955380149	Medium	Cell_962	1
Cell_963	2	1	NA	3.46062138251848	4.10397471455607	0.811630691750906	Medium	Cell_963	1
Cell_964	3	1	NA	1.36785038407905	8.61507166346164	0.569988965522498	Low	Cell_964	1
Cell_965	1	1	NA	-6.3813101640687	-4.0744673421352	0.953973200405017	High	Cell_965	1
Cell_966	1	1	NA	-0.961992513726291	-2.07118483882387	0.784721637377515	Medium	Cell_966	1
Cell_967	1	1	NA	-1.08188328903881	-3.01480699286403	0.774140286957845	Medium	Cell_967	1
Cell_968	2	1	NA	2.58026280308952	0.114198078741582	0.558413811260834	Low	Cell_968	1
Cell_969	3	1	NA	2.52968817847852	7.65017829988359	0.881014166167006	High	Cell_969	1
Cell_97	1	1	NA	-0.455309851900617	-2.95217391773254	0.891147150658071	High	Cell_97	1
Cell_970	2	1	NA	4.04980128847142	2.93350896132795	0.739184723352082	Medium	Cell_970	1
Cell_971	1	1	NA	0.135905924718305	-0.353599678710281	0.890984457335435	High	Cell_971	1
Cell_972	1	1	NA	-4.65796414079128	-3.14853576419268	0.523013274301775	Low	Cell_972	1
Cell_973	2	1	NA	3.7874588827601	5.28106108968843	0.909922333899885	High	Cell_973	1
Cell_974	2	1	NA	3.95253425038623	2.79445513374523	0.634704223717563	Low	Cell_974	1
Cell_975	1	1	NA	-0.096852481558559	-0.804051985775656	0.641425207257271	Low	Cell_975	1
Cell_976	2	1	NA	1.8719546248529	-0.382459288119488	0.821610779734328	Medium	Cell_976	1
Cell_977	1	1	NA	2.64215462181395	-1.9178044483832	0.974059418891557	High	Cell_977	1
Cell_978	1	1	NA	-1.08517139837379	-1.73036986977832	0.503499227226712	Low	Cell_978	1
Cell_979	1	1	NA	-5.70586542315017	-3.9129287637859	0.675808836007491	Medium	Cell_979	1
Cell_98	2	1	NA	1.4645032288694	-1.28070861609766	0.54679749335628	Low	Cell_98	1
Cell_980	2	1	NA	3.84991316258097	3.56668934007378	0.709522862453014	Medium	Cell_980	1
Cell_981	1	1	NA	-2.99230824506961	-2.11646391070876	0.728938398533501	Medium	Cell_981	1
Cell_982	1	1	NA	-1.59225755817173	-1.29425175542567	0.855846289661713	High	Cell_982	1
Cell_983	2	1	NA	4.30325890408481	4.47705734575644	0.959924028837122	High	Cell_983	1
Cell_984	2	1	NA	2.55687188055672	1.25437313897961	0.813555350294337	Medium	Cell_984	1
Cell_985	2	1	NA	3.06489933057059	0.8196759973677	0.951090889167972	High	Cell_985	1
Cell_986	1	1	NA	0.218589731908874	-2.82372915981168	0.878664579591714	High	Cell_986	1
Cell_987	2	1	NA	3.79020272013402	0.922108491150099	0.568929182831198	Low	Cell_987	1
Cell_988	1	1	NA	-2.36553588477793	-3.1187603769651	0.576627439004369	Low	Cell_988	1
Cell_989	2	1	NA	3.52350122204504	4.8918823978404	0.595656093442813	Low	Cell_989	1
Cell_99	2	1	NA	1.91799784392358	-1.59717575040979	0.73338952078484	Medium	Cell_99	1
Cell_990	2	1	NA	1.75911887969578	0.667670039875295	0.716592570301145	Medium	Cell_990	1
Cell_991	3	1	NA	2.0824247146549	7.77799186078431	0.543609650922008	Low	Cell_991	1
Cell_992	1	1	NA	-6.68451217789071	-3.44249670159447	0.611890000523999	Low	Cell_992	1
Cell_993	3	1	NA	2.15629613250828	8.06823741191011	0.786074339761399	Medium	Cell_993	1
Cell_994	2	1	NA	1.38699540313061	-0.0851612874896024	0.700084589188918	Medium	Cell_994	1
Cell_995	1	1	NA	-5.33165412830519	-4.15394352022522	0.782732690335251	Medium	Cell_995	1
Cell_996	1	1	NA	-2.26628417316264	-0.678857947785011	0.914811939350329	High	Cell_996	1
Cell_997	1	1	NA	1.3272128945619	-2.77607588909509	0.821056909742765	Medium	Cell_997	1
Cell_998	2	1	NA	3.36884613185509	5.55291102752539	0.695749375852756	Medium	Cell_998	1
Cell_999	1	1	NA	-9.02210095967546	-4.03979320442422	0.854789927368984	High	Cell_999	1
