Cell_ID	SR_Value	SR_Category
Cell_1	0.643788760062307	Low
Cell_2	0.894152567721903	High
Cell_3	0.70448846090585	Medium
Cell_4	0.941508702002466	High
Cell_5	0.970233642146923	High
Cell_6	0.522778249694966	Low
Cell_7	0.764052744023502	Medium
Cell_8	0.946209522197023	High
Cell_9	0.775717507232912	Medium
Cell_10	0.728307367651723	Medium
Cell_11	0.978416672674939	High
Cell_12	0.726667078095488	Medium
Cell_13	0.838785317726433	High
Cell_14	0.786316700978205	Medium
Cell_15	0.551462341332808	Low
Cell_16	0.949912485200912	High
Cell_17	0.62304386717733	Low
Cell_18	0.521029766765423	Low
Cell_19	0.663960359641351	Low
Cell_20	0.977251824573614	High
Cell_21	0.944769658031873	High
Cell_22	0.8464017030783	High
Cell_23	0.820253406884149	Medium
Cell_24	0.997134888311848	High
Cell_25	0.827852899557911	Medium
Cell_26	0.854265234083869	High
Cell_27	0.772033012355678	Medium
Cell_28	0.79707101022359	Medium
Cell_29	0.64457986864727	Low
Cell_30	0.573556823655963	Low
Cell_31	0.981512116268277	High
Cell_32	0.951149522559717	High
Cell_33	0.845352639211342	High
Cell_34	0.897733708843589	High
Cell_35	0.512306842254475	Low
Cell_36	0.738897985545918	Medium
Cell_37	0.879229768761434	High
Cell_38	0.608203967916779	Low
Cell_39	0.659090503817424	Low
Cell_40	0.615812892676331	Low
Cell_41	0.571400011191145	Low
Cell_42	0.70727316790726	Medium
Cell_43	0.706862163147889	Medium
Cell_44	0.684422725462355	Medium
Cell_45	0.576222373871133	Low
Cell_46	0.569403031724505	Low
Cell_47	0.616517049726099	Low
Cell_48	0.732981225126423	Medium
Cell_49	0.632986320182681	Low
Cell_50	0.928913857671432	High
Cell_51	0.522915583336726	Low
Cell_52	0.721100037102588	Medium
Cell_53	0.899462422821671	High
Cell_54	0.56094962998759	Low
Cell_55	0.780473991879262	Medium
Cell_56	0.603265694808215	Low
Cell_57	0.563765825121664	Low
Cell_58	0.876653932151385	High
Cell_59	0.94752267957665	High
Cell_60	0.687231387943029	Medium
Cell_61	0.832557597314008	Medium
Cell_62	0.547420330462046	Low
Cell_63	0.691984818899073	Medium
Cell_64	0.637191822286695	Low
Cell_65	0.907320019439794	High
Cell_66	0.724258170695975	Medium
Cell_67	0.905032176524401	High
Cell_68	0.906194754759781	High
Cell_69	0.897171160555445	High
Cell_70	0.719915843801573	Medium
Cell_71	0.877237579319626	High
Cell_72	0.814610565779731	Medium
Cell_73	0.855091200675815	High
Cell_74	0.500312386662699	Low
Cell_75	0.737658287049271	Medium
Cell_76	0.610059442580678	Low
Cell_77	0.689908268861473	Medium
Cell_78	0.806385501637124	Medium
Cell_79	0.675898954621516	Medium
Cell_80	0.555567712173797	Low
Cell_81	0.621809736359864	Low
Cell_82	0.83402779372409	High
Cell_83	0.708823389839381	Medium
Cell_84	0.894097917014733	High
Cell_85	0.551432322128676	Low
Cell_86	0.717446370748803	Medium
Cell_87	0.992478489992209	High
Cell_88	0.946525557199493	High
Cell_89	0.943234530393966	High
Cell_90	0.587526325136423	Low
Cell_91	0.565347845782526	Low
Cell_92	0.826550962519832	Medium
Cell_93	0.6717582361307	Medium
Cell_94	0.828379063983448	Medium
Cell_95	0.660186621244065	Low
Cell_96	0.593845559633337	Low
Cell_97	0.891147150658071	High
Cell_98	0.54679749335628	Low
Cell_99	0.73338952078484	Medium
Cell_100	0.755752729950473	Medium
Cell_101	0.799994479632005	Medium
Cell_102	0.666411770158447	Low
Cell_103	0.744306516833603	Medium
Cell_104	0.977236913749948	High
Cell_105	0.7414511985844	Medium
Cell_106	0.945175111060962	High
Cell_107	0.957219093455933	High
Cell_108	0.804367491160519	Medium
Cell_109	0.705344888265245	Medium
Cell_110	0.573547345469706	Low
Cell_111	0.967649901635014	High
Cell_112	0.650614449987188	Low
Cell_113	0.530360285774805	Low
Cell_114	0.973863470018841	High
Cell_115	0.860298136714846	High
Cell_116	0.571147147798911	Low
Cell_117	0.774642328033224	Medium
Cell_118	0.977045619278215	High
Cell_119	0.792741676559672	Medium
Cell_120	0.702255140873604	Medium
Cell_121	0.82394673966337	Medium
Cell_122	0.659910308546387	Low
Cell_123	0.653860005433671	Low
Cell_124	0.609883815632202	Low
Cell_125	0.684744432917796	Medium
Cell_126	0.992109601735137	High
Cell_127	0.577101150411181	Low
Cell_128	0.545521999942139	Low
Cell_129	0.570953453890979	Low
Cell_130	0.845003550755791	High
Cell_131	0.809628241695464	Medium
Cell_132	0.945697058574297	High
Cell_133	0.836499546305276	High
Cell_134	0.868538868962787	High
Cell_135	0.760567862889729	Medium
Cell_136	0.829919224837795	Medium
Cell_137	0.910902730072848	High
Cell_138	0.893140775850043	High
Cell_139	0.98991095868405	High
Cell_140	0.719715768122114	Medium
Cell_141	0.655851101037115	Low
Cell_142	0.704737476306036	Medium
Cell_143	0.505233555915765	Low
Cell_144	0.591924762004055	Low
Cell_145	0.921364659443498	High
Cell_146	0.615580891026184	Low
Cell_147	0.619549977825955	Low
Cell_148	0.538345582666807	Low
Cell_149	0.622861839015968	Low
Cell_150	0.866067602764815	High
Cell_151	0.923726582550444	High
Cell_152	0.748763633542694	Medium
Cell_153	0.693954514921643	Medium
Cell_154	0.623224497074261	Low
Cell_155	0.555548230651766	Low
Cell_156	0.694997217622586	Medium
Cell_157	0.785967656993307	Medium
Cell_158	0.608446381404065	Low
Cell_159	0.72238400101196	Medium
Cell_160	0.60899533436168	Low
Cell_161	0.751149781630374	Medium
Cell_162	0.676952285924926	Medium
Cell_163	0.82499257940799	Medium
Cell_164	0.687356978305615	Medium
Cell_165	0.677722690394148	Medium
Cell_166	0.766843972727656	Medium
Cell_167	0.870167180197313	High
Cell_168	0.610551468911581	Low
Cell_169	0.706373059307225	Medium
Cell_170	0.632843343424611	Low
Cell_171	0.814986526733264	Medium
Cell_172	0.591914245393127	Low
Cell_173	0.93182205571793	High
Cell_174	0.873284002067521	High
Cell_175	0.834142324863933	High
Cell_176	0.809008936630562	Medium
Cell_177	0.686119030113332	Medium
Cell_178	0.764917842927389	Medium
Cell_179	0.937341171433218	High
Cell_180	0.790875049890019	Medium
Cell_181	0.91988388239406	High
Cell_182	0.656224082456902	Low
Cell_183	0.854145161109045	High
Cell_184	0.632508903043345	Low
Cell_185	0.797171597019769	Medium
Cell_186	0.740644900244661	Medium
Cell_187	0.632516365731135	Low
Cell_188	0.78229521738831	Medium
Cell_189	0.956594111514278	High
Cell_190	0.950937194749713	High
Cell_191	0.637083310750313	Low
Cell_192	0.660741378203966	Low
Cell_193	0.992820442188531	High
Cell_194	0.809996655094437	Medium
Cell_195	0.968657044577412	High
Cell_196	0.733266351162456	Medium
Cell_197	0.703416296630166	Medium
Cell_198	0.829615162103437	Medium
Cell_199	0.576173308421858	Low
Cell_200	0.786433529108763	Medium
Cell_201	0.619363013422117	Low
Cell_202	0.981179468217306	High
Cell_203	0.800682862987742	Medium
Cell_204	0.757514863624237	Medium
Cell_205	0.701286671101116	Medium
Cell_206	0.940123270615004	High
Cell_207	0.682045932393521	Medium
Cell_208	0.644119640346617	Low
Cell_209	0.585322617553174	Low
Cell_210	0.586085873190314	Low
Cell_211	0.74102130276151	Medium
Cell_212	0.626482464256696	Low
Cell_213	0.608127394807525	Low
Cell_214	0.837188194040209	High
Cell_215	0.523831813712604	Low
Cell_216	0.85042654373683	High
Cell_217	0.67594431922771	Medium
Cell_218	0.704471998964436	Medium
Cell_219	0.910475661978126	High
Cell_220	0.959428674075752	High
Cell_221	0.641264165053144	Low
Cell_222	0.980552396853454	High
Cell_223	0.864197214134037	High
Cell_224	0.843187541002408	High
Cell_225	0.526421971386299	Low
Cell_226	0.697610067320056	Medium
Cell_227	0.738922689924948	Medium
Cell_228	0.780126631841995	Medium
Cell_229	0.849130797432736	High
Cell_230	0.957841769210063	High
Cell_231	0.809175613685511	Medium
Cell_232	0.714210754376836	Medium
Cell_233	0.77104018360842	Medium
Cell_234	0.529239244293422	Low
Cell_235	0.63042842852883	Low
Cell_236	0.698575976653956	Medium
Cell_237	0.59887236834038	Low
Cell_238	0.915963781415485	High
Cell_239	0.576443611411378	Low
Cell_240	0.901709271012805	High
Cell_241	0.773413078277372	Medium
Cell_242	0.831158821005374	Medium
Cell_243	0.585849246941507	Low
Cell_244	0.816527679911815	Medium
Cell_245	0.655934873386286	Low
Cell_246	0.862277173204347	High
Cell_247	0.699469912331551	Medium
Cell_248	0.984678205568343	High
Cell_249	0.983699185308069	High
Cell_250	0.863351269508712	High
Cell_251	0.628608373226598	Low
Cell_252	0.610893967328593	Low
Cell_253	0.796522825839929	Medium
Cell_254	0.633760716067627	Low
Cell_255	0.765535199432634	Medium
Cell_256	0.892645835643634	High
Cell_257	0.584030405269004	Low
Cell_258	0.702199590508826	Medium
Cell_259	0.735788138816133	Medium
Cell_260	0.934053403441794	High
Cell_261	0.96285397792235	High
Cell_262	0.94098877965007	High
Cell_263	0.837093421258032	High
Cell_264	0.975083489669487	High
Cell_265	0.758222447126172	Medium
Cell_266	0.788259510649368	Medium
Cell_267	0.668165602954105	Medium
Cell_268	0.67366231570486	Medium
Cell_269	0.510012150276452	Low
Cell_270	0.751406522816978	Medium
Cell_271	0.935521706822328	High
Cell_272	0.503150391974486	Low
Cell_273	0.536028561997227	Low
Cell_274	0.582105612498708	Low
Cell_275	0.885167037136853	High
Cell_276	0.867592152906582	High
Cell_277	0.985937817837112	High
Cell_278	0.733236188418232	Medium
Cell_279	0.537192256655544	Low
Cell_280	0.824409062159248	Medium
Cell_281	0.87929658475332	High
Cell_282	0.568553040502593	Low
Cell_283	0.698292297311127	Medium
Cell_284	0.612492664600722	Low
Cell_285	0.528979280265048	Low
Cell_286	0.697946344153024	Medium
Cell_287	0.532464149990119	Low
Cell_288	0.612943216459826	Low
Cell_289	0.527314554550685	Low
Cell_290	0.835141019779257	High
Cell_291	0.648870891309343	Low
Cell_292	0.550360791152343	Low
Cell_293	0.535952048609033	Low
Cell_294	0.940220284392126	High
Cell_295	0.877123701036908	High
Cell_296	0.908302943804301	High
Cell_297	0.991070186835714	High
Cell_298	0.55179982248228	Low
Cell_299	0.549520914675668	Low
Cell_300	0.899415805586614	High
Cell_301	0.892287633265369	High
Cell_302	0.504714952548966	Low
Cell_303	0.889532941393554	High
Cell_304	0.864695325959474	High
Cell_305	0.815065926406533	Medium
Cell_306	0.740455414983444	Medium
Cell_307	0.57831842568703	Low
Cell_308	0.504107759916224	Low
Cell_309	0.726229197112843	Medium
Cell_310	0.746146664372645	Medium
Cell_311	0.694793555769138	Medium
Cell_312	0.732332970947027	Medium
Cell_313	0.856639500358142	High
Cell_314	0.527650963165797	Low
Cell_315	0.677391548757441	Medium
Cell_316	0.901406136457808	High
Cell_317	0.917854418512434	High
Cell_318	0.61887470248621	Low
Cell_319	0.676993051311001	Medium
Cell_320	0.928442710079253	High
Cell_321	0.926881686900742	High
Cell_322	0.647947727702558	Low
Cell_323	0.573524162289687	Low
Cell_324	0.851996030658484	High
Cell_325	0.551903344108723	Low
Cell_326	0.516863886499777	Low
Cell_327	0.999702263972722	High
Cell_328	0.51743740204256	Low
Cell_329	0.669195641879924	Medium
Cell_330	0.95753188082017	High
Cell_331	0.808617634815164	Medium
Cell_332	0.643142674351111	Low
Cell_333	0.868898701504804	High
Cell_334	0.917027154588141	High
Cell_335	0.657135390210897	Low
Cell_336	0.746283273911104	Medium
Cell_337	0.848686883109622	High
Cell_338	0.820731176994741	Medium
Cell_339	0.821961457491852	Medium
Cell_340	0.988926702411845	High
Cell_341	0.707367667229846	Medium
Cell_342	0.55970238998998	Low
Cell_343	0.763014830066822	Medium
Cell_344	0.612536675413139	Low
Cell_345	0.743205882026814	Medium
Cell_346	0.685107399243861	Medium
Cell_347	0.991675090393983	High
Cell_348	0.694159557577223	Medium
Cell_349	0.614622420165688	Low
Cell_350	0.811648773145862	Medium
Cell_351	0.568270098534413	Low
Cell_352	0.983734747162089	High
Cell_353	0.757535903947428	Medium
Cell_354	0.581535164616071	Low
Cell_355	0.810951147577725	Medium
Cell_356	0.992977082612924	High
Cell_357	0.834385758731514	High
Cell_358	0.709457948454656	Medium
Cell_359	0.661672496586107	Low
Cell_360	0.917627659975551	High
Cell_361	0.571908521815203	Low
Cell_362	0.596407973440364	Low
Cell_363	0.948369341320358	High
Cell_364	0.654059777152725	Low
Cell_365	0.681650271755643	Medium
Cell_366	0.89197323936969	High
Cell_367	0.596689339959994	Low
Cell_368	0.508882905938663	Low
Cell_369	0.703303933143616	Medium
Cell_370	0.741583834635094	Medium
Cell_371	0.710922475089319	Medium
Cell_372	0.671404400840402	Medium
Cell_373	0.933241657330655	High
Cell_374	0.72755402547773	Medium
Cell_375	0.766882436815649	Medium
Cell_376	0.981921665952541	High
Cell_377	0.887295771040954	High
Cell_378	0.604438174283132	Low
Cell_379	0.654393416363746	Low
Cell_380	0.985671225120313	High
Cell_381	0.792450046748854	Medium
Cell_382	0.880411812686361	High
Cell_383	0.686354697216302	Medium
Cell_384	0.884596955613233	High
Cell_385	0.7688385915244	Medium
Cell_386	0.956997724832036	High
Cell_387	0.592648220947012	Low
Cell_388	0.641109208692797	Low
Cell_389	0.547481206594966	Low
Cell_390	0.605243539554067	Low
Cell_391	0.988549498142675	High
Cell_392	0.648151087691076	Low
Cell_393	0.862991513451561	High
Cell_394	0.89284391712863	High
Cell_395	0.552708873059601	Low
Cell_396	0.6197973145172	Low
Cell_397	0.635272436193191	Low
Cell_398	0.55052924703341	Low
Cell_399	0.558956920634955	Low
Cell_400	0.995618277927861	High
Cell_401	0.99302714865189	High
Cell_402	0.56853373569902	Low
Cell_403	0.95265479083173	High
Cell_404	0.788150918786414	Medium
Cell_405	0.697724429541267	Medium
Cell_406	0.724901242065243	Medium
Cell_407	0.853250950574875	High
Cell_408	0.541251372895204	Low
Cell_409	0.669656290090643	Medium
Cell_410	0.840393775608391	High
Cell_411	0.658474624040537	Low
Cell_412	0.915784299024381	High
Cell_413	0.607586041325703	Low
Cell_414	0.748974468093365	Medium
Cell_415	0.638024836312979	Low
Cell_416	0.596011659363285	Low
Cell_417	0.975310632027686	High
Cell_418	0.660862768883817	Low
Cell_419	0.73922819190193	Medium
Cell_420	0.51399628596846	Low
Cell_421	0.773729734006338	Medium
Cell_422	0.822120110271499	Medium
Cell_423	0.798131772316992	Medium
Cell_424	0.660968687850982	Low
Cell_425	0.94555715622846	High
Cell_426	0.813128473702818	Medium
Cell_427	0.651452457648702	Low
Cell_428	0.694102331879549	Medium
Cell_429	0.580237546237186	Low
Cell_430	0.931275948765688	High
Cell_431	0.976550606894307	High
Cell_432	0.781822341727093	Medium
Cell_433	0.664773706695996	Low
Cell_434	0.998308609356172	High
Cell_435	0.617409837897867	Low
Cell_436	0.806335982633755	Medium
Cell_437	0.554089264711365	Low
Cell_438	0.743516284972429	Medium
Cell_439	0.549722911673598	Low
Cell_440	0.580582881346345	Low
Cell_441	0.641496435389854	Low
Cell_442	0.791936167981476	Medium
Cell_443	0.86585382942576	High
Cell_444	0.582760455552489	Low
Cell_445	0.933233881602064	High
Cell_446	0.854287068592384	High
Cell_447	0.880199768114835	High
Cell_448	0.573542054276913	Low
Cell_449	0.679028481710702	Medium
Cell_450	0.836666240706109	High
Cell_451	0.761911300825886	Medium
Cell_452	0.674900896381587	Medium
Cell_453	0.620265350793488	Low
Cell_454	0.529095898149535	Low
Cell_455	0.618309871060774	Low
Cell_456	0.945038956589997	High
Cell_457	0.90591370803304	High
Cell_458	0.873758161091246	High
Cell_459	0.577455862890929	Low
Cell_460	0.562371044303291	Low
Cell_461	0.987362904241309	High
Cell_462	0.718064998043701	Medium
Cell_463	0.732008313410915	Medium
Cell_464	0.58264904061798	Low
Cell_465	0.792468278668821	Medium
Cell_466	0.63538900972344	Low
Cell_467	0.615048460196704	Low
Cell_468	0.845603915746324	High
Cell_469	0.641426199814305	Low
Cell_470	0.905199033091776	High
Cell_471	0.54695830354467	Low
Cell_472	0.911015035584569	High
Cell_473	0.71371414035093	Medium
Cell_474	0.877943629864603	High
Cell_475	0.831192753277719	Medium
Cell_476	0.722263698466122	Medium
Cell_477	0.813573092222214	Medium
Cell_478	0.500232674530707	Low
Cell_479	0.608621757011861	Low
Cell_480	0.852436122833751	High
Cell_481	0.60758324409835	Low
Cell_482	0.906966860638931	High
Cell_483	0.653881937148981	Low
Cell_484	0.843871342833154	High
Cell_485	0.966340539511293	High
Cell_486	0.557889832416549	Low
Cell_487	0.563852843944915	Low
Cell_488	0.839111928711645	High
Cell_489	0.714474297943525	Medium
Cell_490	0.917200488969684	High
Cell_491	0.985719033400528	High
Cell_492	0.535244488855824	Low
Cell_493	0.72989259660244	Medium
Cell_494	0.850792559213005	High
Cell_495	0.543470083968714	Low
Cell_496	0.996472008060664	High
Cell_497	0.626549497013912	Low
Cell_498	0.524769217823632	Low
Cell_499	0.843162473407574	High
Cell_500	0.893463676329702	High
Cell_501	0.676803037989885	Medium
Cell_502	0.683220722479746	Medium
Cell_503	0.643550065346062	Low
Cell_504	0.539986456162296	Low
Cell_505	0.682727134786546	Medium
Cell_506	0.589006907306612	Low
Cell_507	0.768026860314421	Medium
Cell_508	0.751974356011488	Medium
Cell_509	0.972517551737837	High
Cell_510	0.670660641975701	Medium
Cell_511	0.732356887077913	Medium
Cell_512	0.541265590814874	Low
Cell_513	0.930053423042409	High
Cell_514	0.697830319986679	Medium
Cell_515	0.867949675186537	High
Cell_516	0.585871702991426	Low
Cell_517	0.727380815660581	Medium
Cell_518	0.885102379717864	High
Cell_519	0.531324999174103	Low
Cell_520	0.907540747546591	High
Cell_521	0.650571262231097	Low
Cell_522	0.682335513993166	Medium
Cell_523	0.656056395964697	Low
Cell_524	0.518684982438572	Low
Cell_525	0.75940246169921	Medium
Cell_526	0.839506707852706	High
Cell_527	0.951616780133918	High
Cell_528	0.512763349222951	Low
Cell_529	0.994539135368541	High
Cell_530	0.651443812297657	Low
Cell_531	0.969569200300612	High
Cell_532	0.843803790863603	High
Cell_533	0.723518497426994	Medium
Cell_534	0.908239069394767	High
Cell_535	0.519749598926865	Low
Cell_536	0.869515842758119	High
Cell_537	0.674359746859409	Medium
Cell_538	0.914625411736779	High
Cell_539	0.767770695849322	Medium
Cell_540	0.637272681808099	Low
Cell_541	0.900474105961621	High
Cell_542	0.545822347397916	Low
Cell_543	0.91605388710741	High
Cell_544	0.638427536236122	Low
Cell_545	0.876555049791932	High
Cell_546	0.982076285057701	High
Cell_547	0.54073328000959	Low
Cell_548	0.927182373241521	High
Cell_549	0.901119108544663	High
Cell_550	0.692586802295409	Medium
Cell_551	0.663798699504696	Low
Cell_552	0.602469351491891	Low
Cell_553	0.78469133132603	Medium
Cell_554	0.944027595221996	High
Cell_555	0.764857045724057	Medium
Cell_556	0.793479328393005	Medium
Cell_557	0.832867571269162	Medium
Cell_558	0.764946229290217	Medium
Cell_559	0.754921449697576	Medium
Cell_560	0.508080240455456	Low
Cell_561	0.523854992468841	Low
Cell_562	0.964675341267139	High
Cell_563	0.884642769349739	High
Cell_564	0.600540308048949	Low
Cell_565	0.825130750192329	Medium
Cell_566	0.826883341185749	Medium
Cell_567	0.697626880719326	Medium
Cell_568	0.906152414274402	High
Cell_569	0.773511708830483	Medium
Cell_570	0.942566325771622	High
Cell_571	0.776656993781216	Medium
Cell_572	0.953024055808783	High
Cell_573	0.793730683508329	Medium
Cell_574	0.711731825489551	Medium
Cell_575	0.974792661494575	High
Cell_576	0.854518951731734	High
Cell_577	0.706652704044245	Medium
Cell_578	0.509182041860186	Low
Cell_579	0.783367041382007	Medium
Cell_580	0.745031726546586	Medium
Cell_581	0.93933701061178	High
Cell_582	0.906426343950443	High
Cell_583	0.927049988764338	High
Cell_584	0.683947973884642	Medium
Cell_585	0.936974956421182	High
Cell_586	0.575669085723348	Low
Cell_587	0.640905834850855	Low
Cell_588	0.833352578920312	High
Cell_589	0.988691788399592	High
Cell_590	0.791369868326001	Medium
Cell_591	0.763295039767399	Medium
Cell_592	0.530391112435609	Low
Cell_593	0.984519431833178	High
Cell_594	0.560118564288132	Low
Cell_595	0.54418165050447	Low
Cell_596	0.940382057451643	High
Cell_597	0.754185314872302	Medium
Cell_598	0.668747498653829	Medium
Cell_599	0.947167312726378	High
Cell_600	0.515985814039595	Low
Cell_601	0.618614848703146	Low
Cell_602	0.843245175550692	High
Cell_603	0.612909211660735	Low
Cell_604	0.659247294068336	Low
Cell_605	0.586991908377968	Low
Cell_606	0.90071479184553	High
Cell_607	0.573141028988175	Low
Cell_608	0.911358695826493	High
Cell_609	0.665498914313503	Low
Cell_610	0.687084693927318	Medium
Cell_611	0.814872711896896	Medium
Cell_612	0.548316871514544	Low
Cell_613	0.510996857658029	Low
Cell_614	0.996522390167229	High
Cell_615	0.791969422833063	Medium
Cell_616	0.890911532565951	High
Cell_617	0.945948061300442	High
Cell_618	0.877432726789266	High
Cell_619	0.989601865061559	High
Cell_620	0.522073533968069	Low
Cell_621	0.951700442354195	High
Cell_622	0.932750407024287	High
Cell_623	0.887703795684502	High
Cell_624	0.688408208428882	Medium
Cell_625	0.521054024342448	Low
Cell_626	0.682205540826544	Medium
Cell_627	0.636875634896569	Low
Cell_628	0.925233740359545	High
Cell_629	0.681200856226496	Medium
Cell_630	0.652238895301707	Low
Cell_631	0.879567669704556	High
Cell_632	0.922417312161997	High
Cell_633	0.728960780543275	Medium
Cell_634	0.864815832232125	High
Cell_635	0.552039318019524	Low
Cell_636	0.609991588862613	Low
Cell_637	0.976975623867474	High
Cell_638	0.876018770621158	High
Cell_639	0.909477691631764	High
Cell_640	0.708888550871052	Medium
Cell_641	0.796919246553443	Medium
Cell_642	0.899411778897047	High
Cell_643	0.944204325205646	High
Cell_644	0.692595796659589	Medium
Cell_645	0.545161042129621	Low
Cell_646	0.812871818547137	Medium
Cell_647	0.872818108648062	High
Cell_648	0.542689228663221	Low
Cell_649	0.650258805602789	Low
Cell_650	0.807281078654341	Medium
Cell_651	0.876466028974392	High
Cell_652	0.958528566523455	High
Cell_653	0.737875252845697	Medium
Cell_654	0.783559733070433	Medium
Cell_655	0.868310173042119	High
Cell_656	0.928723712218925	High
Cell_657	0.954573252238333	High
Cell_658	0.528191112680361	Low
Cell_659	0.751454152050428	Medium
Cell_660	0.675272386521101	Medium
Cell_661	0.922778061474673	High
Cell_662	0.903217581915669	High
Cell_663	0.558665613643825	Low
Cell_664	0.856343277497217	High
Cell_665	0.617634429014288	Low
Cell_666	0.537478375597857	Low
Cell_667	0.967823073617183	High
Cell_668	0.578583912574686	Low
Cell_669	0.823528675013222	Medium
Cell_670	0.586758873076178	Low
Cell_671	0.510037004598416	Low
Cell_672	0.760656923172064	Medium
Cell_673	0.543138946639374	Low
Cell_674	0.641501173027791	Low
Cell_675	0.710217450512573	Medium
Cell_676	0.793639062088914	Medium
Cell_677	0.903347214800306	High
Cell_678	0.600997604429722	Low
Cell_679	0.729712335858494	Medium
Cell_680	0.724071556935087	Medium
Cell_681	0.866873879102059	High
Cell_682	0.857377405278385	High
Cell_683	0.915610989439301	High
Cell_684	0.943283060449176	High
Cell_685	0.976322286995128	High
Cell_686	0.775308360927738	Medium
Cell_687	0.761167883058079	Medium
Cell_688	0.585349127650261	Low
Cell_689	0.739635779988021	Medium
Cell_690	0.626910398248583	Low
Cell_691	0.51989031850826	Low
Cell_692	0.817400254891254	Medium
Cell_693	0.769780457019806	Medium
Cell_694	0.570051774964668	Low
Cell_695	0.641855888417922	Low
Cell_696	0.791515297605656	Medium
Cell_697	0.582512946100906	Low
Cell_698	0.548150555347092	Low
Cell_699	0.714306545676664	Medium
Cell_700	0.67788078286685	Medium
Cell_701	0.922466769930907	High
Cell_702	0.630066236830316	Low
Cell_703	0.511572246090509	Low
Cell_704	0.931199769838713	High
Cell_705	0.667293980601244	Medium
Cell_706	0.815894435858354	Medium
Cell_707	0.773213129374199	Medium
Cell_708	0.688222246593796	Medium
Cell_709	0.592936507542618	Low
Cell_710	0.714470295584761	Medium
Cell_711	0.815386799280532	Medium
Cell_712	0.760421175626107	Medium
Cell_713	0.829810668597929	Medium
Cell_714	0.864680465660058	High
Cell_715	0.743411436676979	Medium
Cell_716	0.692228307831101	Medium
Cell_717	0.503416754421778	Low
Cell_718	0.501842113793828	Low
Cell_719	0.997468220070004	High
Cell_720	0.553943440085277	Low
Cell_721	0.709334579179995	Medium
Cell_722	0.858942273305729	High
Cell_723	0.871269566123374	High
Cell_724	0.935999411856756	High
Cell_725	0.803933980525471	Medium
Cell_726	0.878101675654761	High
Cell_727	0.923620649031363	High
Cell_728	0.806389824487269	Medium
Cell_729	0.896612083888613	High
Cell_730	0.51142734172754	Low
Cell_731	0.708457274828106	Medium
Cell_732	0.937441193731502	High
Cell_733	0.823673507780768	Medium
Cell_734	0.962239493383095	High
Cell_735	0.58611254801508	Low
Cell_736	0.657906394568272	Low
Cell_737	0.902128139627166	High
Cell_738	0.994481705594808	High
Cell_739	0.661192775936797	Low
Cell_740	0.500595814199187	Low
Cell_741	0.996085309656337	High
Cell_742	0.574176195892505	Low
Cell_743	0.524682148592547	Low
Cell_744	0.798676741309464	Medium
Cell_745	0.660664221737534	Low
Cell_746	0.763964500161819	Medium
Cell_747	0.897711010184139	High
Cell_748	0.534466298413463	Low
Cell_749	0.847510348656215	High
Cell_750	0.974315753672272	High
Cell_751	0.638884658692405	Low
Cell_752	0.624703292618506	Low
Cell_753	0.579717740067281	Low
Cell_754	0.535815028008074	Low
Cell_755	0.778718791552819	Medium
Cell_756	0.74491852580104	Medium
Cell_757	0.747146180947311	Medium
Cell_758	0.944185792584904	High
Cell_759	0.518352179904468	Low
Cell_760	0.601871906779706	Low
Cell_761	0.756890569580719	Medium
Cell_762	0.618169944500551	Low
Cell_763	0.787717834929936	Medium
Cell_764	0.741128955734894	Medium
Cell_765	0.784676344366744	Medium
Cell_766	0.572076157550327	Low
Cell_767	0.57285438128747	Low
Cell_768	0.706141556496732	Medium
Cell_769	0.8415051412303	High
Cell_770	0.826713910209946	Medium
Cell_771	0.957993166521192	High
Cell_772	0.906556566245854	High
Cell_773	0.837945000617765	High
Cell_774	0.903749554650858	High
Cell_775	0.564032209804282	Low
Cell_776	0.625389266991988	Low
Cell_777	0.665773495798931	Low
Cell_778	0.703634644974954	Medium
Cell_779	0.8176837884821	Medium
Cell_780	0.904306022450328	High
Cell_781	0.629400600679219	Low
Cell_782	0.909733569948003	High
Cell_783	0.507738834479824	Low
Cell_784	0.827200383297168	Medium
Cell_785	0.905859792139381	High
Cell_786	0.730684463400394	Medium
Cell_787	0.601708550821058	Low
Cell_788	0.509384108590893	Low
Cell_789	0.641566348611377	Low
Cell_790	0.957636312814429	High
Cell_791	0.966848260257393	High
Cell_792	0.771265806863084	Medium
Cell_793	0.609711272991262	Low
Cell_794	0.744713902007788	Medium
Cell_795	0.900574368075468	High
Cell_796	0.703815328888595	Medium
Cell_797	0.551855783443898	Low
Cell_798	0.64028258738108	Low
Cell_799	0.680733110290021	Medium
Cell_800	0.629622420528904	Low
Cell_801	0.73534091678448	Medium
Cell_802	0.682922736625187	Medium
Cell_803	0.560636027134024	Low
Cell_804	0.52349684026558	Low
Cell_805	0.631398152094334	Low
Cell_806	0.984320583986118	High
Cell_807	0.744247741182335	Medium
Cell_808	0.738911014865153	Medium
Cell_809	0.874396440573037	High
Cell_810	0.833820115658455	High
Cell_811	0.524707798380405	Low
Cell_812	0.847552622202784	High
Cell_813	0.681630783365108	Medium
Cell_814	0.942066803690977	High
Cell_815	0.887648614821956	High
Cell_816	0.569601820665412	Low
Cell_817	0.647504635620862	Low
Cell_818	0.563041392713785	Low
Cell_819	0.794950811890885	Medium
Cell_820	0.780837804428302	Medium
Cell_821	0.844360560062341	High
Cell_822	0.655635404516943	Low
Cell_823	0.802793420734815	Medium
Cell_824	0.995517159462906	High
Cell_825	0.871602457598783	High
Cell_826	0.537928565172479	Low
Cell_827	0.725584453204647	Medium
Cell_828	0.526768467272632	Low
Cell_829	0.66977775702253	Medium
Cell_830	0.86697607440874	High
Cell_831	0.502053470234387	Low
Cell_832	0.885954741155729	High
Cell_833	0.731487605604343	Medium
Cell_834	0.860420175013132	High
Cell_835	0.833252858603373	Medium
Cell_836	0.786036860314198	Medium
Cell_837	0.851906475028954	High
Cell_838	0.82861053023953	Medium
Cell_839	0.644676072522998	Low
Cell_840	0.548619727836922	Low
Cell_841	0.981210660538636	High
Cell_842	0.868167014559731	High
Cell_843	0.806361734285019	Medium
Cell_844	0.559964440413751	Low
Cell_845	0.775129523244686	Medium
Cell_846	0.631378138903528	Low
Cell_847	0.949180415598676	High
Cell_848	0.504589972901158	Low
Cell_849	0.618117467965931	Low
Cell_850	0.565022297669202	Low
Cell_851	0.663116573356092	Low
Cell_852	0.863199444138445	High
Cell_853	0.995872617699206	High
Cell_854	0.857566763879731	High
Cell_855	0.752219905494712	Medium
Cell_856	0.718023835914209	Medium
Cell_857	0.974412625306286	High
Cell_858	0.560090743820183	Low
Cell_859	0.53757258830592	Low
Cell_860	0.944510746398009	High
Cell_861	0.712226047529839	Medium
Cell_862	0.521180339390412	Low
Cell_863	0.823721071821637	Medium
Cell_864	0.734309581224807	Medium
Cell_865	0.808963061659597	Medium
Cell_866	0.635407716268674	Low
Cell_867	0.578647643327713	Low
Cell_868	0.557127135107294	Low
Cell_869	0.753841431578621	Medium
Cell_870	0.774016143754125	Medium
Cell_871	0.570323094725609	Low
Cell_872	0.58488452504389	Low
Cell_873	0.880992661579512	High
Cell_874	0.763697470305488	Medium
Cell_875	0.930494678788818	High
Cell_876	0.836777493939735	High
Cell_877	0.506520514842123	Low
Cell_878	0.846599450684153	High
Cell_879	0.94585686607752	High
Cell_880	0.815925087663345	Medium
Cell_881	0.553647327469662	Low
Cell_882	0.96053260192275	High
Cell_883	0.837681190576404	High
Cell_884	0.574296856299043	Low
Cell_885	0.872670921147801	High
Cell_886	0.971299430937506	High
Cell_887	0.710391687811352	Medium
Cell_888	0.648861539084464	Low
Cell_889	0.629713335074484	Low
Cell_890	0.611440658452921	Low
Cell_891	0.782827171729878	Medium
Cell_892	0.878325066412799	High
Cell_893	0.834801772958599	High
Cell_894	0.773261397145689	Medium
Cell_895	0.90573182888329	High
Cell_896	0.87958340102341	High
Cell_897	0.51003423309885	Low
Cell_898	0.690451850066893	Medium
Cell_899	0.525440056808293	Low
Cell_900	0.898951468640007	High
Cell_901	0.961849606595933	High
Cell_902	0.771299185231328	Medium
Cell_903	0.926182300085202	High
Cell_904	0.791781431646086	Medium
Cell_905	0.834161821752787	High
Cell_906	0.755657298257574	Medium
Cell_907	0.881375294644386	High
Cell_908	0.951681143953465	High
Cell_909	0.910237256088294	High
Cell_910	0.535715924808756	Low
Cell_911	0.501948171528056	Low
Cell_912	0.526099307928234	Low
Cell_913	0.933280089870095	High
Cell_914	0.788122584461235	Medium
Cell_915	0.656921286019497	Low
Cell_916	0.979732891893946	High
Cell_917	0.795596878509969	Medium
Cell_918	0.76570466789417	Medium
Cell_919	0.691968335770071	Medium
Cell_920	0.659776614746079	Low
Cell_921	0.904193127644248	High
Cell_922	0.520959749235772	Low
Cell_923	0.681871347362176	Medium
Cell_924	0.928298483486287	High
Cell_925	0.848973289248534	High
Cell_926	0.842243236489594	High
Cell_927	0.67400752636604	Medium
Cell_928	0.777340914704837	Medium
Cell_929	0.568621808779426	Low
Cell_930	0.89246577816084	High
Cell_931	0.94343128579203	High
Cell_932	0.60204794164747	Low
Cell_933	0.885311480727978	High
Cell_934	0.798181480378844	Medium
Cell_935	0.978834871202707	High
Cell_936	0.579344198806211	Low
Cell_937	0.762987137073651	Medium
Cell_938	0.936575683765113	High
Cell_939	0.934853035141714	High
Cell_940	0.511844321619719	Low
Cell_941	0.987944846739992	High
Cell_942	0.745112099102698	Medium
Cell_943	0.694585161516443	Medium
Cell_944	0.708777479943819	Medium
Cell_945	0.546462910249829	Low
Cell_946	0.580904605099931	Low
Cell_947	0.702708247583359	Medium
Cell_948	0.67090722208377	Medium
Cell_949	0.707628726609983	Medium
Cell_950	0.652026234543882	Low
Cell_951	0.780140268732794	Medium
Cell_952	0.577937075286172	Low
Cell_953	0.978289882070385	High
Cell_954	0.521983312675729	Low
Cell_955	0.686078871367499	Medium
Cell_956	0.981307670706883	High
Cell_957	0.822713757865131	Medium
Cell_958	0.530631307163276	Low
Cell_959	0.704972964245826	Medium
Cell_960	0.712952567031607	Medium
Cell_961	0.754079042351805	Medium
Cell_962	0.724799955380149	Medium
Cell_963	0.811630691750906	Medium
Cell_964	0.569988965522498	Low
Cell_965	0.953973200405017	High
Cell_966	0.784721637377515	Medium
Cell_967	0.774140286957845	Medium
Cell_968	0.558413811260834	Low
Cell_969	0.881014166167006	High
Cell_970	0.739184723352082	Medium
Cell_971	0.890984457335435	High
Cell_972	0.523013274301775	Low
Cell_973	0.909922333899885	High
Cell_974	0.634704223717563	Low
Cell_975	0.641425207257271	Low
Cell_976	0.821610779734328	Medium
Cell_977	0.974059418891557	High
Cell_978	0.503499227226712	Low
Cell_979	0.675808836007491	Medium
Cell_980	0.709522862453014	Medium
Cell_981	0.728938398533501	Medium
Cell_982	0.855846289661713	High
Cell_983	0.959924028837122	High
Cell_984	0.813555350294337	Medium
Cell_985	0.951090889167972	High
Cell_986	0.878664579591714	High
Cell_987	0.568929182831198	Low
Cell_988	0.576627439004369	Low
Cell_989	0.595656093442813	Low
Cell_990	0.716592570301145	Medium
Cell_991	0.543609650922008	Low
Cell_992	0.611890000523999	Low
Cell_993	0.786074339761399	Medium
Cell_994	0.700084589188918	Medium
Cell_995	0.782732690335251	Medium
Cell_996	0.914811939350329	High
Cell_997	0.821056909742765	Medium
Cell_998	0.695749375852756	Medium
Cell_999	0.854789927368984	High
Cell_1000	0.554412036552094	Low
Cell_1001	0.636811367119662	Low
Cell_1002	0.796933466335759	Medium
Cell_1003	0.580092406715266	Low
Cell_1004	0.926715119392611	High
Cell_1005	0.923869578866288	High
Cell_1006	0.738943406264298	Medium
Cell_1007	0.886846061213873	High
Cell_1008	0.647700040251948	Low
Cell_1009	0.532814055914059	Low
Cell_1010	0.720266562420875	Medium
Cell_1011	0.731049428926781	Medium
Cell_1012	0.670467185089365	Medium
Cell_1013	0.592570159351453	Low
Cell_1014	0.753498863428831	Medium
Cell_1015	0.509595515322872	Low
Cell_1016	0.886843019747175	High
Cell_1017	0.77983253961429	Medium
Cell_1018	0.82073131960351	Medium
Cell_1019	0.734216059325263	Medium
Cell_1020	0.639611905324273	Low
Cell_1021	0.730608285171911	Medium
Cell_1022	0.896369170863181	High
Cell_1023	0.792782788164914	Medium
Cell_1024	0.697379492921755	Medium
Cell_1025	0.905618674820289	High
Cell_1026	0.659281546948478	Low
Cell_1027	0.790723669109866	Medium
Cell_1028	0.727744478965178	Medium
Cell_1029	0.634401724906638	Low
Cell_1030	0.777588602388278	Medium
Cell_1031	0.61561544216238	Low
Cell_1032	0.77161644899752	Medium
Cell_1033	0.723785070586018	Medium
Cell_1034	0.565144068445079	Low
Cell_1035	0.81086299137678	Medium
Cell_1036	0.773997141630389	Medium
Cell_1037	0.574622106854804	Low
Cell_1038	0.779772934620269	Medium
Cell_1039	0.71344278822653	Medium
Cell_1040	0.723865049192682	Medium
Cell_1041	0.916647385805845	High
Cell_1042	0.859793641371652	High
Cell_1043	0.72844337776769	Medium
Cell_1044	0.760632131481543	Medium
Cell_1045	0.621228538802825	Low
Cell_1046	0.537930417340249	Low
Cell_1047	0.695647545624524	Medium
Cell_1048	0.506554107996635	Low
Cell_1049	0.933749734307639	High
Cell_1050	0.996307836845517	High
Cell_1051	0.8544276941102	High
Cell_1052	0.913357745157555	High
Cell_1053	0.94594813475851	High
Cell_1054	0.76970536634326	Medium
Cell_1055	0.777656795922667	Medium
Cell_1056	0.638219941873103	Low
Cell_1057	0.829598962911405	Medium
Cell_1058	0.62171762122307	Low
Cell_1059	0.644133102381602	Low
Cell_1060	0.857890479266644	High
Cell_1061	0.86376681656111	High
Cell_1062	0.586521519348025	Low
Cell_1063	0.653155629406683	Low
Cell_1064	0.684953638352454	Medium
Cell_1065	0.538860777160153	Low
Cell_1066	0.856575094396248	High
Cell_1067	0.775461364537477	Medium
Cell_1068	0.567932698177174	Low
Cell_1069	0.987081847037189	High
Cell_1070	0.780981579446234	Medium
Cell_1071	0.894204690819606	High
Cell_1072	0.924457042128779	High
Cell_1073	0.939020887366496	High
Cell_1074	0.900238186935894	High
Cell_1075	0.820074243238196	Medium
Cell_1076	0.814463880378753	Medium
Cell_1077	0.635704502346925	Low
Cell_1078	0.514969912706874	Low
Cell_1079	0.70993210747838	Medium
Cell_1080	0.677717335522175	Medium
Cell_1081	0.696165626985021	Medium
Cell_1082	0.585968416184187	Low
Cell_1083	0.659821059671231	Low
Cell_1084	0.706777532119304	Medium
Cell_1085	0.879667848348618	High
Cell_1086	0.635945102549158	Low
Cell_1087	0.557791228522547	Low
Cell_1088	0.51466830749996	Low
Cell_1089	0.903427648940124	High
Cell_1090	0.740063218283467	Medium
Cell_1091	0.903123970143497	High
Cell_1092	0.539502840838395	Low
Cell_1093	0.557668704772368	Low
Cell_1094	0.56470814475324	Low
Cell_1095	0.869374271016568	High
Cell_1096	0.878549266722985	High
Cell_1097	0.99622765427921	High
Cell_1098	0.812276493641548	Medium
Cell_1099	0.644345054286532	Low
Cell_1100	0.599955887184478	Low
Cell_1101	0.900458924355917	High
Cell_1102	0.863881355151534	High
Cell_1103	0.608523987350054	Low
Cell_1104	0.872119252686389	High
Cell_1105	0.933326854137704	High
Cell_1106	0.76470287819393	Medium
Cell_1107	0.799319273442961	Medium
Cell_1108	0.96881616616156	High
Cell_1109	0.975362049182877	High
Cell_1110	0.830266150645912	Medium
Cell_1111	0.536143290461041	Low
Cell_1112	0.913165789330378	High
Cell_1113	0.739772038999945	Medium
Cell_1114	0.695614391705021	Medium
Cell_1115	0.649561387836002	Low
Cell_1116	0.622154124779627	Low
Cell_1117	0.710905065876432	Medium
Cell_1118	0.968885088455863	High
Cell_1119	0.632242558291182	Low
Cell_1120	0.784284377004951	Medium
Cell_1121	0.60109228384681	Low
Cell_1122	0.596402813447639	Low
Cell_1123	0.859305872581899	High
Cell_1124	0.656758947763592	Low
Cell_1125	0.569195063668303	Low
Cell_1126	0.529015348874964	Low
Cell_1127	0.965549820568413	High
Cell_1128	0.784169006044976	Medium
Cell_1129	0.558885180274956	Low
Cell_1130	0.78239724074956	Medium
Cell_1131	0.770128091447987	Medium
Cell_1132	0.909841259242967	High
Cell_1133	0.851489751948975	High
Cell_1134	0.783874186803587	Medium
Cell_1135	0.860654633142985	High
Cell_1136	0.876222106744535	High
Cell_1137	0.69071129837539	Medium
Cell_1138	0.64400514063891	Low
Cell_1139	0.76584166358225	Medium
Cell_1140	0.629823035676964	Low
Cell_1141	0.915895158890635	High
Cell_1142	0.702681942377239	Medium
Cell_1143	0.536315962788649	Low
Cell_1144	0.976879312307574	High
Cell_1145	0.608591891475953	Low
Cell_1146	0.702812633360736	Medium
Cell_1147	0.812834157724865	Medium
Cell_1148	0.814202401903458	Medium
Cell_1149	0.664119332097471	Low
Cell_1150	0.569454745971598	Low
Cell_1151	0.957328585209325	High
Cell_1152	0.799557983642444	Medium
Cell_1153	0.874803547980264	High
Cell_1154	0.959477372583933	High
Cell_1155	0.764382697991095	Medium
Cell_1156	0.685989373014309	Medium
Cell_1157	0.532904160558246	Low
Cell_1158	0.927184961852618	High
Cell_1159	0.755205650697462	Medium
Cell_1160	0.60499902931042	Low
Cell_1161	0.687921718345024	Medium
Cell_1162	0.603682749904692	Low
Cell_1163	0.729620408616029	Medium
Cell_1164	0.620751125039533	Low
Cell_1165	0.55934516119305	Low
Cell_1166	0.536234574858099	Low
Cell_1167	0.845494924928062	High
Cell_1168	0.643478809623048	Low
Cell_1169	0.574706247774884	Low
Cell_1170	0.986216004588641	High
Cell_1171	0.70525719516445	Medium
Cell_1172	0.700906927115284	Medium
Cell_1173	0.824278174317442	Medium
Cell_1174	0.958152869832702	High
Cell_1175	0.608331069466658	Low
Cell_1176	0.773999435943551	Medium
Cell_1177	0.8600252289325	High
Cell_1178	0.698623002623208	Medium
Cell_1179	0.547000696300529	Low
Cell_1180	0.817448202520609	Medium
Cell_1181	0.501239405130036	Low
Cell_1182	0.605261619901285	Low
Cell_1183	0.839511404745281	High
Cell_1184	0.933094565174542	High
Cell_1185	0.89984855777584	High
Cell_1186	0.567498199176043	Low
Cell_1187	0.693749128840864	Medium
Cell_1188	0.894235964515246	High
Cell_1189	0.846456833300181	High
Cell_1190	0.797136485693045	Medium
Cell_1191	0.561928825685754	Low
Cell_1192	0.777539051370695	Medium
Cell_1193	0.724705693894066	Medium
Cell_1194	0.883083264343441	High
Cell_1195	0.51304886082653	Low
Cell_1196	0.597585715935566	Low
Cell_1197	0.940617282409221	High
Cell_1198	0.554900796734728	Low
Cell_1199	0.984275463968515	High
Cell_1200	0.692599296453409	Medium
Cell_1201	0.929295703652315	High
Cell_1202	0.943692377302796	High
Cell_1203	0.74454574927222	Medium
Cell_1204	0.85904590447899	High
Cell_1205	0.743352786288597	Medium
Cell_1206	0.994354430469684	High
Cell_1207	0.532375564798713	Low
Cell_1208	0.578831388964318	Low
Cell_1209	0.892674309201539	High
Cell_1210	0.771094144904055	Medium
Cell_1211	0.708273672615178	Medium
Cell_1212	0.999441324500367	High
Cell_1213	0.627836558502167	Low
Cell_1214	0.753937835572287	Medium
Cell_1215	0.539485588786192	Low
Cell_1216	0.906834182213061	High
Cell_1217	0.691089580068365	Medium
Cell_1218	0.901091353967786	High
Cell_1219	0.598961818381213	Low
Cell_1220	0.973199885105714	High
Cell_1221	0.672836237121373	Medium
Cell_1222	0.761025123647414	Medium
Cell_1223	0.555844003218226	Low
Cell_1224	0.942987425602041	High
Cell_1225	0.97712748660706	High
Cell_1226	0.520190381561406	Low
Cell_1227	0.74680809432175	Medium
Cell_1228	0.613031852408312	Low
Cell_1229	0.929400169639848	High
Cell_1230	0.765467866905965	Medium
Cell_1231	0.50231907540001	Low
Cell_1232	0.638780040084384	Low
Cell_1233	0.662601571530104	Low
Cell_1234	0.794353138306178	Medium
Cell_1235	0.624842350371182	Low
Cell_1236	0.52155864040833	Low
Cell_1237	0.555339393788017	Low
Cell_1238	0.851876906002872	High
Cell_1239	0.969510619412176	High
Cell_1240	0.655584509018809	Low
Cell_1241	0.539246465079486	Low
Cell_1242	0.660872045671567	Low
Cell_1243	0.81245276844129	Medium
Cell_1244	0.720120924757794	Medium
Cell_1245	0.900672650313936	High
Cell_1246	0.639641902525909	Low
Cell_1247	0.785356596694328	Medium
Cell_1248	0.521064006024972	Low
Cell_1249	0.595358727732673	Low
Cell_1250	0.863543235347606	High
Cell_1251	0.913345025153831	High
Cell_1252	0.755360537674278	Medium
Cell_1253	0.78386308287736	Medium
Cell_1254	0.500577909871936	Low
Cell_1255	0.571889051585458	Low
Cell_1256	0.932983541511931	High
Cell_1257	0.541280530276708	Low
Cell_1258	0.622285341029055	Low
Cell_1259	0.99077157874126	High
Cell_1260	0.78879063972272	Medium
Cell_1261	0.62436318222899	Low
Cell_1262	0.807476976886392	Medium
Cell_1263	0.515878660371527	Low
Cell_1264	0.573211772134528	Low
Cell_1265	0.851536486996338	High
Cell_1266	0.532780354260467	Low
Cell_1267	0.810903531149961	Medium
Cell_1268	0.968663682695478	High
Cell_1269	0.543947307392955	Low
Cell_1270	0.986401754664257	High
Cell_1271	0.51300535525661	Low
Cell_1272	0.86261397600174	High
Cell_1273	0.726853195810691	Medium
Cell_1274	0.783091202494688	Medium
Cell_1275	0.93636552314274	High
Cell_1276	0.77728158980608	Medium
Cell_1277	0.868826103629544	High
Cell_1278	0.81156458100304	Medium
Cell_1279	0.655514202895574	Low
Cell_1280	0.696098242304288	Medium
Cell_1281	0.601043727714568	Low
Cell_1282	0.926390194799751	High
Cell_1283	0.803415075410157	Medium
Cell_1284	0.878049006918445	High
Cell_1285	0.781258404371329	Medium
Cell_1286	0.637949506402947	Low
Cell_1287	0.867779201827943	High
Cell_1288	0.774639896932058	Medium
Cell_1289	0.673063521971926	Medium
Cell_1290	0.757482817396522	Medium
Cell_1291	0.907883973792195	High
Cell_1292	0.763136284658685	Medium
Cell_1293	0.601520024938509	Low
Cell_1294	0.924053840222768	High
Cell_1295	0.685247107525356	Medium
Cell_1296	0.651662585441954	Low
Cell_1297	0.885298523469828	High
Cell_1298	0.866724277497269	High
Cell_1299	0.919452999136411	High
Cell_1300	0.784524421207607	Medium
Cell_1301	0.51314041914884	Low
Cell_1302	0.743063614121638	Medium
Cell_1303	0.771340516395867	Medium
Cell_1304	0.918330058455467	High
Cell_1305	0.864332269062288	High
Cell_1306	0.777556903427467	Medium
Cell_1307	0.536707198712975	Low
Cell_1308	0.568251149612479	Low
Cell_1309	0.84230434813071	High
Cell_1310	0.549810968106613	Low
Cell_1311	0.601892952574417	Low
Cell_1312	0.682990069151856	Medium
Cell_1313	0.92309787881095	High
Cell_1314	0.618436297751032	Low
Cell_1315	0.852438925299793	High
Cell_1316	0.553804415394552	Low
Cell_1317	0.889534434303641	High
Cell_1318	0.627552841673605	Low
Cell_1319	0.774021663004532	Medium
Cell_1320	0.516950760385953	Low
Cell_1321	0.903054738068022	High
Cell_1322	0.668876403593458	Medium
Cell_1323	0.958142929011956	High
Cell_1324	0.678553208941594	Medium
Cell_1325	0.987682506558485	High
Cell_1326	0.692189261317253	Medium
Cell_1327	0.744336767587811	Medium
Cell_1328	0.745388115639798	Medium
Cell_1329	0.506127312080935	Low
Cell_1330	0.820736600318924	Medium
Cell_1331	0.756287485826761	Medium
Cell_1332	0.660176059114747	Low
Cell_1333	0.79071657883469	Medium
Cell_1334	0.808672204148024	Medium
Cell_1335	0.719137268839404	Medium
Cell_1336	0.585184490308166	Low
Cell_1337	0.857540248311125	High
Cell_1338	0.873893274343573	High
Cell_1339	0.921957354061306	High
Cell_1340	0.767379523487762	Medium
Cell_1341	0.651117630768567	Low
Cell_1342	0.728259091032669	Medium
Cell_1343	0.692171267233789	Medium
Cell_1344	0.624523427337408	Low
Cell_1345	0.827313372399658	Medium
Cell_1346	0.977661850862205	High
Cell_1347	0.645541478646919	Low
Cell_1348	0.825094543281011	Medium
Cell_1349	0.768179965438321	Medium
Cell_1350	0.798725933302194	Medium
Cell_1351	0.512449134723283	Low
Cell_1352	0.502420869772322	Low
Cell_1353	0.565689127193764	Low
Cell_1354	0.512408551876433	Low
Cell_1355	0.546064725960605	Low
Cell_1356	0.737779112067074	Medium
Cell_1357	0.598328380612656	Low
Cell_1358	0.90733697428368	High
Cell_1359	0.622029614052735	Low
Cell_1360	0.744403818971477	Medium
Cell_1361	0.824441239819862	Medium
Cell_1362	0.579358235001564	Low
Cell_1363	0.918488955474459	High
Cell_1364	0.718298264895566	Medium
Cell_1365	0.616747762542218	Low
Cell_1366	0.649427996017039	Low
Cell_1367	0.579710668418556	Low
Cell_1368	0.792783552082255	Medium
Cell_1369	0.57438898854889	Low
Cell_1370	0.589529779856093	Low
Cell_1371	0.66961075249128	Medium
Cell_1372	0.591950969421305	Low
Cell_1373	0.702770761097781	Medium
Cell_1374	0.806779809179716	Medium
Cell_1375	0.842835667193867	High
Cell_1376	0.911762800067663	High
Cell_1377	0.686991056893021	Medium
Cell_1378	0.976420502294786	High
Cell_1379	0.509416079497896	Low
Cell_1380	0.806187486159615	Medium
Cell_1381	0.731786881922744	Medium
Cell_1382	0.677364810253493	Medium
Cell_1383	0.941211514407769	High
Cell_1384	0.537901429226622	Low
Cell_1385	0.94164559582714	High
Cell_1386	0.594110917882062	Low
Cell_1387	0.607533373404294	Low
Cell_1388	0.934766145772301	High
Cell_1389	0.530419028131291	Low
Cell_1390	0.617449800367467	Low
Cell_1391	0.996507756412029	High
Cell_1392	0.839098863885738	High
Cell_1393	0.717743400251493	Medium
Cell_1394	0.68865497095976	Medium
Cell_1395	0.730592012172565	Medium
Cell_1396	0.900925935828127	High
Cell_1397	0.831483487621881	Medium
Cell_1398	0.73300183203537	Medium
Cell_1399	0.526629718253389	Low
Cell_1400	0.61859895917587	Low
Cell_1401	0.616619868786074	Low
Cell_1402	0.615326800383627	Low
Cell_1403	0.530863136984408	Low
Cell_1404	0.748559304629453	Medium
Cell_1405	0.622062544338405	Low
Cell_1406	0.879092769464478	High
Cell_1407	0.773651338764466	Medium
Cell_1408	0.974033448146656	High
Cell_1409	0.54308609617874	Low
Cell_1410	0.973941292497329	High
Cell_1411	0.861199434031732	High
Cell_1412	0.961002302356064	High
Cell_1413	0.806920471834019	Medium
Cell_1414	0.580483250669204	Low
Cell_1415	0.59147034608759	Low
Cell_1416	0.865091781015508	High
Cell_1417	0.794762825244106	Medium
Cell_1418	0.656241181306541	Low
Cell_1419	0.886397199472412	High
Cell_1420	0.668149101082236	Medium
Cell_1421	0.927838345523924	High
Cell_1422	0.790264246752486	Medium
Cell_1423	0.707861325703561	Medium
Cell_1424	0.966286392649636	High
Cell_1425	0.73134942073375	Medium
Cell_1426	0.54967316496186	Low
Cell_1427	0.732724681613036	Medium
Cell_1428	0.992041928810067	High
Cell_1429	0.962636432959698	High
Cell_1430	0.717699381755665	Medium
Cell_1431	0.934860357898287	High
Cell_1432	0.650177085888572	Low
Cell_1433	0.898986315587536	High
Cell_1434	0.900255355983973	High
Cell_1435	0.693462848081253	Medium
Cell_1436	0.69079484755639	Medium
Cell_1437	0.822757807094604	Medium
Cell_1438	0.930833727121353	High
Cell_1439	0.828316335449927	Medium
Cell_1440	0.758163036778569	Medium
Cell_1441	0.57439079170581	Low
Cell_1442	0.806382951443084	Medium
Cell_1443	0.52098340948578	Low
Cell_1444	0.749179496313445	Medium
Cell_1445	0.86975411081221	High
Cell_1446	0.876949889701791	High
Cell_1447	0.531546870595776	Low
Cell_1448	0.721240966697223	Medium
Cell_1449	0.750335849588737	Medium
Cell_1450	0.635121550178155	Low
Cell_1451	0.799401074531488	Medium
Cell_1452	0.867918813135475	High
Cell_1453	0.856788905919529	High
Cell_1454	0.55824646842666	Low
Cell_1455	0.78756030916702	Medium
Cell_1456	0.899065993609838	High
Cell_1457	0.615911898319609	Low
Cell_1458	0.862427912768908	High
Cell_1459	0.919011598918587	High
Cell_1460	0.559419285389595	Low
Cell_1461	0.979475198313594	High
Cell_1462	0.873882292187773	High
Cell_1463	0.905444739386439	High
Cell_1464	0.59495886170771	Low
Cell_1465	0.512984388740733	Low
Cell_1466	0.931891146115959	High
Cell_1467	0.959589932695962	High
Cell_1468	0.568813993944786	Low
Cell_1469	0.738824310945347	Medium
Cell_1470	0.731480750138871	Medium
Cell_1471	0.850089305546135	High
Cell_1472	0.53278745058924	Low
Cell_1473	0.866519996663556	High
Cell_1474	0.697965795174241	Medium
Cell_1475	0.730743922409602	Medium
Cell_1476	0.862649681628682	High
Cell_1477	0.735001323511824	Medium
Cell_1478	0.99976198875811	High
Cell_1479	0.92296789586544	High
Cell_1480	0.914103651884943	High
Cell_1481	0.880822172155604	High
Cell_1482	0.556053245905787	Low
Cell_1483	0.919488509651273	High
Cell_1484	0.906925262068398	High
Cell_1485	0.995706097106449	High
Cell_1486	0.524157262407243	Low
Cell_1487	0.873393956222571	High
Cell_1488	0.709656760795042	Medium
Cell_1489	0.791071948595345	Medium
Cell_1490	0.915367031120695	High
Cell_1491	0.506765313679352	Low
Cell_1492	0.505760881584138	Low
Cell_1493	0.998222853639163	High
Cell_1494	0.88284483354073	High
Cell_1495	0.657331305323169	Low
Cell_1496	0.906005872180685	High
Cell_1497	0.995609608711675	High
Cell_1498	0.600379796465859	Low
Cell_1499	0.823018610128202	Medium
Cell_1500	0.718775364453904	Medium
Cell_1501	0.969014130765572	High
Cell_1502	0.99400165269617	High
Cell_1503	0.728159780497663	Medium
Cell_1504	0.615307471598499	Low
Cell_1505	0.847744634258561	High
Cell_1506	0.778316172305495	Medium
Cell_1507	0.792355044744909	Medium
Cell_1508	0.71681562345475	Medium
Cell_1509	0.713087526382878	Medium
Cell_1510	0.798427197732963	Medium
Cell_1511	0.726042792433873	Medium
Cell_1512	0.978304329328239	High
Cell_1513	0.922215175000019	High
Cell_1514	0.611384301329963	Low
Cell_1515	0.710085088503547	Medium
Cell_1516	0.709991467767395	Medium
Cell_1517	0.510395424440503	Low
Cell_1518	0.690223984769545	Medium
Cell_1519	0.711174213793129	Medium
Cell_1520	0.595713031711057	Low
Cell_1521	0.852664640871808	High
Cell_1522	0.506760237622075	Low
Cell_1523	0.865601552883163	High
Cell_1524	0.716362048988231	Medium
Cell_1525	0.865620046504773	High
Cell_1526	0.506970776244998	Low
Cell_1527	0.522656654240564	Low
Cell_1528	0.709207188221626	Medium
Cell_1529	0.821920001064427	Medium
Cell_1530	0.609896892798133	Low
Cell_1531	0.916721326415427	High
Cell_1532	0.847383656771854	High
Cell_1533	0.949562242603861	High
Cell_1534	0.707120142644271	Medium
Cell_1535	0.705502351629548	Medium
Cell_1536	0.625007494702004	Low
Cell_1537	0.686883519520052	Medium
Cell_1538	0.615946366335265	Low
Cell_1539	0.965801582322456	High
Cell_1540	0.73817237757612	Medium
Cell_1541	0.523832501494326	Low
Cell_1542	0.886765528004616	High
Cell_1543	0.665558664710261	Low
Cell_1544	0.77643823530525	Medium
Cell_1545	0.838165264460258	High
Cell_1546	0.638667185441591	Low
Cell_1547	0.52642783918418	Low
Cell_1548	0.712879291852005	Medium
Cell_1549	0.805059241014533	Medium
Cell_1550	0.988023017533123	High
Cell_1551	0.984900060109794	High
Cell_1552	0.544242278672755	Low
Cell_1553	0.749190018628724	Medium
Cell_1554	0.697844683891162	Medium
Cell_1555	0.695165964541957	Medium
Cell_1556	0.659249745425768	Low
Cell_1557	0.841287527116947	High
Cell_1558	0.642307453788817	Low
Cell_1559	0.69504735711962	Medium
Cell_1560	0.995084280148149	High
Cell_1561	0.896002865745686	High
Cell_1562	0.656202575773932	Low
Cell_1563	0.908558865194209	High
Cell_1564	0.61045488610398	Low
Cell_1565	0.750536910141818	Medium
Cell_1566	0.583486148156226	Low
Cell_1567	0.559829597244971	Low
Cell_1568	0.948804983869195	High
Cell_1569	0.546857439330779	Low
Cell_1570	0.932529278332368	High
Cell_1571	0.638295731856488	Low
Cell_1572	0.513641846366227	Low
Cell_1573	0.893692481680773	High
Cell_1574	0.679330149898306	Medium
Cell_1575	0.512551482883282	Low
Cell_1576	0.873046798980795	High
Cell_1577	0.514812788576819	Low
Cell_1578	0.716932415496558	Medium
Cell_1579	0.628313416498713	Low
Cell_1580	0.749007610487752	Medium
Cell_1581	0.826677615288645	Medium
Cell_1582	0.541828442830592	Low
Cell_1583	0.590236230869778	Low
Cell_1584	0.552231250796467	Low
Cell_1585	0.906196491909213	High
Cell_1586	0.81375122081954	Medium
Cell_1587	0.815286242985167	Medium
Cell_1588	0.695444925106131	Medium
Cell_1589	0.716126786894165	Medium
Cell_1590	0.674317001132295	Medium
Cell_1591	0.896778879337944	High
Cell_1592	0.943468056037091	High
Cell_1593	0.825563543359749	Medium
Cell_1594	0.796431632130407	Medium
Cell_1595	0.663911046925932	Low
Cell_1596	0.537844683974981	Low
Cell_1597	0.795693621039391	Medium
Cell_1598	0.589168381760828	Low
Cell_1599	0.870675062062219	High
Cell_1600	0.646938104066066	Low
Cell_1601	0.819592905347236	Medium
Cell_1602	0.562411198625341	Low
Cell_1603	0.627632891875692	Low
Cell_1604	0.910287343664095	High
Cell_1605	0.901890196488239	High
Cell_1606	0.522917315363884	Low
Cell_1607	0.937765860930085	High
Cell_1608	0.564004544983618	Low
Cell_1609	0.804415701772086	Medium
Cell_1610	0.734783436637372	Medium
Cell_1611	0.778645542799495	Medium
Cell_1612	0.865196392289363	High
Cell_1613	0.734929344384	Medium
Cell_1614	0.994305029511452	High
Cell_1615	0.992334192269482	High
Cell_1616	0.696642340510152	Medium
Cell_1617	0.804423568770289	Medium
Cell_1618	0.672741865040734	Medium
Cell_1619	0.718556281062774	Medium
Cell_1620	0.61456598166842	Low
Cell_1621	0.503036124049686	Low
Cell_1622	0.511938444105908	Low
Cell_1623	0.529379214160144	Low
Cell_1624	0.882287822547369	High
Cell_1625	0.734522002749145	Medium
Cell_1626	0.925415940117091	High
Cell_1627	0.790859695291147	Medium
Cell_1628	0.593444131198339	Low
Cell_1629	0.804530489258468	Medium
Cell_1630	0.946670866571367	High
Cell_1631	0.897160582942888	High
Cell_1632	0.752046416979283	Medium
Cell_1633	0.711514136870392	Medium
Cell_1634	0.827190643874928	Medium
Cell_1635	0.94386925722938	High
Cell_1636	0.946008235565387	High
Cell_1637	0.589195268927142	Low
Cell_1638	0.628751212381758	Low
Cell_1639	0.556719252374023	Low
Cell_1640	0.898579479311593	High
Cell_1641	0.554769244394265	Low
Cell_1642	0.914535847376101	High
Cell_1643	0.885523148463108	High
Cell_1644	0.971844702260569	High
Cell_1645	0.733478796784766	Medium
Cell_1646	0.969927823753096	High
Cell_1647	0.89259147120174	High
Cell_1648	0.937303937505931	High
Cell_1649	0.697231326717883	Medium
Cell_1650	0.54984958039131	Low
Cell_1651	0.638480710214935	Low
Cell_1652	0.861111025558785	High
Cell_1653	0.678152589709498	Medium
Cell_1654	0.691355941700749	Medium
Cell_1655	0.515984325436875	Low
Cell_1656	0.760722643462941	Medium
Cell_1657	0.560538955149241	Low
Cell_1658	0.942592088249512	High
Cell_1659	0.537323149503209	Low
Cell_1660	0.892113973386586	High
Cell_1661	0.927066151285544	High
Cell_1662	0.518589085317217	Low
Cell_1663	0.637571754748933	Low
Cell_1664	0.821034974534996	Medium
Cell_1665	0.892539179767482	High
Cell_1666	0.700031355954707	Medium
Cell_1667	0.967651164857671	High
Cell_1668	0.695258485386148	Medium
Cell_1669	0.71197965356987	Medium
Cell_1670	0.643210850539617	Low
Cell_1671	0.805874204263091	Medium
Cell_1672	0.779406369314529	Medium
Cell_1673	0.519983567530289	Low
Cell_1674	0.872640973422676	High
Cell_1675	0.603243710356764	Low
Cell_1676	0.828247982542962	Medium
Cell_1677	0.761207335628569	Medium
Cell_1678	0.816718292422593	Medium
Cell_1679	0.80878156691324	Medium
Cell_1680	0.642447773716412	Low
Cell_1681	0.611903611221351	Low
Cell_1682	0.769509677658789	Medium
Cell_1683	0.998185988632031	High
Cell_1684	0.664458268438466	Low
Cell_1685	0.661668044165708	Low
Cell_1686	0.517661758931354	Low
Cell_1687	0.762805926264264	Medium
Cell_1688	0.798403457505628	Medium
Cell_1689	0.871043329592794	High
Cell_1690	0.976418564794585	High
Cell_1691	0.74481061892584	Medium
Cell_1692	0.541643672739156	Low
Cell_1693	0.629963999497704	Low
Cell_1694	0.93742331280373	High
Cell_1695	0.926029568188824	High
Cell_1696	0.921452332288027	High
Cell_1697	0.973451837315224	High
Cell_1698	0.826340817380697	Medium
Cell_1699	0.744077782612294	Medium
Cell_1700	0.593878350337036	Low
Cell_1701	0.856516530388035	High
Cell_1702	0.54253498534672	Low
Cell_1703	0.730599702801555	Medium
Cell_1704	0.967953653307632	High
Cell_1705	0.922646833932959	High
Cell_1706	0.858093358459882	High
Cell_1707	0.561903174151666	Low
Cell_1708	0.797413730644621	Medium
Cell_1709	0.994926400715485	High
Cell_1710	0.8077042439254	Medium
Cell_1711	0.636538833496161	Low
Cell_1712	0.531853421591222	Low
Cell_1713	0.536151637788862	Low
Cell_1714	0.936755607021041	High
Cell_1715	0.681412498350255	Medium
Cell_1716	0.972811074578203	High
Cell_1717	0.779159469995648	Medium
Cell_1718	0.756330575444736	Medium
Cell_1719	0.97388583177235	High
Cell_1720	0.554900797782466	Low
Cell_1721	0.909453775268048	High
Cell_1722	0.688671053387225	Medium
Cell_1723	0.778320523910224	Medium
Cell_1724	0.656935593346134	Low
Cell_1725	0.541171440156177	Low
Cell_1726	0.889968771138228	High
Cell_1727	0.596617364208214	Low
Cell_1728	0.827792733791284	Medium
Cell_1729	0.717573526664637	Medium
Cell_1730	0.598574163275771	Low
Cell_1731	0.997330211102962	High
Cell_1732	0.723371433210559	Medium
Cell_1733	0.515713332104497	Low
Cell_1734	0.968508279067464	High
Cell_1735	0.935491977143101	High
Cell_1736	0.800623141694814	Medium
Cell_1737	0.649507728172466	Low
Cell_1738	0.904673137585633	High
Cell_1739	0.976071192533709	High
Cell_1740	0.926026985631324	High
Cell_1741	0.5636548679322	Low
Cell_1742	0.984441174892709	High
Cell_1743	0.778550504357554	Medium
Cell_1744	0.502682223683223	Low
Cell_1745	0.567881959839724	Low
Cell_1746	0.502923550782725	Low
Cell_1747	0.908437031088397	High
Cell_1748	0.891081793932244	High
Cell_1749	0.965533142909408	High
Cell_1750	0.684344941168092	Medium
Cell_1751	0.987227437086403	High
Cell_1752	0.911871840944514	High
Cell_1753	0.893724431633018	High
Cell_1754	0.811412917333655	Medium
Cell_1755	0.983677464420907	High
Cell_1756	0.749959245324135	Medium
Cell_1757	0.946847799816169	High
Cell_1758	0.700521623482928	Medium
Cell_1759	0.723770804819651	Medium
Cell_1760	0.967889541061595	High
Cell_1761	0.841666098684072	High
Cell_1762	0.509081565076485	Low
Cell_1763	0.5827633588342	Low
Cell_1764	0.747917249449529	Medium
Cell_1765	0.713267614017241	Medium
Cell_1766	0.996026560314931	High
Cell_1767	0.944475061958656	High
Cell_1768	0.672877685632557	Medium
Cell_1769	0.852922062505968	High
Cell_1770	0.954362343531102	High
Cell_1771	0.838146443595178	High
Cell_1772	0.819550135638565	Medium
Cell_1773	0.574802263523452	Low
Cell_1774	0.800562695018016	Medium
Cell_1775	0.636375617934391	Low
Cell_1776	0.72892668552231	Medium
Cell_1777	0.611126546631567	Low
Cell_1778	0.627460758434609	Low
Cell_1779	0.826843863585964	Medium
Cell_1780	0.73599658056628	Medium
Cell_1781	0.580481517827138	Low
Cell_1782	0.636040167300962	Low
Cell_1783	0.856478046509437	High
Cell_1784	0.806676826090552	Medium
Cell_1785	0.566060983110219	Low
Cell_1786	0.535003626602702	Low
Cell_1787	0.983132506487891	High
Cell_1788	0.684135138988495	Medium
Cell_1789	0.838727042311803	High
Cell_1790	0.922975865192711	High
Cell_1791	0.620825192658231	Low
Cell_1792	0.517575495527126	Low
Cell_1793	0.797620118362829	Medium
Cell_1794	0.918095564004034	High
Cell_1795	0.681124605122022	Medium
Cell_1796	0.666094266693108	Low
Cell_1797	0.822368165361695	Medium
Cell_1798	0.979307568399236	High
Cell_1799	0.798101814230904	Medium
Cell_1800	0.755140008986928	Medium
Cell_1801	0.577632067957893	Low
Cell_1802	0.922925502760336	High
Cell_1803	0.607190212816931	Low
Cell_1804	0.834936622413807	High
Cell_1805	0.80887822562363	Medium
Cell_1806	0.524999888497405	Low
Cell_1807	0.974699387792498	High
Cell_1808	0.791276015806943	Medium
Cell_1809	0.930477168527432	High
Cell_1810	0.75923362467438	Medium
Cell_1811	0.633063741726801	Low
Cell_1812	0.798688831739128	Medium
Cell_1813	0.897788042086177	High
Cell_1814	0.844643018790521	High
Cell_1815	0.740315822302364	Medium
Cell_1816	0.732964694383554	Medium
Cell_1817	0.809206167585216	Medium
Cell_1818	0.72463525715284	Medium
Cell_1819	0.801353766350076	Medium
Cell_1820	0.502304487046786	Low
Cell_1821	0.997497256263159	High
Cell_1822	0.703231224208139	Medium
Cell_1823	0.558975818566978	Low
Cell_1824	0.934769547660835	High
Cell_1825	0.770096478285268	Medium
Cell_1826	0.940798833966255	High
Cell_1827	0.518769919523038	Low
Cell_1828	0.94071698107291	High
Cell_1829	0.861174834892154	High
Cell_1830	0.884905148297548	High
Cell_1831	0.931796854478307	High
Cell_1832	0.750371051602997	Medium
Cell_1833	0.962932012160309	High
Cell_1834	0.604037335142493	Low
Cell_1835	0.513552796910517	Low
Cell_1836	0.657896536053158	Low
Cell_1837	0.830056124832481	Medium
Cell_1838	0.65734565036837	Low
Cell_1839	0.972230693907477	High
Cell_1840	0.889485289924778	High
Cell_1841	0.669715623138472	Medium
Cell_1842	0.740823132335208	Medium
Cell_1843	0.707997399382293	Medium
Cell_1844	0.888166949735023	High
Cell_1845	0.742713502957486	Medium
Cell_1846	0.507649552077055	Low
Cell_1847	0.821225647581741	Medium
Cell_1848	0.617414992419071	Low
Cell_1849	0.873512941529043	High
Cell_1850	0.647803687257692	Low
Cell_1851	0.953109095804393	High
Cell_1852	0.926662008976564	High
Cell_1853	0.730981888482347	Medium
Cell_1854	0.535674124141224	Low
Cell_1855	0.788901862222701	Medium
Cell_1856	0.789789667003788	Medium
Cell_1857	0.996788388467394	High
Cell_1858	0.667637207196094	Medium
Cell_1859	0.833400887087919	High
Cell_1860	0.969278000993654	High
Cell_1861	0.787428417475894	Medium
Cell_1862	0.845855706953444	High
Cell_1863	0.544879293534905	Low
Cell_1864	0.933229622314684	High
Cell_1865	0.750569698400795	Medium
Cell_1866	0.611628142069094	Low
Cell_1867	0.706209620810114	Medium
Cell_1868	0.943153139785863	High
Cell_1869	0.747796718613245	Medium
Cell_1870	0.836376863881014	High
Cell_1871	0.64125221897848	Low
Cell_1872	0.908529151463881	High
Cell_1873	0.6230497272918	Low
Cell_1874	0.684823096962646	Medium
Cell_1875	0.617762197507545	Low
Cell_1876	0.96787846297957	High
Cell_1877	0.707538414164446	Medium
Cell_1878	0.568724702694453	Low
Cell_1879	0.957182361511514	High
Cell_1880	0.673820688039996	Medium
Cell_1881	0.926465437863953	High
Cell_1882	0.571317589376122	Low
Cell_1883	0.679716435493901	Medium
Cell_1884	0.622752533759922	Low
Cell_1885	0.522952973260544	Low
Cell_1886	0.89227395108901	High
Cell_1887	0.599585867254063	Low
Cell_1888	0.695925122126937	Medium
Cell_1889	0.66178112232592	Low
Cell_1890	0.801052952534519	Medium
Cell_1891	0.770635839784518	Medium
Cell_1892	0.995411866344512	High
Cell_1893	0.626895524561405	Low
Cell_1894	0.867634946596809	High
Cell_1895	0.988804080523551	High
Cell_1896	0.779023120878264	Medium
Cell_1897	0.696354079758748	Medium
Cell_1898	0.912344629643485	High
Cell_1899	0.556192230433226	Low
Cell_1900	0.767888952046633	Medium
Cell_1901	0.721915792440996	Medium
Cell_1902	0.636978606344201	Low
Cell_1903	0.578678767895326	Low
Cell_1904	0.935919036855921	High
Cell_1905	0.781022428185679	Medium
Cell_1906	0.775344879133627	Medium
Cell_1907	0.796182642807253	Medium
Cell_1908	0.863906431361102	High
Cell_1909	0.819462642306462	Medium
Cell_1910	0.807225082418881	Medium
Cell_1911	0.526208425289951	Low
Cell_1912	0.782578876474872	Medium
Cell_1913	0.793670690152794	Medium
Cell_1914	0.814283537562005	Medium
Cell_1915	0.810945322504267	Medium
Cell_1916	0.541135021019727	Low
Cell_1917	0.538821306079626	Low
Cell_1918	0.843547344906256	High
Cell_1919	0.915151796187274	High
Cell_1920	0.572954937582836	Low
Cell_1921	0.891765036154538	High
Cell_1922	0.743225039565004	Medium
Cell_1923	0.994632552727126	High
Cell_1924	0.749552477267571	Medium
Cell_1925	0.781130267539993	Medium
Cell_1926	0.689128510304727	Medium
Cell_1927	0.759318598662503	Medium
Cell_1928	0.537141896085814	Low
Cell_1929	0.769236172083765	Medium
Cell_1930	0.980530500411987	High
Cell_1931	0.763905069790781	Medium
Cell_1932	0.718579725944437	Medium
Cell_1933	0.516133498284034	Low
Cell_1934	0.518867090344429	Low
Cell_1935	0.523674146970734	Low
Cell_1936	0.580479517811909	Low
Cell_1937	0.734548696666025	Medium
Cell_1938	0.902961987419985	High
Cell_1939	0.640298758051358	Low
Cell_1940	0.877391992602497	High
Cell_1941	0.760912907426246	Medium
Cell_1942	0.644473596592434	Low
Cell_1943	0.508688600733876	Low
Cell_1944	0.834174764924683	High
Cell_1945	0.53348798234947	Low
Cell_1946	0.918193213408813	High
Cell_1947	0.567671577911824	Low
Cell_1948	0.827939054230228	Medium
Cell_1949	0.918973864405416	High
Cell_1950	0.628823998034932	Low
Cell_1951	0.567997642559931	Low
Cell_1952	0.881744207115844	High
Cell_1953	0.605998116661794	Low
Cell_1954	0.633984799613245	Low
Cell_1955	0.765915597323328	Medium
Cell_1956	0.737058433704078	Medium
Cell_1957	0.686721832491457	Medium
Cell_1958	0.887674964265898	High
Cell_1959	0.779101985041052	Medium
Cell_1960	0.577618310577236	Low
Cell_1961	0.994709224207327	High
Cell_1962	0.622223215177655	Low
Cell_1963	0.565189256099984	Low
Cell_1964	0.606340567697771	Low
Cell_1965	0.690002124174498	Medium
Cell_1966	0.679810584406368	Medium
Cell_1967	0.651331024477258	Low
Cell_1968	0.52219985681586	Low
Cell_1969	0.967391676385887	High
Cell_1970	0.784358514938504	Medium
Cell_1971	0.610401372541673	Low
Cell_1972	0.938980587641709	High
Cell_1973	0.733644403168	Medium
Cell_1974	0.77117490733508	Medium
Cell_1975	0.89219908695668	High
Cell_1976	0.823935136198997	Medium
Cell_1977	0.572446573525667	Low
Cell_1978	0.660818688571453	Low
Cell_1979	0.975527791306376	High
Cell_1980	0.59409924549982	Low
Cell_1981	0.875202124239877	High
Cell_1982	0.729579237638973	Medium
Cell_1983	0.570682524470612	Low
Cell_1984	0.602596538024954	Low
Cell_1985	0.837646749801934	High
Cell_1986	0.569015105254948	Low
Cell_1987	0.707771850400604	Medium
Cell_1988	0.725623515900224	Medium
Cell_1989	0.811473284848034	Medium
Cell_1990	0.625587148708291	Low
Cell_1991	0.732076731859706	Medium
Cell_1992	0.582754614530131	Low
Cell_1993	0.928903226740658	High
Cell_1994	0.578275948646478	Low
Cell_1995	0.544165816856548	Low
Cell_1996	0.94670888595283	High
Cell_1997	0.650310254190117	Low
Cell_1998	0.876043335534632	High
Cell_1999	0.700803323998116	Medium
Cell_2000	0.724279053043574	Medium
Cell_2001	0.579836990102194	Low
Cell_2002	0.57225792563986	Low
Cell_2003	0.574590196018107	Low
Cell_2004	0.757217129925266	Medium
Cell_2005	0.746413653134368	Medium
Cell_2006	0.808171384269372	Medium
Cell_2007	0.723711445345543	Medium
Cell_2008	0.527838357607834	Low
Cell_2009	0.502698154770769	Low
Cell_2010	0.610917100566439	Low
Cell_2011	0.925481611979194	High
Cell_2012	0.633673103060573	Low
Cell_2013	0.799300136626698	Medium
Cell_2014	0.804299848619848	Medium
Cell_2015	0.996079220203683	High
Cell_2016	0.595594980404712	Low
Cell_2017	0.876695292303339	High
Cell_2018	0.621193668572232	Low
Cell_2019	0.663726110011339	Low
Cell_2020	0.501767747336999	Low
Cell_2021	0.998712071799673	High
Cell_2022	0.719029752188362	Medium
Cell_2023	0.998844372457825	High
Cell_2024	0.598359584575519	Low
Cell_2025	0.555738397873938	Low
Cell_2026	0.625368225271814	Low
Cell_2027	0.840238301549107	High
Cell_2028	0.788627148373052	Medium
Cell_2029	0.708173648105003	Medium
Cell_2030	0.864590621786192	High
Cell_2031	0.787094866507687	Medium
Cell_2032	0.7888175745029	Medium
Cell_2033	0.794999563717283	Medium
Cell_2034	0.611464170040563	Low
Cell_2035	0.551746149314567	Low
Cell_2036	0.868253013468347	High
Cell_2037	0.806201878120191	Medium
Cell_2038	0.975606180261821	High
Cell_2039	0.979937932803296	High
Cell_2040	0.872418025042862	High
Cell_2041	0.717415072838776	Medium
Cell_2042	0.5873875686666	Low
Cell_2043	0.717644034419209	Medium
Cell_2044	0.881229093880393	High
Cell_2045	0.959514655522071	High
Cell_2046	0.953348791459575	High
Cell_2047	0.907756414497271	High
Cell_2048	0.59987647132948	Low
Cell_2049	0.524812792660668	Low
Cell_2050	0.739474262809381	Medium
Cell_2051	0.795196684426628	Medium
Cell_2052	0.548310117912479	Low
Cell_2053	0.975445117452182	High
Cell_2054	0.581371569307521	Low
Cell_2055	0.960753131308593	High
Cell_2056	0.563887536409311	Low
Cell_2057	0.831369795254432	Medium
Cell_2058	0.892020963714458	High
Cell_2059	0.882306580897421	High
Cell_2060	0.836285155266523	High
Cell_2061	0.557832951191813	Low
Cell_2062	0.925650743767619	High
Cell_2063	0.808980797417462	Medium
Cell_2064	0.918205777998082	High
Cell_2065	0.584964112378657	Low
Cell_2066	0.505140610039234	Low
Cell_2067	0.661734865629114	Low
Cell_2068	0.634841362247244	Low
Cell_2069	0.912630678038113	High
Cell_2070	0.966830868506804	High
Cell_2071	0.563895741826855	Low
Cell_2072	0.956668803119101	High
Cell_2073	0.802616973873228	Medium
Cell_2074	0.700142583227716	Medium
Cell_2075	0.832897651707754	Medium
Cell_2076	0.883799638599157	High
Cell_2077	0.760947850067168	Medium
Cell_2078	0.697253758553416	Medium
Cell_2079	0.982893416774459	High
Cell_2080	0.524492770317011	Low
Cell_2081	0.576654135831632	Low
Cell_2082	0.848419532761909	High
Cell_2083	0.863892936613411	High
Cell_2084	0.554189707734622	Low
Cell_2085	0.732284272788092	Medium
Cell_2086	0.821062768111005	Medium
Cell_2087	0.698555468930863	Medium
Cell_2088	0.99521512852516	High
Cell_2089	0.839354404946789	High
Cell_2090	0.657659228774719	Low
Cell_2091	0.576884630019777	Low
Cell_2092	0.650625867885537	Low
Cell_2093	0.547257765312679	Low
Cell_2094	0.513437753426842	Low
Cell_2095	0.65524165215902	Low
Cell_2096	0.871219434309751	High
Cell_2097	0.980046106153168	High
Cell_2098	0.707901331363246	Medium
Cell_2099	0.761117703630589	Medium
Cell_2100	0.533759864396416	Low
Cell_2101	0.814920902717859	Medium
Cell_2102	0.676706893602386	Medium
Cell_2103	0.712357326061465	Medium
Cell_2104	0.981884395354427	High
Cell_2105	0.840499243466184	High
Cell_2106	0.859231942216866	High
Cell_2107	0.585314882686362	Low
Cell_2108	0.601804544567131	Low
Cell_2109	0.938274855958298	High
Cell_2110	0.918761262786575	High
Cell_2111	0.860313521232456	High
Cell_2112	0.64053168555256	Low
Cell_2113	0.604995448375121	Low
Cell_2114	0.74707515980117	Medium
Cell_2115	0.760876404121518	Medium
Cell_2116	0.609915905864909	Low
Cell_2117	0.881553351180628	High
Cell_2118	0.512259826529771	Low
Cell_2119	0.855742972576991	High
Cell_2120	0.920443799579516	High
Cell_2121	0.965410536038689	High
Cell_2122	0.831045823637396	Medium
Cell_2123	0.634971109684557	Low
Cell_2124	0.609116730163805	Low
Cell_2125	0.933909085579216	High
Cell_2126	0.512285775854252	Low
Cell_2127	0.925013362197205	High
Cell_2128	0.761966538499109	Medium
Cell_2129	0.717731350916438	Medium
Cell_2130	0.965647373232059	High
Cell_2131	0.582275197957642	Low
Cell_2132	0.689394196029752	Medium
Cell_2133	0.569022468524054	Low
Cell_2134	0.574860538588837	Low
Cell_2135	0.838223623693921	High
Cell_2136	0.781058077933267	Medium
Cell_2137	0.735824221395887	Medium
Cell_2138	0.905550084309652	High
Cell_2139	0.981194266118109	High
Cell_2140	0.757704942021519	Medium
Cell_2141	0.851861384813674	High
Cell_2142	0.590439755003899	Low
Cell_2143	0.677483473555185	Medium
Cell_2144	0.52495139464736	Low
Cell_2145	0.576276851352304	Low
Cell_2146	0.549635859322734	Low
Cell_2147	0.640074038063176	Low
Cell_2148	0.693725101067685	Medium
Cell_2149	0.817079393193126	Medium
Cell_2150	0.853531804401428	High
Cell_2151	0.663009159383364	Low
Cell_2152	0.982591657550074	High
Cell_2153	0.848227223730646	High
Cell_2154	0.580539097078145	Low
Cell_2155	0.684531120816246	Medium
Cell_2156	0.651108879595995	Low
Cell_2157	0.728982883738354	Medium
Cell_2158	0.911641373182647	High
Cell_2159	0.616269675432704	Low
Cell_2160	0.701161112636328	Medium
Cell_2161	0.985806401469745	High
Cell_2162	0.562210372998379	Low
Cell_2163	0.815145038301125	Medium
Cell_2164	0.851933502941392	High
Cell_2165	0.795600142097101	Medium
Cell_2166	0.998258135630749	High
Cell_2167	0.522668050718494	Low
Cell_2168	0.995036268956028	High
Cell_2169	0.872653154656291	High
Cell_2170	0.718374798889272	Medium
Cell_2171	0.576503274380229	Low
Cell_2172	0.724432587740012	Medium
Cell_2173	0.59316235629376	Low
Cell_2174	0.713274291250855	Medium
Cell_2175	0.910389933269471	High
Cell_2176	0.525189457111992	Low
Cell_2177	0.662691075820476	Low
Cell_2178	0.921205964754336	High
Cell_2179	0.520099896471947	Low
Cell_2180	0.895936480606906	High
Cell_2181	0.980814218753949	High
Cell_2182	0.830460243741982	Medium
Cell_2183	0.504358709556982	Low
Cell_2184	0.732894612126984	Medium
Cell_2185	0.858306924346834	High
Cell_2186	0.514091054908931	Low
Cell_2187	0.92274127935525	High
Cell_2188	0.873207704513334	High
Cell_2189	0.63201538217254	Low
Cell_2190	0.872956838109531	High
Cell_2191	0.835791235673241	High
Cell_2192	0.586026366683654	Low
Cell_2193	0.834858234156854	High
Cell_2194	0.965177015750669	High
Cell_2195	0.925487379194237	High
Cell_2196	0.890536617604084	High
Cell_2197	0.842921165633015	High
Cell_2198	0.795684556011111	Medium
Cell_2199	0.701636608457193	Medium
Cell_2200	0.564174056285992	Low
Cell_2201	0.91008223220706	High
Cell_2202	0.858360236161388	High
Cell_2203	0.894162426237017	High
Cell_2204	0.509158000582829	Low
Cell_2205	0.587245070491917	Low
Cell_2206	0.799324484192766	Medium
Cell_2207	0.540319411433302	Low
Cell_2208	0.853657970903441	High
Cell_2209	0.781834387104027	Medium
Cell_2210	0.641403954592533	Low
Cell_2211	0.696028382866643	Medium
Cell_2212	0.836364083923399	High
Cell_2213	0.581089833634906	Low
Cell_2214	0.554250951739959	Low
Cell_2215	0.766722114989534	Medium
Cell_2216	0.551599550177343	Low
Cell_2217	0.54670904262457	Low
Cell_2218	0.819962571025826	Medium
Cell_2219	0.782021218561567	Medium
Cell_2220	0.65276825975161	Low
Cell_2221	0.633004515664652	Low
Cell_2222	0.816250394796953	Medium
Cell_2223	0.915378916775808	High
Cell_2224	0.525677807629108	Low
Cell_2225	0.996167518082075	High
Cell_2226	0.511043596430682	Low
Cell_2227	0.58991944452282	Low
Cell_2228	0.664346037432551	Low
Cell_2229	0.927447858382948	High
Cell_2230	0.592180156614631	Low
Cell_2231	0.897678351262584	High
Cell_2232	0.929426069138572	High
Cell_2233	0.736009766929783	Medium
Cell_2234	0.824101419653744	Medium
Cell_2235	0.662520842277445	Low
Cell_2236	0.73306872905232	Medium
Cell_2237	0.97120364184957	High
Cell_2238	0.622732149320655	Low
Cell_2239	0.511228529619984	Low
Cell_2240	0.983535915263928	High
Cell_2241	0.630024428479373	Low
Cell_2242	0.827053608256392	Medium
Cell_2243	0.537690618773922	Low
Cell_2244	0.984623049502261	High
Cell_2245	0.959269661922008	High
Cell_2246	0.934076268109493	High
Cell_2247	0.712189487414435	Medium
Cell_2248	0.890515987994149	High
Cell_2249	0.649952946347184	Low
Cell_2250	0.644726394210011	Low
Cell_2251	0.999636916560121	High
Cell_2252	0.99351860396564	High
Cell_2253	0.740023170597851	Medium
Cell_2254	0.88113753311336	High
Cell_2255	0.66430596250575	Low
Cell_2256	0.618119423626922	Low
Cell_2257	0.808930015191436	Medium
Cell_2258	0.6702246327186	Medium
Cell_2259	0.5291955138091	Low
Cell_2260	0.990972911124118	High
Cell_2261	0.844020060845651	High
Cell_2262	0.931091110454872	High
Cell_2263	0.730847741826437	Medium
Cell_2264	0.563013599254191	Low
Cell_2265	0.840147722628899	High
Cell_2266	0.509974392596632	Low
Cell_2267	0.581479319836944	Low
Cell_2268	0.947907917550765	High
Cell_2269	0.576578872278333	Low
Cell_2270	0.629320796811953	Low
Cell_2271	0.622012340114452	Low
Cell_2272	0.655932453693822	Low
Cell_2273	0.610623344779015	Low
Cell_2274	0.515273421420716	Low
Cell_2275	0.9515183045296	High
Cell_2276	0.979698732146062	High
Cell_2277	0.971424330724403	High
Cell_2278	0.726650019991212	Medium
Cell_2279	0.718832501210272	Medium
Cell_2280	0.525083073880523	Low
Cell_2281	0.679910634178668	Medium
Cell_2282	0.948322032345459	High
Cell_2283	0.685531583614647	Medium
Cell_2284	0.751642505638301	Medium
Cell_2285	0.763799653039314	Medium
Cell_2286	0.585135032539256	Low
Cell_2287	0.769299388397485	Medium
Cell_2288	0.55524672253523	Low
Cell_2289	0.80705251719337	Medium
Cell_2290	0.772488213493489	Medium
Cell_2291	0.61381434625946	Low
Cell_2292	0.950754326302558	High
Cell_2293	0.599263218347915	Low
Cell_2294	0.710906058782712	Medium
Cell_2295	0.942180929007009	High
Cell_2296	0.619100423296914	Low
Cell_2297	0.645815299125388	Low
Cell_2298	0.938197634764947	High
Cell_2299	0.809536237502471	Medium
Cell_2300	0.928649376844987	High
Cell_2301	0.738642166252248	Medium
Cell_2302	0.947115479968488	High
Cell_2303	0.584534678375348	Low
Cell_2304	0.810535068856552	Medium
Cell_2305	0.861380264861509	High
Cell_2306	0.595108081703074	Low
Cell_2307	0.784357751137577	Medium
Cell_2308	0.835765663767233	High
Cell_2309	0.959605449344963	High
Cell_2310	0.662779848906212	Low
Cell_2311	0.773376035154797	Medium
Cell_2312	0.502495589316823	Low
Cell_2313	0.685058070695959	Medium
Cell_2314	0.81881071231328	Medium
Cell_2315	0.804803505074233	Medium
Cell_2316	0.909146084566601	High
Cell_2317	0.558945898315869	Low
Cell_2318	0.831678835558705	Medium
Cell_2319	0.600803627632558	Low
Cell_2320	0.793429770739749	Medium
Cell_2321	0.847534989356063	High
Cell_2322	0.764144073938951	Medium
Cell_2323	0.684760755044408	Medium
Cell_2324	0.849236202775501	High
Cell_2325	0.73685222864151	Medium
Cell_2326	0.615403924020939	Low
Cell_2327	0.727067348314449	Medium
Cell_2328	0.539595959591679	Low
Cell_2329	0.628840286866762	Low
Cell_2330	0.777040250366554	Medium
Cell_2331	0.510879896581173	Low
Cell_2332	0.605551031883806	Low
Cell_2333	0.818196696112864	Medium
Cell_2334	0.858486885554157	High
Cell_2335	0.888431202736683	High
Cell_2336	0.536604282679036	Low
Cell_2337	0.54937418573536	Low
Cell_2338	0.97319778020028	High
Cell_2339	0.965441703912802	High
Cell_2340	0.96072577079758	High
Cell_2341	0.824969324166887	Medium
Cell_2342	0.578175183036365	Low
Cell_2343	0.95507183438167	High
Cell_2344	0.961030943901278	High
Cell_2345	0.584620306966826	Low
Cell_2346	0.536683657788672	Low
Cell_2347	0.783114465535618	Medium
Cell_2348	0.682702648453414	Medium
Cell_2349	0.730083309463225	Medium
Cell_2350	0.732368456199765	Medium
Cell_2351	0.88945355406031	High
Cell_2352	0.911833188147284	High
Cell_2353	0.641177526093088	Low
Cell_2354	0.864989157067612	High
Cell_2355	0.747985842986964	Medium
Cell_2356	0.533134150551632	Low
Cell_2357	0.518823915277608	Low
Cell_2358	0.618792537017725	Low
Cell_2359	0.609198055113666	Low
Cell_2360	0.711193137452938	Medium
Cell_2361	0.774875816539861	Medium
Cell_2362	0.856868802336976	High
Cell_2363	0.619997054338455	Low
Cell_2364	0.947841006563976	High
Cell_2365	0.741311894031242	Medium
Cell_2366	0.631423500948586	Low
Cell_2367	0.659959380165674	Low
Cell_2368	0.83215098711662	Medium
Cell_2369	0.864025680697523	High
Cell_2370	0.785717975464649	Medium
Cell_2371	0.939347538165748	High
Cell_2372	0.704601639416069	Medium
Cell_2373	0.602697894792072	Low
Cell_2374	0.735410208581015	Medium
Cell_2375	0.689703887677751	Medium
Cell_2376	0.623782481183298	Low
Cell_2377	0.962516262894496	High
Cell_2378	0.733087353291921	Medium
Cell_2379	0.506970841670409	Low
Cell_2380	0.971612369059585	High
Cell_2381	0.687272827723064	Medium
Cell_2382	0.504020767752081	Low
Cell_2383	0.990262251696549	High
Cell_2384	0.688770027947612	Medium
Cell_2385	0.992933777393773	High
Cell_2386	0.569808195345104	Low
Cell_2387	0.781109051546082	Medium
Cell_2388	0.897180097177625	High
Cell_2389	0.596950684324838	Low
Cell_2390	0.85534925153479	High
Cell_2391	0.782854010001756	Medium
Cell_2392	0.505057866568677	Low
Cell_2393	0.628475433913991	Low
Cell_2394	0.735490741441026	Medium
Cell_2395	0.96343137358781	High
Cell_2396	0.997645989409648	High
Cell_2397	0.604991150205024	Low
Cell_2398	0.772593454108573	Medium
Cell_2399	0.822696436196566	Medium
Cell_2400	0.95055399031844	High
Cell_2401	0.866160873672925	High
Cell_2402	0.804855350987054	Medium
Cell_2403	0.612186066806316	Low
Cell_2404	0.958085506688803	High
Cell_2405	0.901380512397736	High
Cell_2406	0.656204306287691	Low
Cell_2407	0.613625598140061	Low
Cell_2408	0.828797601978295	Medium
Cell_2409	0.867865578155033	High
Cell_2410	0.732547127292491	Medium
Cell_2411	0.931802664650604	High
Cell_2412	0.837500291643664	High
Cell_2413	0.580733944429085	Low
Cell_2414	0.506045153364539	Low
Cell_2415	0.933034013723955	High
Cell_2416	0.550356393912807	Low
Cell_2417	0.656116122263484	Low
Cell_2418	0.717247526510619	Medium
Cell_2419	0.807878032093868	Medium
Cell_2420	0.669612028403208	Medium
Cell_2421	0.789989051409066	Medium
Cell_2422	0.914837401360273	High
Cell_2423	0.667309072799981	Medium
Cell_2424	0.691009498084895	Medium
Cell_2425	0.802844967343844	Medium
Cell_2426	0.747867946047336	Medium
Cell_2427	0.554633941850625	Low
Cell_2428	0.92296414996963	High
Cell_2429	0.72292826755438	Medium
Cell_2430	0.875187952420674	High
Cell_2431	0.897769309813157	High
Cell_2432	0.695349428569898	Medium
Cell_2433	0.507423944422044	Low
Cell_2434	0.871707413345575	High
Cell_2435	0.534192589344457	Low
Cell_2436	0.766010315390304	Medium
Cell_2437	0.561315206927247	Low
Cell_2438	0.837884999578819	High
Cell_2439	0.528010033885948	Low
Cell_2440	0.899004692910239	High
Cell_2441	0.831302482285537	Medium
Cell_2442	0.622120698331855	Low
Cell_2443	0.580186218605377	Low
Cell_2444	0.528999950154684	Low
Cell_2445	0.507605596911162	Low
Cell_2446	0.916677385801449	High
Cell_2447	0.63093860889785	Low
Cell_2448	0.527707413071766	Low
Cell_2449	0.674016716424376	Medium
Cell_2450	0.790109204477631	Medium
Cell_2451	0.902109137852676	High
Cell_2452	0.670132863218896	Medium
Cell_2453	0.567425165441819	Low
Cell_2454	0.886806460097432	High
Cell_2455	0.938618924934417	High
Cell_2456	0.993984017521143	High
Cell_2457	0.827409292571247	Medium
Cell_2458	0.627013651654124	Low
Cell_2459	0.82072777999565	Medium
Cell_2460	0.725306190317497	Medium
Cell_2461	0.598480598535389	Low
Cell_2462	0.803093742695637	Medium
Cell_2463	0.987314874888398	High
Cell_2464	0.599587190663442	Low
Cell_2465	0.717379486770369	Medium
Cell_2466	0.669769367319532	Medium
Cell_2467	0.517004121211357	Low
Cell_2468	0.549599281628616	Low
Cell_2469	0.709616416366771	Medium
Cell_2470	0.523669169982895	Low
Cell_2471	0.513264638488181	Low
Cell_2472	0.5867560232291	Low
Cell_2473	0.689043267164379	Medium
Cell_2474	0.794161392142996	Medium
Cell_2475	0.66821483511012	Medium
Cell_2476	0.747274143388495	Medium
Cell_2477	0.876163337379694	High
Cell_2478	0.584531055996194	Low
Cell_2479	0.921815818292089	High
Cell_2480	0.660151428193785	Low
Cell_2481	0.616943608154543	Low
Cell_2482	0.654996782890521	Low
Cell_2483	0.894954981631599	High
Cell_2484	0.627253874554299	Low
Cell_2485	0.961411762866192	High
Cell_2486	0.574176748748869	Low
Cell_2487	0.608238903223537	Low
Cell_2488	0.813045905902982	Medium
Cell_2489	0.628535086638294	Low
Cell_2490	0.85358687385451	High
Cell_2491	0.871202609152533	High
Cell_2492	0.631178196752444	Low
Cell_2493	0.786309903953224	Medium
Cell_2494	0.957824313896708	High
Cell_2495	0.85421002516523	High
Cell_2496	0.922177535365336	High
Cell_2497	0.959971207077615	High
Cell_2498	0.647317337221466	Low
Cell_2499	0.82532633212395	Medium
Cell_2500	0.570883095148019	Low
Cell_2501	0.926765840966254	High
Cell_2502	0.833003308041953	Medium
Cell_2503	0.866663339664228	High
Cell_2504	0.657370174652897	Low
Cell_2505	0.833858970087022	High
Cell_2506	0.731943355756812	Medium
Cell_2507	0.825141465640627	Medium
Cell_2508	0.892887604073621	High
Cell_2509	0.950852100388147	High
Cell_2510	0.763703774078749	Medium
Cell_2511	0.579054524190724	Low
Cell_2512	0.634809376555495	Low
Cell_2513	0.567270107218064	Low
Cell_2514	0.618778777658008	Low
Cell_2515	0.861528311041184	High
Cell_2516	0.813562716124579	Medium
Cell_2517	0.726182246347889	Medium
Cell_2518	0.81715348677244	Medium
Cell_2519	0.764748439774849	Medium
Cell_2520	0.665053192875348	Low
Cell_2521	0.88536868034862	High
Cell_2522	0.817494584363885	Medium
Cell_2523	0.887181842001155	High
Cell_2524	0.589424581965432	Low
Cell_2525	0.698201136896387	Medium
Cell_2526	0.981357932905667	High
Cell_2527	0.688656809623353	Medium
Cell_2528	0.538777474896051	Low
Cell_2529	0.764667554525658	Medium
Cell_2530	0.974861996830441	High
Cell_2531	0.928056527045555	High
Cell_2532	0.774718071916141	Medium
Cell_2533	0.832476770854555	Medium
Cell_2534	0.750224068295211	Medium
Cell_2535	0.962036080425605	High
Cell_2536	0.545963976765051	Low
Cell_2537	0.748476678738371	Medium
Cell_2538	0.891112047014758	High
Cell_2539	0.934923437074758	High
Cell_2540	0.95077616465278	High
Cell_2541	0.905691243940964	High
Cell_2542	0.57686481368728	Low
Cell_2543	0.864879363914952	High
Cell_2544	0.879751466563903	High
Cell_2545	0.830409743706696	Medium
Cell_2546	0.954017543117516	High
Cell_2547	0.69489193323534	Medium
Cell_2548	0.978489172412083	High
Cell_2549	0.72829318465665	Medium
Cell_2550	0.597504297271371	Low
Cell_2551	0.795359616517089	Medium
Cell_2552	0.577699346700683	Low
Cell_2553	0.7597480394179	Medium
Cell_2554	0.706419845460914	Medium
Cell_2555	0.913608475122601	High
Cell_2556	0.781547940103337	Medium
Cell_2557	0.728237740928307	Medium
Cell_2558	0.59617431263905	Low
Cell_2559	0.735973417409696	Medium
Cell_2560	0.616250122198835	Low
Cell_2561	0.657039855374023	Low
Cell_2562	0.933426022646017	High
Cell_2563	0.722493653534912	Medium
Cell_2564	0.716964209452271	Medium
Cell_2565	0.73629404057283	Medium
Cell_2566	0.916700856178068	High
Cell_2567	0.505170553922653	Low
Cell_2568	0.654564737225883	Low
Cell_2569	0.543076485744677	Low
Cell_2570	0.911503546521999	High
Cell_2571	0.735553606878966	Medium
Cell_2572	0.766167962807231	Medium
Cell_2573	0.697697714553215	Medium
Cell_2574	0.727218584739603	Medium
Cell_2575	0.557450473541394	Low
Cell_2576	0.515545421396382	Low
Cell_2577	0.511605439358391	Low
Cell_2578	0.538759672665037	Low
Cell_2579	0.680765547673218	Medium
Cell_2580	0.880704362527467	High
Cell_2581	0.871640820871107	High
Cell_2582	0.548846101737581	Low
Cell_2583	0.980952708749101	High
Cell_2584	0.571602214244194	Low
Cell_2585	0.742330870591104	Medium
Cell_2586	0.782455495093018	Medium
Cell_2587	0.966152795241214	High
Cell_2588	0.91001238534227	High
Cell_2589	0.766541519784369	Medium
Cell_2590	0.692234490183182	Medium
Cell_2591	0.772994156111963	Medium
Cell_2592	0.898363967426121	High
Cell_2593	0.81367168109864	Medium
Cell_2594	0.551978500327095	Low
Cell_2595	0.595996254822239	Low
Cell_2596	0.921055216807872	High
Cell_2597	0.739688306231983	Medium
Cell_2598	0.88863029400818	High
Cell_2599	0.909089567488991	High
Cell_2600	0.648466969956644	Low
Cell_2601	0.613354969653301	Low
Cell_2602	0.810178946587257	Medium
Cell_2603	0.686937786405906	Medium
Cell_2604	0.942986209061928	High
Cell_2605	0.562765803886577	Low
Cell_2606	0.578998295357451	Low
Cell_2607	0.81923126289621	Medium
Cell_2608	0.593065280932933	Low
Cell_2609	0.832254339824431	Medium
Cell_2610	0.756012927275151	Medium
Cell_2611	0.870809920248576	High
Cell_2612	0.668256514822133	Medium
Cell_2613	0.555634224787354	Low
Cell_2614	0.701144812162966	Medium
Cell_2615	0.771349370130338	Medium
Cell_2616	0.870130643597804	High
Cell_2617	0.586285040481016	Low
Cell_2618	0.793242713436484	Medium
Cell_2619	0.749923271127045	Medium
Cell_2620	0.9681792834308	High
Cell_2621	0.955151555128396	High
Cell_2622	0.576453304616734	Low
Cell_2623	0.653648752602749	Low
Cell_2624	0.84914708416909	High
Cell_2625	0.881607620627619	High
Cell_2626	0.754934827331454	Medium
Cell_2627	0.613363586016931	Low
Cell_2628	0.582930712029338	Low
Cell_2629	0.658068575314246	Low
Cell_2630	0.522470543161035	Low
Cell_2631	0.834784206701443	High
Cell_2632	0.873138586641289	High
Cell_2633	0.624266681261361	Low
Cell_2634	0.733476611087099	Medium
Cell_2635	0.522143663372844	Low
Cell_2636	0.549132950138301	Low
Cell_2637	0.948547262116335	High
Cell_2638	0.807574241538532	Medium
Cell_2639	0.820355000090785	Medium
Cell_2640	0.730501060490496	Medium
Cell_2641	0.639865726465359	Low
Cell_2642	0.972475123009644	High
Cell_2643	0.511535862227902	Low
Cell_2644	0.588656363077462	Low
Cell_2645	0.985714063630439	High
Cell_2646	0.89986887818668	High
Cell_2647	0.999825507053174	High
Cell_2648	0.630371726350859	Low
Cell_2649	0.791091329185292	Medium
Cell_2650	0.536147083039396	Low
Cell_2651	0.901141850161366	High
Cell_2652	0.940282682538964	High
Cell_2653	0.944814769551158	High
Cell_2654	0.505663503427058	Low
Cell_2655	0.620700283092447	Low
Cell_2656	0.803634448791854	Medium
Cell_2657	0.681360282469541	Medium
Cell_2658	0.854604329681024	High
Cell_2659	0.521036480320618	Low
Cell_2660	0.828585515380837	Medium
Cell_2661	0.615344721009023	Low
Cell_2662	0.636488686315715	Low
Cell_2663	0.866581888869405	High
Cell_2664	0.589128100429662	Low
Cell_2665	0.692817134317011	Medium
Cell_2666	0.842177280341275	High
Cell_2667	0.707595523796044	Medium
Cell_2668	0.771080919425003	Medium
Cell_2669	0.727594940108247	Medium
Cell_2670	0.563532219151966	Low
Cell_2671	0.515592123032548	Low
Cell_2672	0.582826601923443	Low
Cell_2673	0.899440355831757	High
Cell_2674	0.571194018702954	Low
Cell_2675	0.537220420897938	Low
Cell_2676	0.514287003781646	Low
Cell_2677	0.708695951616392	Medium
Cell_2678	0.9270140187582	High
Cell_2679	0.665244470234029	Low
Cell_2680	0.722218257840723	Medium
Cell_2681	0.70674161799252	Medium
Cell_2682	0.675875392043963	Medium
Cell_2683	0.963925139745697	High
Cell_2684	0.965027278172784	High
Cell_2685	0.640131579944864	Low
Cell_2686	0.864654974779114	High
Cell_2687	0.608392449794337	Low
Cell_2688	0.970123888691887	High
Cell_2689	0.532149486592971	Low
Cell_2690	0.994334456976503	High
Cell_2691	0.605104240123183	Low
Cell_2692	0.659266216563992	Low
Cell_2693	0.56088494323194	Low
Cell_2694	0.792107123066671	Medium
Cell_2695	0.829171705758199	Medium
Cell_2696	0.998082513804547	High
Cell_2697	0.597033783444203	Low
Cell_2698	0.90824835957028	High
Cell_2699	0.809726029983722	Medium
Cell_2700	0.992803554283455	High
Cell_2701	0.720895982580259	Medium
Cell_2702	0.862092611379921	High
Cell_2703	0.53792431158945	Low
Cell_2704	0.81517137598712	Medium
Cell_2705	0.607293225708418	Low
Cell_2706	0.959563775919378	High
Cell_2707	0.905976001638919	High
Cell_2708	0.928057963494211	High
Cell_2709	0.908378622960299	High
Cell_2710	0.708550845156424	Medium
Cell_2711	0.988774551893584	High
Cell_2712	0.749681829940528	Medium
Cell_2713	0.749285832280293	Medium
Cell_2714	0.671736126067117	Medium
Cell_2715	0.533674697042443	Low
Cell_2716	0.953682669438422	High
Cell_2717	0.610559867811389	Low
Cell_2718	0.648831946542487	Low
Cell_2719	0.829271231312305	Medium
Cell_2720	0.783309954800643	Medium
Cell_2721	0.985646195011213	High
Cell_2722	0.552466116612777	Low
Cell_2723	0.771899462910369	Medium
Cell_2724	0.95768606744241	High
Cell_2725	0.936468701809645	High
Cell_2726	0.952269454603083	High
Cell_2727	0.889390281750821	High
Cell_2728	0.583585535059683	Low
Cell_2729	0.560692454571836	Low
Cell_2730	0.559147065272555	Low
Cell_2731	0.716033795615658	Medium
Cell_2732	0.888693483429961	High
Cell_2733	0.952049047569744	High
Cell_2734	0.713233140064403	Medium
Cell_2735	0.904755553114228	High
Cell_2736	0.7341875518905	Medium
Cell_2737	0.839301548665389	High
Cell_2738	0.879362942068838	High
Cell_2739	0.841679807635956	High
Cell_2740	0.92378980666399	High
Cell_2741	0.655784954782575	Low
Cell_2742	0.591383401304483	Low
Cell_2743	0.546760085038841	Low
Cell_2744	0.507397296838462	Low
Cell_2745	0.951206651399843	High
Cell_2746	0.898026459035464	High
Cell_2747	0.538885949295945	Low
Cell_2748	0.550871545216069	Low
Cell_2749	0.586946045747027	Low
Cell_2750	0.764339010231197	Medium
Cell_2751	0.867657007300295	High
Cell_2752	0.559109332505614	Low
Cell_2753	0.551719696028158	Low
Cell_2754	0.776131732040085	Medium
Cell_2755	0.64525928394869	Low
Cell_2756	0.720220262301154	Medium
Cell_2757	0.559222152223811	Low
Cell_2758	0.960809304146096	High
Cell_2759	0.866294748964719	High
Cell_2760	0.73076523153577	Medium
Cell_2761	0.836157213430852	High
Cell_2762	0.644247205578722	Low
Cell_2763	0.831722705624998	Medium
Cell_2764	0.687534321565181	Medium
Cell_2765	0.83546177088283	High
Cell_2766	0.706362281460315	Medium
Cell_2767	0.855660117114894	High
Cell_2768	0.640537978615612	Low
Cell_2769	0.869352238951251	High
Cell_2770	0.787460726918653	Medium
Cell_2771	0.512247992795892	Low
Cell_2772	0.68134736281354	Medium
Cell_2773	0.72042463615071	Medium
Cell_2774	0.701700976351276	Medium
Cell_2775	0.772386083961464	Medium
Cell_2776	0.931598252966069	High
Cell_2777	0.882837328128517	High
Cell_2778	0.532710954081267	Low
Cell_2779	0.558758987928741	Low
Cell_2780	0.654894103645347	Low
Cell_2781	0.654339153552428	Low
Cell_2782	0.866168397362344	High
Cell_2783	0.570745679433458	Low
Cell_2784	0.988786618807353	High
Cell_2785	0.927399507956579	High
Cell_2786	0.791961866081692	Medium
Cell_2787	0.949782126932405	High
Cell_2788	0.50467227154877	Low
Cell_2789	0.892278543091379	High
Cell_2790	0.953900738852099	High
Cell_2791	0.555388779961504	Low
Cell_2792	0.73291050165426	Medium
Cell_2793	0.83717413037084	High
Cell_2794	0.732726230402477	Medium
Cell_2795	0.937510270858184	High
Cell_2796	0.700542768114246	Medium
Cell_2797	0.78334257286042	Medium
Cell_2798	0.826852873084135	Medium
Cell_2799	0.642829864751548	Low
Cell_2800	0.945972425397485	High
Cell_2801	0.569356672232971	Low
Cell_2802	0.7785970706027	Medium
Cell_2803	0.626464213128202	Low
Cell_2804	0.536803085356951	Low
Cell_2805	0.881324312649667	High
Cell_2806	0.803184387972578	Medium
Cell_2807	0.666496932622977	Low
Cell_2808	0.954831809387542	High
Cell_2809	0.795013598399237	Medium
Cell_2810	0.973212864715606	High
Cell_2811	0.951165269361809	High
Cell_2812	0.693484019371681	Medium
Cell_2813	0.859240497462451	High
Cell_2814	0.913673527422361	High
Cell_2815	0.956911022309214	High
Cell_2816	0.565309399389662	Low
Cell_2817	0.52220853837207	Low
Cell_2818	0.994116933899932	High
Cell_2819	0.694739676895551	Medium
Cell_2820	0.855526706553064	High
Cell_2821	0.762970038456842	Medium
Cell_2822	0.693450637627393	Medium
Cell_2823	0.859283415367827	High
Cell_2824	0.940090358722955	High
Cell_2825	0.56058009818662	Low
Cell_2826	0.683526118402369	Medium
Cell_2827	0.894965931773186	High
Cell_2828	0.607800115947612	Low
Cell_2829	0.810363380471244	Medium
Cell_2830	0.68886117846705	Medium
Cell_2831	0.802017649984919	Medium
Cell_2832	0.782259134110063	Medium
Cell_2833	0.847221650066786	High
Cell_2834	0.907071843277663	High
Cell_2835	0.726842117263004	Medium
Cell_2836	0.684982347534969	Medium
Cell_2837	0.911329519120045	High
Cell_2838	0.756312135723419	Medium
Cell_2839	0.87079091265332	High
Cell_2840	0.924669239087962	High
Cell_2841	0.720149857690558	Medium
Cell_2842	0.702954153297469	Medium
Cell_2843	0.925458805402741	High
Cell_2844	0.863512306008488	High
Cell_2845	0.807535125757568	Medium
Cell_2846	0.850000531645492	High
Cell_2847	0.874086481984705	High
Cell_2848	0.63092382135801	Low
Cell_2849	0.638098325813189	Low
Cell_2850	0.599731885828078	Low
Cell_2851	0.971497998456471	High
Cell_2852	0.63557284057606	Low
Cell_2853	0.749204324558377	Medium
Cell_2854	0.518343940959312	Low
Cell_2855	0.900868616416119	High
Cell_2856	0.702612282941118	Medium
Cell_2857	0.730062952614389	Medium
Cell_2858	0.965576075250283	High
Cell_2859	0.694940362824127	Medium
Cell_2860	0.872908184537664	High
Cell_2861	0.891804248327389	High
Cell_2862	0.60372812661808	Low
Cell_2863	0.528263364802115	Low
Cell_2864	0.665756916860119	Low
Cell_2865	0.841902592801489	High
Cell_2866	0.883887134143151	High
Cell_2867	0.826524695730768	Medium
Cell_2868	0.966901997104287	High
Cell_2869	0.50175797578413	Low
Cell_2870	0.689194546313956	Medium
Cell_2871	0.821852025575936	Medium
Cell_2872	0.549536305596121	Low
Cell_2873	0.507531730923802	Low
Cell_2874	0.574282535235398	Low
Cell_2875	0.87265515665058	High
Cell_2876	0.926373375463299	High
Cell_2877	0.662472728639841	Low
Cell_2878	0.633334754384123	Low
Cell_2879	0.621773721068166	Low
Cell_2880	0.978125145775266	High
Cell_2881	0.748634369694628	Medium
Cell_2882	0.847225787700154	High
Cell_2883	0.957565956981853	High
Cell_2884	0.804460893501528	Medium
Cell_2885	0.631304428912699	Low
Cell_2886	0.959465368883684	High
Cell_2887	0.855806539300829	High
Cell_2888	0.521914296899922	Low
Cell_2889	0.816753813414834	Medium
Cell_2890	0.926366193918511	High
Cell_2891	0.559547929675318	Low
Cell_2892	0.976018951623701	High
Cell_2893	0.520419929875061	Low
Cell_2894	0.585299990838394	Low
Cell_2895	0.511576704797335	Low
Cell_2896	0.694954953272827	Medium
Cell_2897	0.854638570453972	High
Cell_2898	0.827877772855572	Medium
Cell_2899	0.743071358418092	Medium
Cell_2900	0.540361581370234	Low
Cell_2901	0.983942200313322	High
Cell_2902	0.780136432615109	Medium
Cell_2903	0.858453080640174	High
Cell_2904	0.641712378012016	Low
Cell_2905	0.901126451790333	High
Cell_2906	0.81460967916064	Medium
Cell_2907	0.95448045595549	High
Cell_2908	0.69806259451434	Medium
Cell_2909	0.654142207000405	Low
Cell_2910	0.865847081528045	High
Cell_2911	0.847504284232855	High
Cell_2912	0.717650082777254	Medium
Cell_2913	0.903759945183992	High
Cell_2914	0.652806522441097	Low
Cell_2915	0.957277656649239	High
Cell_2916	0.814914694754407	Medium
Cell_2917	0.88858212903142	High
Cell_2918	0.85857194615528	High
Cell_2919	0.831588094704784	Medium
Cell_2920	0.851546000340022	High
Cell_2921	0.59631792397704	Low
Cell_2922	0.799039107281715	Medium
Cell_2923	0.883585260948166	High
Cell_2924	0.618187965941615	Low
Cell_2925	0.845778031274676	High
Cell_2926	0.546119538834319	Low
Cell_2927	0.868520620162599	High
Cell_2928	0.972340535721742	High
Cell_2929	0.832043825881556	Medium
Cell_2930	0.833707787329331	High
Cell_2931	0.710010837181471	Medium
Cell_2932	0.568983461242169	Low
Cell_2933	0.734682556823827	Medium
Cell_2934	0.546877121319994	Low
Cell_2935	0.877036675577983	High
Cell_2936	0.683163952780887	Medium
Cell_2937	0.784068190841936	Medium
Cell_2938	0.69151065708138	Medium
Cell_2939	0.60161935002543	Low
Cell_2940	0.767632692935877	Medium
Cell_2941	0.69292362453416	Medium
Cell_2942	0.931142679648474	High
Cell_2943	0.54678177239839	Low
Cell_2944	0.531724268919788	Low
Cell_2945	0.583382018608972	Low
Cell_2946	0.967827615677379	High
Cell_2947	0.721254487638362	Medium
Cell_2948	0.837198141380213	High
Cell_2949	0.518038999522105	Low
Cell_2950	0.734210544032976	Medium
Cell_2951	0.522826785105281	Low
Cell_2952	0.810016846866347	Medium
Cell_2953	0.932445994112641	High
Cell_2954	0.597934580291621	Low
Cell_2955	0.641049226629548	Low
Cell_2956	0.932593544363044	High
Cell_2957	0.516017523594201	Low
Cell_2958	0.891177687677555	High
Cell_2959	0.72753474698402	Medium
Cell_2960	0.540060944273137	Low
Cell_2961	0.953380435006693	High
Cell_2962	0.594503327272832	Low
Cell_2963	0.873047934146598	High
Cell_2964	0.715782039915211	Medium
Cell_2965	0.835266098612919	High
Cell_2966	0.593725606333464	Low
Cell_2967	0.940871586441062	High
Cell_2968	0.524433724232949	Low
Cell_2969	0.610102443373762	Low
Cell_2970	0.630900233052671	Low
Cell_2971	0.883604952017777	High
Cell_2972	0.692981252097525	Medium
Cell_2973	0.63928655453492	Low
Cell_2974	0.538807756034657	Low
Cell_2975	0.750152431428432	Medium
Cell_2976	0.725725724711083	Medium
Cell_2977	0.99330080661457	High
Cell_2978	0.571067170239985	Low
Cell_2979	0.916917875758372	High
Cell_2980	0.514764745021239	Low
Cell_2981	0.8893793518655	High
Cell_2982	0.614336970145814	Low
Cell_2983	0.566930059227161	Low
Cell_2984	0.595305461902171	Low
Cell_2985	0.607932319864631	Low
Cell_2986	0.967085696058348	High
Cell_2987	0.994408827275038	High
Cell_2988	0.655012464267202	Low
Cell_2989	0.56856543966569	Low
Cell_2990	0.830492903362028	Medium
Cell_2991	0.79245668835938	Medium
Cell_2992	0.672032666276209	Medium
Cell_2993	0.906978269224055	High
Cell_2994	0.641591979772784	Low
Cell_2995	0.922920530312695	High
Cell_2996	0.56851094274316	Low
Cell_2997	0.930973878130317	High
Cell_2998	0.533560309442692	Low
Cell_2999	0.717604217701592	Medium
Cell_3000	0.840067479759455	High
Cell_3001	0.602913460112177	Low
Cell_3002	0.971269523724914	High
Cell_3003	0.689661895972677	Medium
Cell_3004	0.813120070612058	Medium
Cell_3005	0.59175120096188	Low
Cell_3006	0.829603809164837	Medium
Cell_3007	0.867346455343068	High
Cell_3008	0.747839716495946	Medium
Cell_3009	0.934359371894971	High
Cell_3010	0.915918972226791	High
Cell_3011	0.991649412666447	High
Cell_3012	0.833425112534314	High
Cell_3013	0.821430071024224	Medium
Cell_3014	0.522572642425075	Low
Cell_3015	0.595423221238889	Low
Cell_3016	0.516293621854857	Low
Cell_3017	0.923597238957882	High
Cell_3018	0.712228627991863	Medium
Cell_3019	0.908601719303988	High
Cell_3020	0.575829996610992	Low
Cell_3021	0.702922052820213	Medium
Cell_3022	0.861254465766251	High
Cell_3023	0.529816914233379	Low
Cell_3024	0.665174611611292	Low
Cell_3025	0.888382000965066	High
Cell_3026	0.920229672570713	High
Cell_3027	0.935290765133686	High
Cell_3028	0.976520950789563	High
Cell_3029	0.691977876238525	Medium
Cell_3030	0.975315983290784	High
Cell_3031	0.852052312809974	High
Cell_3032	0.710990696912631	Medium
Cell_3033	0.695658046985045	Medium
Cell_3034	0.60528337280266	Low
Cell_3035	0.876240090467036	High
Cell_3036	0.722538925241679	Medium
Cell_3037	0.726657421211712	Medium
Cell_3038	0.541625429643318	Low
Cell_3039	0.682584514375776	Medium
Cell_3040	0.947476452914998	High
Cell_3041	0.772218922968023	Medium
Cell_3042	0.515413533197716	Low
Cell_3043	0.694216541596688	Medium
Cell_3044	0.556697622989304	Low
Cell_3045	0.638627229491249	Low
Cell_3046	0.859759915503673	High
Cell_3047	0.688012592494488	Medium
Cell_3048	0.817229977226816	Medium
Cell_3049	0.748373896232806	Medium
Cell_3050	0.903743228875101	High
Cell_3051	0.791094204061665	Medium
Cell_3052	0.586006401688792	Low
Cell_3053	0.968645519809797	High
Cell_3054	0.526905437349342	Low
Cell_3055	0.543616093578748	Low
Cell_3056	0.920779002830386	High
Cell_3057	0.710444630472921	Medium
Cell_3058	0.858743026386946	High
Cell_3059	0.868075365549885	High
Cell_3060	0.993735272553749	High
Cell_3061	0.980483559775166	High
Cell_3062	0.570896867197007	Low
Cell_3063	0.832475657924078	Medium
Cell_3064	0.516577121103182	Low
Cell_3065	0.747256675269455	Medium
Cell_3066	0.895676211337559	High
Cell_3067	0.689604876795784	Medium
Cell_3068	0.974149680696428	High
Cell_3069	0.830337890191004	Medium
Cell_3070	0.716382547630928	Medium
Cell_3071	0.919341299100779	High
Cell_3072	0.902349361451343	High
Cell_3073	0.713531152578071	Medium
Cell_3074	0.664695254759863	Low
Cell_3075	0.782520256470889	Medium
Cell_3076	0.930614585988224	High
Cell_3077	0.792935512377881	Medium
Cell_3078	0.822560064145364	Medium
Cell_3079	0.883542034775019	High
Cell_3080	0.846428512013517	High
Cell_3081	0.933398841414601	High
Cell_3082	0.547348776133731	Low
Cell_3083	0.804969647084363	Medium
Cell_3084	0.620437394827604	Low
Cell_3085	0.734820829471573	Medium
Cell_3086	0.64196104335133	Low
Cell_3087	0.959220639313571	High
Cell_3088	0.69987202459015	Medium
Cell_3089	0.782672330155037	Medium
Cell_3090	0.540438506170176	Low
Cell_3091	0.971350092440844	High
Cell_3092	0.867889302666299	High
Cell_3093	0.737656108103693	Medium
Cell_3094	0.590921624330804	Low
Cell_3095	0.865183440269902	High
Cell_3096	0.80731352197472	Medium
Cell_3097	0.530520795029588	Low
Cell_3098	0.526647691614926	Low
Cell_3099	0.727628157474101	Medium
Cell_3100	0.590481068473309	Low
Cell_3101	0.745652962010354	Medium
Cell_3102	0.990935724112205	High
Cell_3103	0.612061053630896	Low
Cell_3104	0.856264327652752	High
Cell_3105	0.575063029653393	Low
Cell_3106	0.762862919713371	Medium
Cell_3107	0.914237911696546	High
Cell_3108	0.563430272159167	Low
Cell_3109	0.909841640852392	High
Cell_3110	0.623001708183438	Low
Cell_3111	0.548508982756175	Low
Cell_3112	0.581850726739503	Low
Cell_3113	0.832177601987496	Medium
Cell_3114	0.838714058394544	High
Cell_3115	0.566475938074291	Low
Cell_3116	0.989761992357671	High
Cell_3117	0.573306237813085	Low
Cell_3118	0.970908376970328	High
Cell_3119	0.850175872445107	High
Cell_3120	0.783981451764703	Medium
Cell_3121	0.623174494714476	Low
Cell_3122	0.670435766223818	Medium
Cell_3123	0.919880972709507	High
Cell_3124	0.960760733112693	High
Cell_3125	0.757682443596423	Medium
Cell_3126	0.9440560991643	High
Cell_3127	0.852036101510748	High
Cell_3128	0.711881394847296	Medium
Cell_3129	0.650134551688097	Low
Cell_3130	0.9816922203172	High
Cell_3131	0.562410298036411	Low
Cell_3132	0.840170266455971	High
Cell_3133	0.90991957182996	High
Cell_3134	0.608137410948984	Low
Cell_3135	0.797043589525856	Medium
Cell_3136	0.580847965320572	Low
Cell_3137	0.702763259760104	Medium
Cell_3138	0.619442549534142	Low
Cell_3139	0.763799422769807	Medium
Cell_3140	0.835477400571108	High
Cell_3141	0.953782485099509	High
Cell_3142	0.666398591245525	Low
Cell_3143	0.621268249698915	Low
Cell_3144	0.6549943680875	Low
Cell_3145	0.613402767456137	Low
Cell_3146	0.56150156725198	Low
Cell_3147	0.633877812768333	Low
Cell_3148	0.961826818529516	High
Cell_3149	0.528242079773918	Low
Cell_3150	0.750727573409677	Medium
Cell_3151	0.896892968099564	High
Cell_3152	0.918963672593236	High
Cell_3153	0.788136834162287	Medium
Cell_3154	0.620925044990145	Low
Cell_3155	0.791031112428755	Medium
Cell_3156	0.56875778362155	Low
Cell_3157	0.741356162005104	Medium
Cell_3158	0.546842806390487	Low
Cell_3159	0.652484763995744	Low
Cell_3160	0.838352677295916	High
Cell_3161	0.602567494148389	Low
Cell_3162	0.697459253016859	Medium
Cell_3163	0.901426553027704	High
Cell_3164	0.61416034726426	Low
Cell_3165	0.538453758927062	Low
Cell_3166	0.889112453907728	High
Cell_3167	0.835069848340936	High
Cell_3168	0.755554836825468	Medium
Cell_3169	0.607001030119136	Low
Cell_3170	0.593846649397165	Low
Cell_3171	0.80557358788792	Medium
Cell_3172	0.519370744819753	Low
Cell_3173	0.614720276673324	Low
Cell_3174	0.911968944827095	High
Cell_3175	0.650184124941006	Low
Cell_3176	0.508045904687606	Low
Cell_3177	0.980791795882396	High
Cell_3178	0.543873346759938	Low
Cell_3179	0.874011698528193	High
Cell_3180	0.918004106264561	High
Cell_3181	0.507990267360583	Low
Cell_3182	0.926430749124847	High
Cell_3183	0.775148632586934	Medium
Cell_3184	0.669843704206869	Medium
Cell_3185	0.662850935943425	Low
Cell_3186	0.819610056001693	Medium
Cell_3187	0.563923648325726	Low
Cell_3188	0.655560550745577	Low
Cell_3189	0.791541303275153	Medium
Cell_3190	0.879598119296134	High
Cell_3191	0.775851570884697	Medium
Cell_3192	0.843893652665429	High
Cell_3193	0.685632168781012	Medium
Cell_3194	0.953373428434134	High
Cell_3195	0.987867661868222	High
Cell_3196	0.883047090726905	High
Cell_3197	0.506133056827821	Low
Cell_3198	0.761301987920888	Medium
Cell_3199	0.899523125728592	High
Cell_3200	0.603727785171941	Low
Cell_3201	0.693140891962685	Medium
Cell_3202	0.771191389416344	Medium
Cell_3203	0.872126541100442	High
Cell_3204	0.666666215867735	Low
Cell_3205	0.662457619095221	Low
Cell_3206	0.711871518404223	Medium
Cell_3207	0.638150674523786	Low
Cell_3208	0.813045074813999	Medium
Cell_3209	0.521798922447488	Low
Cell_3210	0.80326739337761	Medium
Cell_3211	0.708524548448622	Medium
Cell_3212	0.521809511235915	Low
Cell_3213	0.996703870245256	High
Cell_3214	0.813280520495027	Medium
Cell_3215	0.91942007583566	High
Cell_3216	0.698542314930819	Medium
Cell_3217	0.97654449287802	High
Cell_3218	0.68919889011886	Medium
Cell_3219	0.909947543754242	High
Cell_3220	0.503613275708631	Low
Cell_3221	0.936871327110566	High
Cell_3222	0.536971996771172	Low
Cell_3223	0.908352125436068	High
Cell_3224	0.793021518271416	Medium
Cell_3225	0.841373177245259	High
Cell_3226	0.857078861794434	High
Cell_3227	0.64005263929721	Low
Cell_3228	0.836756779113784	High
Cell_3229	0.64851968921721	Low
Cell_3230	0.785522887366824	Medium
Cell_3231	0.527353090699762	Low
Cell_3232	0.673804208403453	Medium
Cell_3233	0.748839542153291	Medium
Cell_3234	0.765844492358156	Medium
Cell_3235	0.907884188694879	High
Cell_3236	0.755163233261555	Medium
Cell_3237	0.924472900805995	High
Cell_3238	0.797096431604587	Medium
Cell_3239	0.768947645672597	Medium
Cell_3240	0.813520206720568	Medium
Cell_3241	0.645986904739402	Low
Cell_3242	0.783619569148868	Medium
Cell_3243	0.999749991227873	High
Cell_3244	0.960226984228939	High
Cell_3245	0.884671596926637	High
Cell_3246	0.921866355813108	High
Cell_3247	0.961139934253879	High
Cell_3248	0.800395068363287	Medium
Cell_3249	0.68390096409712	Medium
Cell_3250	0.87350175040774	High
Cell_3251	0.742430369602516	Medium
Cell_3252	0.502405411214568	Low
Cell_3253	0.836571222869679	High
Cell_3254	0.701823789277114	Medium
Cell_3255	0.976591017330065	High
Cell_3256	0.567185709718615	Low
Cell_3257	0.688859972753562	Medium
Cell_3258	0.949928516405635	High
Cell_3259	0.901670504943468	High
Cell_3260	0.753213671967387	Medium
Cell_3261	0.509046867955476	Low
Cell_3262	0.625136565999128	Low
Cell_3263	0.652994074858725	Low
Cell_3264	0.830862019909546	Medium
Cell_3265	0.549088499508798	Low
Cell_3266	0.982645225478336	High
Cell_3267	0.933611828950234	High
Cell_3268	0.642431285581551	Low
Cell_3269	0.717343618976884	Medium
Cell_3270	0.67047452100087	Medium
Cell_3271	0.67406498757191	Medium
Cell_3272	0.652086609043181	Low
Cell_3273	0.957257984089665	High
Cell_3274	0.641789425630122	Low
Cell_3275	0.933923659496941	High
Cell_3276	0.908345647389069	High
Cell_3277	0.592293561785482	Low
Cell_3278	0.613613238208927	Low
Cell_3279	0.832812918582931	Medium
Cell_3280	0.734039627364837	Medium
Cell_3281	0.554820031975396	Low
Cell_3282	0.572824148810469	Low
Cell_3283	0.658587166690268	Low
Cell_3284	0.803601499181241	Medium
Cell_3285	0.973507631104439	High
Cell_3286	0.711293084779754	Medium
Cell_3287	0.96324428927619	High
Cell_3288	0.549820546875708	Low
Cell_3289	0.933144479524344	High
Cell_3290	0.630244115251116	Low
Cell_3291	0.642016199650243	Low
Cell_3292	0.582929003867321	Low
Cell_3293	0.514978314051405	Low
Cell_3294	0.549059320706874	Low
Cell_3295	0.559928875882179	Low
Cell_3296	0.597075054771267	Low
Cell_3297	0.914796298486181	High
Cell_3298	0.507657130016014	Low
Cell_3299	0.692845453624614	Medium
Cell_3300	0.957178004900925	High
Cell_3301	0.507642832119018	Low
Cell_3302	0.654825500678271	Low
Cell_3303	0.714251344674267	Medium
Cell_3304	0.781065532821231	Medium
Cell_3305	0.960382733494043	High
Cell_3306	0.758461209596135	Medium
Cell_3307	0.870019984897226	High
Cell_3308	0.808923071250319	Medium
Cell_3309	0.602874754811637	Low
Cell_3310	0.754344520391896	Medium
Cell_3311	0.53053117392119	Low
Cell_3312	0.887251063948497	High
Cell_3313	0.602123431977816	Low
Cell_3314	0.928536797291599	High
Cell_3315	0.756885907729156	Medium
Cell_3316	0.625810673693195	Low
Cell_3317	0.906374723417684	High
Cell_3318	0.533501278841868	Low
Cell_3319	0.513096739421599	Low
Cell_3320	0.79812815610785	Medium
Cell_3321	0.923446883214638	High
Cell_3322	0.726199580705725	Medium
Cell_3323	0.751088655320928	Medium
Cell_3324	0.604829803691246	Low
Cell_3325	0.857793095172383	High
Cell_3326	0.768190026748925	Medium
Cell_3327	0.52456971432548	Low
Cell_3328	0.911357440170832	High
Cell_3329	0.62624823267106	Low
Cell_3330	0.760724466992542	Medium
Cell_3331	0.66349605016876	Low
Cell_3332	0.555184420663863	Low
Cell_3333	0.92586608545389	High
Cell_3334	0.812320018419996	Medium
Cell_3335	0.924033011891879	High
Cell_3336	0.563005905714817	Low
Cell_3337	0.834125806344673	High
Cell_3338	0.803966515231878	Medium
Cell_3339	0.972833178704605	High
Cell_3340	0.790312214405276	Medium
Cell_3341	0.651566426502541	Low
Cell_3342	0.967389568686485	High
Cell_3343	0.922179681132548	High
Cell_3344	0.712286677444354	Medium
Cell_3345	0.742832542629912	Medium
Cell_3346	0.884260075981729	High
Cell_3347	0.626138409134001	Low
Cell_3348	0.906019980786368	High
Cell_3349	0.91104770405218	High
Cell_3350	0.708668520790525	Medium
Cell_3351	0.958187972661108	High
Cell_3352	0.535437836544588	Low
Cell_3353	0.905048042419367	High
Cell_3354	0.742952235625125	Medium
Cell_3355	0.652617362560704	Low
Cell_3356	0.80893691664096	Medium
Cell_3357	0.659626685432158	Low
Cell_3358	0.826168406871147	Medium
Cell_3359	0.957924153190106	High
Cell_3360	0.784539515618235	Medium
Cell_3361	0.8189453529194	Medium
Cell_3362	0.708034990355372	Medium
Cell_3363	0.898305075592361	High
Cell_3364	0.931138097075745	High
Cell_3365	0.683708561002277	Medium
Cell_3366	0.74396928481292	Medium
Cell_3367	0.94817593600601	High
Cell_3368	0.73191142489668	Medium
Cell_3369	0.60466399951838	Low
Cell_3370	0.838128147996031	High
Cell_3371	0.86706490709912	High
Cell_3372	0.826347081223503	Medium
Cell_3373	0.603457108838484	Low
Cell_3374	0.98038577020634	High
Cell_3375	0.503448582487181	Low
Cell_3376	0.951083276188001	High
Cell_3377	0.544821430114098	Low
Cell_3378	0.918547388515435	High
Cell_3379	0.777103020809591	Medium
Cell_3380	0.801708465092815	Medium
Cell_3381	0.905680496478453	High
Cell_3382	0.631487312493846	Low
Cell_3383	0.519973473157734	Low
Cell_3384	0.569143681321293	Low
Cell_3385	0.552694916492328	Low
Cell_3386	0.587702910299413	Low
Cell_3387	0.980589977581985	High
Cell_3388	0.597014320781454	Low
Cell_3389	0.666090383892879	Low
Cell_3390	0.84615032421425	High
Cell_3391	0.846733207930811	High
Cell_3392	0.643053294159472	Low
Cell_3393	0.649559626705013	Low
Cell_3394	0.714976956951432	Medium
Cell_3395	0.691314580384642	Medium
Cell_3396	0.953408258152194	High
Cell_3397	0.767380649107508	Medium
Cell_3398	0.803703685640357	Medium
Cell_3399	0.752186526544392	Medium
Cell_3400	0.752205351600423	Medium
Cell_3401	0.711825854727067	Medium
Cell_3402	0.608767350902781	Low
Cell_3403	0.659625109168701	Low
Cell_3404	0.620810063788667	Low
Cell_3405	0.500576192513108	Low
Cell_3406	0.611908580525778	Low
Cell_3407	0.984582311008126	High
Cell_3408	0.716201432631351	Medium
Cell_3409	0.981653564260341	High
Cell_3410	0.62791005789768	Low
Cell_3411	0.567715269513428	Low
Cell_3412	0.781296013272367	Medium
Cell_3413	0.716624670545571	Medium
Cell_3414	0.931447063223459	High
Cell_3415	0.957738472265191	High
Cell_3416	0.809154465678148	Medium
Cell_3417	0.920465315575711	High
Cell_3418	0.644127559149638	Low
Cell_3419	0.949564267299138	High
Cell_3420	0.57055162161123	Low
Cell_3421	0.570958431693725	Low
Cell_3422	0.789783789543435	Medium
Cell_3423	0.997510384069756	High
Cell_3424	0.766739926184528	Medium
Cell_3425	0.564255287521519	Low
Cell_3426	0.588559702504426	Low
Cell_3427	0.887275136657991	High
Cell_3428	0.825255551142618	Medium
Cell_3429	0.778087019687518	Medium
Cell_3430	0.872753576375544	High
Cell_3431	0.671606438001618	Medium
Cell_3432	0.695620114682242	Medium
Cell_3433	0.676094780908898	Medium
Cell_3434	0.811396052711643	Medium
Cell_3435	0.580372965079732	Low
Cell_3436	0.623217766173184	Low
Cell_3437	0.973834460601211	High
Cell_3438	0.994170812424272	High
Cell_3439	0.767831489443779	Medium
Cell_3440	0.522653843276203	Low
Cell_3441	0.801133227301762	Medium
Cell_3442	0.860839658649638	High
Cell_3443	0.791511438204907	Medium
Cell_3444	0.763236722094007	Medium
Cell_3445	0.676883372827433	Medium
Cell_3446	0.54003089258913	Low
Cell_3447	0.564196408144198	Low
Cell_3448	0.682937694829889	Medium
Cell_3449	0.800073247752152	Medium
Cell_3450	0.618921684334055	Low
Cell_3451	0.509073027176782	Low
Cell_3452	0.654936464852653	Low
Cell_3453	0.539006329956464	Low
Cell_3454	0.62545621173922	Low
Cell_3455	0.570437469752505	Low
Cell_3456	0.685057374066673	Medium
Cell_3457	0.570182727067731	Low
Cell_3458	0.783998333034106	Medium
Cell_3459	0.771340203471482	Medium
Cell_3460	0.581846541375853	Low
Cell_3461	0.972516371286474	High
Cell_3462	0.812946281977929	Medium
Cell_3463	0.532422585762106	Low
Cell_3464	0.590459138038568	Low
Cell_3465	0.833869067719206	High
Cell_3466	0.953363438486122	High
Cell_3467	0.90790935815312	High
Cell_3468	0.72123721987009	Medium
Cell_3469	0.580600707209669	Low
Cell_3470	0.582886508316733	Low
Cell_3471	0.73947293497622	Medium
Cell_3472	0.697931340662763	Medium
Cell_3473	0.897459829808213	High
Cell_3474	0.884918546886183	High
Cell_3475	0.699582476634532	Medium
Cell_3476	0.815098397433758	Medium
Cell_3477	0.706334557267837	Medium
Cell_3478	0.682695375289768	Medium
Cell_3479	0.810427441378124	Medium
Cell_3480	0.977979016141035	High
Cell_3481	0.738036269904114	Medium
Cell_3482	0.81023188540712	Medium
Cell_3483	0.644612043513916	Low
Cell_3484	0.703783861128613	Medium
Cell_3485	0.722438593045808	Medium
Cell_3486	0.641766844899394	Low
Cell_3487	0.985069477581419	High
Cell_3488	0.94129941961728	High
Cell_3489	0.904425320448354	High
Cell_3490	0.854113226989284	High
Cell_3491	0.590100801433437	Low
Cell_3492	0.531987854861654	Low
Cell_3493	0.553290505427867	Low
Cell_3494	0.924092159140855	High
Cell_3495	0.679715104284696	Medium
Cell_3496	0.892500297515653	High
Cell_3497	0.954019422177225	High
Cell_3498	0.81671235896647	Medium
Cell_3499	0.807558144209906	Medium
Cell_3500	0.533769952016883	Low
Cell_3501	0.620746941189282	Low
Cell_3502	0.705389101407491	Medium
Cell_3503	0.905587506014854	High
Cell_3504	0.689570612972602	Medium
Cell_3505	0.723475115257315	Medium
Cell_3506	0.785253891255707	Medium
Cell_3507	0.565606184653006	Low
Cell_3508	0.506509184255265	Low
Cell_3509	0.838834863738157	High
Cell_3510	0.917577805463225	High
Cell_3511	0.968131740577519	High
Cell_3512	0.529225306934677	Low
Cell_3513	0.834012897103094	High
Cell_3514	0.692928270320408	Medium
Cell_3515	0.788064521970227	Medium
Cell_3516	0.569407088914886	Low
Cell_3517	0.627916926634498	Low
Cell_3518	0.656530442065559	Low
Cell_3519	0.857558903400786	High
Cell_3520	0.594339764444157	Low
Cell_3521	0.57109064492397	Low
Cell_3522	0.787055808235891	Medium
Cell_3523	0.524575136369094	Low
Cell_3524	0.717503825784661	Medium
Cell_3525	0.741355080739595	Medium
Cell_3526	0.732408450334333	Medium
Cell_3527	0.743100968538783	Medium
Cell_3528	0.868792442488484	High
Cell_3529	0.995493155904114	High
Cell_3530	0.920204179361463	High
Cell_3531	0.555963161052205	Low
Cell_3532	0.930710938060656	High
Cell_3533	0.783925643889233	Medium
Cell_3534	0.841639459948055	High
Cell_3535	0.894802739378065	High
Cell_3536	0.701262766611762	Medium
Cell_3537	0.926638594712131	High
Cell_3538	0.594802766223438	Low
Cell_3539	0.747860816540197	Medium
Cell_3540	0.56002217461355	Low
Cell_3541	0.61433165310882	Low
Cell_3542	0.952748948242515	High
Cell_3543	0.736887436592951	Medium
Cell_3544	0.770238389610313	Medium
Cell_3545	0.986897659488022	High
Cell_3546	0.986214510747232	High
Cell_3547	0.842679734807462	High
Cell_3548	0.88997957657557	High
Cell_3549	0.510226608719677	Low
Cell_3550	0.864232870284468	High
Cell_3551	0.961349222925492	High
Cell_3552	0.72022889892105	Medium
Cell_3553	0.852787390584126	High
Cell_3554	0.908362395479344	High
Cell_3555	0.743304656702094	Medium
Cell_3556	0.921499708783813	High
Cell_3557	0.7464369131485	Medium
Cell_3558	0.508834609179758	Low
Cell_3559	0.720232628984377	Medium
Cell_3560	0.738962331437506	Medium
Cell_3561	0.800620286958292	Medium
Cell_3562	0.721623361692764	Medium
Cell_3563	0.653588721412234	Low
Cell_3564	0.836494608200155	High
Cell_3565	0.804557132069021	Medium
Cell_3566	0.986839270568453	High
Cell_3567	0.587917356169783	Low
Cell_3568	0.98661323741544	High
Cell_3569	0.789658569381572	Medium
Cell_3570	0.869062630226836	High
Cell_3571	0.932908944552764	High
Cell_3572	0.823743051965721	Medium
Cell_3573	0.847348058945499	High
Cell_3574	0.997952719102614	High
Cell_3575	0.924686699989252	High
Cell_3576	0.88291111914441	High
Cell_3577	0.568832661607303	Low
Cell_3578	0.547594467061572	Low
Cell_3579	0.760924113448709	Medium
Cell_3580	0.59623048605863	Low
Cell_3581	0.865732589038089	High
Cell_3582	0.747293489403091	Medium
Cell_3583	0.571379576693289	Low
Cell_3584	0.920608484535478	High
Cell_3585	0.970651979674585	High
Cell_3586	0.638983738492243	Low
Cell_3587	0.575189643888734	Low
Cell_3588	0.853336721309461	High
Cell_3589	0.782669297186658	Medium
Cell_3590	0.545251220464706	Low
Cell_3591	0.780170203535818	Medium
Cell_3592	0.807630031602457	Medium
Cell_3593	0.774209967814386	Medium
Cell_3594	0.696745474357158	Medium
Cell_3595	0.708334075286984	Medium
Cell_3596	0.952455460792407	High
Cell_3597	0.836810992099345	High
Cell_3598	0.977395116002299	High
Cell_3599	0.575615923386067	Low
Cell_3600	0.779870819067582	Medium
Cell_3601	0.549317875411361	Low
Cell_3602	0.811724983388558	Medium
Cell_3603	0.628186379908584	Low
Cell_3604	0.739633282297291	Medium
Cell_3605	0.738571753143333	Medium
Cell_3606	0.915245708194561	High
Cell_3607	0.947788756340742	High
Cell_3608	0.788437860552222	Medium
Cell_3609	0.971897545736283	High
Cell_3610	0.645917652407661	Low
Cell_3611	0.812659638235345	Medium
Cell_3612	0.810091931722127	Medium
Cell_3613	0.82430892623961	Medium
Cell_3614	0.617455304134637	Low
Cell_3615	0.701876466511749	Medium
Cell_3616	0.585474910563789	Low
Cell_3617	0.759581514401361	Medium
Cell_3618	0.792180690099485	Medium
Cell_3619	0.540039090206847	Low
Cell_3620	0.864451262634248	High
Cell_3621	0.807033264660276	Medium
Cell_3622	0.835447880090214	High
Cell_3623	0.648066779715009	Low
Cell_3624	0.680284250876866	Medium
Cell_3625	0.815533144283108	Medium
Cell_3626	0.980052968370728	High
Cell_3627	0.682339185033925	Medium
Cell_3628	0.59899495949503	Low
Cell_3629	0.627054381766357	Low
Cell_3630	0.742651339736767	Medium
Cell_3631	0.706640824442729	Medium
Cell_3632	0.664122665068135	Low
Cell_3633	0.678422485245392	Medium
Cell_3634	0.84192962711677	High
Cell_3635	0.931574632530101	High
Cell_3636	0.73448436812032	Medium
Cell_3637	0.791428548865952	Medium
Cell_3638	0.749279984040186	Medium
Cell_3639	0.83365392871201	High
Cell_3640	0.843936631223187	High
Cell_3641	0.553664962528273	Low
Cell_3642	0.556104634306394	Low
Cell_3643	0.966390087967739	High
Cell_3644	0.710937937605195	Medium
Cell_3645	0.781655742670409	Medium
Cell_3646	0.97812109393999	High
Cell_3647	0.597960536368191	Low
Cell_3648	0.611873222631402	Low
Cell_3649	0.810678488225676	Medium
Cell_3650	0.917283318820409	High
Cell_3651	0.903984187403694	High
Cell_3652	0.575536726391874	Low
Cell_3653	0.541614332585596	Low
Cell_3654	0.889465311076492	High
Cell_3655	0.977248126408085	High
Cell_3656	0.809200715390034	Medium
Cell_3657	0.718608151422814	Medium
Cell_3658	0.832210739608854	Medium
Cell_3659	0.934446206083521	High
Cell_3660	0.751310726744123	Medium
Cell_3661	0.76440151350107	Medium
Cell_3662	0.885371769079939	High
Cell_3663	0.6848924967926	Medium
Cell_3664	0.970251348917373	High
Cell_3665	0.516629386343993	Low
Cell_3666	0.669138747965917	Medium
Cell_3667	0.567814274225384	Low
Cell_3668	0.668562384438701	Medium
Cell_3669	0.741756150964648	Medium
Cell_3670	0.878578378586099	High
Cell_3671	0.89806149690412	High
Cell_3672	0.708229310344905	Medium
Cell_3673	0.514969911659136	Low
Cell_3674	0.969176002661698	High
Cell_3675	0.95775131857954	High
Cell_3676	0.806056775618345	Medium
Cell_3677	0.959546040277928	High
Cell_3678	0.813129511545412	Medium
Cell_3679	0.563226828235202	Low
Cell_3680	0.57132081896998	Low
Cell_3681	0.840821930207312	High
Cell_3682	0.961512408568524	High
Cell_3683	0.575326214544475	Low
Cell_3684	0.942423422588035	High
Cell_3685	0.725091310567223	Medium
Cell_3686	0.523334996309131	Low
Cell_3687	0.911734022316523	High
Cell_3688	0.983142834505998	High
Cell_3689	0.903697894653305	High
Cell_3690	0.648126363172196	Low
Cell_3691	0.598946035490371	Low
Cell_3692	0.600836462923326	Low
Cell_3693	0.674756343243644	Medium
Cell_3694	0.612042431719601	Low
Cell_3695	0.582245855010115	Low
Cell_3696	0.546364975511096	Low
Cell_3697	0.816449946491048	Medium
Cell_3698	0.892394171678461	High
Cell_3699	0.529744649073109	Low
Cell_3700	0.542149827349931	Low
Cell_3701	0.502138861920685	Low
Cell_3702	0.571110357414	Low
Cell_3703	0.964596851845272	High
Cell_3704	0.580942411557771	Low
Cell_3705	0.994250574964099	High
Cell_3706	0.852111629792489	High
Cell_3707	0.66227127739694	Low
Cell_3708	0.664042616728693	Low
Cell_3709	0.888351037865505	High
Cell_3710	0.749301564064808	Medium
Cell_3711	0.74850342492573	Medium
Cell_3712	0.633187420084141	Low
Cell_3713	0.96490071748849	High
Cell_3714	0.838772891554981	High
Cell_3715	0.855129916104488	High
Cell_3716	0.640897037344985	Low
Cell_3717	0.790345971472561	Medium
Cell_3718	0.977128402213566	High
Cell_3719	0.517999274190515	Low
Cell_3720	0.755117971100844	Medium
Cell_3721	0.930292977718636	High
Cell_3722	0.638746183481999	Low
Cell_3723	0.681424539885484	Medium
Cell_3724	0.958258751546964	High
Cell_3725	0.540117687196471	Low
Cell_3726	0.756362318643369	Medium
Cell_3727	0.710018923040479	Medium
Cell_3728	0.579024733277038	Low
Cell_3729	0.724778995499946	Medium
Cell_3730	0.584810368251055	Low
Cell_3731	0.927623604307882	High
Cell_3732	0.844066585530527	High
Cell_3733	0.560762618202716	Low
Cell_3734	0.559558005654253	Low
Cell_3735	0.644271938828751	Low
Cell_3736	0.970117798540741	High
Cell_3737	0.965820184792392	High
Cell_3738	0.591464254423045	Low
Cell_3739	0.956436870503239	High
Cell_3740	0.533228915766813	Low
Cell_3741	0.938814384862781	High
Cell_3742	0.529405262204818	Low
Cell_3743	0.97584793670103	High
Cell_3744	0.580034703947604	Low
Cell_3745	0.790417678304948	Medium
Cell_3746	0.855708345072344	High
Cell_3747	0.640161259099841	Low
Cell_3748	0.513315839110874	Low
Cell_3749	0.855311226216145	High
Cell_3750	0.656373409437947	Low
Cell_3751	0.927568528102711	High
Cell_3752	0.735909653361887	Medium
Cell_3753	0.996051414287649	High
Cell_3754	0.538931973045692	Low
Cell_3755	0.512354068807326	Low
Cell_3756	0.787584253121167	Medium
Cell_3757	0.803831991041079	Medium
Cell_3758	0.502182604628615	Low
Cell_3759	0.871849996969104	High
Cell_3760	0.523388360161334	Low
Cell_3761	0.739114552619867	Medium
Cell_3762	0.969277522875927	High
Cell_3763	0.529818845214322	Low
Cell_3764	0.976820450858213	High
Cell_3765	0.885402552201413	High
Cell_3766	0.925774700124748	High
Cell_3767	0.608982300618663	Low
Cell_3768	0.997236373834312	High
Cell_3769	0.846761530148797	High
Cell_3770	0.64356656302698	Low
Cell_3771	0.908971216646023	High
Cell_3772	0.979712229571305	High
Cell_3773	0.950210751383565	High
Cell_3774	0.563419684651308	Low
Cell_3775	0.529816383030266	Low
Cell_3776	0.909206464537419	High
Cell_3777	0.930158187751658	High
Cell_3778	0.522599815274589	Low
Cell_3779	0.612265255884267	Low
Cell_3780	0.852408967446536	High
Cell_3781	0.549347831052728	Low
Cell_3782	0.507945537450723	Low
Cell_3783	0.95281542208977	High
Cell_3784	0.524516734760255	Low
Cell_3785	0.937078102491796	High
Cell_3786	0.560285144951195	Low
Cell_3787	0.702082062023692	Medium
Cell_3788	0.614961491548456	Low
Cell_3789	0.888117704656906	High
Cell_3790	0.788162583019584	Medium
Cell_3791	0.597402377752587	Low
Cell_3792	0.712378680240363	Medium
Cell_3793	0.719987698015757	Medium
Cell_3794	0.954423227347434	High
Cell_3795	0.731332251103595	Medium
Cell_3796	0.965798922115937	High
Cell_3797	0.69472744630184	Medium
Cell_3798	0.902631723554805	High
Cell_3799	0.884277859935537	High
Cell_3800	0.670453644939698	Medium
Cell_3801	0.968946719309315	High
Cell_3802	0.751915639964864	Medium
Cell_3803	0.662138654035516	Low
Cell_3804	0.721322722267359	Medium
Cell_3805	0.74348673876375	Medium
Cell_3806	0.920801320346072	High
Cell_3807	0.974579705740325	High
Cell_3808	0.735184906166978	Medium
Cell_3809	0.685530991875567	Medium
Cell_3810	0.612954257638194	Low
Cell_3811	0.50230331311468	Low
Cell_3812	0.854718678863719	High
Cell_3813	0.848184171365574	High
Cell_3814	0.507347475737333	Low
Cell_3815	0.593841345980763	Low
Cell_3816	0.768427016795613	Medium
Cell_3817	0.579504589783028	Low
Cell_3818	0.623004993889481	Low
Cell_3819	0.961157496203668	High
Cell_3820	0.681552303838544	Medium
Cell_3821	0.996408689417876	High
Cell_3822	0.862862321431749	High
Cell_3823	0.574610234121792	Low
Cell_3824	0.795951012405567	Medium
Cell_3825	0.924367744475603	High
Cell_3826	0.866997228586115	High
Cell_3827	0.73124792939052	Medium
Cell_3828	0.755543443956412	Medium
Cell_3829	0.778191977413371	Medium
Cell_3830	0.600397824309766	Low
Cell_3831	0.944595470791683	High
Cell_3832	0.577191996970214	Low
Cell_3833	0.792299780528992	Medium
Cell_3834	0.740468487492763	Medium
Cell_3835	0.598641607328318	Low
Cell_3836	0.989212235668674	High
Cell_3837	0.65951573185157	Low
Cell_3838	0.52239434805233	Low
Cell_3839	0.876843045349233	High
Cell_3840	0.783429474453442	Medium
Cell_3841	0.504873496014625	Low
Cell_3842	0.650377035373822	Low
Cell_3843	0.931647603982128	High
Cell_3844	0.616074183839373	Low
Cell_3845	0.529269902035594	Low
Cell_3846	0.855524955783039	High
Cell_3847	0.7543742650887	Medium
Cell_3848	0.702473519719206	Medium
Cell_3849	0.712256959057413	Medium
Cell_3850	0.956982892239466	High
Cell_3851	0.951003245776519	High
Cell_3852	0.609032641164958	Low
Cell_3853	0.787447273498401	Medium
Cell_3854	0.520326568163	Low
Cell_3855	0.770298755727708	Medium
Cell_3856	0.556414231192321	Low
Cell_3857	0.878726933849975	High
Cell_3858	0.555572089739144	Low
Cell_3859	0.602057200507261	Low
Cell_3860	0.883851906633936	High
Cell_3861	0.711172332637943	Medium
Cell_3862	0.77347699040547	Medium
Cell_3863	0.940259418683127	High
Cell_3864	0.863814725773409	High
Cell_3865	0.876423094421625	High
Cell_3866	0.80036947503686	Medium
Cell_3867	0.550533369649202	Low
Cell_3868	0.913111353060231	High
Cell_3869	0.869124478194863	High
Cell_3870	0.941487826989032	High
Cell_3871	0.542082504136488	Low
Cell_3872	0.914736251696013	High
Cell_3873	0.637408144306391	Low
Cell_3874	0.667107929941267	Medium
Cell_3875	0.943518522195518	High
Cell_3876	0.595663036918268	Low
Cell_3877	0.506095668883063	Low
Cell_3878	0.852672110660933	High
Cell_3879	0.518809359404258	Low
Cell_3880	0.911262762267143	High
Cell_3881	0.951717269606888	High
Cell_3882	0.583228806033731	Low
Cell_3883	0.603797733550891	Low
Cell_3884	0.897940087132156	High
Cell_3885	0.946598149137571	High
Cell_3886	0.621841475716792	Low
Cell_3887	0.71659661422018	Medium
Cell_3888	0.699076653225347	Medium
Cell_3889	0.832796387490816	Medium
Cell_3890	0.652598448563367	Low
Cell_3891	0.895985457464121	High
Cell_3892	0.670613396563567	Medium
Cell_3893	0.628727435832843	Low
Cell_3894	0.501980761648156	Low
Cell_3895	0.690169432433322	Medium
Cell_3896	0.799713284359314	Medium
Cell_3897	0.669517694041133	Medium
Cell_3898	0.587892120471224	Low
Cell_3899	0.998784677241929	High
Cell_3900	0.632699804380536	Low
Cell_3901	0.775096123921685	Medium
Cell_3902	0.567622333182953	Low
Cell_3903	0.840911108069122	High
Cell_3904	0.725175532745197	Medium
Cell_3905	0.683322282973677	Medium
Cell_3906	0.693065670202486	Medium
Cell_3907	0.702235597185791	Medium
Cell_3908	0.913782360497862	High
Cell_3909	0.958007395616733	High
Cell_3910	0.880601463606581	High
Cell_3911	0.683674340951256	Medium
Cell_3912	0.845694047049619	High
Cell_3913	0.754016339895315	Medium
Cell_3914	0.509712968720123	Low
Cell_3915	0.823449569987133	Medium
Cell_3916	0.811503832228482	Medium
Cell_3917	0.666485554655083	Low
Cell_3918	0.513143418240361	Low
Cell_3919	0.987473679590039	High
Cell_3920	0.995637428481132	High
Cell_3921	0.538289904361591	Low
Cell_3922	0.76897243631538	Medium
Cell_3923	0.988926371559501	High
Cell_3924	0.554837359697558	Low
Cell_3925	0.68128608900588	Medium
Cell_3926	0.74990967893973	Medium
Cell_3927	0.956314200768247	High
Cell_3928	0.786030417308211	Medium
Cell_3929	0.51139728736598	Low
Cell_3930	0.927614812972024	High
Cell_3931	0.915242120856419	High
Cell_3932	0.939075531554408	High
Cell_3933	0.904801094671711	High
Cell_3934	0.500032668351196	Low
Cell_3935	0.550912866485305	Low
Cell_3936	0.917412938433699	High
Cell_3937	0.610573698068038	Low
Cell_3938	0.515208188327961	Low
Cell_3939	0.788363010855392	Medium
Cell_3940	0.878439880209044	High
Cell_3941	0.936827029683627	High
Cell_3942	0.530182956950739	Low
Cell_3943	0.610919179394841	Low
Cell_3944	0.707012586062774	Medium
Cell_3945	0.705664814915508	Medium
Cell_3946	0.789695164887235	Medium
Cell_3947	0.970974475727417	High
Cell_3948	0.993799298652448	High
Cell_3949	0.56489892443642	Low
Cell_3950	0.637437490746379	Low
Cell_3951	0.914191410876811	High
Cell_3952	0.995629359502345	High
Cell_3953	0.836600279086269	High
Cell_3954	0.538694532238878	Low
Cell_3955	0.567201702739112	Low
Cell_3956	0.669048389303498	Medium
Cell_3957	0.626054490101524	Low
Cell_3958	0.62541181803681	Low
Cell_3959	0.891633958788589	High
Cell_3960	0.586893165134825	Low
Cell_3961	0.799151957849972	Medium
Cell_3962	0.845791522180662	High
Cell_3963	0.961467799614184	High
Cell_3964	0.844987491960637	High
Cell_3965	0.636829488445073	Low
Cell_3966	0.505472579738125	Low
Cell_3967	0.521609798772261	Low
Cell_3968	0.583948900224641	Low
Cell_3969	0.926320413243957	High
Cell_3970	0.522956673055887	Low
Cell_3971	0.635693818214349	Low
Cell_3972	0.944471475319006	High
Cell_3973	0.773946647299454	Medium
Cell_3974	0.902408794267103	High
Cell_3975	0.978598309331574	High
Cell_3976	0.844872040208429	High
Cell_3977	0.700566787272692	Medium
Cell_3978	0.985520422109403	High
Cell_3979	0.969687929027714	High
Cell_3980	0.759141122922301	Medium
Cell_3981	0.568145088269375	Low
Cell_3982	0.8133679976454	Medium
Cell_3983	0.91132499219384	High
Cell_3984	0.568132677697577	Low
Cell_3985	0.798734094481915	Medium
Cell_3986	0.991482033976354	High
Cell_3987	0.615315324161202	Low
Cell_3988	0.708685193909332	Medium
Cell_3989	0.550135499681346	Low
Cell_3990	0.639255701797083	Low
Cell_3991	0.765273245749995	Medium
Cell_3992	0.657059729099274	Low
Cell_3993	0.800351036363281	Medium
Cell_3994	0.99354900920298	High
Cell_3995	0.804640742950141	Medium
Cell_3996	0.572868661372922	Low
Cell_3997	0.852158230147325	High
Cell_3998	0.839590152027085	High
Cell_3999	0.661291932687163	Low
Cell_4000	0.711657820502296	Medium
Cell_4001	0.652232092455961	Low
Cell_4002	0.916409390978515	High
Cell_4003	0.796823754208162	Medium
Cell_4004	0.903598320670426	High
Cell_4005	0.647025388898328	Low
Cell_4006	0.57054261083249	Low
Cell_4007	0.94431055127643	High
Cell_4008	0.504142502089962	Low
Cell_4009	0.784560326486826	Medium
Cell_4010	0.983775094966404	High
Cell_4011	0.634594381670468	Low
Cell_4012	0.99198003532365	High
Cell_4013	0.517694743815809	Low
Cell_4014	0.628988215234131	Low
Cell_4015	0.629945560707711	Low
Cell_4016	0.974094243836589	High
Cell_4017	0.989811369334348	High
Cell_4018	0.867192431818694	High
Cell_4019	0.64373987831641	Low
Cell_4020	0.704479559208266	Medium
Cell_4021	0.600788824027404	Low
Cell_4022	0.883293179562315	High
Cell_4023	0.871552469907328	High
Cell_4024	0.74923069041688	Medium
Cell_4025	0.835249797790311	High
Cell_4026	0.876231396803632	High
Cell_4027	0.886931459419429	High
Cell_4028	0.8025846502278	Medium
Cell_4029	0.695257871760987	Medium
Cell_4030	0.835528786526993	High
Cell_4031	0.934603905770928	High
Cell_4032	0.718201436568052	Medium
Cell_4033	0.560238172183745	Low
Cell_4034	0.80947667977307	Medium
Cell_4035	0.740254375501536	Medium
Cell_4036	0.961946544819511	High
Cell_4037	0.620336342602968	Low
Cell_4038	0.888240787782706	High
Cell_4039	0.875993944122456	High
Cell_4040	0.838241212419234	High
Cell_4041	0.775859731948003	Medium
Cell_4042	0.79893026559148	Medium
Cell_4043	0.933218790800311	High
Cell_4044	0.747670356300659	Medium
Cell_4045	0.990114482003264	High
Cell_4046	0.534687343635596	Low
Cell_4047	0.777964481967501	Medium
Cell_4048	0.594686762662604	Low
Cell_4049	0.648228740785271	Low
Cell_4050	0.920502060907893	High
Cell_4051	0.602553550619632	Low
Cell_4052	0.791359544848092	Medium
Cell_4053	0.698131099110469	Medium
Cell_4054	0.652785638114437	Low
Cell_4055	0.736127644660883	Medium
Cell_4056	0.871624548919499	High
Cell_4057	0.988401803304441	High
Cell_4058	0.578131925663911	Low
Cell_4059	0.564712905674241	Low
Cell_4060	0.790279651409946	Medium
Cell_4061	0.568574587465264	Low
Cell_4062	0.600998222245835	Low
Cell_4063	0.670824532280676	Medium
Cell_4064	0.632950473343953	Low
Cell_4065	0.860792990773916	High
Cell_4066	0.847745742183179	High
Cell_4067	0.897104363539256	High
Cell_4068	0.637234999332577	Low
Cell_4069	0.590978180989623	Low
Cell_4070	0.731301833526231	Medium
Cell_4071	0.775272538419813	Medium
Cell_4072	0.811358857084997	Medium
Cell_4073	0.741446711937897	Medium
Cell_4074	0.564915487077087	Low
Cell_4075	0.941998403519392	High
Cell_4076	0.995658963918686	High
Cell_4077	0.930982718011364	High
Cell_4078	0.926125358906575	High
Cell_4079	0.688706803601235	Medium
Cell_4080	0.808538249926642	Medium
Cell_4081	0.759171196259558	Medium
Cell_4082	0.518464604974724	Low
Cell_4083	0.871516217244789	High
Cell_4084	0.921214252128266	High
Cell_4085	0.524557658587582	Low
Cell_4086	0.946644603856839	High
Cell_4087	0.68908872641623	Medium
Cell_4088	0.847782150725834	High
Cell_4089	0.858655681251548	High
Cell_4090	0.841262473375537	High
Cell_4091	0.650203178054653	Low
Cell_4092	0.651311591384001	Low
Cell_4093	0.738055199151859	Medium
Cell_4094	0.524241241975687	Low
Cell_4095	0.745809910004027	Medium
Cell_4096	0.794312361860648	Medium
Cell_4097	0.617319664219394	Low
Cell_4098	0.98231912474148	High
Cell_4099	0.579997330205515	Low
Cell_4100	0.787618991918862	Medium
Cell_4101	0.710396106122062	Medium
Cell_4102	0.56121485424228	Low
Cell_4103	0.682142603676766	Medium
Cell_4104	0.999363079783507	High
Cell_4105	0.898943146574311	High
Cell_4106	0.674925755825825	Medium
Cell_4107	0.968488527345471	High
Cell_4108	0.856598689570092	High
Cell_4109	0.74762188422028	Medium
Cell_4110	0.906122680869885	High
Cell_4111	0.827466272399761	Medium
Cell_4112	0.680372940492816	Medium
Cell_4113	0.735965776024386	Medium
Cell_4114	0.799178852816112	Medium
Cell_4115	0.863099915557541	High
Cell_4116	0.677999865496531	Medium
Cell_4117	0.79323922493495	Medium
Cell_4118	0.758301793946885	Medium
Cell_4119	0.79675734473858	Medium
Cell_4120	0.94413479231298	High
Cell_4121	0.933563777944073	High
Cell_4122	0.915600684820674	High
Cell_4123	0.580859055626206	Low
Cell_4124	0.665698872646317	Low
Cell_4125	0.963086227537133	High
Cell_4126	0.962519560591318	High
Cell_4127	0.818248769035563	Medium
Cell_4128	0.896454919711687	High
Cell_4129	0.785873178974725	Medium
Cell_4130	0.519687843159772	Low
Cell_4131	0.643828621949069	Low
Cell_4132	0.740420794230886	Medium
Cell_4133	0.71745687618386	Medium
Cell_4134	0.966234943596646	High
Cell_4135	0.822840292821638	Medium
Cell_4136	0.500414481852204	Low
Cell_4137	0.509761205408722	Low
Cell_4138	0.648487284663133	Low
Cell_4139	0.636873098905198	Low
Cell_4140	0.914735669619404	High
Cell_4141	0.860529711470008	High
Cell_4142	0.840277944225818	High
Cell_4143	0.692097446299158	Medium
Cell_4144	0.592636733548716	Low
Cell_4145	0.605851302738301	Low
Cell_4146	0.851846077363007	High
Cell_4147	0.631243887357414	Low
Cell_4148	0.613174319732934	Low
Cell_4149	0.796593147679232	Medium
Cell_4150	0.57368535362184	Low
Cell_4151	0.52552104939241	Low
Cell_4152	0.506942514679395	Low
Cell_4153	0.904092750162818	High
Cell_4154	0.901282264967449	High
Cell_4155	0.507521911873482	Low
Cell_4156	0.797647359315306	Medium
Cell_4157	0.653681394876912	Low
Cell_4158	0.803055434953421	Medium
Cell_4159	0.607793761184439	Low
Cell_4160	0.973934670328163	High
Cell_4161	0.552952833473682	Low
Cell_4162	0.559745433856733	Low
Cell_4163	0.570268779876642	Low
Cell_4164	0.646427683182992	Low
Cell_4165	0.799368118168786	Medium
Cell_4166	0.604517260799184	Low
Cell_4167	0.726165537489578	Medium
Cell_4168	0.726414719829336	Medium
Cell_4169	0.690881714224815	Medium
Cell_4170	0.993786605773494	High
Cell_4171	0.505074896500446	Low
Cell_4172	0.932743470417336	High
Cell_4173	0.546349138021469	Low
Cell_4174	0.591046235174872	Low
Cell_4175	0.723883091355674	Medium
Cell_4176	0.864545031334274	High
Cell_4177	0.594981161877513	Low
Cell_4178	0.569655714905821	Low
Cell_4179	0.60639631212689	Low
Cell_4180	0.58436411281582	Low
Cell_4181	0.926517668412998	High
Cell_4182	0.870007798424922	High
Cell_4183	0.784845659974962	Medium
Cell_4184	0.927668096264824	High
Cell_4185	0.574139321106486	Low
Cell_4186	0.688728555222042	Medium
Cell_4187	0.659821737324819	Low
Cell_4188	0.514965969254263	Low
Cell_4189	0.693929523113184	Medium
Cell_4190	0.854719512281008	High
Cell_4191	0.624079394037835	Low
Cell_4192	0.823950182064436	Medium
Cell_4193	0.583754760678858	Low
Cell_4194	0.8861963392701	High
Cell_4195	0.739671202842146	Medium
Cell_4196	0.530185127397999	Low
Cell_4197	0.885356152197346	High
Cell_4198	0.93850583024323	High
Cell_4199	0.794865293428302	Medium
Cell_4200	0.804883859236725	Medium
Cell_4201	0.710341401863843	Medium
Cell_4202	0.524257330340333	Low
Cell_4203	0.825462733278982	Medium
Cell_4204	0.750948797678575	Medium
Cell_4205	0.893189262482338	High
Cell_4206	0.773513279156759	Medium
Cell_4207	0.722063479945064	Medium
Cell_4208	0.918898698757403	High
Cell_4209	0.837867486989126	High
Cell_4210	0.52583094604779	Low
Cell_4211	0.562992976862006	Low
Cell_4212	0.913186029298231	High
Cell_4213	0.700714372214861	Medium
Cell_4214	0.752538995584473	Medium
Cell_4215	0.668566891690716	Medium
Cell_4216	0.81192003574688	Medium
Cell_4217	0.78878180985339	Medium
Cell_4218	0.611124025541358	Low
Cell_4219	0.819786846404895	Medium
Cell_4220	0.678372457856312	Medium
Cell_4221	0.725404437980615	Medium
Cell_4222	0.700345909572206	Medium
Cell_4223	0.610887211514637	Low
Cell_4224	0.623937499942258	Low
Cell_4225	0.588129766401835	Low
Cell_4226	0.716153475339524	Medium
Cell_4227	0.804846812039614	Medium
Cell_4228	0.704527360852808	Medium
Cell_4229	0.956291737034917	High
Cell_4230	0.64052442938555	Low
Cell_4231	0.607800624682568	Low
Cell_4232	0.776210079551674	Medium
Cell_4233	0.675096644670703	Medium
Cell_4234	0.969023211160675	High
Cell_4235	0.814778552623466	Medium
Cell_4236	0.71848983631935	Medium
Cell_4237	0.644788575009443	Low
Cell_4238	0.518331575556658	Low
Cell_4239	0.774190567084588	Medium
Cell_4240	0.660187032073736	Low
Cell_4241	0.740509530645795	Medium
Cell_4242	0.904653436969966	High
Cell_4243	0.609400113346055	Low
Cell_4244	0.544688158086501	Low
Cell_4245	0.898568899021484	High
Cell_4246	0.587203535134904	Low
Cell_4247	0.900654741912149	High
Cell_4248	0.51847110723611	Low
Cell_4249	0.923557653091848	High
Cell_4250	0.910819605342112	High
Cell_4251	0.948800208978355	High
Cell_4252	0.687148442491889	Medium
Cell_4253	0.653150673722848	Low
Cell_4254	0.959482029196806	High
Cell_4255	0.660575628629886	Low
Cell_4256	0.962658726260997	High
Cell_4257	0.80151889892295	Medium
Cell_4258	0.790582259069197	Medium
Cell_4259	0.867839600192383	High
Cell_4260	0.699839349719696	Medium
Cell_4261	0.683534517884254	Medium
Cell_4262	0.715605685603805	Medium
Cell_4263	0.668010924011469	Medium
Cell_4264	0.849043396185152	High
Cell_4265	0.634099088609219	Low
Cell_4266	0.92674620100297	High
Cell_4267	0.965428353752941	High
Cell_4268	0.73234601598233	Medium
Cell_4269	0.503033985733055	Low
Cell_4270	0.970405441825278	High
Cell_4271	0.716728813829832	Medium
Cell_4272	0.916600625030696	High
Cell_4273	0.757620513322763	Medium
Cell_4274	0.740019097924232	Medium
Cell_4275	0.572330563561991	Low
Cell_4276	0.528972877655178	Low
Cell_4277	0.82501952489838	Medium
Cell_4278	0.686776891350746	Medium
Cell_4279	0.5122932754457	Low
Cell_4280	0.537416732055135	Low
Cell_4281	0.91510163876228	High
Cell_4282	0.867147152661346	High
Cell_4283	0.524060067837127	Low
Cell_4284	0.862538101384416	High
Cell_4285	0.506903358735144	Low
Cell_4286	0.805478255846538	Medium
Cell_4287	0.611281801713631	Low
Cell_4288	0.810245654778555	Medium
Cell_4289	0.782189365127124	Medium
Cell_4290	0.753734786529094	Medium
Cell_4291	0.628670108737424	Low
Cell_4292	0.679453794378787	Medium
Cell_4293	0.643991468590684	Low
Cell_4294	0.595006448100321	Low
Cell_4295	0.815255111432634	Medium
Cell_4296	0.505385745433159	Low
Cell_4297	0.572411226807162	Low
Cell_4298	0.754684082814492	Medium
Cell_4299	0.732896505040117	Medium
Cell_4300	0.760522223892622	Medium
Cell_4301	0.845367179950699	High
Cell_4302	0.999970678240061	High
Cell_4303	0.974434742936864	High
Cell_4304	0.976224702317268	High
Cell_4305	0.842095702653751	High
Cell_4306	0.868073525023647	High
Cell_4307	0.978402830078267	High
Cell_4308	0.603630110621452	Low
Cell_4309	0.837391624925658	High
Cell_4310	0.548840622766875	Low
Cell_4311	0.749353487160988	Medium
Cell_4312	0.879025316564366	High
Cell_4313	0.50600929139182	Low
Cell_4314	0.579938122071326	Low
Cell_4315	0.55517597310245	Low
Cell_4316	0.90149508905597	High
Cell_4317	0.687438713386655	Medium
Cell_4318	0.815319307730533	Medium
Cell_4319	0.880925672827289	High
Cell_4320	0.624309896025807	Low
Cell_4321	0.686765916179866	Medium
Cell_4322	0.669737596763298	Medium
Cell_4323	0.853329175850376	High
Cell_4324	0.785831478890032	Medium
Cell_4325	0.571853543398902	Low
Cell_4326	0.648328713607043	Low
Cell_4327	0.695996235474013	Medium
Cell_4328	0.761101494194008	Medium
Cell_4329	0.792949090478942	Medium
Cell_4330	0.654538091854192	Low
Cell_4331	0.679826639010571	Medium
Cell_4332	0.964654286624864	High
Cell_4333	0.772459003259428	Medium
Cell_4334	0.794512761523947	Medium
Cell_4335	0.625595267745666	Low
Cell_4336	0.694383597699925	Medium
Cell_4337	0.822963127982803	Medium
Cell_4338	0.682633026735857	Medium
Cell_4339	0.733849575044587	Medium
Cell_4340	0.588509045308456	Low
Cell_4341	0.740618474432267	Medium
Cell_4342	0.965790124726482	High
Cell_4343	0.512830214924179	Low
Cell_4344	0.69159195094835	Medium
Cell_4345	0.625130510772578	Low
Cell_4346	0.788823411450721	Medium
Cell_4347	0.534079460194334	Low
Cell_4348	0.825182345346548	Medium
Cell_4349	0.527083968860097	Low
Cell_4350	0.64553186215926	Low
Cell_4351	0.655347185442224	Low
Cell_4352	0.720846413518302	Medium
Cell_4353	0.71806304960046	Medium
Cell_4354	0.996089618653059	High
Cell_4355	0.805820810375735	Medium
Cell_4356	0.657500748871826	Low
Cell_4357	0.93121066968888	High
Cell_4358	0.668847949476913	Medium
Cell_4359	0.835811696946621	High
Cell_4360	0.949757544090971	High
Cell_4361	0.92212389560882	High
Cell_4362	0.544799715979025	Low
Cell_4363	0.649668158264831	Low
Cell_4364	0.765434268745594	Medium
Cell_4365	0.689550986862741	Medium
Cell_4366	0.922625433653593	High
Cell_4367	0.930538283195347	High
Cell_4368	0.840669141965918	High
Cell_4369	0.75024079834111	Medium
Cell_4370	0.900474552880041	High
Cell_4371	0.523227430647239	Low
Cell_4372	0.630889127729461	Low
Cell_4373	0.599310726393014	Low
Cell_4374	0.908073909464292	High
Cell_4375	0.921587411430664	High
Cell_4376	0.916403179755434	High
Cell_4377	0.635343384812586	Low
Cell_4378	0.50974696141202	Low
Cell_4379	0.815300236339681	Medium
Cell_4380	0.87402913486585	High
Cell_4381	0.752836923580617	Medium
Cell_4382	0.682314833509736	Medium
Cell_4383	0.654910534271039	Low
Cell_4384	0.679802185972221	Medium
Cell_4385	0.681437151855789	Medium
Cell_4386	0.769324593944475	Medium
Cell_4387	0.826183825382032	Medium
Cell_4388	0.701705988612957	Medium
Cell_4389	0.791500899125822	Medium
Cell_4390	0.847886730683967	High
Cell_4391	0.945761676179245	High
Cell_4392	0.973979562404566	High
Cell_4393	0.710405382327735	Medium
Cell_4394	0.818301960709505	Medium
Cell_4395	0.588974699494429	Low
Cell_4396	0.540158288669772	Low
Cell_4397	0.782941695884801	Medium
Cell_4398	0.90849467786029	High
Cell_4399	0.879849483142607	High
Cell_4400	0.785911974962801	Medium
Cell_4401	0.994377175928093	High
Cell_4402	0.997585756937042	High
Cell_4403	0.660718720289879	Low
Cell_4404	0.586008959682658	Low
Cell_4405	0.686039216467179	Medium
Cell_4406	0.769474458415061	Medium
Cell_4407	0.905622462043539	High
Cell_4408	0.849342314526439	High
Cell_4409	0.949976704316214	High
Cell_4410	0.861629341728985	High
Cell_4411	0.627525022835471	Low
Cell_4412	0.654335832805373	Low
Cell_4413	0.873418681672774	High
Cell_4414	0.602623106096871	Low
Cell_4415	0.642991658067331	Low
Cell_4416	0.94943540066015	High
Cell_4417	0.583990017767064	Low
Cell_4418	0.571798300021328	Low
Cell_4419	0.8667381539708	High
Cell_4420	0.771417817333713	Medium
Cell_4421	0.771203144337051	Medium
Cell_4422	0.851575888809748	High
Cell_4423	0.825742150191218	Medium
Cell_4424	0.880603552679531	High
Cell_4425	0.640393779263832	Low
Cell_4426	0.992045497172512	High
Cell_4427	0.981835697661154	High
Cell_4428	0.514045117073692	Low
Cell_4429	0.873533425736241	High
Cell_4430	0.683388339588419	Medium
Cell_4431	0.677026237826794	Medium
Cell_4432	0.509698350680992	Low
Cell_4433	0.879446942359209	High
Cell_4434	0.57880917203147	Low
Cell_4435	0.556137837469578	Low
Cell_4436	0.856906847446226	High
Cell_4437	0.722609476186335	Medium
Cell_4438	0.51307041128166	Low
Cell_4439	0.959872464416549	High
Cell_4440	0.892465180600993	High
Cell_4441	0.712554690893739	Medium
Cell_4442	0.564569277805276	Low
Cell_4443	0.909359008190222	High
Cell_4444	0.858403363148682	High
Cell_4445	0.706093651708215	Medium
Cell_4446	0.587455851607956	Low
Cell_4447	0.505390072241426	Low
Cell_4448	0.670451367273927	Medium
Cell_4449	0.594686045544222	Low
Cell_4450	0.781171265174635	Medium
Cell_4451	0.794064693152905	Medium
Cell_4452	0.640877937781624	Low
Cell_4453	0.962994438479654	High
Cell_4454	0.85201121494174	High
Cell_4455	0.638228014926426	Low
Cell_4456	0.857590736006387	High
Cell_4457	0.804358951980248	Medium
Cell_4458	0.704107255092822	Medium
Cell_4459	0.583658834453672	Low
Cell_4460	0.512231509434059	Low
Cell_4461	0.577353042899631	Low
Cell_4462	0.793291203561239	Medium
Cell_4463	0.609242997830734	Low
Cell_4464	0.522195825120434	Low
Cell_4465	0.95725503040012	High
Cell_4466	0.935071703395806	High
Cell_4467	0.913235367042944	High
Cell_4468	0.804835382266901	Medium
Cell_4469	0.861815975396894	High
Cell_4470	0.898441823199391	High
Cell_4471	0.933836936135776	High
Cell_4472	0.850169885787182	High
Cell_4473	0.667813971987925	Medium
Cell_4474	0.748820240609348	Medium
Cell_4475	0.888123122858815	High
Cell_4476	0.709579326910898	Medium
Cell_4477	0.791510744253173	Medium
Cell_4478	0.650277011794969	Low
Cell_4479	0.573532917303964	Low
Cell_4480	0.637776949442923	Low
Cell_4481	0.601484621642157	Low
Cell_4482	0.612597698811442	Low
Cell_4483	0.759979947819375	Medium
Cell_4484	0.960311584407464	High
Cell_4485	0.790730026783422	Medium
Cell_4486	0.630750298849307	Low
Cell_4487	0.686984698288143	Medium
Cell_4488	0.78176945168525	Medium
Cell_4489	0.579752880614251	Low
Cell_4490	0.835401169839315	High
Cell_4491	0.509134440449998	Low
Cell_4492	0.506194119807333	Low
Cell_4493	0.832333747064695	Medium
Cell_4494	0.602781862369739	Low
Cell_4495	0.691946584149264	Medium
Cell_4496	0.579751815763302	Low
Cell_4497	0.854276237194426	High
Cell_4498	0.807375429663807	Medium
Cell_4499	0.53053267521318	Low
Cell_4500	0.703127710847184	Medium
Cell_4501	0.552520870929584	Low
Cell_4502	0.701252800412476	Medium
Cell_4503	0.727838293649256	Medium
Cell_4504	0.812322623212822	Medium
Cell_4505	0.539427640032955	Low
Cell_4506	0.670991362305358	Medium
Cell_4507	0.511843145359308	Low
Cell_4508	0.67075821920298	Medium
Cell_4509	0.891680611646734	High
Cell_4510	0.87060511589516	High
Cell_4511	0.90808555460535	High
