Cell_ID	Cluster	Trajectory_ID	Pseudo_time	X_coord	Y_coord
Cell_1	3	1	NA	3.72354088358321	6.25264846049687
Cell_2	2	1	NA	1.37781942167901	-0.395856625440827
Cell_3	1	1	NA	-4.83098252048295	-3.97647180404373
Cell_4	2	1	NA	4.48123189874174	2.75237006276843
Cell_5	2	1	NA	4.24958394995117	2.93165042383521
Cell_6	1	1	NA	0.111270536997791	-1.76253351409124
Cell_7	1	1	NA	-6.64629109466762	-4.27383763130994
Cell_8	2	1	NA	1.71157683587296	-1.38019544941075
Cell_9	2	1	NA	3.90974348336917	4.39703506798881
Cell_10	3	1	NA	2.02716608606229	8.13648611978834
Cell_11	2	1	NA	2.96470509570329	0.26022413615251
Cell_12	3	1	NA	3.19689888712233	6.51137756517053
Cell_13	1	1	NA	4.28256943934775	0.0609892102888918
Cell_14	1	1	NA	0.982864187433973	-1.52180999786072
Cell_15	1	1	NA	-4.72075559431293	-4.46440389694524
Cell_16	2	1	NA	4.34850295833429	3.12060664999867
Cell_17	1	1	NA	-6.15053761245314	-4.4553851393576
Cell_18	2	1	NA	3.89176041675618	3.19018122377833
Cell_19	1	1	NA	0.394821598443611	-0.52266470605446
Cell_20	1	1	NA	-7.55078125788926	-4.53162246179294
Cell_21	2	1	NA	1.34074575983513	-0.0122322577853324
Cell_22	1	1	NA	-0.891854100052482	-2.39671190176123
Cell_23	1	1	NA	-6.64411092685598	-3.48235056140274
Cell_24	1	1	NA	-2.35483949060464	-4.1713502600316
Cell_25	1	1	NA	0.5354292041584	-1.78923350596889
Cell_26	1	1	NA	-2.60636301434374	-3.15906165061586
Cell_27	1	1	NA	-5.92679516515108	-4.72739373666424
Cell_28	1	1	NA	-5.43093552520559	-4.62517857558114
Cell_29	1	1	NA	-3.8503108772723	-3.24906122227801
Cell_30	1	1	NA	0.365186342025834	-2.10086106893338
Cell_31	2	1	NA	3.26952686516746	5.09472178917671
Cell_32	1	1	NA	1.09768453750841	-1.61156701934817
Cell_33	2	1	NA	3.42246800175961	4.88441327874159
Cell_34	1	1	NA	-1.18635703035038	-2.92966741016321
Cell_35	1	1	NA	0.300871876841727	-2.30092174700993
Cell_36	2	1	NA	1.58657857431902	-1.20218606355514
Cell_37	2	1	NA	3.70572167810098	0.971745820409977
Cell_38	2	1	NA	2.19473511577297	-1.02052313668204
Cell_39	1	1	NA	-2.01004646835606	-2.5756468838519
Cell_40	3	1	NA	-0.454870354660295	9.08527388942868
Cell_41	3	1	NA	3.71477679503198	5.69613891187956
Cell_42	1	1	NA	-5.02720601013493	-4.58391738904743
Cell_43	2	1	NA	1.95860750444224	-1.59312245573991
Cell_44	2	1	NA	1.70755049998656	-0.0135072361619488
Cell_45	2	1	NA	2.55881035327496	-0.291774949263232
Cell_46	2	1	NA	2.3992021930408	-0.803082349849259
Cell_47	2	1	NA	3.31585818301104	3.48056310958089
Cell_48	2	1	NA	1.6930675848674	-1.08107835213175
Cell_49	2	1	NA	1.97062926585186	-0.572747920938479
Cell_50	1	1	NA	-2.52461400855401	-3.88546748911184
Cell_51	2	1	NA	3.17372716110782	2.69276350798826
Cell_52	1	1	NA	-0.911892860237157	-1.37577653750732
Cell_53	1	1	NA	-2.36949578091523	-3.67730981601407
Cell_54	2	1	NA	2.52393177515153	-0.750186463053802
Cell_55	1	1	NA	-7.53793285393493	-4.22599322679874
Cell_56	3	1	NA	-1.45322649598421	9.30154594870353
Cell_57	1	1	NA	1.16882863439959	-0.242835133959878
Cell_58	1	1	NA	-0.42572016816181	-1.20833378419196
Cell_59	2	1	NA	3.11956999031385	2.36748189059363
Cell_60	2	1	NA	1.53106532051637	-0.803420101159854
Cell_61	1	1	NA	0.937796014861144	-1.3619559231191
Cell_62	2	1	NA	2.09550967507855	0.0198451828407809
Cell_63	1	1	NA	-6.58292574299729	-4.60209536503099
Cell_64	2	1	NA	1.54863351352154	-1.29961869058776
Cell_65	1	1	NA	-1.00942770377659	-2.07660879420219
Cell_66	1	1	NA	1.22350424072035	-1.62983193585305
Cell_67	2	1	NA	3.88077228207051	2.32598687458814
Cell_68	1	1	NA	-2.42718585393664	-3.69917483473384
Cell_69	2	1	NA	1.69563826410707	0.910222846834744
Cell_70	2	1	NA	3.69989793719199	3.30227580998082
Cell_71	2	1	NA	1.6797570390014	-0.169436259318951
Cell_72	2	1	NA	1.27035063201932	-0.173467433705843
Cell_73	1	1	NA	-4.58238841122281	-3.59964770649368
Cell_74	1	1	NA	-0.992117898307346	-1.8176507595664
Cell_75	3	1	NA	2.53821133047743	7.77118005841327
Cell_76	2	1	NA	2.33370934712059	-1.48451160742689
Cell_77	1	1	NA	-2.02757333398352	-3.87375861076215
Cell_78	1	1	NA	-1.86781529924371	-3.05718205407919
Cell_79	1	1	NA	0.973181400610304	-1.90375811859029
Cell_80	1	1	NA	-2.98755608542044	-3.41288117865898
Cell_81	1	1	NA	-2.47447477963258	-3.78642304152132
Cell_82	2	1	NA	2.63100865774841	0.421324990522016
Cell_83	2	1	NA	2.63537742805138	1.53639871905644
Cell_84	1	1	NA	-4.87208650528815	-3.57611743868989
Cell_85	1	1	NA	-0.704520023753139	-1.60987799076214
Cell_86	1	1	NA	-4.61542908735008	-4.08557706277149
Cell_87	1	1	NA	-3.94738263625769	-2.42151775715492
Cell_88	2	1	NA	3.80459839742976	4.75906842063311
Cell_89	1	1	NA	-1.9769007533909	-1.84083914768011
Cell_90	2	1	NA	3.39055347969167	-0.297234987838371
Cell_91	2	1	NA	2.83309621881353	1.07888859672716
Cell_92	1	1	NA	-4.93757532478441	-4.43608267127027
Cell_93	1	1	NA	-0.969944719958851	-4.74785832941939
Cell_94	2	1	NA	2.13741654554566	-0.171818859146114
Cell_95	1	1	NA	1.54760622462167	-2.06527632221246
Cell_96	2	1	NA	2.63343474513617	1.91327025564788
Cell_97	1	1	NA	-0.455309851900617	-2.95217391773254
Cell_98	2	1	NA	1.4645032288694	-1.28070861609766
Cell_99	2	1	NA	1.91799784392358	-1.59717575040979
Cell_100	2	1	NA	3.93559327653335	1.37064913098267
Cell_101	1	1	NA	-1.25724001402117	-2.98072920660989
Cell_102	1	1	NA	0.880328301551175	-0.206327746762883
Cell_103	2	1	NA	3.48967062107433	5.27192048170576
Cell_104	3	1	NA	2.86841194238973	6.86840614842705
Cell_105	2	1	NA	4.00544383047371	2.34693630235275
Cell_106	2	1	NA	4.33224860716574	5.10243260276223
Cell_107	1	1	NA	-2.74037316687067	-3.80766152968003
Cell_108	2	1	NA	2.5385831026979	-0.159349164489552
Cell_109	1	1	NA	-1.11111263829946	-2.89143443260735
Cell_110	1	1	NA	3.7750808649476	-7.76327841018048
Cell_111	1	1	NA	0.407852742235068	-2.26160260748542
Cell_112	2	1	NA	2.68772968121768	2.16044302177562
Cell_113	1	1	NA	-6.66473636152444	-3.63025947294943
Cell_114	3	1	NA	0.963150117616842	8.71011612092013
Cell_115	1	1	NA	-2.46239230943847	-3.66344124276019
Cell_116	1	1	NA	-6.05099396216058	-4.38562708853791
Cell_117	2	1	NA	2.71020473712815	0.733318223338817
Cell_118	1	1	NA	-1.45328248576305	-2.98702922844962
Cell_119	1	1	NA	-1.84290541848712	-3.29290481527476
Cell_120	1	1	NA	1.12441468855317	-0.878577111973047
Cell_121	1	1	NA	-0.962054716261543	-1.92679368052759
Cell_122	1	1	NA	-0.824437005537901	-2.23448046250518
Cell_123	3	1	NA	-0.603552860228071	9.13346823766818
Cell_124	2	1	NA	2.05664756883588	-0.936208378189717
Cell_125	1	1	NA	-5.23372716887613	-4.19637794089038
Cell_126	1	1	NA	-1.11786033139746	-2.91252987592414
Cell_127	1	1	NA	-2.16639259872123	-3.39637633142864
Cell_128	2	1	NA	3.59715355992974	5.25873066036814
Cell_129	2	1	NA	2.68780128257691	-0.301353253686114
Cell_130	1	1	NA	-3.6388618584533	-3.31913591726281
Cell_131	3	1	NA	1.07039189435015	8.71313832365907
Cell_132	2	1	NA	3.54042309855738	4.39324249147945
Cell_133	1	1	NA	0.796009063819574	-1.71755082539635
Cell_134	2	1	NA	1.78610039200748	-0.0987665430032431
Cell_135	2	1	NA	4.28240312031982	2.09294469173274
Cell_136	3	1	NA	-1.61236656172789	9.3317066296437
Cell_137	2	1	NA	3.51476048117893	2.91693564896389
Cell_138	2	1	NA	2.32383063241789	1.14988921778693
Cell_139	1	1	NA	-5.15062254356591	-4.00867774959507
Cell_140	2	1	NA	1.62868983267596	0.657131923383055
Cell_141	3	1	NA	-1.0038986329112	9.19357546845755
Cell_142	2	1	NA	2.30679716841144	0.208993902950812
Cell_143	3	1	NA	3.17049381998048	6.04500862875585
Cell_144	1	1	NA	-0.789719390364604	-2.52492596410626
Cell_145	1	1	NA	0.138186150416271	-1.84970538893038
Cell_146	2	1	NA	3.75925537760582	5.12535459662811
Cell_147	1	1	NA	-2.78265396637424	-3.26049826361769
Cell_148	2	1	NA	3.76534070942027	4.51955112719733
Cell_149	2	1	NA	2.83773571980836	1.07464533528095
Cell_150	3	1	NA	2.79316648924171	6.38420005560822
Cell_151	2	1	NA	3.3219666448651	1.20133424132521
Cell_152	2	1	NA	1.26920744933611	0.0358521061396091
Cell_153	2	1	NA	3.336410026582	5.35997597444892
Cell_154	1	1	NA	-1.64108608377713	-4.42489754169032
Cell_155	1	1	NA	0.97357721469049	-2.97312079574693
Cell_156	2	1	NA	1.89028932082859	-1.6267344316901
Cell_157	3	1	NA	3.43992630833216	5.76598160645564
Cell_158	2	1	NA	4.20171759641387	3.78078032845087
Cell_159	1	1	NA	-5.79697442739789	-4.70523724863216
Cell_160	2	1	NA	3.86565518229606	3.16468175386571
Cell_161	1	1	NA	-0.612461575190147	-2.53471927786094
Cell_162	1	1	NA	-0.364710060174152	-2.5182092691926
Cell_163	1	1	NA	0.464339113717267	-1.98397576896335
Cell_164	2	1	NA	1.6175656204032	-1.21562711027398
Cell_165	2	1	NA	3.54099773020331	0.649795284831976
Cell_166	2	1	NA	2.04887232555825	0.0293304182117429
Cell_167	2	1	NA	4.35936819527277	3.0488432257046
Cell_168	1	1	NA	-2.80348507144427	-3.20903863253838
Cell_169	2	1	NA	3.98982141438067	2.77977106404029
Cell_170	1	1	NA	-1.31970202326922	-2.63861395138275
Cell_171	3	1	NA	2.61956228350679	7.46133244150882
Cell_172	1	1	NA	-4.61259155683583	-3.58670880361238
Cell_173	1	1	NA	1.11510017464827	-1.14811772288533
Cell_174	2	1	NA	2.14018067111442	-0.300145251256288
Cell_175	2	1	NA	3.02849719005393	2.81424790626748
Cell_176	2	1	NA	2.62403963571583	1.25819741483128
Cell_177	2	1	NA	1.6186770730753	-1.49941990048074
Cell_178	1	1	NA	-1.5168896300507	-3.61133746518972
Cell_179	1	1	NA	-4.5928050016722	-3.82982807478009
Cell_180	2	1	NA	3.65857865585316	4.06356978884097
Cell_181	2	1	NA	2.75072060873609	-0.126709160645231
Cell_182	2	1	NA	4.24440052949766	2.88990959951698
Cell_183	1	1	NA	-7.76334768459415	-3.98411705184639
Cell_184	3	1	NA	3.42813627134878	6.68218739484271
Cell_185	2	1	NA	3.71493418735342	2.2777999035324
Cell_186	2	1	NA	3.56744575753523	1.53847265754401
Cell_187	2	1	NA	1.55136678421293	-0.460065414426709
Cell_188	2	1	NA	4.03610334511988	4.57777664233975
Cell_189	2	1	NA	1.74130581253294	-0.504629026817421
Cell_190	3	1	NA	-0.871244228339565	9.20979565830426
Cell_191	1	1	NA	1.19427279415215	-0.23346909267103
Cell_192	1	1	NA	-2.43964400966325	-2.85980387121804
Cell_193	1	1	NA	1.07341635476525	-3.21675118148333
Cell_194	1	1	NA	3.77650051813575	-8.03680552373588
Cell_195	1	1	NA	-3.90265872519037	-4.0937358221387
Cell_196	2	1	NA	2.98539250156043	1.24630893015434
Cell_197	2	1	NA	4.20098453513671	0.23282287803116
Cell_198	2	1	NA	3.31496561649282	2.43148111162883
Cell_199	1	1	NA	-1.73264556821174	-1.29013218912799
Cell_200	1	1	NA	-0.364791862406528	-1.77593479750752
Cell_201	1	1	NA	-5.07905969657748	-4.38716021524296
Cell_202	1	1	NA	-5.14104760243321	-3.98697362432415
Cell_203	1	1	NA	-0.608226957632388	-3.45944074936959
Cell_204	1	1	NA	-2.51458547192833	-3.52126002211501
Cell_205	1	1	NA	0.573775377907368	-0.669765129012486
Cell_206	2	1	NA	4.33168635122058	3.8092408585842
Cell_207	1	1	NA	-0.704935918557757	-1.6251969580445
Cell_208	1	1	NA	-1.03265313476524	-2.41888050387678
Cell_209	1	1	NA	0.826143794172308	-0.366226717467828
Cell_210	1	1	NA	-2.30817807624974	-3.59438218805954
Cell_211	1	1	NA	0.554884560564211	-1.83611203500104
Cell_212	2	1	NA	1.98307368458278	0.69959965016167
Cell_213	2	1	NA	2.23180728299312	1.05691665076461
Cell_214	2	1	NA	2.70958073141865	0.25795115941971
Cell_215	2	1	NA	2.32164407168386	0.0585425466089904
Cell_216	1	1	NA	-3.6945312616932	-4.29148988788246
Cell_217	2	1	NA	3.88178587457249	5.23860743130419
Cell_218	3	1	NA	-1.32817963321245	9.27513076506959
Cell_219	1	1	NA	3.82702420523701	-7.74615910076931
Cell_220	1	1	NA	-1.75822610164262	-2.38434614323067
Cell_221	2	1	NA	2.75570968368374	0.817788023371214
Cell_222	3	1	NA	2.78922042738548	7.17856880485919
Cell_223	1	1	NA	-1.20508757361424	-1.65745083180616
Cell_224	2	1	NA	2.08222535140695	0.0739488034483397
Cell_225	2	1	NA	3.4298064222259	2.20165498575857
Cell_226	3	1	NA	2.59263991901712	7.67503781749065
Cell_227	1	1	NA	-1.05135417077098	-2.89477322036149
Cell_228	1	1	NA	0.884909140995165	-0.471833432598128
Cell_229	3	1	NA	3.0249667788083	6.14756343523503
Cell_230	1	1	NA	0.585194674072399	-1.817583905028
Cell_231	2	1	NA	4.10114650275234	2.66886938904315
Cell_232	2	1	NA	3.53515885916356	4.375056912287
Cell_233	2	1	NA	4.28949590094241	2.92607789632306
Cell_234	1	1	NA	1.01756233760636	-1.55338181577718
Cell_235	1	1	NA	-0.98629201210547	-1.85285950167712
Cell_236	2	1	NA	4.23763991723451	4.87912843472851
Cell_237	1	1	NA	0.209044901477704	-1.07348000783295
Cell_238	3	1	NA	0.77196726303678	8.88717254361454
Cell_239	2	1	NA	3.79209854093907	3.96571483767524
Cell_240	1	1	NA	-6.94025593044101	-4.60655489643429
Cell_241	2	1	NA	2.13269269154402	0.920723277131282
Cell_242	1	1	NA	-5.54114768459647	-3.68106323986111
Cell_243	1	1	NA	-0.141465334086109	0.187156493180259
Cell_244	1	1	NA	-5.40061780403883	-3.64288973701207
Cell_245	1	1	NA	0.113268892922092	-1.85287297434957
Cell_246	1	1	NA	0.145460117677869	0.0771136803471886
Cell_247	2	1	NA	1.58431729838739	-0.310143568949279
Cell_248	2	1	NA	2.23671789344088	-0.372151276965363
Cell_249	1	1	NA	1.23138939339862	-1.50924222929771
Cell_250	2	1	NA	3.07876363930292	3.23600465565052
Cell_251	3	1	NA	0.32795392183974	8.92211612292696
Cell_252	2	1	NA	1.58996408923224	-0.98407045980246
Cell_253	1	1	NA	1.15887648024275	-1.62738645484157
Cell_254	1	1	NA	2.15529796083886	-3.21126675394653
Cell_255	2	1	NA	1.93782657491244	0.685464303174585
Cell_256	2	1	NA	2.61768489533454	0.368027843528125
Cell_257	1	1	NA	-1.19542856540616	-2.86431619361641
Cell_258	1	1	NA	-2.80331747446759	-3.59015768408647
Cell_259	1	1	NA	1.77107513587212	-3.64280431338065
Cell_260	1	1	NA	-2.61636864529666	-3.13126937363758
Cell_261	1	1	NA	-0.572756698677489	-2.22648199565035
Cell_262	3	1	NA	0.514065637209211	8.82820796165848
Cell_263	2	1	NA	4.07475352545805	2.45768703603401
Cell_264	2	1	NA	1.34551348521896	-0.575492253702845
Cell_265	1	1	NA	-0.386383318936864	-1.4066442704086
Cell_266	3	1	NA	0.605646869595752	8.82528835553251
Cell_267	1	1	NA	0.265452852760961	-2.04249202000228
Cell_268	1	1	NA	-7.17415542504981	-4.57878101926319
Cell_269	2	1	NA	2.8577869675505	-0.214859633831642
Cell_270	3	1	NA	-1.2524918416194	9.26015076480094
Cell_271	3	1	NA	0.207384017448998	8.98025399476569
Cell_272	3	1	NA	3.16641215507732	6.16442793162551
Cell_273	3	1	NA	3.79844476796869	6.19373396212343
Cell_274	1	1	NA	-5.16277085199675	-4.03816767519074
Cell_275	2	1	NA	3.86590207119256	3.17953449098675
Cell_276	2	1	NA	1.73975299927929	0.873320834146502
Cell_277	1	1	NA	-1.48990760805715	-2.28470192279799
Cell_278	1	1	NA	-4.64480355766011	-3.13227432835726
Cell_279	3	1	NA	3.303841274658	6.24454074276394
Cell_280	1	1	NA	-1.41477769382795	-3.18756340413024
Cell_281	1	1	NA	-8.87967737554319	-4.16236970666852
Cell_282	1	1	NA	-0.136854945270844	-1.51304055638291
Cell_283	1	1	NA	-2.07967961806379	-3.03105018147291
Cell_284	1	1	NA	0.310587299349556	-2.15987633768965
Cell_285	3	1	NA	3.08682832252868	6.47104997567315
Cell_286	1	1	NA	0.504481021989088	-2.39013439989047
Cell_287	2	1	NA	4.18355253354206	4.62478801014384
Cell_288	1	1	NA	-2.26073258435124	-3.59149045181234
Cell_289	1	1	NA	-3.14936630053614	-3.83660123110184
Cell_290	1	1	NA	-1.70455623533711	-3.24605920291967
Cell_291	1	1	NA	-1.01538331775329	-1.09128307254703
Cell_292	2	1	NA	4.11970056797565	3.6670195288637
Cell_293	1	1	NA	-8.9228931110085	-4.08494296755919
Cell_294	3	1	NA	2.00256168022286	8.10971249045749
Cell_295	1	1	NA	-2.56590929562182	-3.34715240034352
Cell_296	2	1	NA	1.76154609697616	-0.0423046001830842
Cell_297	1	1	NA	-6.39774926019038	-4.53221265765194
Cell_298	2	1	NA	2.80163567682388	2.43234037986173
Cell_299	1	1	NA	-0.360629574206893	-2.44354022397061
Cell_300	2	1	NA	2.14547475973793	-0.1205704535404
Cell_301	2	1	NA	4.38231404834489	3.76714204727429
Cell_302	1	1	NA	2.61261154247847	-2.31382989204414
Cell_303	1	1	NA	-1.38856660359215	-3.24067627897201
Cell_304	2	1	NA	2.14218964840143	-0.0457402919661807
Cell_305	1	1	NA	-6.31279136054459	-4.10694312664453
Cell_306	1	1	NA	0.622208777379191	-2.09616114551662
Cell_307	1	1	NA	1.20567003937163	-1.49890910915382
Cell_308	2	1	NA	2.67864815243811	-0.363949835661359
Cell_309	1	1	NA	-0.896447103707391	-2.12380066800195
Cell_310	3	1	NA	1.25231405451436	8.64917168015546
Cell_311	2	1	NA	3.28590839533418	3.16616299611987
Cell_312	3	1	NA	2.77920301432539	6.93769497938462
Cell_313	1	1	NA	-5.77351528643706	-4.67148334046499
Cell_314	2	1	NA	3.46945973163989	2.71240638552537
Cell_315	2	1	NA	2.36162248618683	-0.665856477111485
Cell_316	1	1	NA	-7.21832807191922	-4.58663981771431
Cell_317	2	1	NA	3.41977821674846	1.8818183274612
Cell_318	1	1	NA	0.430559403689804	-4.3640406259234
Cell_319	3	1	NA	-1.30635518060978	9.23059073759067
Cell_320	1	1	NA	-2.4453708922704	-3.69194078648401
Cell_321	2	1	NA	4.01604468863653	3.32795976765722
Cell_322	2	1	NA	2.80099774065529	1.05976117361944
Cell_323	2	1	NA	3.22664505380777	-0.297900694399665
Cell_324	2	1	NA	1.82784911083982	-0.440888788787535
Cell_325	1	1	NA	-7.34339394899762	-4.08059564185373
Cell_326	1	1	NA	-2.9654916569941	-3.24357159749492
Cell_327	2	1	NA	1.88881507612165	-0.592318031725154
Cell_328	2	1	NA	1.54449698147189	-0.100703311915601
Cell_329	1	1	NA	3.8060042498139	-7.97726721343236
Cell_330	1	1	NA	-1.17169913414485	-3.42223666440988
Cell_331	1	1	NA	-3.58498959184636	-2.59490349615785
Cell_332	1	1	NA	-0.0677309387877365	-2.54970390659339
Cell_333	1	1	NA	-7.26708294517994	-4.5903474205728
Cell_334	2	1	NA	3.83475074998314	2.20224577116904
Cell_335	1	1	NA	-0.422288541703523	-1.66369898060336
Cell_336	1	1	NA	-9.07620785861968	-3.92304153122049
Cell_337	1	1	NA	0.309461916579245	-4.40284525589021
Cell_338	1	1	NA	-8.83000177663399	-3.65469188825403
Cell_339	3	1	NA	2.36432473816158	7.7273810274238
Cell_340	1	1	NA	0.982826753840118	-3.7334006840411
Cell_341	1	1	NA	-0.9543924864059	-1.07272852948025
Cell_342	1	1	NA	-2.43703279709898	-0.852717954685106
Cell_343	2	1	NA	3.36071559847885	4.31313962592219
Cell_344	2	1	NA	3.50556324856708	2.83897157406124
Cell_345	2	1	NA	2.71650169958729	-0.366042069084192
Cell_346	2	1	NA	2.76836287038347	1.41069045849537
Cell_347	3	1	NA	3.02820727224924	6.83278353723427
Cell_348	1	1	NA	-7.36757471186995	-3.67223154849719
Cell_349	1	1	NA	-0.652298542886153	-1.90173657341672
Cell_350	1	1	NA	-5.01517376521736	-4.17654593037731
Cell_351	1	1	NA	0.591466367956151	-2.78517929495034
Cell_352	3	1	NA	2.09779781793399	7.6093787254329
Cell_353	1	1	NA	3.77723498191235	-8.02971813789789
Cell_354	2	1	NA	3.52970484662257	4.74989203172237
Cell_355	3	1	NA	2.95482295160591	5.92786870311398
Cell_356	2	1	NA	3.14801352157432	1.70026495536224
Cell_357	2	1	NA	3.55332685115567	3.90712704741452
Cell_358	3	1	NA	2.56981745373806	7.27473741855505
Cell_359	3	1	NA	2.99831603521042	6.6293912267309
Cell_360	1	1	NA	-1.7041943257906	-2.57847984091608
Cell_361	1	1	NA	-3.11014265034038	-3.22907904528051
Cell_362	3	1	NA	0.721963680348891	8.68705508158003
Cell_363	1	1	NA	-1.33688650427015	0.28581711265685
Cell_364	3	1	NA	1.90801731664857	8.08382073803471
Cell_365	1	1	NA	-9.02770781152535	-3.91313992356545
Cell_366	1	1	NA	-0.368703023493748	-1.20471526506096
Cell_367	2	1	NA	2.30106088925966	-0.63279784053574
Cell_368	1	1	NA	-2.95508553123707	-3.12128198727136
Cell_369	2	1	NA	4.23801157938466	2.93941630094817
Cell_370	2	1	NA	1.68729857059843	-1.22527133045844
Cell_371	2	1	NA	3.64773143238236	1.57468240538816
Cell_372	3	1	NA	3.33616527733904	6.83822865317088
Cell_373	3	1	NA	-0.806882211909318	9.18067028677746
Cell_374	2	1	NA	3.09286443973585	3.15263248551447
Cell_375	1	1	NA	-1.08056125635071	-0.886394270540606
Cell_376	3	1	NA	1.74927089377891	8.33343431330841
Cell_377	1	1	NA	-2.21982772277736	-3.42251381690496
Cell_378	2	1	NA	3.18648483936876	4.66910074925669
Cell_379	1	1	NA	-0.541473282740461	-2.48366689157718
Cell_380	2	1	NA	4.01879137072432	3.67635937936494
Cell_381	1	1	NA	-0.312859407683285	-2.43802149253407
Cell_382	1	1	NA	-0.0994239806247745	-3.02380953149989
Cell_383	1	1	NA	-8.54759154134238	-4.25046616245231
Cell_384	3	1	NA	2.66257061827397	6.11568411437216
Cell_385	2	1	NA	3.07360005343588	0.786082317363502
Cell_386	1	1	NA	-0.338646436811036	-0.977903911495773
Cell_387	1	1	NA	-5.08617019441221	-3.72412255179836
Cell_388	3	1	NA	3.06834688298055	7.05587403372341
Cell_389	3	1	NA	3.31279711655333	6.10811488489357
Cell_390	1	1	NA	-1.41945699195481	-4.03348494637001
Cell_391	3	1	NA	3.35078235414491	5.83296713741249
Cell_392	2	1	NA	3.57524007611891	0.735893107973708
Cell_393	2	1	NA	4.08279523820451	4.80040517426056
Cell_394	1	1	NA	-2.41105323176872	-2.81688352570477
Cell_395	2	1	NA	1.78266093639156	0.685045312596763
Cell_396	3	1	NA	3.57252002121148	6.52439101392005
Cell_397	2	1	NA	3.08692464277057	3.26110960175666
Cell_398	1	1	NA	-0.35802848690232	-2.45025878658029
Cell_399	1	1	NA	-7.23609406801898	-3.74693204212208
Cell_400	2	1	NA	1.24861836701205	0.289933169742791
Cell_401	1	1	NA	-2.70366828435185	-2.78069462112708
Cell_402	1	1	NA	-9.10646308712731	-4.25703537807446
Cell_403	1	1	NA	0.282208948530832	-1.79706228435257
Cell_404	2	1	NA	3.26225305037375	4.74162050194818
Cell_405	1	1	NA	-4.81889297989457	-3.39613638069678
Cell_406	1	1	NA	-0.607130141819214	-3.27929417463657
Cell_407	1	1	NA	-5.04737883942462	-3.59125320344827
Cell_408	3	1	NA	2.86354948391067	7.21244597552293
Cell_409	3	1	NA	3.1324186821741	7.12720446431307
Cell_410	1	1	NA	0.211260428002404	-4.46452997652004
Cell_411	2	1	NA	4.09230581643239	4.1081620103711
Cell_412	3	1	NA	3.05563082628448	7.18521051483226
Cell_413	1	1	NA	3.76155445895527	-7.53037327893252
Cell_414	2	1	NA	1.76675158437214	-0.1130866835875
Cell_415	3	1	NA	0.408687625341573	8.93919059752809
Cell_416	2	1	NA	3.97359380831167	2.5139810134627
Cell_417	1	1	NA	-0.599739268135193	-2.89726267922009
Cell_418	3	1	NA	3.03150740288323	6.06382391101555
Cell_419	2	1	NA	2.08923456135459	0.195542955552767
Cell_420	1	1	NA	-2.87949312000238	-2.01271970501971
Cell_421	1	1	NA	-2.94751109509285	-3.2786150603412
Cell_422	2	1	NA	3.03548654206306	0.17388605791261
Cell_423	1	1	NA	-7.53653892322188	-4.15571285939926
Cell_424	2	1	NA	3.77438934481444	1.49475852295254
Cell_425	1	1	NA	-0.468948130252025	-2.38105236303822
Cell_426	1	1	NA	0.923355974499496	-0.321768858127757
Cell_427	1	1	NA	0.722476806498776	-0.405789261586959
Cell_428	2	1	NA	1.67873692055466	0.594913402756212
Cell_429	3	1	NA	1.37454175226122	8.62767949000135
Cell_430	1	1	NA	-3.7098658415373	-3.84941009426178
Cell_431	1	1	NA	3.79217732752643	-8.04881619169167
Cell_432	2	1	NA	2.65814002753497	1.0189656192704
Cell_433	1	1	NA	-5.84879750179044	-3.83057632390243
Cell_434	1	1	NA	-1.90877224404063	-0.868727690132336
Cell_435	2	1	NA	1.69594810935695	-0.155674563545593
Cell_436	2	1	NA	2.86738954074976	0.657958391004361
Cell_437	2	1	NA	4.16697040983757	4.85956523776192
Cell_438	3	1	NA	2.37872908343632	7.54164110302064
Cell_439	2	1	NA	3.73069159063048	1.34363300006508
Cell_440	1	1	NA	1.40573866040937	-2.882741880314
Cell_441	1	1	NA	-1.95121827070302	-0.389501742860667
Cell_442	1	1	NA	-0.0747947852295883	-0.723047968855982
Cell_443	1	1	NA	-1.6530284784785	-2.91279139335945
Cell_444	1	1	NA	-1.38098952187681	0.26175039778908
Cell_445	3	1	NA	2.22425572613923	7.87529300970059
Cell_446	3	1	NA	1.17595227605651	8.71323178703464
Cell_447	3	1	NA	3.43800596499283	6.68491828760772
Cell_448	2	1	NA	2.91543143032689	-0.0382059817096847
Cell_449	2	1	NA	3.86906459606415	2.90143725171326
Cell_450	1	1	NA	-3.36124918097039	-4.02195246049242
Cell_451	1	1	NA	-5.23350476734793	-3.33337246486428
Cell_452	1	1	NA	-2.23441372152825	-4.26566797890785
Cell_453	1	1	NA	1.61380608280029	-2.90709837274971
Cell_454	2	1	NA	4.08031769790355	3.48008683370099
Cell_455	3	1	NA	3.14729411542094	6.77441825563513
Cell_456	1	1	NA	-1.86941272602526	-3.25505624470556
Cell_457	2	1	NA	2.83024722994567	0.91510219553935
Cell_458	1	1	NA	0.230955054167177	-2.32193637212565
Cell_459	1	1	NA	-3.78481211497661	-3.06451229869348
Cell_460	1	1	NA	1.2308888692711	-1.20491808847146
Cell_461	2	1	NA	4.12823503246956	2.45814615295674
Cell_462	1	1	NA	-2.35304016132174	-3.23094045489283
Cell_463	1	1	NA	1.09304885828948	-0.571610050593032
Cell_464	1	1	NA	-8.65617799137413	-4.20193876431693
Cell_465	1	1	NA	-1.87951217939368	-0.102380377004379
Cell_466	1	1	NA	1.27952102373933	-0.831566521553719
Cell_467	2	1	NA	3.79385093334658	5.12003906901615
Cell_468	2	1	NA	4.0576413868281	3.19730476909398
Cell_469	2	1	NA	4.11122573867249	2.16364342399431
Cell_470	3	1	NA	3.26191140314896	6.4365846667937
Cell_471	2	1	NA	2.3621776621256	-0.982750782571982
Cell_472	1	1	NA	-6.54751908849077	-3.63629695917106
Cell_473	2	1	NA	3.4737001889673	-0.126239034421685
Cell_474	1	1	NA	-3.67662689102304	-3.34383340555302
Cell_475	1	1	NA	-2.55076690408498	-2.95362175803728
Cell_476	1	1	NA	-1.58531219252024	-3.22623726947318
Cell_477	2	1	NA	3.21203094550215	0.333585243303953
Cell_478	2	1	NA	3.10871852617012	1.72157305739238
Cell_479	2	1	NA	3.4502862509366	4.86480346119185
Cell_480	1	1	NA	-4.727032670251	-4.33792017358065
Cell_481	1	1	NA	-1.20871281255625	-1.68301796997495
Cell_482	1	1	NA	-1.99418644335418	-0.495638837163506
Cell_483	1	1	NA	-2.54052964789747	-3.17803383753984
Cell_484	2	1	NA	3.12069587905541	1.96332281422764
Cell_485	3	1	NA	-0.045267485641127	8.91280540919656
Cell_486	2	1	NA	2.88121199624523	3.01894530475178
Cell_487	1	1	NA	-1.43565423083637	-3.26872508929894
Cell_488	1	1	NA	-6.75341409859623	-3.94550316548408
Cell_489	1	1	NA	-1.05992518483746	-1.20957731383564
Cell_490	1	1	NA	-5.14046193005029	-4.09886460566923
Cell_491	3	1	NA	2.67081143596888	7.07025485846596
Cell_492	2	1	NA	2.95455122714436	0.212643755379181
Cell_493	2	1	NA	1.90082935286239	-0.289847392985674
Cell_494	1	1	NA	-0.794010356392106	-2.92235395834797
Cell_495	1	1	NA	-4.97188976639877	-3.85015475742571
Cell_496	3	1	NA	-0.159749428681209	9.00951400656935
Cell_497	3	1	NA	2.94480087491396	6.60668898792202
Cell_498	3	1	NA	3.09726582943289	5.92765019562282
Cell_499	1	1	NA	-8.25920180808678	-3.69240795793299
Cell_500	1	1	NA	-4.8109279010014	-3.16238779506116
Cell_501	1	1	NA	-1.11465058584121	-4.06876866249981
Cell_502	2	1	NA	3.22095426602563	3.71032429452749
Cell_503	1	1	NA	0.812924134216094	-3.88786207067174
Cell_504	1	1	NA	-1.52827044446747	-1.97329478088459
Cell_505	1	1	NA	-5.41002726120196	-4.1405874358095
Cell_506	3	1	NA	0.582746225406427	8.76485083703727
Cell_507	1	1	NA	-2.54616946677154	-3.47190876685512
Cell_508	2	1	NA	1.26261942646476	0.630022363976692
Cell_509	3	1	NA	-0.465885059795464	9.07214978158317
Cell_510	2	1	NA	2.44288003371565	1.20600089376921
Cell_511	3	1	NA	3.59580218562322	6.00933684507672
Cell_512	1	1	NA	-4.5962009815042	-4.02031668798616
Cell_513	1	1	NA	-3.72874254712856	-2.98009255368326
Cell_514	2	1	NA	1.67733847099949	0.603900573752218
Cell_515	3	1	NA	3.11764513414211	6.76609418699717
Cell_516	3	1	NA	1.18119919242748	8.73954635015913
Cell_517	3	1	NA	3.11071160521519	6.81886350653376
Cell_518	1	1	NA	0.811389764138249	-1.05378921895807
Cell_519	1	1	NA	-5.35873408000701	-3.8004632978783
Cell_520	2	1	NA	4.32130156585914	4.40724569673455
Cell_521	1	1	NA	-5.43600541130115	-4.08900088042995
Cell_522	1	1	NA	-3.88164018864917	-2.30008689161492
Cell_523	3	1	NA	0.743712045419544	8.66565819531148
Cell_524	1	1	NA	0.33272951108633	-2.68160495572117
Cell_525	1	1	NA	-6.95532253630923	-4.11719032971045
Cell_526	1	1	NA	-0.83582551430949	-3.43147138945322
Cell_527	2	1	NA	3.99414436029762	5.02532559871447
Cell_528	2	1	NA	3.46971559601004	1.95050025469478
Cell_529	2	1	NA	3.58434784853948	2.86905278544729
Cell_530	2	1	NA	3.13020798867036	3.08105899590258
Cell_531	1	1	NA	1.43908779607848	-1.34752672695551
Cell_532	1	1	NA	-5.20468542758745	-4.3181849936044
Cell_533	2	1	NA	3.84307499688017	2.58458484373538
Cell_534	1	1	NA	-1.34620686999136	-4.91189617546334
Cell_535	1	1	NA	-1.48143433504046	-3.70880051311896
Cell_536	1	1	NA	-0.0358183846507527	-2.79201315676933
Cell_537	1	1	NA	-4.57904025510266	-4.17726245231954
Cell_538	2	1	NA	3.46841585376734	5.09389683255536
Cell_539	1	1	NA	1.32322071278791	-2.22238819165956
Cell_540	2	1	NA	3.59022001657659	2.01759227587762
Cell_541	1	1	NA	-0.118583668186441	-2.46054201123763
Cell_542	1	1	NA	0.64711844715496	-2.22937781571661
Cell_543	1	1	NA	-4.41695325380641	-4.37960579653776
Cell_544	2	1	NA	2.60887000992285	-1.15385363969917
Cell_545	1	1	NA	0.271594313875805	0.585777416285911
Cell_546	1	1	NA	-3.79206823602165	-3.73855487935965
Cell_547	2	1	NA	3.31784293940871	2.21201086288141
Cell_548	1	1	NA	0.791440308358335	-2.3416322829615
Cell_549	1	1	NA	-1.58932565707573	-3.11773212275881
Cell_550	2	1	NA	1.7279946171105	1.55549551129987
Cell_551	1	1	NA	-0.943655198243425	-1.42167415461922
Cell_552	2	1	NA	3.06696472953855	1.89419435341077
Cell_553	2	1	NA	4.18836146652203	5.50404213500884
Cell_554	2	1	NA	3.36090561322818	2.46394510947642
Cell_555	2	1	NA	3.32369883384236	1.22523207272369
Cell_556	1	1	NA	0.778895643934865	-0.33969435087853
Cell_557	2	1	NA	3.81161191977746	1.77001295607673
Cell_558	2	1	NA	2.2377079929971	-1.24379566030336
Cell_559	1	1	NA	1.03382840541588	-1.47949507482243
Cell_560	1	1	NA	0.166039774445853	-1.05116060013926
Cell_561	3	1	NA	3.47469301571209	6.10289610125114
Cell_562	1	1	NA	-3.01378355155931	-2.12650381883957
Cell_563	3	1	NA	4.09244530741108	5.80341364262287
Cell_564	1	1	NA	-0.833258712868507	-0.626311109919327
Cell_565	1	1	NA	-1.67971157613347	-1.35830022524577
Cell_566	1	1	NA	0.753347506570162	-0.47110010215287
Cell_567	3	1	NA	3.12594845928287	6.9923038169829
Cell_568	1	1	NA	-0.221138598145465	-0.783084427130694
Cell_569	1	1	NA	-4.75664051093701	-3.54485833374862
Cell_570	1	1	NA	-0.322113085419607	-3.08485138294724
Cell_571	2	1	NA	3.88833464484727	5.11518869712856
Cell_572	1	1	NA	-9.26772064652798	-4.22490874376116
Cell_573	2	1	NA	3.38536209577844	2.13941650691235
Cell_574	1	1	NA	-3.06376217587313	-3.42166222473605
Cell_575	1	1	NA	-5.58084094961466	-3.90812323146676
Cell_576	2	1	NA	4.00610575263983	4.78638644647475
Cell_577	1	1	NA	-7.30969044651334	-4.56031679803642
Cell_578	1	1	NA	-0.0223070692547076	-2.83059670381373
Cell_579	2	1	NA	2.71888926373161	-0.923609508317294
Cell_580	2	1	NA	2.56258696721905	0.439895445808216
Cell_581	2	1	NA	5.17586770139081	3.51481286919199
Cell_582	3	1	NA	3.08308904138263	6.96651873883522
Cell_583	1	1	NA	-0.071404300542474	-2.15809153250038
Cell_584	1	1	NA	1.38884015321254	-1.18449352157421
Cell_585	1	1	NA	0.490840357984962	-0.516912884698347
Cell_586	2	1	NA	3.45643325822056	-0.244696737530251
Cell_587	2	1	NA	3.27651243896122	2.37156921052143
Cell_588	3	1	NA	-1.56461762693507	9.32449568934327
Cell_589	1	1	NA	0.859231373094393	-0.556361450268348
Cell_590	2	1	NA	3.8984656052465	3.401150192611
Cell_591	2	1	NA	2.20424987865362	0.997824148255283
Cell_592	1	1	NA	-2.15057914703015	-3.34752184188477
Cell_593	1	1	NA	-7.95494810798328	-3.82521700036746
Cell_594	1	1	NA	-1.49112981876994	-3.07425738631679
Cell_595	1	1	NA	0.65697909473225	-3.10174891148573
Cell_596	1	1	NA	-0.743099651932281	-2.29412559622197
Cell_597	2	1	NA	2.97079997108689	1.54590823583639
Cell_598	1	1	NA	-3.61209470056521	-2.96192242582458
Cell_599	1	1	NA	-4.58089343196354	-3.38218410127461
Cell_600	1	1	NA	-3.74992040436416	-3.24211778101003
Cell_601	1	1	NA	-1.05535056885631	0.504264948512724
Cell_602	1	1	NA	0.797249709597096	-1.06613755808611
Cell_603	1	1	NA	-7.24480696728989	-4.1186252842321
Cell_604	2	1	NA	3.04123614234291	3.4360805285663
Cell_605	1	1	NA	-1.34136440747172	-2.96087214955823
Cell_606	3	1	NA	3.01384371602401	7.46458926483622
Cell_607	1	1	NA	-3.47706732163046	-3.36604171362695
Cell_608	1	1	NA	0.0494551139248927	-1.1190677978825
Cell_609	1	1	NA	-4.07655418483758	-3.4785460485659
Cell_610	3	1	NA	3.16212888918296	7.15700553401786
Cell_611	2	1	NA	1.66371316704999	1.46714974339777
Cell_612	2	1	NA	3.09482231566797	2.49778769696693
Cell_613	1	1	NA	-0.942909235184235	-2.38788522517866
Cell_614	1	1	NA	-0.0513578205878291	-1.40747731443921
Cell_615	2	1	NA	2.14496608736749	0.912526707761149
Cell_616	1	1	NA	-0.27578641443199	0.118277540314128
Cell_617	2	1	NA	2.67445874293719	2.20485653563178
Cell_618	3	1	NA	-1.33473033001366	9.28154002102835
Cell_619	1	1	NA	-1.75164832447372	-0.476348960726083
Cell_620	1	1	NA	1.4308563569529	-1.33420337043372
Cell_621	2	1	NA	4.1174203335083	4.36271662983833
Cell_622	2	1	NA	3.86930144461271	1.72043731401266
Cell_623	1	1	NA	-1.16118155144497	-2.2933874917346
Cell_624	1	1	NA	-0.566926305179164	-1.61145372348381
Cell_625	3	1	NA	-0.0421345444862027	9.03576564429309
Cell_626	3	1	NA	1.77631839503286	7.87136187365628
Cell_627	3	1	NA	3.34503920074345	6.94709198308884
Cell_628	1	1	NA	-5.20065413569917	-4.01197568153608
Cell_629	1	1	NA	-1.16206063201601	-1.99677314336939
Cell_630	3	1	NA	3.25403481557971	6.42896083977162
Cell_631	2	1	NA	2.7985932451121	1.1503808178664
Cell_632	1	1	NA	1.30492905831454	-1.18843345041866
Cell_633	1	1	NA	-0.833853989374617	-2.31258789304276
Cell_634	2	1	NA	4.00603553334098	4.69806620695725
Cell_635	1	1	NA	-5.83507087234807	-3.80905306959389
Cell_636	1	1	NA	-2.70226147831395	-2.12124171132762
Cell_637	3	1	NA	2.86825136609356	7.32238377068449
Cell_638	2	1	NA	3.55301187144039	2.37052863005634
Cell_639	1	1	NA	3.80970167239759	-7.88328558626877
Cell_640	2	1	NA	3.12963543602706	2.72800895270461
Cell_641	2	1	NA	2.61709119585102	-0.806249448696018
Cell_642	1	1	NA	-3.28231636948229	-3.49229675258568
Cell_643	3	1	NA	3.21607501783579	6.46958466402475
Cell_644	1	1	NA	0.753144967265852	-2.82037981962108
Cell_645	2	1	NA	3.30205496699516	2.5187132546894
Cell_646	3	1	NA	-1.20674836439745	9.26511392298295
Cell_647	2	1	NA	3.88413592236379	2.45928278959228
Cell_648	1	1	NA	-1.02755410904469	-2.16338480083121
Cell_649	3	1	NA	-0.672023001301493	9.14343478564165
Cell_650	1	1	NA	-2.68939035473396	-0.848591572612781
Cell_651	3	1	NA	-1.82571410526693	9.37764557341698
Cell_652	2	1	NA	4.40147600611361	3.50310768542174
Cell_653	2	1	NA	1.3850176901425	-1.01349421007451
Cell_654	2	1	NA	3.53879565051809	0.010271724654465
Cell_655	1	1	NA	-4.89053835331553	-4.48197034938745
Cell_656	1	1	NA	-2.78817811729555	-3.01393132334363
Cell_657	1	1	NA	-3.83946983625759	-2.4851773678408
Cell_658	1	1	NA	-5.20833576618088	-4.10582581580674
Cell_659	1	1	NA	-6.29080959098239	-4.43466670409309
Cell_660	1	1	NA	-4.87635675288731	-4.52813638364961
Cell_661	2	1	NA	1.3297637322724	-0.325738666301878
Cell_662	1	1	NA	-5.87092023339677	-3.96163166715503
Cell_663	1	1	NA	0.509204621474586	-3.34052314372321
Cell_664	2	1	NA	2.53540998245228	-0.841493444626481
Cell_665	2	1	NA	1.81461582311211	0.431668068727643
Cell_666	1	1	NA	1.53235766477708	-3.71039189418986
Cell_667	1	1	NA	0.235021731165817	-2.6798104279883
Cell_668	1	1	NA	-6.99912113285652	-4.41036184360579
Cell_669	2	1	NA	3.67072329746763	3.32795605159354
Cell_670	1	1	NA	-3.32134250869649	-3.93992470375948
Cell_671	1	1	NA	-2.49535418109304	-0.753964880823088
Cell_672	3	1	NA	2.44650355421192	7.91507407665518
Cell_673	1	1	NA	-4.92896992612348	-3.93949529602257
Cell_674	1	1	NA	-5.13424158052789	-4.17391288561757
Cell_675	1	1	NA	-3.98947502477618	-2.82951628673972
Cell_676	1	1	NA	-8.93184006120525	-4.09695403491061
Cell_677	2	1	NA	4.91882695862044	3.88773046400302
Cell_678	2	1	NA	4.30557476083775	2.1282378401708
Cell_679	2	1	NA	3.75331818184798	5.39614751319177
Cell_680	2	1	NA	3.81941939243654	1.63040679576769
Cell_681	1	1	NA	-0.0804809553944643	-2.44058916730199
Cell_682	1	1	NA	-0.773296830005968	-3.43631327703498
Cell_683	1	1	NA	1.30374836803504	-1.25465309524606
Cell_684	1	1	NA	-6.6638970521183	-3.97150205093169
Cell_685	2	1	NA	4.05830086482263	4.26349248158978
Cell_686	3	1	NA	2.86192443659398	6.06056045302142
Cell_687	2	1	NA	1.45522070344503	-1.1320618161579
Cell_688	1	1	NA	0.640499277681426	-3.07083356291705
Cell_689	2	1	NA	2.41913226425144	-0.98513836006749
Cell_690	1	1	NA	-3.89847422692158	-2.57881915141258
Cell_691	1	1	NA	-0.272510411500948	-2.57689537428547
Cell_692	1	1	NA	-4.68942211783146	-4.00072792459002
Cell_693	2	1	NA	3.89549872289996	3.8457264903901
Cell_694	1	1	NA	2.28881478879897	-2.6589839517701
Cell_695	3	1	NA	2.65848103008669	5.7244532470296
Cell_696	3	1	NA	0.415407871000721	8.9228831696857
Cell_697	2	1	NA	1.82787579863814	-1.20174076471671
Cell_698	1	1	NA	1.81522980325253	-2.70711701772334
Cell_699	1	1	NA	-2.57339325092249	-3.25542558185998
Cell_700	1	1	NA	-1.61262110833773	0.0105731275952742
Cell_701	1	1	NA	-2.2686630749231	-3.33329042402726
Cell_702	1	1	NA	-5.88179988581863	-4.09159732365772
Cell_703	1	1	NA	0.250609618355187	-1.72562708888914
Cell_704	2	1	NA	2.85460338998657	-0.295906172147354
Cell_705	1	1	NA	-2.66008506745373	-3.03870212899334
Cell_706	1	1	NA	-1.25227768085717	-2.34171323653869
Cell_707	1	1	NA	-0.345712753244852	-2.24189036382804
Cell_708	1	1	NA	-0.07797073659698	-1.33815699383293
Cell_709	3	1	NA	-0.529893769921105	9.12892929272668
Cell_710	1	1	NA	-2.01219708210397	-2.30599493924408
Cell_711	3	1	NA	-1.84044041367146	9.38221166024147
Cell_712	2	1	NA	3.47145803063949	4.74681312142851
Cell_713	1	1	NA	-0.471794693767905	-0.950089819013181
Cell_714	1	1	NA	-2.21738477433067	-3.85866055358471
Cell_715	2	1	NA	2.51125681267039	0.606641650057946
Cell_716	1	1	NA	-9.05237187847884	-3.97849958388661
Cell_717	1	1	NA	-0.952275793206213	-2.68755141406671
Cell_718	2	1	NA	1.78407667116417	0.126864002800228
Cell_719	1	1	NA	-5.67341779683662	-4.07334762810063
Cell_720	2	1	NA	2.85176821004856	1.33248140570633
Cell_721	2	1	NA	1.80427754773726	0.815607808569889
Cell_722	2	1	NA	1.66281189078437	-0.27149097313799
Cell_723	1	1	NA	-0.556080179714533	-2.68170923003836
Cell_724	1	1	NA	-4.72499502352316	-3.57868466611186
Cell_725	1	1	NA	-6.87986606107134	-4.52798877996637
Cell_726	1	1	NA	-1.69119800577067	-3.14304910354792
Cell_727	3	1	NA	2.62442574167068	7.28266259315338
Cell_728	1	1	NA	0.527711413523592	-1.03688889404085
Cell_729	2	1	NA	2.02270393135149	0.203839434174121
Cell_730	2	1	NA	3.89110255922753	1.82937202623486
Cell_731	1	1	NA	-4.10011748188249	-3.34192451867564
Cell_732	1	1	NA	-4.20339786002633	-3.74890131785239
Cell_733	1	1	NA	-1.20079579966991	-4.57702396043127
Cell_734	1	1	NA	-0.88595456010806	-2.94759339786981
Cell_735	1	1	NA	0.343794729322831	-2.59466978654381
Cell_736	1	1	NA	0.282575720250689	0.599341109545834
Cell_737	1	1	NA	-6.22036552949162	-4.58114117245838
Cell_738	1	1	NA	-4.2563724666012	-3.7673089091676
Cell_739	3	1	NA	2.57529677623543	7.63798817163198
Cell_740	2	1	NA	2.28269842478902	0.184187136364785
Cell_741	1	1	NA	-0.562769481454756	-1.00725665196855
Cell_742	3	1	NA	-1.50822286060966	9.33409227056822
Cell_743	1	1	NA	-1.17334281701162	-4.11940797033756
Cell_744	3	1	NA	2.85983325295129	6.95718407752033
Cell_745	3	1	NA	2.93931874143307	6.01546222823681
Cell_746	1	1	NA	-1.49401493862717	-3.28201417395181
Cell_747	1	1	NA	-2.49042877339697	-3.6149277756577
Cell_748	3	1	NA	3.07499075181894	5.84298981181581
Cell_749	1	1	NA	0.805790776842096	-2.90205453737183
Cell_750	2	1	NA	1.7511657255872	0.514823959512417
Cell_751	3	1	NA	1.45540606287791	8.59785118809296
Cell_752	3	1	NA	1.62526376458698	7.87215539897766
Cell_753	1	1	NA	-3.15731130634329	-2.22272931068636
Cell_754	1	1	NA	-4.60432025147067	-3.91997460449623
Cell_755	1	1	NA	-9.03591152542966	-4.01711970376378
Cell_756	2	1	NA	3.23978793819827	3.37364831122982
Cell_757	1	1	NA	1.14545713902822	-0.451654229185514
Cell_758	2	1	NA	4.45934093807394	4.45733210430281
Cell_759	1	1	NA	0.278643273322841	-1.31984673934495
Cell_760	3	1	NA	0.57401922032855	8.7904370834403
Cell_761	3	1	NA	2.76154507979889	7.23514548991665
Cell_762	1	1	NA	-7.53980863448662	-4.24115083374774
Cell_763	3	1	NA	2.08229862765313	8.06361436195731
Cell_764	1	1	NA	-2.40178886824558	-3.29078161087529
Cell_765	1	1	NA	-4.98579063608958	-4.41379936648693
Cell_766	1	1	NA	0.942926059168157	-1.18597894336142
Cell_767	1	1	NA	-4.2116788252713	-3.95883383229617
Cell_768	2	1	NA	3.81684696240898	0.968937555328913
Cell_769	2	1	NA	2.77717538813649	-0.558632829390066
Cell_770	1	1	NA	-3.45985363799275	-2.19285451075287
Cell_771	3	1	NA	-1.18292950319474	9.24692716388231
Cell_772	1	1	NA	0.499800396666946	-2.56158979083679
Cell_773	2	1	NA	3.23743737852612	3.27540981499943
Cell_774	1	1	NA	1.05052457846158	-3.69055710781994
Cell_775	1	1	NA	-3.49982934233103	-3.07708691743232
Cell_776	1	1	NA	3.84359474277494	-7.70368619805872
Cell_777	2	1	NA	3.62436455586594	2.40975367288047
Cell_778	2	1	NA	1.71759237368621	0.726551725542088
Cell_779	2	1	NA	1.83717026248425	-0.223591634309956
Cell_780	1	1	NA	0.470236949831794	-2.93926980245093
Cell_781	1	1	NA	0.12031148904236	-2.19310893922023
Cell_782	2	1	NA	3.97098601333167	1.84294444753088
Cell_783	1	1	NA	-2.70434280596908	-3.43301816049506
Cell_784	1	1	NA	-7.78129976954305	-4.3951650812445
Cell_785	1	1	NA	-3.94119204202944	-2.76095999137477
Cell_786	1	1	NA	-6.37414971454673	-4.46085029596196
Cell_787	1	1	NA	0.569006690908614	-1.31794283138105
Cell_788	1	1	NA	-6.47579157993067	-3.44292185190955
Cell_789	2	1	NA	3.69578345988409	5.3020604865292
Cell_790	3	1	NA	1.09222318854294	8.68745505510101
Cell_791	1	1	NA	0.595963031254686	-4.20661977334578
Cell_792	1	1	NA	-1.24167437525291	-4.05747893234885
Cell_793	1	1	NA	-6.52118416519544	-4.61300610367329
Cell_794	2	1	NA	4.09538742261915	2.35774771068106
Cell_795	2	1	NA	2.38919486493313	-0.881531693937835
Cell_796	3	1	NA	0.830977903421522	8.83782313022139
Cell_797	1	1	NA	-1.39603708655664	0.245032714609337
Cell_798	1	1	NA	-4.9666237129798	-4.05647864854957
Cell_799	2	1	NA	1.70254752594727	-1.63429889229394
Cell_800	2	1	NA	2.93806786320945	-0.658027235104636
Cell_801	1	1	NA	-4.79903134238334	-3.82885596668756
Cell_802	2	1	NA	3.39117761723014	2.15303553634274
Cell_803	1	1	NA	0.268641111097792	-2.36758927410259
Cell_804	1	1	NA	-7.12698407479458	-3.71192979750676
Cell_805	1	1	NA	-1.60663890217435	-2.16346440106296
Cell_806	3	1	NA	3.14584151544411	6.63422910899047
Cell_807	1	1	NA	-0.000453664096506712	-0.207158562992468
Cell_808	2	1	NA	4.18787210647424	2.6424954333104
Cell_809	1	1	NA	-6.44456249409993	-3.8226763653564
Cell_810	1	1	NA	-8.75322325420453	-3.66441928187269
Cell_811	2	1	NA	2.83797487812366	2.34797431966317
Cell_812	1	1	NA	-3.23500569712249	-2.33064809140275
Cell_813	2	1	NA	1.40232178289798	0.477993064935461
Cell_814	1	1	NA	0.74220177324134	-0.591075471694356
Cell_815	2	1	NA	3.25904149209982	2.3621611766847
Cell_816	1	1	NA	0.000502860461210952	-1.47739531301739
Cell_817	1	1	NA	-1.75553614498664	-0.358628117313303
Cell_818	1	1	NA	-0.966557439734552	-3.37089384515857
Cell_819	1	1	NA	1.10271581716336	-0.525353278906815
Cell_820	1	1	NA	0.043001528064974	-0.758045367511089
Cell_821	1	1	NA	-2.29694130936149	-0.905455021551584
Cell_822	3	1	NA	1.60534012008535	7.92784602931768
Cell_823	2	1	NA	3.28470172214718	2.51156676263375
Cell_824	2	1	NA	3.07874718815249	0.138515044824693
Cell_825	2	1	NA	4.2981369487553	3.97527268295873
Cell_826	1	1	NA	-4.20869754518054	-2.97462031011733
Cell_827	1	1	NA	-1.81090005573635	-2.19727092713895
Cell_828	1	1	NA	-0.456736397223721	-1.03499900597788
Cell_829	1	1	NA	-2.52034000947601	-3.35154364226865
Cell_830	1	1	NA	-5.98165961771979	-4.32598876186821
Cell_831	1	1	NA	-2.17990379685358	-3.45133829139721
Cell_832	1	1	NA	-2.48729733007942	-3.76232197417898
Cell_833	2	1	NA	4.14574432797096	2.58106679229012
Cell_834	2	1	NA	2.49346877641189	-1.05514969632854
Cell_835	1	1	NA	3.82068077596722	-7.88145155822988
Cell_836	2	1	NA	2.80562442965539	2.2016427831742
Cell_837	2	1	NA	2.38099456402315	-1.23397876894662
Cell_838	1	1	NA	0.504629591581159	-0.925060652506606
Cell_839	2	1	NA	2.88855729097192	0.777605205006421
Cell_840	2	1	NA	3.30013355679847	2.17887129513298
Cell_841	3	1	NA	2.3426175303212	7.64759188255719
Cell_842	1	1	NA	-0.279246824445774	-2.38369736356407
Cell_843	2	1	NA	4.34259260975535	4.76724797888697
Cell_844	1	1	NA	-0.185814114584161	0.186678528631075
Cell_845	1	1	NA	-6.95835002572521	-3.73327590613363
Cell_846	1	1	NA	-6.63565930756715	-4.35044210492862
Cell_847	1	1	NA	-7.11680942913404	-4.17972602218312
Cell_848	2	1	NA	3.20501240314001	4.31002572313211
Cell_849	2	1	NA	3.38675036711973	4.4204396733813
Cell_850	1	1	NA	-1.34650468988994	-4.10283755340496
Cell_851	2	1	NA	3.18197229351989	2.8923728728056
Cell_852	2	1	NA	2.89540017858509	1.33893843767764
Cell_853	1	1	NA	-5.59764776802816	-3.57603794183591
Cell_854	2	1	NA	3.40375091990824	2.12437200059337
Cell_855	1	1	NA	1.22720608655695	-0.344807597510153
Cell_856	1	1	NA	-6.95252074638388	-3.67646633270461
Cell_857	1	1	NA	-4.87140718585218	-4.54449963854895
Cell_858	2	1	NA	3.8020046573288	3.75982075318634
Cell_859	1	1	NA	0.841840548418062	-0.600210045654024
Cell_860	1	1	NA	-6.99140329348805	-4.53400631520418
Cell_861	3	1	NA	-1.14540703241779	9.24435582334773
Cell_862	1	1	NA	-4.83885934598769	-3.49567587221771
Cell_863	2	1	NA	3.14997898641438	0.257172648961949
Cell_864	2	1	NA	4.17553420598207	1.84853501675698
Cell_865	2	1	NA	4.1639175603357	3.89418895138926
Cell_866	1	1	NA	0.676868932025646	-1.09742177664067
Cell_867	1	1	NA	-3.98863282060811	-4.15933978752229
Cell_868	2	1	NA	3.53795757637542	3.03574864572604
Cell_869	2	1	NA	4.43659405655638	2.51238871699691
Cell_870	1	1	NA	-5.55535472670301	-4.05681261300004
Cell_871	1	1	NA	-0.850907824693663	-1.45529624267594
Cell_872	1	1	NA	-7.2448484975993	-4.08388194154399
Cell_873	1	1	NA	-2.67716261790135	-3.80906265635656
Cell_874	2	1	NA	4.26210237631324	4.61019848236013
Cell_875	2	1	NA	1.24603602052637	-0.165444454149307
Cell_876	1	1	NA	0.419028410758801	-3.29434855542712
Cell_877	1	1	NA	-2.81924353757864	-2.91570152283027
Cell_878	2	1	NA	2.53537705296925	-0.166009007768123
Cell_879	1	1	NA	-6.43683081246316	-4.37710218083676
Cell_880	2	1	NA	3.29161389529239	4.73989568676771
Cell_881	1	1	NA	0.805375563329374	-1.59742131803937
Cell_882	1	1	NA	-6.37112653573946	-3.49416879424406
Cell_883	1	1	NA	-2.28251297180631	-2.23878834741214
Cell_884	1	1	NA	3.84529756229248	-7.80115570884214
Cell_885	2	1	NA	4.12689723849952	3.81813773947587
Cell_886	1	1	NA	-2.76975888426137	-2.40440564812164
Cell_887	1	1	NA	1.1423031422944	-2.56786785158881
Cell_888	3	1	NA	3.23035840872364	6.55603523835255
Cell_889	3	1	NA	-0.435979557718325	9.10648139369632
Cell_890	1	1	NA	-7.68869658038228	-3.79124813987413
Cell_891	1	1	NA	-3.28698222181573	-2.66797065692884
Cell_892	3	1	NA	1.05623033765665	8.6174811198804
Cell_893	2	1	NA	3.62776183898483	3.34593317231548
Cell_894	1	1	NA	-1.87213788965216	-2.35379105949206
Cell_895	3	1	NA	0.831029001988348	8.52557333728545
Cell_896	1	1	NA	1.6978593555387	-3.28460627460848
Cell_897	1	1	NA	-4.69136278050964	-4.29650197028206
Cell_898	1	1	NA	-3.14346528192261	-2.95849352894833
Cell_899	1	1	NA	0.415756970422545	-2.61198025249833
Cell_900	1	1	NA	-3.18161638606945	-2.14792717024165
Cell_901	2	1	NA	3.03434431356799	2.59422789674044
Cell_902	2	1	NA	2.39184982203695	-0.496677372079292
Cell_903	3	1	NA	3.2346997751377	6.11885916764944
Cell_904	3	1	NA	3.35654943485295	5.82275514990078
Cell_905	1	1	NA	-0.265766147914312	-1.82324002768379
Cell_906	2	1	NA	3.5653220797808	0.485057257764096
Cell_907	2	1	NA	4.5769375072146	2.08671276963
Cell_908	2	1	NA	1.5131309341064	-1.10884624340556
Cell_909	3	1	NA	-0.38120782261837	9.11120364377562
Cell_910	1	1	NA	-1.82753454110138	-2.78774517350127
Cell_911	1	1	NA	3.69680489819499	-7.52742548706982
Cell_912	1	1	NA	-1.02557920509135	-2.57988976210382
Cell_913	1	1	NA	-2.59344619148491	-3.24179305485469
Cell_914	1	1	NA	-2.41371843788723	-3.00779004579024
Cell_915	1	1	NA	-1.46603989867171	-2.48495506961244
Cell_916	2	1	NA	3.91283025138792	3.88767948450152
Cell_917	2	1	NA	2.78611944370307	0.442274608461557
Cell_918	1	1	NA	-3.64880803066089	-3.06193648840596
Cell_919	2	1	NA	3.64751234357543	5.45319664632192
Cell_920	1	1	NA	-0.594545232740184	-2.1691937498681
Cell_921	2	1	NA	1.97659576395832	-1.76377122562178
Cell_922	3	1	NA	2.43409236502427	7.47722627737469
Cell_923	3	1	NA	-0.635368458455027	9.1312932659781
Cell_924	2	1	NA	1.96360758082011	-1.81325750059192
Cell_925	3	1	NA	1.19596359978412	8.49492226396471
Cell_926	2	1	NA	3.30703672746446	0.488619495309812
Cell_927	2	1	NA	5.02579074379848	3.76873631894762
Cell_928	2	1	NA	4.12759815455954	4.96136069989723
Cell_929	1	1	NA	0.213680139209866	-0.741993100973444
Cell_930	3	1	NA	2.71989910251858	7.14372768753554
Cell_931	1	1	NA	-2.80424335886407	-2.64689105895423
Cell_932	1	1	NA	-4.76102141306407	-4.0185822285269
Cell_933	3	1	NA	3.36102764359204	6.27740864181408
Cell_934	1	1	NA	-1.86223524616293	-0.0820686791483728
Cell_935	2	1	NA	2.72575136654625	-0.0139141679341863
Cell_936	1	1	NA	-1.20947232405362	-3.83851141546815
Cell_937	2	1	NA	3.87843412708445	1.55834050653581
Cell_938	1	1	NA	-3.52956126266366	-4.01477985823347
Cell_939	2	1	NA	3.67946061428058	2.07955633834739
Cell_940	3	1	NA	2.87544770865889	6.91057131820299
Cell_941	2	1	NA	2.5900159176399	0.463683429429001
Cell_942	1	1	NA	-6.5965127877929	-4.45497234737195
Cell_943	1	1	NA	-7.28629519663304	-3.98796925502178
Cell_944	1	1	NA	-4.03569254348946	-4.22285637708631
Cell_945	1	1	NA	-0.334904965214612	-1.00580155781139
Cell_946	1	1	NA	-2.16984221442627	-3.21785153795759
Cell_947	1	1	NA	-1.56418401469341	-0.705962872153121
Cell_948	1	1	NA	0.17100006541685	-2.84905713249562
Cell_949	1	1	NA	-1.47860167997242	-2.85410095707224
Cell_950	2	1	NA	3.32698573990814	3.50662658125177
Cell_951	1	1	NA	-9.1392210065022	-4.11759745368151
Cell_952	2	1	NA	2.87678243481924	1.27129844667951
Cell_953	1	1	NA	-2.78219845814447	-3.1350005309963
Cell_954	2	1	NA	2.72478129385103	1.10436730219584
Cell_955	1	1	NA	0.46002950535958	-2.09732605218682
Cell_956	1	1	NA	-7.6675791865753	-4.36662835935146
Cell_957	2	1	NA	4.0015004373332	3.67338565405234
Cell_958	1	1	NA	-5.97463091885687	-4.22784966270112
Cell_959	3	1	NA	-1.21601097620779	9.26544951848817
Cell_960	1	1	NA	-3.99334940251372	-2.92122306999692
Cell_961	1	1	NA	-1.57092088177529	-0.717908896320935
Cell_962	2	1	NA	3.61552452150106	2.88938370620692
Cell_963	2	1	NA	3.46062138251848	4.10397471455607
Cell_964	3	1	NA	1.36785038407905	8.61507166346164
Cell_965	1	1	NA	-6.3813101640687	-4.0744673421352
Cell_966	1	1	NA	-0.961992513726291	-2.07118483882387
Cell_967	1	1	NA	-1.08188328903881	-3.01480699286403
Cell_968	2	1	NA	2.58026280308952	0.114198078741582
Cell_969	3	1	NA	2.52968817847852	7.65017829988359
Cell_970	2	1	NA	4.04980128847142	2.93350896132795
Cell_971	1	1	NA	0.135905924718305	-0.353599678710281
Cell_972	1	1	NA	-4.65796414079128	-3.14853576419268
Cell_973	2	1	NA	3.7874588827601	5.28106108968843
Cell_974	2	1	NA	3.95253425038623	2.79445513374523
Cell_975	1	1	NA	-0.096852481558559	-0.804051985775656
Cell_976	2	1	NA	1.8719546248529	-0.382459288119488
Cell_977	1	1	NA	2.64215462181395	-1.9178044483832
Cell_978	1	1	NA	-1.08517139837379	-1.73036986977832
Cell_979	1	1	NA	-5.70586542315017	-3.9129287637859
Cell_980	2	1	NA	3.84991316258097	3.56668934007378
Cell_981	1	1	NA	-2.99230824506961	-2.11646391070876
Cell_982	1	1	NA	-1.59225755817173	-1.29425175542567
Cell_983	2	1	NA	4.30325890408481	4.47705734575644
Cell_984	2	1	NA	2.55687188055672	1.25437313897961
Cell_985	2	1	NA	3.06489933057059	0.8196759973677
Cell_986	1	1	NA	0.218589731908874	-2.82372915981168
Cell_987	2	1	NA	3.79020272013402	0.922108491150099
Cell_988	1	1	NA	-2.36553588477793	-3.1187603769651
Cell_989	2	1	NA	3.52350122204504	4.8918823978404
Cell_990	2	1	NA	1.75911887969578	0.667670039875295
Cell_991	3	1	NA	2.0824247146549	7.77799186078431
Cell_992	1	1	NA	-6.68451217789071	-3.44249670159447
Cell_993	3	1	NA	2.15629613250828	8.06823741191011
Cell_994	2	1	NA	1.38699540313061	-0.0851612874896024
Cell_995	1	1	NA	-5.33165412830519	-4.15394352022522
Cell_996	1	1	NA	-2.26628417316264	-0.678857947785011
Cell_997	1	1	NA	1.3272128945619	-2.77607588909509
Cell_998	2	1	NA	3.36884613185509	5.55291102752539
Cell_999	1	1	NA	-9.02210095967546	-4.03979320442422
Cell_1000	1	1	NA	-1.74389047626773	-0.236336786344051
Cell_1001	1	1	NA	-3.72516548597752	-3.80842695468149
Cell_1002	2	1	NA	3.93346957411713	4.92058950024632
Cell_1003	1	1	NA	-0.229288157535043	-0.677193792456797
Cell_1004	1	1	NA	-6.75825889677742	-3.587901349584
Cell_1005	3	1	NA	0.709160312264381	8.91875242571446
Cell_1006	1	1	NA	2.73363317145095	-2.19919937776847
Cell_1007	2	1	NA	3.97981333388765	3.68372143539942
Cell_1008	1	1	NA	-2.35215089266719	-1.88866452710682
Cell_1009	1	1	NA	-0.895575560787647	-0.535119882994992
Cell_1010	2	1	NA	2.87151716756044	5.47125917822255
Cell_1011	1	1	NA	1.31652753281152	-1.05052120443639
Cell_1012	1	1	NA	-2.81844248036142	-2.80415481293138
Cell_1013	2	1	NA	2.56392518762719	-0.98695928834041
Cell_1014	2	1	NA	1.42373871926072	-0.6805667476786
Cell_1015	3	1	NA	0.990844614855719	8.78094847533965
Cell_1016	1	1	NA	-0.177553896639353	-3.14251600209919
Cell_1017	2	1	NA	3.6540254745254	3.07805607640423
Cell_1018	1	1	NA	-2.86904722848651	-3.34956971804349
Cell_1019	1	1	NA	-5.5369238142351	-4.18895425428861
Cell_1020	1	1	NA	-6.44597091987698	-4.02473889243586
Cell_1021	1	1	NA	0.784846914682042	-0.55164039918624
Cell_1022	2	1	NA	4.45680947665606	3.9063879299969
Cell_1023	1	1	NA	-6.6359434285754	-3.46303819021753
Cell_1024	1	1	NA	-4.78105771743228	-4.53759046727993
Cell_1025	3	1	NA	-1.1285191275405	9.24188856862133
Cell_1026	1	1	NA	-2.62575280954146	-3.73857045314138
Cell_1027	1	1	NA	-2.15400554766731	-0.454892420768695
Cell_1028	1	1	NA	-2.59429426970792	-2.88150865598122
Cell_1029	2	1	NA	4.58109196195135	2.21606612933718
Cell_1030	1	1	NA	-7.43630315765188	-4.13192949709815
Cell_1031	3	1	NA	2.9093587047902	6.63937371599394
Cell_1032	1	1	NA	1.11874930407434	-1.54247138812676
Cell_1033	1	1	NA	-0.85237539361347	-2.461069372361
Cell_1034	2	1	NA	4.56314251027208	2.16548682139537
Cell_1035	1	1	NA	-7.58619360350878	-4.2286658213402
Cell_1036	2	1	NA	2.30828655732221	0.667082775003963
Cell_1037	2	1	NA	3.86134617388521	5.14166477472068
Cell_1038	1	1	NA	-5.14446066967924	-3.71105184894412
Cell_1039	1	1	NA	-1.09184689064454	-2.89912879717453
Cell_1040	2	1	NA	4.19050857630887	3.98729417558999
Cell_1041	1	1	NA	-4.28394551055921	-4.36203897276443
Cell_1042	1	1	NA	1.20494140720677	-0.931054436480202
Cell_1043	2	1	NA	3.94548657175033	4.64667918446573
Cell_1044	1	1	NA	2.19798846431508	-2.73755658931493
Cell_1045	1	1	NA	-3.10105003325422	-2.521022957643
Cell_1046	1	1	NA	0.118889019533341	-1.58683803966438
Cell_1047	1	1	NA	0.492207728166119	-2.89013197191591
Cell_1048	2	1	NA	3.74967861066899	1.65342558346946
Cell_1049	1	1	NA	-4.88978324461245	-2.98933923248072
Cell_1050	1	1	NA	-1.38566699860601	-1.46666861522818
Cell_1051	1	1	NA	-4.31104089686557	-3.42347249460347
Cell_1052	3	1	NA	1.89768136420275	7.55016830541253
Cell_1053	2	1	NA	3.78680687784746	4.20341197740175
Cell_1054	1	1	NA	0.397584132345236	-4.34491729358313
Cell_1055	3	1	NA	3.42741388460272	6.57851489558318
Cell_1056	2	1	NA	3.86326019587391	4.30068536313133
Cell_1057	3	1	NA	1.23089274272606	8.69903370488873
Cell_1058	1	1	NA	-3.4388115837599	-3.23908433326101
Cell_1059	2	1	NA	2.47886961413583	1.18907132935973
Cell_1060	1	1	NA	-2.30991155843611	-3.16012022720577
Cell_1061	2	1	NA	1.65141847758585	0.727779735017917
Cell_1062	1	1	NA	-7.11511219654452	-4.20398504919334
Cell_1063	1	1	NA	1.63254131835343	-3.40104879724345
Cell_1064	3	1	NA	2.95943373342525	6.77727384007134
Cell_1065	1	1	NA	-4.83889649034702	-3.38928228680517
Cell_1066	1	1	NA	-2.41603149093914	-3.46856459526674
Cell_1067	1	1	NA	0.353501583283453	-2.44089907284976
Cell_1068	2	1	NA	2.09826379614828	-0.509739736584315
Cell_1069	2	1	NA	2.64923032708726	-0.757213765255275
Cell_1070	2	1	NA	5.17087292938091	3.49983851592963
Cell_1071	2	1	NA	4.22810007745351	4.32610452901544
Cell_1072	2	1	NA	2.68886398847081	0.127013111811643
Cell_1073	2	1	NA	3.80296235031943	0.859581915655179
Cell_1074	1	1	NA	-1.76480343716707	-0.632203531509295
Cell_1075	1	1	NA	-4.40942883158575	-4.35648543531473
Cell_1076	2	1	NA	3.01508821124358	2.05111798995051
Cell_1077	3	1	NA	-1.64741642951136	9.33106306568846
Cell_1078	3	1	NA	2.01866018185975	7.45882239713061
Cell_1079	1	1	NA	0.497578974190654	-0.830474385948873
Cell_1080	1	1	NA	-0.871225379896482	-2.37509270167058
Cell_1081	1	1	NA	0.624549789160712	-2.61262382331484
Cell_1082	2	1	NA	3.14089836348881	2.19354174774197
Cell_1083	2	1	NA	1.55334301740833	-0.509529237324092
Cell_1084	3	1	NA	2.10381500654171	8.08449919717735
Cell_1085	2	1	NA	4.25137161265966	3.92489419053113
Cell_1086	1	1	NA	-3.39945801553147	-4.19114021294703
Cell_1087	1	1	NA	-1.9917945932364	-0.534781929406493
Cell_1088	2	1	NA	3.79294879585581	4.6550679070483
Cell_1089	1	1	NA	-3.41464391187034	-3.33354273099928
Cell_1090	3	1	NA	0.80893318477875	8.51433342331064
Cell_1091	1	1	NA	0.174026948520039	0.444915585757774
Cell_1092	1	1	NA	-8.00431229671416	-3.80378303466202
Cell_1093	1	1	NA	0.530569183739938	-0.7644560170136
Cell_1094	2	1	NA	3.14799360186216	2.22553001591013
Cell_1095	1	1	NA	-1.18483187459636	-4.41780173796819
Cell_1096	2	1	NA	2.94512803022721	1.58835729903558
Cell_1097	1	1	NA	-0.148815113424098	-0.893396329394628
Cell_1098	3	1	NA	2.61500596975401	7.16646384565148
Cell_1099	1	1	NA	-4.7448267545039	-2.96262106283877
Cell_1100	1	1	NA	-2.98535175727055	-3.85039590754156
Cell_1101	2	1	NA	1.90259375483668	0.96880550341795
Cell_1102	1	1	NA	0.847932620845232	-0.806396740187253
Cell_1103	1	1	NA	0.357215783285774	-0.828694116027438
Cell_1104	2	1	NA	3.77436260762566	1.70568305143208
Cell_1105	2	1	NA	3.74458412434687	1.31889988730916
Cell_1106	3	1	NA	2.81376301355995	7.22019272870679
Cell_1107	3	1	NA	2.37222070885884	7.44996289022118
Cell_1108	3	1	NA	2.72290670134705	7.50889475415474
Cell_1109	1	1	NA	-1.65854829141542	-3.25640837887792
Cell_1110	3	1	NA	2.37459911009275	7.78273103917581
Cell_1111	1	1	NA	1.42271219004894	-2.36031132208972
Cell_1112	2	1	NA	2.86589327044137	1.58819635280942
Cell_1113	1	1	NA	3.98261746109718	-0.104685277130066
Cell_1114	1	1	NA	-8.37221189197232	-4.2693937714212
Cell_1115	1	1	NA	-0.893950610005264	-2.68727927435926
Cell_1116	1	1	NA	1.68947135193224	-3.62037017421253
Cell_1117	1	1	NA	-1.20934390266909	-2.06850900602292
Cell_1118	3	1	NA	0.372393358285384	8.91803246996209
Cell_1119	1	1	NA	2.37029822478508	-3.15299575651091
Cell_1120	1	1	NA	-2.06442662263916	-2.1972012127175
Cell_1121	1	1	NA	-5.14729394295148	-3.90508088929939
Cell_1122	1	1	NA	1.34249263201295	-1.57085488126823
Cell_1123	1	1	NA	-1.71756170976064	-3.37231739050323
Cell_1124	1	1	NA	-3.03684638163383	-2.08719594526717
Cell_1125	1	1	NA	1.25756153834951	-2.20514480750653
Cell_1126	3	1	NA	2.12288639989164	7.93419649909655
Cell_1127	1	1	NA	-7.09359996608444	-3.65918055862411
Cell_1128	2	1	NA	3.65416282580958	5.42430219933562
Cell_1129	1	1	NA	-5.1763888070634	-4.43646981386601
Cell_1130	3	1	NA	3.20875900247758	6.31259819791695
Cell_1131	1	1	NA	0.606740618187122	-2.48078422585951
Cell_1132	2	1	NA	3.43081539757065	2.26101164912166
Cell_1133	3	1	NA	2.06933521436136	7.99383808368589
Cell_1134	1	1	NA	-6.55944102297222	-4.46163895447055
Cell_1135	1	1	NA	-6.52616791695384	-3.95905950656227
Cell_1136	2	1	NA	2.52016608741927	0.274213457407872
Cell_1137	3	1	NA	3.27068794897436	6.32844114192215
Cell_1138	1	1	NA	-8.1731293223493	-3.71569029760125
Cell_1139	1	1	NA	-2.84570704197653	-3.02487967520728
Cell_1140	1	1	NA	0.588966209062274	-3.99272532407403
Cell_1141	1	1	NA	-0.415603058777456	-2.95366791368039
Cell_1142	2	1	NA	3.41437796726605	4.58980900056354
Cell_1143	1	1	NA	-3.67789166707656	-2.87513329872498
Cell_1144	3	1	NA	-1.2828195892296	9.27104644776434
Cell_1145	1	1	NA	0.0106457257177237	-3.33865870227291
Cell_1146	1	1	NA	2.87161705490758	-3.01146178448143
Cell_1147	1	1	NA	-0.567770800374052	-0.951065832130601
Cell_1148	1	1	NA	-1.42255748319953	-3.11610296725954
Cell_1149	2	1	NA	2.87221807433679	-0.570571326934362
Cell_1150	2	1	NA	3.71076780951411	4.59760925499415
Cell_1151	1	1	NA	-1.23057747662855	-1.58981889621684
Cell_1152	2	1	NA	3.71481886021086	3.88123477257859
Cell_1153	2	1	NA	3.66809883374929	3.18520171390742
Cell_1154	1	1	NA	-2.72807336864265	-2.39138278858477
Cell_1155	3	1	NA	2.85177275284945	6.6607503837499
Cell_1156	2	1	NA	3.10847248322348	2.33408847541904
Cell_1157	1	1	NA	-5.80365357539907	-4.46970658452365
Cell_1158	3	1	NA	-0.0629340147285633	9.03431037094633
Cell_1159	1	1	NA	-1.22971121139075	-2.70367009894831
Cell_1160	1	1	NA	1.04161902573807	-0.291701772891433
Cell_1161	2	1	NA	4.07972980842607	3.1947802122988
Cell_1162	2	1	NA	3.33169807331568	2.33674228377371
Cell_1163	2	1	NA	4.31546469660128	5.20836702204001
Cell_1164	1	1	NA	-1.45153700122472	-1.81327032334418
Cell_1165	3	1	NA	2.61207663172314	7.53891762494803
Cell_1166	1	1	NA	-3.45835608331776	-2.94746247794549
Cell_1167	3	1	NA	3.38257630820282	5.68590254854792
Cell_1168	1	1	NA	-1.05310511326787	-2.20961405684628
Cell_1169	3	1	NA	-1.15649353680941	9.25000165799971
Cell_1170	1	1	NA	-2.30958162771204	-2.80788141983953
Cell_1171	2	1	NA	2.04759969627681	-0.185593985807534
Cell_1172	1	1	NA	-1.39190746399542	-4.69689207274532
Cell_1173	1	1	NA	-7.23304417096688	-3.93265053215998
Cell_1174	2	1	NA	2.13687007121807	0.0841262326630488
Cell_1175	2	1	NA	5.04060411404684	3.72909435876081
Cell_1176	1	1	NA	-0.643901800934626	-2.55286108286995
Cell_1177	1	1	NA	1.59005155271098	-1.76163629444009
Cell_1178	2	1	NA	3.59004031671968	3.35236548397331
Cell_1179	1	1	NA	0.286626741696983	-3.0292152262508
Cell_1180	1	1	NA	-4.00648366256061	-2.93365502438742
Cell_1181	2	1	NA	4.00602932675525	3.39855631149241
Cell_1182	1	1	NA	-1.0057316264566	0.492992699287602
Cell_1183	1	1	NA	-6.02221981004269	-4.28868799028258
Cell_1184	3	1	NA	2.68782936669087	6.20915204879272
Cell_1185	1	1	NA	2.61494827060944	-2.42137805394081
Cell_1186	1	1	NA	0.529820798458269	-1.75480107849973
Cell_1187	3	1	NA	2.5695964039443	7.59971657362471
Cell_1188	2	1	NA	3.73223959392981	5.48916099322001
Cell_1189	3	1	NA	2.16960275999164	7.81826696626752
Cell_1190	3	1	NA	0.976344734884624	8.73881794385977
Cell_1191	1	1	NA	2.47823386611104	-3.12296448267535
Cell_1192	1	1	NA	-5.64551125141291	-3.87492341711744
Cell_1193	1	1	NA	2.54600662812406	-2.25256283507434
Cell_1194	2	1	NA	1.65269142544174	-0.342860432050834
Cell_1195	2	1	NA	1.54838104567123	-0.538765234810689
Cell_1196	1	1	NA	-4.73267226794511	-3.22794129026302
Cell_1197	2	1	NA	3.49116075961519	4.08251171053618
Cell_1198	1	1	NA	-2.59530992054684	-2.2108567887118
Cell_1199	1	1	NA	-7.65239931741335	-3.74117452979557
Cell_1200	2	1	NA	2.84966797468797	5.56963361790087
Cell_1201	1	1	NA	2.49261461252114	-2.49030412400541
Cell_1202	2	1	NA	3.51049402450782	2.00892365030539
Cell_1203	1	1	NA	-2.97448789882588	-3.17256735429587
Cell_1204	1	1	NA	-4.75096346226648	-3.84799426891552
Cell_1205	3	1	NA	3.47809831197225	5.92572787399165
Cell_1206	3	1	NA	2.66987349648084	7.57285192314688
Cell_1207	1	1	NA	0.250839996428821	-1.38359261081472
Cell_1208	3	1	NA	3.35885487350621	6.63397852013322
Cell_1209	1	1	NA	-3.06956889048319	-2.13582467549582
Cell_1210	1	1	NA	1.10365518049939	-1.23475350056597
Cell_1211	2	1	NA	3.48870038477013	2.68783343465297
Cell_1212	2	1	NA	3.95616140118798	1.9369161264113
Cell_1213	2	1	NA	2.13368743127578	-0.676723644511198
Cell_1214	2	1	NA	3.97503751976683	1.82786092229693
Cell_1215	1	1	NA	-4.81934962545437	-4.42239088130504
Cell_1216	2	1	NA	1.53439473345663	-1.13034012790204
Cell_1217	1	1	NA	-4.77530787770215	-3.83845552214698
Cell_1218	2	1	NA	3.34470748790232	4.65117889712179
Cell_1219	1	1	NA	-4.48126861079392	-4.18147513268618
Cell_1220	1	1	NA	-2.49535472716077	-2.72269828387249
Cell_1221	2	1	NA	4.2788014097503	4.3794166740006
Cell_1222	1	1	NA	-0.836326576233305	0.692221638526652
Cell_1223	3	1	NA	3.33486460654438	6.0282784726678
Cell_1224	3	1	NA	2.92361546879229	7.02034094366346
Cell_1225	2	1	NA	3.35417433127563	2.25560851647455
Cell_1226	2	1	NA	3.61090979184431	3.1380404023655
Cell_1227	1	1	NA	-7.41458055055674	-4.18345050586774
Cell_1228	2	1	NA	3.88868785433599	3.22562107808575
Cell_1229	3	1	NA	1.10683265464456	8.59790145344163
Cell_1230	1	1	NA	1.1366891211921	-1.07232686855619
Cell_1231	1	1	NA	0.842241617140751	-1.42057473123465
Cell_1232	1	1	NA	0.159437193958534	-0.669164797775767
Cell_1233	2	1	NA	2.2326882417372	0.652151405341215
Cell_1234	1	1	NA	-6.04014569726796	-3.5495643066322
Cell_1235	2	1	NA	3.07285495374466	-0.0767989604395373
Cell_1236	2	1	NA	2.78552247325722	-0.115548133794338
Cell_1237	1	1	NA	-6.18315276817312	-4.40933488758484
Cell_1238	1	1	NA	0.79295527122973	-1.4767452495637
Cell_1239	1	1	NA	-1.17799228712387	-4.16241917866605
Cell_1240	2	1	NA	3.51437957532149	2.35539082960037
Cell_1241	2	1	NA	3.16010388810127	1.88154835385752
Cell_1242	1	1	NA	-5.59033453912899	-4.59210354044646
Cell_1243	1	1	NA	-2.29516302322077	-3.01288569785628
Cell_1244	2	1	NA	3.62041281604299	3.86054660125809
Cell_1245	2	1	NA	3.55593677330552	1.93920949090649
Cell_1246	2	1	NA	2.72568845551145	-0.231137597529144
Cell_1247	1	1	NA	0.759097487004528	-1.25594481361974
Cell_1248	1	1	NA	-0.860282592628532	-1.52808590583265
Cell_1249	2	1	NA	3.7674334509775	1.80106784368527
Cell_1250	3	1	NA	2.79485118373044	7.41454766111525
Cell_1251	1	1	NA	0.390731888361745	-2.38138747803741
Cell_1252	2	1	NA	2.66393818993368	2.24914771479519
Cell_1253	1	1	NA	0.131361980980174	-3.17333462796614
Cell_1254	1	1	NA	-0.623217225777629	-2.64999779764364
Cell_1255	1	1	NA	-1.58237341085959	-2.03640654721577
Cell_1256	1	1	NA	-1.28683788405606	0.342137869819405
Cell_1257	2	1	NA	3.03376443704255	-0.226802577211833
Cell_1258	1	1	NA	1.6449017432465	-2.4110613630718
Cell_1259	2	1	NA	3.80347382966671	4.98159820101139
Cell_1260	3	1	NA	-0.304902478780002	8.96926616329864
Cell_1261	2	1	NA	1.65511428630522	-0.997715312621853
Cell_1262	2	1	NA	3.26580071907857	2.30074277092559
Cell_1263	1	1	NA	-6.85881832779614	-3.68954125820519
Cell_1264	2	1	NA	3.46506575277684	1.3009874871324
Cell_1265	1	1	NA	-5.08958943218902	-3.26571502459247
Cell_1266	1	1	NA	-3.73126915694485	-3.07951456957458
Cell_1267	1	1	NA	-3.88860400010796	-4.28696148444556
Cell_1268	2	1	NA	1.88488188877639	-0.688672515902802
Cell_1269	1	1	NA	-0.411480359199375	-2.88118503020771
Cell_1270	1	1	NA	-4.34121617105953	-3.93973341327649
Cell_1271	1	1	NA	-1.32565744425596	-1.7766883700648
Cell_1272	1	1	NA	-2.07239123041893	-3.19224068500512
Cell_1273	2	1	NA	2.67220175866679	-0.814553539836311
Cell_1274	2	1	NA	3.90429939638375	4.92044992364986
Cell_1275	1	1	NA	-5.48536952249546	-4.27753003084442
Cell_1276	3	1	NA	1.35395936375536	8.48586798222995
Cell_1277	1	1	NA	-2.70032530977577	-2.60845258170833
Cell_1278	1	1	NA	-0.830358338868992	-1.38858201915334
Cell_1279	2	1	NA	2.78628537369831	-0.925556631751121
Cell_1280	2	1	NA	4.18135076341895	2.49159733833492
Cell_1281	1	1	NA	0.632473893862085	-2.52578820453608
Cell_1282	1	1	NA	0.607338792000838	-2.81174130066936
Cell_1283	2	1	NA	3.44183061808637	2.4266799732503
Cell_1284	1	1	NA	-7.18997701549702	-4.44355622305996
Cell_1285	1	1	NA	0.904278723641472	-1.59662029578178
Cell_1286	3	1	NA	3.38179282803812	6.42782407609992
Cell_1287	3	1	NA	2.76409671165429	7.05478444912606
Cell_1288	1	1	NA	-2.47481182783404	-3.80720103185547
Cell_1289	2	1	NA	3.29623128944927	2.97636932575172
Cell_1290	1	1	NA	-7.55640304521644	-4.35324030996226
Cell_1291	1	1	NA	0.583386827631972	-4.23253135563607
Cell_1292	1	1	NA	0.720071338981025	-0.681790416614598
Cell_1293	2	1	NA	2.52571027956958	1.28937653088791
Cell_1294	2	1	NA	2.38462195232147	0.974088491090608
Cell_1295	2	1	NA	3.88136737517162	4.77029788310579
Cell_1296	1	1	NA	-1.3007103414774	-3.00687122162426
Cell_1297	1	1	NA	-4.96106620936864	-3.4098496871642
Cell_1298	3	1	NA	-0.662251125900779	9.15349548420921
Cell_1299	1	1	NA	-0.018717271751336	-2.51618434778279
Cell_1300	1	1	NA	0.327026592203764	-1.74560811162361
Cell_1301	2	1	NA	1.47504707331339	0.776556764977608
Cell_1302	1	1	NA	0.96567959466534	-0.842743715526965
Cell_1303	2	1	NA	2.46680778282871	-0.789817982752733
Cell_1304	1	1	NA	-4.84194905248587	-3.87765302075472
Cell_1305	1	1	NA	-7.8681503674643	-4.43480428604422
Cell_1306	2	1	NA	3.8278344821124	1.40852050685617
Cell_1307	1	1	NA	-5.35540144985792	-4.4565480213368
Cell_1308	1	1	NA	-4.19019183854489	-3.48728443599988
Cell_1309	1	1	NA	-4.79676347521498	-4.56441733742006
Cell_1310	1	1	NA	-0.89527778402402	-0.605641730298435
Cell_1311	3	1	NA	2.98622832082503	7.31622707258357
Cell_1312	2	1	NA	3.03510917683744	-0.629627837287888
Cell_1313	2	1	NA	1.75835068772334	-1.50012336174966
Cell_1314	1	1	NA	-4.86377199987443	-3.84793920147414
Cell_1315	1	1	NA	-5.31846923260042	-3.32661452247815
Cell_1316	1	1	NA	0.909071298673238	-0.544149222305281
Cell_1317	2	1	NA	4.21877183004612	5.44082686416399
Cell_1318	1	1	NA	-2.76369188934623	-2.14886193452207
Cell_1319	3	1	NA	3.06658147827211	6.97389684577932
Cell_1320	2	1	NA	1.99380685191023	0.931523919984419
Cell_1321	3	1	NA	3.96822411791501	5.82398984343114
Cell_1322	1	1	NA	-7.26747224283383	-4.16541789472747
Cell_1323	1	1	NA	-3.80686781738501	-2.96730750176511
Cell_1324	1	1	NA	-1.785311114301	-2.54113011664892
Cell_1325	2	1	NA	3.16556216608236	3.24651136342726
Cell_1326	1	1	NA	4.29607563645654	0.128773707186891
Cell_1327	1	1	NA	2.65676061070268	-2.04976836440837
Cell_1328	1	1	NA	-0.992751646060922	-1.14214447129632
Cell_1329	1	1	NA	-2.49826456658849	-2.55309733430149
Cell_1330	2	1	NA	1.49287995460083	0.127058295580664
Cell_1331	1	1	NA	-0.536720548338742	-2.25373944330179
Cell_1332	2	1	NA	1.57717467229208	-1.47412525889878
Cell_1333	1	1	NA	0.875520291771527	-1.53690691713492
Cell_1334	1	1	NA	-2.31930932966042	-3.64125546002589
Cell_1335	1	1	NA	-9.08931061200798	-3.97346123150549
Cell_1336	1	1	NA	-3.72429585057522	-2.87435897900659
Cell_1337	2	1	NA	2.13900526905033	-0.112274172968409
Cell_1338	2	1	NA	3.77037945314446	3.53155899769725
Cell_1339	1	1	NA	3.78135179247539	-8.04668746411496
Cell_1340	2	1	NA	3.42058771514676	-0.195508648686753
Cell_1341	1	1	NA	-9.11960960594314	-4.00716866504601
Cell_1342	2	1	NA	2.81852241593795	2.36864206949228
Cell_1343	1	1	NA	0.526888456110843	-4.29511317013506
Cell_1344	1	1	NA	-3.43247196093526	-3.75516101973556
Cell_1345	1	1	NA	-3.42113988013061	-4.05426213668554
Cell_1346	1	1	NA	-4.74591688759818	-3.67666975553749
Cell_1347	2	1	NA	3.70987044761969	1.89370998064041
Cell_1348	1	1	NA	-6.18314410961017	-4.10409403687032
Cell_1349	3	1	NA	3.52881739084256	6.11318576644349
Cell_1350	1	1	NA	-2.04556547097982	-3.05596316471826
Cell_1351	1	1	NA	-2.63876275003442	-3.57173469492517
Cell_1352	2	1	NA	3.80956383025084	1.09209125569959
Cell_1353	1	1	NA	-2.39855731582125	-2.66792292840747
Cell_1354	1	1	NA	-6.87998244573464	-3.67516371507805
Cell_1355	2	1	NA	3.308873480824	-0.0354812151085366
Cell_1356	3	1	NA	1.3703950598355	8.49889880799351
Cell_1357	2	1	NA	3.81652981150926	3.3307924744655
Cell_1358	1	1	NA	0.619551092331294	-1.87710301042591
Cell_1359	2	1	NA	4.36296125257419	2.93741989498737
Cell_1360	2	1	NA	4.24233085548115	4.64827978878351
Cell_1361	2	1	NA	3.29983184273878	3.40124691902592
Cell_1362	1	1	NA	0.293192814656096	-1.31999899724642
Cell_1363	3	1	NA	2.399211600905	7.86744887828217
Cell_1364	2	1	NA	3.39123745354171	5.11827596060182
Cell_1365	1	1	NA	-2.05168495024115	-0.88336834729583
Cell_1366	2	1	NA	1.88401956970571	0.69729114364172
Cell_1367	1	1	NA	-4.57581220248174	-3.68056644323021
Cell_1368	2	1	NA	1.5376070814321	0.238523058308482
Cell_1369	1	1	NA	-0.939423373286623	-1.38279326934832
Cell_1370	1	1	NA	-1.7579925545308	-0.530790358472764
Cell_1371	2	1	NA	1.82597019853448	-1.79461795745579
Cell_1372	1	1	NA	1.89956492883556	-2.77721900124603
Cell_1373	1	1	NA	-0.649228844043291	-0.716295169811187
Cell_1374	3	1	NA	2.09060313474628	7.81013960522689
Cell_1375	1	1	NA	-3.46368177263844	-3.15133067221326
Cell_1376	1	1	NA	1.18848020861525	-0.938066401901345
Cell_1377	3	1	NA	2.13503717527055	7.86266697996443
Cell_1378	1	1	NA	-4.69329184022783	-3.23891805175964
Cell_1379	2	1	NA	4.33781743920053	3.99694506514835
Cell_1380	1	1	NA	-4.7390779809925	-3.24490589652331
Cell_1381	3	1	NA	3.43115958749475	5.85424682581365
Cell_1382	1	1	NA	-1.44060767834706	-2.9024158429053
Cell_1383	1	1	NA	-2.25766686612526	-3.24351216140704
Cell_1384	1	1	NA	-4.94895228606265	-3.86178189345206
Cell_1385	1	1	NA	-0.434386382670836	-2.27056464924053
Cell_1386	1	1	NA	-5.59674830694678	-4.62487299181976
Cell_1387	2	1	NA	3.11253673969481	0.217228429691711
Cell_1388	2	1	NA	3.26359314952751	2.8574934053615
Cell_1389	1	1	NA	0.387744289076363	-2.1847714567636
Cell_1390	2	1	NA	3.81002298392548	4.87438368908629
Cell_1391	1	1	NA	0.413716249262793	-4.25954020506156
Cell_1392	3	1	NA	2.70707180247005	6.22406394460562
Cell_1393	3	1	NA	0.603537022167386	8.843265762114
Cell_1394	2	1	NA	4.19622035719342	3.07873576778616
Cell_1395	2	1	NA	3.21821962888743	-0.452469898728261
Cell_1396	2	1	NA	2.78681909452564	0.448178607622377
Cell_1397	2	1	NA	3.70996674003279	0.517461555910907
Cell_1398	1	1	NA	1.36036225921235	-2.35091691823422
Cell_1399	3	1	NA	2.83275816053401	6.88315485533834
Cell_1400	1	1	NA	-5.42801908114702	-4.42246782174195
Cell_1401	1	1	NA	-4.97878761812189	-3.86425582799714
Cell_1402	2	1	NA	3.24959265949677	-0.238050852181212
Cell_1403	1	1	NA	-4.20231267388227	-3.5888642279761
Cell_1404	1	1	NA	-2.6497823025138	-0.814673689457292
Cell_1405	1	1	NA	2.58876632502095	-2.40374118182579
Cell_1406	1	1	NA	-2.19501524877986	-0.568564816950578
Cell_1407	1	1	NA	-1.68811214474229	-3.46476315170298
Cell_1408	1	1	NA	3.80885631890749	-7.93227317818729
Cell_1409	2	1	NA	1.83447847460506	1.10656515105137
Cell_1410	2	1	NA	1.42509282753886	-0.0683568427550192
Cell_1411	2	1	NA	3.0839128939112	0.0966012930494295
Cell_1412	1	1	NA	-1.61601395363991	-4.19454684351006
Cell_1413	2	1	NA	3.4469410194572	1.92094096069134
Cell_1414	1	1	NA	-6.60362374493085	-4.49452907403376
Cell_1415	1	1	NA	1.03334953692672	-0.888830086615436
Cell_1416	1	1	NA	0.259940942073493	-2.35880985101828
Cell_1417	2	1	NA	3.99723406416711	5.10514045861089
Cell_1418	1	1	NA	-4.85572591894129	-4.20116085152261
Cell_1419	2	1	NA	2.75009567443753	1.39273874054131
Cell_1420	3	1	NA	3.15781669230373	6.62604448864985
Cell_1421	2	1	NA	1.6886028249938	1.29171188597014
Cell_1422	1	1	NA	-0.998209175136758	-0.849312687956849
Cell_1423	1	1	NA	-1.22034679360333	-1.21667414699525
Cell_1424	2	1	NA	3.76703091611261	3.71321579265258
Cell_1425	2	1	NA	3.1836557485375	2.66555911822613
Cell_1426	2	1	NA	2.19050614598841	0.440851193684833
Cell_1427	2	1	NA	3.3606611376054	0.543386515605148
Cell_1428	1	1	NA	-0.108104483327452	-1.0019638538696
Cell_1429	1	1	NA	-3.05510860866042	-2.36590801154409
Cell_1430	1	1	NA	-3.89075200678148	-2.82701412942658
Cell_1431	2	1	NA	1.50062784634689	-0.867242281678507
Cell_1432	1	1	NA	1.12276945067222	-3.11845074763156
Cell_1433	1	1	NA	-5.01130510102328	-3.67310502020461
Cell_1434	1	1	NA	-0.986077142974859	0.541001414038947
Cell_1435	2	1	NA	3.20518578783128	0.455910296773601
Cell_1436	2	1	NA	3.53143160466499	4.66741276885864
Cell_1437	2	1	NA	3.39295399731691	2.20245904702022
Cell_1438	2	1	NA	3.14518627585259	0.276663959198462
Cell_1439	1	1	NA	-9.02248158793641	-3.86334989291216
Cell_1440	1	1	NA	-1.00665045262747	0.528881251124755
Cell_1441	3	1	NA	3.14382785349954	7.09716245488986
Cell_1442	3	1	NA	2.46620849426698	7.75637105068999
Cell_1443	1	1	NA	-6.27898485166307	-3.81919149069621
Cell_1444	1	1	NA	-1.38873118081819	-3.47455577115639
Cell_1445	1	1	NA	-3.04148435116451	-2.15793240781643
Cell_1446	1	1	NA	0.360097014678995	-4.16884921120044
Cell_1447	1	1	NA	-0.114326079331811	-0.493018511503738
Cell_1448	3	1	NA	0.0430650208099099	8.86403819947187
Cell_1449	2	1	NA	3.67431794196744	4.70662171112935
Cell_1450	2	1	NA	3.6533571448086	2.34778298958849
Cell_1451	1	1	NA	-4.91046582851024	-3.87969235059292
Cell_1452	2	1	NA	2.93792822887465	2.47913945864702
Cell_1453	2	1	NA	2.91183744651651	0.717672259441656
Cell_1454	1	1	NA	-3.42228459286484	-3.15636021036801
Cell_1455	3	1	NA	0.500998913215033	8.83068995350416
Cell_1456	2	1	NA	1.87761037667813	-0.540178489197438
Cell_1457	1	1	NA	3.7793497648904	-8.0290898756358
Cell_1458	1	1	NA	0.566196499058566	-4.24177501374218
Cell_1459	1	1	NA	-0.295380743391177	-0.857347272055828
Cell_1460	1	1	NA	-3.62749318764041	-2.18355911436166
Cell_1461	2	1	NA	3.65319379317595	5.60876739144524
Cell_1462	1	1	NA	3.79845261981978	-7.74509548508269
Cell_1463	1	1	NA	-3.69846930807751	-3.04232158007139
Cell_1464	1	1	NA	-5.33068348765193	-3.97234241472366
Cell_1465	1	1	NA	-3.50321886429605	-2.48936983658253
Cell_1466	2	1	NA	2.63276513686671	-0.738586271160302
Cell_1467	3	1	NA	0.72328044043441	8.86574137759427
Cell_1468	1	1	NA	-8.7383414413812	-3.67172548649499
Cell_1469	1	1	NA	-3.42041641379833	-3.82424506515583
Cell_1470	2	1	NA	1.72147770967715	-0.909503171874826
Cell_1471	1	1	NA	-5.0333696873137	-3.98206238206022
Cell_1472	2	1	NA	2.41392897148258	0.587687986487273
Cell_1473	2	1	NA	3.81178068586884	3.03596128464212
Cell_1474	1	1	NA	-2.10405947890716	-1.89011301696957
Cell_1475	2	1	NA	2.38726423384544	-0.50289491039733
Cell_1476	2	1	NA	3.41085870246039	1.10543231295273
Cell_1477	1	1	NA	-7.61689531199217	-4.2565458467143
Cell_1478	3	1	NA	2.02515890565621	8.12450826670214
Cell_1479	1	1	NA	-1.8570258258941	-0.069041346896651
Cell_1480	1	1	NA	1.81634826850978	-2.73104593712423
Cell_1481	1	1	NA	-3.05856184765071	-2.08431573668285
Cell_1482	1	1	NA	-0.868022671728004	-1.91867854740702
Cell_1483	3	1	NA	-0.829109384479173	9.16899641944053
Cell_1484	1	1	NA	-4.79312875107744	-3.20535298787068
Cell_1485	1	1	NA	4.25030773182858	0.0685198590802626
Cell_1486	3	1	NA	-1.66462369142203	9.32935135331722
Cell_1487	1	1	NA	-7.16762108817828	-3.76786389045244
Cell_1488	1	1	NA	-1.61739101739325	-3.17956943115502
Cell_1489	1	1	NA	-6.07765038948575	-4.61698053416634
Cell_1490	1	1	NA	0.522317476213203	-1.44960023384174
Cell_1491	1	1	NA	-5.00746152142131	-3.30075088271758
Cell_1492	1	1	NA	-2.23681030935058	-0.699075128223207
Cell_1493	1	1	NA	-2.82784236300753	-2.66538863992715
Cell_1494	1	1	NA	-4.94302277496581	-3.63698671944161
Cell_1495	3	1	NA	3.08784112121418	6.22727371573771
Cell_1496	2	1	NA	3.85620849275249	0.789837613960049
Cell_1497	1	1	NA	-2.04184269503468	-2.54091085554239
Cell_1498	1	1	NA	4.25721617942489	0.0551262056163951
Cell_1499	2	1	NA	3.72467616500182	3.83590692972772
Cell_1500	1	1	NA	-8.83957578006181	-3.69562370896426
Cell_1501	2	1	NA	3.39633916491456	5.00808346295776
Cell_1502	2	1	NA	3.9692705805845	4.5126722156265
Cell_1503	1	1	NA	2.02956776668873	-2.9381805938836
Cell_1504	1	1	NA	-2.62788804641863	-2.85205120715401
Cell_1505	1	1	NA	0.316451469042931	-3.2547601186451
Cell_1506	1	1	NA	-0.962714644824618	-2.61126265476053
Cell_1507	1	1	NA	-0.260164705901766	-1.62810381658422
Cell_1508	3	1	NA	-1.62322910564678	9.33460465489841
Cell_1509	2	1	NA	3.13049323278181	2.40818251381018
Cell_1510	3	1	NA	2.03881741892251	8.03015135213501
Cell_1511	2	1	NA	2.92547179638196	0.00839259782842894
Cell_1512	2	1	NA	3.32312041504409	3.08781712143725
Cell_1513	1	1	NA	0.478369335997232	-1.98645278047967
Cell_1514	2	1	NA	1.51936384847341	0.382110775397846
Cell_1515	3	1	NA	0.0475631030872221	9.00518842985218
Cell_1516	2	1	NA	3.51552703518322	3.64328897309952
Cell_1517	3	1	NA	1.08714089469987	8.69486876709545
Cell_1518	3	1	NA	3.50009556502357	5.67716414023432
Cell_1519	3	1	NA	2.87285112364681	6.67216162142024
Cell_1520	1	1	NA	-7.74086432850361	-4.55699132578866
Cell_1521	1	1	NA	-5.31558742808071	-4.1203924915915
Cell_1522	3	1	NA	2.27763903633502	7.9156215686211
Cell_1523	1	1	NA	0.776576497169164	-1.94545316669091
Cell_1524	2	1	NA	3.11988356434283	2.76847147633027
Cell_1525	1	1	NA	-1.01789049426253	-3.35805787062283
Cell_1526	2	1	NA	2.1155274240268	-1.56137683267686
Cell_1527	1	1	NA	-1.50608018082361	-2.22252611319771
Cell_1528	1	1	NA	0.66048262572548	-1.3710445903476
Cell_1529	1	1	NA	-2.96742738909261	-2.98003193865044
Cell_1530	1	1	NA	-6.79933181858382	-4.08360583480173
Cell_1531	1	1	NA	-3.1704512584081	-3.90386292478709
Cell_1532	2	1	NA	4.60251093728701	2.36376630875212
Cell_1533	1	1	NA	1.21136054643534	-2.01359805135231
Cell_1534	1	1	NA	-2.31984861256703	-3.19787767546572
Cell_1535	2	1	NA	3.84006542580573	4.83945341134775
Cell_1536	1	1	NA	-0.293691177551104	0.110755055452052
Cell_1537	1	1	NA	-9.30045317041995	-4.24573029655159
Cell_1538	2	1	NA	3.25363106004639	0.797150278197703
Cell_1539	1	1	NA	-6.21442992759465	-4.5250540747187
Cell_1540	2	1	NA	4.34129334688152	5.02071051551764
Cell_1541	1	1	NA	-5.27565373918929	-4.00641953869302
Cell_1542	2	1	NA	2.5482600643547	0.326072012830199
Cell_1543	1	1	NA	0.168777467234486	-0.132417737708033
Cell_1544	1	1	NA	-5.58161962773221	-3.3571750402016
Cell_1545	1	1	NA	-2.25811590248208	-0.755753335476849
Cell_1546	1	1	NA	-3.85740034427494	-2.35704328086004
Cell_1547	3	1	NA	3.42477288078574	5.69656479156461
Cell_1548	2	1	NA	4.1274639863837	3.72139128034439
Cell_1549	1	1	NA	-2.31334433340648	-0.648446453718429
Cell_1550	3	1	NA	-1.81887980943873	9.37548261303066
Cell_1551	1	1	NA	-2.42320404829713	-3.88617079897241
Cell_1552	1	1	NA	0.760801050660288	-0.561490017474595
Cell_1553	1	1	NA	-2.6985492269297	-2.66376343685044
Cell_1554	1	1	NA	1.12067292317937	-0.950759446766357
Cell_1555	1	1	NA	-2.35409602211656	-3.65504676493276
Cell_1556	3	1	NA	2.81906776071126	6.67955941694211
Cell_1557	3	1	NA	-0.600797292765508	9.14563140298313
Cell_1558	1	1	NA	1.21767199195466	-0.970854317948554
Cell_1559	1	1	NA	-8.36599247638323	-3.68293689020303
Cell_1560	1	1	NA	-4.74950761449826	-3.01004383603663
Cell_1561	3	1	NA	0.575393491228106	8.9161493854922
Cell_1562	2	1	NA	3.82718423452789	3.78001974188409
Cell_1563	2	1	NA	2.95771146961863	2.2672981472255
Cell_1564	2	1	NA	3.61947513667347	1.31062435914469
Cell_1565	1	1	NA	-6.51099264423381	-4.32030486704338
Cell_1566	1	1	NA	-6.28135104892068	-4.509059840598
Cell_1567	2	1	NA	2.96064600960397	1.02533511046154
Cell_1568	3	1	NA	-1.3443883022755	9.28130731767743
Cell_1569	2	1	NA	3.39924339393701	2.51460074650744
Cell_1570	2	1	NA	3.37353671986801	0.602275924453155
Cell_1571	2	1	NA	4.25019827323355	3.38944979991451
Cell_1572	1	1	NA	-2.69918606195455	-2.8887376540628
Cell_1573	2	1	NA	2.39343842145841	0.301460336074325
Cell_1574	1	1	NA	0.364098645833539	-2.35839372635916
Cell_1575	3	1	NA	2.77860337113366	7.5462304676994
Cell_1576	2	1	NA	3.71035559891061	4.7875043340404
Cell_1577	1	1	NA	-6.34504634173161	-4.12774404951332
Cell_1578	1	1	NA	-5.74217383249325	-4.24773030733769
Cell_1579	1	1	NA	0.504223991847206	-2.44615396784747
Cell_1580	1	1	NA	-1.50930443730017	-0.150005435752017
Cell_1581	1	1	NA	0.527327342802948	-2.55285535373391
Cell_1582	1	1	NA	0.469679649220677	-2.46160926192027
Cell_1583	2	1	NA	3.83562179785454	5.08395225093855
Cell_1584	3	1	NA	2.80466423226795	6.91492966197035
Cell_1585	1	1	NA	-0.873274007895581	-4.71263641212101
Cell_1586	1	1	NA	-2.74041719951613	-3.68806817249706
Cell_1587	2	1	NA	4.24223247977977	4.93539027122299
Cell_1588	2	1	NA	2.01363181487954	-1.34041637929145
Cell_1589	1	1	NA	2.91380202385037	-2.96948579512896
Cell_1590	3	1	NA	0.060476341489242	9.00653649670292
Cell_1591	3	1	NA	2.94830134395447	6.05151039513794
Cell_1592	1	1	NA	-3.78437097546314	-2.8858054152339
Cell_1593	2	1	NA	2.30123455479802	0.286039070479837
Cell_1594	2	1	NA	1.57380655665099	0.179969044160008
Cell_1595	2	1	NA	1.94033047681248	0.319397056515178
Cell_1596	2	1	NA	3.84181488406989	3.79409577676474
Cell_1597	2	1	NA	1.56594590945799	-0.998495514645453
Cell_1598	1	1	NA	-3.80488160327524	-3.39074244854194
Cell_1599	2	1	NA	5.19451062395771	3.49133890133619
Cell_1600	1	1	NA	-0.089055628985004	-2.63804596545662
Cell_1601	1	1	NA	0.25171140842978	0.565667054135351
Cell_1602	2	1	NA	2.09410103424863	0.187339303681994
Cell_1603	1	1	NA	-1.67707006910618	-1.29198216288534
Cell_1604	2	1	NA	3.42433775929148	0.671778292658613
Cell_1605	2	1	NA	3.64794184984798	3.00396302915518
Cell_1606	1	1	NA	-3.92588370264649	-3.20818037001455
Cell_1607	2	1	NA	3.40536509344323	1.85333665972474
Cell_1608	1	1	NA	0.125747540813845	-1.8096819631872
Cell_1609	2	1	NA	3.94506706300657	3.24517728308181
Cell_1610	1	1	NA	0.572264356191293	-1.8715873438658
Cell_1611	2	1	NA	3.7402915184338	4.51506279864141
Cell_1612	1	1	NA	-4.70569991158203	-4.04332085765795
Cell_1613	1	1	NA	-0.918471226905095	-0.97704440392574
Cell_1614	1	1	NA	-8.83379060511279	-4.11146116785801
Cell_1615	2	1	NA	3.50501415425581	1.61646860740147
Cell_1616	1	1	NA	-2.55387620659572	-0.771393308728309
Cell_1617	1	1	NA	-6.44293998199874	-3.98036162126664
Cell_1618	3	1	NA	3.56268281189583	5.88427921235507
Cell_1619	1	1	NA	-1.1077795402613	-4.85697354533863
Cell_1620	1	1	NA	0.698793726455188	-2.55101256717773
Cell_1621	1	1	NA	-8.28820182174937	-3.72871625514564
Cell_1622	1	1	NA	-1.14887223485385	-1.61300867467442
Cell_1623	2	1	NA	3.60417999613763	-0.0752706221979952
Cell_1624	2	1	NA	3.47794668026533	-0.204571700361256
Cell_1625	2	1	NA	3.08679505503682	2.63406115852097
Cell_1626	1	1	NA	-1.23777352389788	-1.63283662178999
Cell_1627	3	1	NA	3.3033535784421	6.46677748692844
Cell_1628	1	1	NA	0.241305225320291	-0.0144226699814979
Cell_1629	3	1	NA	2.70844996435424	7.02397715681559
Cell_1630	1	1	NA	0.955457947119362	-3.1231843621232
Cell_1631	1	1	NA	-4.3467776417177	-4.11036201295452
Cell_1632	2	1	NA	3.90574170000977	3.23151717666023
Cell_1633	2	1	NA	2.96524132496171	0.645931063950842
Cell_1634	2	1	NA	3.36128939465052	4.70372101949242
Cell_1635	1	1	NA	-0.96601277397307	-1.68654517275444
Cell_1636	1	1	NA	1.42359476614721	-1.30476749722757
Cell_1637	1	1	NA	0.365443273382388	-2.57142471855007
Cell_1638	1	1	NA	0.567284036524094	-0.435541067743325
Cell_1639	1	1	NA	2.50213030637256	-3.10559386632436
Cell_1640	1	1	NA	-9.03785969408534	-4.14102672408891
Cell_1641	2	1	NA	2.27773993194601	-0.244346512086444
Cell_1642	2	1	NA	2.88599091395237	2.47141983968417
Cell_1643	2	1	NA	2.04576328941465	-1.01733138832247
Cell_1644	1	1	NA	0.677161789167407	-1.4932605593626
Cell_1645	2	1	NA	1.79124806086401	0.815298198528956
Cell_1646	2	1	NA	3.43325444495521	3.05947519060456
Cell_1647	1	1	NA	-5.38694893034837	-3.69990015685818
Cell_1648	1	1	NA	-0.546398507847924	-3.39805604604011
Cell_1649	1	1	NA	-1.04480303869778	-2.66230201343776
Cell_1650	1	1	NA	-8.33641223294399	-4.29919063738125
Cell_1651	1	1	NA	-6.4489632573845	-3.76362950773599
Cell_1652	1	1	NA	-1.24103371620572	-2.13054075537928
Cell_1653	2	1	NA	2.78332002040655	0.130031449497384
Cell_1654	3	1	NA	2.64790865962798	6.14260572737101
Cell_1655	2	1	NA	3.2891990592557	2.08358376944701
Cell_1656	3	1	NA	1.19138778066766	8.67135412644989
Cell_1657	1	1	NA	0.584300110308837	-0.505642893372687
Cell_1658	2	1	NA	3.95365910070217	1.66508357576092
Cell_1659	1	1	NA	-2.95948710060365	-2.61112334739873
Cell_1660	1	1	NA	0.701941394096347	-2.85996228539444
Cell_1661	1	1	NA	-4.08585884506374	-3.31026292023401
Cell_1662	1	1	NA	-5.11142337572831	-3.80858706319908
Cell_1663	1	1	NA	1.04120589212963	-3.21272523662277
Cell_1664	2	1	NA	1.60837946785689	-1.60220421287713
Cell_1665	1	1	NA	4.23731214808726	0.243009602855492
Cell_1666	1	1	NA	-2.27237349303757	-3.53964758052679
Cell_1667	2	1	NA	3.39897199481833	2.24232115950444
Cell_1668	1	1	NA	-4.64237611926747	-3.20157580370399
Cell_1669	3	1	NA	1.83519139967387	8.1837303919504
Cell_1670	1	1	NA	0.385464611343389	-0.514532440164583
Cell_1671	1	1	NA	0.403453809253827	-2.14783003285806
Cell_1672	1	1	NA	-1.83573703014406	-0.448028890060915
Cell_1673	1	1	NA	-3.06029908910652	-2.8742093070493
Cell_1674	2	1	NA	3.78126258675182	4.01112813425568
Cell_1675	1	1	NA	-2.4961743803725	-2.54768699541252
Cell_1676	3	1	NA	2.60257717234287	7.86168809365774
Cell_1677	1	1	NA	-7.25903948502426	-4.51471701600607
Cell_1678	3	1	NA	3.28538274018492	6.88510652953625
Cell_1679	3	1	NA	3.4283580347716	6.9091643468
Cell_1680	2	1	NA	3.66022450744139	1.58009005453855
Cell_1681	1	1	NA	-2.39024178618022	-2.38767214218469
Cell_1682	1	1	NA	-0.0798711862853723	-1.41347264496496
Cell_1683	3	1	NA	2.37082115320635	7.42962089773004
Cell_1684	1	1	NA	-0.0909622089370123	-2.40339703426346
Cell_1685	1	1	NA	1.34560928796366	-1.5859751294135
Cell_1686	1	1	NA	-0.70740644654171	-1.8423110155382
Cell_1687	1	1	NA	-4.47039044805743	-3.36277172409233
Cell_1688	2	1	NA	3.74221344021314	1.20629053171086
Cell_1689	2	1	NA	3.34509548493517	2.50690543375075
Cell_1690	2	1	NA	4.17014078959359	3.83252188470458
Cell_1691	1	1	NA	-7.11026581671745	-4.11382970940479
Cell_1692	1	1	NA	-2.76502502763473	-2.00742100380657
Cell_1693	1	1	NA	0.648596355768172	-3.01748337093278
Cell_1694	1	1	NA	-2.46416421493578	-3.62756469653134
Cell_1695	3	1	NA	3.59376473097513	6.20994783598627
Cell_1696	1	1	NA	0.498943361183911	-2.4456474176827
Cell_1697	1	1	NA	-0.218635187864942	-2.74933051777605
Cell_1698	1	1	NA	-0.825612709280951	-0.850488190851411
Cell_1699	3	1	NA	2.0084437619746	7.7958611606155
Cell_1700	1	1	NA	-3.05746425274993	-2.97615839946057
Cell_1701	3	1	NA	1.70652216999131	8.12624050744386
Cell_1702	1	1	NA	-1.61806872140288	-3.28212720923723
Cell_1703	1	1	NA	-1.27841990755733	-2.4051011115906
Cell_1704	1	1	NA	1.11387543526622	-2.4281163546131
Cell_1705	1	1	NA	0.571057118767454	-3.15500025187907
Cell_1706	1	1	NA	-4.68169541275385	-3.16889326130156
Cell_1707	2	1	NA	2.00678559118963	1.14756748563264
Cell_1708	1	1	NA	2.63059390282219	-2.35851675917527
Cell_1709	3	1	NA	2.8530282145164	5.96071348646033
Cell_1710	1	1	NA	-4.73528450594271	-4.29995490271366
Cell_1711	2	1	NA	1.7340371673614	-0.919711239392832
Cell_1712	2	1	NA	3.32455926150526	-0.533170270309368
Cell_1713	1	1	NA	1.4606302602158	-1.56357201931855
Cell_1714	2	1	NA	1.91867080857369	1.47556728017034
Cell_1715	3	1	NA	1.07336997271761	8.68905601614782
Cell_1716	1	1	NA	-5.42429090196935	-4.41363873235948
Cell_1717	1	1	NA	-1.72408005178575	-3.195177860599
Cell_1718	2	1	NA	3.27175875975428	0.564886857216682
Cell_1719	2	1	NA	1.46664261786592	-0.474620470081293
Cell_1720	2	1	NA	3.10272803232718	2.07455380396633
Cell_1721	3	1	NA	2.95608159331932	7.01524408078411
Cell_1722	1	1	NA	-2.73227337936849	-3.62875372003662
Cell_1723	3	1	NA	3.14984750872468	5.92679140366287
Cell_1724	2	1	NA	3.1750533923151	1.59107161575907
Cell_1725	2	1	NA	3.41490691328011	3.34985901978051
Cell_1726	3	1	NA	-0.525732508119023	9.04224838408561
Cell_1727	2	1	NA	1.88466565667179	-1.53634777052017
Cell_1728	2	1	NA	2.03420502663913	0.128884101575468
Cell_1729	1	1	NA	-5.61315632595724	-4.04166967305462
Cell_1730	1	1	NA	-6.53571119891281	-3.85564640095486
Cell_1731	1	1	NA	-1.25598448105943	-3.9340186701062
Cell_1732	1	1	NA	-1.87855606939657	-3.46098577554478
Cell_1733	1	1	NA	-0.785711891673698	-1.72787768235648
Cell_1734	2	1	NA	3.44171730052008	0.203210984336983
Cell_1735	2	1	NA	2.39981833135188	0.321555237205309
Cell_1736	1	1	NA	-6.39910430342719	-4.04867666005291
Cell_1737	3	1	NA	-0.524272081429127	9.14030502705747
Cell_1738	1	1	NA	0.569551310332999	-1.43514311029191
Cell_1739	2	1	NA	3.20218851181782	2.35974644451483
Cell_1740	1	1	NA	1.27603002566396	-2.74501832140938
Cell_1741	1	1	NA	-7.06643291264482	-3.70875872642147
Cell_1742	2	1	NA	3.74630970910188	5.44801035813503
Cell_1743	1	1	NA	1.06146607795008	-2.56993578906503
Cell_1744	1	1	NA	-0.490750588179912	-1.92986652897019
Cell_1745	1	1	NA	-2.83152346454239	-2.0079500755254
Cell_1746	2	1	NA	1.88168002552738	-1.12499133700805
Cell_1747	3	1	NA	3.80550474752631	5.74925105583225
Cell_1748	2	1	NA	4.28848483085491	2.92219850861051
Cell_1749	1	1	NA	-6.76247688937759	-3.67151316932757
Cell_1750	2	1	NA	1.31333999723763	0.631131851213199
Cell_1751	1	1	NA	4.20350215200319	0.0293386978400187
Cell_1752	1	1	NA	-4.86484876251933	-4.42897911085187
Cell_1753	3	1	NA	1.67563252015216	8.08305508605203
Cell_1754	1	1	NA	-2.56810338743581	-2.81126953761077
Cell_1755	2	1	NA	3.44613815630035	2.05216004839705
Cell_1756	1	1	NA	0.276641244446739	-1.48278641662463
Cell_1757	1	1	NA	-0.832201811409897	-1.82654510482761
Cell_1758	1	1	NA	-6.06245964686547	-4.59505265824062
Cell_1759	1	1	NA	-1.35644240433157	-1.52407224688308
Cell_1760	1	1	NA	-4.62343414230207	-3.98198901955178
Cell_1761	2	1	NA	3.60677616576252	3.54347323955824
Cell_1762	1	1	NA	-5.27592949026229	-4.33419322218252
Cell_1763	1	1	NA	-9.00502669126656	-4.11697843749115
Cell_1764	1	1	NA	0.294513799466412	-4.47854926156172
Cell_1765	1	1	NA	-0.311552008308241	0.10456457263384
Cell_1766	2	1	NA	2.71426800903382	2.06518846491272
Cell_1767	2	1	NA	2.92325466096935	-0.772531603262817
Cell_1768	1	1	NA	-6.75295527419577	-4.08466226543072
Cell_1769	1	1	NA	0.805242338731624	-3.73399356420851
Cell_1770	2	1	NA	1.70770060744723	1.69787087002795
Cell_1771	2	1	NA	4.35928023934002	2.7538117072875
Cell_1772	1	1	NA	0.591271950831363	-2.64350599629057
Cell_1773	1	1	NA	-8.88941872668284	-3.67544346241574
Cell_1774	1	1	NA	-5.88881419988943	-4.65562483355024
Cell_1775	2	1	NA	4.20901503019088	4.89156744895532
Cell_1776	1	1	NA	-4.58311431663458	-4.30044158747197
Cell_1777	1	1	NA	3.77016284132849	-7.69967129398754
Cell_1778	1	1	NA	-8.39724398380963	-4.31227561001367
Cell_1779	3	1	NA	1.90618997624892	8.15550395278015
Cell_1780	1	1	NA	-6.7415750255405	-3.56836904280784
Cell_1781	1	1	NA	-7.34448155261965	-4.59839802782767
Cell_1782	1	1	NA	0.214673472036875	-0.0508568949010492
Cell_1783	2	1	NA	3.03284092181189	0.355721954242404
Cell_1784	1	1	NA	-5.17547853481977	-3.40267535685375
Cell_1785	1	1	NA	0.656767625543091	-0.232605014247306
Cell_1786	2	1	NA	3.36912256249243	2.70740309637073
Cell_1787	1	1	NA	0.627472355724009	-4.13619485668422
Cell_1788	2	1	NA	3.7756474182589	4.31573406189921
Cell_1789	1	1	NA	-2.45251098716065	-4.07034606617056
Cell_1790	1	1	NA	-2.53728241176882	-0.77486221277646
Cell_1791	2	1	NA	2.52183809522861	0.933880476221207
Cell_1792	1	1	NA	-6.67920556616554	-4.08785359892141
Cell_1793	1	1	NA	2.5309253576211	-2.22250514225477
Cell_1794	2	1	NA	1.52840410714352	0.569811023867392
Cell_1795	2	1	NA	3.99096243201465	1.80977566787485
Cell_1796	1	1	NA	0.363128202326951	-0.761504257016618
Cell_1797	3	1	NA	3.52546754910046	5.7337620939956
Cell_1798	3	1	NA	0.777044325858554	8.75060589393813
Cell_1799	3	1	NA	3.31291378068376	5.79707051098305
Cell_1800	1	1	NA	-0.763779250148517	-2.57656884954782
Cell_1801	2	1	NA	2.0358429863733	0.875866114379797
Cell_1802	1	1	NA	-0.769064706913538	-2.55701275098823
Cell_1803	1	1	NA	0.591444829782178	-0.988406045893886
Cell_1804	1	1	NA	-2.23779081100194	-3.52329391569872
Cell_1805	1	1	NA	1.61989757704214	-2.76851082195255
Cell_1806	1	1	NA	-8.88642880393461	-3.6678862676684
Cell_1807	2	1	NA	2.81899727296975	2.20753118627492
Cell_1808	1	1	NA	-1.41384699517269	-1.97417648294244
Cell_1809	1	1	NA	-3.88830966015523	-2.91613040053611
Cell_1810	2	1	NA	3.53756985484634	5.64577229170286
Cell_1811	2	1	NA	3.05484386814886	-0.826973375542927
Cell_1812	2	1	NA	3.10925775201652	-0.35839969994696
Cell_1813	1	1	NA	-0.740787708336995	-3.42525715058138
Cell_1814	1	1	NA	2.59021876038958	-2.24782620173206
Cell_1815	1	1	NA	3.81048013983018	-7.76976850943703
Cell_1816	1	1	NA	-6.50659787155325	-3.89871803973174
Cell_1817	3	1	NA	1.30504296409805	8.67219305806091
Cell_1818	3	1	NA	2.72397711376722	7.01976642180587
Cell_1819	3	1	NA	-0.453703871878997	9.09311916461774
Cell_1820	2	1	NA	4.29316885526404	3.01963695296877
Cell_1821	2	1	NA	3.578967633238	-0.00545396428179479
Cell_1822	1	1	NA	-8.17082014007758	-3.72498475603551
Cell_1823	3	1	NA	3.36011114233366	5.8244595888936
Cell_1824	1	1	NA	-1.81863515759619	-3.75567170043395
Cell_1825	3	1	NA	3.35231542677238	6.41139173104176
Cell_1826	1	1	NA	-1.64100225290891	-1.91467387465637
Cell_1827	1	1	NA	-1.49298169896663	-3.28044383952026
Cell_1828	1	1	NA	0.680712694145143	-2.18712532292351
Cell_1829	2	1	NA	3.63639296492063	0.886752632507473
Cell_1830	1	1	NA	2.91398535352111	-2.99443596696237
Cell_1831	2	1	NA	3.22731115486905	2.42298698213055
Cell_1832	2	1	NA	3.25507280708631	4.51428483404908
Cell_1833	3	1	NA	2.64811507759134	7.46650730879163
Cell_1834	1	1	NA	-9.05513013687819	-3.98786800294393
Cell_1835	1	1	NA	-0.645386579601627	-2.09623702553776
Cell_1836	2	1	NA	1.5271577617686	-1.1315188980612
Cell_1837	1	1	NA	-4.69504357126058	-4.00814130448877
Cell_1838	2	1	NA	3.4454436476397	-0.188138741089007
Cell_1839	2	1	NA	3.82091257081966	3.77830578937007
Cell_1840	1	1	NA	0.451361605102404	-0.764087878286074
Cell_1841	1	1	NA	-5.21363759806154	-4.37188948115854
Cell_1842	1	1	NA	-2.58072515408701	-0.802946450332842
Cell_1843	1	1	NA	-4.98007950627509	-4.5816322940678
Cell_1844	1	1	NA	-4.95676713240834	-4.1157841944167
Cell_1845	3	1	NA	3.17268329821632	6.81607772203733
Cell_1846	1	1	NA	2.92169655405712	-2.92676164668166
Cell_1847	1	1	NA	3.80463389897172	-7.63474743335796
Cell_1848	2	1	NA	3.64402250947162	3.39137593172164
Cell_1849	2	1	NA	1.62795052555173	0.278768691225311
Cell_1850	3	1	NA	2.39502886066445	7.4798428989656
Cell_1851	1	1	NA	0.979304820488023	-3.24766767582312
Cell_1852	1	1	NA	-1.32580705390974	-3.2172243338267
Cell_1853	3	1	NA	3.23386145216304	6.89185634537015
Cell_1854	1	1	NA	-0.109691996355018	-1.64424150176976
Cell_1855	2	1	NA	3.79064817559883	3.5253313032625
Cell_1856	2	1	NA	2.96269601284744	-0.1769542418867
Cell_1857	1	1	NA	-1.41512814848671	-1.68555174236369
Cell_1858	3	1	NA	-0.477627619197203	9.10578597667236
Cell_1859	3	1	NA	-0.336599733168245	9.0135432369878
Cell_1860	1	1	NA	-2.76203812663818	-3.41922851507927
Cell_1861	1	1	NA	-1.1372957797645	-0.699010531408369
Cell_1862	2	1	NA	4.09576067958197	4.59632036061675
Cell_1863	2	1	NA	3.28209939086919	5.00834932771023
Cell_1864	1	1	NA	1.75680750818002	-1.84442091326149
Cell_1865	2	1	NA	2.84080058378625	-0.247400002195721
Cell_1866	2	1	NA	2.96734554367598	0.858332735533134
Cell_1867	2	1	NA	4.22678881720528	3.85135192014729
Cell_1868	2	1	NA	4.13879122081213	5.58370414210043
Cell_1869	3	1	NA	1.71589866783364	8.33043758623902
Cell_1870	1	1	NA	-4.14740861999293	-2.89217061871926
Cell_1871	1	1	NA	-1.074619062429	-3.14628839873902
Cell_1872	2	1	NA	1.57715801074179	0.813347395789911
Cell_1873	2	1	NA	3.58987259448044	1.82011180077345
Cell_1874	1	1	NA	2.02083824720212	-3.35026635076115
Cell_1875	3	1	NA	-1.82052401283665	9.37478201427987
Cell_1876	3	1	NA	-1.44082751088895	9.28129838460067
Cell_1877	2	1	NA	2.63987876682666	-0.853667816687573
Cell_1878	3	1	NA	0.321024689232478	9.04366995262304
Cell_1879	1	1	NA	-4.92352737974215	-3.82250087129698
Cell_1880	1	1	NA	-3.45140341901399	-2.4767966264351
Cell_1881	1	1	NA	-4.00598827713696	-4.00503415312975
Cell_1882	2	1	NA	3.89594445482279	3.69237338493694
Cell_1883	1	1	NA	-4.74537592710288	-3.93408366636618
Cell_1884	1	1	NA	-1.2597261883944	-4.15620898217578
Cell_1885	2	1	NA	2.34006026642	0.216750716331906
Cell_1886	1	1	NA	0.500425973852405	-0.287261514845798
Cell_1887	1	1	NA	0.345778208212103	-1.48320075511076
Cell_1888	2	1	NA	2.60723564833633	-0.94299547292112
Cell_1889	1	1	NA	-2.2077721721573	-2.47001347497064
Cell_1890	2	1	NA	3.11455593838169	4.65874928576863
Cell_1891	1	1	NA	-4.94890021991682	-3.85208171577901
Cell_1892	2	1	NA	3.58062818199564	0.957819567464819
Cell_1893	1	1	NA	-4.81933708847581	-4.15387134873769
Cell_1894	2	1	NA	3.94450345211574	3.34852747189649
Cell_1895	1	1	NA	1.22876055175649	-1.2606500786964
Cell_1896	3	1	NA	0.95705140246091	8.72356655000981
Cell_1897	1	1	NA	-1.33544125456602	0.295177640290599
Cell_1898	3	1	NA	2.68336043280244	6.96063282002405
Cell_1899	2	1	NA	2.76405385507455	0.30478716104578
Cell_1900	3	1	NA	1.69816832904498	8.23910393609426
Cell_1901	2	1	NA	4.42469740126447	2.88798070215022
Cell_1902	2	1	NA	3.77201381674895	0.845836968571383
Cell_1903	1	1	NA	3.74564382724048	-7.57916510812422
Cell_1904	1	1	NA	-4.84719687389045	-4.30454269438274
Cell_1905	2	1	NA	3.55468596438281	4.8045550636233
Cell_1906	1	1	NA	-1.04291497243165	0.489905659403544
Cell_1907	1	1	NA	-0.605192264249524	-3.26313319859144
Cell_1908	2	1	NA	2.40230989822575	-0.323630352012494
Cell_1909	2	1	NA	3.75659210761307	1.73385002194845
Cell_1910	1	1	NA	-3.40854578380284	-2.72764970048685
Cell_1911	1	1	NA	-0.314205422384883	-0.965566808490667
Cell_1912	3	1	NA	0.883481637172661	8.63397642012037
Cell_1913	1	1	NA	-2.88621768790952	-2.60782895289337
Cell_1914	1	1	NA	-0.914190852390203	-1.16831552850203
Cell_1915	1	1	NA	0.389449478577604	-3.68143931380312
Cell_1916	1	1	NA	-7.09102507921706	-4.57308030636882
Cell_1917	1	1	NA	-2.12230728952701	-0.758390533431535
Cell_1918	2	1	NA	1.78977600778511	-1.63148715366115
Cell_1919	1	1	NA	1.23227778222177	-2.46912407901486
Cell_1920	1	1	NA	0.576509712171312	-2.50492186074472
Cell_1921	1	1	NA	-0.90379894515306	-2.59781719550658
Cell_1922	1	1	NA	-4.64381915170405	-4.32247270780997
Cell_1923	1	1	NA	-2.59116653888533	-3.75521931252495
Cell_1924	1	1	NA	-2.09322378145498	-3.52322095187224
Cell_1925	1	1	NA	-4.04107502312365	-2.807543258184
Cell_1926	1	1	NA	0.36841390353363	-0.905754065262582
Cell_1927	1	1	NA	-1.30233442102152	-4.95939256864502
Cell_1928	1	1	NA	-1.70380692721309	-3.69308056218995
Cell_1929	1	1	NA	0.557203921116253	-1.56040473562783
Cell_1930	2	1	NA	3.42400161021157	1.64185020937841
Cell_1931	2	1	NA	2.80438446224875	0.812779138053922
Cell_1932	1	1	NA	0.147460928496273	-0.86668398233436
Cell_1933	3	1	NA	2.32560370017995	7.74050320056565
Cell_1934	1	1	NA	-3.96607695995483	-2.89393343162947
Cell_1935	2	1	NA	4.00086487246629	0.777624214607407
Cell_1936	2	1	NA	3.77811304587046	2.31798774700294
Cell_1937	1	1	NA	-0.597738753854007	-2.13991571257884
Cell_1938	2	1	NA	3.48081560341407	3.22575275979455
Cell_1939	2	1	NA	3.44508706529891	4.8351351360389
Cell_1940	3	1	NA	2.94511421509561	5.99103546669741
Cell_1941	1	1	NA	-1.46153904354318	-2.76574348665593
Cell_1942	1	1	NA	-5.58747148008537	-3.77063839813467
Cell_1943	2	1	NA	3.48324016462966	1.70263452239559
Cell_1944	3	1	NA	3.43893819513691	5.87539903124166
Cell_1945	3	1	NA	1.389426933508	8.69464116096269
Cell_1946	1	1	NA	0.269519357037836	-0.710697188826292
Cell_1947	2	1	NA	1.58891677757795	-1.17206779064609
Cell_1948	1	1	NA	-0.646363672413325	-2.40964020820881
Cell_1949	3	1	NA	0.643482430677806	8.86561309836845
Cell_1950	1	1	NA	-6.34977471444594	-3.74141587685787
Cell_1951	1	1	NA	-1.01844342094447	-4.64983251322374
Cell_1952	1	1	NA	-0.958290164032205	-4.75018714712048
Cell_1953	1	1	NA	-1.05962179325297	0.491267219927718
Cell_1954	2	1	NA	3.24981955155493	2.72129526916789
Cell_1955	3	1	NA	3.78669260300527	6.14780821794352
Cell_1956	2	1	NA	2.9940619971058	0.161981069295515
Cell_1957	2	1	NA	3.40045257220125	4.72743676776934
Cell_1958	2	1	NA	3.89478256717816	0.473852002256277
Cell_1959	3	1	NA	2.82307211295233	6.2121273224769
Cell_1960	3	1	NA	0.914993885313832	8.77404364727131
Cell_1961	1	1	NA	-5.04305381118208	-3.97362770794491
Cell_1962	2	1	NA	3.51400880532313	4.74758537845473
Cell_1963	3	1	NA	3.28376313383302	6.39161119826373
Cell_1964	2	1	NA	1.93030304037454	-0.35634572271949
Cell_1965	1	1	NA	-3.18002100435549	-2.40258333278438
Cell_1966	1	1	NA	1.40149135384998	-3.11603997412796
Cell_1967	2	1	NA	3.68545126327057	4.4738777866499
Cell_1968	1	1	NA	-3.35514177626462	-3.28934295560144
Cell_1969	1	1	NA	-0.989310346874461	0.534268418267565
Cell_1970	1	1	NA	0.98101125149224	-2.86195468226985
Cell_1971	1	1	NA	-1.29617608636056	-4.08675783541506
Cell_1972	2	1	NA	2.24781731279796	1.05920526330865
Cell_1973	3	1	NA	2.95143149302112	6.58637785420207
Cell_1974	2	1	NA	3.56054293909653	1.80582126808017
Cell_1975	1	1	NA	-0.389084569208526	-1.07094927729883
Cell_1976	1	1	NA	-3.14562293256428	-2.64430070233745
Cell_1977	1	1	NA	-2.35512969486017	-2.72527527826352
Cell_1978	1	1	NA	-4.77120885454779	-3.76398160569383
Cell_1979	1	1	NA	-0.0191629399700199	-0.61079649396186
Cell_1980	1	1	NA	-0.55897485641652	-1.64154335148394
Cell_1981	1	1	NA	0.843797570777264	-1.7042398577556
Cell_1982	3	1	NA	-1.43953051700466	9.28611419972805
Cell_1983	1	1	NA	2.31192163639192	-2.64893147587259
Cell_1984	2	1	NA	3.91660565100172	3.47848024488011
Cell_1985	2	1	NA	3.10017983077786	0.229147296368299
Cell_1986	1	1	NA	-3.45334147914642	-3.08626433346558
Cell_1987	3	1	NA	3.92019620140926	5.94586292675282
Cell_1988	2	1	NA	2.65911054879762	-1.11165309886191
Cell_1989	1	1	NA	1.04151048061114	-1.50353009215122
Cell_1990	1	1	NA	-2.1660653879182	-0.719623331858544
Cell_1991	3	1	NA	-0.501957258562294	9.08805760039012
Cell_1992	2	1	NA	3.87291916442965	4.3382762288444
Cell_1993	1	1	NA	0.766360119247659	-3.96092207679808
Cell_1994	1	1	NA	0.358709495226485	-1.03952376063296
Cell_1995	3	1	NA	2.28058614107353	7.02005756731498
Cell_1996	2	1	NA	4.31132268124972	4.89594987788825
Cell_1997	1	1	NA	-9.19474992827861	-4.21453330536954
Cell_1998	1	1	NA	-1.50484927063948	-4.79779011311059
Cell_1999	1	1	NA	-4.31487705119412	-4.37736465060506
Cell_2000	2	1	NA	2.94673286497043	1.39595137451844
Cell_2001	2	1	NA	3.6322710793586	5.59569956226787
Cell_2002	1	1	NA	-5.17781270507926	-3.87049289431007
Cell_2003	2	1	NA	3.63619491577368	0.636736611826946
Cell_2004	1	1	NA	-0.0121352661445828	-0.67570076493262
Cell_2005	2	1	NA	4.32142204631953	4.46577459347041
Cell_2006	2	1	NA	3.36627293587075	2.3013962237659
Cell_2007	1	1	NA	0.540000787898051	-3.12999662939942
Cell_2008	1	1	NA	0.0627010019283514	-2.31408922235925
Cell_2009	2	1	NA	3.87810009539003	2.72871617591675
Cell_2010	1	1	NA	0.533560136327892	-1.03811632352146
Cell_2011	2	1	NA	3.9693679090018	4.82408408143047
Cell_2012	2	1	NA	2.17928615451494	0.91392131555243
Cell_2013	1	1	NA	-2.82616149139371	-3.22119086449357
Cell_2014	1	1	NA	-7.59730351832948	-4.5696927759417
Cell_2015	1	1	NA	-5.10868964243713	-3.71753345377424
Cell_2016	1	1	NA	-1.12896228106347	-3.93078448640713
Cell_2017	1	1	NA	0.558862726051194	-3.3266039338867
Cell_2018	1	1	NA	0.575105502037953	-0.517834777364826
Cell_2019	3	1	NA	2.14393247366797	8.00760448839168
Cell_2020	2	1	NA	3.17152763698565	3.54150405371958
Cell_2021	2	1	NA	3.52927826513252	0.40173183450792
Cell_2022	1	1	NA	-0.893536681339673	-1.44586566837944
Cell_2023	2	1	NA	1.89329614822886	-1.51929241439342
Cell_2024	1	1	NA	-6.98483308910934	-4.00810204799171
Cell_2025	2	1	NA	2.85912137331785	-0.350499937459912
Cell_2026	3	1	NA	3.03465338859964	6.81053946262893
Cell_2027	2	1	NA	4.04042184493411	1.85957710544188
Cell_2028	1	1	NA	-0.426536970483065	-1.95586755407002
Cell_2029	2	1	NA	4.31408216218795	4.31111632475322
Cell_2030	1	1	NA	0.167865920556532	-2.98413991124423
Cell_2031	1	1	NA	0.313969049842633	-1.69775067057801
Cell_2032	2	1	NA	2.98860095814096	1.38726125453647
Cell_2033	2	1	NA	3.38087995496336	5.1971666340701
Cell_2034	2	1	NA	1.95497404015677	-0.60283057457758
Cell_2035	2	1	NA	2.6186719853703	-0.558785613292067
Cell_2036	1	1	NA	-1.48743505043223	-4.30645563519417
Cell_2037	2	1	NA	2.11020614105605	-0.830123635262596
Cell_2038	1	1	NA	1.61105531477206	-1.74063769472524
Cell_2039	3	1	NA	1.01684191216516	8.80186118515742
Cell_2040	2	1	NA	4.03050621200648	2.18462876816874
Cell_2041	1	1	NA	0.522164919191587	-3.30917876534843
Cell_2042	2	1	NA	2.73112142362369	1.24703973689852
Cell_2043	1	1	NA	0.472904923565302	-3.08332891063849
Cell_2044	3	1	NA	1.65947095777347	8.41192026864207
Cell_2045	3	1	NA	0.00914205245019661	8.94633679619852
Cell_2046	1	1	NA	-4.96441919849699	-4.58576596600173
Cell_2047	1	1	NA	-0.272875621878291	-3.17511864770525
Cell_2048	2	1	NA	2.17879386869666	-0.805852238998679
Cell_2049	2	1	NA	3.81274604537456	0.434645961186031
Cell_2050	1	1	NA	-6.16276606814157	-3.91769868032535
Cell_2051	3	1	NA	3.20309823159539	6.66962881377379
Cell_2052	1	1	NA	-0.103989891880587	-3.23282045249069
Cell_2053	1	1	NA	0.398682143849912	-4.36537254556244
Cell_2054	1	1	NA	-1.65858870351499	-0.902006902037212
Cell_2055	1	1	NA	-3.38614493310732	-2.5301529543173
Cell_2056	1	1	NA	-0.145264246671861	-2.26815277045466
Cell_2057	1	1	NA	-9.04727819807252	-3.95848972335547
Cell_2058	1	1	NA	0.196183155204753	0.535221330643209
Cell_2059	2	1	NA	2.26908047167748	-0.254610598335696
Cell_2060	3	1	NA	2.73418469627518	6.25643660022835
Cell_2061	3	1	NA	0.935439696948677	8.78900483271366
Cell_2062	1	1	NA	-7.98224276957748	-4.47912644784002
Cell_2063	1	1	NA	-8.23601912369646	-3.70044951964957
Cell_2064	3	1	NA	3.28615847569461	5.97962278400926
Cell_2065	2	1	NA	3.30133711988809	1.29555979165505
Cell_2066	1	1	NA	-2.34739313215096	-2.54055828066141
Cell_2067	1	1	NA	0.926578385950482	-0.657746215443753
Cell_2068	1	1	NA	-7.50611782143382	-4.20063159328563
Cell_2069	1	1	NA	0.879657761906074	-1.20531844561316
Cell_2070	2	1	NA	3.62665606146677	3.32525998220014
Cell_2071	1	1	NA	1.28587947473007	-1.19479971392098
Cell_2072	1	1	NA	1.22624864253941	-2.38975691809393
Cell_2073	2	1	NA	2.56271210945273	0.456203793516263
Cell_2074	1	1	NA	3.81497450602139	-7.55997035406431
Cell_2075	1	1	NA	-1.41862847655706	-1.73027894043215
Cell_2076	1	1	NA	-9.06473349970822	-4.03451041198936
Cell_2077	1	1	NA	-2.03839284357552	-1.73209821985853
Cell_2078	2	1	NA	2.02414374843943	0.455470447023829
Cell_2079	2	1	NA	1.59680895867384	1.3963866824547
Cell_2080	1	1	NA	-5.64564459240247	-3.7778842368207
Cell_2081	2	1	NA	2.39305909346519	0.0575273425626499
Cell_2082	1	1	NA	-7.05791398634004	-3.69981054377942
Cell_2083	3	1	NA	2.66823056251991	7.28286264523054
Cell_2084	3	1	NA	1.92971051948028	8.18441136424538
Cell_2085	1	1	NA	-8.79408214567083	-3.82597981612259
Cell_2086	1	1	NA	-4.26872151457253	-2.53309958563004
Cell_2087	3	1	NA	-0.37221784910647	9.07832970506585
Cell_2088	1	1	NA	0.413512760783402	-1.52900748251216
Cell_2089	1	1	NA	-5.05386954003822	-3.90392163060561
Cell_2090	1	1	NA	-1.86838484222028	-2.17261587027633
Cell_2091	1	1	NA	-1.14825092307853	0.289405320354814
Cell_2092	2	1	NA	3.73117219683875	3.33981297645018
Cell_2093	1	1	NA	-1.64710143626112	-4.36503349493325
Cell_2094	3	1	NA	0.251607626792282	8.95962165829388
Cell_2095	2	1	NA	1.78959120001627	-1.39459163469154
Cell_2096	2	1	NA	4.27123975026099	4.34100455701525
Cell_2097	1	1	NA	-4.14182278779823	-4.23151424689516
Cell_2098	1	1	NA	-3.9768506666362	-3.63963166047709
Cell_2099	2	1	NA	3.59443512205735	2.58636843359517
Cell_2100	2	1	NA	3.44689608323818	4.80799841632018
Cell_2101	1	1	NA	-0.164716411982379	-2.39821226599555
Cell_2102	2	1	NA	3.9470490066507	3.67666604194388
Cell_2103	3	1	NA	0.939451805008705	8.60438494477673
Cell_2104	1	1	NA	0.855144493313018	-0.866721022540969
Cell_2105	1	1	NA	0.188258933726614	-0.144118529457655
Cell_2106	1	1	NA	-0.780211193984711	-2.7400302445817
Cell_2107	2	1	NA	1.58878609736019	-1.03870364021915
Cell_2108	1	1	NA	0.424476761243265	-0.561879556017408
Cell_2109	1	1	NA	-0.965790756225334	-3.91656414796224
Cell_2110	1	1	NA	-3.47861575833827	-3.34234464277584
Cell_2111	1	1	NA	0.877476634160011	-1.16818838582256
Cell_2112	1	1	NA	-0.75727407584643	-1.7923031233671
Cell_2113	2	1	NA	3.68915334595951	0.900605722018347
Cell_2114	2	1	NA	3.81003175060786	3.49388999429597
Cell_2115	2	1	NA	4.05468914586223	3.95870859971911
Cell_2116	1	1	NA	-2.21843744820251	-2.61274060976234
Cell_2117	3	1	NA	3.12841664006867	6.42296833601615
Cell_2118	2	1	NA	3.30508395505834	0.652278017290136
Cell_2119	1	1	NA	-7.26770437202933	-4.18737106943733
Cell_2120	1	1	NA	-0.25642596076044	-2.83585584734225
Cell_2121	1	1	NA	-6.13596673451149	-4.2034241744684
Cell_2122	3	1	NA	3.1986490901749	6.45116463737046
Cell_2123	2	1	NA	1.31748226277943	-0.118550543411051
Cell_2124	1	1	NA	1.08922614244265	-2.06892123092848
Cell_2125	1	1	NA	0.714120981910116	-0.193538868526256
Cell_2126	1	1	NA	0.33271089240103	-1.36026706743621
Cell_2127	1	1	NA	-2.6443761655056	-2.88539628469279
Cell_2128	2	1	NA	3.10653387749577	-0.459688292827712
Cell_2129	3	1	NA	3.15614429554013	6.79572759624216
Cell_2130	1	1	NA	-4.77068847649893	-4.58343846819406
Cell_2131	2	1	NA	2.80592649843208	-1.02649488655771
Cell_2132	2	1	NA	2.64424340833558	-1.13859334088744
Cell_2133	2	1	NA	3.95429145195714	3.34236324032391
Cell_2134	1	1	NA	-5.33188594794485	-3.60234735085161
Cell_2135	1	1	NA	-4.23727041909693	-3.97502295829753
Cell_2136	3	1	NA	-1.84015989241082	9.37732152161655
Cell_2137	3	1	NA	2.18778778417304	7.80570185132676
Cell_2138	1	1	NA	-2.40686057288507	-2.10499466023505
Cell_2139	1	1	NA	-1.41008881156157	-1.34328474967568
Cell_2140	2	1	NA	3.76160288787795	3.80785753639499
Cell_2141	2	1	NA	2.99951020377393	-0.506531672056633
Cell_2142	3	1	NA	3.43414624651202	6.4115787742439
Cell_2143	1	1	NA	-5.19693562622129	-3.56038453588823
Cell_2144	2	1	NA	4.29377731307905	3.21772982967835
Cell_2145	2	1	NA	2.64055507398471	-0.752055460768306
Cell_2146	1	1	NA	-3.25489955021747	-3.09756075596036
Cell_2147	1	1	NA	-2.7560617509061	-3.3422369897904
Cell_2148	1	1	NA	-2.51207396364658	-3.61749097371245
Cell_2149	2	1	NA	4.07211559665454	3.10969885291001
Cell_2150	1	1	NA	3.79270168398908	-7.91323591788907
Cell_2151	3	1	NA	3.6247285597518	6.48963617767387
Cell_2152	1	1	NA	-1.95078244961113	-3.53755925342408
Cell_2153	2	1	NA	1.90910264918134	-1.7353800342462
Cell_2154	2	1	NA	3.70996438073735	1.66064238775444
Cell_2155	1	1	NA	-5.41767782254632	-4.20311035093875
Cell_2156	2	1	NA	1.9974404455795	1.48375922247551
Cell_2157	2	1	NA	2.39736600448646	-0.109864972402701
Cell_2158	2	1	NA	3.96817252496978	1.96508215914569
Cell_2159	1	1	NA	-3.3340220899177	-2.33742636761771
Cell_2160	2	1	NA	1.20870317272039	0.108208526164896
Cell_2161	1	1	NA	-8.3532488785448	-3.70184901322047
Cell_2162	1	1	NA	1.42696501957096	-2.03686977240146
Cell_2163	1	1	NA	-3.25795391904268	-2.69305028432006
Cell_2164	1	1	NA	0.866934120622059	-0.531588580336588
Cell_2165	1	1	NA	-4.88294622651109	-3.78117098694302
Cell_2166	1	1	NA	-0.428908400934623	-0.832098077829366
Cell_2167	1	1	NA	0.469636353179952	-2.32719612968999
Cell_2168	1	1	NA	0.416256643551185	-4.39437222069519
Cell_2169	1	1	NA	-1.34215874920273	-3.71850576174914
Cell_2170	3	1	NA	2.28378217295519	7.69201419947322
Cell_2171	2	1	NA	4.14501718708988	4.24992826130371
Cell_2172	3	1	NA	2.8908864401121	6.85421722575219
Cell_2173	2	1	NA	2.35714616910885	0.304069980854131
Cell_2174	1	1	NA	3.82570560978983	-7.80322700728415
Cell_2175	2	1	NA	3.78383802297418	4.70611550200069
Cell_2176	3	1	NA	2.17709991329859	7.99234862303405
Cell_2177	1	1	NA	-6.58590628789955	-3.9118905528502
Cell_2178	1	1	NA	2.28007879394122	-2.67332297403343
Cell_2179	2	1	NA	2.67518260658928	-0.288118422968001
Cell_2180	1	1	NA	-0.886334656579282	-2.20544456858638
Cell_2181	3	1	NA	2.70745994396481	7.20266811476412
Cell_2182	2	1	NA	3.66601644416118	5.50064170152678
Cell_2183	3	1	NA	3.28956363811616	6.06291445489184
Cell_2184	1	1	NA	-0.959920041407793	-1.18812660412995
Cell_2185	3	1	NA	1.92517666796256	8.09113927081733
Cell_2186	2	1	NA	2.16699100091646	-1.68123129166918
Cell_2187	1	1	NA	-1.26656151797856	-1.71197028371853
Cell_2188	1	1	NA	-0.97492518880164	-2.06177035151405
Cell_2189	1	1	NA	-7.34920636846904	-4.22080808946808
Cell_2190	1	1	NA	-3.65352465067904	-2.87561533896882
Cell_2191	1	1	NA	-1.37416588897458	-1.47323516159373
Cell_2192	2	1	NA	4.25163204282015	3.84628333795773
Cell_2193	2	1	NA	4.51362212056891	3.26578137222446
Cell_2194	3	1	NA	3.14167484593444	6.01733366833393
Cell_2195	3	1	NA	0.639412303897853	8.84139526795223
Cell_2196	1	1	NA	-4.92670538857929	-3.42255452124525
Cell_2197	3	1	NA	0.926059524159339	8.78751472183696
Cell_2198	2	1	NA	3.64808112879407	0.587928651564771
Cell_2199	1	1	NA	-1.11774055846173	0.389369442412711
Cell_2200	1	1	NA	-5.82409308040571	-4.26149141183645
Cell_2201	1	1	NA	-1.20576429808433	-3.50750377978265
Cell_2202	3	1	NA	1.47822213338504	8.54023481155631
Cell_2203	1	1	NA	1.3438471432274	-1.14672763758555
Cell_2204	1	1	NA	-4.73371892661927	-3.59288059521154
Cell_2205	1	1	NA	-2.02113285621026	-0.491399049254701
Cell_2206	2	1	NA	2.20798810331999	0.794270928223716
Cell_2207	2	1	NA	4.41956005049012	4.13352017093704
Cell_2208	1	1	NA	-3.78831120942103	-3.09340662890836
Cell_2209	1	1	NA	1.87987575936421	-2.20068523677174
Cell_2210	1	1	NA	-5.41212370971126	-3.81694665159792
Cell_2211	2	1	NA	1.63778488326664	-1.58665608319746
Cell_2212	1	1	NA	-4.09099411528812	-4.25315906069695
Cell_2213	1	1	NA	-0.836986440935742	-0.903357541595299
Cell_2214	1	1	NA	-4.48334523600925	-4.45220819498182
Cell_2215	1	1	NA	1.1326275008346	-0.737105508585182
Cell_2216	1	1	NA	-1.24529514784566	-2.87765748215225
Cell_2217	2	1	NA	3.82383432674996	1.76267702051842
Cell_2218	3	1	NA	2.75424130986612	7.16948030338727
Cell_2219	1	1	NA	2.20139240345177	-2.67091525935603
Cell_2220	1	1	NA	-4.08279528948499	-4.36080866267292
Cell_2221	2	1	NA	3.58538351211975	5.18366510343094
Cell_2222	2	1	NA	2.57396083618851	0.540603818077746
Cell_2223	3	1	NA	0.642343878209498	8.87342509941247
Cell_2224	1	1	NA	-1.69642560111189	-0.4206051706122
Cell_2225	1	1	NA	-2.27613049112432	-0.634684290233845
Cell_2226	1	1	NA	-4.28598244211307	-3.26016997068634
Cell_2227	2	1	NA	4.36919473117116	1.73684426582384
Cell_2228	1	1	NA	-0.00977970785571025	0.0857071939052859
Cell_2229	2	1	NA	3.46242194277805	1.26481104928124
Cell_2230	3	1	NA	4.06486122050767	5.74498084221696
Cell_2231	1	1	NA	1.2358327797503	-0.753119395421898
Cell_2232	2	1	NA	2.52212098565716	-0.522979411116569
Cell_2233	1	1	NA	-0.558264117856187	-3.55995584238458
Cell_2234	1	1	NA	-6.22023859048951	-4.57540874153293
Cell_2235	2	1	NA	3.3806297691686	1.73825617630367
Cell_2236	1	1	NA	1.36339942357479	-1.71467115571048
Cell_2237	3	1	NA	3.16269653853008	6.85421289771294
Cell_2238	1	1	NA	-6.97828474203615	-4.11493986873312
Cell_2239	1	1	NA	-1.59900246532803	-2.46129639045199
Cell_2240	2	1	NA	3.43454204543498	-0.163923586175639
Cell_2241	1	1	NA	-8.58493430770786	-3.83618207984507
Cell_2242	2	1	NA	3.2590955986139	-0.154764475449876
Cell_2243	2	1	NA	3.13743548047651	5.24466336839848
Cell_2244	3	1	NA	2.97490399223518	5.73081542726097
Cell_2245	2	1	NA	2.33614436895164	0.217199176171523
Cell_2246	3	1	NA	1.69008322323163	8.23294166646367
Cell_2247	1	1	NA	-5.08598550628018	-3.52364066965442
Cell_2248	1	1	NA	-4.3982875310286	-3.03900678618818
Cell_2249	2	1	NA	3.51880503900171	3.67029706489973
Cell_2250	3	1	NA	2.73791823295746	7.10061994715245
Cell_2251	2	1	NA	2.78012915225705	-1.06053202317646
Cell_2252	1	1	NA	-2.17059226852366	-4.2416304668229
Cell_2253	1	1	NA	-5.75630132360643	-4.38250286294857
Cell_2254	1	1	NA	1.31966026305076	-1.34281336445848
Cell_2255	2	1	NA	5.1923129827653	3.4876423393735
Cell_2256	1	1	NA	-6.54246690502511	-3.61539085889264
Cell_2257	1	1	NA	0.7312246397201	-2.32158867421175
Cell_2258	1	1	NA	-5.77249115949892	-3.53364649575719
Cell_2259	1	1	NA	-3.9188018793787	-2.29927346508657
Cell_2260	1	1	NA	2.77928852649778	-1.71058951443208
Cell_2261	2	1	NA	1.96692195677546	-0.703524128972846
Cell_2262	2	1	NA	3.88370607061259	2.50221220222113
Cell_2263	1	1	NA	0.289650385626868	-0.488613793640627
Cell_2264	1	1	NA	1.37032494801175	-1.92365341504895
Cell_2265	1	1	NA	0.967045544017656	-3.80840868013494
Cell_2266	3	1	NA	0.547860115336563	8.77671966910509
Cell_2267	1	1	NA	0.693715779704392	-1.75334935614895
Cell_2268	1	1	NA	0.654736340916456	-3.13906730519862
Cell_2269	1	1	NA	-1.70398723227191	-0.743000876308649
Cell_2270	1	1	NA	-0.801888854150015	-2.4091858108632
Cell_2271	3	1	NA	-0.456448639429067	9.10058916515759
Cell_2272	2	1	NA	2.65448780171385	1.46278250530257
Cell_2273	2	1	NA	3.60227979999846	4.88753231487495
Cell_2274	2	1	NA	3.0349764714439	1.7828369812324
Cell_2275	3	1	NA	1.42172326730505	8.57333090195917
Cell_2276	1	1	NA	-1.90341942869603	-1.09847338349979
Cell_2277	2	1	NA	3.41330666668807	2.21955155637251
Cell_2278	1	1	NA	-6.70496412436371	-4.51730526477422
Cell_2279	1	1	NA	-1.19298858452672	-2.95029790739124
Cell_2280	1	1	NA	-4.73306914908746	-4.09872349320996
Cell_2281	1	1	NA	0.737216724923526	-2.39476133274264
Cell_2282	3	1	NA	3.5076601789435	6.46618830467733
Cell_2283	3	1	NA	3.05774266676416	6.11606460224848
Cell_2284	1	1	NA	-2.55954942318892	-3.23437429389795
Cell_2285	1	1	NA	-6.15326514349263	-3.7327182883797
Cell_2286	2	1	NA	2.44256221140882	-0.409271506192564
Cell_2287	2	1	NA	2.09434821169714	0.158658398863066
Cell_2288	3	1	NA	3.30215822229616	6.96009740906433
Cell_2289	1	1	NA	2.4872329695983	-2.49254834651746
Cell_2290	2	1	NA	1.68319316808484	0.505965791571714
Cell_2291	1	1	NA	-1.64886723621424	-4.02445996890143
Cell_2292	1	1	NA	1.25647120200544	-1.62123879416915
Cell_2293	1	1	NA	-2.55580883108728	-4.04722954613343
Cell_2294	1	1	NA	-1.3513234515551	-3.59458580243541
Cell_2295	3	1	NA	3.78098934967129	6.27204617559363
Cell_2296	3	1	NA	1.94227722634902	8.02424826122706
Cell_2297	1	1	NA	-5.53687868758138	-3.96738767860731
Cell_2298	1	1	NA	1.38159170674102	-1.39961079587426
Cell_2299	1	1	NA	-1.61997951847308	-2.1140278657553
Cell_2300	1	1	NA	-6.34795176456492	-4.4306898603074
Cell_2301	2	1	NA	2.59636950243524	-0.177455222464522
Cell_2302	1	1	NA	-5.06247544832736	-3.95283781888595
Cell_2303	1	1	NA	2.91870136433853	-2.97713615529631
Cell_2304	1	1	NA	-3.38615396833434	-3.88291833309528
Cell_2305	1	1	NA	0.436039813670493	-2.54928352797848
Cell_2306	2	1	NA	2.83637282502779	-0.758145900955405
Cell_2307	1	1	NA	-3.63481423035704	-3.05515158067976
Cell_2308	1	1	NA	-1.2885517447563	-1.9889172265022
Cell_2309	1	1	NA	-1.23607777936701	-1.86309038621891
Cell_2310	3	1	NA	0.54742087276584	8.88566017270972
Cell_2311	1	1	NA	-1.92035158030026	-3.35968595266923
Cell_2312	2	1	NA	1.2605750715593	-0.243434634200803
Cell_2313	1	1	NA	1.44603383036132	-1.46491422738896
Cell_2314	1	1	NA	1.64230351693341	-3.74683052260748
Cell_2315	1	1	NA	-0.986194551565927	-4.73525681107902
Cell_2316	1	1	NA	-2.38047282025101	-2.76601759487563
Cell_2317	1	1	NA	1.42430963304446	-2.33501946715274
Cell_2318	1	1	NA	-2.20823150457066	-0.633058475196073
Cell_2319	2	1	NA	3.54327279052703	0.819539798380231
Cell_2320	3	1	NA	0.950192696811839	8.81007245547845
Cell_2321	1	1	NA	-5.10964324956345	-3.33231943270955
Cell_2322	1	1	NA	-8.50172399013664	-3.71541422517426
Cell_2323	3	1	NA	3.35302151631181	6.03549121626949
Cell_2324	1	1	NA	-2.61668927318598	-3.06838667972912
Cell_2325	2	1	NA	3.48085886105291	4.49593765855679
Cell_2326	3	1	NA	2.76610418470466	7.03432927207468
Cell_2327	1	1	NA	3.84206791222545	-7.81486098626345
Cell_2328	1	1	NA	1.34600231051314	-1.12342893825218
Cell_2329	1	1	NA	-6.87407797366127	-3.72601039092525
Cell_2330	1	1	NA	-2.66377114515649	-3.51952478394484
Cell_2331	1	1	NA	-1.90778305794729	-0.0677637233053058
Cell_2332	2	1	NA	2.75241566939782	0.427024837539876
Cell_2333	1	1	NA	0.920042258517079	-1.54687559523734
Cell_2334	1	1	NA	-2.20027719646147	-4.03923918568436
Cell_2335	1	1	NA	-0.930471534171178	-1.07375402374469
Cell_2336	1	1	NA	-2.2415902948229	-3.69900317368857
Cell_2337	2	1	NA	3.51572871148027	0.138834038408217
Cell_2338	1	1	NA	-4.00823454185692	-3.49144786755911
Cell_2339	1	1	NA	0.419059736187495	-4.35319454791758
Cell_2340	1	1	NA	-4.19811650855994	-4.32727066833545
Cell_2341	1	1	NA	-5.60868899825168	-4.28473463018622
Cell_2342	1	1	NA	-0.494060138382945	-1.39826849233052
Cell_2343	1	1	NA	1.60455624805245	-2.61403567426619
Cell_2344	1	1	NA	-4.01238797988793	-2.36970034806482
Cell_2345	1	1	NA	-1.92651179073236	-3.96219551717045
Cell_2346	1	1	NA	-7.25120960000601	-4.09711417418163
Cell_2347	1	1	NA	1.40112668434403	-1.2831954791139
Cell_2348	2	1	NA	3.48806245996169	4.70804097184878
Cell_2349	1	1	NA	-2.34641323038787	-3.7120244786501
Cell_2350	3	1	NA	1.53513479335364	8.06819089837973
Cell_2351	3	1	NA	-1.12481867724046	9.25032673662059
Cell_2352	2	1	NA	3.49311689690668	4.77025683210262
Cell_2353	2	1	NA	3.58125383425425	1.55186937564184
Cell_2354	1	1	NA	-3.10536912231416	-3.98143346603669
Cell_2355	2	1	NA	3.97467172056522	4.57500942016535
Cell_2356	2	1	NA	3.89865506918145	2.25699870895099
Cell_2357	1	1	NA	-9.12125031213715	-3.95707699002808
Cell_2358	2	1	NA	3.81272399783608	3.45885112406127
Cell_2359	2	1	NA	3.97137038145107	4.48678341999753
Cell_2360	1	1	NA	-7.67821326504766	-3.99590433493534
Cell_2361	2	1	NA	3.73085931210779	0.772947854175656
Cell_2362	1	1	NA	0.455781207328378	-1.41085855412258
Cell_2363	1	1	NA	-2.57255728400819	-3.83107118034387
Cell_2364	1	1	NA	-4.02406249515949	-3.04423505819785
Cell_2365	1	1	NA	-5.77588880349281	-4.5560631729963
Cell_2366	3	1	NA	2.81646446612667	5.65754303817573
Cell_2367	1	1	NA	0.875899302095976	-0.41614221221038
Cell_2368	1	1	NA	-6.14799606707474	-4.54776728479057
Cell_2369	1	1	NA	-3.43216035638206	-2.89318446300393
Cell_2370	2	1	NA	2.82522512004047	2.48771805510367
Cell_2371	1	1	NA	-5.59677037139462	-4.62389496670778
Cell_2372	1	1	NA	-0.361734099222326	-2.89813485025001
Cell_2373	2	1	NA	2.1267876438569	-1.17665341137254
Cell_2374	1	1	NA	-4.04069111353477	-4.2353900232191
Cell_2375	1	1	NA	-7.42355299170748	-4.24699646852791
Cell_2376	1	1	NA	0.927160181879275	-1.52268864207755
Cell_2377	3	1	NA	2.20084177432438	7.82651358281523
Cell_2378	1	1	NA	-1.41951938013259	-1.87918055375387
Cell_2379	3	1	NA	2.30003274444227	7.61926719599018
Cell_2380	2	1	NA	2.77264564519288	-0.605435183244218
Cell_2381	2	1	NA	2.77732970252989	0.148937644112658
Cell_2382	2	1	NA	2.78471907030379	2.14058956052895
Cell_2383	2	1	NA	2.68235869721939	2.50286379580985
Cell_2384	2	1	NA	1.73983555871002	-0.0464353309577369
Cell_2385	2	1	NA	3.72402279980002	3.62771003934977
Cell_2386	1	1	NA	-1.09619758320209	-1.34023054609164
Cell_2387	1	1	NA	-0.24665929500804	0.136229929515698
Cell_2388	1	1	NA	-1.98694177441471	-3.01826073696978
Cell_2389	3	1	NA	4.0167888316613	5.88517956443748
Cell_2390	1	1	NA	-3.79632186517843	-2.77871170316558
Cell_2391	2	1	NA	2.79651256916916	-0.0548093152012711
Cell_2392	2	1	NA	3.60570619250559	2.84493707069034
Cell_2393	2	1	NA	3.40398366406082	4.44763104091541
Cell_2394	1	1	NA	0.605631229641178	-4.22728839300306
Cell_2395	1	1	NA	-6.3732675546605	-4.43436526215805
Cell_2396	1	1	NA	-4.11141334147968	-3.93886857768187
Cell_2397	2	1	NA	2.39584357315374	0.130542113526974
Cell_2398	1	1	NA	-3.5062564151888	-3.05680121168863
Cell_2399	2	1	NA	2.58393921943787	2.18049048749845
Cell_2400	1	1	NA	-1.41651867720669	-3.36708400235396
Cell_2401	1	1	NA	-3.14207590463386	-2.01089488994937
Cell_2402	1	1	NA	-8.43693926025857	-3.67694532353068
Cell_2403	3	1	NA	2.06872903891967	7.29023087644705
Cell_2404	1	1	NA	-6.31713504332724	-4.45382764368091
Cell_2405	2	1	NA	3.54710848785547	-0.132052880197126
Cell_2406	1	1	NA	-2.82275612153522	-3.22355370512644
Cell_2407	1	1	NA	1.30492978116618	-1.71470375169322
Cell_2408	2	1	NA	3.48976157383635	1.14764344413068
Cell_2409	1	1	NA	-1.48948268567685	-4.66285421811084
Cell_2410	2	1	NA	3.98361784514973	4.57350677227554
Cell_2411	3	1	NA	2.63640153499582	7.24124789500216
Cell_2412	1	1	NA	-1.19094020751242	-2.3520794326299
Cell_2413	2	1	NA	1.82870547831847	-0.150207334335878
Cell_2414	2	1	NA	3.4882999540443	4.72661881552297
Cell_2415	2	1	NA	4.48677963585736	4.28619191605192
Cell_2416	1	1	NA	-3.00383757247108	-2.03046827351185
Cell_2417	1	1	NA	-4.08871219063501	-4.09926866811163
Cell_2418	1	1	NA	-4.44489464381548	-3.1186186655552
Cell_2419	1	1	NA	0.651903832979942	-2.50756642367808
Cell_2420	1	1	NA	-5.5929161678948	-4.13065432520424
Cell_2421	1	1	NA	1.27413803601454	-1.29703023507493
Cell_2422	1	1	NA	0.644060654769893	-1.46644831218889
Cell_2423	1	1	NA	-2.20009619699787	-2.60581849901894
Cell_2424	1	1	NA	-1.14495605984126	-1.89977881633497
Cell_2425	2	1	NA	4.4602477002584	4.34737555042859
Cell_2426	1	1	NA	-2.73185358863995	-3.10587904249016
Cell_2427	2	1	NA	2.82959934119759	1.27279415625033
Cell_2428	2	1	NA	3.11728601718258	-0.545312386737307
Cell_2429	1	1	NA	-5.4004350662566	-4.57714568766062
Cell_2430	2	1	NA	3.53286332391871	1.42080602656365
Cell_2431	2	1	NA	2.28197377122033	1.16392600032605
Cell_2432	1	1	NA	-5.29707885850881	-3.99664156250034
Cell_2433	1	1	NA	-1.84735722259891	-3.24472391693435
Cell_2434	1	1	NA	-1.91614626370829	-1.78529373097266
Cell_2435	1	1	NA	-0.255142062111938	-1.53543441634721
Cell_2436	2	1	NA	2.61326188197423	2.31519512484922
Cell_2437	1	1	NA	0.933231047062486	-1.11444852860582
Cell_2438	2	1	NA	2.68354339021889	-0.565398045585447
Cell_2439	3	1	NA	-0.389341172817721	9.12624410481367
Cell_2440	1	1	NA	2.2124378373316	-3.30095390731231
Cell_2441	1	1	NA	-1.40063342782776	-1.6688105662065
Cell_2442	1	1	NA	-3.86346904308044	-3.77894061790338
Cell_2443	1	1	NA	-3.0609388381976	-3.03153257605624
Cell_2444	1	1	NA	-2.44795059455082	-3.38450185060691
Cell_2445	1	1	NA	-2.22640410634805	-0.723451435465922
Cell_2446	1	1	NA	-8.19359041127466	-4.28358130320189
Cell_2447	2	1	NA	3.51607039565981	3.62487019205696
Cell_2448	2	1	NA	3.97490123856438	4.51272707440861
Cell_2449	2	1	NA	2.0294657994472	-0.0340993293835056
Cell_2450	1	1	NA	3.78852489853216	-7.65455115025072
Cell_2451	1	1	NA	-7.58221514095698	-4.27279854169739
Cell_2452	1	1	NA	-0.871087841377157	-0.46993449235903
Cell_2453	1	1	NA	-4.09723582876133	-4.20687035433468
Cell_2454	2	1	NA	3.95149177309809	1.35609511046475
Cell_2455	2	1	NA	2.71415926518966	0.513702260936538
Cell_2456	3	1	NA	0.130016393194414	8.9197505969508
Cell_2457	2	1	NA	2.15205623314428	0.341646857089148
Cell_2458	1	1	NA	-4.76101267210102	-4.55051934494186
Cell_2459	1	1	NA	-3.08704997230418	-3.70233161056845
Cell_2460	1	1	NA	-5.04104389401115	-4.12059022129768
Cell_2461	1	1	NA	-2.54793683550126	-3.80542358862096
Cell_2462	1	1	NA	-1.35422915232095	-3.89031972729605
Cell_2463	1	1	NA	-3.54402836868781	-3.12838440117158
Cell_2464	3	1	NA	3.57953092751116	6.17057510379917
Cell_2465	2	1	NA	3.02717203993057	0.475421659483603
Cell_2466	1	1	NA	-2.0542596329772	-2.98203143598519
Cell_2467	2	1	NA	3.43294258573414	2.96416477488761
Cell_2468	1	1	NA	-2.57591536247912	-0.790010116588472
Cell_2469	1	1	NA	-1.52336334464371	-3.506286878222
Cell_2470	1	1	NA	-2.44491944531311	-0.803580148560383
Cell_2471	1	1	NA	-1.6352096876931	-3.33428906484893
Cell_2472	1	1	NA	-3.92881990339579	-2.97414637850018
Cell_2473	1	1	NA	-2.48521351452847	-3.17861360008145
Cell_2474	1	1	NA	0.313793885726191	-3.41087732754983
Cell_2475	2	1	NA	3.63613302672849	1.61683837682299
Cell_2476	1	1	NA	-6.62564894221109	-3.54863566775267
Cell_2477	1	1	NA	-6.39924422874984	-4.34452045297156
Cell_2478	1	1	NA	-1.53873318351447	-1.88766150074982
Cell_2479	1	1	NA	-2.78158691336614	-4.2832105420506
Cell_2480	2	1	NA	3.89856884736237	3.81331794796997
Cell_2481	3	1	NA	2.54241419325101	7.36971159875649
Cell_2482	1	1	NA	0.622715782129756	-4.09975589572623
Cell_2483	2	1	NA	2.41386487744093	0.491667978434237
Cell_2484	2	1	NA	5.04430125601224	3.80338740140967
Cell_2485	1	1	NA	-9.07849024770937	-3.95769143048242
Cell_2486	1	1	NA	0.560636948259156	-0.782389961470035
Cell_2487	1	1	NA	-1.34255417144085	-4.17324689148879
Cell_2488	2	1	NA	3.89540575262352	3.34915725378246
Cell_2489	2	1	NA	2.87372641942728	1.02339792487227
Cell_2490	1	1	NA	0.940110929147405	-0.128201013707902
Cell_2491	1	1	NA	-0.859946199205409	-2.45238515479233
Cell_2492	1	1	NA	0.30385904782876	-1.94596744679066
Cell_2493	3	1	NA	2.6153960222499	7.75362003056905
Cell_2494	1	1	NA	0.225042768667124	-0.14161806215309
Cell_2495	1	1	NA	-0.294751898476425	-0.703872092691795
Cell_2496	2	1	NA	3.75523202963103	1.82312851597593
Cell_2497	2	1	NA	2.00777749794306	0.89413885145801
Cell_2498	1	1	NA	1.4530093700868	-1.69624688040022
Cell_2499	2	1	NA	3.31371830086032	2.2217463356359
Cell_2500	2	1	NA	2.80995608769444	-0.385469445524363
Cell_2501	1	1	NA	-0.356575391442805	-1.0960593037603
Cell_2502	3	1	NA	2.2670278508834	7.93520164968773
Cell_2503	3	1	NA	0.695909261297833	8.81004934248918
Cell_2504	1	1	NA	-0.394555118793135	-2.52189897796231
Cell_2505	1	1	NA	-5.32461592162441	-3.27959358790429
Cell_2506	2	1	NA	3.15579839452249	2.54245745106884
Cell_2507	1	1	NA	-2.09271337456848	-1.20789186978831
Cell_2508	1	1	NA	-4.68530234538633	-4.2113406517119
Cell_2509	1	1	NA	-0.544295004414097	-0.616749560624495
Cell_2510	2	1	NA	3.44498701385175	4.58625483102006
Cell_2511	1	1	NA	-1.70349190978169	-0.963647962746986
Cell_2512	2	1	NA	2.87776303307661	0.784582235424474
Cell_2513	1	1	NA	-1.91273715912256	-0.828041556590532
Cell_2514	1	1	NA	1.61991011895593	-3.46896219134759
Cell_2515	1	1	NA	0.47887827658467	-1.44260434610766
Cell_2516	1	1	NA	-7.05348711555869	-4.08296375968064
Cell_2517	3	1	NA	2.52363864425995	7.52951336622111
Cell_2518	1	1	NA	-1.95056549252784	-3.78088694658201
Cell_2519	1	1	NA	-0.955790651662333	-2.02639667105308
Cell_2520	2	1	NA	2.14703107911099	-0.65100489943144
Cell_2521	1	1	NA	0.536824936632615	-1.7747774361456
Cell_2522	1	1	NA	-2.15991703199681	-1.21647576086341
Cell_2523	1	1	NA	-1.0166645913294	-2.63484897940474
Cell_2524	1	1	NA	-0.558329842025427	-1.52366018302666
Cell_2525	1	1	NA	3.78560602191166	-7.93886688241194
Cell_2526	1	1	NA	0.243281211981597	-2.45630476364645
Cell_2527	1	1	NA	-7.310529902698	-4.1195632338114
Cell_2528	1	1	NA	-3.55458131017975	-3.07454968492497
Cell_2529	2	1	NA	2.41226617606562	-1.58314145097679
Cell_2530	1	1	NA	-1.23034379841934	-2.9524832155818
Cell_2531	2	1	NA	3.50992863950891	3.84322408730881
Cell_2532	2	1	NA	1.92192689189039	1.38201752664488
Cell_2533	1	1	NA	1.3420679858214	-1.19831564861793
Cell_2534	2	1	NA	2.39733994210812	0.636509471946667
Cell_2535	1	1	NA	-0.855682069319845	-2.35643901734903
Cell_2536	1	1	NA	-1.13944206771766	-2.90073906603046
Cell_2537	1	1	NA	-1.93004359225828	-2.09056752027266
Cell_2538	1	1	NA	0.681353771596872	-0.332510920472528
Cell_2539	2	1	NA	1.82494904490435	0.323990779794047
Cell_2540	2	1	NA	2.88562554537677	2.49687755516035
Cell_2541	3	1	NA	3.02069452296412	6.27753250060533
Cell_2542	3	1	NA	3.43921529323196	5.75538270101905
Cell_2543	1	1	NA	-6.70548746691902	-4.2325463291797
Cell_2544	1	1	NA	-3.73628979048478	-2.59325323261899
Cell_2545	2	1	NA	2.34578202575916	0.149867620150367
Cell_2546	1	1	NA	-0.164733194126457	0.172132162498973
Cell_2547	1	1	NA	-2.25600137204112	-2.5108762659406
Cell_2548	1	1	NA	1.6047347265151	-2.72690859864736
Cell_2549	3	1	NA	2.45407786431072	7.88556382165438
Cell_2550	3	1	NA	0.411596679047482	8.8784331716059
Cell_2551	1	1	NA	0.323930141181307	-2.30327950311024
Cell_2552	2	1	NA	4.26566147774013	4.49793351922712
Cell_2553	1	1	NA	-4.70150776317406	-4.25933821314152
Cell_2554	1	1	NA	1.39714052350682	-2.91521471740993
Cell_2555	3	1	NA	-1.45087819431829	9.32057840531719
Cell_2556	2	1	NA	3.98716047118039	3.00410792388996
Cell_2557	1	1	NA	0.989002955273127	-3.39168873214558
Cell_2558	1	1	NA	-2.55283863313855	-0.730921421247063
Cell_2559	2	1	NA	3.91933315706241	2.65237254320002
Cell_2560	2	1	NA	3.55073687281027	3.97202969309463
Cell_2561	2	1	NA	3.39877457656807	2.30005157352591
Cell_2562	1	1	NA	2.45758679140955	-3.18657328174664
Cell_2563	1	1	NA	-1.06956336398737	-1.55975726488104
Cell_2564	1	1	NA	-5.36717275893822	-4.41490662986698
Cell_2565	2	1	NA	4.16312141159639	3.69562871793686
Cell_2566	1	1	NA	-0.79193791604179	-2.63734808092921
Cell_2567	1	1	NA	-2.92088415529457	-3.25325973888051
Cell_2568	3	1	NA	0.549571066069666	8.7342205965077
Cell_2569	3	1	NA	-0.430902811778908	9.1065152582322
Cell_2570	1	1	NA	-0.547806576272699	-1.36020542579533
Cell_2571	2	1	NA	1.83910878768667	0.783181290818514
Cell_2572	1	1	NA	0.0454949224275867	-1.62833033908892
Cell_2573	1	1	NA	0.313688040474256	-0.39023991462239
Cell_2574	2	1	NA	2.05640284679882	-1.59036817853475
Cell_2575	1	1	NA	-1.93670485919978	-0.0435342754849
Cell_2576	1	1	NA	-6.04362684335594	-4.23611258208933
Cell_2577	1	1	NA	-1.64641851165831	-2.58339717712395
Cell_2578	3	1	NA	2.98399859991458	6.01455247738813
Cell_2579	1	1	NA	-6.16177005992579	-3.52689534229018
Cell_2580	2	1	NA	3.49228266228869	4.19850478023191
Cell_2581	2	1	NA	1.59756617843651	-0.456909104090667
Cell_2582	1	1	NA	-1.72526900648356	-2.07769523700303
Cell_2583	3	1	NA	2.6744665629574	5.68385539276551
Cell_2584	1	1	NA	0.768104975100051	-1.69623946806855
Cell_2585	1	1	NA	0.504054656844083	-3.817175339523
Cell_2586	1	1	NA	-2.71479572985161	-3.13139828234607
Cell_2587	1	1	NA	-4.5897431463175	-3.49069192225164
Cell_2588	1	1	NA	0.319391597903592	-0.688152717741294
Cell_2589	1	1	NA	-5.4211554433329	-3.66447581355267
Cell_2590	2	1	NA	3.60584204678725	3.51271965941636
Cell_2591	1	1	NA	-7.20018773261737	-3.68599088513079
Cell_2592	2	1	NA	4.0636209221535	3.65280850604169
Cell_2593	2	1	NA	2.23568171908555	-1.47474442097829
Cell_2594	1	1	NA	0.626007830832968	-0.670597997654259
Cell_2595	2	1	NA	4.35488780995743	3.12300579721261
Cell_2596	2	1	NA	1.58290580677039	-1.26394922410446
Cell_2597	2	1	NA	3.35534527070254	4.39847571155039
Cell_2598	2	1	NA	3.57096427817475	4.25286756011082
Cell_2599	1	1	NA	0.86402157876958	-2.95081220778009
Cell_2600	2	1	NA	4.42594214801052	4.58836975513649
Cell_2601	2	1	NA	5.16968256789646	3.56271256555678
Cell_2602	1	1	NA	1.86968919158514	-3.37932355345443
Cell_2603	1	1	NA	-7.75793817539111	-4.52781586772998
Cell_2604	1	1	NA	-0.139687825068709	0.171902628686883
Cell_2605	1	1	NA	-3.69385505628953	-2.57565646390808
Cell_2606	2	1	NA	3.56347382450718	1.56694959823001
Cell_2607	1	1	NA	-1.22610689645114	-4.15716632793854
Cell_2608	3	1	NA	-0.550208278013974	9.11812400975696
Cell_2609	1	1	NA	-2.83960965807113	-3.25754793257012
Cell_2610	2	1	NA	4.45258720684417	2.32700470858604
Cell_2611	1	1	NA	0.335552946775087	-4.22906492442471
Cell_2612	1	1	NA	-2.43748142291094	-3.71053619670801
Cell_2613	1	1	NA	-1.24272600380325	0.327583333261046
Cell_2614	1	1	NA	1.11989463506548	-1.73793999557324
Cell_2615	1	1	NA	-0.535750683849692	-3.30057999464923
Cell_2616	1	1	NA	-1.10461722249578	-1.10503487839326
Cell_2617	1	1	NA	1.71042289606033	-2.73691941310338
Cell_2618	2	1	NA	3.91820377106523	4.25947403029388
Cell_2619	1	1	NA	-1.5188315048702	-0.58342087839688
Cell_2620	1	1	NA	-3.88990708614261	-4.04118448770169
Cell_2621	2	1	NA	3.65731725684614	0.695051155081351
Cell_2622	1	1	NA	0.180408967465155	-4.45139153268449
Cell_2623	3	1	NA	-0.182519059621587	9.03492500487658
Cell_2624	1	1	NA	0.87649789957242	-3.32191681338735
Cell_2625	2	1	NA	1.99305753061681	0.785072445471472
Cell_2626	2	1	NA	4.26200601797617	1.77358914516952
Cell_2627	1	1	NA	-1.32593714118405	-1.98094284128767
Cell_2628	1	1	NA	-1.50572894108531	-2.5861660391549
Cell_2629	2	1	NA	3.70157533704427	3.58565423963362
Cell_2630	3	1	NA	2.77811838414018	6.90102705753284
Cell_2631	1	1	NA	-1.5045208872138	-1.72447549955597
Cell_2632	1	1	NA	-5.36619119483822	-4.46804455762975
Cell_2633	2	1	NA	1.94964419798443	0.845358281144197
Cell_2634	2	1	NA	3.85635142872016	4.20317772895691
Cell_2635	1	1	NA	0.62801074803845	-2.53821409949068
Cell_2636	2	1	NA	2.64300407679671	1.30392040539669
Cell_2637	1	1	NA	-6.6840447375088	-3.89585048955678
Cell_2638	1	1	NA	-1.37402287367579	-3.16737646543666
Cell_2639	3	1	NA	1.95397507855853	8.10050959423504
Cell_2640	2	1	NA	2.34371507098949	-1.3036006543485
Cell_2641	1	1	NA	-2.50212544188645	-3.36738055203286
Cell_2642	2	1	NA	2.48337449113582	1.04730929500615
Cell_2643	1	1	NA	-6.08625122059145	-3.69513488351657
Cell_2644	1	1	NA	-1.45899548322859	-1.66462847112492
Cell_2645	1	1	NA	-2.67438211798678	-2.04801457311497
Cell_2646	1	1	NA	-0.826357443162064	-2.70567674510146
Cell_2647	1	1	NA	-0.829785595986498	-3.8666764270482
Cell_2648	1	1	NA	-4.04011990346417	-3.05939730349978
Cell_2649	2	1	NA	2.00917972459945	0.0168305055359957
Cell_2650	2	1	NA	3.84194869269974	3.76310036558551
Cell_2651	2	1	NA	4.4077597379056	1.7744934319151
Cell_2652	1	1	NA	-3.01349179495904	-3.45374926940613
Cell_2653	1	1	NA	-4.43538539039963	-3.31506890316689
Cell_2654	2	1	NA	2.82628811981294	2.44008833782599
Cell_2655	3	1	NA	0.69519754030121	8.82201639485295
Cell_2656	1	1	NA	0.171773329276151	-2.16171497838187
Cell_2657	2	1	NA	3.19197887994611	2.83610801962275
Cell_2658	1	1	NA	-2.41602030862222	-0.829902266272374
Cell_2659	2	1	NA	2.73770927561342	0.887284920767891
Cell_2660	1	1	NA	-7.50803483198994	-4.52382828203514
Cell_2661	3	1	NA	0.166059585118672	8.97771417615965
Cell_2662	1	1	NA	-5.51242042629657	-4.11857192013269
Cell_2663	1	1	NA	-0.767513243240413	-2.64800804279333
Cell_2664	3	1	NA	2.36795892179678	7.74325336469131
Cell_2665	1	1	NA	1.34402062087452	-1.25874313043611
Cell_2666	1	1	NA	-6.32218670804523	-4.58061595596546
Cell_2667	3	1	NA	2.41118956694177	7.65481970119336
Cell_2668	1	1	NA	2.49078015176821	-3.1459420746434
Cell_2669	1	1	NA	0.278315816042445	-0.516832146823351
Cell_2670	2	1	NA	3.82042558979614	3.42028332809287
Cell_2671	2	1	NA	2.58266097361776	2.47153875316186
Cell_2672	1	1	NA	-1.38772570628099	-2.43858852569181
Cell_2673	1	1	NA	2.37530264101607	-2.54977684186543
Cell_2674	3	1	NA	-1.31743734775298	9.26431035071406
Cell_2675	1	1	NA	-4.8753107611587	-3.35729041587381
Cell_2676	1	1	NA	-0.114722060921034	-2.07255240784101
Cell_2677	1	1	NA	3.78383825573485	-8.02697678047611
Cell_2678	1	1	NA	-0.752899388959194	0.615532830182242
Cell_2679	1	1	NA	-0.693357849659747	-2.29319263369851
Cell_2680	1	1	NA	-2.30463844091476	-4.16557868229073
Cell_2681	1	1	NA	-3.51465772146322	-3.86771342155995
Cell_2682	1	1	NA	-0.420868734031537	-1.20320713045349
Cell_2683	1	1	NA	-0.961001852560231	-0.946039368329554
Cell_2684	1	1	NA	-6.21430050812919	-3.8591801669563
Cell_2685	2	1	NA	3.38034163579034	4.48460352999077
Cell_2686	3	1	NA	3.42804033269011	6.92323314228229
Cell_2687	2	1	NA	2.42800416607497	-0.684084960814904
Cell_2688	1	1	NA	-0.238306557722652	-1.13250748608027
Cell_2689	1	1	NA	-1.27376073415492	-4.95333262204689
Cell_2690	2	1	NA	2.0565489244798	-0.780999044440164
Cell_2691	1	1	NA	0.781230829540743	-0.934713030349685
Cell_2692	2	1	NA	1.53043498047852	0.798813196975426
Cell_2693	1	1	NA	-2.43859898019073	-3.80538129546886
Cell_2694	2	1	NA	1.28352647962532	-0.481005383344757
Cell_2695	2	1	NA	3.0600799823632	2.22074407289502
Cell_2696	1	1	NA	-1.74794602715557	-2.2666801071733
Cell_2697	2	1	NA	3.76665382530952	5.50689829059043
Cell_2698	1	1	NA	-6.16469840815899	-4.42830603087411
Cell_2699	1	1	NA	-3.12091358326265	-3.37698109766396
Cell_2700	2	1	NA	3.65955762565551	1.70202377259739
Cell_2701	1	1	NA	-1.80887869294744	-0.856959518691192
Cell_2702	2	1	NA	4.3095671785127	4.35373285854655
Cell_2703	2	1	NA	1.62808171545545	0.816646057353535
Cell_2704	2	1	NA	4.04843271265761	4.4908788461399
Cell_2705	1	1	NA	-1.74923327687563	-2.7926679536891
Cell_2706	1	1	NA	-0.589732268569896	-1.13269764328229
Cell_2707	1	1	NA	-6.59325096547048	-3.90007367807622
Cell_2708	2	1	NA	4.28343899764811	5.05241321497579
Cell_2709	1	1	NA	1.51184216049576	-3.84351652013881
Cell_2710	3	1	NA	0.361830046478653	8.83511684231357
Cell_2711	1	1	NA	-1.04434342351094	0.455440419725759
Cell_2712	2	1	NA	3.80215165944863	3.42966504813928
Cell_2713	1	1	NA	-1.29180325802855	-3.10027647958977
Cell_2714	2	1	NA	3.76743941863671	1.55429732778126
Cell_2715	1	1	NA	-2.49100990555698	-3.71794841079188
Cell_2716	1	1	NA	-2.67867784155859	-2.74578911721403
Cell_2717	1	1	NA	0.612275142315749	-0.465129946930343
Cell_2718	1	1	NA	-2.53042844157832	-3.77919552196665
Cell_2719	1	1	NA	0.882302352862402	-1.03959669580137
Cell_2720	2	1	NA	1.64867155843455	-1.44817398741343
Cell_2721	1	1	NA	-2.18556557285094	-0.709041889515226
Cell_2722	3	1	NA	3.01351864274286	6.77801360292127
Cell_2723	1	1	NA	3.79181450534841	-7.99743725100822
Cell_2724	2	1	NA	3.61144700731696	4.22854630260664
Cell_2725	2	1	NA	2.10932217670636	-0.487891539833477
Cell_2726	1	1	NA	-6.82263958225751	-3.59768164081842
Cell_2727	3	1	NA	2.40752836441463	7.55350100122084
Cell_2728	2	1	NA	3.13426370612138	1.05461648331531
Cell_2729	1	1	NA	-0.38013839322782	-3.15473468385932
Cell_2730	1	1	NA	1.34101256485254	-1.08474942162946
Cell_2731	1	1	NA	-5.18897101206727	-4.47911092599529
Cell_2732	1	1	NA	-5.03260973954618	-3.76134930226216
Cell_2733	1	1	NA	-2.57222748370452	-2.94276690121535
Cell_2734	3	1	NA	3.26040548282837	6.8050658994656
Cell_2735	2	1	NA	3.8795604313429	2.3652432377308
Cell_2736	1	1	NA	-3.68762063883855	-3.04452857662578
Cell_2737	2	1	NA	3.12279225502128	3.12905860972468
Cell_2738	2	1	NA	3.75813074636859	5.43137711727859
Cell_2739	2	1	NA	3.1680535100838	1.5591010463005
Cell_2740	1	1	NA	-1.59323594468303	-4.52519325791607
Cell_2741	2	1	NA	3.98424449150462	1.19882592083364
Cell_2742	2	1	NA	2.73226553671214	-1.10738375694835
Cell_2743	2	1	NA	2.2179503149023	-0.494088625634919
Cell_2744	1	1	NA	3.7521795229544	-8.07324356483228
Cell_2745	3	1	NA	3.21979463802115	6.6538712804067
Cell_2746	1	1	NA	1.14169599242741	-2.49069503926285
Cell_2747	1	1	NA	-1.2029419344427	-3.53358383400745
Cell_2748	3	1	NA	-1.82267381547717	9.37897498196514
Cell_2749	3	1	NA	2.25108614985374	7.85323796440636
Cell_2750	1	1	NA	0.126094049983449	-1.38080642193064
Cell_2751	1	1	NA	-1.28380000006552	-0.710369301809608
Cell_2752	1	1	NA	0.676190631306719	-4.13117785389755
Cell_2753	1	1	NA	-0.422566249296044	-2.59972043960984
Cell_2754	1	1	NA	-4.27978881131412	-4.13538169225203
Cell_2755	2	1	NA	1.7323663903191	0.0794928019750043
Cell_2756	1	1	NA	-2.45448147143386	-2.57630155612738
Cell_2757	3	1	NA	3.0816808044343	7.10828041151418
Cell_2758	1	1	NA	0.0468256285338957	-3.18818305714024
Cell_2759	2	1	NA	2.78490234141032	2.27163517240303
Cell_2760	1	1	NA	3.83774300680069	-7.84303122711612
Cell_2761	1	1	NA	-2.28545990263077	-0.889847904105484
Cell_2762	3	1	NA	3.00200064114707	7.21682484609459
Cell_2763	1	1	NA	-7.16653410867151	-4.13196240751817
Cell_2764	3	1	NA	2.03790065121534	7.99856389934578
Cell_2765	1	1	NA	-7.93259083827107	-3.79979306944344
Cell_2766	2	1	NA	2.39934035649988	0.163517782670215
Cell_2767	3	1	NA	3.34613696113024	5.71025840256067
Cell_2768	1	1	NA	0.0435327093797888	-2.34355238409167
Cell_2769	3	1	NA	2.512502982078	6.90706245041193
Cell_2770	2	1	NA	2.63589947770462	2.06136954031759
Cell_2771	1	1	NA	-0.849853366307282	-0.854082163438873
Cell_2772	1	1	NA	0.521268861941957	-2.76428605732237
Cell_2773	1	1	NA	-2.7105487945126	-4.23916520694595
Cell_2774	1	1	NA	0.811107460880789	-0.581167276899138
Cell_2775	1	1	NA	0.416590132379677	-2.50692308784126
Cell_2776	1	1	NA	-1.62591170541251	-3.25747451004547
Cell_2777	1	1	NA	-0.303902598463679	0.120753956573833
Cell_2778	2	1	NA	2.11004500805919	-0.957027360808055
Cell_2779	1	1	NA	0.929382780826935	-1.99323089841602
Cell_2780	2	1	NA	1.7303156193358	-1.07951770668032
Cell_2781	1	1	NA	1.13877622751774	-0.332494015485297
Cell_2782	1	1	NA	-2.71421765093647	-3.323268162254
Cell_2783	1	1	NA	2.42000460840594	-2.55297333274453
Cell_2784	2	1	NA	3.66264208182027	1.69506065219414
Cell_2785	2	1	NA	3.46350665464738	2.12360871136191
Cell_2786	2	1	NA	3.79586818012027	1.47562443638608
Cell_2787	1	1	NA	-0.89886064284482	-1.55680493280681
Cell_2788	2	1	NA	3.28177798434486	1.71957579331854
Cell_2789	1	1	NA	-0.551963630743489	-2.11208368401528
Cell_2790	2	1	NA	3.05908891234157	5.24978160020712
Cell_2791	1	1	NA	-0.362975717623501	-2.11300367918048
Cell_2792	1	1	NA	2.41380510252167	-2.58542408026108
Cell_2793	1	1	NA	-4.69710048563795	-4.24201007045413
Cell_2794	1	1	NA	-4.1105930987936	-3.25659873079883
Cell_2795	2	1	NA	3.87912650229268	3.56533832074925
Cell_2796	1	1	NA	4.15937245268488	0.114203869287313
Cell_2797	1	1	NA	-3.2275278813617	-2.42540243671356
Cell_2798	1	1	NA	-8.30838147888596	-3.69530002833562
Cell_2799	1	1	NA	-6.71065436835272	-4.42660832247238
Cell_2800	2	1	NA	2.82289412979258	1.22833923556382
Cell_2801	3	1	NA	2.6441666166087	7.37211675212199
Cell_2802	1	1	NA	-0.196146862106584	-2.60723483784284
Cell_2803	1	1	NA	-2.61674091964049	-2.84607528699662
Cell_2804	1	1	NA	-8.65906171799627	-4.30200087319894
Cell_2805	3	1	NA	1.81028156005655	7.83970550211989
Cell_2806	2	1	NA	4.08092610558024	1.93703826854441
Cell_2807	1	1	NA	0.0369871748738864	-2.27814825793206
Cell_2808	1	1	NA	3.81273205505464	-7.87815076817082
Cell_2809	1	1	NA	-1.79419298229341	-3.34607447672584
Cell_2810	3	1	NA	3.69218567318217	5.68481378286959
Cell_2811	1	1	NA	-3.95440924998412	-2.96728777091855
Cell_2812	1	1	NA	0.837655618598442	-1.55685082918981
Cell_2813	1	1	NA	-1.30233048776607	-1.4246328758748
Cell_2814	2	1	NA	2.47984252601447	0.283898436083847
Cell_2815	2	1	NA	2.03201744888936	-1.68810548355784
Cell_2816	2	1	NA	4.14768852253947	4.84148939518837
Cell_2817	1	1	NA	-0.465625256408196	-1.63965712145551
Cell_2818	1	1	NA	-7.51359740354687	-4.39173717040283
Cell_2819	1	1	NA	-7.4566853920603	-4.2003803480271
Cell_2820	1	1	NA	-3.64022321263572	-3.30707903782415
Cell_2821	1	1	NA	1.67530280059131	-3.30735961709502
Cell_2822	1	1	NA	-0.0838445713997931	-1.90184209065282
Cell_2823	2	1	NA	4.02732792372878	4.94380730288455
Cell_2824	1	1	NA	-2.09214280201194	-2.91061625102812
Cell_2825	2	1	NA	4.40993429951434	2.3255736075736
Cell_2826	1	1	NA	0.340853119410855	-0.837266744488866
Cell_2827	2	1	NA	2.8315919086475	-0.990395687455587
Cell_2828	1	1	NA	-7.18543135659384	-3.8283027972735
Cell_2829	1	1	NA	-3.61636503582973	-3.06817749296907
Cell_2830	3	1	NA	2.90378066804234	6.038552431934
Cell_2831	1	1	NA	-6.60264207617007	-4.37601880155099
Cell_2832	1	1	NA	1.32707220962832	-1.87874881226896
Cell_2833	2	1	NA	1.97029854075261	-1.1452855564401
Cell_2834	1	1	NA	-5.97323574597068	-4.33904409394399
Cell_2835	1	1	NA	-2.67419795854088	-2.21159711862578
Cell_2836	3	1	NA	2.11221930830044	7.38786669780716
Cell_2837	1	1	NA	3.82185675623817	-7.55158821529942
Cell_2838	1	1	NA	1.89939423157406	-2.32419159647374
Cell_2839	2	1	NA	3.73023308362654	3.8055533431975
Cell_2840	2	1	NA	1.7470911592676	1.01533414137733
Cell_2841	1	1	NA	-3.65380319187865	-3.46764823143839
Cell_2842	3	1	NA	1.62271924798159	8.44883637479202
Cell_2843	2	1	NA	4.06132282770137	3.23451368672163
Cell_2844	1	1	NA	-3.16736591496766	-2.20630392025176
Cell_2845	1	1	NA	-2.12019000227977	-0.444456281292004
Cell_2846	1	1	NA	0.780789495157174	-0.731703794325724
Cell_2847	1	1	NA	-1.13249976844172	-3.29705361132183
Cell_2848	2	1	NA	4.46770353006733	2.86293255232243
Cell_2849	1	1	NA	-3.26955267731622	-3.27842802835506
Cell_2850	1	1	NA	-5.6736830307969	-3.7164275173533
Cell_2851	2	1	NA	3.76072870100918	3.00524222788845
Cell_2852	1	1	NA	-1.36436453969301	-1.66366798931378
Cell_2853	1	1	NA	-0.751223013000971	-0.875337873554418
Cell_2854	1	1	NA	-1.11778369594638	-3.36316753989351
Cell_2855	2	1	NA	2.94397274364604	0.496879558656575
Cell_2856	1	1	NA	1.17742315081837	-1.22020579727604
Cell_2857	1	1	NA	-2.32764000515159	-3.63703933029694
Cell_2858	1	1	NA	0.582845381035217	-1.92163954311588
Cell_2859	2	1	NA	1.48043087389145	0.494639917123893
Cell_2860	2	1	NA	2.88237934469007	0.301542208525127
Cell_2861	1	1	NA	-2.06270320158414	-4.13923377194117
Cell_2862	1	1	NA	-5.68674006337625	-3.92665931457553
Cell_2863	2	1	NA	1.7144637113669	-1.31180867054372
Cell_2864	1	1	NA	-1.28503591295313	-2.48480030332439
Cell_2865	2	1	NA	2.81263670672844	1.25269659018401
Cell_2866	1	1	NA	2.19745454766056	-2.77464268096184
Cell_2867	3	1	NA	4.03132360739082	5.87521716101728
Cell_2868	1	1	NA	0.972655578140337	-1.69683169039102
Cell_2869	2	1	NA	2.26236582665371	0.833893381972323
Cell_2870	1	1	NA	-4.7132180913976	-4.31886201033479
Cell_2871	1	1	NA	3.76703169858628	-7.93699792175115
Cell_2872	3	1	NA	2.78794848466356	6.90041656193506
Cell_2873	1	1	NA	0.0464323166031704	-2.66692413335357
Cell_2874	2	1	NA	2.61009646393135	2.25806265109104
Cell_2875	2	1	NA	2.26381506700399	0.105722322862468
Cell_2876	3	1	NA	-1.79792955208953	9.36200467601941
Cell_2877	1	1	NA	-7.90015309638633	-3.77113448353157
Cell_2878	1	1	NA	2.28316884857293	-2.69779090372382
Cell_2879	1	1	NA	0.694251159820801	-4.15983457322534
Cell_2880	2	1	NA	2.14275973240715	0.166334123506676
Cell_2881	3	1	NA	2.62992718154658	7.30938514476455
Cell_2882	3	1	NA	1.97456049730476	8.23014919931945
Cell_2883	2	1	NA	3.41454499512826	1.38866786603437
Cell_2884	1	1	NA	-2.11029145410345	-2.84271470040849
Cell_2885	2	1	NA	2.44320608005798	-0.0328458549155829
Cell_2886	1	1	NA	-1.27196434355389	-3.2583889690931
Cell_2887	2	1	NA	3.51064451567099	2.02972212666955
Cell_2888	2	1	NA	4.37732694790291	4.84842205301088
Cell_2889	1	1	NA	-2.58758380720489	-3.16046455935694
Cell_2890	1	1	NA	-5.13867845839424	-3.41988385625486
Cell_2891	1	1	NA	0.522797577864526	-1.84791147364827
Cell_2892	2	1	NA	4.15180050414685	4.94775767790037
Cell_2893	1	1	NA	-5.57581101793877	-4.09422366230342
Cell_2894	1	1	NA	1.45596426263719	-1.53134195784895
Cell_2895	1	1	NA	-4.24874867327574	-3.85669701918075
Cell_2896	1	1	NA	-4.73374122845399	-3.29493020861513
Cell_2897	1	1	NA	-1.53133504513531	-3.71935307766967
Cell_2898	1	1	NA	-1.19420105374716	-3.17758864833683
Cell_2899	2	1	NA	1.99766635744689	-0.798081635110648
Cell_2900	3	1	NA	-1.71632567206436	9.35090626841046
Cell_2901	2	1	NA	2.647971150196	-0.685948085720426
Cell_2902	1	1	NA	-3.37634812956622	-2.09125645205222
Cell_2903	1	1	NA	-1.94895050967762	-2.6524766272915
Cell_2904	1	1	NA	-9.17687416290465	-4.01641710771432
Cell_2905	1	1	NA	-2.44567412334794	-0.838373579670126
Cell_2906	1	1	NA	-1.01140703974253	-3.23436429320715
Cell_2907	2	1	NA	3.07284709858534	5.47418844007856
Cell_2908	1	1	NA	0.82983367480606	-0.193828041837728
Cell_2909	3	1	NA	2.92476480688261	6.8326146179611
Cell_2910	1	1	NA	-2.23142507241513	-2.74201663672338
Cell_2911	1	1	NA	-5.45069491805482	-3.72779461659976
Cell_2912	3	1	NA	0.27895367089323	8.90925638554942
Cell_2913	1	1	NA	-1.33911799180924	-3.06197622409975
Cell_2914	2	1	NA	2.97425244760067	0.397195088306078
Cell_2915	1	1	NA	-3.60803775315639	-3.22434448274411
Cell_2916	3	1	NA	2.19582252589398	7.55003484832414
Cell_2917	2	1	NA	2.8176905948705	-0.540430005824927
Cell_2918	1	1	NA	-3.06377388412249	-3.02477189995647
Cell_2919	1	1	NA	0.505025837388982	-0.29582572376269
Cell_2920	1	1	NA	0.236454054211883	-2.25305853271827
Cell_2921	1	1	NA	-2.63790008350723	-3.14150070334053
Cell_2922	2	1	NA	3.96782862590225	4.10899334113374
Cell_2923	1	1	NA	-9.17535433500948	-4.11728930008471
Cell_2924	1	1	NA	-5.53217476386722	-4.32335513880761
Cell_2925	1	1	NA	0.556086072919761	-2.54438971191368
Cell_2926	1	1	NA	1.41066474226146	-2.9198083021543
Cell_2927	1	1	NA	-6.70242824263466	-3.58865939256911
Cell_2928	1	1	NA	-1.01131778668517	-1.11150115403742
Cell_2929	1	1	NA	-0.935596186554246	-4.83705293872496
Cell_2930	1	1	NA	3.80900887242812	-7.57026528789804
Cell_2931	1	1	NA	-7.30220024646603	-4.52650867787844
Cell_2932	1	1	NA	-9.25328726459167	-4.23306684581403
Cell_2933	2	1	NA	3.55702859836532	4.3060818682206
Cell_2934	1	1	NA	-3.12487792033905	-2.46278882682948
Cell_2935	2	1	NA	2.96086779234707	-0.715844137865668
Cell_2936	1	1	NA	-1.8230224621263	-1.14107023190785
Cell_2937	2	1	NA	2.05784984908711	-0.0841679043158562
Cell_2938	1	1	NA	-7.47976907828405	-4.22220163978306
Cell_2939	1	1	NA	-5.4055878875865	-3.62263565421787
Cell_2940	2	1	NA	3.93842244358536	3.42149836202553
Cell_2941	2	1	NA	2.21331824469959	-0.683386130949489
Cell_2942	3	1	NA	2.05214509338309	8.08684495298022
Cell_2943	1	1	NA	-6.62841696945363	-4.13846184025502
Cell_2944	3	1	NA	-0.571052007576839	9.12517681323677
Cell_2945	1	1	NA	-1.43536571381377	-2.69987193464218
Cell_2946	2	1	NA	3.00853965111708	2.67424590581715
Cell_2947	1	1	NA	-0.196947311163205	-1.19491717329007
Cell_2948	3	1	NA	-0.453789596180282	9.05672154364365
Cell_2949	3	1	NA	1.42513409573805	8.51830695123293
Cell_2950	3	1	NA	0.568505179968768	8.82351150376329
Cell_2951	2	1	NA	3.82803136595069	4.01837172176196
Cell_2952	1	1	NA	-3.72293403606999	-4.35801339443439
Cell_2953	1	1	NA	-3.30815508069889	-2.25492587633502
Cell_2954	3	1	NA	2.23474082066145	8.10556568216292
Cell_2955	1	1	NA	-8.76323050975429	-3.66291576860347
Cell_2956	1	1	NA	0.143043686325548	-4.29447894734266
Cell_2957	1	1	NA	-1.43163208817072	0.21690495753159
Cell_2958	2	1	NA	1.38467110881614	-0.0195567127392546
Cell_2959	1	1	NA	-0.655290228604178	-1.8094381605013
Cell_2960	2	1	NA	3.63741269475428	0.850503758557243
Cell_2961	2	1	NA	2.95779544126878	0.0996344604332882
Cell_2962	2	1	NA	2.07254964812917	-1.34969697784961
Cell_2963	1	1	NA	1.230100402235	-1.32525912328053
Cell_2964	1	1	NA	-0.370525551314658	-1.78556787186327
Cell_2965	1	1	NA	0.342000386548243	-3.36144297515195
Cell_2966	1	1	NA	-2.8436227253566	-4.33502215969706
Cell_2967	1	1	NA	-0.0411157615370086	-0.813221572921486
Cell_2968	2	1	NA	4.22874802498966	3.43739928395185
Cell_2969	1	1	NA	0.777373244032584	-1.96659600598895
Cell_2970	2	1	NA	3.2173832373563	5.04737628626688
Cell_2971	1	1	NA	1.85885413610352	-2.75338934197921
Cell_2972	1	1	NA	0.361414775749173	-0.870425409591352
Cell_2973	1	1	NA	-3.32300460387056	-2.5579707514371
Cell_2974	2	1	NA	2.87695815331206	2.062492045462
Cell_2975	1	1	NA	-6.63710794002753	-3.48802451059722
Cell_2976	1	1	NA	-0.841971437909057	-2.56851149578451
Cell_2977	1	1	NA	-0.401205464425724	-0.840796693273365
Cell_2978	3	1	NA	1.99446445535845	7.96800558248523
Cell_2979	1	1	NA	-2.77808503774511	-2.63472526355831
Cell_2980	1	1	NA	0.815992537883873	-1.1415973736989
Cell_2981	1	1	NA	-2.95499901334032	-3.02464456362854
Cell_2982	1	1	NA	-7.18369939522307	-3.79191273717899
Cell_2983	1	1	NA	-0.174359625479521	0.187674146256838
Cell_2984	1	1	NA	0.0665352788147766	0.275289307763028
Cell_2985	3	1	NA	-0.333102629863223	9.04123251772655
Cell_2986	1	1	NA	-3.37344804555155	-2.73581568997418
Cell_2987	1	1	NA	-4.96275155518411	-4.48916129166641
Cell_2988	2	1	NA	2.11619350909816	-0.671799158397948
Cell_2989	1	1	NA	-2.66963588213073	-3.41912351335768
Cell_2990	1	1	NA	-5.97653170056116	-4.30786139651479
Cell_2991	2	1	NA	2.81415907545262	-0.373934789093252
Cell_2992	1	1	NA	0.495043539925224	-2.52231465551032
Cell_2993	1	1	NA	-4.4766095478677	-2.82242230342743
Cell_2994	1	1	NA	-2.19781706656623	-3.19331663589285
Cell_2995	2	1	NA	4.25494804579247	2.54070311505936
Cell_2996	1	1	NA	-0.0967611329321916	-4.58662180600082
Cell_2997	3	1	NA	-0.712262139103904	9.13748063465882
Cell_2998	2	1	NA	4.24885472699422	3.69787718943528
Cell_2999	1	1	NA	-2.67016931826428	-3.39591213814619
Cell_3000	1	1	NA	-4.01746994196008	-3.60001755768078
Cell_3001	1	1	NA	-5.73065402026371	-3.99351472989988
Cell_3002	2	1	NA	4.12434572247297	3.96120691301555
Cell_3003	1	1	NA	1.02687339827022	-2.47403404811482
Cell_3004	2	1	NA	3.98056061808206	4.88610819398996
Cell_3005	3	1	NA	2.82342305712567	6.46080334417226
Cell_3006	1	1	NA	-0.260330486795873	-2.1491082469772
Cell_3007	2	1	NA	4.20108968683791	4.12733040903962
Cell_3008	1	1	NA	0.469024963942697	-1.59844408065154
Cell_3009	1	1	NA	-0.693232640107088	-0.840309916211145
Cell_3010	1	1	NA	-2.89990486274819	-3.8677606045446
Cell_3011	1	1	NA	0.805828049863046	-2.73195427664685
Cell_3012	2	1	NA	2.67195574642962	0.761754572297767
Cell_3013	1	1	NA	-0.597744943532229	-2.47690850506252
Cell_3014	1	1	NA	1.09857974868451	-3.1058741208948
Cell_3015	3	1	NA	2.01652059700483	7.41939264059893
Cell_3016	2	1	NA	1.76095330543762	-1.81577376181949
Cell_3017	2	1	NA	2.49900811369008	2.1203167260096
Cell_3018	3	1	NA	3.23029494804188	5.80350943882628
Cell_3019	1	1	NA	-2.68405739870718	-2.91175324098809
Cell_3020	1	1	NA	-4.60580301513026	-3.22038046920247
Cell_3021	2	1	NA	2.26271219462962	-0.86726830032835
Cell_3022	1	1	NA	3.8141723649604	-7.56690472776654
Cell_3023	1	1	NA	-3.20068216706943	-2.56192651906362
Cell_3024	1	1	NA	-2.30660673287587	-3.23043701343613
Cell_3025	1	1	NA	-9.15064158401169	-4.11461745877271
Cell_3026	3	1	NA	-1.71022652790407	9.35206598977195
Cell_3027	1	1	NA	-1.38399739151664	-2.36905901682163
Cell_3028	1	1	NA	-0.739963714600686	-1.22699820416811
Cell_3029	1	1	NA	-4.03972266575138	-4.00860596100418
Cell_3030	1	1	NA	-0.212264780816288	0.176607097723572
Cell_3031	1	1	NA	-1.91531620645833	-2.55290534839512
Cell_3032	1	1	NA	-1.65926790773963	-4.56043885475987
Cell_3033	2	1	NA	3.07604018280531	1.08655362436483
Cell_3034	3	1	NA	2.02842518845943	7.76447411558363
Cell_3035	3	1	NA	2.60494743985955	7.52436406076249
Cell_3036	1	1	NA	-1.22100640154744	-1.83554481799464
Cell_3037	1	1	NA	2.51644035795661	-2.32397357955236
Cell_3038	1	1	NA	-3.43844807838451	-3.27596120012339
Cell_3039	1	1	NA	0.978113089150408	-0.897409018959353
Cell_3040	1	1	NA	-8.36129253747543	-3.69503079772509
Cell_3041	2	1	NA	4.38258324023427	3.14563573631533
Cell_3042	1	1	NA	-1.31381478185325	-1.57260306010179
Cell_3043	1	1	NA	0.538678804711558	-1.49577300630398
Cell_3044	2	1	NA	4.56996312107615	2.20438539846242
Cell_3045	2	1	NA	3.24714719367723	4.49666120966931
Cell_3046	1	1	NA	-4.77786109445734	-4.61737810000863
Cell_3047	2	1	NA	1.4663001075583	-0.276322659344029
Cell_3048	2	1	NA	3.00628689991144	5.11638918718308
Cell_3049	2	1	NA	3.94184217497162	0.708732383161873
Cell_3050	1	1	NA	-4.74488738664955	-3.75966316505881
Cell_3051	2	1	NA	3.33922401599939	2.04690628894266
Cell_3052	2	1	NA	2.88092897616366	-0.124346132169522
Cell_3053	1	1	NA	-4.38609977071985	-3.88069302659185
Cell_3054	1	1	NA	0.589391998061374	-4.31228972362792
Cell_3055	1	1	NA	-1.5982334081308	-1.41166539318586
Cell_3056	3	1	NA	1.71674977136242	8.25160753407151
Cell_3057	1	1	NA	-0.570807720697253	-3.38935557347836
Cell_3058	1	1	NA	3.83051432205713	-7.61718861746581
Cell_3059	1	1	NA	-6.57859052265287	-4.29497532115714
Cell_3060	3	1	NA	3.19751520994268	5.78744390226999
Cell_3061	1	1	NA	-0.707055754265667	-1.60355112565406
Cell_3062	2	1	NA	3.52041093408376	2.80862511125379
Cell_3063	1	1	NA	-9.07179559890851	-4.14415783034476
Cell_3064	2	1	NA	3.08707226588876	0.0931059545979825
Cell_3065	2	1	NA	3.70260427435237	5.45055861336631
Cell_3066	3	1	NA	2.20112965288454	7.82763875764274
Cell_3067	3	1	NA	4.08801756649585	5.76824004733523
Cell_3068	2	1	NA	1.88059728691365	-1.80608542122139
Cell_3069	2	1	NA	3.08345808043659	2.56711359900123
Cell_3070	3	1	NA	3.38841974024237	5.86910162501778
Cell_3071	2	1	NA	2.88345300983338	-0.155135045844525
Cell_3072	1	1	NA	-1.45973051907494	-4.0030952822281
Cell_3073	1	1	NA	0.172048088763442	-3.11074918073911
Cell_3074	1	1	NA	-2.62463495062314	-2.56795262396086
Cell_3075	1	1	NA	0.845477493727008	-3.56615559925693
Cell_3076	1	1	NA	1.21939074928562	-1.30007427526006
Cell_3077	2	1	NA	3.56395377240708	4.64899298879427
Cell_3078	1	1	NA	-4.33179932199467	-4.3714107195142
Cell_3079	1	1	NA	-3.32868873594961	-2.62545903106449
Cell_3080	1	1	NA	-5.43953704828761	-4.34454452689784
Cell_3081	1	1	NA	-2.90770202879608	-3.17588670603677
Cell_3082	3	1	NA	2.91525817266771	6.24532781444986
Cell_3083	2	1	NA	2.78049631636986	-0.430788793391624
Cell_3084	1	1	NA	-1.4638646998974	-3.0264076484242
Cell_3085	1	1	NA	-4.20475244439174	-4.28486307159415
Cell_3086	2	1	NA	3.80183256942588	1.73262938138463
Cell_3087	2	1	NA	3.81791652608344	3.49598946059551
Cell_3088	1	1	NA	-5.74329907529804	-3.93907798096798
Cell_3089	1	1	NA	-4.71484044213249	-4.16428262758939
Cell_3090	2	1	NA	5.11293263515307	3.63135986587112
Cell_3091	1	1	NA	-0.291127847110657	-0.973808667166901
Cell_3092	1	1	NA	1.00576935013482	-3.04726500986252
Cell_3093	2	1	NA	2.60004785223805	0.427121609030546
Cell_3094	1	1	NA	-0.547365511705043	-1.56601424882742
Cell_3095	1	1	NA	-0.145124072388439	-2.326738691774
Cell_3096	1	1	NA	0.26926352498389	-1.38626412127147
Cell_3097	1	1	NA	-5.00917464763965	-3.790099655595
Cell_3098	3	1	NA	3.34205810393174	5.84467105694624
Cell_3099	1	1	NA	1.15326628267557	-2.38547574140073
Cell_3100	2	1	NA	3.01105477573789	-0.630646913112897
Cell_3101	3	1	NA	2.8823284340323	7.10689931418617
Cell_3102	1	1	NA	-6.31154124837349	-3.86850112861623
Cell_3103	3	1	NA	1.83199128717667	8.30791045581999
Cell_3104	2	1	NA	1.97730272417398	-0.77951204612483
Cell_3105	2	1	NA	3.02313169432766	1.07179266782705
Cell_3106	3	1	NA	1.34015639619854	8.61832092205992
Cell_3107	1	1	NA	-9.30069760933884	-4.23579621212266
Cell_3108	2	1	NA	3.35990267652478	4.59429357968688
Cell_3109	1	1	NA	0.411754760311761	-1.0528655521966
Cell_3110	1	1	NA	0.183590511548463	-4.43941936613358
Cell_3111	1	1	NA	-3.6794727572908	-3.12895336303551
Cell_3112	2	1	NA	3.58716980376888	1.54725549268884
Cell_3113	3	1	NA	3.14857191835944	6.78324778564074
Cell_3114	1	1	NA	-0.986787500449826	0.568309038547741
Cell_3115	2	1	NA	2.35639739379734	-0.0905178000035601
Cell_3116	1	1	NA	0.487488859923946	-2.51466491549077
Cell_3117	2	1	NA	4.12476003978342	3.58229363769773
Cell_3118	1	1	NA	-1.34242516375831	-4.6513271074874
Cell_3119	2	1	NA	2.47681507410069	0.93244364358051
Cell_3120	2	1	NA	3.71025726441035	3.66296167038961
Cell_3121	2	1	NA	1.56605183921383	0.859098350246929
Cell_3122	2	1	NA	2.16326488386562	-0.21941614721892
Cell_3123	2	1	NA	2.38116342856931	0.678736104938057
Cell_3124	3	1	NA	3.22187703487555	6.36666531841208
Cell_3125	3	1	NA	1.4259976550385	8.16675171790318
Cell_3126	2	1	NA	3.71784756887869	4.77003906119243
Cell_3127	3	1	NA	1.90677063571668	8.25749839453787
Cell_3128	3	1	NA	1.68199996444855	8.27641146328555
Cell_3129	1	1	NA	-7.05613832341827	-4.0384151763317
Cell_3130	1	1	NA	-1.59342844017221	-3.21727079332893
Cell_3131	3	1	NA	-1.12172390264559	9.24276301236232
Cell_3132	2	1	NA	2.78619726422292	2.15419599014861
Cell_3133	2	1	NA	2.76547320370103	5.59728437358039
Cell_3134	1	1	NA	-2.51927463880347	-2.64096249326267
Cell_3135	1	1	NA	-0.537803352887788	-2.66510927192439
Cell_3136	1	1	NA	-3.36900207944773	-2.13990094784617
Cell_3137	1	1	NA	-5.43129243142354	-4.36593214829442
Cell_3138	1	1	NA	-0.436403139269769	-1.30155073286205
Cell_3139	1	1	NA	-2.56337839404193	-2.8491245220222
Cell_3140	1	1	NA	-0.440726542585765	-1.9604281441318
Cell_3141	3	1	NA	3.34472122783536	5.85419122047482
Cell_3142	2	1	NA	3.87923446431768	2.72555474897186
Cell_3143	1	1	NA	-6.79840636808304	-3.56338604726451
Cell_3144	1	1	NA	-2.01154659425497	-0.483886903034328
Cell_3145	1	1	NA	-1.17588373127667	-2.43324184011922
Cell_3146	2	1	NA	3.44867648803207	2.27345830798165
Cell_3147	1	1	NA	-1.74253701422803	-4.19423033676129
Cell_3148	2	1	NA	4.37815720415488	3.16699601308484
Cell_3149	2	1	NA	2.97903668056794	1.2267656701634
Cell_3150	1	1	NA	2.47544822361968	-2.54499299230741
Cell_3151	2	1	NA	2.35789415398305	0.382976971638617
Cell_3152	1	1	NA	-5.77604516413837	-3.6134431446345
Cell_3153	1	1	NA	-4.49953596212957	-3.7664508058348
Cell_3154	2	1	NA	3.31871710908393	1.62510367672116
Cell_3155	2	1	NA	3.46272045991031	1.71467664234229
Cell_3156	2	1	NA	3.40490766831554	1.32919499398791
Cell_3157	2	1	NA	4.97499866902638	3.8639779462554
Cell_3158	1	1	NA	-1.90503524963868	-0.0390394027936746
Cell_3159	2	1	NA	3.65581169120616	4.81766514154765
Cell_3160	3	1	NA	0.596556682266067	8.83161944908424
Cell_3161	3	1	NA	3.14970657478468	6.93984281287275
Cell_3162	1	1	NA	0.1834312383706	-4.52298479119659
Cell_3163	1	1	NA	0.923626689024097	-1.96154906758056
Cell_3164	3	1	NA	0.352721904184305	8.99466605326752
Cell_3165	1	1	NA	1.5027551762022	-2.95172070802712
Cell_3166	2	1	NA	3.81703881554982	1.73604578955805
Cell_3167	2	1	NA	3.80885508901352	3.56326682042967
Cell_3168	1	1	NA	-3.39823551848853	-3.0024817117476
Cell_3169	1	1	NA	-3.39249045351495	-3.87691055778014
Cell_3170	3	1	NA	0.716118293168855	8.88589536310545
Cell_3171	1	1	NA	-4.48238179020496	-4.19339098705749
Cell_3172	2	1	NA	3.06921554274426	2.10932094452394
Cell_3173	3	1	NA	0.788591976582141	8.83697817937644
Cell_3174	3	1	NA	-0.256184118557581	8.98595913938333
Cell_3175	1	1	NA	0.998332568631785	-0.422240964690536
Cell_3176	3	1	NA	2.31451300175085	7.47826505477067
Cell_3177	1	1	NA	-2.37649144959333	-3.79543355598791
Cell_3178	1	1	NA	-6.57979952044818	-3.82229429663302
Cell_3179	3	1	NA	3.07911902525164	6.72637385137587
Cell_3180	1	1	NA	-0.974396656598629	-1.60582728072993
Cell_3181	2	1	NA	3.18653486603144	1.95221242551352
Cell_3182	2	1	NA	3.54893740335248	0.0570613711820041
Cell_3183	3	1	NA	2.73506462199325	7.09099557544684
Cell_3184	2	1	NA	3.33814643526415	-0.0680082042837334
Cell_3185	1	1	NA	0.59851248543321	-0.306939256342446
Cell_3186	2	1	NA	3.70652343522308	4.695948728873
Cell_3187	2	1	NA	2.43068502032796	-1.00355434676244
Cell_3188	1	1	NA	-0.961502471179015	0.537289994363845
Cell_3189	1	1	NA	1.43775436800546	-2.33329910525283
Cell_3190	1	1	NA	0.304756147027456	-2.70929750143208
Cell_3191	2	1	NA	3.5426045272321	2.88203954656595
Cell_3192	1	1	NA	0.971370656265237	-2.06951264278233
Cell_3193	1	1	NA	-4.0613836229641	-2.75557543824175
Cell_3194	1	1	NA	1.03615936070882	-0.478565261821698
Cell_3195	1	1	NA	-1.2010357730718	-3.8515584119727
Cell_3196	1	1	NA	1.30536934376209	-1.09435292840454
Cell_3197	1	1	NA	-5.24573859296618	-3.38189883560262
Cell_3198	2	1	NA	2.71013560329927	0.476396258849039
Cell_3199	3	1	NA	1.05200368927326	8.77571516776517
Cell_3200	1	1	NA	-1.34812851515944	-4.87201190125325
Cell_3201	1	1	NA	3.76850494412434	-8.05138311019777
Cell_3202	3	1	NA	2.62399693859401	7.36701200196541
Cell_3203	3	1	NA	1.99867617447851	7.91167277769626
Cell_3204	2	1	NA	2.74750866603796	-0.144821943732109
Cell_3205	1	1	NA	-2.69262156468434	-4.24497926192885
Cell_3206	1	1	NA	-4.64712458591354	-3.29090759700843
Cell_3207	1	1	NA	-4.3078905759788	-4.36171856369814
Cell_3208	3	1	NA	3.39359939232457	6.63371319398438
Cell_3209	1	1	NA	0.377855036422718	-3.82845762339497
Cell_3210	1	1	NA	0.638951946332904	-0.589180691239217
Cell_3211	2	1	NA	4.00494750739944	0.808651834178677
Cell_3212	2	1	NA	2.38967217155196	0.0905404392501976
Cell_3213	2	1	NA	4.1468481721173	4.13918846147452
Cell_3214	2	1	NA	3.84346488340791	5.41584671883775
Cell_3215	1	1	NA	-7.36899015078178	-4.04183687207197
Cell_3216	1	1	NA	-2.64396812961573	-3.41807189471847
Cell_3217	3	1	NA	0.233247477323387	8.98918203641422
Cell_3218	1	1	NA	0.486887975161892	-2.77552983014267
Cell_3219	1	1	NA	-4.10771273013415	-3.05208991963213
Cell_3220	2	1	NA	3.28319430120228	0.621942429594303
Cell_3221	2	1	NA	4.07961749193293	2.45762169528282
Cell_3222	2	1	NA	3.70942631951083	2.97783630855236
Cell_3223	2	1	NA	3.42519328272686	3.69587168096234
Cell_3224	2	1	NA	3.28805921651359	2.66326629442776
Cell_3225	1	1	NA	-1.64089565066054	-2.91354882657976
Cell_3226	2	1	NA	1.68166988428709	0.754288721767507
Cell_3227	3	1	NA	3.58664822468007	6.8617433035966
Cell_3228	1	1	NA	-0.345139355199062	-2.85061113374386
Cell_3229	1	1	NA	-1.94832689114504	-3.16654844660459
Cell_3230	1	1	NA	-2.1214330892592	-2.92926811864993
Cell_3231	3	1	NA	3.92076323257609	6.06824400818722
Cell_3232	3	1	NA	0.32654272675887	8.78216011737542
Cell_3233	1	1	NA	-5.94549308444276	-4.14503474949591
Cell_3234	2	1	NA	1.80369644817776	0.965122621465198
Cell_3235	1	1	NA	-2.86423080259548	-3.03053602774483
Cell_3236	3	1	NA	3.49382545229118	5.84396140804224
Cell_3237	3	1	NA	1.01554475325109	8.74595368197818
Cell_3238	2	1	NA	3.92764568563578	3.77023121582669
Cell_3239	2	1	NA	2.76631856732735	-0.0930587120191594
Cell_3240	1	1	NA	-4.92264803008757	-4.5780045552684
Cell_3241	2	1	NA	3.03924427086471	1.47899818901648
Cell_3242	1	1	NA	1.1753261825916	-0.217764450321096
Cell_3243	2	1	NA	2.67242924696431	0.566250360085718
Cell_3244	1	1	NA	-5.84065112283341	-4.56452427488668
Cell_3245	1	1	NA	-0.106223582842142	-1.69891122943608
Cell_3246	2	1	NA	4.18706342138057	4.22911304678805
Cell_3247	2	1	NA	1.68341395702061	1.53170313824683
Cell_3248	3	1	NA	3.32739089293348	6.41647559126316
Cell_3249	2	1	NA	3.53650290000086	4.69949619934238
Cell_3250	1	1	NA	-1.65877974309562	-2.39507680772195
Cell_3251	2	1	NA	3.49192087447063	0.547218056970703
Cell_3252	1	1	NA	3.804665872354	-7.57024213594612
Cell_3253	1	1	NA	-1.69347049733131	-0.658388884846141
Cell_3254	1	1	NA	0.632450538347817	-3.87859102842408
Cell_3255	2	1	NA	2.65143929325081	-0.784000285312685
Cell_3256	2	1	NA	4.20035260330509	2.20415045196817
Cell_3257	1	1	NA	-5.05599612773128	-3.95410442553059
Cell_3258	1	1	NA	-5.35779567197678	-4.15484919570711
Cell_3259	2	1	NA	2.20454129540059	0.307975694920042
Cell_3260	2	1	NA	3.06998635373417	0.255233701033678
Cell_3261	3	1	NA	0.461769987372234	8.84806137518556
Cell_3262	1	1	NA	-8.92562609957593	-4.0803618121956
Cell_3263	2	1	NA	2.40691707292814	0.297666022196846
Cell_3264	1	1	NA	0.560697099137632	-2.33113038233469
Cell_3265	1	1	NA	-1.03691228578966	-2.14432799111087
Cell_3266	2	1	NA	4.03385007410711	2.78750779357079
Cell_3267	1	1	NA	1.3269641381383	-0.919338852533616
Cell_3268	1	1	NA	-7.21269400816519	-4.49169607028091
Cell_3269	2	1	NA	2.24660861892302	-0.0698116273275963
Cell_3270	1	1	NA	-5.1830587845296	-4.24817610344584
Cell_3271	1	1	NA	1.61063746945136	-3.40682102091524
Cell_3272	1	1	NA	-0.752475639109995	-1.81878351571205
Cell_3273	1	1	NA	-1.70976129647311	-1.96881756826871
Cell_3274	1	1	NA	0.354718230666179	-4.29107482131756
Cell_3275	2	1	NA	3.0778532137379	0.308367819539286
Cell_3276	2	1	NA	4.11491848626736	5.10101716731502
Cell_3277	1	1	NA	-4.19641570657946	-3.77153133354248
Cell_3278	2	1	NA	3.5320650023451	1.91585833790134
Cell_3279	1	1	NA	-0.316919296779817	-1.86473620569808
Cell_3280	1	1	NA	-3.21864934224538	-2.24250912259111
Cell_3281	3	1	NA	0.18105734122933	9.00407464966183
Cell_3282	1	1	NA	-6.72359528751965	-4.49751493061005
Cell_3283	1	1	NA	-0.235514989577518	-0.842603725425076
Cell_3284	1	1	NA	-7.36299710719638	-4.52202081499255
Cell_3285	1	1	NA	-1.61548893059851	-1.31965719132749
Cell_3286	1	1	NA	-2.02382837164786	-3.10095989401779
Cell_3287	2	1	NA	3.88162044947547	4.83321843425508
Cell_3288	2	1	NA	2.17970221277998	-0.583187575986821
Cell_3289	1	1	NA	-4.71002149291833	-3.35225111315183
Cell_3290	2	1	NA	3.64816358452017	3.38347621387234
Cell_3291	1	1	NA	-7.16246902430664	-4.61241689358777
Cell_3292	3	1	NA	0.408750586150805	8.88507491271199
Cell_3293	1	1	NA	-1.50442855286921	-2.87556228169951
Cell_3294	1	1	NA	-1.0296966962532	0.527829423200311
Cell_3295	2	1	NA	4.03210774767389	4.08563459455493
Cell_3296	1	1	NA	-7.30009076953001	-4.5497379587469
Cell_3297	1	1	NA	-4.37988956064364	-4.16868160758797
Cell_3298	2	1	NA	3.62801898429144	2.37789356546639
Cell_3299	2	1	NA	1.38182078665217	0.272476620461074
Cell_3300	2	1	NA	1.71066015955323	1.6187725289821
Cell_3301	2	1	NA	3.952862481525	2.60072010742371
Cell_3302	1	1	NA	-5.38832833118375	-4.08841892601014
Cell_3303	1	1	NA	-2.72088686355269	-2.73447397517876
Cell_3304	2	1	NA	2.03981903048163	-0.90051674046257
Cell_3305	2	1	NA	2.73417589287149	-0.241258987152174
Cell_3306	1	1	NA	0.88089274798901	-0.301617423461799
Cell_3307	2	1	NA	3.21930630731333	5.37284421616289
Cell_3308	3	1	NA	-1.21903056595271	9.23282796999681
Cell_3309	1	1	NA	-8.8776257406633	-3.62843388423594
Cell_3310	1	1	NA	-0.51461230799612	-2.05511535189941
Cell_3311	3	1	NA	3.72174965170812	5.94557156072492
Cell_3312	2	1	NA	3.29249620625052	-0.361518412453948
Cell_3313	1	1	NA	0.809749641720411	-2.30751943685962
Cell_3314	1	1	NA	1.05612092239755	-1.60808049124428
Cell_3315	1	1	NA	-5.24660597972321	-4.22923143600073
Cell_3316	1	1	NA	-3.75857294199156	-3.26353549869269
Cell_3317	2	1	NA	4.17564720907752	2.62134143119351
Cell_3318	1	1	NA	0.186892909243179	-4.3858206343581
Cell_3319	1	1	NA	-4.4983151079603	-3.64171754035561
Cell_3320	2	1	NA	1.79324618607555	0.639456248692278
Cell_3321	1	1	NA	0.609158375325345	-3.29645220798
Cell_3322	1	1	NA	-5.06032600628995	-3.22221976929878
Cell_3323	1	1	NA	-7.12143755431175	-4.29538820695737
Cell_3324	1	1	NA	-5.21732196662209	-4.39655976225099
Cell_3325	2	1	NA	3.5155158365312	5.62024717384843
Cell_3326	1	1	NA	0.522700044541578	-3.35302086708921
Cell_3327	1	1	NA	-6.42378303580537	-4.35886847272467
Cell_3328	2	1	NA	2.30578412230355	0.436828183295304
Cell_3329	1	1	NA	0.849121859766702	-3.82822977425682
Cell_3330	1	1	NA	0.481132897400262	-3.1734565144153
Cell_3331	1	1	NA	-5.45153586791697	-3.75161914505942
Cell_3332	1	1	NA	-1.22267509333645	-1.77272910025273
Cell_3333	1	1	NA	-0.268845769196533	0.121494444844338
Cell_3334	2	1	NA	1.97864481005424	0.616839533276299
Cell_3335	1	1	NA	-2.54691700976354	-2.56185017422195
Cell_3336	2	1	NA	3.31251453089335	-0.44726758677696
Cell_3337	1	1	NA	-2.33413568107162	-2.50119010432975
Cell_3338	2	1	NA	2.68914051946972	-0.0446330608115593
Cell_3339	1	1	NA	1.16535809892281	-2.41024108622549
Cell_3340	1	1	NA	-7.47808940441819	-4.10869342573647
Cell_3341	2	1	NA	2.11558997600876	0.113783795208668
Cell_3342	1	1	NA	-4.92862385139376	-2.98030303543561
Cell_3343	3	1	NA	1.77226505133868	8.07277001593585
Cell_3344	1	1	NA	-1.80485695452844	-2.89658810392909
Cell_3345	2	1	NA	3.0989019780557	-0.503390262934335
Cell_3346	1	1	NA	2.69356789000014	-2.23856034242843
Cell_3347	2	1	NA	3.17273697902495	0.447825132313245
Cell_3348	1	1	NA	-2.40016434624256	-2.7646830710231
Cell_3349	3	1	NA	1.62934588228623	8.32779775382591
Cell_3350	1	1	NA	-4.04104448027988	-4.09418469442403
Cell_3351	1	1	NA	-5.10437248291315	-3.73373655578818
Cell_3352	2	1	NA	2.4396648673478	1.19386903032717
Cell_3353	1	1	NA	-3.32461510577046	-2.69090796672183
Cell_3354	1	1	NA	-3.62632561917935	-2.97389474519763
Cell_3355	1	1	NA	-4.95210084473386	-4.2776677980926
Cell_3356	1	1	NA	-1.34833185034555	-2.36945615851748
Cell_3357	1	1	NA	-2.90802262572708	-3.3016887100438
Cell_3358	3	1	NA	3.3565527571526	6.23200660921073
Cell_3359	1	1	NA	-1.26970947505541	-1.85658852800902
Cell_3360	2	1	NA	4.32502428564622	1.87293478109792
Cell_3361	1	1	NA	-2.83024697437781	-3.11245450849128
Cell_3362	2	1	NA	3.59106509834866	2.69868955250337
Cell_3363	2	1	NA	4.25064579171617	4.8004463454466
Cell_3364	3	1	NA	1.01856527655834	8.66376626666651
Cell_3365	2	1	NA	4.43546635601689	2.3399754587558
Cell_3366	1	1	NA	2.16474842036221	-2.76396154805131
Cell_3367	1	1	NA	-2.73909741292732	-4.22153624264255
Cell_3368	2	1	NA	3.41525527175638	3.33439267549725
Cell_3369	1	1	NA	0.199945668742951	-3.40276964405193
Cell_3370	1	1	NA	0.557314919317812	-0.645512333483805
Cell_3371	1	1	NA	-5.35714633981614	-3.62525277838828
Cell_3372	1	1	NA	-2.73121328748119	-3.03396470837509
Cell_3373	1	1	NA	-5.28548783236306	-4.57023365184745
Cell_3374	2	1	NA	3.95837014291421	1.43978687008061
Cell_3375	2	1	NA	4.09716335598931	4.27583329718804
Cell_3376	2	1	NA	3.75145680653108	3.61731099402362
Cell_3377	1	1	NA	0.332858674968643	-4.31499682441652
Cell_3378	1	1	NA	0.680649517362952	-0.839633230220488
Cell_3379	1	1	NA	-1.95118842304254	-2.20320173515615
Cell_3380	2	1	NA	4.30761061129305	1.98152344119687
Cell_3381	1	1	NA	-5.75048625156591	-3.64860010026737
Cell_3382	1	1	NA	-1.88838401800286	-0.526329344994114
Cell_3383	1	1	NA	-0.870896249246432	-2.42521896003962
Cell_3384	1	1	NA	-2.04592238181047	-2.86165333195932
Cell_3385	1	1	NA	3.83169611822678	-7.83337682483211
Cell_3386	1	1	NA	-3.31061229085708	-2.46726738083252
Cell_3387	1	1	NA	-1.85532230366635	-2.52800482155876
Cell_3388	2	1	NA	4.42798037238842	4.33427818482354
Cell_3389	2	1	NA	3.75865145233805	0.566364915429885
Cell_3390	2	1	NA	1.44943069175912	-1.16555702681196
Cell_3391	3	1	NA	3.18115959654221	6.9003638969993
Cell_3392	2	1	NA	1.72924759272134	1.04014569006361
Cell_3393	1	1	NA	-3.80016271689146	-2.67031405054036
Cell_3394	2	1	NA	2.60627640890228	2.23328995716326
Cell_3395	2	1	NA	4.30224590827559	4.66694842741967
Cell_3396	2	1	NA	2.61471696890682	0.463807556978166
Cell_3397	1	1	NA	2.5611128130817	-2.4598302352841
Cell_3398	3	1	NA	3.09084403016033	6.99990468080557
Cell_3399	1	1	NA	0.946646708461682	-3.76754689479538
Cell_3400	1	1	NA	-5.5732228260153	-4.29692444299674
Cell_3401	2	1	NA	1.86611149856571	1.55869407186831
Cell_3402	1	1	NA	-4.87509879442982	-4.510764451515
Cell_3403	1	1	NA	-0.143308721366219	-2.84045626529251
Cell_3404	3	1	NA	1.0613737670501	8.74757738559726
Cell_3405	2	1	NA	4.45809899102527	3.54625318306407
Cell_3406	1	1	NA	-5.91320050748555	-4.17004662542412
Cell_3407	2	1	NA	2.12746949579471	1.01276887931746
Cell_3408	1	1	NA	-0.44732835377344	-2.93210025006618
Cell_3409	1	1	NA	-2.72109863882721	-2.78354622096689
Cell_3410	2	1	NA	3.86187751033701	0.758661955748637
Cell_3411	2	1	NA	2.31296972668842	-1.04661363308569
Cell_3412	3	1	NA	2.35190502953333	7.62821006980152
Cell_3413	1	1	NA	-1.81470005390738	-1.99085382128953
Cell_3414	1	1	NA	-1.70884162158445	-1.45359259153469
Cell_3415	3	1	NA	2.88594798447543	6.69475394469479
Cell_3416	2	1	NA	3.83784518336997	3.4957524582822
Cell_3417	1	1	NA	-2.35997477999823	-3.74360566025961
Cell_3418	2	1	NA	1.75871657582702	-1.22359141757204
Cell_3419	1	1	NA	-7.70020949109691	-4.21028371762487
Cell_3420	1	1	NA	-6.57183373133292	-3.43788392128768
Cell_3421	1	1	NA	-3.48992497816055	-4.12013604812139
Cell_3422	2	1	NA	4.10401698516797	3.82843617816369
Cell_3423	2	1	NA	3.17325172783368	4.75640247595391
Cell_3424	1	1	NA	-2.00203618890858	-1.76375141302443
Cell_3425	2	1	NA	3.05809417693323	1.37241696776835
Cell_3426	3	1	NA	-0.486711730532913	9.05533886223791
Cell_3427	3	1	NA	2.36968789534716	7.68616794756938
Cell_3428	2	1	NA	3.56857244691914	4.67981348266079
Cell_3429	2	1	NA	3.78177657084714	5.09477679850914
Cell_3430	3	1	NA	-1.81468094840764	9.37520638607554
Cell_3431	2	1	NA	3.94052508028473	4.13780091934987
Cell_3432	1	1	NA	0.375614078570609	-3.36361425468348
Cell_3433	1	1	NA	-4.79016109023472	-3.9478987693335
Cell_3434	2	1	NA	3.455607390727	4.46314594302913
Cell_3435	1	1	NA	3.79040904931431	-7.69776681440576
Cell_3436	1	1	NA	-9.06230851981518	-3.98162683391745
Cell_3437	2	1	NA	3.52832508847234	2.78834065788864
Cell_3438	3	1	NA	2.69698274875774	7.13661334329456
Cell_3439	1	1	NA	-3.56078489108656	-2.98243228061723
Cell_3440	1	1	NA	1.42229580669434	-2.93811395670026
Cell_3441	3	1	NA	3.31067424090241	6.2546576867586
Cell_3442	1	1	NA	-2.83591856364638	-4.34726368674769
Cell_3443	2	1	NA	3.43661373556092	3.14886912154717
Cell_3444	2	1	NA	1.53312510066725	0.389437888848363
Cell_3445	3	1	NA	1.61560889035103	8.32515089148998
Cell_3446	3	1	NA	-1.48205708795363	9.3062162829411
Cell_3447	1	1	NA	0.726351266235902	-0.771617449499712
Cell_3448	2	1	NA	2.99432348060405	1.05830002239262
Cell_3449	1	1	NA	-0.576602980143248	-2.18459247449755
Cell_3450	1	1	NA	-3.03112695708491	-2.35140656612797
Cell_3451	3	1	NA	2.59870983447735	7.19571160173612
Cell_3452	1	1	NA	-2.8386594004355	-3.00085601521295
Cell_3453	2	1	NA	3.61850168597264	1.35065643508295
Cell_3454	1	1	NA	0.213837976397023	-2.44125502860037
Cell_3455	2	1	NA	3.32525060230674	2.16978243845817
Cell_3456	2	1	NA	2.30255745433087	1.99371441646047
Cell_3457	1	1	NA	-4.65697470750698	-3.87136477699593
Cell_3458	2	1	NA	3.2259578883439	4.87776240429225
Cell_3459	1	1	NA	-7.39798946628246	-4.08729808256862
Cell_3460	1	1	NA	-5.51627574446223	-4.43675156072969
Cell_3461	1	1	NA	-1.88564423827586	-3.04447852627359
Cell_3462	1	1	NA	1.18942819010324	-1.02926679694647
Cell_3463	1	1	NA	-6.16028037281207	-4.2508985256301
Cell_3464	1	1	NA	0.414673560158735	-2.49070404664786
Cell_3465	2	1	NA	2.74552370251593	-1.07383489597845
Cell_3466	1	1	NA	-7.2985265138923	-4.0984191772962
Cell_3467	2	1	NA	2.99455477403802	2.09781983053325
Cell_3468	1	1	NA	3.79693515178411	-8.00592464928724
Cell_3469	2	1	NA	3.34022381794038	2.31900727462149
Cell_3470	2	1	NA	3.76606511674853	5.36747481801403
Cell_3471	1	1	NA	2.36879028788841	-3.23360903634751
Cell_3472	1	1	NA	3.80058050119155	-7.60643867680869
Cell_3473	1	1	NA	-9.29624675223011	-4.22859246903397
Cell_3474	2	1	NA	4.08106568742223	3.56145611083163
Cell_3475	1	1	NA	0.644517681355259	-4.15996462021463
Cell_3476	1	1	NA	-3.14369501438522	-2.80296498295911
Cell_3477	1	1	NA	-4.172320255879	-3.91230175518245
Cell_3478	1	1	NA	0.0172315563007039	-1.51061488272025
Cell_3479	3	1	NA	2.20233417504334	7.92548601625126
Cell_3480	3	1	NA	3.25852828690555	6.15396924043396
Cell_3481	2	1	NA	2.70893057150121	1.19634793774713
Cell_3482	1	1	NA	-1.09831973705371	-4.6153852696344
Cell_3483	3	1	NA	3.09646348131038	6.23514124367854
Cell_3484	1	1	NA	-2.2893065893879	-0.655759686123951
Cell_3485	1	1	NA	-3.23132867218979	-2.84315545251987
Cell_3486	2	1	NA	1.92076894955666	-1.2080077026508
Cell_3487	1	1	NA	-5.46879503214345	-3.94814382324665
Cell_3488	1	1	NA	-2.08474053499203	-0.922494393933049
Cell_3489	2	1	NA	2.48883172446344	2.1664983294866
Cell_3490	2	1	NA	2.02866678883295	-1.42697005012977
Cell_3491	1	1	NA	-5.06552033446604	-3.78901719825956
Cell_3492	1	1	NA	-2.34310773172378	-1.24997815232039
Cell_3493	2	1	NA	2.00104051303117	-0.201361775918321
Cell_3494	1	1	NA	1.26344869779535	-3.15906484361078
Cell_3495	1	1	NA	-5.42840499251041	-3.4543159641792
Cell_3496	1	1	NA	-7.63495516797797	-4.39205643772569
Cell_3497	1	1	NA	-1.82732132125671	-0.605465288456377
Cell_3498	2	1	NA	1.77336403220336	-0.30130808886436
Cell_3499	1	1	NA	-2.11781802941439	-4.15718214198962
Cell_3500	2	1	NA	2.88684011631905	-0.979795361460541
Cell_3501	3	1	NA	3.95087788156602	5.71084575384829
Cell_3502	1	1	NA	-2.11348807362167	-3.9668673694982
Cell_3503	1	1	NA	-1.36300468723856	-3.7685123728049
Cell_3504	2	1	NA	4.02546934443517	3.74283683010293
Cell_3505	2	1	NA	3.98976024868664	3.85062939759383
Cell_3506	1	1	NA	2.9308095508671	-2.98154297147461
Cell_3507	1	1	NA	-1.28300831788139	-4.90779628949208
Cell_3508	1	1	NA	-3.39202951678212	-3.05265476997443
Cell_3509	3	1	NA	3.25973583985778	7.05425709321955
Cell_3510	1	1	NA	-4.47596012242197	-3.5572235812069
Cell_3511	1	1	NA	0.942126063782942	0.181290034012079
Cell_3512	2	1	NA	3.5206238215273	0.780806506375951
Cell_3513	3	1	NA	3.15276646431976	6.83973814798065
Cell_3514	1	1	NA	-0.598454768575689	-1.50759973416764
Cell_3515	2	1	NA	3.31202897393128	0.928441581409669
Cell_3516	1	1	NA	-2.6310893106926	-3.7997261750546
Cell_3517	1	1	NA	-7.03408156427834	-3.62774205484252
Cell_3518	2	1	NA	3.15794397091233	-0.159305155192254
Cell_3519	1	1	NA	-5.166679215634	-4.15218584742801
Cell_3520	2	1	NA	1.87183862130057	-0.549347665548053
Cell_3521	1	1	NA	-0.448889692490346	-2.16094949532611
Cell_3522	1	1	NA	1.64382194901884	-1.72973845364871
Cell_3523	2	1	NA	1.69180941606397	-1.28464668126619
Cell_3524	3	1	NA	-0.374007584675826	9.10992085979483
Cell_3525	3	1	NA	0.125071887590308	8.96728053923472
Cell_3526	2	1	NA	2.00686677889342	1.18682594775281
Cell_3527	1	1	NA	-0.258984747227248	-1.1044724147478
Cell_3528	1	1	NA	-0.548386558046567	-3.40278144223317
Cell_3529	1	1	NA	-7.35749410568255	-4.1734174412314
Cell_3530	2	1	NA	4.39915336605769	2.56849441192302
Cell_3531	1	1	NA	-3.70480856189909	-4.34277086005514
Cell_3532	1	1	NA	-6.33235635192338	-4.53164460161176
Cell_3533	3	1	NA	0.857581632062812	8.78180849878551
Cell_3534	1	1	NA	-0.751142104442881	0.778957567372439
Cell_3535	1	1	NA	-3.5094480425369	-2.62790398716035
Cell_3536	2	1	NA	3.50975404800249	-0.126261494029126
Cell_3537	2	1	NA	4.14513488362987	2.48722850348125
Cell_3538	1	1	NA	-5.05080714814505	-3.56989393602912
Cell_3539	1	1	NA	-4.92718337550192	-3.79480662494873
Cell_3540	1	1	NA	-1.187180798715	-2.92884289402113
Cell_3541	3	1	NA	2.05311648347554	8.07730809167403
Cell_3542	2	1	NA	3.56920973836752	3.13841658698248
Cell_3543	1	1	NA	-4.03938773719853	-3.03486358058728
Cell_3544	2	1	NA	3.75624722675926	0.792661430891333
Cell_3545	1	1	NA	0.613916638447285	-2.55684330550471
Cell_3546	2	1	NA	3.87442573842025	3.60995161638279
Cell_3547	1	1	NA	-1.63424249885018	-3.75160991125218
Cell_3548	1	1	NA	-1.38403283287552	-1.43454083133242
Cell_3549	1	1	NA	0.858360789071102	-0.293955898004709
Cell_3550	2	1	NA	3.96191841360756	3.82629236016671
Cell_3551	2	1	NA	4.00934368587589	3.26178744037485
Cell_3552	1	1	NA	-4.88840309729361	-3.7691349065064
Cell_3553	1	1	NA	-1.3205611355867	-5.0156078975552
Cell_3554	1	1	NA	0.00633845766768437	-0.798668153263746
Cell_3555	2	1	NA	2.54096417500701	2.31814168983344
Cell_3556	2	1	NA	3.80046549996637	1.45719473614949
Cell_3557	1	1	NA	-1.62375910600063	-1.67981862068795
Cell_3558	1	1	NA	-1.49713495210338	-1.68488628730793
Cell_3559	3	1	NA	-1.11275077814182	9.22996666216287
Cell_3560	3	1	NA	2.30476778706751	7.49923057680666
Cell_3561	1	1	NA	-0.121956762125443	-3.47355995976931
Cell_3562	1	1	NA	-5.97434428432471	-4.10984523747957
Cell_3563	2	1	NA	1.36893872302296	0.508185122381924
Cell_3564	2	1	NA	3.73800608811402	1.56173459175661
Cell_3565	1	1	NA	-7.29487720054754	-3.734714927985
Cell_3566	1	1	NA	-8.20847191079207	-3.71966208848339
Cell_3567	2	1	NA	4.05249527480443	2.72475606334206
Cell_3568	2	1	NA	3.4674910396461	4.38769676815161
Cell_3569	1	1	NA	-3.47314781586191	-3.05520825566235
Cell_3570	1	1	NA	0.448729474773187	-3.05505180468354
Cell_3571	1	1	NA	-4.97214236911466	-3.10713366689566
Cell_3572	1	1	NA	-0.891676446103069	-1.63119287541749
Cell_3573	2	1	NA	4.25227321786085	3.81713773724448
Cell_3574	2	1	NA	1.97506847006677	0.090555696870836
Cell_3575	3	1	NA	2.78496749612592	7.31539658176641
Cell_3576	3	1	NA	3.69446352419029	6.46643432677222
Cell_3577	2	1	NA	3.70174575458223	3.79092699873277
Cell_3578	1	1	NA	-1.54022896918453	-3.20831437277861
Cell_3579	2	1	NA	3.44587938055672	1.7078315073041
Cell_3580	3	1	NA	1.54479108715477	8.51136305597552
Cell_3581	1	1	NA	1.15074268863785	-0.806749063711057
Cell_3582	3	1	NA	2.63774806480205	7.69790410176426
Cell_3583	1	1	NA	-0.183098918940278	-0.394687528621105
Cell_3584	1	1	NA	-6.9593773793859	-4.18573441333432
Cell_3585	3	1	NA	3.29466015310784	5.86983735745652
Cell_3586	2	1	NA	4.24730760769292	1.78953613141542
Cell_3587	2	1	NA	3.79755238786209	4.49422873163725
Cell_3588	2	1	NA	1.41788581934707	-0.430243746497994
Cell_3589	1	1	NA	-1.97559906888104	-2.32327791967431
Cell_3590	2	1	NA	2.9271977354657	0.35514994461088
Cell_3591	1	1	NA	-1.84808644963126	-2.20096237640244
Cell_3592	1	1	NA	1.67638417396821	-3.35452231352687
Cell_3593	1	1	NA	-4.55901145671265	-3.02046466129881
Cell_3594	1	1	NA	-3.92723942878348	-2.57704173479
Cell_3595	2	1	NA	3.19254473686194	0.381112310967624
Cell_3596	1	1	NA	-0.770675166369613	-2.31131788475449
Cell_3597	1	1	NA	-0.0701970170372364	-3.46270082901536
Cell_3598	1	1	NA	-1.96308193826833	-2.92482895973747
Cell_3599	2	1	NA	3.45260237233631	2.67755445451132
Cell_3600	3	1	NA	0.550350685849577	8.92165503535537
Cell_3601	1	1	NA	-1.51388814806985	-2.10949820674258
Cell_3602	3	1	NA	3.48532712656407	6.62438995795192
Cell_3603	1	1	NA	2.21696288934788	-2.54567984879898
Cell_3604	2	1	NA	1.59464867423528	-1.21335633070268
Cell_3605	1	1	NA	-0.328260694378152	-3.03302541166211
Cell_3606	1	1	NA	-2.1809405642044	-2.04836110916792
Cell_3607	1	1	NA	-6.79145333981401	-4.56729166532856
Cell_3608	2	1	NA	4.15793766336892	2.56457454319363
Cell_3609	2	1	NA	4.2760780079151	3.4219384151542
Cell_3610	1	1	NA	0.247559048268822	-3.20929012527217
Cell_3611	3	1	NA	0.308508712765313	8.84667506822016
Cell_3612	1	1	NA	-4.37040897023353	-4.39309587664082
Cell_3613	1	1	NA	1.2390607838033	-2.18037638350545
Cell_3614	1	1	NA	-4.20713971567529	-4.11496845775826
Cell_3615	3	1	NA	-1.10264093653949	9.24252546750257
Cell_3616	1	1	NA	0.671791979616885	-2.74348163733773
Cell_3617	1	1	NA	0.209910594016112	0.533767941410929
Cell_3618	1	1	NA	-4.62855653506693	-3.42547329037934
Cell_3619	1	1	NA	-7.28894609739388	-4.15769265823903
Cell_3620	1	1	NA	-0.710358941560029	-1.82183907562156
Cell_3621	1	1	NA	-1.91652517660205	-0.0571811950248243
Cell_3622	1	1	NA	-2.0818482691613	-0.425491248281576
Cell_3623	2	1	NA	1.79215978570708	0.661194799177095
Cell_3624	1	1	NA	2.56315352629494	-1.86267970332249
Cell_3625	1	1	NA	-5.32398351606446	-3.641309236644
Cell_3626	3	1	NA	-0.99221156006012	9.22513023089654
Cell_3627	3	1	NA	-0.28314135596358	9.05907068869374
Cell_3628	3	1	NA	2.75805972786837	6.78567108484137
Cell_3629	2	1	NA	1.47974084150712	-1.35071225001621
Cell_3630	1	1	NA	3.77908814310885	-8.0606905648496
Cell_3631	1	1	NA	-8.14741639607245	-3.70826656935382
Cell_3632	3	1	NA	0.724988390579136	8.58531685839407
Cell_3633	3	1	NA	-0.436051103839171	9.09464731098133
Cell_3634	1	1	NA	-4.19584802821978	-3.16545927339929
Cell_3635	2	1	NA	1.88995714017378	0.769270528811436
Cell_3636	3	1	NA	3.20275227484989	6.60285342012902
Cell_3637	3	1	NA	1.84923873826885	8.05072108596014
Cell_3638	2	1	NA	2.91651524668068	1.52208957348121
Cell_3639	2	1	NA	1.74234102276439	-0.879584687060291
Cell_3640	1	1	NA	-1.15383986734387	-1.70520530159497
Cell_3641	1	1	NA	-5.41389921858427	-3.73213915989296
Cell_3642	2	1	NA	3.47179366985242	0.368860425620038
Cell_3643	1	1	NA	0.831892145301174	-3.55164257954745
Cell_3644	1	1	NA	-2.97241826496553	-3.80750141785993
Cell_3645	2	1	NA	4.19012916753013	3.86330324925473
Cell_3646	1	1	NA	1.04262966898557	-1.84109103921831
Cell_3647	1	1	NA	3.77990901519967	-8.0538288120831
Cell_3648	2	1	NA	3.25385684818564	4.73829922977323
Cell_3649	1	1	NA	0.718226358535649	-0.781069358497368
Cell_3650	2	1	NA	3.27039392949337	0.75555062240704
Cell_3651	1	1	NA	-5.66580669219388	-4.21820221231207
Cell_3652	1	1	NA	-0.652031506503394	-2.42123922000171
Cell_3653	1	1	NA	-4.85316786506528	-4.01391748301761
Cell_3654	1	1	NA	-6.18398868236498	-4.35030451281414
Cell_3655	1	1	NA	-0.101617615151518	-2.57814325089207
Cell_3656	2	1	NA	3.56878995247188	2.20310750181829
Cell_3657	1	1	NA	-9.10350438862461	-3.97039642937915
Cell_3658	2	1	NA	2.82133095904995	-1.09759665360463
Cell_3659	1	1	NA	2.36153327874796	-2.28376650535029
Cell_3660	3	1	NA	2.02644870893662	8.17728571068299
Cell_3661	1	1	NA	-5.29134277783296	-4.22178458178812
Cell_3662	1	1	NA	-2.26423232892401	-0.900416734557547
Cell_3663	1	1	NA	-6.18296832703071	-3.56309442127081
Cell_3664	1	1	NA	-4.07200974065734	-2.94652024970843
Cell_3665	3	1	NA	3.14432592816939	5.91348657949628
Cell_3666	2	1	NA	4.23395634083427	4.48935099835267
Cell_3667	3	1	NA	0.882278272014445	8.78792576777414
Cell_3668	1	1	NA	-0.880838068516906	-0.793777701350792
Cell_3669	2	1	NA	2.73050645459415	-1.06695613400845
Cell_3670	2	1	NA	1.57267380480789	1.46424737147116
Cell_3671	2	1	NA	2.63941524968613	2.26292158458172
Cell_3672	2	1	NA	3.48307483041289	5.56484534145177
Cell_3673	1	1	NA	-2.42784387223128	-3.69446152023312
Cell_3674	1	1	NA	-5.43081133563192	-3.89677601430839
Cell_3675	1	1	NA	3.70391314842735	-8.09598045774952
Cell_3676	1	1	NA	-5.34406977374523	-3.64166158234384
Cell_3677	1	1	NA	-9.05501898833938	-3.98036334357312
Cell_3678	3	1	NA	3.72339120740586	6.23827769340802
Cell_3679	1	1	NA	3.84572568363798	-7.55140863810058
Cell_3680	2	1	NA	3.06231826210655	-0.229023611317887
Cell_3681	1	1	NA	1.66129802178844	-2.08667068497669
Cell_3682	1	1	NA	-3.76706410804163	-2.53838041989403
Cell_3683	3	1	NA	0.832964792909378	8.59160482880741
Cell_3684	1	1	NA	-5.27243104695797	-3.29510133511728
Cell_3685	1	1	NA	1.33950310511538	-2.19780740334669
Cell_3686	1	1	NA	-3.36694438810449	-2.2442294156757
Cell_3687	3	1	NA	2.8517463168324	7.07368655813591
Cell_3688	1	1	NA	-7.43062101509341	-4.33323161211006
Cell_3689	1	1	NA	0.453777401893362	-0.662124446880515
Cell_3690	1	1	NA	-6.60274999875643	-3.68964507074835
Cell_3691	1	1	NA	-8.0397459061679	-4.43152312274536
Cell_3692	2	1	NA	3.21221053230695	2.55128933712236
Cell_3693	1	1	NA	-2.7155249528972	-2.99413102016026
Cell_3694	3	1	NA	-1.26768579753464	9.27373583232868
Cell_3695	2	1	NA	2.70852975548011	-0.825043884429035
Cell_3696	1	1	NA	-1.49620679935085	-1.46896315954235
Cell_3697	3	1	NA	2.39037752848354	7.50762007164314
Cell_3698	1	1	NA	1.70379108732867	-2.6713917676791
Cell_3699	1	1	NA	-5.26084116177056	-3.97419593899392
Cell_3700	1	1	NA	-0.805313352334954	-2.38979881059983
Cell_3701	1	1	NA	-2.2434850543213	-2.67098660035267
Cell_3702	2	1	NA	2.98953476925344	2.11958872646093
Cell_3703	2	1	NA	3.85473607147636	4.80788435277387
Cell_3704	1	1	NA	1.55847274653731	-1.62423203868382
Cell_3705	2	1	NA	2.14916366771547	-1.80085405427491
Cell_3706	3	1	NA	2.49924019218271	7.86041529704989
Cell_3707	2	1	NA	3.44882062020629	2.75621112423607
Cell_3708	2	1	NA	2.37134879894841	0.370390787506258
Cell_3709	1	1	NA	-0.478350359262806	-1.84766216279308
Cell_3710	3	1	NA	1.67826308128335	8.25624896425419
Cell_3711	1	1	NA	1.47758233466241	-1.62784153438437
Cell_3712	1	1	NA	-4.77930073732367	-4.27520101819968
Cell_3713	3	1	NA	2.3929781080404	7.81611595068487
Cell_3714	2	1	NA	2.03536626587543	0.423685776281277
Cell_3715	1	1	NA	-7.01173905101601	-3.74227377777155
Cell_3716	1	1	NA	-4.56267597816443	-3.7594974469451
Cell_3717	2	1	NA	4.04665710318847	3.81650629164284
Cell_3718	1	1	NA	-4.98580192084291	-3.33540060281794
Cell_3719	3	1	NA	2.94060808968941	6.18882103033656
Cell_3720	1	1	NA	-6.17889993468357	-3.59874328482659
Cell_3721	1	1	NA	-3.61103276011153	-3.01943150745641
Cell_3722	2	1	NA	3.72961820631109	0.680181018053821
Cell_3723	2	1	NA	3.88835107346567	3.57474399442839
Cell_3724	1	1	NA	-3.26909628077638	-2.37996589577118
Cell_3725	1	1	NA	0.659880699022232	-0.163896218028428
Cell_3726	2	1	NA	3.92868579037023	4.63536551422539
Cell_3727	1	1	NA	-0.00371132022592957	-3.43504838332767
Cell_3728	1	1	NA	-1.99996754809089	-3.91917000240959
Cell_3729	2	1	NA	4.18493443549388	4.89313647709105
Cell_3730	1	1	NA	1.09116659652953	-1.43588164841676
Cell_3731	2	1	NA	4.27611434868412	2.17643743297354
Cell_3732	1	1	NA	2.3473327252329	-2.30006484441069
Cell_3733	3	1	NA	3.41361492853183	5.935828678845
Cell_3734	1	1	NA	-3.09476023802371	-2.45283449172574
Cell_3735	2	1	NA	4.08037061849589	4.64796117508113
Cell_3736	3	1	NA	1.08923328754467	8.38061644004121
Cell_3737	3	1	NA	3.14299668272856	6.09489509575835
Cell_3738	1	1	NA	-2.41247777677721	-0.991872904619119
Cell_3739	1	1	NA	0.332682025368163	-3.07708649299149
Cell_3740	1	1	NA	-2.25396959936038	-3.1952396797504
Cell_3741	1	1	NA	-3.17441669379709	-3.62716340102389
Cell_3742	1	1	NA	-4.70668162546762	-3.95662826015283
Cell_3743	2	1	NA	2.74289364784687	0.302983621319447
Cell_3744	3	1	NA	2.79414635018263	7.46781195741129
Cell_3745	1	1	NA	-2.82924638845298	-3.2672827109174
Cell_3746	3	1	NA	-0.352040086774745	9.09973561087418
Cell_3747	1	1	NA	-4.03442479296078	-3.09138066998366
Cell_3748	2	1	NA	2.81361325871967	1.45746240437546
Cell_3749	2	1	NA	3.54013651183654	5.33137125233349
Cell_3750	1	1	NA	-2.35615120389492	-3.22805129820162
Cell_3751	1	1	NA	-2.82790421954381	-4.31690791804764
Cell_3752	3	1	NA	-1.58448964570588	9.32570948656868
Cell_3753	2	1	NA	3.06278313855703	2.4481768705398
Cell_3754	1	1	NA	-1.14533563731648	-4.87233669756241
Cell_3755	1	1	NA	-2.20689743192353	-0.725152301807585
Cell_3756	2	1	NA	2.85206409614675	0.548915853668468
Cell_3757	2	1	NA	3.37307090408815	5.22994916990986
Cell_3758	2	1	NA	4.16767172312053	2.6099548248946
Cell_3759	2	1	NA	3.19242826244098	1.83921453912692
Cell_3760	3	1	NA	1.31794056801643	8.66843725448786
Cell_3761	3	1	NA	0.825368915177036	8.7995948849554
Cell_3762	1	1	NA	-3.71452156529928	-2.7075324785382
Cell_3763	2	1	NA	4.15237829146953	5.48452173665498
Cell_3764	2	1	NA	2.72885487275359	2.24496801023858
Cell_3765	1	1	NA	0.41619825009864	-4.22109411157386
Cell_3766	1	1	NA	-3.76549047631663	-3.49323296990368
Cell_3767	1	1	NA	-1.41901792482676	-3.25616440242448
Cell_3768	2	1	NA	1.51894354089974	-0.597514313241617
Cell_3769	2	1	NA	4.19289558863893	3.77702759244726
Cell_3770	2	1	NA	3.54030049836113	4.71626068731597
Cell_3771	1	1	NA	-0.408484565106306	-2.03006392866735
Cell_3772	1	1	NA	-1.36023582429504	-1.57849900592879
Cell_3773	2	1	NA	3.5070037637313	1.07413257893525
Cell_3774	3	1	NA	-0.480671390967332	9.11466967913141
Cell_3775	1	1	NA	-4.15398602379024	-4.067896183779
Cell_3776	1	1	NA	-0.514049299557083	-1.67010354020573
Cell_3777	2	1	NA	1.70160510686389	-0.967141386054749
Cell_3778	1	1	NA	-5.73997541860584	-4.68948720151051
Cell_3779	3	1	NA	2.40367468790503	7.23469181709698
Cell_3780	2	1	NA	2.94940140787461	1.24939066640046
Cell_3781	2	1	NA	3.04621946350376	0.569060585430053
Cell_3782	1	1	NA	0.673149266464393	-2.57188771905631
Cell_3783	3	1	NA	-0.503913839268378	9.07844245865673
Cell_3784	2	1	NA	4.00167331203797	2.16710329884898
Cell_3785	2	1	NA	4.17079101363458	1.79573860686811
Cell_3786	1	1	NA	-4.12791547289164	-3.97527779510194
Cell_3787	2	1	NA	1.4874303458112	-0.763188658016195
Cell_3788	1	1	NA	0.414528624106261	-1.89216504909489
Cell_3789	1	1	NA	-1.62933633848242	-3.0636967469788
Cell_3790	2	1	NA	3.38199196248579	2.29486775402358
Cell_3791	1	1	NA	-1.21641347653017	-1.01193728248269
Cell_3792	3	1	NA	3.28637221292345	6.3041734623897
Cell_3793	1	1	NA	-2.47689407379375	-3.73361745828219
Cell_3794	3	1	NA	-1.81507999122417	9.3341156078114
Cell_3795	2	1	NA	2.73799895102041	-1.0716742248
Cell_3796	3	1	NA	1.55732091252033	8.48159349508685
Cell_3797	1	1	NA	-0.687410275681221	-2.00554358206321
Cell_3798	1	1	NA	-1.02520740803971	-2.94215603918349
Cell_3799	3	1	NA	-1.85522463064927	9.38206855488833
Cell_3800	2	1	NA	3.0595897504012	1.01071681999764
Cell_3801	3	1	NA	-1.37630009182389	9.28443663027865
Cell_3802	1	1	NA	-4.06961810137629	-2.97845366240203
Cell_3803	1	1	NA	0.376089649794663	-1.75219330780008
Cell_3804	1	1	NA	-9.13713411229471	-3.96864855923971
Cell_3805	1	1	NA	0.695242616815257	-2.62376906173665
Cell_3806	1	1	NA	-2.00229383080797	-0.349260428237719
Cell_3807	1	1	NA	-2.08531975464863	-2.96660435096952
Cell_3808	3	1	NA	2.54863573624826	7.63782757613304
Cell_3809	3	1	NA	1.28690733734283	8.69493422683962
Cell_3810	1	1	NA	-5.69810799276437	-3.99945193503301
Cell_3811	3	1	NA	3.55063790825392	6.69836366178113
Cell_3812	2	1	NA	3.4659296444454	-0.0955789804799094
Cell_3813	1	1	NA	-2.74092242701779	-0.861870481254196
Cell_3814	1	1	NA	2.49161407969368	-3.17223827020529
Cell_3815	1	1	NA	-3.27014581417088	-3.35914107849792
Cell_3816	1	1	NA	0.0700671356062041	-1.74750348390633
Cell_3817	1	1	NA	-2.70304039405644	-2.84679721064997
Cell_3818	1	1	NA	-3.93616294113449	-2.87705726835205
Cell_3819	2	1	NA	2.54391699591016	2.31301816922193
Cell_3820	2	1	NA	3.56245388914557	1.3751571442366
Cell_3821	1	1	NA	1.17405053980799	-1.75541034681889
Cell_3822	3	1	NA	1.15006942246164	8.6292409635026
Cell_3823	1	1	NA	-1.62103931519132	-2.7785662508726
Cell_3824	1	1	NA	0.333531479578943	-4.35430570981413
Cell_3825	2	1	NA	3.56571667937641	2.71013619130668
Cell_3826	1	1	NA	-3.31661965339353	-2.48198821679692
Cell_3827	1	1	NA	-8.95121897005956	-4.13965473287385
Cell_3828	1	1	NA	-4.48140383260367	-3.45834865595121
Cell_3829	1	1	NA	-2.00548504624877	-0.717546318694423
Cell_3830	1	1	NA	-8.88353623974384	-3.65521002835158
Cell_3831	1	1	NA	-6.76474587511773	-3.90128482767897
Cell_3832	2	1	NA	2.08864301242628	1.0430657975764
Cell_3833	2	1	NA	3.63515466097416	3.52782595651638
Cell_3834	2	1	NA	2.18475167346724	0.984173348093143
Cell_3835	2	1	NA	3.49355205055258	3.82229650518164
Cell_3836	1	1	NA	-2.75552055588126	-2.85572337465993
Cell_3837	1	1	NA	-3.97067975231407	-3.0445327898791
Cell_3838	1	1	NA	1.27942560181758	-1.23883846335653
Cell_3839	1	1	NA	-5.73172803337207	-3.33505968626848
Cell_3840	2	1	NA	3.56589184512587	4.03677534449484
Cell_3841	1	1	NA	-0.693960916211907	-3.01518553429262
Cell_3842	3	1	NA	2.58341488961111	7.33550786193077
Cell_3843	1	1	NA	3.77108347713827	-8.00170225511225
Cell_3844	1	1	NA	-4.38076870560437	-4.18014439549923
Cell_3845	1	1	NA	-3.4906628772201	-2.49520215818256
Cell_3846	2	1	NA	1.90524471987878	-1.24602374123255
Cell_3847	1	1	NA	-1.61980261497065	-3.177985147997
Cell_3848	2	1	NA	3.70510171078885	2.69913483858255
Cell_3849	1	1	NA	-4.86963050811743	-4.14222370200036
Cell_3850	1	1	NA	0.357083556430479	-2.72386901282781
Cell_3851	2	1	NA	3.33928506507347	2.92757648805471
Cell_3852	2	1	NA	1.7759483192553	0.223094408655052
Cell_3853	1	1	NA	-6.47758320817783	-3.49982996957527
Cell_3854	1	1	NA	-1.70012250479818	-3.31842978169209
Cell_3855	3	1	NA	3.12957721709603	7.08869807503469
Cell_3856	2	1	NA	3.78961761130584	0.752466597186102
Cell_3857	1	1	NA	-2.76316909029803	-2.93592143482059
Cell_3858	1	1	NA	-2.7698501447684	-3.33253913219994
Cell_3859	2	1	NA	2.85765672537738	2.50667048341571
Cell_3860	1	1	NA	-8.99007215447094	-3.89206248234565
Cell_3861	1	1	NA	-6.65328273332953	-3.99864848744321
Cell_3862	1	1	NA	-5.77364989543873	-4.62328195895332
Cell_3863	1	1	NA	0.362834318407789	-0.470163610495947
Cell_3864	1	1	NA	0.79377470470191	-0.706171189502672
Cell_3865	2	1	NA	4.02820569236841	4.14772152830002
Cell_3866	3	1	NA	-1.85529164974625	9.3878862121082
Cell_3867	1	1	NA	-0.934129230121965	-4.73994314541633
Cell_3868	1	1	NA	-4.82811834465736	-3.75293478398436
Cell_3869	1	1	NA	-8.5175770798837	-3.67631019275838
Cell_3870	2	1	NA	3.85093213772667	1.67564523044956
Cell_3871	1	1	NA	-9.12716455366664	-4.1545173558418
Cell_3872	2	1	NA	3.43958450049031	2.87862239672892
Cell_3873	1	1	NA	-1.71013567459631	-0.291936455027195
Cell_3874	1	1	NA	-4.44841389172135	-4.48157336409989
Cell_3875	1	1	NA	-1.70486779646339	-0.487496016871456
Cell_3876	2	1	NA	3.95825448534531	3.59892493885542
Cell_3877	3	1	NA	2.24293947604181	7.77622109102816
Cell_3878	2	1	NA	4.08956904867465	4.54769390048582
Cell_3879	1	1	NA	-2.86358659986169	-4.36064481814889
Cell_3880	1	1	NA	0.556534435784594	-3.26998716645942
Cell_3881	3	1	NA	3.32652628041645	6.43333826357319
Cell_3882	2	1	NA	1.44984659253187	-0.411263369854754
Cell_3883	3	1	NA	3.54286290342164	6.47174493013011
Cell_3884	1	1	NA	-1.14057746336323	-2.88444707128418
Cell_3885	2	1	NA	2.3499633763567	-0.731437187576155
Cell_3886	2	1	NA	3.4670136764107	-0.296716476522068
Cell_3887	1	1	NA	-2.8460690241756	-3.19191019039522
Cell_3888	2	1	NA	2.33638783094411	-1.0618984305451
Cell_3889	1	1	NA	-8.36960917070591	-3.66698315994167
Cell_3890	1	1	NA	-5.13925009238227	-4.47160652829756
Cell_3891	1	1	NA	-0.672267674518903	-3.30348212917383
Cell_3892	1	1	NA	-1.23822451787775	-0.794526203665777
Cell_3893	3	1	NA	1.80697626229808	8.28982318230465
Cell_3894	1	1	NA	-1.7855418459976	-0.785139588070177
Cell_3895	3	1	NA	1.83975786467871	7.78749699601565
Cell_3896	1	1	NA	-2.59982546701071	-3.59581279502109
Cell_3897	2	1	NA	4.41845214970986	4.14656006619194
Cell_3898	1	1	NA	-1.61580818184975	-0.369013555643414
Cell_3899	2	1	NA	3.11540270344186	2.07945061448407
Cell_3900	3	1	NA	-1.29087401388422	9.26986017174602
Cell_3901	1	1	NA	-2.46274955764992	-2.13259061161911
Cell_3902	1	1	NA	-4.93215768036805	-4.2366637766148
Cell_3903	1	1	NA	0.591749533992434	-3.10724787264967
Cell_3904	1	1	NA	-6.50141026516637	-4.39271271253241
Cell_3905	2	1	NA	2.50323474091094	0.397986280220061
Cell_3906	1	1	NA	-1.28270232554829	-4.09386972813858
Cell_3907	2	1	NA	2.94650842505374	-0.861974521000848
Cell_3908	1	1	NA	-2.0651580891787	-2.71194295417694
Cell_3909	1	1	NA	-4.65847621429446	-3.41517059591059
Cell_3910	1	1	NA	-4.70527116791506	-4.10157552416208
Cell_3911	1	1	NA	-4.20242770451304	-3.08636175988625
Cell_3912	3	1	NA	2.83495726668243	7.09490409033948
Cell_3913	1	1	NA	0.849850767312069	-1.3476432495104
Cell_3914	1	1	NA	1.44216882387484	-3.20534914358673
Cell_3915	1	1	NA	1.42745020349975	-1.62902331190703
Cell_3916	1	1	NA	-1.9773550292117	-3.34275219807386
Cell_3917	1	1	NA	-2.33577930968018	-4.05792797128457
Cell_3918	1	1	NA	0.944434789937859	-2.08576654635667
Cell_3919	1	1	NA	-3.56103807225966	-3.03481955607699
Cell_3920	2	1	NA	1.61358513359673	0.459901416322504
Cell_3921	1	1	NA	-5.88405122651998	-4.71571634984517
Cell_3922	3	1	NA	-0.98123501028245	9.21301531153064
Cell_3923	3	1	NA	3.64543338641525	6.65316904373114
Cell_3924	2	1	NA	3.13171554877202	-0.573970245306934
Cell_3925	2	1	NA	3.80155757227092	4.67005133690992
Cell_3926	2	1	NA	3.06973510937345	2.59845413369395
Cell_3927	1	1	NA	-1.96692352819227	-0.937065385698925
Cell_3928	2	1	NA	1.65439678055561	0.499337643494164
Cell_3929	2	1	NA	2.61593530023769	2.08649468496708
Cell_3930	3	1	NA	2.42054662448395	7.51521938561418
Cell_3931	3	1	NA	0.888784178510251	8.54019869006673
Cell_3932	2	1	NA	3.95975947195796	4.98973555478581
Cell_3933	3	1	NA	2.43614187651581	7.45716439276832
Cell_3934	1	1	NA	1.73918970455807	-1.83613420224316
Cell_3935	1	1	NA	-3.081966037502	-3.40918286827722
Cell_3936	1	1	NA	-1.45081289578004	-2.64978501570553
Cell_3937	1	1	NA	-0.589834490220764	-1.34663235536615
Cell_3938	1	1	NA	2.91991679672576	-2.98936390011328
Cell_3939	1	1	NA	-1.52627140498386	-2.03147758095769
Cell_3940	1	1	NA	-4.90985492431237	-4.3704466606133
Cell_3941	1	1	NA	-8.38507717897767	-3.7112293828754
Cell_3942	1	1	NA	0.114873575302886	-1.77643102072844
Cell_3943	2	1	NA	3.46315528051724	4.56667379288479
Cell_3944	3	1	NA	2.00143484717396	7.97989173278946
Cell_3945	1	1	NA	-1.51069330464877	-1.29696957940858
Cell_3946	2	1	NA	4.16403572868754	2.43597851873142
Cell_3947	1	1	NA	-5.07580195666084	-3.48382376138975
Cell_3948	1	1	NA	-4.88909653979878	-4.54298264084534
Cell_3949	1	1	NA	-7.52506439334787	-4.09658634823794
Cell_3950	1	1	NA	-2.60288536551137	-3.11844467379101
Cell_3951	1	1	NA	1.76156683016745	-2.07262838327248
Cell_3952	2	1	NA	1.91575154836652	1.02800068456292
Cell_3953	1	1	NA	-3.69524847837658	-3.38322919792108
Cell_3954	1	1	NA	0.563680615543776	-4.26938810221233
Cell_3955	1	1	NA	-1.80088032207666	-1.23593398899066
Cell_3956	1	1	NA	-4.994675138188	-4.50780734191616
Cell_3957	1	1	NA	3.75081693729852	-8.00701922537163
Cell_3958	1	1	NA	-4.31513402171248	-4.12302765858361
Cell_3959	1	1	NA	0.833983122015308	-1.76738191516477
Cell_3960	1	1	NA	-0.994458356045455	-3.01905487851311
Cell_3961	1	1	NA	-4.36446418707979	-2.91276890856105
Cell_3962	1	1	NA	-2.11167089141421	-0.512029519801331
Cell_3963	1	1	NA	-2.43720321956407	-3.76840624108087
Cell_3964	1	1	NA	1.06610899824726	-0.346103027559415
Cell_3965	2	1	NA	3.76167892187992	3.99297392929486
Cell_3966	1	1	NA	1.00648238059115	-3.71210355686899
Cell_3967	3	1	NA	-1.14297732514386	9.21394358919746
Cell_3968	2	1	NA	3.94884399828045	3.76070635056613
Cell_3969	2	1	NA	3.33251376340265	-0.465543116100187
Cell_3970	3	1	NA	0.831560927178232	8.8575163954903
Cell_3971	1	1	NA	-1.28758691813997	-3.42655741340669
Cell_3972	3	1	NA	3.45219457911386	6.26063031796036
Cell_3973	1	1	NA	-1.9467897638436	-0.0680123727136529
Cell_3974	2	1	NA	3.83785676489758	4.65650325694928
Cell_3975	2	1	NA	1.83452726532369	1.40475574773972
Cell_3976	1	1	NA	-0.459706836266935	-2.60566217724963
Cell_3977	1	1	NA	-2.78529818444755	-2.59469751156794
Cell_3978	1	1	NA	-1.96470621500156	-2.68406366116851
Cell_3979	1	1	NA	0.390827798759017	-1.26344854704978
Cell_3980	2	1	NA	3.36884670420826	1.61117420815146
Cell_3981	1	1	NA	-9.01639504202167	-3.87910472043816
Cell_3982	2	1	NA	2.58825563426562	-0.399042756809133
Cell_3983	2	1	NA	4.03694122488365	3.07703153143726
Cell_3984	1	1	NA	-4.96752116887618	-4.58387283304212
Cell_3985	1	1	NA	-5.89066119764444	-4.08695787587619
Cell_3986	1	1	NA	-0.0598657471166479	-3.25834425929252
Cell_3987	2	1	NA	3.04942885128402	0.611377724004022
Cell_3988	2	1	NA	3.18030543711886	3.70695653128409
Cell_3989	3	1	NA	3.13982786610901	7.22187091552342
Cell_3990	1	1	NA	-3.95208485535565	-2.84068210672964
Cell_3991	3	1	NA	2.73727034196353	6.99589654706088
Cell_3992	2	1	NA	3.21334142279257	1.57982070549563
Cell_3993	2	1	NA	3.70248849317387	1.24482481048336
Cell_3994	1	1	NA	0.779513063846158	-2.89355244682163
Cell_3995	1	1	NA	-1.15848695656524	-1.45695573421403
Cell_3996	3	1	NA	2.35406953678496	7.63006322333944
Cell_3997	1	1	NA	1.04079003810765	-1.31693385297963
Cell_3998	2	1	NA	3.11837039201704	2.28779893308565
Cell_3999	1	1	NA	-4.83940000774887	-4.52396040365884
Cell_4000	1	1	NA	-1.51085689373255	-2.2851052373432
Cell_4001	2	1	NA	2.6723155476305	-0.402713027137229
Cell_4002	2	1	NA	2.08886999643679	0.98558765874884
Cell_4003	2	1	NA	2.19981006763844	-0.837818295112692
Cell_4004	2	1	NA	3.47836658463864	-0.100132105660304
Cell_4005	1	1	NA	-0.471383227673714	-1.25278812604381
Cell_4006	2	1	NA	3.10582212810923	1.44121156433279
Cell_4007	1	1	NA	-2.92693955734818	-1.97556023220478
Cell_4008	3	1	NA	0.229301172742527	8.82053453592041
Cell_4009	1	1	NA	-4.94271684958999	-3.78720886348024
Cell_4010	1	1	NA	-4.80278354630423	-4.54436601313819
Cell_4011	1	1	NA	-4.00839133370165	-3.05042158325556
Cell_4012	2	1	NA	1.33064792362218	-0.0483538327096972
Cell_4013	2	1	NA	3.39854805261638	3.28735116241231
Cell_4014	2	1	NA	4.03217963021657	2.88196301718461
Cell_4015	3	1	NA	0.455630784661598	8.83109521109658
Cell_4016	2	1	NA	3.09581673801579	-0.465920033816868
Cell_4017	3	1	NA	3.24120823675471	6.99241807020385
Cell_4018	1	1	NA	-1.3984547462738	-1.5020609864101
Cell_4019	1	1	NA	-1.02897034749748	0.522229820402821
Cell_4020	1	1	NA	-5.56267127933645	-3.93869427342922
Cell_4021	2	1	NA	3.56912178169268	4.7409472932853
Cell_4022	2	1	NA	2.44599987904764	0.854654931065524
Cell_4023	3	1	NA	4.11822319090939	5.72565337939277
Cell_4024	1	1	NA	-5.3009833199295	-4.07220828551505
Cell_4025	1	1	NA	-3.52377785814001	-3.88521716558204
Cell_4026	1	1	NA	-5.1401191413922	-3.25541024762805
Cell_4027	1	1	NA	-6.08960896463359	-3.96732467844798
Cell_4028	3	1	NA	0.659438958854742	8.84061462280181
Cell_4029	1	1	NA	-6.78973256737539	-4.24980474399865
Cell_4030	2	1	NA	3.83079684904152	1.52594198026335
Cell_4031	2	1	NA	3.58420273488763	-0.0382500086088682
Cell_4032	2	1	NA	3.82218613414378	1.55584056497663
Cell_4033	1	1	NA	-1.48340604271825	-1.39318615153834
Cell_4034	1	1	NA	-0.417941949089315	-1.85726768747422
Cell_4035	1	1	NA	0.467767282412274	-3.26546003507902
Cell_4036	2	1	NA	3.20235182066183	2.05515759237444
Cell_4037	3	1	NA	3.73194575929236	6.43048138083529
Cell_4038	3	1	NA	3.72389913713922	6.12048373783001
Cell_4039	1	1	NA	0.39225009172732	-4.35447533317882
Cell_4040	1	1	NA	-2.5675962457782	-0.785108151042175
Cell_4041	1	1	NA	1.46298286361748	-1.48617454251932
Cell_4042	1	1	NA	0.489986291292913	-0.368127556695533
Cell_4043	2	1	NA	3.95416845416897	5.01227338226263
Cell_4044	1	1	NA	0.483568523020498	-2.1039039653591
Cell_4045	3	1	NA	3.30553808558009	6.53808063643233
Cell_4046	1	1	NA	-2.20660930163608	-2.93220363245284
Cell_4047	1	1	NA	-4.38162889371317	-3.55774697929679
Cell_4048	1	1	NA	-8.61728937124412	-3.67757370045624
Cell_4049	1	1	NA	1.3622107983707	-1.23072231909606
Cell_4050	2	1	NA	2.35957032547689	0.792232606012254
Cell_4051	2	1	NA	2.43436474926214	-1.21521410762564
Cell_4052	2	1	NA	3.52000925368463	3.13050665524712
Cell_4053	2	1	NA	1.25744166201467	-0.216634426350353
Cell_4054	2	1	NA	3.28965903299596	3.54547037483918
Cell_4055	1	1	NA	-7.09453123257816	-4.57318351433216
Cell_4056	1	1	NA	-5.81489900144354	-4.10925492723921
Cell_4057	1	1	NA	2.94040447973248	-3.02553078840754
Cell_4058	2	1	NA	4.35804114468201	1.73008196978928
Cell_4059	1	1	NA	0.342350050345852	-0.630323736456199
Cell_4060	3	1	NA	-1.1624282658793	9.25388968286527
Cell_4061	3	1	NA	2.336160524584	7.77091713990019
Cell_4062	1	1	NA	-5.2176088913334	-4.11147630359817
Cell_4063	1	1	NA	0.393787750935535	-3.33555577802751
Cell_4064	2	1	NA	3.41748284677634	1.52372655351021
Cell_4065	1	1	NA	-0.265322286814731	-1.74431684781743
Cell_4066	1	1	NA	-3.95225649375405	-3.27904541759201
Cell_4067	1	1	NA	-5.92828849441763	-4.77254413418959
Cell_4068	1	1	NA	-1.69866258539116	-4.14610541243202
Cell_4069	2	1	NA	2.99773448677383	0.760218056379481
Cell_4070	2	1	NA	1.84552337163829	-1.28009635251535
Cell_4071	2	1	NA	3.76677941254576	3.93594015375669
Cell_4072	1	1	NA	-2.23331142938206	-2.59127496117021
Cell_4073	2	1	NA	3.12109362388324	2.5513752237267
Cell_4074	1	1	NA	-0.158323196964487	0.176736966745319
Cell_4075	1	1	NA	-4.59689259412909	-3.39187272606617
Cell_4076	1	1	NA	-1.06862986589766	-2.75339388311152
Cell_4077	1	1	NA	-4.76430937368455	-3.27560584198423
Cell_4078	2	1	NA	3.08194208391959	1.54566311035096
Cell_4079	2	1	NA	3.65469929718035	4.35211004730396
Cell_4080	1	1	NA	-3.25385601495137	-3.24686742860509
Cell_4081	2	1	NA	3.85587766528051	2.23069534336657
Cell_4082	2	1	NA	2.80206693006919	5.44962881028618
Cell_4083	1	1	NA	-2.25216337098273	-1.0911211125372
Cell_4084	2	1	NA	2.60941518271622	-0.218179927128294
Cell_4085	3	1	NA	3.28752188992594	5.97750071888366
Cell_4086	1	1	NA	-1.0758459899648	0.478093536722564
Cell_4087	2	1	NA	2.24962807281876	-0.257476765014853
Cell_4088	1	1	NA	-7.62221061142546	-3.70042481633688
Cell_4089	1	1	NA	-4.14213238804978	-4.34431297102594
Cell_4090	3	1	NA	2.24758115222848	7.30736016247264
Cell_4091	2	1	NA	3.82351202848774	3.52021235621362
Cell_4092	1	1	NA	-2.40599532674234	-2.10819355225846
Cell_4093	2	1	NA	4.14483032667292	3.48401519065445
Cell_4094	2	1	NA	1.6496433497548	-0.774524977665463
Cell_4095	1	1	NA	-5.22430317155921	-3.38563268424081
Cell_4096	2	1	NA	3.34786070324354	3.05895324375943
Cell_4097	2	1	NA	3.39993738979361	2.56184448012362
Cell_4098	1	1	NA	-1.40735313248699	-3.03906831319709
Cell_4099	2	1	NA	3.17924104446731	2.32301908031656
Cell_4100	2	1	NA	3.63198489171406	3.59478678904374
Cell_4101	2	1	NA	3.41019123920151	1.7026275911324
Cell_4102	1	1	NA	-8.47166560430163	-4.2980903374006
Cell_4103	1	1	NA	-0.97647839112038	-0.676558825553088
Cell_4104	3	1	NA	3.60156212003439	6.52300966146625
Cell_4105	1	1	NA	-0.941140391543406	-2.46423958173278
Cell_4106	1	1	NA	-1.92114061926883	-0.856109865559954
Cell_4107	2	1	NA	3.21354247066067	2.86073820640799
Cell_4108	2	1	NA	3.57131865147182	0.0861406982294287
Cell_4109	1	1	NA	3.79659317163983	-7.66264895742658
Cell_4110	1	1	NA	-2.89727167590878	-3.74663293375184
Cell_4111	2	1	NA	2.95249305369642	-0.799111617177684
Cell_4112	1	1	NA	-9.18271208427866	-4.05395114372005
Cell_4113	1	1	NA	-4.53981591013325	-3.97145487566868
Cell_4114	3	1	NA	2.72760610290982	7.42374452101907
Cell_4115	1	1	NA	0.314831214184043	-1.19346908223756
Cell_4116	1	1	NA	-7.16784427825086	-4.0447077417466
Cell_4117	1	1	NA	-1.02251295610814	0.461650733491618
Cell_4118	2	1	NA	5.00927032909312	3.71101250513578
Cell_4119	1	1	NA	3.81366791756663	-7.62211656047362
Cell_4120	2	1	NA	4.36562843282819	1.84065407023604
Cell_4121	1	1	NA	-4.70410777209804	-4.58002789420581
Cell_4122	2	1	NA	3.79087887565794	4.89008681940347
Cell_4123	1	1	NA	-1.80018707307084	-0.505048065902761
Cell_4124	2	1	NA	3.18777455389948	2.95993573662049
Cell_4125	1	1	NA	0.349700665028787	-3.35284006176128
Cell_4126	2	1	NA	3.89395648690642	5.64644823704467
Cell_4127	2	1	NA	3.85131612658097	0.748580159506469
Cell_4128	2	1	NA	3.74051120069805	4.07292374001525
Cell_4129	1	1	NA	-2.23404200114593	-3.50937490565754
Cell_4130	1	1	NA	-2.46266375758668	-3.30836333888304
Cell_4131	2	1	NA	1.98458044763899	-0.358945240071353
Cell_4132	1	1	NA	-5.33881821467649	-4.04975873304802
Cell_4133	1	1	NA	0.587212491491834	-3.09268579235792
Cell_4134	1	1	NA	-5.00909052039032	-3.84229845846712
Cell_4135	2	1	NA	2.46611639857311	0.193566190610853
Cell_4136	1	1	NA	-4.31930866782322	-4.3851789607582
Cell_4137	2	1	NA	3.59911708678584	0.521899874408783
Cell_4138	2	1	NA	4.29536022702996	3.39689569093216
Cell_4139	3	1	NA	1.68285154262871	7.96400682950144
Cell_4140	2	1	NA	1.37336243643537	-0.372176603917113
Cell_4141	1	1	NA	0.151257138876153	-2.17524689794556
Cell_4142	2	1	NA	2.73564342265554	2.6096653484521
Cell_4143	1	1	NA	-1.63372704425309	-0.685476380466587
Cell_4144	3	1	NA	0.520542502212207	8.82817407040544
Cell_4145	1	1	NA	-0.666034912595201	-2.12997529068941
Cell_4146	1	1	NA	-4.62986646046245	-4.28518938798272
Cell_4147	1	1	NA	-3.33216716874107	-3.71622216039345
Cell_4148	1	1	NA	-2.98166723210574	-2.09915041875768
Cell_4149	3	1	NA	2.79896834412721	6.1703032106586
Cell_4150	1	1	NA	-0.383265003114024	-1.28720321676607
Cell_4151	3	1	NA	2.82328940864892	7.19163098518326
Cell_4152	1	1	NA	-2.98900977040147	-3.5724310224835
Cell_4153	3	1	NA	1.06938560132062	8.71393781927789
Cell_4154	1	1	NA	-4.64345593197144	-3.69268539750028
Cell_4155	1	1	NA	0.877859388275919	-1.70518127192885
Cell_4156	2	1	NA	4.07840239693984	2.61993941903326
Cell_4157	2	1	NA	4.45775103335927	2.5423866642786
Cell_4158	2	1	NA	3.92812423692566	3.25478991710373
Cell_4159	2	1	NA	3.77936257206694	4.27233324041277
Cell_4160	1	1	NA	-0.975817993578879	-0.56513625011767
Cell_4161	1	1	NA	0.503827782085275	-0.715889308207913
Cell_4162	2	1	NA	3.0601721973152	1.74354362926043
Cell_4163	1	1	NA	-5.45473809239452	-3.51557043060519
Cell_4164	1	1	NA	-2.02145600042917	-3.43227730660648
Cell_4165	1	1	NA	-8.94658374505781	-3.8361841929971
Cell_4166	1	1	NA	0.0292902129322659	-3.18123510455581
Cell_4167	2	1	NA	4.41516951085433	2.44057705116345
Cell_4168	1	1	NA	-2.24575626567781	-2.64995308906988
Cell_4169	1	1	NA	-5.44599790937229	-4.05808358454296
Cell_4170	2	1	NA	3.31657042456373	2.24778948112959
Cell_4171	2	1	NA	4.27540315722079	5.38418397634525
Cell_4172	1	1	NA	-4.74590797647531	-3.460315735287
Cell_4173	1	1	NA	-5.77341904700892	-4.13518175568187
Cell_4174	2	1	NA	3.06843317846372	-0.297511162247679
Cell_4175	1	1	NA	3.75312294071404	-8.08477535186466
Cell_4176	1	1	NA	-8.43137207364991	-3.66004104893534
Cell_4177	3	1	NA	2.1761356536779	7.72229808438398
Cell_4178	2	1	NA	1.72790102046206	-0.653236859580314
Cell_4179	2	1	NA	3.16154333401453	-0.735237275462233
Cell_4180	1	1	NA	0.591091470681769	-2.56704427216135
Cell_4181	3	1	NA	0.876611365056459	8.75387150426007
Cell_4182	2	1	NA	1.38291893028374	0.308135093849303
Cell_4183	1	1	NA	-3.77220158342973	-2.51973241119087
Cell_4184	1	1	NA	0.507369220243765	-1.96755156169091
Cell_4185	1	1	NA	0.0777653578991908	-0.218707722177019
Cell_4186	1	1	NA	0.148474529964365	0.424276922074724
Cell_4187	2	1	NA	3.24502924414296	5.16965674549328
Cell_4188	2	1	NA	3.73156521371346	2.66869019492938
Cell_4189	1	1	NA	-7.24308637979844	-3.81810404787245
Cell_4190	1	1	NA	-8.59386787039415	-3.729052129962
Cell_4191	2	1	NA	2.86730364088817	0.0439057495153876
Cell_4192	2	1	NA	4.03479910613805	2.20588750838252
Cell_4193	3	1	NA	1.87515272589992	8.19565432566121
Cell_4194	1	1	NA	3.77314571646557	-8.04171666137743
Cell_4195	1	1	NA	-5.84504122021615	-4.19605052893388
Cell_4196	1	1	NA	-6.17895766198476	-4.58961168378968
Cell_4197	1	1	NA	-0.03832882779696	-1.75919925217363
Cell_4198	1	1	NA	-2.38969636811259	-3.14062535296953
Cell_4199	1	1	NA	0.732280769156704	-0.49258721586776
Cell_4200	1	1	NA	-9.04052251426509	-3.94549863939463
Cell_4201	1	1	NA	2.15570019865069	-2.70632602584489
Cell_4202	1	1	NA	-6.26044848246044	-4.5334638616966
Cell_4203	3	1	NA	-0.474289019913399	9.1149081614098
Cell_4204	1	1	NA	-1.90199107572272	-2.39537096663588
Cell_4205	1	1	NA	-8.61068447205327	-4.35582689892838
Cell_4206	1	1	NA	-6.6334203583827	-4.46085866714416
Cell_4207	2	1	NA	3.22020952924813	1.79931563436271
Cell_4208	1	1	NA	0.361637121460811	-1.62614375534344
Cell_4209	1	1	NA	-4.33074972868541	-4.42093685776348
Cell_4210	2	1	NA	2.74764693277534	-1.22213072045147
Cell_4211	3	1	NA	-0.0522301214266325	9.05381510051362
Cell_4212	1	1	NA	-8.8957646924335	-4.10450716485854
Cell_4213	1	1	NA	-5.3903500725342	-3.92596024207801
Cell_4214	1	1	NA	-5.48207258943047	-4.53010048834817
Cell_4215	1	1	NA	2.26043449867961	-2.53893133461532
Cell_4216	1	1	NA	1.6321053636101	-1.95878533222899
Cell_4217	1	1	NA	1.67430717926224	-1.77940712582565
Cell_4218	2	1	NA	1.84620338497674	0.737702963700292
Cell_4219	1	1	NA	-5.90846757178185	-3.51000476903544
Cell_4220	3	1	NA	3.40570815988156	5.96614338360036
Cell_4221	2	1	NA	3.50256650578059	2.44798088756793
Cell_4222	2	1	NA	3.72509100650216	4.72088977455614
Cell_4223	1	1	NA	-5.61322197804663	-3.53154862745509
Cell_4224	1	1	NA	-1.19704208970695	-4.8754221674219
Cell_4225	1	1	NA	-3.28076253868984	-3.44531570084108
Cell_4226	3	1	NA	1.53490921413494	8.4675903354622
Cell_4227	3	1	NA	-0.491090317802298	9.12070027336708
Cell_4228	2	1	NA	2.36353096045126	1.09573799018894
Cell_4229	2	1	NA	2.42693149233727	-0.415488837022351
Cell_4230	2	1	NA	5.17534094700307	3.50975302919927
Cell_4231	3	1	NA	2.15202895607965	8.06311445027986
Cell_4232	1	1	NA	-1.33279806193526	-1.94102479953324
Cell_4233	2	1	NA	3.88177540256352	5.11556298054537
Cell_4234	1	1	NA	-2.41780628288837	-2.05747680808511
Cell_4235	1	1	NA	-0.987692633456147	-0.910785003251911
Cell_4236	3	1	NA	1.72188126399796	8.01262325541404
Cell_4237	2	1	NA	2.24296384013114	0.676283876188115
Cell_4238	1	1	NA	-7.39381367452912	-4.30917371442765
Cell_4239	2	1	NA	3.75791904856509	4.00860092278089
Cell_4240	1	1	NA	0.765606259987102	-3.43781006202835
Cell_4241	1	1	NA	-5.91472719444186	-4.27108471493485
Cell_4242	1	1	NA	-1.84066636023085	-1.90879026456197
Cell_4243	1	1	NA	-5.48548299626726	-4.04429353702678
Cell_4244	2	1	NA	3.75334576198052	3.4511171445498
Cell_4245	2	1	NA	4.27033791084875	2.23658801312005
Cell_4246	1	1	NA	-2.47449330644513	-0.756052676270838
Cell_4247	2	1	NA	3.42554195957338	0.0896547610874839
Cell_4248	1	1	NA	-5.28256955044553	-3.59969100803134
Cell_4249	1	1	NA	-4.47137573816909	-3.52432101756076
Cell_4250	1	1	NA	-0.154543854036922	-1.733467152658
Cell_4251	1	1	NA	0.560835065639464	-3.19199434089491
Cell_4252	1	1	NA	-1.44687696970043	-0.484581291256701
Cell_4253	2	1	NA	2.05706610710207	-1.40328906217225
Cell_4254	1	1	NA	-3.25285732049895	-2.2667491099724
Cell_4255	1	1	NA	-1.96857757079314	-0.924480743200023
Cell_4256	2	1	NA	3.88056472579793	3.8219634085169
Cell_4257	3	1	NA	0.925752897190627	8.78516965730197
Cell_4258	2	1	NA	3.44541750816888	2.66596730324342
Cell_4259	1	1	NA	-1.55954734607948	-0.681456520071306
Cell_4260	1	1	NA	-4.7809036611549	-4.13480738406238
Cell_4261	1	1	NA	-6.31522436060677	-4.58024336976661
Cell_4262	2	1	NA	2.5351987223493	0.572604787499485
Cell_4263	2	1	NA	3.76034632205944	1.20903060840947
Cell_4264	3	1	NA	2.95640288954468	7.31568539970979
Cell_4265	1	1	NA	-3.57589753576492	-2.87011647580446
Cell_4266	1	1	NA	0.195155393350313	-0.754969684092087
Cell_4267	3	1	NA	-1.03980923091556	9.26717578370048
Cell_4268	3	1	NA	1.01616585027741	8.76976022852446
Cell_4269	1	1	NA	-7.31426719184474	-4.60789677839171
Cell_4270	2	1	NA	1.45399362338204	-0.498974312106904
Cell_4271	1	1	NA	1.60274242808054	-3.76277153192011
Cell_4272	1	1	NA	-8.1627246065661	-3.68581055540281
Cell_4273	2	1	NA	4.20695359658586	3.8228315464245
Cell_4274	3	1	NA	1.33231473568594	8.35604500256642
Cell_4275	2	1	NA	4.19938939855772	2.81578403079586
Cell_4276	2	1	NA	1.38389830775511	-0.96413891387098
Cell_4277	1	1	NA	1.55370499627324	-1.66318553976896
Cell_4278	1	1	NA	-1.48658216305582	-3.12480505550491
Cell_4279	1	1	NA	0.127002762086081	0.455129454099877
Cell_4280	3	1	NA	2.5036046131199	7.39721520262789
Cell_4281	1	1	NA	0.666555748201255	-0.282680073305346
Cell_4282	1	1	NA	-1.19217113302466	-4.22242516424622
Cell_4283	1	1	NA	4.19726826333236	0.0917509584077235
Cell_4284	1	1	NA	-0.732205146482559	-2.47444771431528
Cell_4285	1	1	NA	-1.0928203710905	-1.48067141266053
Cell_4286	2	1	NA	2.50956699258963	0.895534318771981
Cell_4287	1	1	NA	-5.30459522991677	-4.19653195496426
Cell_4288	3	1	NA	-1.86265444515541	9.39205929939443
Cell_4289	3	1	NA	-0.333990741218719	9.08927679044584
Cell_4290	2	1	NA	4.2285598011753	4.21321405069821
Cell_4291	1	1	NA	-1.39720098975734	-2.06696023345643
Cell_4292	1	1	NA	0.140598589402674	-0.413542110230468
Cell_4293	2	1	NA	3.13562309954092	0.284918104498596
Cell_4294	2	1	NA	3.7284514522704	1.06071190588283
Cell_4295	1	1	NA	-6.17671526836864	-3.58071748995841
Cell_4296	1	1	NA	-7.00654552175898	-4.01451259145599
Cell_4297	3	1	NA	-0.998112334950914	9.23114140297456
Cell_4298	2	1	NA	2.32515748697158	-1.3295249378176
Cell_4299	1	1	NA	-2.01419847786916	-0.570896071752449
Cell_4300	1	1	NA	-3.6047398606456	-2.42338989017053
Cell_4301	1	1	NA	-4.22667803811641	-2.91765335963898
Cell_4302	1	1	NA	-2.5754419594045	-2.85187402636639
Cell_4303	1	1	NA	-6.2651646004294	-4.00993874840499
Cell_4304	2	1	NA	1.69032821226452	0.640356988363475
Cell_4305	2	1	NA	3.7120964289622	1.76215710777238
Cell_4306	1	1	NA	3.69717443069191	-8.11480250537969
Cell_4307	1	1	NA	-2.40509929451421	-3.73049254649024
Cell_4308	2	1	NA	2.59699000199003	0.137086626763966
Cell_4309	2	1	NA	3.01257584048734	1.02114805947096
Cell_4310	1	1	NA	0.0711271514446197	-2.31442011430659
Cell_4311	1	1	NA	-5.66735892053934	-4.35222932449088
Cell_4312	3	1	NA	1.02022091490816	8.7096766823056
Cell_4313	1	1	NA	1.85948880252715	-2.72816147593762
Cell_4314	1	1	NA	-6.91918366478788	-3.70597070772377
Cell_4315	2	1	NA	3.44897538708005	2.20546493300682
Cell_4316	1	1	NA	-1.7018077603924	-2.85417052862934
Cell_4317	1	1	NA	-2.21953128446094	-3.42180470663613
Cell_4318	3	1	NA	1.53829925863702	7.95045157788787
Cell_4319	1	1	NA	-9.2915551217853	-4.22510864498501
Cell_4320	2	1	NA	2.23707223685434	-0.748253249936622
Cell_4321	1	1	NA	0.458891594106073	-2.5463703308922
Cell_4322	1	1	NA	-6.13458726284877	-3.59146360198695
Cell_4323	2	1	NA	3.87076447746237	3.7285242267859
Cell_4324	2	1	NA	1.58100661066068	0.987990947142157
Cell_4325	2	1	NA	1.88226604710363	-0.67672681974998
Cell_4326	1	1	NA	-3.08486798890178	-3.1268877119086
Cell_4327	2	1	NA	3.77952498520886	3.21597724374792
Cell_4328	2	1	NA	3.52434908473702	2.87451424514472
Cell_4329	2	1	NA	3.89972132530462	4.29717600995652
Cell_4330	2	1	NA	2.41181366751999	-1.03599616315181
Cell_4331	1	1	NA	0.0714489569801082	-1.77480656054239
Cell_4332	1	1	NA	-2.34676988724117	-1.93640665204933
Cell_4333	3	1	NA	2.1198839562673	8.10434574616898
Cell_4334	1	1	NA	-4.34974156367807	-4.01707362549497
Cell_4335	2	1	NA	3.70197613210996	3.70361302907907
Cell_4336	2	1	NA	4.37590872293416	1.80300449401179
Cell_4337	1	1	NA	-6.40802805268897	-3.90556697258761
Cell_4338	3	1	NA	-0.238633288297571	9.04866953229845
Cell_4339	3	1	NA	3.07818807045999	6.82680645460044
Cell_4340	1	1	NA	2.29349572226477	-2.71477613089042
Cell_4341	1	1	NA	1.37173715656806	-1.57225477874145
Cell_4342	1	1	NA	-1.86691792679808	-0.0851256184157348
Cell_4343	3	1	NA	1.06885387069315	8.69876421652406
Cell_4344	1	1	NA	-4.09407292697933	-3.03813544500245
Cell_4345	1	1	NA	-5.97015210815616	-4.23652362946457
Cell_4346	2	1	NA	3.98398244789833	2.16285159177042
Cell_4347	1	1	NA	-2.04764357397236	-4.19283722012428
Cell_4348	1	1	NA	-1.11874384312238	-1.90365276157209
Cell_4349	2	1	NA	3.47991950764604	2.04240312381376
Cell_4350	2	1	NA	1.76041030352631	-0.353950036146449
Cell_4351	1	1	NA	3.81519051700276	-7.86285417638522
Cell_4352	1	1	NA	-1.8124470369264	-2.3616211143673
Cell_4353	2	1	NA	3.22318698377787	-0.380364021595137
Cell_4354	3	1	NA	1.77560743452178	8.25398079924213
Cell_4355	1	1	NA	-2.44404710116362	-3.75532089777863
Cell_4356	1	1	NA	-4.48233887499632	-3.4362141648673
Cell_4357	3	1	NA	3.53045216347861	5.76501437074371
Cell_4358	1	1	NA	-0.810516916882844	-2.68338587502646
Cell_4359	1	1	NA	0.388387983531778	-2.34531818666716
Cell_4360	1	1	NA	-0.275814055332646	-0.894101151244722
Cell_4361	1	1	NA	-6.69191287127261	-4.26169886717126
Cell_4362	2	1	NA	3.52304299604736	4.84270268376272
Cell_4363	2	1	NA	1.88349361547704	0.869885987015267
Cell_4364	3	1	NA	1.7332351490261	8.18387554369333
Cell_4365	1	1	NA	0.235941977710032	-0.412474977969175
Cell_4366	2	1	NA	1.62736033971587	0.113402373682881
Cell_4367	1	1	NA	-0.08507311732548	0.205605177012686
Cell_4368	1	1	NA	0.603472257116176	-3.07162885024621
Cell_4369	1	1	NA	0.475203680464469	-3.11068474500796
Cell_4370	1	1	NA	-1.25702089162197	-3.48694250226593
Cell_4371	2	1	NA	2.25987302208301	-1.10957210911174
Cell_4372	1	1	NA	-1.09859882273334	-2.19657115202173
Cell_4373	1	1	NA	-5.65132196983695	-4.277759338472
Cell_4374	1	1	NA	-4.64617898710817	-4.49735118752013
Cell_4375	1	1	NA	-0.393112960434452	-2.81172480551479
Cell_4376	2	1	NA	2.67662577904309	-0.65380327376389
Cell_4377	2	1	NA	4.14866816020036	3.9680065457668
Cell_4378	1	1	NA	0.502131182204601	-4.03542380315421
Cell_4379	1	1	NA	-1.57469502799187	-3.28847788813498
Cell_4380	1	1	NA	0.232622410265368	-3.36615391406592
Cell_4381	1	1	NA	-1.06586001785694	-4.66081560587236
Cell_4382	1	1	NA	-7.54888726087024	-4.20084747116065
Cell_4383	3	1	NA	3.34127716579019	6.07565880277349
Cell_4384	2	1	NA	3.36959079475627	2.33079000780653
Cell_4385	1	1	NA	-1.80617860335324	-3.79614355122375
Cell_4386	2	1	NA	2.74313496748733	1.96211867755046
Cell_4387	1	1	NA	-0.216752529960779	-2.3980440379457
Cell_4388	2	1	NA	1.70056242010011	1.30054945208484
Cell_4389	1	1	NA	2.48262489935159	-3.15992646534889
Cell_4390	1	1	NA	-1.32812438827231	-2.57294383650822
Cell_4391	2	1	NA	3.16630253228482	5.05307923525681
Cell_4392	2	1	NA	4.11530743408755	2.34473043805354
Cell_4393	1	1	NA	0.877620703630785	-2.56385382816788
Cell_4394	1	1	NA	0.66479831484999	-1.48790218117685
Cell_4395	3	1	NA	2.64369527329465	7.00793953089864
Cell_4396	1	1	NA	-1.3850609700579	-2.08310743897014
Cell_4397	1	1	NA	4.27423740254189	0.075832147918016
Cell_4398	1	1	NA	-1.3387372898923	-1.80905228100317
Cell_4399	2	1	NA	2.14482428124829	-1.47457672899841
Cell_4400	1	1	NA	-1.68561400022424	-0.650449770647981
Cell_4401	2	1	NA	4.13748032644035	3.66170053145632
Cell_4402	1	1	NA	-1.03509714619785	-4.66952475454953
Cell_4403	3	1	NA	-1.71357658751228	9.35294628519834
Cell_4404	2	1	NA	2.63120647098597	0.0143630559794339
Cell_4405	1	1	NA	-1.82675001666547	-2.47698993640628
Cell_4406	2	1	NA	1.72064445197354	1.38753546268717
Cell_4407	1	1	NA	-3.63821818156259	-3.05802513343862
Cell_4408	2	1	NA	4.21545809996369	4.07590905925188
Cell_4409	2	1	NA	2.4955659379688	2.15863041402109
Cell_4410	2	1	NA	1.30216883658118	-0.444612347721772
Cell_4411	1	1	NA	-3.14415267278662	-2.44127363103164
Cell_4412	1	1	NA	-1.52533957320123	-3.73749782260871
Cell_4413	2	1	NA	2.58977761692576	0.474584213519684
Cell_4414	1	1	NA	-3.84057040739121	-3.08865144222336
Cell_4415	1	1	NA	-6.75547921026279	-3.97506660348752
Cell_4416	1	1	NA	2.43432380529656	-2.56837137956687
Cell_4417	1	1	NA	-1.42388155562532	-2.98259716061984
Cell_4418	3	1	NA	3.31375815211794	6.68918586955307
Cell_4419	2	1	NA	2.76238177520881	2.35410101037557
Cell_4420	2	1	NA	3.6889154698378	2.32289308426498
Cell_4421	1	1	NA	-4.47695908228408	-3.15147635927894
Cell_4422	1	1	NA	-4.17428360253318	-4.04137036149738
Cell_4423	1	1	NA	-5.74027354204746	-3.48521262452236
Cell_4424	2	1	NA	2.81055664304162	0.0600788169685004
Cell_4425	2	1	NA	3.88210930082811	4.41784843142133
Cell_4426	2	1	NA	1.86224570312128	0.143254386031372
Cell_4427	2	1	NA	2.66114724660488	0.324544142013656
Cell_4428	2	1	NA	3.83687955291151	4.51369842960569
Cell_4429	1	1	NA	3.79794470666889	-7.74180509562056
Cell_4430	1	1	NA	0.429886453784432	-2.47363445235632
Cell_4431	2	1	NA	3.06661409150134	4.82342739664378
Cell_4432	1	1	NA	-0.252506772069537	-1.63216139844706
Cell_4433	2	1	NA	2.60043363633504	-1.1814122557495
Cell_4434	1	1	NA	-1.77507711691424	-0.150697508990645
Cell_4435	1	1	NA	-7.90940959771348	-4.49902725379622
Cell_4436	1	1	NA	1.14194448642805	-0.820552998102595
Cell_4437	1	1	NA	-1.06483464854145	-2.72174392743491
Cell_4438	2	1	NA	3.74740296664092	3.59143055798454
Cell_4439	1	1	NA	-0.349995134596321	-2.71028305877381
Cell_4440	1	1	NA	0.595827722535925	-4.28147909409075
Cell_4441	3	1	NA	1.9907185880062	8.00866491114007
Cell_4442	2	1	NA	2.8927619573464	1.38941630243589
Cell_4443	3	1	NA	2.63242058921827	7.24268576297847
Cell_4444	2	1	NA	2.29506929901437	-0.880741156520712
Cell_4445	1	1	NA	-0.707422012304464	-1.5871518488637
Cell_4446	1	1	NA	-1.24688440473658	-2.60199949757148
Cell_4447	1	1	NA	-7.47812829696732	-4.12279138091081
Cell_4448	1	1	NA	0.660561180687477	-3.08221255884912
Cell_4449	1	1	NA	1.10359175622022	0.0519497601525359
Cell_4450	2	1	NA	3.8005059729362	4.80651424016383
Cell_4451	1	1	NA	-2.30695028542814	-3.02729451281961
Cell_4452	1	1	NA	-2.35344341912696	-0.768822158419775
Cell_4453	1	1	NA	2.51722700716059	-3.08140939765208
Cell_4454	1	1	NA	1.21457812375179	-0.644194891775083
Cell_4455	1	1	NA	-2.36478121745488	-0.798599666809178
Cell_4456	1	1	NA	-1.16594788466397	0.277714803678859
Cell_4457	2	1	NA	3.32872491561127	4.67636883129426
Cell_4458	2	1	NA	3.45119030663279	2.14243528036291
Cell_4459	1	1	NA	-1.85195153823848	-2.22331230061554
Cell_4460	1	1	NA	-1.66353507033243	-3.60623490285854
Cell_4461	1	1	NA	-2.78202325132041	-3.14708872781706
Cell_4462	2	1	NA	1.8292591352519	-0.845881780726115
Cell_4463	2	1	NA	4.0012586862213	2.20484258921211
Cell_4464	3	1	NA	2.04255635717057	7.89820327187945
Cell_4465	1	1	NA	-4.21636966794279	-4.14170130396146
Cell_4466	1	1	NA	-7.47635315470354	-4.21759114121297
Cell_4467	1	1	NA	-6.56829723039764	-3.65524549713148
Cell_4468	2	1	NA	4.27945744115504	2.81533342454309
Cell_4469	2	1	NA	3.2728339745506	0.557168911180414
Cell_4470	3	1	NA	3.0547814734139	5.83345695455772
Cell_4471	1	1	NA	1.07204770650427	-2.45382094131203
Cell_4472	2	1	NA	3.7504105400181	4.56762575206899
Cell_4473	1	1	NA	-5.6886893582917	-3.80894360856582
Cell_4474	2	1	NA	1.44556262748247	0.657655854359935
Cell_4475	1	1	NA	-3.83959791061802	-2.20466799399626
Cell_4476	1	1	NA	-1.38385841743924	0.183544532470305
Cell_4477	1	1	NA	-1.00519206807899	0.437977962971453
Cell_4478	2	1	NA	4.16127835827857	4.59232441649599
Cell_4479	1	1	NA	-0.621999267279005	-2.8686796128685
Cell_4480	1	1	NA	-3.74399947429569	-2.34367252166234
Cell_4481	1	1	NA	-6.16285895464791	-4.59668855908547
Cell_4482	1	1	NA	0.594831524674398	-2.58536926361577
Cell_4483	1	1	NA	-1.65523142521177	-3.00049287967909
Cell_4484	1	1	NA	0.803136248727614	-1.77015094783992
Cell_4485	2	1	NA	1.92862269624115	0.877008486713631
Cell_4486	1	1	NA	-3.72385479196789	-2.38735053763683
Cell_4487	1	1	NA	-0.780850930615022	-0.831908434589684
Cell_4488	1	1	NA	-1.0240292197227	0.205411559938715
Cell_4489	1	1	NA	-0.886885779842361	-4.69857009274626
Cell_4490	2	1	NA	4.33351038908689	4.37244020575974
Cell_4491	1	1	NA	-4.6799437789144	-3.10625666626888
Cell_4492	1	1	NA	-1.92901435275529	-0.00866091389376811
Cell_4493	1	1	NA	-0.872963765400011	-3.06958696579258
Cell_4494	3	1	NA	3.51527303566098	6.49684626258292
Cell_4495	2	1	NA	1.99664371542287	-0.0170846672289787
Cell_4496	1	1	NA	-1.02461805331896	-4.80704497666574
Cell_4497	1	1	NA	-0.78557384873299	-2.87796582468338
Cell_4498	2	1	NA	3.28595712464174	2.52637208039295
Cell_4499	1	1	NA	-2.74434974084256	-3.37696584128722
Cell_4500	1	1	NA	-1.17511577948399	-3.43424246969754
Cell_4501	2	1	NA	2.4571579964806	-1.1613737649687
Cell_4502	1	1	NA	-1.25180604037341	-3.10820532907623
Cell_4503	2	1	NA	3.70097495947249	5.11798565141948
Cell_4504	1	1	NA	-4.1145994179166	-3.0834578455455
Cell_4505	1	1	NA	-1.96323355034702	-0.460289969359017
Cell_4506	1	1	NA	1.14465305656163	-1.94185066056526
Cell_4507	2	1	NA	3.56715072448764	0.953855727708248
Cell_4508	2	1	NA	2.98518192849004	0.193245429922946
Cell_4509	3	1	NA	2.01235746713568	8.17508172407482
Cell_4510	2	1	NA	3.77141105335962	3.53517823772756
Cell_4511	1	1	NA	0.929293127082765	-1.6656069833291
